{"type":"FeatureCollection","features":[{"type":"Feature","properties":{"kind":"minor-water","name":"Glover Creek","ftype":558,"lengthKm":0.01,"hu8":"05110002","pid":"56288052"},"geometry":{"type":"MultiLineString","coordinates":[[[-85.86652,36.91863],[-85.86659,36.9187]]]}},{"type":"Feature","properties":{"kind":"minor-water","name":"West Fork Drakes Creek","ftype":558,"lengthKm":0.4,"hu8":"05110002","pid":"56291849"},"geometry":{"type":"MultiLineString","coordinates":[[[-86.51578,36.6812],[-86.51572,36.68272],[-86.51716,36.68446]]]}},{"type":"Feature","properties":{"kind":"minor-water","name":"West Fork Drakes Creek","ftype":460,"lengthKm":0.28,"hu8":"05110002","pid":"56294643"},"geometry":{"type":"MultiLineString","coordinates":[[[-86.4663,36.55631],[-86.46629,36.55738],[-86.46528,36.55778],[-86.46509,36.55828]]]}},{"type":"Feature","properties":{"kind":"minor-water","name":"Beaver Creek","ftype":460,"lengthKm":1.37,"hu8":"05110002","pid":"56286965"},"geometry":{"type":"MultiLineString","coordinates":[[[-85.72749,36.97742],[-85.7305,36.98025],[-85.73276,36.98113],[-85.73503,36.98269],[-85.73873,36.98422],[-85.73952,36.98484]]]}},{"type":"Feature","properties":{"kind":"minor-water","name":"Indian Creek","ftype":460,"lengthKm":0.94,"hu8":"05110002","pid":"56291060"},"geometry":{"type":"MultiLineString","coordinates":[[[-85.92718,36.69357],[-85.92823,36.69303],[-85.93082,36.69282],[-85.93218,36.69323],[-85.93403,36.69479],[-85.93421,36.69684]]]}},{"type":"Feature","properties":{"kind":"minor-water","name":"Salt Lick Creek","ftype":460,"lengthKm":0.61,"hu8":"05110002","pid":"56287718"},"geometry":{"type":"MultiLineString","coordinates":[[[-86.53862,36.9943],[-86.53852,36.99496],[-86.53968,36.9965],[-86.53955,36.99706],[-86.54063,36.998],[-86.54188,36.99857]]]}},{"type":"Feature","properties":{"kind":"minor-water","name":"White Oak Creek","ftype":460,"lengthKm":2.03,"hu8":"05110002","pid":"56286742"},"geometry":{"type":"MultiLineString","coordinates":[[[-85.75463,37.0094],[-85.75513,37.0096],[-85.75599,37.01071],[-85.75556,37.01165],[-85.75635,37.01186],[-85.75623,37.01234],[-85.75698,37.01261],[-85.75725,37.01379],[-85.75885,37.0149],[-85.75913,37.01585],[-85.75886,37.01645],[-85.75966,37.01642],[-85.76036,37.01812],[-85.76157,37.01882],[-85.76195,37.01956],[-85.76266,37.01953],[-85.76527,37.02155],[-85.76491,37.02277]]]}},{"type":"Feature","properties":{"kind":"minor-water","name":"Little Beaver Creek","ftype":460,"lengthKm":0.12,"hu8":"05110002","pid":"56286865"},"geometry":{"type":"MultiLineString","coordinates":[[[-86.01295,37.02142],[-86.0116,37.02164]]]}},{"type":"Feature","properties":{"kind":"minor-water","name":"Barren River","ftype":460,"lengthKm":0.26,"hu8":"05110002","pid":"56288299"},"geometry":{"type":"MultiLineString","coordinates":[[[-86.2563,36.94156],[-86.2575,36.94095],[-86.25892,36.94121]]]}},{"type":"Feature","properties":{"kind":"minor-water","name":"Nobob Creek","ftype":460,"lengthKm":1.64,"hu8":"05110002","pid":"56289140"},"geometry":{"type":"MultiLineString","coordinates":[[[-85.79642,36.85237],[-85.79755,36.85213],[-85.79884,36.85294],[-85.80104,36.85311],[-85.80274,36.85409],[-85.80472,36.85387],[-85.80637,36.85442],[-85.80764,36.85373],[-85.80913,36.85377],[-85.80914,36.85344],[-85.81132,36.85261],[-85.81261,36.85178]]]}},{"type":"Feature","properties":{"kind":"minor-water","name":"Tyree Branch","ftype":460,"lengthKm":0.97,"hu8":"05110002","pid":"56289837"},"geometry":{"type":"MultiLineString","coordinates":[[[-85.80697,36.79812],[-85.80623,36.79917],[-85.80446,36.79976],[-85.80387,36.80084],[-85.80494,36.80385],[-85.80631,36.80513]]]}},{"type":"Feature","properties":{"kind":"minor-water","name":"Coonfoot Branch","ftype":460,"lengthKm":0.83,"hu8":"05110002","pid":"56291225"},"geometry":{"type":"MultiLineString","coordinates":[[[-85.89119,36.6833],[-85.89156,36.68311],[-85.89142,36.68236],[-85.89284,36.68004],[-85.89384,36.67924],[-85.89485,36.67671]]]}},{"type":"Feature","properties":{"kind":"minor-water","name":"Barren River","ftype":558,"lengthKm":2.66,"hu8":"05110002","pid":"56286667"},"geometry":{"type":"MultiLineString","coordinates":[[[-86.57788,37.08476],[-86.57676,37.0883],[-86.57665,37.09179],[-86.57712,37.0958],[-86.57831,37.10119],[-86.57847,37.10446],[-86.58029,37.10821]]]}},{"type":"Feature","properties":{"kind":"minor-water","name":"Mays Branch","ftype":558,"lengthKm":0.01,"hu8":"05110002","pid":"56291792"},"geometry":{"type":"MultiLineString","coordinates":[[[-86.41912,36.67628],[-86.41905,36.67629]]]}},{"type":"Feature","properties":{"kind":"minor-water","name":"Beaver Creek","ftype":558,"lengthKm":1.58,"hu8":"05110002","pid":"56287033"},"geometry":{"type":"MultiLineString","coordinates":[[[-85.97402,37.00267],[-85.97461,37.00215],[-85.97827,37.00141],[-85.97825,36.99943],[-85.98059,36.99795],[-85.98337,36.99694],[-85.98779,36.99598]]]}},{"type":"Feature","properties":{"kind":"minor-water","name":"Barren River","ftype":558,"lengthKm":3.1,"hu8":"05110002","pid":"56288731"},"geometry":{"type":"MultiLineString","coordinates":[[[-86.1994,36.93565],[-86.20169,36.9352],[-86.20316,36.93416],[-86.20584,36.93292],[-86.20703,36.9315],[-86.20795,36.92968],[-86.20965,36.92837],[-86.21011,36.92737],[-86.21031,36.92507],[-86.20869,36.92232],[-86.20871,36.92051],[-86.20829,36.91929],[-86.20713,36.91806],[-86.20409,36.91697],[-86.20336,36.91434]]]}},{"type":"Feature","properties":{"kind":"minor-water","name":"Peter Creek","ftype":558,"lengthKm":0.07,"hu8":"05110002","pid":"56289508"},"geometry":{"type":"MultiLineString","coordinates":[[[-85.96412,36.83768],[-85.9635,36.83809]]]}},{"type":"Feature","properties":{"kind":"minor-water","name":"Boyds Creek","ftype":460,"lengthKm":0.14,"hu8":"05110002","pid":"56287697"},"geometry":{"type":"MultiLineString","coordinates":[[[-85.93571,36.94725],[-85.93644,36.94617]]]}},{"type":"Feature","properties":{"kind":"minor-water","name":"West Bays Fork","ftype":460,"lengthKm":1.63,"hu8":"05110002","pid":"56290935"},"geometry":{"type":"MultiLineString","coordinates":[[[-86.18835,36.72685],[-86.18963,36.72721],[-86.19076,36.73014],[-86.19195,36.73177],[-86.19108,36.73674],[-86.19008,36.73735],[-86.19007,36.73997]]]}},{"type":"Feature","properties":{"kind":"minor-water","name":"East Fork Barren River","ftype":460,"lengthKm":0.63,"hu8":"05110002","pid":"56290039"},"geometry":{"type":"MultiLineString","coordinates":[[[-85.66401,36.77112],[-85.66574,36.76985],[-85.66613,36.76859],[-85.66719,36.76853],[-85.66786,36.767]]]}},{"type":"Feature","properties":{"kind":"minor-water","name":"Sinking Creek","ftype":460,"lengthKm":1.14,"hu8":"05110002","pid":"56287189"},"geometry":{"type":"MultiLineString","coordinates":[[[-86.07418,36.99814],[-86.07635,36.99718],[-86.07981,36.99752],[-86.08078,36.99685],[-86.08092,36.99709],[-86.08243,36.99737],[-86.08341,36.9979],[-86.08376,36.99844],[-86.08555,36.99854]]]}},{"type":"Feature","properties":{"kind":"minor-water","name":"Trammel Creek","ftype":558,"lengthKm":0.03,"hu8":"05110002","pid":"2248c45d-68cc-4e03-bdea-5fa95e2a86c4"},"geometry":{"type":"MultiLineString","coordinates":[[[-86.32048,36.7979],[-86.32079,36.79794]]]}},{"type":"Feature","properties":{"kind":"minor-water","name":"Rough Creek","ftype":460,"lengthKm":0.09,"hu8":"05110002","pid":"56291366"},"geometry":{"type":"MultiLineString","coordinates":[[[-86.18717,36.69176],[-86.18809,36.69198]]]}},{"type":"Feature","properties":{"kind":"minor-water","name":"Barren River","ftype":558,"lengthKm":1.3,"hu8":"05110002","pid":"9500dd5d-526c-4d78-a607-d3b05209e074"},"geometry":{"type":"MultiLineString","coordinates":[[[-86.02504,36.70664],[-86.02507,36.70774],[-86.0267,36.71202],[-86.0272,36.71252],[-86.02842,36.71291],[-86.02869,36.71338],[-86.02814,36.7148],[-86.0271,36.71494],[-86.02584,36.71613]]]}},{"type":"Feature","properties":{"kind":"minor-water","name":"Reeves Creek","ftype":460,"lengthKm":0.47,"hu8":"05110002","pid":"56286398"},"geometry":{"type":"MultiLineString","coordinates":[[[-86.51687,37.10859],[-86.51904,37.10759],[-86.51891,37.1067],[-86.51995,37.10569]]]}},{"type":"Feature","properties":{"kind":"minor-water","name":"Hightower Creek","ftype":460,"lengthKm":2.58,"hu8":"05110002","pid":"56286470"},"geometry":{"type":"MultiLineString","coordinates":[[[-86.52926,37.11051],[-86.53046,37.11121],[-86.53079,37.11191],[-86.53196,37.11284],[-86.53389,37.1124],[-86.53491,37.11252],[-86.53822,37.11051],[-86.53951,37.10625],[-86.53858,37.10439],[-86.53923,37.1038],[-86.54064,37.1007],[-86.54006,37.09884],[-86.54027,37.09781],[-86.54108,37.0973]]]}},{"type":"Feature","properties":{"kind":"minor-water","name":"Sulphur Creek","ftype":460,"lengthKm":0.99,"hu8":"05110002","pid":"56289590"},"geometry":{"type":"MultiLineString","coordinates":[[[-86.22642,36.85161],[-86.22893,36.85369],[-86.22985,36.85382],[-86.23008,36.85431],[-86.23105,36.85473],[-86.23244,36.85622],[-86.23346,36.85804]]]}},{"type":"Feature","properties":{"kind":"minor-water","name":"Skaggs Creek","ftype":460,"lengthKm":0.41,"hu8":"05110002","pid":"56289647"},"geometry":{"type":"MultiLineString","coordinates":[[[-85.69188,36.80377],[-85.69335,36.80409],[-85.69644,36.80377]]]}},{"type":"Feature","properties":{"kind":"minor-water","name":"White Oak Creek","ftype":460,"lengthKm":0.1,"hu8":"05110002","pid":"56292982"},"geometry":{"type":"MultiLineString","coordinates":[[[-85.97931,36.59254],[-85.97845,36.59318]]]}},{"type":"Feature","properties":{"kind":"minor-water","name":"Webb Branch","ftype":460,"lengthKm":0.34,"hu8":"05110002","pid":"56293125"},"geometry":{"type":"MultiLineString","coordinates":[[[-86.43739,36.62438],[-86.43893,36.62719]]]}},{"type":"Feature","properties":{"kind":"minor-water","name":"Trace Creek","ftype":460,"lengthKm":0.42,"hu8":"05110002","pid":"56293386"},"geometry":{"type":"MultiLineString","coordinates":[[[-85.78137,36.56194],[-85.78218,36.56295],[-85.78185,36.56435],[-85.78217,36.56546]]]}},{"type":"Feature","properties":{"kind":"minor-water","name":"Barren River","ftype":558,"lengthKm":1.36,"hu8":"05110002","pid":"56286474"},"geometry":{"type":"MultiLineString","coordinates":[[[-86.49979,37.0945],[-86.50127,37.09509],[-86.5073,37.09514],[-86.51114,37.09565],[-86.51471,37.09474]]]}},{"type":"Feature","properties":{"kind":"minor-water","name":"Barren River","ftype":558,"lengthKm":0.56,"hu8":"05110002","pid":"56288021"},"geometry":{"type":"MultiLineString","coordinates":[[[-86.26268,36.95544],[-86.26301,36.95493],[-86.26464,36.95403],[-86.26814,36.95342]]]}},{"type":"Feature","properties":{"kind":"minor-water","name":"Walnut Creek","ftype":460,"lengthKm":0.28,"hu8":"05110002","pid":"56290102"},"geometry":{"type":"MultiLineString","coordinates":[[[-86.09534,36.79848],[-86.09259,36.79962]]]}},{"type":"Feature","properties":{"kind":"minor-water","name":"Salt Lick Creek","ftype":558,"lengthKm":0.41,"hu8":"05110002","pid":"56291939"},"geometry":{"type":"MultiLineString","coordinates":[[[-85.90893,36.62856],[-85.90736,36.62862],[-85.90605,36.62697],[-85.90553,36.62674]]]}},{"type":"Feature","properties":{"kind":"minor-water","name":"Salt Lick Creek","ftype":558,"lengthKm":0.3,"hu8":"05110002","pid":"56292378"},"geometry":{"type":"MultiLineString","coordinates":[[[-85.88738,36.6062],[-85.88648,36.60752],[-85.88663,36.60873]]]}},{"type":"Feature","properties":{"kind":"minor-water","name":"South Fork Beaver Creek","ftype":460,"lengthKm":0.91,"hu8":"05110002","pid":"56286887"},"geometry":{"type":"MultiLineString","coordinates":[[[-85.86443,37.00738],[-85.86622,37.00787],[-85.86856,37.00954],[-85.87054,37.00968],[-85.87261,37.00912],[-85.87361,37.0093]]]}},{"type":"Feature","properties":{"kind":"minor-water","name":"Puncheon Creek","ftype":460,"lengthKm":0.3,"hu8":"05110002","pid":"56291593"},"geometry":{"type":"MultiLineString","coordinates":[[[-86.00109,36.6576],[-86.00025,36.65846],[-86.00049,36.66004]]]}},{"type":"Feature","properties":{"kind":"minor-water","name":"Clear Fork Creek","ftype":460,"lengthKm":0.36,"hu8":"05110002","pid":"56289080"},"geometry":{"type":"MultiLineString","coordinates":[[[-86.64174,36.92405],[-86.64335,36.92546],[-86.64331,36.92596],[-86.64371,36.92628],[-86.64349,36.92657]]]}},{"type":"Feature","properties":{"kind":"minor-water","name":"Slickrock Branch","ftype":460,"lengthKm":0.86,"hu8":"05110002","pid":"56290784"},"geometry":{"type":"MultiLineString","coordinates":[[[-85.91418,36.72545],[-85.91288,36.72413],[-85.91308,36.72229],[-85.91345,36.72177],[-85.91231,36.72104],[-85.91179,36.71961],[-85.91191,36.71863]]]}},{"type":"Feature","properties":{"kind":"minor-water","name":"Salt Lick Creek","ftype":460,"lengthKm":0.38,"hu8":"05110002","pid":"56293922"},"geometry":{"type":"MultiLineString","coordinates":[[[-85.85867,36.54857],[-85.85702,36.55098],[-85.85698,36.55165]]]}},{"type":"Feature","properties":{"kind":"minor-water","name":"Goose Creek","ftype":460,"lengthKm":1.65,"hu8":"05110002","pid":"56289621"},"geometry":{"type":"MultiLineString","coordinates":[[[-85.7046,36.81828],[-85.70494,36.8177],[-85.70484,36.81662],[-85.70517,36.81618],[-85.70575,36.81617],[-85.70583,36.81558],[-85.70531,36.81474],[-85.7056,36.81317],[-85.70625,36.81253],[-85.70787,36.81184],[-85.7092,36.81032],[-85.70979,36.80908],[-85.70975,36.80854],[-85.70915,36.80834],[-85.70945,36.80698],[-85.7092,36.80646],[-85.70962,36.806]]]}},{"type":"Feature","properties":{"kind":"minor-water","name":"Clifty Creek","ftype":460,"lengthKm":0.78,"hu8":"05110002","pid":"56294058"},"geometry":{"type":"MultiLineString","coordinates":[[[-86.1354,36.56575],[-86.13461,36.56709],[-86.13388,36.56759],[-86.13339,36.57059],[-86.13189,36.57185]]]}},{"type":"Feature","properties":{"kind":"minor-water","name":"Gasper River","ftype":558,"lengthKm":0.64,"hu8":"05110002","pid":"56287262"},"geometry":{"type":"MultiLineString","coordinates":[[[-86.60633,37.03274],[-86.6085,37.03319],[-86.60926,37.03377],[-86.6089,37.03554],[-86.60778,37.03658]]]}},{"type":"Feature","properties":{"kind":"minor-water","name":"Long Creek","ftype":558,"lengthKm":0.56,"hu8":"05110002","pid":"56291404"},"geometry":{"type":"MultiLineString","coordinates":[[[-86.09511,36.68171],[-86.09585,36.68254],[-86.09394,36.6847],[-86.09321,36.68501],[-86.09325,36.68574]]]}},{"type":"Feature","properties":{"kind":"minor-water","name":"Barren River","ftype":558,"lengthKm":0.78,"hu8":"05110002","pid":"56291423"},"geometry":{"type":"MultiLineString","coordinates":[[[-85.83573,36.66002],[-85.83672,36.65913],[-85.83892,36.65899],[-85.84068,36.65933],[-85.84235,36.65893],[-85.84288,36.65852],[-85.84362,36.65873]]]}},{"type":"Feature","properties":{"kind":"minor-water","name":"Drakes Creek","ftype":558,"lengthKm":0.48,"hu8":"05110002","pid":"56287769"},"geometry":{"type":"MultiLineString","coordinates":[[[-86.37882,36.97727],[-86.37988,36.97791],[-86.37846,36.97868],[-86.37623,36.9782]]]}},{"type":"Feature","properties":{"kind":"minor-water","name":"Little Beaver Creek","ftype":460,"lengthKm":0.4,"hu8":"05110002","pid":"56286949"},"geometry":{"type":"MultiLineString","coordinates":[[[-86.01693,37.01092],[-86.01717,37.01449]]]}},{"type":"Feature","properties":{"kind":"minor-water","name":"Little Muddy Creek","ftype":460,"lengthKm":0.04,"hu8":"05110002","pid":"56287119"},"geometry":{"type":"MultiLineString","coordinates":[[[-86.68062,37.04975],[-86.68016,37.04991]]]}},{"type":"Feature","properties":{"kind":"minor-water","name":"Belcher Creek","ftype":460,"lengthKm":1.56,"hu8":"05110002","pid":"56287143"},"geometry":{"type":"MultiLineString","coordinates":[[[-86.66147,37.04728],[-86.66065,37.04737],[-86.65993,37.04685],[-86.65934,37.04697],[-86.65631,37.04595],[-86.65285,37.04652],[-86.65188,37.04566],[-86.65056,37.04643],[-86.64918,37.04629],[-86.6476,37.04495],[-86.64599,37.04494]]]}},{"type":"Feature","properties":{"kind":"minor-water","name":"Ivy Branch","ftype":460,"lengthKm":0.3,"hu8":"05110002","pid":"56287823"},"geometry":{"type":"MultiLineString","coordinates":[[[-86.5665,36.98999],[-86.56911,36.99165]]]}},{"type":"Feature","properties":{"kind":"minor-water","name":"Falling Timber Creek","ftype":460,"lengthKm":1.07,"hu8":"05110002","pid":"56287855"},"geometry":{"type":"MultiLineString","coordinates":[[[-85.70796,36.91789],[-85.70703,36.91797],[-85.70523,36.91931],[-85.7023,36.92017],[-85.70019,36.922],[-85.70035,36.92393]]]}},{"type":"Feature","properties":{"kind":"minor-water","name":"Puncheon Creek","ftype":460,"lengthKm":0.55,"hu8":"05110002","pid":"56292716"},"geometry":{"type":"MultiLineString","coordinates":[[[-86.01283,36.60437],[-86.01255,36.60549],[-86.01293,36.60636],[-86.01376,36.60736],[-86.01541,36.60838]]]}},{"type":"Feature","properties":{"kind":"minor-water","name":"Trace Creek","ftype":460,"lengthKm":0.29,"hu8":"05110002","pid":"56293031"},"geometry":{"type":"MultiLineString","coordinates":[[[-85.78061,36.57434],[-85.78013,36.5759],[-85.7803,36.57686]]]}},{"type":"Feature","properties":{"kind":"minor-water","name":"Line Creek","ftype":460,"lengthKm":0.27,"hu8":"05110002","pid":"56291774"},"geometry":{"type":"MultiLineString","coordinates":[[[-85.66118,36.61394],[-85.66349,36.61555]]]}},{"type":"Feature","properties":{"kind":"minor-water","name":"Dry Branch","ftype":460,"lengthKm":3.65,"hu8":"05110002","pid":"56291947"},"geometry":{"type":"MultiLineString","coordinates":[[[-86.48177,36.67861],[-86.48221,36.67891],[-86.48524,36.67876],[-86.48582,36.6785],[-86.48694,36.6788],[-86.48729,36.67865],[-86.48704,36.67832],[-86.48739,36.67803],[-86.48805,36.6782],[-86.4896,36.67747],[-86.49045,36.67781],[-86.49179,36.67755],[-86.49256,36.67706],[-86.49692,36.67653],[-86.49785,36.67581],[-86.49897,36.67623],[-86.50111,36.6764],[-86.50217,36.67687],[-86.50282,36.67644],[-86.50403,36.67642],[-86.50538,36.67585],[-86.50609,36.67578],[-86.5066,36.67609],[-86.50719,36.67578],[-86.50959,36.67576],[-86.51007,36.67618],[-86.51238,36.6763],[-86.51491,36.67832],[-86.51522,36.68003],[-86.51621,36.68064]]]}},{"type":"Feature","properties":{"kind":"minor-water","name":"Simmons Branch","ftype":460,"lengthKm":0.51,"hu8":"05110002","pid":"56293815"},"geometry":{"type":"MultiLineString","coordinates":[[[-86.23118,36.58416],[-86.22864,36.58575],[-86.22703,36.58725]]]}},{"type":"Feature","properties":{"kind":"minor-water","name":"Gasper River","ftype":558,"lengthKm":2.58,"hu8":"05110002","pid":"56286805"},"geometry":{"type":"MultiLineString","coordinates":[[[-86.56988,37.07305],[-86.57187,37.07091],[-86.57252,37.07091],[-86.57306,37.07132],[-86.57333,37.07191],[-86.57305,37.07323],[-86.57006,37.07868],[-86.5703,37.07996],[-86.57114,37.08082],[-86.57206,37.08093],[-86.57324,37.08044],[-86.57743,37.07623],[-86.57982,37.07676]]]}},{"type":"Feature","properties":{"kind":"minor-water","name":"Barren River","ftype":558,"lengthKm":4.69,"hu8":"05110002","pid":"56287476"},"geometry":{"type":"MultiLineString","coordinates":[[[-86.39437,36.99016],[-86.3952,36.99379],[-86.39476,36.99796],[-86.39488,37.00359],[-86.39448,37.0058],[-86.39494,37.00637],[-86.3966,37.00709],[-86.40181,37.00813],[-86.40466,37.00814],[-86.40691,37.00773],[-86.41626,37.00373],[-86.42109,37.00018],[-86.42335,36.99903]]]}},{"type":"Feature","properties":{"kind":"minor-water","name":"Canoe Creek","ftype":558,"lengthKm":1.43,"hu8":"05110002","pid":"56289972"},"geometry":{"type":"MultiLineString","coordinates":[[[-86.04619,36.81208],[-86.04742,36.80906],[-86.0589,36.80599]]]}},{"type":"Feature","properties":{"kind":"minor-water","name":"West Fork Drakes Creek","ftype":558,"lengthKm":0.93,"hu8":"05110002","pid":"56290368"},"geometry":{"type":"MultiLineString","coordinates":[[[-86.52684,36.80864],[-86.52034,36.80781],[-86.5195,36.8082],[-86.51757,36.80997]]]}},{"type":"Feature","properties":{"kind":"minor-water","name":"West Fork Drakes Creek","ftype":558,"lengthKm":0.51,"hu8":"05110002","pid":"56290810"},"geometry":{"type":"MultiLineString","coordinates":[[[-86.54562,36.76811],[-86.54562,36.7687],[-86.54454,36.77],[-86.54327,36.76977],[-86.54194,36.76894]]]}},{"type":"Feature","properties":{"kind":"minor-water","name":"Salt Lick Creek","ftype":558,"lengthKm":0.03,"hu8":"05110002","pid":"56292128"},"geometry":{"type":"MultiLineString","coordinates":[[[-85.90018,36.61654],[-85.90032,36.6168]]]}},{"type":"Feature","properties":{"kind":"minor-water","name":"Long Fork","ftype":558,"lengthKm":0.32,"hu8":"05110002","pid":"56294570"},"geometry":{"type":"MultiLineString","coordinates":[[[-85.93503,36.51776],[-85.93591,36.51902],[-85.93721,36.52004]]]}},{"type":"Feature","properties":{"kind":"minor-water","name":"Puncheon Creek","ftype":460,"lengthKm":0.7,"hu8":"05110002","pid":"56291415"},"geometry":{"type":"MultiLineString","coordinates":[[[-86.00027,36.67133],[-85.99987,36.67173],[-86.00015,36.67214],[-85.99743,36.67332],[-85.99658,36.67441],[-85.99476,36.67505]]]}},{"type":"Feature","properties":{"kind":"minor-water","name":"Long Branch","ftype":460,"lengthKm":2.37,"hu8":"05110002","pid":"56291457"},"geometry":{"type":"MultiLineString","coordinates":[[[-85.74909,36.64793],[-85.75109,36.64862],[-85.7523,36.64945],[-85.75262,36.65015],[-85.75421,36.65071],[-85.75483,36.6517],[-85.75632,36.65255],[-85.75729,36.65476],[-85.75724,36.65568],[-85.75882,36.65704],[-85.75975,36.65865],[-85.76036,36.66056],[-85.76035,36.662],[-85.76368,36.66389]]]}},{"type":"Feature","properties":{"kind":"minor-water","name":"Cable Branch","ftype":460,"lengthKm":1.8,"hu8":"05110002","pid":"56290437"},"geometry":{"type":"MultiLineString","coordinates":[[[-85.75996,36.75219],[-85.75873,36.75086],[-85.75766,36.74879],[-85.75738,36.74747],[-85.7561,36.74633],[-85.75552,36.74339],[-85.75432,36.74273],[-85.7543,36.7421],[-85.7538,36.74168],[-85.75359,36.73984],[-85.75473,36.73852],[-85.75447,36.73793]]]}},{"type":"Feature","properties":{"kind":"minor-water","name":"Sugar Creek","ftype":460,"lengthKm":1.95,"hu8":"05110002","pid":"56290999"},"geometry":{"type":"MultiLineString","coordinates":[[[-85.81612,36.70408],[-85.81682,36.70152],[-85.81641,36.69891],[-85.81716,36.69704],[-85.81704,36.69554],[-85.81886,36.69046],[-85.8204,36.68936],[-85.82145,36.68908],[-85.82266,36.68922]]]}},{"type":"Feature","properties":{"kind":"minor-water","name":"Sinking Creek","ftype":460,"lengthKm":0.27,"hu8":"05110002","pid":"56291201"},"geometry":{"type":"MultiLineString","coordinates":[[[-86.61668,36.73753],[-86.61963,36.73712]]]}},{"type":"Feature","properties":{"kind":"minor-water","name":"Jacks Hollowk Branch","ftype":460,"lengthKm":1.12,"hu8":"05110002","pid":"56290906"},"geometry":{"type":"MultiLineString","coordinates":[[[-86.15603,36.72667],[-86.15826,36.72949],[-86.16343,36.73284],[-86.16503,36.73342]]]}},{"type":"Feature","properties":{"kind":"minor-water","name":"Nobob Creek","ftype":460,"lengthKm":0.56,"hu8":"05110002","pid":"56288959"},"geometry":{"type":"MultiLineString","coordinates":[[[-85.74106,36.85977],[-85.742,36.86023],[-85.743,36.85995],[-85.74468,36.8608],[-85.74681,36.86073]]]}},{"type":"Feature","properties":{"kind":"minor-water","name":"Wiggington Creek","ftype":460,"lengthKm":0.53,"hu8":"05110002","pid":"56289553"},"geometry":{"type":"MultiLineString","coordinates":[[[-86.77028,36.89816],[-86.77015,36.89856],[-86.77071,36.8994],[-86.76987,36.89964],[-86.76994,36.9004],[-86.7692,36.9022]]]}},{"type":"Feature","properties":{"kind":"minor-water","name":"Hams Branch","ftype":460,"lengthKm":1.04,"hu8":"05110002","pid":"56290716"},"geometry":{"type":"MultiLineString","coordinates":[[[-86.38115,36.7634],[-86.38137,36.76484],[-86.38229,36.76691],[-86.38276,36.77],[-86.38212,36.77138],[-86.38153,36.77175],[-86.38091,36.77167]]]}},{"type":"Feature","properties":{"kind":"minor-water","name":"Little Trace Creek","ftype":460,"lengthKm":0.37,"hu8":"05110002","pid":"56292574"},"geometry":{"type":"MultiLineString","coordinates":[[[-85.73192,36.58573],[-85.7335,36.5871],[-85.73511,36.58777]]]}},{"type":"Feature","properties":{"kind":"minor-water","name":"Coonfoot Branch","ftype":460,"lengthKm":1.52,"hu8":"05110002","pid":"56291141"},"geometry":{"type":"MultiLineString","coordinates":[[[-85.88023,36.69317],[-85.88123,36.69142],[-85.88272,36.69001],[-85.88358,36.68979],[-85.88448,36.68867],[-85.88847,36.68674],[-85.89119,36.6833]]]}},{"type":"Feature","properties":{"kind":"minor-water","name":"Line Creek","ftype":460,"lengthKm":0.29,"hu8":"05110002","pid":"56291702"},"geometry":{"type":"MultiLineString","coordinates":[[[-85.66998,36.6207],[-85.67035,36.62083],[-85.67284,36.61973]]]}},{"type":"Feature","properties":{"kind":"minor-water","name":"Trace Creek","ftype":460,"lengthKm":1.01,"hu8":"05110002","pid":"56292816"},"geometry":{"type":"MultiLineString","coordinates":[[[-85.7811,36.5808],[-85.78019,36.58253],[-85.77783,36.58473],[-85.77748,36.58593],[-85.7775,36.58899]]]}},{"type":"Feature","properties":{"kind":"minor-water","name":"Salt Lick Creek","ftype":460,"lengthKm":0.01,"hu8":"05110002","pid":"56293484"},"geometry":{"type":"MultiLineString","coordinates":[[[-85.86973,36.56557],[-85.86977,36.56562]]]}},{"type":"Feature","properties":{"kind":"minor-water","name":"Sulphur Fork Creek","ftype":460,"lengthKm":4.22,"hu8":"05110002","pid":"56294057"},"geometry":{"type":"MultiLineString","coordinates":[[[-86.36451,36.56082],[-86.36828,36.565],[-86.36919,36.56659],[-86.36791,36.56867],[-86.3676,36.57147],[-86.36768,36.57332],[-86.36811,36.57434],[-86.36775,36.57538],[-86.36889,36.57569],[-86.36892,36.57631],[-86.36982,36.57713],[-86.37053,36.57844],[-86.37257,36.57933],[-86.37394,36.58104],[-86.37426,36.58415],[-86.37593,36.58688],[-86.37581,36.58831],[-86.37635,36.58906],[-86.37731,36.5894],[-86.37771,36.5901],[-86.37743,36.59235],[-86.3785,36.5937]]]}},{"type":"Feature","properties":{"kind":"minor-water","name":"Long Fork","ftype":460,"lengthKm":0.2,"hu8":"05110002","pid":"56294591"},"geometry":{"type":"MultiLineString","coordinates":[[[-85.93419,36.51614],[-85.93503,36.51776]]]}},{"type":"Feature","properties":{"kind":"minor-water","name":"Trammel Creek","ftype":460,"lengthKm":1.26,"hu8":"05110002","pid":"56291547"},"geometry":{"type":"MultiLineString","coordinates":[[[-86.21607,36.68002],[-86.21656,36.68109],[-86.21613,36.68248],[-86.21636,36.68358],[-86.21811,36.68615],[-86.21779,36.68728],[-86.21867,36.68792],[-86.22028,36.68829],[-86.22131,36.6893]]]}},{"type":"Feature","properties":{"kind":"minor-water","name":"Boyds Creek","ftype":558,"lengthKm":0.03,"hu8":"05110002","pid":"00166923-5812-4a15-a6d4-21e4073b5980"},"geometry":{"type":"MultiLineString","coordinates":[[[-85.87646,36.96637],[-85.87675,36.96652]]]}},{"type":"Feature","properties":{"kind":"minor-water","name":"Doty Creek","ftype":460,"lengthKm":1.38,"hu8":"05110002","pid":"56287398"},"geometry":{"type":"MultiLineString","coordinates":[[[-86.17878,36.98711],[-86.18048,36.98768],[-86.18126,36.98763],[-86.18198,36.98814],[-86.18307,36.98728],[-86.18469,36.98722],[-86.1864,36.98762],[-86.18698,36.98928],[-86.18875,36.9909],[-86.18884,36.99154],[-86.18829,36.99252]]]}},{"type":"Feature","properties":{"kind":"minor-water","name":"Ivy Branch","ftype":460,"lengthKm":0.87,"hu8":"05110002","pid":"56287990"},"geometry":{"type":"MultiLineString","coordinates":[[[-86.54507,36.97724],[-86.5461,36.97767],[-86.54711,36.97928],[-86.54996,36.98118],[-86.55086,36.98322]]]}},{"type":"Feature","properties":{"kind":"minor-water","name":"Crooked Run","ftype":460,"lengthKm":0.21,"hu8":"05110002","pid":"56289275"},"geometry":{"type":"MultiLineString","coordinates":[[[-86.70676,36.91359],[-86.70632,36.91428],[-86.70658,36.91449],[-86.70579,36.91504]]]}},{"type":"Feature","properties":{"kind":"minor-water","name":"Little Trammel Creek","ftype":460,"lengthKm":0.16,"hu8":"05110002","pid":"56291656"},"geometry":{"type":"MultiLineString","coordinates":[[[-86.24926,36.67071],[-86.24885,36.67213]]]}},{"type":"Feature","properties":{"kind":"minor-water","name":"Wiggington Creek","ftype":460,"lengthKm":0.68,"hu8":"05110002","pid":"56289309"},"geometry":{"type":"MultiLineString","coordinates":[[[-86.74721,36.91383],[-86.74709,36.91406],[-86.74638,36.91406],[-86.74633,36.91457],[-86.74538,36.9147],[-86.7445,36.91616],[-86.7425,36.91698],[-86.74175,36.91698]]]}},{"type":"Feature","properties":{"kind":"minor-water","name":"Mill Creek","ftype":460,"lengthKm":0.87,"hu8":"05110002","pid":"56289429"},"geometry":{"type":"MultiLineString","coordinates":[[[-85.81397,36.83127],[-85.81313,36.83304],[-85.81089,36.83372],[-85.80968,36.83474],[-85.80851,36.83717]]]}},{"type":"Feature","properties":{"kind":"minor-water","name":"Little Difficult Creek","ftype":460,"lengthKm":0.52,"hu8":"05110002","pid":"56289504"},"geometry":{"type":"MultiLineString","coordinates":[[[-86.18864,36.85636],[-86.18841,36.85736],[-86.18873,36.85879],[-86.19016,36.86072]]]}},{"type":"Feature","properties":{"kind":"minor-water","name":"Glover Creek","ftype":460,"lengthKm":0.27,"hu8":"05110002","pid":"56290301"},"geometry":{"type":"MultiLineString","coordinates":[[[-86.01439,36.77199],[-86.01736,36.77247]]]}},{"type":"Feature","properties":{"kind":"minor-water","name":"Johns Creek","ftype":460,"lengthKm":0.3,"hu8":"05110002","pid":"56290860"},"geometry":{"type":"MultiLineString","coordinates":[[[-86.32355,36.74429],[-86.32343,36.74543],[-86.32249,36.74677]]]}},{"type":"Feature","properties":{"kind":"minor-water","name":"Trammel Creek","ftype":460,"lengthKm":0.34,"hu8":"05110002","pid":"56293288"},"geometry":{"type":"MultiLineString","coordinates":[[[-86.19716,36.60038],[-86.19652,36.60165],[-86.19513,36.60295]]]}},{"type":"Feature","properties":{"kind":"minor-water","name":"White Oak Creek","ftype":460,"lengthKm":0.83,"hu8":"05110002","pid":"56294663"},"geometry":{"type":"MultiLineString","coordinates":[[[-85.97882,36.51438],[-85.98017,36.51439],[-85.98118,36.51476],[-85.9817,36.51652],[-85.98373,36.51977]]]}},{"type":"Feature","properties":{"kind":"minor-water","name":"Drakes Creek","ftype":558,"lengthKm":0.01,"hu8":"05110002","pid":"56287888"},"geometry":{"type":"MultiLineString","coordinates":[[[-86.38296,36.97127],[-86.38288,36.97134]]]}},{"type":"Feature","properties":{"kind":"minor-water","name":"Gasper River","ftype":558,"lengthKm":2.2,"hu8":"05110002","pid":"56288833"},"geometry":{"type":"MultiLineString","coordinates":[[[-86.7143,36.94931],[-86.71264,36.94943],[-86.71199,36.95076],[-86.71007,36.95161],[-86.70965,36.95343],[-86.7099,36.9547],[-86.71056,36.95467],[-86.71104,36.95499],[-86.7113,36.95583],[-86.71246,36.95609],[-86.71291,36.95555],[-86.71338,36.9555],[-86.71401,36.95569],[-86.71452,36.95639],[-86.7145,36.95787],[-86.71383,36.95878],[-86.71274,36.9595],[-86.71199,36.96116],[-86.71203,36.96171],[-86.71273,36.9624]]]}},{"type":"Feature","properties":{"kind":"minor-water","name":"Hunt Branch","ftype":558,"lengthKm":0.04,"hu8":"05110002","pid":"56290020"},"geometry":{"type":"MultiLineString","coordinates":[[[-85.96822,36.79468],[-85.96827,36.79433]]]}},{"type":"Feature","properties":{"kind":"minor-water","name":"Sulphur Fork Creek","ftype":558,"lengthKm":0.91,"hu8":"05110002","pid":"56291542"},"geometry":{"type":"MultiLineString","coordinates":[[[-86.41166,36.69662],[-86.41276,36.69744],[-86.41205,36.69846],[-86.41466,36.69976],[-86.41446,36.70173],[-86.41384,36.70302]]]}},{"type":"Feature","properties":{"kind":"minor-water","name":"Skaggs Creek","ftype":558,"lengthKm":0.14,"hu8":"05110002","pid":"56289163"},"geometry":{"type":"MultiLineString","coordinates":[[[-85.6619,36.83849],[-85.66296,36.83758]]]}},{"type":"Feature","properties":{"kind":"minor-water","name":"Crooked Run","ftype":460,"lengthKm":0.41,"hu8":"05110002","pid":"56289260"},"geometry":{"type":"MultiLineString","coordinates":[[[-86.70579,36.91504],[-86.70351,36.91474],[-86.70121,36.91507]]]}},{"type":"Feature","properties":{"kind":"minor-water","name":"Millstone Branch","ftype":460,"lengthKm":2.77,"hu8":"05110002","pid":"56290994"},"geometry":{"type":"MultiLineString","coordinates":[[[-85.88626,36.69974],[-85.88977,36.69924],[-85.89575,36.70129],[-85.90153,36.69867],[-85.90483,36.69823],[-85.91096,36.69828],[-85.91463,36.69745],[-85.91561,36.69772]]]}},{"type":"Feature","properties":{"kind":"minor-water","name":"South Fork Beaver Creek","ftype":460,"lengthKm":0.87,"hu8":"05110002","pid":"56287288"},"geometry":{"type":"MultiLineString","coordinates":[[[-85.93715,36.97675],[-85.93934,36.97754],[-85.94172,36.97974],[-85.94382,36.98005],[-85.94509,36.98088]]]}},{"type":"Feature","properties":{"kind":"minor-water","name":"Garrett Creek","ftype":460,"lengthKm":0.63,"hu8":"05110002","pid":"56292843"},"geometry":{"type":"MultiLineString","coordinates":[[[-86.2352,36.61749],[-86.23583,36.62097],[-86.23633,36.62199],[-86.23722,36.62275]]]}},{"type":"Feature","properties":{"kind":"minor-water","name":"Hocker Branch","ftype":460,"lengthKm":2.79,"hu8":"05110002","pid":"56286309"},"geometry":{"type":"MultiLineString","coordinates":[[[-86.65192,37.13988],[-86.653,37.14223],[-86.65441,37.14409],[-86.65436,37.14486],[-86.65528,37.14634],[-86.65594,37.14662],[-86.6565,37.14635],[-86.65681,37.14719],[-86.65652,37.14788],[-86.65678,37.14792],[-86.6567,37.14857],[-86.6562,37.14939],[-86.6565,37.15077],[-86.65566,37.15139],[-86.65564,37.15178],[-86.6572,37.15862],[-86.65769,37.159],[-86.65741,37.15987],[-86.65535,37.1616]]]}},{"type":"Feature","properties":{"kind":"minor-water","name":"Caney Fork","ftype":460,"lengthKm":0.96,"hu8":"05110002","pid":"56289418"},"geometry":{"type":"MultiLineString","coordinates":[[[-85.92166,36.84144],[-85.92443,36.8423],[-85.92565,36.84216],[-85.92658,36.84163],[-85.92913,36.84204],[-85.93139,36.84348]]]}},{"type":"Feature","properties":{"kind":"minor-water","name":"Dry Branch","ftype":460,"lengthKm":1.24,"hu8":"05110002","pid":"56289594"},"geometry":{"type":"MultiLineString","coordinates":[[[-85.99043,36.83187],[-85.99003,36.83376],[-85.99134,36.83471],[-85.99098,36.83573],[-85.99143,36.83682],[-85.99269,36.83758],[-85.99318,36.83906],[-85.99485,36.83977],[-85.99557,36.84097]]]}},{"type":"Feature","properties":{"kind":"minor-water","name":"Bays Fork","ftype":460,"lengthKm":0.37,"hu8":"05110002","pid":"56290533"},"geometry":{"type":"MultiLineString","coordinates":[[[-86.1614,36.76325],[-86.16308,36.7637],[-86.16398,36.7655]]]}},{"type":"Feature","properties":{"kind":"minor-water","name":"Little Puncheon Creek","ftype":460,"lengthKm":0.92,"hu8":"05110002","pid":"56292919"},"geometry":{"type":"MultiLineString","coordinates":[[[-86.05696,36.60041],[-86.05584,36.60109],[-86.05471,36.60106],[-86.05281,36.60245],[-86.05206,36.60239],[-86.05034,36.6032],[-86.04939,36.60501]]]}},{"type":"Feature","properties":{"kind":"minor-water","name":"Trace Creek","ftype":460,"lengthKm":0.14,"hu8":"05110002","pid":"56293397"},"geometry":{"type":"MultiLineString","coordinates":[[[-85.78012,36.56117],[-85.78137,36.56194]]]}},{"type":"Feature","properties":{"kind":"minor-water","name":"Sulphur Fork Creek","ftype":558,"lengthKm":0.46,"hu8":"05110002","pid":"56290944"},"geometry":{"type":"MultiLineString","coordinates":[[[-86.40906,36.74398],[-86.4102,36.74747],[-86.40977,36.74788]]]}},{"type":"Feature","properties":{"kind":"minor-water","name":"Salt Lick Creek","ftype":558,"lengthKm":2.01,"hu8":"05110002","pid":"56291989"},"geometry":{"type":"MultiLineString","coordinates":[[[-85.91136,36.62196],[-85.91488,36.62125],[-85.91646,36.62256],[-85.91715,36.62265],[-85.9179,36.62325],[-85.91735,36.6237],[-85.91873,36.62461],[-85.9186,36.62596],[-85.91428,36.62833],[-85.90893,36.62856]]]}},{"type":"Feature","properties":{"kind":"minor-water","name":"Caney Fork","ftype":460,"lengthKm":0.37,"hu8":"05110002","pid":"56289458"},"geometry":{"type":"MultiLineString","coordinates":[[[-85.90481,36.83665],[-85.90574,36.83729],[-85.90594,36.838],[-85.90562,36.83856],[-85.90648,36.83929]]]}},{"type":"Feature","properties":{"kind":"minor-water","name":"Little Trammel Creek","ftype":460,"lengthKm":0.5,"hu8":"05110002","pid":"56291667"},"geometry":{"type":"MultiLineString","coordinates":[[[-86.25193,36.6668],[-86.24926,36.67071]]]}},{"type":"Feature","properties":{"kind":"minor-water","name":"Clifty Creek","ftype":460,"lengthKm":0.33,"hu8":"05110002","pid":"56286645"},"geometry":{"type":"MultiLineString","coordinates":[[[-86.61368,37.09096],[-86.61279,37.08977],[-86.61096,37.08908]]]}},{"type":"Feature","properties":{"kind":"minor-water","name":"Cane Ridge Creek","ftype":460,"lengthKm":1.45,"hu8":"05110002","pid":"56287123"},"geometry":{"type":"MultiLineString","coordinates":[[[-86.73677,37.05625],[-86.73635,37.05497],[-86.73388,37.05353],[-86.73208,37.0536],[-86.72876,37.05314],[-86.72594,37.05327],[-86.7247,37.05285],[-86.72308,37.05319],[-86.72252,37.05304]]]}},{"type":"Feature","properties":{"kind":"minor-water","name":"Gully Creek","ftype":460,"lengthKm":1.66,"hu8":"05110002","pid":"56291562"},"geometry":{"type":"MultiLineString","coordinates":[[[-85.70812,36.63602],[-85.70902,36.63633],[-85.71044,36.63634],[-85.71339,36.63785],[-85.71466,36.63962],[-85.71537,36.64334],[-85.7161,36.6448],[-85.71713,36.64553],[-85.71686,36.6461],[-85.71746,36.64708]]]}},{"type":"Feature","properties":{"kind":"minor-water","name":"Salt Lick Creek","ftype":460,"lengthKm":1.48,"hu8":"05110002","pid":"56287904"},"geometry":{"type":"MultiLineString","coordinates":[[[-86.53492,36.98192],[-86.5379,36.98752],[-86.53814,36.99009],[-86.53745,36.99061],[-86.53863,36.99257],[-86.53862,36.9943]]]}},{"type":"Feature","properties":{"kind":"minor-water","name":"Buck Creek","ftype":460,"lengthKm":0.33,"hu8":"05110002","pid":"56288252"},"geometry":{"type":"MultiLineString","coordinates":[[[-86.13416,36.93457],[-86.13566,36.93332],[-86.13618,36.93216]]]}},{"type":"Feature","properties":{"kind":"minor-water","name":"Chicken Branch","ftype":460,"lengthKm":0.83,"hu8":"05110002","pid":"56291961"},"geometry":{"type":"MultiLineString","coordinates":[[[-85.79735,36.61629],[-85.79214,36.61781],[-85.79093,36.61742],[-85.78844,36.61758]]]}},{"type":"Feature","properties":{"kind":"minor-water","name":"West Fork Long Creek","ftype":460,"lengthKm":0.15,"hu8":"05110002","pid":"56293895"},"geometry":{"type":"MultiLineString","coordinates":[[[-86.15803,36.57495],[-86.15786,36.57628]]]}},{"type":"Feature","properties":{"kind":"minor-water","name":"Trammel Creek","ftype":460,"lengthKm":0.26,"hu8":"05110002","pid":"56294513"},"geometry":{"type":"MultiLineString","coordinates":[[[-86.21599,36.54562],[-86.21632,36.54672],[-86.21745,36.54751]]]}},{"type":"Feature","properties":{"kind":"minor-water","name":"Caney Fork Creek","ftype":460,"lengthKm":0.35,"hu8":"05110002","pid":"56294650"},"geometry":{"type":"MultiLineString","coordinates":[[[-86.39406,36.55003],[-86.39453,36.55186],[-86.39444,36.55312]]]}},{"type":"Feature","properties":{"kind":"minor-water","name":"Barren River","ftype":558,"lengthKm":0.94,"hu8":"05110002","pid":"56288395"},"geometry":{"type":"MultiLineString","coordinates":[[[-86.31181,36.94251],[-86.31468,36.94227],[-86.32021,36.9425],[-86.32233,36.94297]]]}},{"type":"Feature","properties":{"kind":"minor-water","name":"Barren River","ftype":558,"lengthKm":0.21,"hu8":"05110002","pid":"56288629"},"geometry":{"type":"MultiLineString","coordinates":[[[-86.14171,36.91538],[-86.14078,36.9171]]]}},{"type":"Feature","properties":{"kind":"minor-water","name":"East Fork Barren River","ftype":558,"lengthKm":1.49,"hu8":"05110002","pid":"56291253"},"geometry":{"type":"MultiLineString","coordinates":[[[-85.78498,36.67849],[-85.7855,36.67784],[-85.78561,36.67669],[-85.78339,36.67262],[-85.78171,36.66696],[-85.78214,36.66575]]]}},{"type":"Feature","properties":{"kind":"minor-water","name":"Gwinn Branch","ftype":558,"lengthKm":0.01,"hu8":"05110002","pid":"56291465"},"geometry":{"type":"MultiLineString","coordinates":[[[-85.8846,36.65936],[-85.88459,36.65945]]]}},{"type":"Feature","properties":{"kind":"minor-water","name":"Long Fork","ftype":558,"lengthKm":0.34,"hu8":"05110002","pid":"56292654"},"geometry":{"type":"MultiLineString","coordinates":[[[-85.92231,36.59919],[-85.92094,36.60204]]]}},{"type":"Feature","properties":{"kind":"minor-water","name":"Turkeyfoot Creek","ftype":460,"lengthKm":1.37,"hu8":"05110002","pid":"56292223"},"geometry":{"type":"MultiLineString","coordinates":[[[-86.05431,36.62398],[-86.05336,36.62548],[-86.05326,36.6271],[-86.05181,36.62841],[-86.04906,36.62872],[-86.04676,36.63057],[-86.04497,36.63059],[-86.04388,36.63012]]]}},{"type":"Feature","properties":{"kind":"minor-water","name":"Clear Fork Creek","ftype":558,"lengthKm":0.09,"hu8":"05110002","pid":"11595b0e-d0df-484a-b3f3-1ae478e51e2c"},"geometry":{"type":"MultiLineString","coordinates":[[[-86.65454,36.88855],[-86.65391,36.88794]]]}},{"type":"Feature","properties":{"kind":"minor-water","name":"Lick Branch","ftype":460,"lengthKm":0.42,"hu8":"05110002","pid":"56287470"},"geometry":{"type":"MultiLineString","coordinates":[[[-85.78447,36.95079],[-85.78422,36.9492],[-85.78571,36.94733]]]}},{"type":"Feature","properties":{"kind":"minor-water","name":"Barren Fork","ftype":460,"lengthKm":0.6,"hu8":"05110002","pid":"8af7d0b2-c20f-44bb-a1bf-3537ffb10412"},"geometry":{"type":"MultiLineString","coordinates":[[[-85.78342,37.04674],[-85.78499,37.04529],[-85.7857,37.04317],[-85.78689,37.04227]]]}},{"type":"Feature","properties":{"kind":"minor-water","name":"Trammel Creek","ftype":460,"lengthKm":0.45,"hu8":"05110002","pid":"56292142"},"geometry":{"type":"MultiLineString","coordinates":[[[-86.19782,36.64123],[-86.19767,36.64196],[-86.19805,36.64267],[-86.20052,36.64343],[-86.20072,36.64381]]]}},{"type":"Feature","properties":{"kind":"minor-water","name":"Sinking Creek","ftype":460,"lengthKm":1.09,"hu8":"05110002","pid":"56287088"},"geometry":{"type":"MultiLineString","coordinates":[[[-86.12871,37.00865],[-86.12995,37.00884],[-86.13034,37.00929],[-86.13167,37.00869],[-86.13175,37.00945],[-86.13323,37.01034],[-86.13323,37.01061],[-86.13504,37.01092],[-86.13609,37.01148],[-86.13843,37.01081]]]}},{"type":"Feature","properties":{"kind":"minor-water","name":"Reeves Creek","ftype":460,"lengthKm":0.48,"hu8":"05110002","pid":"56286321"},"geometry":{"type":"MultiLineString","coordinates":[[[-86.50568,37.12674],[-86.50531,37.125],[-86.50584,37.12301],[-86.50553,37.12259]]]}},{"type":"Feature","properties":{"kind":"minor-water","name":"Ivy Branch","ftype":460,"lengthKm":1.33,"hu8":"05110002","pid":"56287646"},"geometry":{"type":"MultiLineString","coordinates":[[[-86.58553,37.00109],[-86.58688,37.00181],[-86.58737,37.00243],[-86.58827,37.00265],[-86.58851,37.00336],[-86.59058,37.00417],[-86.59114,37.00509],[-86.59283,37.00642],[-86.59739,37.00717]]]}},{"type":"Feature","properties":{"kind":"minor-water","name":"Bean Branch","ftype":460,"lengthKm":0.91,"hu8":"05110002","pid":"56293797"},"geometry":{"type":"MultiLineString","coordinates":[[[-85.76909,36.54621],[-85.77159,36.54825],[-85.77211,36.5509],[-85.77332,36.55336]]]}},{"type":"Feature","properties":{"kind":"minor-water","name":"Hackers Branch","ftype":460,"lengthKm":1.19,"hu8":"05110002","pid":"56289571"},"geometry":{"type":"MultiLineString","coordinates":[[[-85.78766,36.81748],[-85.78777,36.81817],[-85.7865,36.82095],[-85.78664,36.82175],[-85.78858,36.82353],[-85.78865,36.82535],[-85.78801,36.82731]]]}},{"type":"Feature","properties":{"kind":"minor-water","name":"Tyree Branch","ftype":460,"lengthKm":0.81,"hu8":"05110002","pid":"56289625"},"geometry":{"type":"MultiLineString","coordinates":[[[-85.79769,36.81336],[-85.79608,36.81419],[-85.78898,36.81476]]]}},{"type":"Feature","properties":{"kind":"minor-water","name":"Salt Lick Creek","ftype":460,"lengthKm":0.13,"hu8":"05110002","pid":"56294675"},"geometry":{"type":"MultiLineString","coordinates":[[[-85.84695,36.50184],[-85.84691,36.503]]]}},{"type":"Feature","properties":{"kind":"minor-water","name":"Little Puncheon Creek","ftype":460,"lengthKm":0.48,"hu8":"05110002","pid":"56292661"},"geometry":{"type":"MultiLineString","coordinates":[[[-86.04145,36.60905],[-86.03961,36.60921],[-86.0384,36.6103],[-86.03683,36.61078]]]}},{"type":"Feature","properties":{"kind":"minor-water","name":"West Fork Long Creek","ftype":460,"lengthKm":1.22,"hu8":"05110002","pid":"56294506"},"geometry":{"type":"MultiLineString","coordinates":[[[-86.16652,36.542],[-86.16594,36.54349],[-86.16514,36.544],[-86.16514,36.54511],[-86.16449,36.54604],[-86.16533,36.54772],[-86.16511,36.54829],[-86.16547,36.54919],[-86.16459,36.55117],[-86.16489,36.55206]]]}},{"type":"Feature","properties":{"kind":"minor-water","name":"Beaver Creek","ftype":558,"lengthKm":0.75,"hu8":"05110002","pid":"56286637"},"geometry":{"type":"MultiLineString","coordinates":[[[-85.88235,37.03261],[-85.88356,37.0323],[-85.88472,37.03285],[-85.88416,37.03167],[-85.88453,37.03149],[-85.88746,37.03348]]]}},{"type":"Feature","properties":{"kind":"minor-water","name":"Gasper River","ftype":558,"lengthKm":1.09,"hu8":"05110002","pid":"56287957"},"geometry":{"type":"MultiLineString","coordinates":[[[-86.63216,36.98618],[-86.63228,36.98916],[-86.62812,36.99507]]]}},{"type":"Feature","properties":{"kind":"minor-water","name":"Glover Creek","ftype":558,"lengthKm":0.41,"hu8":"05110002","pid":"56288409"},"geometry":{"type":"MultiLineString","coordinates":[[[-85.84505,36.90285],[-85.84633,36.90435],[-85.84663,36.90617]]]}},{"type":"Feature","properties":{"kind":"minor-water","name":"West Fork Drakes Creek","ftype":558,"lengthKm":0.14,"hu8":"05110002","pid":"56292905"},"geometry":{"type":"MultiLineString","coordinates":[[[-86.49673,36.63679],[-86.4974,36.63796]]]}},{"type":"Feature","properties":{"kind":"minor-water","name":"Barren River","ftype":558,"lengthKm":1.25,"hu8":"05110002","pid":"56291291"},"geometry":{"type":"MultiLineString","coordinates":[[[-85.97369,36.68038],[-85.97719,36.68015],[-85.97847,36.68035],[-85.9818,36.68283],[-85.98369,36.68348],[-85.98583,36.68471]]]}},{"type":"Feature","properties":{"kind":"minor-water","name":"West Fork Drakes Creek","ftype":558,"lengthKm":2.35,"hu8":"05110002","pid":"56291891"},"geometry":{"type":"MultiLineString","coordinates":[[[-86.52612,36.67971],[-86.52693,36.68169],[-86.52918,36.68342],[-86.52977,36.68542],[-86.52944,36.68997],[-86.53182,36.69281],[-86.5333,36.69363],[-86.53507,36.696],[-86.53741,36.69732]]]}},{"type":"Feature","properties":{"kind":"minor-water","name":"Barren River","ftype":558,"lengthKm":0.04,"hu8":"05110002","pid":"56289984"},"geometry":{"type":"MultiLineString","coordinates":[[[-86.06746,36.80593],[-86.06779,36.80622]]]}},{"type":"Feature","properties":{"kind":"minor-water","name":"Mill Creek","ftype":558,"lengthKm":0.2,"hu8":"05110002","pid":"56291275"},"geometry":{"type":"MultiLineString","coordinates":[[[-85.76375,36.66397],[-85.7646,36.66341],[-85.76572,36.66328]]]}},{"type":"Feature","properties":{"kind":"minor-water","name":"Indian Creek","ftype":558,"lengthKm":0.02,"hu8":"05110002","pid":"56291065"},"geometry":{"type":"MultiLineString","coordinates":[[[-85.95582,36.69448],[-85.95607,36.69451]]]}},{"type":"Feature","properties":{"kind":"minor-water","name":"Taylor Branch","ftype":460,"lengthKm":1.08,"hu8":"05110002","pid":"56286383"},"geometry":{"type":"MultiLineString","coordinates":[[[-86.4859,37.11811],[-86.48633,37.11753],[-86.48636,37.11583],[-86.4859,37.11467],[-86.48726,37.11277],[-86.48782,37.10882]]]}},{"type":"Feature","properties":{"kind":"minor-water","name":"Brushy Fork","ftype":460,"lengthKm":3.14,"hu8":"05110002","pid":"56287198"},"geometry":{"type":"MultiLineString","coordinates":[[[-86.10978,36.98995],[-86.1104,36.9908],[-86.11017,36.9916],[-86.11123,36.99215],[-86.11167,36.99282],[-86.11284,36.99307],[-86.11598,36.99459],[-86.11675,36.99454],[-86.11763,36.99525],[-86.11858,36.99552],[-86.11935,36.99647],[-86.12058,36.99718],[-86.12068,36.99785],[-86.12238,36.99864],[-86.12428,36.99873],[-86.12711,36.9997],[-86.13208,37.00051],[-86.13436,37.00185],[-86.1344,37.00241],[-86.13511,37.00282],[-86.13532,37.00341],[-86.13657,37.00387],[-86.13692,37.00428]]]}},{"type":"Feature","properties":{"kind":"minor-water","name":"Tyree Branch","ftype":460,"lengthKm":1.01,"hu8":"05110002","pid":"56290153"},"geometry":{"type":"MultiLineString","coordinates":[[[-85.78261,36.77187],[-85.78466,36.77066],[-85.78763,36.77079],[-85.79228,36.76798]]]}},{"type":"Feature","properties":{"kind":"minor-water","name":"Caney Fork","ftype":460,"lengthKm":1.03,"hu8":"05110002","pid":"56289449"},"geometry":{"type":"MultiLineString","coordinates":[[[-85.87195,36.83351],[-85.873,36.83407],[-85.87349,36.835],[-85.87528,36.8357],[-85.87762,36.83526],[-85.88045,36.83525],[-85.88171,36.83636]]]}},{"type":"Feature","properties":{"kind":"minor-water","name":"Line Creek","ftype":460,"lengthKm":0.52,"hu8":"05110002","pid":"56292053"},"geometry":{"type":"MultiLineString","coordinates":[[[-85.73099,36.60982],[-85.73203,36.60829],[-85.73384,36.60675],[-85.73418,36.60598]]]}},{"type":"Feature","properties":{"kind":"minor-water","name":"Cane Creek","ftype":460,"lengthKm":1.11,"hu8":"05110002","pid":"56292093"},"geometry":{"type":"MultiLineString","coordinates":[[[-85.84359,36.61341],[-85.84465,36.61426],[-85.84527,36.61566],[-85.84507,36.61913],[-85.84565,36.6207],[-85.8449,36.62281]]]}},{"type":"Feature","properties":{"kind":"minor-water","name":"Trace Creek","ftype":460,"lengthKm":0.01,"hu8":"05110002","pid":"56292820"},"geometry":{"type":"MultiLineString","coordinates":[[[-85.78112,36.58068],[-85.7811,36.5808]]]}},{"type":"Feature","properties":{"kind":"minor-water","name":"Puncheon Creek","ftype":460,"lengthKm":0.47,"hu8":"05110002","pid":"56293726"},"geometry":{"type":"MultiLineString","coordinates":[[[-86.03583,36.57119],[-86.03441,36.57281],[-86.03301,36.57314],[-86.03258,36.57419]]]}},{"type":"Feature","properties":{"kind":"minor-water","name":"Little Trace Creek","ftype":460,"lengthKm":0.31,"hu8":"05110002","pid":"56292930"},"geometry":{"type":"MultiLineString","coordinates":[[[-85.71743,36.57142],[-85.71814,36.57209],[-85.71871,36.57396]]]}},{"type":"Feature","properties":{"kind":"minor-water","name":"Spring Creek","ftype":460,"lengthKm":1.52,"hu8":"05110002","pid":"56293406"},"geometry":{"type":"MultiLineString","coordinates":[[[-86.04659,36.58319],[-86.04474,36.58406],[-86.04348,36.58365],[-86.04016,36.58467],[-86.03838,36.58468],[-86.03797,36.58499],[-86.03639,36.58514],[-86.03499,36.58676],[-86.03267,36.58669],[-86.03175,36.58732]]]}},{"type":"Feature","properties":{"kind":"minor-water","name":"Little Salt Lick Creek","ftype":460,"lengthKm":1.1,"hu8":"05110002","pid":"56293730"},"geometry":{"type":"MultiLineString","coordinates":[[[-85.81138,36.55218],[-85.8134,36.55585],[-85.81325,36.55988],[-85.81238,36.56161]]]}},{"type":"Feature","properties":{"kind":"minor-water","name":"White Oak Creek","ftype":460,"lengthKm":0.55,"hu8":"05110002","pid":"56294104"},"geometry":{"type":"MultiLineString","coordinates":[[[-85.9928,36.55173],[-85.99114,36.55168],[-85.99071,36.55294],[-85.99003,36.55351],[-85.99057,36.55427],[-85.99134,36.55444]]]}},{"type":"Feature","properties":{"kind":"minor-water","name":"Middle Fork Drakes Creek","ftype":460,"lengthKm":0.84,"hu8":"05110002","pid":"56294559"},"geometry":{"type":"MultiLineString","coordinates":[[[-86.32454,36.55037],[-86.32367,36.55107],[-86.32359,36.55178],[-86.32155,36.5556],[-86.31987,36.55657]]]}},{"type":"Feature","properties":{"kind":"minor-water","name":"Sulphur Branch","ftype":460,"lengthKm":1.95,"hu8":"05110002","pid":"56294815"},"geometry":{"type":"MultiLineString","coordinates":[[[-86.41377,36.53801],[-86.41455,36.53977],[-86.41652,36.54116],[-86.41787,36.54146],[-86.41879,36.54261],[-86.41983,36.5432],[-86.4225,36.54401],[-86.42395,36.54486],[-86.42473,36.54462],[-86.42492,36.545],[-86.42618,36.54565],[-86.42955,36.54599],[-86.43066,36.54692]]]}},{"type":"Feature","properties":{"kind":"minor-water","name":"Barren River","ftype":558,"lengthKm":0.15,"hu8":"05110002","pid":"56288303"},"geometry":{"type":"MultiLineString","coordinates":[[[-86.13888,36.93117],[-86.14056,36.93136]]]}},{"type":"Feature","properties":{"kind":"minor-water","name":"Peter Creek","ftype":558,"lengthKm":0.4,"hu8":"05110002","pid":"56289781"},"geometry":{"type":"MultiLineString","coordinates":[[[-85.95297,36.81508],[-85.95278,36.81762],[-85.95359,36.81845]]]}},{"type":"Feature","properties":{"kind":"minor-water","name":"Difficult Creek","ftype":558,"lengthKm":0.15,"hu8":"05110002","pid":"56290215"},"geometry":{"type":"MultiLineString","coordinates":[[[-86.13848,36.78997],[-86.13843,36.79082],[-86.13883,36.79118]]]}},{"type":"Feature","properties":{"kind":"minor-water","name":"Trammel Creek","ftype":558,"lengthKm":0.68,"hu8":"05110002","pid":"56291032"},"geometry":{"type":"MultiLineString","coordinates":[[[-86.26829,36.72306],[-86.27099,36.72505],[-86.27107,36.72664],[-86.2722,36.72792]]]}},{"type":"Feature","properties":{"kind":"minor-water","name":"Long Fork","ftype":558,"lengthKm":0.24,"hu8":"05110002","pid":"56293711"},"geometry":{"type":"MultiLineString","coordinates":[[[-85.9393,36.56347],[-85.94009,36.56384],[-85.94039,36.56528]]]}},{"type":"Feature","properties":{"kind":"minor-water","name":"Rough Creek","ftype":460,"lengthKm":0.46,"hu8":"05110002","pid":"56291392"},"geometry":{"type":"MultiLineString","coordinates":[[[-86.19834,36.69213],[-86.19882,36.69158],[-86.2018,36.69157],[-86.20237,36.69253]]]}},{"type":"Feature","properties":{"kind":"minor-water","name":"South Fork Beaver Creek","ftype":460,"lengthKm":0.99,"hu8":"05110002","pid":"56286937"},"geometry":{"type":"MultiLineString","coordinates":[[[-85.88107,37.00784],[-85.88141,37.00729],[-85.88327,37.00666],[-85.88392,37.00603],[-85.88449,37.00604],[-85.88529,37.00429],[-85.88651,37.00344],[-85.8869,37.00379],[-85.88771,37.00347],[-85.88838,37.00256]]]}},{"type":"Feature","properties":{"kind":"minor-water","name":"Clifty Creek","ftype":460,"lengthKm":0.07,"hu8":"05110002","pid":"56286616"},"geometry":{"type":"MultiLineString","coordinates":[[[-86.60727,37.0913],[-86.6066,37.09165]]]}},{"type":"Feature","properties":{"kind":"minor-water","name":"Little Sinking Creek","ftype":460,"lengthKm":1.73,"hu8":"05110002","pid":"56286822"},"geometry":{"type":"MultiLineString","coordinates":[[[-86.08572,37.03021],[-86.08736,37.03068],[-86.0879,37.03132],[-86.08919,37.03126],[-86.09102,37.03226],[-86.09204,37.03206],[-86.09475,37.03363],[-86.09731,37.03399],[-86.09789,37.03329],[-86.09856,37.0337],[-86.09998,37.03356],[-86.10028,37.03408],[-86.10244,37.03381]]]}},{"type":"Feature","properties":{"kind":"minor-water","name":"Cooks Creek","ftype":460,"lengthKm":0.89,"hu8":"05110002","pid":"56287805"},"geometry":{"type":"MultiLineString","coordinates":[[[-86.08026,36.9576],[-86.07685,36.95392],[-86.07512,36.9527],[-86.07482,36.95203],[-86.07514,36.95122]]]}},{"type":"Feature","properties":{"kind":"minor-water","name":"Rock House Creek","ftype":460,"lengthKm":0.53,"hu8":"05110002","pid":"56288301"},"geometry":{"type":"MultiLineString","coordinates":[[[-86.70781,36.97674],[-86.70745,36.97648],[-86.70706,36.97662],[-86.70683,36.97767],[-86.70607,36.97732],[-86.70599,36.97655],[-86.70424,36.97698]]]}},{"type":"Feature","properties":{"kind":"minor-water","name":"Dry Fork","ftype":460,"lengthKm":1.07,"hu8":"05110002","pid":"56289801"},"geometry":{"type":"MultiLineString","coordinates":[[[-85.83506,36.81129],[-85.8358,36.81117],[-85.83654,36.81061],[-85.8388,36.80753],[-85.84064,36.8062],[-85.84254,36.80399]]]}},{"type":"Feature","properties":{"kind":"minor-water","name":"Peter Creek","ftype":460,"lengthKm":0.34,"hu8":"05110002","pid":"56290193"},"geometry":{"type":"MultiLineString","coordinates":[[[-85.7998,36.76685],[-85.80184,36.7643]]]}},{"type":"Feature","properties":{"kind":"minor-water","name":"West Fork Drakes Creek","ftype":460,"lengthKm":0.93,"hu8":"05110002","pid":"56294435"},"geometry":{"type":"MultiLineString","coordinates":[[[-86.46072,36.5712],[-86.46162,36.57155],[-86.46158,36.57251],[-86.45814,36.57595],[-86.45817,36.57749],[-86.45776,36.57806]]]}},{"type":"Feature","properties":{"kind":"minor-water","name":"Bays Fork","ftype":460,"lengthKm":0.82,"hu8":"05110002","pid":"56290567"},"geometry":{"type":"MultiLineString","coordinates":[[[-86.15638,36.75871],[-86.15763,36.75985],[-86.15991,36.75956],[-86.16041,36.76031],[-86.16055,36.76215],[-86.1614,36.76325]]]}},{"type":"Feature","properties":{"kind":"minor-water","name":"Coonfoot Branch","ftype":460,"lengthKm":0.39,"hu8":"05110002","pid":"56291288"},"geometry":{"type":"MultiLineString","coordinates":[[[-85.89485,36.67671],[-85.89538,36.67599],[-85.89504,36.6751],[-85.89551,36.67439],[-85.89551,36.67348]]]}},{"type":"Feature","properties":{"kind":"minor-water","name":"Benedict Branch","ftype":460,"lengthKm":2.85,"hu8":"05110002","pid":"56290849"},"geometry":{"type":"MultiLineString","coordinates":[[[-85.99981,36.71927],[-86.00063,36.71925],[-86.00174,36.71974],[-86.004,36.71989],[-86.00575,36.72111],[-86.00686,36.72127],[-86.00995,36.72252],[-86.01328,36.72279],[-86.0139,36.72357],[-86.01691,36.72464],[-86.01821,36.72556],[-86.02349,36.73064],[-86.02632,36.73136]]]}},{"type":"Feature","properties":{"kind":"minor-water","name":"Garrett Creek","ftype":460,"lengthKm":0.06,"hu8":"05110002","pid":"56292721"},"geometry":{"type":"MultiLineString","coordinates":[[[-86.23722,36.62275],[-86.23723,36.62331]]]}},{"type":"Feature","properties":{"kind":"minor-water","name":"Puncheon Creek","ftype":460,"lengthKm":1.17,"hu8":"05110002","pid":"56293098"},"geometry":{"type":"MultiLineString","coordinates":[[[-86.02174,36.59211],[-86.0215,36.5951],[-86.01948,36.59549],[-86.01868,36.59539],[-86.01832,36.59571],[-86.01896,36.59731],[-86.0196,36.59768],[-86.01916,36.59842],[-86.01979,36.60001]]]}},{"type":"Feature","properties":{"kind":"minor-water","name":"Peter Creek","ftype":558,"lengthKm":1.05,"hu8":"05110002","pid":"56289499"},"geometry":{"type":"MultiLineString","coordinates":[[[-85.9635,36.83809],[-85.96491,36.84024],[-85.96957,36.84096],[-85.9704,36.8441]]]}},{"type":"Feature","properties":{"kind":"minor-water","name":"Barren River","ftype":558,"lengthKm":1.95,"hu8":"05110002","pid":"56288335"},"geometry":{"type":"MultiLineString","coordinates":[[[-86.28519,36.94174],[-86.28671,36.94232],[-86.2876,36.94359],[-86.28846,36.95185],[-86.29078,36.95799]]]}},{"type":"Feature","properties":{"kind":"minor-water","name":"Skaggs Creek","ftype":558,"lengthKm":3.15,"hu8":"05110002","pid":"56288444"},"geometry":{"type":"MultiLineString","coordinates":[[[-85.94291,36.91743],[-85.94204,36.91781],[-85.94165,36.91852],[-85.94059,36.92287],[-85.94205,36.92498],[-85.94263,36.92522],[-85.94579,36.92422],[-85.94821,36.92307],[-85.94924,36.92215],[-85.9502,36.92016],[-85.95084,36.91619],[-85.95159,36.91491],[-85.95172,36.91247],[-85.95211,36.91195],[-85.95478,36.91042]]]}},{"type":"Feature","properties":{"kind":"minor-water","name":"Long Creek","ftype":558,"lengthKm":0.13,"hu8":"05110002","pid":"56291184"},"geometry":{"type":"MultiLineString","coordinates":[[[-86.07987,36.69574],[-86.0801,36.69687]]]}},{"type":"Feature","properties":{"kind":"minor-water","name":"West Fork Drakes Creek","ftype":558,"lengthKm":0.57,"hu8":"05110002","pid":"56291556"},"geometry":{"type":"MultiLineString","coordinates":[[[-86.54237,36.70548],[-86.54334,36.70594],[-86.54364,36.70664],[-86.54311,36.70956],[-86.54263,36.7099]]]}},{"type":"Feature","properties":{"kind":"minor-water","name":"Buck Creek","ftype":460,"lengthKm":0.58,"hu8":"05110002","pid":"56287971"},"geometry":{"type":"MultiLineString","coordinates":[[[-86.1188,36.9479],[-86.1203,36.94673],[-86.1204,36.94587],[-86.12329,36.94459]]]}},{"type":"Feature","properties":{"kind":"minor-water","name":"Trammel Creek","ftype":558,"lengthKm":1.05,"hu8":"05110002","pid":"27f04fcb-8df0-411e-b072-0365271d8429"},"geometry":{"type":"MultiLineString","coordinates":[[[-86.25226,36.7052],[-86.25266,36.70735],[-86.2516,36.70897],[-86.25165,36.70944],[-86.25253,36.70994],[-86.25314,36.71079],[-86.25655,36.71224]]]}},{"type":"Feature","properties":{"kind":"minor-water","name":"Jennings Creek","ftype":460,"lengthKm":1.52,"hu8":"05110002","pid":"e5a56667-5106-4428-8f67-3d2d2ed362c6"},"geometry":{"type":"MultiLineString","coordinates":[[[-86.49237,36.98875],[-86.49243,36.9899],[-86.49157,36.99045],[-86.49077,36.99051],[-86.49092,36.99147],[-86.48929,36.99204],[-86.48868,36.99358],[-86.4868,36.99366],[-86.48531,36.9927],[-86.48408,36.99239],[-86.48297,36.99398],[-86.48181,36.99458]]]}},{"type":"Feature","properties":{"kind":"minor-water","name":"Falling Timber Creek","ftype":460,"lengthKm":0.35,"hu8":"05110002","pid":"56287573"},"geometry":{"type":"MultiLineString","coordinates":[[[-85.7574,36.9375],[-85.76103,36.93871]]]}},{"type":"Feature","properties":{"kind":"minor-water","name":"Long Creek","ftype":558,"lengthKm":1.32,"hu8":"05110002","pid":"56290920"},"geometry":{"type":"MultiLineString","coordinates":[[[-86.07104,36.72277],[-86.07043,36.72347],[-86.06947,36.72372],[-86.0657,36.72388],[-86.06466,36.72474],[-86.0629,36.72551],[-86.06095,36.72499],[-86.06011,36.72507],[-86.05907,36.72565],[-86.05781,36.72548]]]}},{"type":"Feature","properties":{"kind":"minor-water","name":"Neils Creek","ftype":460,"lengthKm":0.36,"hu8":"05110002","pid":"56287509"},"geometry":{"type":"MultiLineString","coordinates":[[[-86.69029,37.02109],[-86.69099,37.01787]]]}},{"type":"Feature","properties":{"kind":"minor-water","name":"Buck Creek","ftype":460,"lengthKm":1.36,"hu8":"05110002","pid":"56287915"},"geometry":{"type":"MultiLineString","coordinates":[[[-86.1154,36.95965],[-86.11568,36.95513],[-86.11811,36.95042],[-86.1188,36.9479]]]}},{"type":"Feature","properties":{"kind":"minor-water","name":"Skaggs Creek","ftype":460,"lengthKm":0.32,"hu8":"05110002","pid":"56289642"},"geometry":{"type":"MultiLineString","coordinates":[[[-85.68854,36.80478],[-85.6903,36.804],[-85.69188,36.80377]]]}},{"type":"Feature","properties":{"kind":"minor-water","name":"Rhoden Creek","ftype":460,"lengthKm":0.75,"hu8":"05110002","pid":"56290768"},"geometry":{"type":"MultiLineString","coordinates":[[[-86.08542,36.73495],[-86.08425,36.73556],[-86.08268,36.73535],[-86.08217,36.73486],[-86.08167,36.73482],[-86.07964,36.73613],[-86.07809,36.73626]]]}},{"type":"Feature","properties":{"kind":"minor-water","name":"Bear Creek","ftype":460,"lengthKm":0.76,"hu8":"05110002","pid":"56290538"},"geometry":{"type":"MultiLineString","coordinates":[[[-86.08361,36.75649],[-86.08183,36.7565],[-86.08023,36.75612],[-86.07512,36.75643]]]}},{"type":"Feature","properties":{"kind":"minor-water","name":"Chicken Branch","ftype":460,"lengthKm":1.05,"hu8":"05110002","pid":"56292043"},"geometry":{"type":"MultiLineString","coordinates":[[[-85.80799,36.61294],[-85.80602,36.61377],[-85.80425,36.61398],[-85.80234,36.61541],[-85.80101,36.61591],[-85.79735,36.61629]]]}},{"type":"Feature","properties":{"kind":"minor-water","name":"Pinchgut Creek","ftype":460,"lengthKm":2.84,"hu8":"05110002","pid":"56292288"},"geometry":{"type":"MultiLineString","coordinates":[[[-86.07727,36.61839],[-86.07629,36.62074],[-86.07747,36.62256],[-86.07775,36.62395],[-86.07631,36.62782],[-86.07658,36.62849],[-86.07609,36.62919],[-86.07639,36.6297],[-86.07595,36.63078],[-86.0739,36.63182],[-86.07082,36.6339],[-86.07015,36.63479],[-86.0662,36.63736],[-86.06437,36.63746],[-86.06368,36.63719]]]}},{"type":"Feature","properties":{"kind":"minor-water","name":"Trace Creek","ftype":460,"lengthKm":0.18,"hu8":"05110002","pid":"56292326"},"geometry":{"type":"MultiLineString","coordinates":[[[-85.77785,36.59894],[-85.77862,36.60043]]]}},{"type":"Feature","properties":{"kind":"minor-water","name":"Puncheon Creek","ftype":460,"lengthKm":0.76,"hu8":"05110002","pid":"56293217"},"geometry":{"type":"MultiLineString","coordinates":[[[-86.02803,36.58877],[-86.02725,36.58978],[-86.02646,36.5901],[-86.02355,36.59028],[-86.02224,36.59068],[-86.02174,36.59211]]]}},{"type":"Feature","properties":{"kind":"minor-water","name":"Long Hungry Creek","ftype":460,"lengthKm":0.86,"hu8":"05110002","pid":"56294523"},"geometry":{"type":"MultiLineString","coordinates":[[[-85.88446,36.51724],[-85.88499,36.51784],[-85.88547,36.51945],[-85.88477,36.52165],[-85.88299,36.52436]]]}},{"type":"Feature","properties":{"kind":"minor-water","name":"Tooley Branch","ftype":460,"lengthKm":2.66,"hu8":"05110002","pid":"56294531"},"geometry":{"type":"MultiLineString","coordinates":[[[-86.1925,36.54248],[-86.19338,36.54261],[-86.19439,36.54369],[-86.19608,36.54467],[-86.19678,36.54475],[-86.19788,36.54601],[-86.19793,36.54737],[-86.19831,36.54791],[-86.19802,36.54914],[-86.19836,36.55164],[-86.19923,36.55252],[-86.20063,36.55505],[-86.19987,36.55736],[-86.20069,36.55874],[-86.20027,36.56247],[-86.20054,36.56325]]]}},{"type":"Feature","properties":{"kind":"minor-water","name":"Mill Creek","ftype":558,"lengthKm":0.3,"hu8":"05110002","pid":"56290975"},"geometry":{"type":"MultiLineString","coordinates":[[[-85.699,36.68118],[-85.70042,36.68203],[-85.7019,36.68242]]]}},{"type":"Feature","properties":{"kind":"minor-water","name":"Beaver Creek","ftype":558,"lengthKm":1.35,"hu8":"05110002","pid":"56286739"},"geometry":{"type":"MultiLineString","coordinates":[[[-85.97526,37.03037],[-85.97622,37.03087],[-85.97688,37.03088],[-85.97982,37.02952],[-85.98241,37.02918],[-85.98626,37.02981],[-85.98952,37.03083]]]}},{"type":"Feature","properties":{"kind":"minor-water","name":"West Fork Drakes Creek","ftype":558,"lengthKm":0.65,"hu8":"05110002","pid":"56292167"},"geometry":{"type":"MultiLineString","coordinates":[[[-86.50401,36.66444],[-86.50508,36.66494],[-86.50653,36.66447],[-86.50737,36.66478],[-86.50956,36.66699]]]}},{"type":"Feature","properties":{"kind":"minor-water","name":"West Fork Drakes Creek","ftype":558,"lengthKm":1.63,"hu8":"05110002","pid":"56292549"},"geometry":{"type":"MultiLineString","coordinates":[[[-86.50635,36.65038],[-86.50818,36.65556],[-86.50728,36.65869],[-86.50582,36.66],[-86.50066,36.66123]]]}},{"type":"Feature","properties":{"kind":"minor-water","name":"Barren Fork","ftype":460,"lengthKm":0.91,"hu8":"05110002","pid":"e0ae81b3-4d95-41f0-98f3-7fac5e37a2cd"},"geometry":{"type":"MultiLineString","coordinates":[[[-85.78689,37.04227],[-85.78952,37.03974],[-85.79368,37.03968],[-85.7956,37.03937]]]}},{"type":"Feature","properties":{"kind":"minor-water","name":"Rough Creek","ftype":460,"lengthKm":0.39,"hu8":"05110002","pid":"bc96c4e4-3ae8-4c16-9dc5-864c81a90ee6"},"geometry":{"type":"MultiLineString","coordinates":[[[-86.21857,36.69202],[-86.2198,36.69037],[-86.22131,36.6893]]]}},{"type":"Feature","properties":{"kind":"minor-water","name":"Mill Creek","ftype":460,"lengthKm":0.36,"hu8":"05110002","pid":"56290962"},"geometry":{"type":"MultiLineString","coordinates":[[[-85.703,36.68388],[-85.70395,36.68529],[-85.70513,36.68573],[-85.70586,36.6856]]]}},{"type":"Feature","properties":{"kind":"minor-water","name":"Stall Creek","ftype":460,"lengthKm":2.13,"hu8":"05110002","pid":"56286684"},"geometry":{"type":"MultiLineString","coordinates":[[[-86.51729,37.07834],[-86.51543,37.07903],[-86.51469,37.07963],[-86.51507,37.08018],[-86.51334,37.082],[-86.51352,37.08338],[-86.51261,37.08482],[-86.5123,37.08634],[-86.51343,37.09016],[-86.51332,37.09204],[-86.51421,37.09232],[-86.51426,37.09311],[-86.515,37.09314],[-86.51462,37.0944]]]}},{"type":"Feature","properties":{"kind":"minor-water","name":"White Oak Creek","ftype":460,"lengthKm":0.28,"hu8":"05110002","pid":"56292050"},"geometry":{"type":"MultiLineString","coordinates":[[[-85.94094,36.62362],[-85.93942,36.62413],[-85.93797,36.62372]]]}},{"type":"Feature","properties":{"kind":"minor-water","name":"Hunt Branch","ftype":460,"lengthKm":0.73,"hu8":"05110002","pid":"56290140"},"geometry":{"type":"MultiLineString","coordinates":[[[-85.96789,36.78996],[-85.96601,36.78744],[-85.96666,36.78617],[-85.96638,36.78491],[-85.96673,36.78397]]]}},{"type":"Feature","properties":{"kind":"minor-water","name":"Lick Creek","ftype":460,"lengthKm":0.28,"hu8":"05110002","pid":"56290516"},"geometry":{"type":"MultiLineString","coordinates":[[[-86.49281,36.79205],[-86.49274,36.79247],[-86.49429,36.79346],[-86.49488,36.79352]]]}},{"type":"Feature","properties":{"kind":"minor-water","name":"Bear Creek","ftype":460,"lengthKm":1.6,"hu8":"05110002","pid":"56290557"},"geometry":{"type":"MultiLineString","coordinates":[[[-86.07512,36.75643],[-86.07359,36.75634],[-86.07085,36.75555],[-86.06839,36.75535],[-86.066,36.75386],[-86.06128,36.75239],[-86.05947,36.75273],[-86.05848,36.75229]]]}},{"type":"Feature","properties":{"kind":"minor-water","name":"Rocky Branch","ftype":460,"lengthKm":0.97,"hu8":"05110002","pid":"56290998"},"geometry":{"type":"MultiLineString","coordinates":[[[-85.79392,36.69516],[-85.7929,36.69317],[-85.79318,36.69215],[-85.79193,36.69],[-85.79137,36.68685]]]}},{"type":"Feature","properties":{"kind":"minor-water","name":"White Oak Creek","ftype":460,"lengthKm":0.65,"hu8":"05110002","pid":"56293227"},"geometry":{"type":"MultiLineString","coordinates":[[[-85.98039,36.58454],[-85.98041,36.58565],[-85.98206,36.58837],[-85.98118,36.58996]]]}},{"type":"Feature","properties":{"kind":"minor-water","name":"West Fork Long Creek","ftype":460,"lengthKm":1.3,"hu8":"05110002","pid":"56294343"},"geometry":{"type":"MultiLineString","coordinates":[[[-86.16489,36.55206],[-86.16498,36.55271],[-86.16423,36.5536],[-86.16465,36.55518],[-86.1636,36.55599],[-86.16337,36.55829],[-86.16263,36.55956],[-86.16298,36.56161],[-86.16243,36.56298]]]}},{"type":"Feature","properties":{"kind":"minor-water","name":"West Fork Drakes Creek","ftype":558,"lengthKm":0.38,"hu8":"05110002","pid":"56289944"},"geometry":{"type":"MultiLineString","coordinates":[[[-86.41725,36.83835],[-86.41514,36.83807],[-86.41312,36.83849]]]}},{"type":"Feature","properties":{"kind":"minor-water","name":"West Fork Drakes Creek","ftype":558,"lengthKm":0.51,"hu8":"05110002","pid":"56290417"},"geometry":{"type":"MultiLineString","coordinates":[[[-86.5,36.80202],[-86.49843,36.80226],[-86.49649,36.80178],[-86.49443,36.80173]]]}},{"type":"Feature","properties":{"kind":"minor-water","name":"Barren River","ftype":558,"lengthKm":0.68,"hu8":"05110002","pid":"56290395"},"geometry":{"type":"MultiLineString","coordinates":[[[-86.04208,36.76663],[-86.04296,36.76791],[-86.04472,36.76902],[-86.0465,36.76962],[-86.04814,36.76964]]]}},{"type":"Feature","properties":{"kind":"minor-water","name":"Sulphur Fork Creek","ftype":558,"lengthKm":0.24,"hu8":"05110002","pid":"56291122"},"geometry":{"type":"MultiLineString","coordinates":[[[-86.40895,36.72739],[-86.40933,36.72789],[-86.41116,36.72832]]]}},{"type":"Feature","properties":{"kind":"minor-water","name":"West Fork Drakes Creek","ftype":558,"lengthKm":0.7,"hu8":"05110002","pid":"56293035"},"geometry":{"type":"MultiLineString","coordinates":[[[-86.4927,36.633],[-86.49493,36.63325],[-86.4943,36.63365],[-86.49437,36.63423],[-86.49557,36.6351],[-86.49673,36.63679]]]}},{"type":"Feature","properties":{"kind":"minor-water","name":"Boyds Creek","ftype":460,"lengthKm":0.24,"hu8":"05110002","pid":"56287582"},"geometry":{"type":"MultiLineString","coordinates":[[[-85.91929,36.9508],[-85.91983,36.95076],[-85.92078,36.95157],[-85.92158,36.95159]]]}},{"type":"Feature","properties":{"kind":"minor-water","name":"Swannigan Creek","ftype":460,"lengthKm":0.07,"hu8":"05110002","pid":"56287282"},"geometry":{"type":"MultiLineString","coordinates":[[[-85.80516,36.96589],[-85.80564,36.96634]]]}},{"type":"Feature","properties":{"kind":"minor-water","name":"Swannigan Creek","ftype":460,"lengthKm":1.35,"hu8":"05110002","pid":"56287325"},"geometry":{"type":"MultiLineString","coordinates":[[[-85.7897,36.96376],[-85.79079,36.96271],[-85.79331,36.96241],[-85.79436,36.96158],[-85.79576,36.96137],[-85.79922,36.96228],[-85.80098,36.96346],[-85.80222,36.96482]]]}},{"type":"Feature","properties":{"kind":"minor-water","name":"Little Muddy Creek","ftype":460,"lengthKm":0.85,"hu8":"05110002","pid":"56286279"},"geometry":{"type":"MultiLineString","coordinates":[[[-86.65148,37.16417],[-86.65155,37.16291],[-86.64888,37.162],[-86.64917,37.16086],[-86.64821,37.16042],[-86.64816,37.15973],[-86.64682,37.15898]]]}},{"type":"Feature","properties":{"kind":"minor-water","name":"Long Hungry Creek","ftype":460,"lengthKm":0.26,"hu8":"05110002","pid":"56293551"},"geometry":{"type":"MultiLineString","coordinates":[[[-85.87152,36.56376],[-85.86973,36.56557]]]}},{"type":"Feature","properties":{"kind":"minor-water","name":"Little Beaver Creek","ftype":460,"lengthKm":0.64,"hu8":"05110002","pid":"56286907"},"geometry":{"type":"MultiLineString","coordinates":[[[-86.01647,37.0165],[-86.01454,37.01981],[-86.0136,37.0211],[-86.01295,37.02142]]]}},{"type":"Feature","properties":{"kind":"minor-water","name":"South Fork Beaver Creek","ftype":460,"lengthKm":0.25,"hu8":"05110002","pid":"56287278"},"geometry":{"type":"MultiLineString","coordinates":[[[-85.96547,36.98069],[-85.96647,36.98003],[-85.9679,36.98048]]]}},{"type":"Feature","properties":{"kind":"minor-water","name":"Lick Branch","ftype":460,"lengthKm":1.34,"hu8":"05110002","pid":"56293888"},"geometry":{"type":"MultiLineString","coordinates":[[[-86.01163,36.56338],[-86.01167,36.56399],[-86.01379,36.56538],[-86.01432,36.56631],[-86.01397,36.56937],[-86.01287,36.57121],[-86.01294,36.57328],[-86.01233,36.57421]]]}},{"type":"Feature","properties":{"kind":"minor-water","name":"Buck Creek","ftype":460,"lengthKm":1.01,"hu8":"05110002","pid":"56287605"},"geometry":{"type":"MultiLineString","coordinates":[[[-86.10816,36.97608],[-86.10717,36.9758],[-86.10553,36.97413],[-86.10571,36.97261],[-86.10481,36.97098],[-86.1051,36.96818]]]}},{"type":"Feature","properties":{"kind":"minor-water","name":"Gasper River","ftype":460,"lengthKm":1,"hu8":"05110002","pid":"56289269"},"geometry":{"type":"MultiLineString","coordinates":[[[-86.74175,36.91698],[-86.74176,36.91745],[-86.74228,36.91772],[-86.74222,36.91823],[-86.74115,36.91848],[-86.74105,36.91927],[-86.74198,36.92048],[-86.74229,36.92052],[-86.74244,36.92016],[-86.7428,36.92025],[-86.74329,36.92186],[-86.74378,36.92216],[-86.74325,36.92286],[-86.74388,36.92286]]]}},{"type":"Feature","properties":{"kind":"minor-water","name":"Brush Creek","ftype":460,"lengthKm":3.98,"hu8":"05110002","pid":"56289593"},"geometry":{"type":"MultiLineString","coordinates":[[[-86.58444,36.88001],[-86.58292,36.88128],[-86.58117,36.88628],[-86.58085,36.89317],[-86.57949,36.9006],[-86.57966,36.90306],[-86.58144,36.9068],[-86.58078,36.90729],[-86.58128,36.90758],[-86.58128,36.90861],[-86.58178,36.90882],[-86.58151,36.9116],[-86.58171,36.91309],[-86.58212,36.91347],[-86.58165,36.91382]]]}},{"type":"Feature","properties":{"kind":"minor-water","name":"Line Creek","ftype":460,"lengthKm":0.44,"hu8":"05110002","pid":"56291752"},"geometry":{"type":"MultiLineString","coordinates":[[[-85.66349,36.61555],[-85.66537,36.61796],[-85.66677,36.61822]]]}},{"type":"Feature","properties":{"kind":"minor-water","name":"Mays Branch","ftype":460,"lengthKm":0.69,"hu8":"05110002","pid":"56291845"},"geometry":{"type":"MultiLineString","coordinates":[[[-86.42604,36.67415],[-86.42498,36.67514],[-86.42235,36.67543],[-86.41912,36.67628]]]}},{"type":"Feature","properties":{"kind":"minor-water","name":"Hightower Creek","ftype":558,"lengthKm":0.03,"hu8":"05110002","pid":"56286471"},"geometry":{"type":"MultiLineString","coordinates":[[[-86.54108,37.0973],[-86.54103,37.09702]]]}},{"type":"Feature","properties":{"kind":"minor-water","name":"Mortar Branch","ftype":558,"lengthKm":0.04,"hu8":"05110002","pid":"56286489"},"geometry":{"type":"MultiLineString","coordinates":[[[-86.54695,37.09665],[-86.54684,37.09634]]]}},{"type":"Feature","properties":{"kind":"minor-water","name":"Barren River","ftype":558,"lengthKm":0.4,"hu8":"05110002","pid":"56287707"},"geometry":{"type":"MultiLineString","coordinates":[[[-86.36781,36.98138],[-86.36791,36.98221],[-86.36749,36.98295],[-86.3666,36.98366],[-86.36547,36.98383]]]}},{"type":"Feature","properties":{"kind":"minor-water","name":"Barren River","ftype":558,"lengthKm":1.8,"hu8":"05110002","pid":"56287768"},"geometry":{"type":"MultiLineString","coordinates":[[[-86.35325,36.97607],[-86.35587,36.97638],[-86.36017,36.97797],[-86.36477,36.97646],[-86.36658,36.97639],[-86.36733,36.9776],[-86.36745,36.98111]]]}},{"type":"Feature","properties":{"kind":"minor-water","name":"Middle Fork Drakes Creek","ftype":558,"lengthKm":0.1,"hu8":"05110002","pid":"56290541"},"geometry":{"type":"MultiLineString","coordinates":[[[-86.39411,36.78139],[-86.39299,36.78158]]]}},{"type":"Feature","properties":{"kind":"minor-water","name":"Trammel Creek","ftype":558,"lengthKm":2.16,"hu8":"05110002","pid":"56290780"},"geometry":{"type":"MultiLineString","coordinates":[[[-86.28838,36.75],[-86.28767,36.75113],[-86.28696,36.75378],[-86.29053,36.75559],[-86.29366,36.75618],[-86.29756,36.75627],[-86.30042,36.75604],[-86.30528,36.75497]]]}},{"type":"Feature","properties":{"kind":"minor-water","name":"Long Fork","ftype":558,"lengthKm":0.95,"hu8":"05110002","pid":"56293992"},"geometry":{"type":"MultiLineString","coordinates":[[[-85.94332,36.55278],[-85.94245,36.55409],[-85.94143,36.55402],[-85.94115,36.55432],[-85.94132,36.55642],[-85.94244,36.55754],[-85.93998,36.55876]]]}},{"type":"Feature","properties":{"kind":"minor-water","name":"Jacks Hollowk Branch","ftype":460,"lengthKm":1.62,"hu8":"05110002","pid":"56290846"},"geometry":{"type":"MultiLineString","coordinates":[[[-86.16503,36.73342],[-86.16609,36.73345],[-86.16985,36.73599],[-86.17175,36.73585],[-86.17339,36.73525],[-86.17438,36.73533],[-86.17812,36.73745],[-86.18012,36.73826],[-86.18084,36.73826]]]}},{"type":"Feature","properties":{"kind":"minor-water","name":"Glover Creek","ftype":460,"lengthKm":0.61,"hu8":"05110002","pid":"56288474"},"geometry":{"type":"MultiLineString","coordinates":[[[-85.73983,36.89114],[-85.74409,36.89276],[-85.74618,36.89301]]]}},{"type":"Feature","properties":{"kind":"minor-water","name":"Millersburg Branch","ftype":460,"lengthKm":2.58,"hu8":"05110002","pid":"56288924"},"geometry":{"type":"MultiLineString","coordinates":[[[-85.88582,36.87157],[-85.88346,36.875],[-85.88308,36.87629],[-85.87998,36.87911],[-85.87987,36.88127],[-85.87865,36.88393],[-85.87808,36.88438],[-85.87741,36.88684],[-85.87769,36.88883],[-85.87929,36.89093],[-85.87993,36.89142],[-85.88103,36.89129]]]}},{"type":"Feature","properties":{"kind":"minor-water","name":"Hurricane Creek","ftype":460,"lengthKm":0.53,"hu8":"05110002","pid":"56292215"},"geometry":{"type":"MultiLineString","coordinates":[[[-85.69752,36.59526],[-85.69972,36.59594],[-85.70114,36.59685],[-85.70165,36.59819]]]}},{"type":"Feature","properties":{"kind":"minor-water","name":"Webb Branch","ftype":460,"lengthKm":2.29,"hu8":"05110002","pid":"56292690"},"geometry":{"type":"MultiLineString","coordinates":[[[-86.48417,36.64384],[-86.4851,36.6447],[-86.4863,36.64478],[-86.48908,36.64565],[-86.49034,36.64686],[-86.49299,36.64744],[-86.49474,36.64857],[-86.49681,36.65085],[-86.49694,36.65237],[-86.49789,36.65402],[-86.49776,36.65483],[-86.49858,36.65617],[-86.49817,36.6575],[-86.49863,36.65809]]]}},{"type":"Feature","properties":{"kind":"minor-water","name":"Salt Lick Creek","ftype":460,"lengthKm":0.57,"hu8":"05110002","pid":"56293848"},"geometry":{"type":"MultiLineString","coordinates":[[[-85.85698,36.55165],[-85.85785,36.55285],[-85.86245,36.55317]]]}},{"type":"Feature","properties":{"kind":"minor-water","name":"Barren River","ftype":558,"lengthKm":0.02,"hu8":"05110002","pid":"56288367"},"geometry":{"type":"MultiLineString","coordinates":[[[-86.28206,36.94026],[-86.28199,36.94044]]]}},{"type":"Feature","properties":{"kind":"minor-water","name":"Barren River","ftype":558,"lengthKm":0.03,"hu8":"05110002","pid":"56288393"},"geometry":{"type":"MultiLineString","coordinates":[[[-86.32233,36.94297],[-86.32262,36.94282]]]}},{"type":"Feature","properties":{"kind":"minor-water","name":"West Fork Drakes Creek","ftype":558,"lengthKm":0.86,"hu8":"05110002","pid":"56291332"},"geometry":{"type":"MultiLineString","coordinates":[[[-86.55029,36.72452],[-86.54801,36.72574],[-86.5456,36.72819],[-86.54378,36.72917],[-86.54352,36.72975]]]}},{"type":"Feature","properties":{"kind":"minor-water","name":"Sinking Creek","ftype":558,"lengthKm":0.04,"hu8":"05110002","pid":"56286953"},"geometry":{"type":"MultiLineString","coordinates":[[[-86.07516,37.01616],[-86.07502,37.01578]]]}},{"type":"Feature","properties":{"kind":"minor-water","name":"Big Branch","ftype":460,"lengthKm":1.3,"hu8":"05110002","pid":"56290452"},"geometry":{"type":"MultiLineString","coordinates":[[[-86.22968,36.77699],[-86.22904,36.77782],[-86.22883,36.7788],[-86.2294,36.78154],[-86.22931,36.78299],[-86.22808,36.78488],[-86.22819,36.78529],[-86.22902,36.78553],[-86.22935,36.78771]]]}},{"type":"Feature","properties":{"kind":"minor-water","name":"Dry Branch","ftype":460,"lengthKm":1.21,"hu8":"05110002","pid":"56292331"},"geometry":{"type":"MultiLineString","coordinates":[[[-86.18595,36.63302],[-86.18676,36.6337],[-86.18818,36.63421],[-86.18901,36.6354],[-86.19189,36.63608],[-86.19392,36.63592],[-86.196,36.63636],[-86.19741,36.63739]]]}},{"type":"Feature","properties":{"kind":"minor-water","name":"Richland Creek","ftype":460,"lengthKm":0.82,"hu8":"05110002","pid":"56286478"},"geometry":{"type":"MultiLineString","coordinates":[[[-86.68832,37.10798],[-86.68707,37.10883],[-86.68684,37.10968],[-86.68707,37.11045],[-86.68656,37.11138],[-86.68646,37.11254],[-86.68552,37.11392],[-86.68568,37.11458]]]}},{"type":"Feature","properties":{"kind":"minor-water","name":"Westbrook Creek","ftype":460,"lengthKm":1.17,"hu8":"05110002","pid":"56286981"},"geometry":{"type":"MultiLineString","coordinates":[[[-86.52309,37.05286],[-86.52456,37.05274],[-86.52606,37.05135],[-86.52712,37.05093],[-86.53512,37.04936]]]}},{"type":"Feature","properties":{"kind":"minor-water","name":"Sinking Creek","ftype":460,"lengthKm":1.78,"hu8":"05110002","pid":"56287085"},"geometry":{"type":"MultiLineString","coordinates":[[[-86.13843,37.01081],[-86.14077,37.01193],[-86.14086,37.01235],[-86.14187,37.0129],[-86.14438,37.01248],[-86.14657,37.01348],[-86.14775,37.01269],[-86.1497,37.01258],[-86.15078,37.01283],[-86.15256,37.01158],[-86.15593,37.01101]]]}},{"type":"Feature","properties":{"kind":"minor-water","name":"Belcher Creek","ftype":460,"lengthKm":0.52,"hu8":"05110002","pid":"56287147"},"geometry":{"type":"MultiLineString","coordinates":[[[-86.60534,37.04243],[-86.60359,37.04303],[-86.60246,37.0413],[-86.60113,37.04181]]]}},{"type":"Feature","properties":{"kind":"minor-water","name":"Difficult Creek","ftype":460,"lengthKm":1.21,"hu8":"05110002","pid":"56289908"},"geometry":{"type":"MultiLineString","coordinates":[[[-86.14306,36.82024],[-86.14424,36.82111],[-86.14565,36.82369],[-86.14666,36.82466],[-86.14914,36.82633],[-86.15115,36.82656],[-86.15213,36.82759]]]}},{"type":"Feature","properties":{"kind":"minor-water","name":"Hunt Branch","ftype":460,"lengthKm":0.86,"hu8":"05110002","pid":"56290181"},"geometry":{"type":"MultiLineString","coordinates":[[[-85.96673,36.78397],[-85.96728,36.78402],[-85.96766,36.78332],[-85.96963,36.78206],[-85.97133,36.78165],[-85.97226,36.78058],[-85.97434,36.78001]]]}},{"type":"Feature","properties":{"kind":"minor-water","name":"Bays Fork","ftype":460,"lengthKm":0.49,"hu8":"05110002","pid":"56290481"},"geometry":{"type":"MultiLineString","coordinates":[[[-86.16602,36.76946],[-86.16768,36.77107],[-86.16932,36.77138],[-86.1694,36.77239]]]}},{"type":"Feature","properties":{"kind":"minor-water","name":"White Oak Creek","ftype":460,"lengthKm":1.03,"hu8":"05110002","pid":"56291888"},"geometry":{"type":"MultiLineString","coordinates":[[[-85.93687,36.63203],[-85.93744,36.6347],[-85.93653,36.63519],[-85.93584,36.63618],[-85.93239,36.63687],[-85.93074,36.63797]]]}},{"type":"Feature","properties":{"kind":"minor-water","name":"Little Trace Creek","ftype":460,"lengthKm":0.32,"hu8":"05110002","pid":"56293005"},"geometry":{"type":"MultiLineString","coordinates":[[[-85.71268,36.56936],[-85.71345,36.56968],[-85.71387,36.57083],[-85.71467,36.57153]]]}},{"type":"Feature","properties":{"kind":"minor-water","name":"Long Hungry Creek","ftype":460,"lengthKm":0.58,"hu8":"05110002","pid":"56294214"},"geometry":{"type":"MultiLineString","coordinates":[[[-85.88161,36.53605],[-85.88164,36.53643],[-85.88103,36.53691],[-85.88142,36.53734],[-85.88137,36.5379],[-85.87947,36.54056]]]}},{"type":"Feature","properties":{"kind":"minor-water","name":"Barren River","ftype":558,"lengthKm":0.2,"hu8":"05110002","pid":"56288330"},"geometry":{"type":"MultiLineString","coordinates":[[[-86.305,36.94485],[-86.30676,36.94368]]]}},{"type":"Feature","properties":{"kind":"minor-water","name":"Clear Fork Creek","ftype":558,"lengthKm":0.16,"hu8":"05110002","pid":"56288623"},"geometry":{"type":"MultiLineString","coordinates":[[[-86.63019,36.95549],[-86.6296,36.95492],[-86.62874,36.95511]]]}},{"type":"Feature","properties":{"kind":"minor-water","name":"Dry Creek","ftype":558,"lengthKm":0.01,"hu8":"05110002","pid":"56291135"},"geometry":{"type":"MultiLineString","coordinates":[[[-86.09146,36.70064],[-86.09136,36.70064]]]}},{"type":"Feature","properties":{"kind":"minor-water","name":"Barren River","ftype":558,"lengthKm":0.89,"hu8":"05110002","pid":"56291263"},"geometry":{"type":"MultiLineString","coordinates":[[[-86.02079,36.68689],[-86.02327,36.686],[-86.02458,36.68624],[-86.02543,36.68739],[-86.02565,36.68936],[-86.02677,36.69048]]]}},{"type":"Feature","properties":{"kind":"minor-water","name":"Mill Creek","ftype":558,"lengthKm":0.75,"hu8":"05110002","pid":"56291267"},"geometry":{"type":"MultiLineString","coordinates":[[[-85.77539,36.66681],[-85.77584,36.66688],[-85.77735,36.66618],[-85.77791,36.66491],[-85.78066,36.66501],[-85.78214,36.66575]]]}},{"type":"Feature","properties":{"kind":"minor-water","name":"Sharps Branch","ftype":558,"lengthKm":0.01,"hu8":"05110002","pid":"56291687"},"geometry":{"type":"MultiLineString","coordinates":[[[-86.54583,36.69224],[-86.54576,36.69225]]]}},{"type":"Feature","properties":{"kind":"minor-water","name":"Long Fork","ftype":558,"lengthKm":0.53,"hu8":"05110002","pid":"56294306"},"geometry":{"type":"MultiLineString","coordinates":[[[-85.93684,36.53518],[-85.93617,36.53583],[-85.93607,36.53692],[-85.93503,36.53774],[-85.93525,36.53848],[-85.93638,36.53872]]]}},{"type":"Feature","properties":{"kind":"minor-water","name":"West Fork Drakes Creek","ftype":558,"lengthKm":1.09,"hu8":"05110002","pid":"56290446"},"geometry":{"type":"MultiLineString","coordinates":[[[-86.52757,36.80114],[-86.52772,36.80179],[-86.52732,36.80225],[-86.52535,36.80336],[-86.52372,36.8037],[-86.5224,36.80475],[-86.5228,36.80587],[-86.52565,36.80715]]]}},{"type":"Feature","properties":{"kind":"minor-water","name":"Sinking Creek","ftype":460,"lengthKm":0.82,"hu8":"05110002","pid":"56290680"},"geometry":{"type":"MultiLineString","coordinates":[[[-86.58955,36.78523],[-86.58835,36.78648],[-86.58677,36.78705],[-86.58593,36.78848],[-86.58489,36.78912],[-86.5849,36.79093]]]}},{"type":"Feature","properties":{"kind":"minor-water","name":"Rays Branch","ftype":460,"lengthKm":0.75,"hu8":"05110002","pid":"56286800"},"geometry":{"type":"MultiLineString","coordinates":[[[-86.45281,37.06161],[-86.45406,37.06267],[-86.45626,37.06326],[-86.45659,37.06396],[-86.45749,37.06389],[-86.45779,37.06418],[-86.45982,37.06405]]]}},{"type":"Feature","properties":{"kind":"minor-water","name":"Little Muddy Creek","ftype":460,"lengthKm":0.45,"hu8":"05110002","pid":"56286274"},"geometry":{"type":"MultiLineString","coordinates":[[[-86.65852,37.16137],[-86.65771,37.16271],[-86.65648,37.16151],[-86.65587,37.16138],[-86.65535,37.1616]]]}},{"type":"Feature","properties":{"kind":"minor-water","name":"Peter Creek","ftype":460,"lengthKm":0.02,"hu8":"05110002","pid":"56290239"},"geometry":{"type":"MultiLineString","coordinates":[[[-85.80811,36.76036],[-85.80831,36.76034]]]}},{"type":"Feature","properties":{"kind":"minor-water","name":"White Oak Creek","ftype":460,"lengthKm":1.46,"hu8":"05110002","pid":"56292016"},"geometry":{"type":"MultiLineString","coordinates":[[[-85.93652,36.62122],[-85.93568,36.62069],[-85.93449,36.62141],[-85.93403,36.62327],[-85.93426,36.62561],[-85.93506,36.62752],[-85.93534,36.6294],[-85.93687,36.63203]]]}},{"type":"Feature","properties":{"kind":"minor-water","name":"Hanging Rock Branch","ftype":460,"lengthKm":0.87,"hu8":"05110002","pid":"56292297"},"geometry":{"type":"MultiLineString","coordinates":[[[-86.12074,36.62861],[-86.11978,36.62851],[-86.11643,36.62993],[-86.1137,36.63327]]]}},{"type":"Feature","properties":{"kind":"minor-water","name":"Long Creek","ftype":460,"lengthKm":0.29,"hu8":"05110002","pid":"56293023"},"geometry":{"type":"MultiLineString","coordinates":[[[-86.11307,36.6025],[-86.114,36.60369],[-86.11509,36.60446]]]}},{"type":"Feature","properties":{"kind":"minor-water","name":"Barren River","ftype":558,"lengthKm":0.66,"hu8":"05110002","pid":"56288134"},"geometry":{"type":"MultiLineString","coordinates":[[[-86.26814,36.95342],[-86.27054,36.95087],[-86.27145,36.94825]]]}},{"type":"Feature","properties":{"kind":"minor-water","name":"Barren River","ftype":558,"lengthKm":1.02,"hu8":"05110002","pid":"56288589"},"geometry":{"type":"MultiLineString","coordinates":[[[-86.14078,36.9171],[-86.1398,36.91876],[-86.13969,36.92076],[-86.13719,36.92573]]]}},{"type":"Feature","properties":{"kind":"minor-water","name":"Skaggs Creek","ftype":558,"lengthKm":1.08,"hu8":"05110002","pid":"56288225"},"geometry":{"type":"MultiLineString","coordinates":[[[-85.91695,36.91907],[-85.91754,36.91704],[-85.92009,36.91582],[-85.92317,36.91553],[-85.92411,36.91584],[-85.92495,36.91667],[-85.92608,36.91658]]]}},{"type":"Feature","properties":{"kind":"minor-water","name":"Skaggs Creek","ftype":558,"lengthKm":0.77,"hu8":"05110002","pid":"56288480"},"geometry":{"type":"MultiLineString","coordinates":[[[-85.93499,36.91153],[-85.935,36.90824],[-85.93679,36.90755],[-85.93932,36.90735]]]}},{"type":"Feature","properties":{"kind":"minor-water","name":"Trammel Creek","ftype":558,"lengthKm":0.98,"hu8":"05110002","pid":"56289686"},"geometry":{"type":"MultiLineString","coordinates":[[[-86.35298,36.8562],[-86.35361,36.85691],[-86.35754,36.85882],[-86.3629,36.85912]]]}},{"type":"Feature","properties":{"kind":"minor-water","name":"Trammel Creek","ftype":558,"lengthKm":0.26,"hu8":"05110002","pid":"56289688"},"geometry":{"type":"MultiLineString","coordinates":[[[-86.35623,36.85546],[-86.35335,36.85545]]]}},{"type":"Feature","properties":{"kind":"minor-water","name":"Long Creek","ftype":558,"lengthKm":0.89,"hu8":"05110002","pid":"56291061"},"geometry":{"type":"MultiLineString","coordinates":[[[-86.08441,36.7054],[-86.08414,36.70651],[-86.08447,36.70824],[-86.08232,36.71095],[-86.08213,36.71283]]]}},{"type":"Feature","properties":{"kind":"minor-water","name":"Barren River","ftype":558,"lengthKm":0.89,"hu8":"05110002","pid":"56291321"},"geometry":{"type":"MultiLineString","coordinates":[[[-85.8535,36.67327],[-85.85586,36.67261],[-85.85828,36.67109],[-85.86017,36.6679]]]}},{"type":"Feature","properties":{"kind":"minor-water","name":"Line Creek","ftype":558,"lengthKm":1.54,"hu8":"05110002","pid":"56291743"},"geometry":{"type":"MultiLineString","coordinates":[[[-85.80839,36.62979],[-85.80934,36.62875],[-85.81105,36.62913],[-85.81193,36.63042],[-85.81251,36.63538],[-85.81483,36.63687],[-85.81762,36.63734]]]}},{"type":"Feature","properties":{"kind":"minor-water","name":"Line Creek","ftype":558,"lengthKm":0.04,"hu8":"05110002","pid":"56291964"},"geometry":{"type":"MultiLineString","coordinates":[[[-85.64426,36.60309],[-85.64456,36.60287]]]}},{"type":"Feature","properties":{"kind":"minor-water","name":"Long Hungry Creek","ftype":460,"lengthKm":0.46,"hu8":"05110002","pid":"56294806"},"geometry":{"type":"MultiLineString","coordinates":[[[-85.89185,36.49576],[-85.89209,36.49753],[-85.89075,36.49966]]]}},{"type":"Feature","properties":{"kind":"minor-water","name":"Rose Creek","ftype":460,"lengthKm":0.94,"hu8":"05110002","pid":"56288763"},"geometry":{"type":"MultiLineString","coordinates":[[[-85.94751,36.89083],[-85.9495,36.89089],[-85.95135,36.89176],[-85.95528,36.89238],[-85.95628,36.89202],[-85.95756,36.8921]]]}},{"type":"Feature","properties":{"kind":"minor-water","name":"Smyrna Creek","ftype":558,"lengthKm":0.01,"hu8":"05110002","pid":"56291541"},"geometry":{"type":"MultiLineString","coordinates":[[[-86.41158,36.69655],[-86.41166,36.69662]]]}},{"type":"Feature","properties":{"kind":"minor-water","name":"Rough Creek","ftype":460,"lengthKm":3.92,"hu8":"05110002","pid":"56291525"},"geometry":{"type":"MultiLineString","coordinates":[[[-86.14264,36.69002],[-86.14825,36.68321],[-86.14867,36.68216],[-86.14859,36.6796],[-86.14994,36.67806],[-86.15089,36.67769],[-86.15238,36.67799],[-86.15415,36.67768],[-86.15516,36.6785],[-86.15597,36.67834],[-86.15679,36.67857],[-86.16116,36.68091],[-86.16372,36.68084],[-86.16796,36.68209],[-86.16951,36.68205],[-86.17097,36.68277],[-86.17224,36.68393],[-86.1735,36.6842],[-86.17383,36.68453]]]}},{"type":"Feature","properties":{"kind":"minor-water","name":"Clear Fork Creek","ftype":460,"lengthKm":0.96,"hu8":"05110002","pid":"56288925"},"geometry":{"type":"MultiLineString","coordinates":[[[-86.63994,36.93609],[-86.64038,36.93776],[-86.64134,36.93741],[-86.64217,36.93846],[-86.64235,36.94042],[-86.64121,36.94152],[-86.6417,36.94287]]]}},{"type":"Feature","properties":{"kind":"minor-water","name":"Dry Fork","ftype":460,"lengthKm":0.55,"hu8":"05110002","pid":"56289775"},"geometry":{"type":"MultiLineString","coordinates":[[[-85.87644,36.8091],[-85.87967,36.80961],[-85.88252,36.80963]]]}},{"type":"Feature","properties":{"kind":"minor-water","name":"Caney Fork","ftype":460,"lengthKm":0.79,"hu8":"05110002","pid":"56289466"},"geometry":{"type":"MultiLineString","coordinates":[[[-85.88171,36.83636],[-85.88557,36.83596],[-85.88766,36.83538],[-85.88835,36.83479],[-85.88998,36.83529]]]}},{"type":"Feature","properties":{"kind":"minor-water","name":"Solomon Creek","ftype":460,"lengthKm":1.58,"hu8":"05110002","pid":"56289760"},"geometry":{"type":"MultiLineString","coordinates":[[[-86.12108,36.82614],[-86.12187,36.82677],[-86.12282,36.82852],[-86.12436,36.82968],[-86.12526,36.83114],[-86.12514,36.83249],[-86.12617,36.83367],[-86.12578,36.83668],[-86.1262,36.83817],[-86.12606,36.83894]]]}},{"type":"Feature","properties":{"kind":"minor-water","name":"Bays Fork","ftype":460,"lengthKm":0.41,"hu8":"05110002","pid":"56290096"},"geometry":{"type":"MultiLineString","coordinates":[[[-86.25874,36.81301],[-86.2633,36.8133]]]}},{"type":"Feature","properties":{"kind":"minor-water","name":"Rhoden Creek","ftype":460,"lengthKm":0.23,"hu8":"05110002","pid":"56290790"},"geometry":{"type":"MultiLineString","coordinates":[[[-86.09839,36.73352],[-86.09763,36.73378],[-86.09728,36.73338],[-86.09618,36.73321]]]}},{"type":"Feature","properties":{"kind":"minor-water","name":"Figure Eight Branch","ftype":460,"lengthKm":0.8,"hu8":"05110002","pid":"56291385"},"geometry":{"type":"MultiLineString","coordinates":[[[-85.99476,36.67505],[-85.99505,36.67563],[-85.99814,36.67628],[-85.99845,36.67566],[-85.99948,36.67534],[-86.00197,36.6768]]]}},{"type":"Feature","properties":{"kind":"minor-water","name":"Doddy Branch","ftype":460,"lengthKm":0.17,"hu8":"05110002","pid":"56291719"},"geometry":{"type":"MultiLineString","coordinates":[[[-86.11526,36.65605],[-86.11367,36.65684]]]}},{"type":"Feature","properties":{"kind":"minor-water","name":"Little Trammel Creek","ftype":460,"lengthKm":1.98,"hu8":"05110002","pid":"56294116"},"geometry":{"type":"MultiLineString","coordinates":[[[-86.24675,36.57201],[-86.24701,36.57387],[-86.24891,36.57612],[-86.25117,36.5779],[-86.25346,36.57877],[-86.25514,36.57977],[-86.2559,36.58108],[-86.25833,36.58272],[-86.2606,36.58502]]]}},{"type":"Feature","properties":{"kind":"minor-water","name":"Salt Lick Creek","ftype":460,"lengthKm":0.36,"hu8":"05110002","pid":"56294881"},"geometry":{"type":"MultiLineString","coordinates":[[[-85.85694,36.48734],[-85.85551,36.48812],[-85.85328,36.48869]]]}},{"type":"Feature","properties":{"kind":"minor-water","name":"Barren River","ftype":558,"lengthKm":0.26,"hu8":"05110002","pid":"56288363"},"geometry":{"type":"MultiLineString","coordinates":[[[-86.23735,36.93673],[-86.23784,36.93904]]]}},{"type":"Feature","properties":{"kind":"minor-water","name":"Little Difficult Creek","ftype":558,"lengthKm":0.02,"hu8":"05110002","pid":"56288904"},"geometry":{"type":"MultiLineString","coordinates":[[[-86.21209,36.90381],[-86.21214,36.90395]]]}},{"type":"Feature","properties":{"kind":"minor-water","name":"Gasper River","ftype":558,"lengthKm":1.59,"hu8":"05110002","pid":"56286743"},"geometry":{"type":"MultiLineString","coordinates":[[[-86.57982,37.07676],[-86.58364,37.07858],[-86.58471,37.07938],[-86.58465,37.08348],[-86.58421,37.0839],[-86.58293,37.08422],[-86.57817,37.08477]]]}},{"type":"Feature","properties":{"kind":"minor-water","name":"Gasper River","ftype":558,"lengthKm":0.12,"hu8":"05110002","pid":"56287054"},"geometry":{"type":"MultiLineString","coordinates":[[[-86.58304,37.04721],[-86.58191,37.04772]]]}},{"type":"Feature","properties":{"kind":"minor-water","name":"Trammel Creek","ftype":558,"lengthKm":0.58,"hu8":"05110002","pid":"56290987"},"geometry":{"type":"MultiLineString","coordinates":[[[-86.2722,36.72792],[-86.27284,36.73003],[-86.27287,36.73304]]]}},{"type":"Feature","properties":{"kind":"minor-water","name":"Long Creek","ftype":558,"lengthKm":1.43,"hu8":"05110002","pid":"56291299"},"geometry":{"type":"MultiLineString","coordinates":[[[-86.09143,36.68924],[-86.09008,36.68988],[-86.08986,36.69044],[-86.09136,36.69727],[-86.09283,36.69895],[-86.09136,36.70064]]]}},{"type":"Feature","properties":{"kind":"minor-water","name":"Middle Fork Drakes Creek","ftype":558,"lengthKm":1.12,"hu8":"05110002","pid":"56291389"},"geometry":{"type":"MultiLineString","coordinates":[[[-86.36328,36.70478],[-86.36557,36.70642],[-86.36658,36.70678],[-86.3692,36.70722],[-86.37043,36.70696],[-86.3724,36.70729],[-86.3748,36.70706]]]}},{"type":"Feature","properties":{"kind":"minor-water","name":"Indian Creek","ftype":460,"lengthKm":0.46,"hu8":"05110002","pid":"56290844"},"geometry":{"type":"MultiLineString","coordinates":[[[-85.91141,36.71567],[-85.91309,36.71498],[-85.91185,36.7126]]]}},{"type":"Feature","properties":{"kind":"minor-water","name":"East Fork Barren River","ftype":558,"lengthKm":0.5,"hu8":"05110002","pid":"56290657"},"geometry":{"type":"MultiLineString","coordinates":[[[-85.75897,36.7198],[-85.75977,36.71989],[-85.76022,36.72053],[-85.76096,36.72053],[-85.76245,36.71997],[-85.76295,36.71883]]]}},{"type":"Feature","properties":{"kind":"minor-water","name":"Neils Creek","ftype":460,"lengthKm":0.73,"hu8":"05110002","pid":"56287351"},"geometry":{"type":"MultiLineString","coordinates":[[[-86.69805,37.03269],[-86.69585,37.03299],[-86.69509,37.03336],[-86.69385,37.03307],[-86.69254,37.03315],[-86.69023,37.03239]]]}},{"type":"Feature","properties":{"kind":"minor-water","name":"Lick Branch","ftype":460,"lengthKm":0.33,"hu8":"05110002","pid":"56293399"},"geometry":{"type":"MultiLineString","coordinates":[[[-86.0127,36.58072],[-86.01361,36.58355]]]}},{"type":"Feature","properties":{"kind":"minor-water","name":"Glover Creek","ftype":460,"lengthKm":1.59,"hu8":"05110002","pid":"56290360"},"geometry":{"type":"MultiLineString","coordinates":[[[-86.01736,36.77247],[-86.0187,36.77227],[-86.01901,36.77176],[-86.02034,36.7715],[-86.02148,36.77067],[-86.02344,36.7708],[-86.0254,36.77018],[-86.0282,36.76836],[-86.02861,36.76714],[-86.02967,36.76584],[-86.03102,36.76507]]]}},{"type":"Feature","properties":{"kind":"minor-water","name":"Lick Creek","ftype":460,"lengthKm":0.98,"hu8":"05110002","pid":"56291494"},"geometry":{"type":"MultiLineString","coordinates":[[[-86.4703,36.70556],[-86.47175,36.70658],[-86.47196,36.70814],[-86.47409,36.70825],[-86.47538,36.70969],[-86.47799,36.71028]]]}},{"type":"Feature","properties":{"kind":"minor-water","name":"Wilson Branch","ftype":460,"lengthKm":0.12,"hu8":"05110002","pid":"56293943"},"geometry":{"type":"MultiLineString","coordinates":[[[-85.80397,36.54337],[-85.80263,36.54341]]]}},{"type":"Feature","properties":{"kind":"minor-water","name":"Dutch Creek","ftype":460,"lengthKm":0.8,"hu8":"05110002","pid":"56293949"},"geometry":{"type":"MultiLineString","coordinates":[[[-86.29288,36.58389],[-86.29363,36.58489],[-86.29485,36.58553],[-86.29768,36.5858],[-86.29836,36.58629],[-86.30058,36.5867]]]}},{"type":"Feature","properties":{"kind":"minor-water","name":"West Fork Drakes Creek","ftype":460,"lengthKm":1.31,"hu8":"05110002","pid":"56294533"},"geometry":{"type":"MultiLineString","coordinates":[[[-86.46198,36.56387],[-86.462,36.56467],[-86.46144,36.56533],[-86.45952,36.56521],[-86.4589,36.56549],[-86.45848,36.56678],[-86.45873,36.56789],[-86.45796,36.56858],[-86.4585,36.57137],[-86.45931,36.57158],[-86.46072,36.5712]]]}},{"type":"Feature","properties":{"kind":"minor-water","name":"Middle Fork Drakes Creek","ftype":558,"lengthKm":0.59,"hu8":"05110002","pid":"56291712"},"geometry":{"type":"MultiLineString","coordinates":[[[-86.34203,36.67504],[-86.34109,36.67567],[-86.33965,36.67765],[-86.34091,36.67938]]]}},{"type":"Feature","properties":{"kind":"minor-water","name":"West Fork Drakes Creek","ftype":558,"lengthKm":0.2,"hu8":"05110002","pid":"56291714"},"geometry":{"type":"MultiLineString","coordinates":[[[-86.54447,36.69094],[-86.54542,36.69135],[-86.54576,36.69225]]]}},{"type":"Feature","properties":{"kind":"minor-water","name":"Middle Fork Drakes Creek","ftype":558,"lengthKm":0.23,"hu8":"05110002","pid":"56291732"},"geometry":{"type":"MultiLineString","coordinates":[[[-86.34324,36.67325],[-86.34292,36.6741],[-86.34203,36.67504]]]}},{"type":"Feature","properties":{"kind":"minor-water","name":"Long Fork","ftype":558,"lengthKm":0.15,"hu8":"05110002","pid":"56292348"},"geometry":{"type":"MultiLineString","coordinates":[[[-85.92441,36.61054],[-85.92333,36.6116]]]}},{"type":"Feature","properties":{"kind":"minor-water","name":"Puncheon Creek","ftype":460,"lengthKm":1.09,"hu8":"05110002","pid":"56291660"},"geometry":{"type":"MultiLineString","coordinates":[[[-86.00213,36.65023],[-86.00123,36.65132],[-86.00134,36.65264],[-86.00428,36.65543],[-86.00315,36.65627],[-86.00196,36.65654],[-86.00109,36.6576]]]}},{"type":"Feature","properties":{"kind":"minor-water","name":"Gardner Creek","ftype":460,"lengthKm":0.58,"hu8":"05110002","pid":"56286603"},"geometry":{"type":"MultiLineString","coordinates":[[[-86.08925,37.05078],[-86.09006,37.05121],[-86.09083,37.05271],[-86.09307,37.05318],[-86.0941,37.05268]]]}},{"type":"Feature","properties":{"kind":"minor-water","name":"Ivy Branch","ftype":460,"lengthKm":1.14,"hu8":"05110002","pid":"56287784"},"geometry":{"type":"MultiLineString","coordinates":[[[-86.56911,36.99165],[-86.57092,36.99197],[-86.57204,36.99271],[-86.57459,36.99347],[-86.57716,36.9951],[-86.57876,36.99704],[-86.57941,36.99709]]]}},{"type":"Feature","properties":{"kind":"minor-water","name":"Muncie Branch","ftype":460,"lengthKm":0.4,"hu8":"05110002","pid":"56289559"},"geometry":{"type":"MultiLineString","coordinates":[[[-85.7332,36.81495],[-85.73754,36.81404]]]}},{"type":"Feature","properties":{"kind":"minor-water","name":"Gasper River","ftype":460,"lengthKm":2.13,"hu8":"05110002","pid":"56289522"},"geometry":{"type":"MultiLineString","coordinates":[[[-86.73653,36.9052],[-86.73785,36.90568],[-86.73924,36.907],[-86.74035,36.90723],[-86.73955,36.90881],[-86.74078,36.91024],[-86.7401,36.91049],[-86.74081,36.91193],[-86.74066,36.91287],[-86.73969,36.91266],[-86.74064,36.91333],[-86.73995,36.91409],[-86.74038,36.91442],[-86.73963,36.91461],[-86.74024,36.91521],[-86.73996,36.91566],[-86.74059,36.91545],[-86.74061,36.91602],[-86.74019,36.9162],[-86.74075,36.91669],[-86.74062,36.91706],[-86.74125,36.91721],[-86.74152,36.91685],[-86.74175,36.91698]]]}},{"type":"Feature","properties":{"kind":"minor-water","name":"North Prong Bays Fork","ftype":460,"lengthKm":2.33,"hu8":"05110002","pid":"56290126"},"geometry":{"type":"MultiLineString","coordinates":[[[-86.19442,36.80462],[-86.19654,36.80566],[-86.19814,36.80528],[-86.19979,36.8059],[-86.20107,36.80594],[-86.20287,36.80675],[-86.20378,36.80809],[-86.20596,36.80867],[-86.20723,36.80969],[-86.20864,36.80965],[-86.21055,36.80898],[-86.21296,36.81004],[-86.21426,36.80962],[-86.21563,36.81015],[-86.21673,36.81021],[-86.21694,36.81063]]]}},{"type":"Feature","properties":{"kind":"minor-water","name":"Bays Fork","ftype":460,"lengthKm":0.2,"hu8":"05110002","pid":"56290575"},"geometry":{"type":"MultiLineString","coordinates":[[[-86.1553,36.75714],[-86.15638,36.75871]]]}},{"type":"Feature","properties":{"kind":"minor-water","name":"Long Hungry Creek","ftype":460,"lengthKm":0.73,"hu8":"05110002","pid":"56291446"},"geometry":{"type":"MultiLineString","coordinates":[[[-86.04409,36.67396],[-86.04325,36.67583],[-86.04226,36.67618],[-86.03936,36.67906]]]}},{"type":"Feature","properties":{"kind":"minor-water","name":"Grace Creek","ftype":460,"lengthKm":0.51,"hu8":"05110002","pid":"56293092"},"geometry":{"type":"MultiLineString","coordinates":[[[-86.51262,36.6321],[-86.51265,36.63377],[-86.51177,36.63502],[-86.5117,36.63592],[-86.51121,36.63632]]]}},{"type":"Feature","properties":{"kind":"minor-water","name":"Long Creek","ftype":460,"lengthKm":0.26,"hu8":"05110002","pid":"56293463"},"geometry":{"type":"MultiLineString","coordinates":[[[-86.11584,36.58699],[-86.11478,36.58756],[-86.11443,36.58885]]]}},{"type":"Feature","properties":{"kind":"minor-water","name":"West Fork Drakes Creek","ftype":460,"lengthKm":0.2,"hu8":"05110002","pid":"56293983"},"geometry":{"type":"MultiLineString","coordinates":[[[-86.45752,36.59553],[-86.45837,36.5972]]]}},{"type":"Feature","properties":{"kind":"minor-water","name":"Falling Timber Creek","ftype":558,"lengthKm":0.62,"hu8":"05110002","pid":"56287928"},"geometry":{"type":"MultiLineString","coordinates":[[[-85.80673,36.92306],[-85.80795,36.92226],[-85.8107,36.92149],[-85.81271,36.92271]]]}},{"type":"Feature","properties":{"kind":"minor-water","name":"Barren River","ftype":558,"lengthKm":0.2,"hu8":"05110002","pid":"56288024"},"geometry":{"type":"MultiLineString","coordinates":[[[-86.25793,36.95255],[-86.25673,36.95411]]]}},{"type":"Feature","properties":{"kind":"minor-water","name":"Skaggs Creek","ftype":558,"lengthKm":0.45,"hu8":"05110002","pid":"56288456"},"geometry":{"type":"MultiLineString","coordinates":[[[-85.89377,36.90457],[-85.89527,36.9066],[-85.89743,36.90647]]]}},{"type":"Feature","properties":{"kind":"minor-water","name":"Gasper River","ftype":558,"lengthKm":2.35,"hu8":"05110002","pid":"56288599"},"geometry":{"type":"MultiLineString","coordinates":[[[-86.71273,36.9624],[-86.71325,36.96281],[-86.713,36.9634],[-86.7111,36.96369],[-86.71228,36.96573],[-86.71047,36.96953],[-86.70993,36.96952],[-86.70914,36.96885],[-86.70943,36.96706],[-86.70879,36.96671],[-86.70739,36.96775],[-86.70426,36.96772],[-86.70269,36.9695],[-86.70047,36.97054]]]}},{"type":"Feature","properties":{"kind":"minor-water","name":"Barren River","ftype":558,"lengthKm":3,"hu8":"05110002","pid":"56291530"},"geometry":{"type":"MultiLineString","coordinates":[[[-85.89961,36.65803],[-85.90335,36.65672],[-85.90606,36.65689],[-85.91066,36.66025],[-85.91401,36.66194],[-85.91526,36.6631],[-85.91594,36.66463],[-85.91562,36.66545],[-85.91081,36.66883],[-85.91013,36.66899],[-85.90864,36.66856],[-85.90775,36.67087]]]}},{"type":"Feature","properties":{"kind":"minor-water","name":"West Fork Drakes Creek","ftype":558,"lengthKm":0.27,"hu8":"05110002","pid":"56292090"},"geometry":{"type":"MultiLineString","coordinates":[[[-86.51141,36.66829],[-86.51253,36.66857],[-86.51337,36.66989]]]}},{"type":"Feature","properties":{"kind":"minor-water","name":"Salt Lick Creek","ftype":558,"lengthKm":0.25,"hu8":"05110002","pid":"56292558"},"geometry":{"type":"MultiLineString","coordinates":[[[-85.8801,36.59898],[-85.88139,36.59969],[-85.88259,36.59932]]]}},{"type":"Feature","properties":{"kind":"minor-water","name":"Nobob Creek","ftype":460,"lengthKm":0.85,"hu8":"05110002","pid":"56288852"},"geometry":{"type":"MultiLineString","coordinates":[[[-85.71417,36.8698],[-85.71661,36.86849],[-85.71838,36.86797],[-85.72123,36.86793],[-85.72289,36.86727]]]}},{"type":"Feature","properties":{"kind":"minor-water","name":"Mount Pleasant Branch","ftype":460,"lengthKm":0.98,"hu8":"05110002","pid":"120637221"},"geometry":{"type":"MultiLineString","coordinates":[[[-85.91631,36.89606],[-85.91779,36.89821],[-85.91914,36.89923],[-85.91957,36.89994],[-85.91961,36.90117],[-85.92088,36.90234],[-85.92139,36.90362]]]}},{"type":"Feature","properties":{"kind":"minor-water","name":"Barren Fork","ftype":460,"lengthKm":0.86,"hu8":"05110002","pid":"56286548"},"geometry":{"type":"MultiLineString","coordinates":[[[-85.82778,37.03565],[-85.82864,37.03476],[-85.83158,37.03457],[-85.83367,37.0341],[-85.83678,37.03411]]]}},{"type":"Feature","properties":{"kind":"minor-water","name":"Falling Timber Creek","ftype":460,"lengthKm":1.36,"hu8":"05110002","pid":"56287717"},"geometry":{"type":"MultiLineString","coordinates":[[[-85.77163,36.93921],[-85.77445,36.93826],[-85.77581,36.93626],[-85.77898,36.93423],[-85.78249,36.93292],[-85.78387,36.93268]]]}},{"type":"Feature","properties":{"kind":"minor-water","name":"Rough Creek","ftype":460,"lengthKm":0.97,"hu8":"05110002","pid":"56291386"},"geometry":{"type":"MultiLineString","coordinates":[[[-86.18809,36.69198],[-86.19236,36.69206],[-86.19402,36.69129],[-86.19614,36.69181],[-86.19706,36.69231],[-86.19784,36.69199],[-86.19834,36.69213]]]}},{"type":"Feature","properties":{"kind":"minor-water","name":"Brushy Fork","ftype":558,"lengthKm":0.01,"hu8":"05110002","pid":"56287894"},"geometry":{"type":"MultiLineString","coordinates":[[[-85.80667,36.92299],[-85.80673,36.92306]]]}},{"type":"Feature","properties":{"kind":"minor-water","name":"Westbrook Creek","ftype":460,"lengthKm":1.04,"hu8":"05110002","pid":"56287109"},"geometry":{"type":"MultiLineString","coordinates":[[[-86.56973,37.04224],[-86.57087,37.04198],[-86.57478,37.04339],[-86.5759,37.04333],[-86.57689,37.04408],[-86.57804,37.04412],[-86.57907,37.04493],[-86.57866,37.04575]]]}},{"type":"Feature","properties":{"kind":"minor-water","name":"Ivy Branch","ftype":460,"lengthKm":0.72,"hu8":"05110002","pid":"56287665"},"geometry":{"type":"MultiLineString","coordinates":[[[-86.57941,36.99709],[-86.58197,36.99865],[-86.58301,37.00012],[-86.58553,37.00109]]]}},{"type":"Feature","properties":{"kind":"minor-water","name":"Elbow Spring Creek","ftype":460,"lengthKm":1.68,"hu8":"05110002","pid":"56287837"},"geometry":{"type":"MultiLineString","coordinates":[[[-85.8236,36.9435],[-85.8245,36.93962],[-85.82535,36.93796],[-85.82512,36.93564],[-85.82422,36.93345],[-85.82538,36.92939],[-85.82506,36.92887]]]}},{"type":"Feature","properties":{"kind":"minor-water","name":"Nobob Creek","ftype":460,"lengthKm":0.23,"hu8":"05110002","pid":"56288732"},"geometry":{"type":"MultiLineString","coordinates":[[[-85.69708,36.87226],[-85.69833,36.87233],[-85.69912,36.87206],[-85.69948,36.87229]]]}},{"type":"Feature","properties":{"kind":"minor-water","name":"Hackers Branch","ftype":460,"lengthKm":0.52,"hu8":"05110002","pid":"56289453"},"geometry":{"type":"MultiLineString","coordinates":[[[-85.78801,36.82731],[-85.78836,36.82896],[-85.78735,36.83188]]]}},{"type":"Feature","properties":{"kind":"minor-water","name":"Sulphur Creek","ftype":460,"lengthKm":1.69,"hu8":"05110002","pid":"56289767"},"geometry":{"type":"MultiLineString","coordinates":[[[-86.22072,36.83818],[-86.22327,36.84011],[-86.2231,36.84102],[-86.22383,36.8425],[-86.22507,36.84365],[-86.22496,36.84455],[-86.22592,36.84579],[-86.22702,36.84907],[-86.22631,36.85094],[-86.22642,36.85161]]]}},{"type":"Feature","properties":{"kind":"minor-water","name":"Glover Creek","ftype":460,"lengthKm":0.95,"hu8":"05110002","pid":"56290299"},"geometry":{"type":"MultiLineString","coordinates":[[[-86.00446,36.77403],[-86.0074,36.77331],[-86.01017,36.77193],[-86.01066,36.77222],[-86.01439,36.77199]]]}},{"type":"Feature","properties":{"kind":"minor-water","name":"Long Hungry Creek","ftype":460,"lengthKm":0.48,"hu8":"05110002","pid":"56293673"},"geometry":{"type":"MultiLineString","coordinates":[[[-85.87417,36.55948],[-85.87391,36.56076],[-85.87175,36.5632]]]}},{"type":"Feature","properties":{"kind":"minor-water","name":"Mays Branch","ftype":460,"lengthKm":0.76,"hu8":"05110002","pid":"56292554"},"geometry":{"type":"MultiLineString","coordinates":[[[-86.44868,36.64572],[-86.44978,36.64732],[-86.44999,36.649],[-86.44976,36.65007],[-86.44832,36.65198]]]}},{"type":"Feature","properties":{"kind":"minor-water","name":"Barren River","ftype":558,"lengthKm":1.51,"hu8":"05110002","pid":"56286403"},"geometry":{"type":"MultiLineString","coordinates":[[[-86.5811,37.10948],[-86.58176,37.11372],[-86.58117,37.11721],[-86.58127,37.11853],[-86.58204,37.12016],[-86.58432,37.12217]]]}},{"type":"Feature","properties":{"kind":"minor-water","name":"Drakes Creek","ftype":558,"lengthKm":0.97,"hu8":"05110002","pid":"56287987"},"geometry":{"type":"MultiLineString","coordinates":[[[-86.37247,36.95929],[-86.37227,36.96062],[-86.37352,36.96288],[-86.37819,36.96609]]]}},{"type":"Feature","properties":{"kind":"minor-water","name":"Big Spring Branch","ftype":558,"lengthKm":0.01,"hu8":"05110002","pid":"56290514"},"geometry":{"type":"MultiLineString","coordinates":[[[-86.38913,36.78395],[-86.3892,36.78394]]]}},{"type":"Feature","properties":{"kind":"minor-water","name":"Long Hungry Creek","ftype":558,"lengthKm":0.05,"hu8":"05110002","pid":"56295019"},"geometry":{"type":"MultiLineString","coordinates":[[[-85.90395,36.47557],[-85.90376,36.47596]]]}},{"type":"Feature","properties":{"kind":"minor-water","name":"Barren River","ftype":558,"lengthKm":2.13,"hu8":"05110002","pid":"56288980"},"geometry":{"type":"MultiLineString","coordinates":[[[-86.14136,36.89239],[-86.14245,36.89271],[-86.14321,36.89362],[-86.14478,36.89398],[-86.14527,36.89514],[-86.14687,36.89649],[-86.14702,36.8973],[-86.14511,36.89931],[-86.14305,36.90077],[-86.13897,36.90202],[-86.13581,36.90214],[-86.13461,36.90287]]]}},{"type":"Feature","properties":{"kind":"minor-water","name":"Trammel Creek","ftype":558,"lengthKm":1.78,"hu8":"05110002","pid":"56290741"},"geometry":{"type":"MultiLineString","coordinates":[[[-86.30528,36.75497],[-86.30622,36.75626],[-86.30622,36.75696],[-86.305,36.75925],[-86.30202,36.76264],[-86.30068,36.76585],[-86.30043,36.76739],[-86.3007,36.76959]]]}},{"type":"Feature","properties":{"kind":"minor-water","name":"Peter Creek","ftype":558,"lengthKm":0.32,"hu8":"05110002","pid":"56289685"},"geometry":{"type":"MultiLineString","coordinates":[[[-85.9572,36.82351],[-85.95777,36.82632]]]}},{"type":"Feature","properties":{"kind":"minor-water","name":"West Bays Fork","ftype":460,"lengthKm":0.72,"hu8":"05110002","pid":"56290696"},"geometry":{"type":"MultiLineString","coordinates":[[[-86.20186,36.75149],[-86.20229,36.75439],[-86.20312,36.75562],[-86.20327,36.75776]]]}},{"type":"Feature","properties":{"kind":"minor-water","name":"Indian Creek","ftype":460,"lengthKm":0.45,"hu8":"05110002","pid":"56291084"},"geometry":{"type":"MultiLineString","coordinates":[[[-85.94234,36.6945],[-85.94327,36.69342],[-85.94634,36.69233]]]}},{"type":"Feature","properties":{"kind":"minor-water","name":"East Fork Barren River","ftype":460,"lengthKm":1.66,"hu8":"05110002","pid":"56290367"},"geometry":{"type":"MultiLineString","coordinates":[[[-85.70652,36.74299],[-85.70975,36.74242],[-85.71178,36.74259],[-85.71286,36.74215],[-85.71566,36.74172],[-85.71823,36.74195],[-85.72136,36.74278],[-85.7234,36.74213],[-85.72358,36.74122]]]}},{"type":"Feature","properties":{"kind":"minor-water","name":"Mill Creek","ftype":460,"lengthKm":1.37,"hu8":"05110002","pid":"56291200"},"geometry":{"type":"MultiLineString","coordinates":[[[-85.73086,36.67365],[-85.73167,36.67388],[-85.73346,36.6732],[-85.73562,36.67172],[-85.73746,36.66934],[-85.73769,36.66836],[-85.73889,36.66689],[-85.73973,36.66646],[-85.74024,36.66512]]]}},{"type":"Feature","properties":{"kind":"minor-water","name":"Jennings Creek","ftype":460,"lengthKm":0.65,"hu8":"05110002","pid":"fe8ae98f-0bc3-4f77-b7fc-e10de4060ba4"},"geometry":{"type":"MultiLineString","coordinates":[[[-86.48181,36.99458],[-86.48209,36.99595],[-86.48309,36.99731],[-86.48563,36.99938]]]}},{"type":"Feature","properties":{"kind":"minor-water","name":"East Fork Barren River","ftype":460,"lengthKm":1.1,"hu8":"05110002","pid":"56290348"},"geometry":{"type":"MultiLineString","coordinates":[[[-85.72965,36.74341],[-85.73147,36.74373],[-85.73351,36.74623],[-85.73834,36.7467],[-85.74013,36.74725]]]}},{"type":"Feature","properties":{"kind":"minor-water","name":"Mill Creek","ftype":460,"lengthKm":0.94,"hu8":"05110002","pid":"56291106"},"geometry":{"type":"MultiLineString","coordinates":[[[-85.72094,36.67153],[-85.72359,36.67175],[-85.72806,36.6729],[-85.7286,36.6735],[-85.73086,36.67365]]]}},{"type":"Feature","properties":{"kind":"minor-water","name":"Beaver Creek","ftype":460,"lengthKm":2.19,"hu8":"05110002","pid":"56286889"},"geometry":{"type":"MultiLineString","coordinates":[[[-85.78008,36.9926],[-85.78064,36.99339],[-85.78206,36.99423],[-85.78291,36.99434],[-85.7837,36.99391],[-85.78476,36.99436],[-85.78532,36.99575],[-85.78715,36.99626],[-85.7885,36.99811],[-85.78992,36.99893],[-85.79069,37.0004],[-85.7921,37.00134],[-85.79257,37.00123],[-85.79341,37.0016],[-85.7944,37.00284],[-85.79563,37.00281],[-85.79621,37.0036],[-85.79678,37.00358],[-85.79689,37.00396]]]}},{"type":"Feature","properties":{"kind":"minor-water","name":"Twitters Branch","ftype":460,"lengthKm":3.98,"hu8":"05110002","pid":"56289471"},"geometry":{"type":"MultiLineString","coordinates":[[[-85.85903,36.83202],[-85.85874,36.83253],[-85.85759,36.83323],[-85.85715,36.83513],[-85.85813,36.83812],[-85.85885,36.83883],[-85.86036,36.83909],[-85.86124,36.83969],[-85.86083,36.8409],[-85.85897,36.8435],[-85.85823,36.84381],[-85.85691,36.84538],[-85.85581,36.84596],[-85.8547,36.84819],[-85.85349,36.84922],[-85.85206,36.8497],[-85.84696,36.85375],[-85.84603,36.85558],[-85.84472,36.85692],[-85.84476,36.85775],[-85.84388,36.86042]]]}},{"type":"Feature","properties":{"kind":"minor-water","name":"Dry Fork Creek","ftype":460,"lengthKm":0.58,"hu8":"05110002","pid":"56294450"},"geometry":{"type":"MultiLineString","coordinates":[[[-86.44405,36.56892],[-86.44713,36.56977],[-86.44816,36.5706],[-86.44874,36.57197]]]}},{"type":"Feature","properties":{"kind":"minor-water","name":"Gwinn Branch","ftype":460,"lengthKm":2.46,"hu8":"05110002","pid":"56291600"},"geometry":{"type":"MultiLineString","coordinates":[[[-85.86921,36.63182],[-85.87028,36.63311],[-85.87066,36.63475],[-85.87073,36.63579],[-85.87002,36.63707],[-85.86989,36.63828],[-85.87023,36.6403],[-85.87223,36.64362],[-85.87641,36.64771],[-85.87767,36.64813],[-85.87874,36.64813],[-85.87967,36.64874],[-85.88126,36.64911]]]}},{"type":"Feature","properties":{"kind":"minor-water","name":"White Oak Creek","ftype":460,"lengthKm":0.46,"hu8":"05110002","pid":"56292310"},"geometry":{"type":"MultiLineString","coordinates":[[[-85.9523,36.61416],[-85.95185,36.61429],[-85.95053,36.61577],[-85.95061,36.61772]]]}},{"type":"Feature","properties":{"kind":"minor-water","name":"Dry Branch","ftype":460,"lengthKm":0.15,"hu8":"05110002","pid":"56293207"},"geometry":{"type":"MultiLineString","coordinates":[[[-85.92932,36.58084],[-85.9303,36.58199]]]}},{"type":"Feature","properties":{"kind":"minor-water","name":"Town Creek","ftype":460,"lengthKm":0.27,"hu8":"05110002","pid":"56294577"},"geometry":{"type":"MultiLineString","coordinates":[[[-86.01054,36.52349],[-86.00912,36.52376],[-86.00871,36.52414],[-86.00779,36.52417]]]}},{"type":"Feature","properties":{"kind":"minor-water","name":"Long Fork","ftype":460,"lengthKm":0.34,"hu8":"05110002","pid":"56295078"},"geometry":{"type":"MultiLineString","coordinates":[[[-85.93107,36.47022],[-85.93385,36.47089],[-85.93451,36.47133]]]}},{"type":"Feature","properties":{"kind":"minor-water","name":"Middle Fork Drakes Creek","ftype":558,"lengthKm":1.27,"hu8":"05110002","pid":"56292794"},"geometry":{"type":"MultiLineString","coordinates":[[[-86.32656,36.6269],[-86.32773,36.62803],[-86.32796,36.62891],[-86.32987,36.63089],[-86.33066,36.63232],[-86.33172,36.63317],[-86.32869,36.63612]]]}},{"type":"Feature","properties":{"kind":"minor-water","name":"Salt Lick Creek","ftype":558,"lengthKm":0.14,"hu8":"05110002","pid":"56293018"},"geometry":{"type":"MultiLineString","coordinates":[[[-85.87805,36.58307],[-85.87868,36.58421]]]}},{"type":"Feature","properties":{"kind":"minor-water","name":"Barren River","ftype":558,"lengthKm":2.67,"hu8":"05110002","pid":"56286268"},"geometry":{"type":"MultiLineString","coordinates":[[[-86.61436,37.16036],[-86.61422,37.1618],[-86.61336,37.1642],[-86.61343,37.16582],[-86.61446,37.16719],[-86.61845,37.16895],[-86.62292,37.17329],[-86.62368,37.17504],[-86.62378,37.17614],[-86.62278,37.17947],[-86.62323,37.18061]]]}},{"type":"Feature","properties":{"kind":"minor-water","name":"Falling Timber Creek","ftype":558,"lengthKm":0.16,"hu8":"05110002","pid":"56288062"},"geometry":{"type":"MultiLineString","coordinates":[[[-85.86659,36.9187],[-85.86831,36.91825]]]}},{"type":"Feature","properties":{"kind":"minor-water","name":"Indian Creek","ftype":460,"lengthKm":0.45,"hu8":"05110002","pid":"56291054"},"geometry":{"type":"MultiLineString","coordinates":[[[-85.92511,36.69704],[-85.92511,36.69584],[-85.92718,36.69357]]]}},{"type":"Feature","properties":{"kind":"minor-water","name":"Curtis Branch","ftype":460,"lengthKm":0.77,"hu8":"05110002","pid":"56290861"},"geometry":{"type":"MultiLineString","coordinates":[[[-85.71328,36.70397],[-85.71179,36.70209],[-85.70867,36.70112],[-85.70685,36.69976]]]}},{"type":"Feature","properties":{"kind":"minor-water","name":"Trammel Creek","ftype":460,"lengthKm":0.36,"hu8":"05110002","pid":"56291734"},"geometry":{"type":"MultiLineString","coordinates":[[[-86.20721,36.66122],[-86.20745,36.66183],[-86.20695,36.66443]]]}},{"type":"Feature","properties":{"kind":"minor-water","name":"Caney Fork","ftype":460,"lengthKm":0.49,"hu8":"05110002","pid":"56289319"},"geometry":{"type":"MultiLineString","coordinates":[[[-85.93577,36.8483],[-85.93687,36.84875],[-85.93701,36.84921],[-85.93796,36.84945],[-85.93858,36.84913],[-85.93911,36.84924],[-85.94015,36.84847]]]}},{"type":"Feature","properties":{"kind":"minor-water","name":"Little Trammel Creek","ftype":460,"lengthKm":0.69,"hu8":"05110002","pid":"56291967"},"geometry":{"type":"MultiLineString","coordinates":[[[-86.25868,36.65424],[-86.25833,36.65507],[-86.25844,36.65784],[-86.25667,36.65999]]]}},{"type":"Feature","properties":{"kind":"minor-water","name":"Little Trace Creek","ftype":460,"lengthKm":0.04,"hu8":"05110002","pid":"56292529"},"geometry":{"type":"MultiLineString","coordinates":[[[-85.73868,36.58767],[-85.73909,36.58771]]]}},{"type":"Feature","properties":{"kind":"minor-water","name":"Little Salt Lick Creek","ftype":460,"lengthKm":0.2,"hu8":"05110002","pid":"56293045"},"geometry":{"type":"MultiLineString","coordinates":[[[-85.85438,36.57992],[-85.85422,36.58077],[-85.85469,36.58161]]]}},{"type":"Feature","properties":{"kind":"minor-water","name":"Wiggington Creek","ftype":460,"lengthKm":0.95,"hu8":"05110002","pid":"56289521"},"geometry":{"type":"MultiLineString","coordinates":[[[-86.7692,36.9022],[-86.76799,36.90232],[-86.76535,36.90129],[-86.75881,36.90072]]]}},{"type":"Feature","properties":{"kind":"minor-water","name":"Pierce Creek","ftype":460,"lengthKm":2.02,"hu8":"05110002","pid":"56287874"},"geometry":{"type":"MultiLineString","coordinates":[[[-85.837,36.94317],[-85.83667,36.94091],[-85.83521,36.93928],[-85.83426,36.93697],[-85.83342,36.93622],[-85.83138,36.93545],[-85.831,36.93299],[-85.82993,36.93012],[-85.82955,36.92782],[-85.82979,36.92697]]]}},{"type":"Feature","properties":{"kind":"minor-water","name":"Dry Fork","ftype":460,"lengthKm":1.94,"hu8":"05110002","pid":"56289831"},"geometry":{"type":"MultiLineString","coordinates":[[[-85.84254,36.80399],[-85.84427,36.80336],[-85.84713,36.80334],[-85.84998,36.80255],[-85.85093,36.80279],[-85.85203,36.80239],[-85.85415,36.80246],[-85.8556,36.80271],[-85.8564,36.80359],[-85.85762,36.80387],[-85.85779,36.80427],[-85.8596,36.80463],[-85.86116,36.80457],[-85.86262,36.80518]]]}},{"type":"Feature","properties":{"kind":"minor-water","name":"Chicken Branch","ftype":460,"lengthKm":0.3,"hu8":"05110002","pid":"56292409"},"geometry":{"type":"MultiLineString","coordinates":[[[-85.8305,36.60005],[-85.83155,36.6026]]]}},{"type":"Feature","properties":{"kind":"minor-water","name":"Long Hungry Creek","ftype":460,"lengthKm":0.37,"hu8":"05110002","pid":"56295046"},"geometry":{"type":"MultiLineString","coordinates":[[[-85.90482,36.47238],[-85.90442,36.47488],[-85.90395,36.47557]]]}},{"type":"Feature","properties":{"kind":"minor-water","name":"Cooks Creek","ftype":558,"lengthKm":0.6,"hu8":"05110002","pid":"56288298"},"geometry":{"type":"MultiLineString","coordinates":[[[-86.08397,36.93174],[-86.08407,36.931],[-86.08201,36.92663]]]}},{"type":"Feature","properties":{"kind":"minor-water","name":"Peter Creek","ftype":558,"lengthKm":0.87,"hu8":"05110002","pid":"56289405"},"geometry":{"type":"MultiLineString","coordinates":[[[-85.98264,36.84699],[-85.98335,36.84771],[-85.98355,36.84949],[-85.98471,36.8506],[-85.98686,36.85109],[-85.98908,36.85038]]]}},{"type":"Feature","properties":{"kind":"minor-water","name":"West Fork Drakes Creek","ftype":558,"lengthKm":0.16,"hu8":"05110002","pid":"56290338"},"geometry":{"type":"MultiLineString","coordinates":[[[-86.51757,36.80997],[-86.51652,36.81114]]]}},{"type":"Feature","properties":{"kind":"minor-water","name":"East Fork Barren River","ftype":558,"lengthKm":0.68,"hu8":"05110002","pid":"56290505"},"geometry":{"type":"MultiLineString","coordinates":[[[-85.75504,36.73763],[-85.7553,36.73669],[-85.75362,36.73358],[-85.75228,36.73214]]]}},{"type":"Feature","properties":{"kind":"minor-water","name":"Long Creek","ftype":558,"lengthKm":0.91,"hu8":"05110002","pid":"56291564"},"geometry":{"type":"MultiLineString","coordinates":[[[-86.10571,36.66891],[-86.10539,36.66972],[-86.10347,36.67078],[-86.1033,36.67136],[-86.10669,36.67423],[-86.10693,36.67512]]]}},{"type":"Feature","properties":{"kind":"minor-water","name":"Long Creek","ftype":460,"lengthKm":1.14,"hu8":"05110002","pid":"56291948"},"geometry":{"type":"MultiLineString","coordinates":[[[-86.11838,36.64401],[-86.11839,36.64475],[-86.11754,36.64571],[-86.11438,36.64835],[-86.11133,36.64864],[-86.10857,36.64842]]]}},{"type":"Feature","properties":{"kind":"minor-water","name":"Rose Creek","ftype":460,"lengthKm":0.42,"hu8":"05110002","pid":"56288779"},"geometry":{"type":"MultiLineString","coordinates":[[[-85.94353,36.88951],[-85.94436,36.88985],[-85.94533,36.88959],[-85.94618,36.8898],[-85.94751,36.89083]]]}},{"type":"Feature","properties":{"kind":"minor-water","name":"South Fork Beaver Creek","ftype":460,"lengthKm":0.47,"hu8":"05110002","pid":"56287243"},"geometry":{"type":"MultiLineString","coordinates":[[[-85.95526,36.98332],[-85.95771,36.98201],[-85.96004,36.98202]]]}},{"type":"Feature","properties":{"kind":"minor-water","name":"Belcher Creek","ftype":460,"lengthKm":0.6,"hu8":"05110002","pid":"56287132"},"geometry":{"type":"MultiLineString","coordinates":[[[-86.64241,37.04565],[-86.64101,37.04657],[-86.63898,37.04711],[-86.63761,37.04684],[-86.63714,37.04578]]]}},{"type":"Feature","properties":{"kind":"minor-water","name":"Lick Branch","ftype":460,"lengthKm":0.08,"hu8":"05110002","pid":"56287788"},"geometry":{"type":"MultiLineString","coordinates":[[[-85.80248,36.9297],[-85.80255,36.92897]]]}},{"type":"Feature","properties":{"kind":"minor-water","name":"Glover Creek","ftype":460,"lengthKm":0.62,"hu8":"05110002","pid":"56288258"},"geometry":{"type":"MultiLineString","coordinates":[[[-85.70611,36.89681],[-85.70691,36.89652],[-85.70796,36.89687],[-85.71286,36.89649]]]}},{"type":"Feature","properties":{"kind":"minor-water","name":"Rock House Creek","ftype":460,"lengthKm":0.57,"hu8":"05110002","pid":"56288311"},"geometry":{"type":"MultiLineString","coordinates":[[[-86.71201,36.97629],[-86.71058,36.97632],[-86.71069,36.97674],[-86.70991,36.97689],[-86.70959,36.97606],[-86.70888,36.97628],[-86.70846,36.97596],[-86.70781,36.97674]]]}},{"type":"Feature","properties":{"kind":"minor-water","name":"Isenburg Branch","ftype":460,"lengthKm":0.27,"hu8":"05110002","pid":"56290735"},"geometry":{"type":"MultiLineString","coordinates":[[[-85.77358,36.71186],[-85.77089,36.71072]]]}},{"type":"Feature","properties":{"kind":"minor-water","name":"Long Hungry Creek","ftype":460,"lengthKm":2.03,"hu8":"05110002","pid":"56291705"},"geometry":{"type":"MultiLineString","coordinates":[[[-86.06723,36.65306],[-86.06637,36.65388],[-86.06654,36.65541],[-86.06588,36.65535],[-86.06349,36.65624],[-86.06229,36.65715],[-86.06056,36.65784],[-86.05989,36.6585],[-86.05888,36.65871],[-86.05716,36.66086],[-86.05556,36.66114],[-86.05384,36.66205],[-86.05133,36.66412]]]}},{"type":"Feature","properties":{"kind":"minor-water","name":"Little Trace Creek","ftype":460,"lengthKm":0.1,"hu8":"05110002","pid":"56293027"},"geometry":{"type":"MultiLineString","coordinates":[[[-85.71198,36.56862],[-85.71268,36.56936]]]}},{"type":"Feature","properties":{"kind":"minor-water","name":"Hurricane Creek","ftype":460,"lengthKm":0.26,"hu8":"05110002","pid":"56292160"},"geometry":{"type":"MultiLineString","coordinates":[[[-85.70165,36.59819],[-85.70186,36.59904],[-85.70333,36.59995]]]}},{"type":"Feature","properties":{"kind":"minor-water","name":"York Branch","ftype":460,"lengthKm":0.44,"hu8":"05110002","pid":"56292285"},"geometry":{"type":"MultiLineString","coordinates":[[[-85.8663,36.60747],[-85.87069,36.60933]]]}},{"type":"Feature","properties":{"kind":"minor-water","name":"Davis Branch","ftype":460,"lengthKm":0.65,"hu8":"05110002","pid":"56294123"},"geometry":{"type":"MultiLineString","coordinates":[[[-86.2339,36.57049],[-86.23071,36.57107],[-86.22875,36.57213],[-86.22716,36.57221]]]}},{"type":"Feature","properties":{"kind":"minor-water","name":"White Oak Creek","ftype":460,"lengthKm":0.34,"hu8":"05110002","pid":"56294124"},"geometry":{"type":"MultiLineString","coordinates":[[[-85.99634,36.55085],[-85.9948,36.55166],[-85.9928,36.55173]]]}},{"type":"Feature","properties":{"kind":"minor-water","name":"Long Hungry Creek","ftype":460,"lengthKm":0.35,"hu8":"05110002","pid":"56294629"},"geometry":{"type":"MultiLineString","coordinates":[[[-85.8882,36.50963],[-85.88695,36.5111],[-85.88564,36.51194]]]}},{"type":"Feature","properties":{"kind":"minor-water","name":"Dry Fork Creek","ftype":460,"lengthKm":0.98,"hu8":"05110002","pid":"56294724"},"geometry":{"type":"MultiLineString","coordinates":[[[-86.43066,36.54692],[-86.43014,36.54778],[-86.43057,36.54929],[-86.43011,36.55022],[-86.43083,36.55147],[-86.43189,36.55183],[-86.43204,36.55479]]]}},{"type":"Feature","properties":{"kind":"minor-water","name":"Sulphur Fork Creek","ftype":558,"lengthKm":0,"hu8":"05110002","pid":"56292003"},"geometry":{"type":"MultiLineString","coordinates":[[[-86.41568,36.66501],[-86.41572,36.66503]]]}},{"type":"Feature","properties":{"kind":"minor-water","name":"Long Fork","ftype":558,"lengthKm":0.35,"hu8":"05110002","pid":"56292239"},"geometry":{"type":"MultiLineString","coordinates":[[[-85.93024,36.61454],[-85.93181,36.61444],[-85.93403,36.61513]]]}},{"type":"Feature","properties":{"kind":"minor-water","name":"Long Fork","ftype":558,"lengthKm":0.12,"hu8":"05110002","pid":"56293324"},"geometry":{"type":"MultiLineString","coordinates":[[[-85.93978,36.57748],[-85.9391,36.57843]]]}},{"type":"Feature","properties":{"kind":"minor-water","name":"Gasper River","ftype":558,"lengthKm":0.58,"hu8":"05110002","pid":"56288970"},"geometry":{"type":"MultiLineString","coordinates":[[[-86.71298,36.93845],[-86.71304,36.93966],[-86.71481,36.94158],[-86.71545,36.94308]]]}},{"type":"Feature","properties":{"kind":"minor-water","name":"Trammel Creek","ftype":558,"lengthKm":0.26,"hu8":"05110002","pid":"6fe4c0a1-4912-4643-88bf-c232ec06643b"},"geometry":{"type":"MultiLineString","coordinates":[[[-86.25941,36.7141],[-86.26119,36.71597]]]}},{"type":"Feature","properties":{"kind":"minor-water","name":"Little Beaver Creek","ftype":460,"lengthKm":0.84,"hu8":"05110002","pid":"56286873"},"geometry":{"type":"MultiLineString","coordinates":[[[-86.0083,37.0211],[-86.00708,37.02056],[-86.00557,37.02066],[-86.00396,37.02156],[-86.00167,37.02182],[-86.00095,37.02273],[-86.0001,37.02308]]]}},{"type":"Feature","properties":{"kind":"minor-water","name":"Walnut Creek","ftype":460,"lengthKm":0.15,"hu8":"05110002","pid":"56290433"},"geometry":{"type":"MultiLineString","coordinates":[[[-86.11653,36.76957],[-86.11635,36.77094]]]}},{"type":"Feature","properties":{"kind":"minor-water","name":"Skaggs Creek","ftype":460,"lengthKm":0.15,"hu8":"05110002","pid":"56289414"},"geometry":{"type":"MultiLineString","coordinates":[[[-85.66799,36.82113],[-85.66893,36.81998]]]}},{"type":"Feature","properties":{"kind":"minor-water","name":"West Bays Fork","ftype":460,"lengthKm":0.61,"hu8":"05110002","pid":"56290605"},"geometry":{"type":"MultiLineString","coordinates":[[[-86.20224,36.75927],[-86.20192,36.75982],[-86.2016,36.76468]]]}},{"type":"Feature","properties":{"kind":"minor-water","name":"Trace Creek","ftype":460,"lengthKm":0.63,"hu8":"05110002","pid":"56290631"},"geometry":{"type":"MultiLineString","coordinates":[[[-85.99535,36.74308],[-85.99609,36.74315],[-85.99688,36.74214],[-85.9986,36.74164],[-85.99925,36.74076],[-86.00098,36.74065]]]}},{"type":"Feature","properties":{"kind":"minor-water","name":"Thompson Branch","ftype":460,"lengthKm":0.44,"hu8":"05110002","pid":"56292291"},"geometry":{"type":"MultiLineString","coordinates":[[[-86.49863,36.65809],[-86.50121,36.66035],[-86.50065,36.66113]]]}},{"type":"Feature","properties":{"kind":"minor-water","name":"Puncheon Creek","ftype":460,"lengthKm":0.27,"hu8":"05110002","pid":"56292349"},"geometry":{"type":"MultiLineString","coordinates":[[[-86.01151,36.61781],[-86.01159,36.62027]]]}},{"type":"Feature","properties":{"kind":"minor-water","name":"Pop Branch","ftype":460,"lengthKm":2.33,"hu8":"05110002","pid":"56292870"},"geometry":{"type":"MultiLineString","coordinates":[[[-86.21412,36.61805],[-86.21344,36.61651],[-86.21215,36.61587],[-86.21109,36.61483],[-86.20901,36.61516],[-86.20702,36.61479],[-86.20543,36.6152],[-86.20343,36.61505],[-86.20175,36.6161],[-86.19983,36.6168],[-86.19822,36.61831],[-86.19414,36.61908],[-86.19231,36.61997]]]}},{"type":"Feature","properties":{"kind":"minor-water","name":"Clifty Creek","ftype":460,"lengthKm":0.65,"hu8":"05110002","pid":"56293915"},"geometry":{"type":"MultiLineString","coordinates":[[[-86.13189,36.57185],[-86.13131,36.57283],[-86.13114,36.57397],[-86.13165,36.57629],[-86.13135,36.57748]]]}},{"type":"Feature","properties":{"kind":"minor-water","name":"West Fork Drakes Creek","ftype":460,"lengthKm":2.04,"hu8":"05110002","pid":"56295142"},"geometry":{"type":"MultiLineString","coordinates":[[[-86.46906,36.50092],[-86.469,36.50282],[-86.46949,36.50375],[-86.46958,36.50511],[-86.47049,36.50527],[-86.47105,36.50614],[-86.47117,36.50719],[-86.47079,36.50797],[-86.47143,36.50915],[-86.47091,36.51017],[-86.47174,36.51117],[-86.47142,36.51242],[-86.47207,36.51378],[-86.47196,36.51497],[-86.47251,36.5157],[-86.47257,36.51782]]]}},{"type":"Feature","properties":{"kind":"minor-water","name":"Gasper River","ftype":558,"lengthKm":0.13,"hu8":"05110002","pid":"56287781"},"geometry":{"type":"MultiLineString","coordinates":[[[-86.67515,36.99926],[-86.67409,37.00005]]]}},{"type":"Feature","properties":{"kind":"minor-water","name":"Spring Creek","ftype":558,"lengthKm":0.01,"hu8":"05110002","pid":"56291064"},"geometry":{"type":"MultiLineString","coordinates":[[[-85.95606,36.69462],[-85.95607,36.69451]]]}},{"type":"Feature","properties":{"kind":"minor-water","name":"Sulphur Fork Creek","ftype":558,"lengthKm":0.29,"hu8":"05110002","pid":"56291144"},"geometry":{"type":"MultiLineString","coordinates":[[[-86.41113,36.72567],[-86.40947,36.72631],[-86.40895,36.72739]]]}},{"type":"Feature","properties":{"kind":"minor-water","name":"Barren River","ftype":558,"lengthKm":0.28,"hu8":"05110002","pid":"56291241"},"geometry":{"type":"MultiLineString","coordinates":[[[-86.01681,36.68708],[-86.0185,36.68667],[-86.01983,36.68676]]]}},{"type":"Feature","properties":{"kind":"minor-water","name":"Dry Fork Creek","ftype":460,"lengthKm":1.16,"hu8":"05110002","pid":"56294398"},"geometry":{"type":"MultiLineString","coordinates":[[[-86.44874,36.57197],[-86.44955,36.57243],[-86.45078,36.57385],[-86.4519,36.57397],[-86.45279,36.57473],[-86.45381,36.57484],[-86.45501,36.57553],[-86.45694,36.57587],[-86.45754,36.57668],[-86.45776,36.57806]]]}},{"type":"Feature","properties":{"kind":"minor-water","name":"Boyds Creek","ftype":460,"lengthKm":0.22,"hu8":"05110002","pid":"56287734"},"geometry":{"type":"MultiLineString","coordinates":[[[-85.93798,36.94535],[-85.93991,36.94411]]]}},{"type":"Feature","properties":{"kind":"minor-water","name":"Clear Fork Creek","ftype":460,"lengthKm":2.57,"hu8":"05110002","pid":"56289273"},"geometry":{"type":"MultiLineString","coordinates":[[[-86.65384,36.90966],[-86.65045,36.9133],[-86.64995,36.91421],[-86.6513,36.91495],[-86.65096,36.91573],[-86.65127,36.91752],[-86.64929,36.91741],[-86.64856,36.91763],[-86.64772,36.91942],[-86.64848,36.92006],[-86.64754,36.9203],[-86.64762,36.92096],[-86.64667,36.92055],[-86.64609,36.92067],[-86.64532,36.92128],[-86.64522,36.92202],[-86.64428,36.92279],[-86.64356,36.92242],[-86.64256,36.92401],[-86.64174,36.92405]]]}},{"type":"Feature","properties":{"kind":"minor-water","name":"Jennings Creek","ftype":460,"lengthKm":0.92,"hu8":"05110002","pid":"56287523"},"geometry":{"type":"MultiLineString","coordinates":[[[-86.48563,36.99938],[-86.4855,36.99965],[-86.48491,36.99972],[-86.48251,36.99868],[-86.48166,36.99895],[-86.48112,37],[-86.48135,37.0035]]]}},{"type":"Feature","properties":{"kind":"minor-water","name":"Sugar Creek","ftype":460,"lengthKm":0.12,"hu8":"05110002","pid":"56291002"},"geometry":{"type":"MultiLineString","coordinates":[[[-85.82266,36.68922],[-85.82383,36.68862]]]}},{"type":"Feature","properties":{"kind":"minor-water","name":"Falling Timber Creek","ftype":460,"lengthKm":0.08,"hu8":"05110002","pid":"3d34c77f-ebef-43ce-addc-907aab2f515d"},"geometry":{"type":"MultiLineString","coordinates":[[[-85.77079,36.93911],[-85.77163,36.93921]]]}},{"type":"Feature","properties":{"kind":"minor-water","name":"Sinking Creek","ftype":460,"lengthKm":1.19,"hu8":"05110002","pid":"56287062"},"geometry":{"type":"MultiLineString","coordinates":[[[-86.07502,37.01578],[-86.07444,37.01503],[-86.07439,37.01337],[-86.07339,37.0128],[-86.07245,37.01123],[-86.07247,37.00917],[-86.0728,37.00831],[-86.07234,37.00587]]]}},{"type":"Feature","properties":{"kind":"minor-water","name":"Buck Creek","ftype":460,"lengthKm":0.72,"hu8":"05110002","pid":"56287726"},"geometry":{"type":"MultiLineString","coordinates":[[[-86.11312,36.96581],[-86.1148,36.9629],[-86.1154,36.95965]]]}},{"type":"Feature","properties":{"kind":"minor-water","name":"Lancaster Branch","ftype":460,"lengthKm":2.42,"hu8":"05110002","pid":"56290679"},"geometry":{"type":"MultiLineString","coordinates":[[[-86.26654,36.76075],[-86.26779,36.76044],[-86.27001,36.75923],[-86.27294,36.75911],[-86.27436,36.75952],[-86.27679,36.75926],[-86.27988,36.75974],[-86.28032,36.75953],[-86.28265,36.76031],[-86.28382,36.76034],[-86.28644,36.76167],[-86.28907,36.76198],[-86.29126,36.76289],[-86.29168,36.76333]]]}},{"type":"Feature","properties":{"kind":"minor-water","name":"Bays Fork","ftype":460,"lengthKm":0.74,"hu8":"05110002","pid":"56290723"},"geometry":{"type":"MultiLineString","coordinates":[[[-86.14161,36.74378],[-86.14264,36.74679],[-86.14503,36.74972]]]}},{"type":"Feature","properties":{"kind":"minor-water","name":"Doddy Branch","ftype":460,"lengthKm":0.81,"hu8":"05110002","pid":"56291628"},"geometry":{"type":"MultiLineString","coordinates":[[[-86.14168,36.6701],[-86.14071,36.66904],[-86.13844,36.66797],[-86.13773,36.66567],[-86.13685,36.66519],[-86.13662,36.66456]]]}},{"type":"Feature","properties":{"kind":"minor-water","name":"Long Creek","ftype":460,"lengthKm":1.06,"hu8":"05110002","pid":"56294508"},"geometry":{"type":"MultiLineString","coordinates":[[[-86.10118,36.53659],[-86.10041,36.53705],[-86.09818,36.53967],[-86.09742,36.54016],[-86.097,36.54001],[-86.09599,36.54049],[-86.09434,36.54142],[-86.09415,36.54195],[-86.09269,36.54258]]]}},{"type":"Feature","properties":{"kind":"minor-water","name":"White Oak Creek","ftype":460,"lengthKm":0.31,"hu8":"05110002","pid":"56294906"},"geometry":{"type":"MultiLineString","coordinates":[[[-85.97772,36.49425],[-85.97887,36.49687]]]}},{"type":"Feature","properties":{"kind":"minor-water","name":"Peter Creek","ftype":558,"lengthKm":1.49,"hu8":"05110002","pid":"56289506"},"geometry":{"type":"MultiLineString","coordinates":[[[-86.00677,36.84145],[-86.00731,36.84132],[-86.00772,36.84157],[-86.00871,36.84437],[-86.0105,36.84639],[-86.01214,36.85127],[-86.01189,36.85333]]]}},{"type":"Feature","properties":{"kind":"minor-water","name":"Middle Fork Drakes Creek","ftype":558,"lengthKm":4.48,"hu8":"05110002","pid":"56290084"},"geometry":{"type":"MultiLineString","coordinates":[[[-86.39911,36.82401],[-86.40135,36.82549],[-86.40608,36.82721],[-86.40811,36.82682],[-86.40888,36.82693],[-86.41061,36.82915],[-86.4123,36.8291],[-86.41485,36.83136],[-86.41517,36.83109],[-86.41485,36.82967],[-86.41308,36.82688],[-86.41306,36.82629],[-86.41389,36.82584],[-86.41553,36.82594],[-86.4176,36.82718],[-86.41845,36.82881],[-86.41791,36.83041],[-86.41609,36.83196],[-86.41439,36.83222],[-86.41378,36.83258],[-86.41215,36.83385],[-86.4115,36.83502],[-86.41148,36.83694],[-86.41197,36.83799],[-86.41288,36.8388]]]}},{"type":"Feature","properties":{"kind":"minor-water","name":"Lancaster Branch","ftype":558,"lengthKm":0.01,"hu8":"05110002","pid":"56290573"},"geometry":{"type":"MultiLineString","coordinates":[[[-86.30061,36.7696],[-86.3007,36.76959]]]}},{"type":"Feature","properties":{"kind":"minor-water","name":"Barren River","ftype":558,"lengthKm":0.57,"hu8":"05110002","pid":"56291420"},"geometry":{"type":"MultiLineString","coordinates":[[[-85.81665,36.65618],[-85.81609,36.6572],[-85.81613,36.65783],[-85.8195,36.65981]]]}},{"type":"Feature","properties":{"kind":"minor-water","name":"East Fork Barren River","ftype":558,"lengthKm":0.71,"hu8":"05110002","pid":"56291506"},"geometry":{"type":"MultiLineString","coordinates":[[[-85.78738,36.64959],[-85.78874,36.64875],[-85.78956,36.64859],[-85.79472,36.64971]]]}},{"type":"Feature","properties":{"kind":"minor-water","name":"Middle Fork Drakes Creek","ftype":558,"lengthKm":0.66,"hu8":"05110002","pid":"56292968"},"geometry":{"type":"MultiLineString","coordinates":[[[-86.32788,36.62154],[-86.32559,36.62558],[-86.32656,36.6269]]]}},{"type":"Feature","properties":{"kind":"minor-water","name":"Casey Branch","ftype":460,"lengthKm":1.67,"hu8":"05110002","pid":"56291206"},"geometry":{"type":"MultiLineString","coordinates":[[[-86.20428,36.71314],[-86.20537,36.70892],[-86.20504,36.70732],[-86.20536,36.70683],[-86.20756,36.70524],[-86.21036,36.70544],[-86.21209,36.70451],[-86.21491,36.7045]]]}},{"type":"Feature","properties":{"kind":"minor-water","name":"Trammel Creek","ftype":460,"lengthKm":0.7,"hu8":"05110002","pid":"56291337"},"geometry":{"type":"MultiLineString","coordinates":[[[-86.23112,36.69765],[-86.23169,36.69924],[-86.23475,36.70164],[-86.23607,36.70227]]]}},{"type":"Feature","properties":{"kind":"minor-water","name":"Buck Creek","ftype":460,"lengthKm":0.66,"hu8":"05110002","pid":"56288207"},"geometry":{"type":"MultiLineString","coordinates":[[[-86.12795,36.93522],[-86.12885,36.93519],[-86.12911,36.93451],[-86.1329,36.93381],[-86.13363,36.93383],[-86.13416,36.93457]]]}},{"type":"Feature","properties":{"kind":"minor-water","name":"Swannigan Creek","ftype":460,"lengthKm":0.29,"hu8":"05110002","pid":"56287297"},"geometry":{"type":"MultiLineString","coordinates":[[[-85.80222,36.96482],[-85.8038,36.96567],[-85.80516,36.96589]]]}},{"type":"Feature","properties":{"kind":"minor-water","name":"Bethel Branch","ftype":460,"lengthKm":0.73,"hu8":"05110002","pid":"56290701"},"geometry":{"type":"MultiLineString","coordinates":[[[-85.88196,36.72995],[-85.88188,36.72818],[-85.88315,36.72352]]]}},{"type":"Feature","properties":{"kind":"minor-water","name":"Salt Lick Creek","ftype":460,"lengthKm":1.9,"hu8":"05110002","pid":"56287590"},"geometry":{"type":"MultiLineString","coordinates":[[[-86.54392,37.00113],[-86.54801,37.00501],[-86.54819,37.00533],[-86.5479,37.0056],[-86.54842,37.00608],[-86.54873,37.00709],[-86.55032,37.00788],[-86.55032,37.00903],[-86.55184,37.01132],[-86.55382,37.01195],[-86.5555,37.01429]]]}},{"type":"Feature","properties":{"kind":"minor-water","name":"Neils Creek","ftype":460,"lengthKm":1.65,"hu8":"05110002","pid":"56287650"},"geometry":{"type":"MultiLineString","coordinates":[[[-86.69077,37.01619],[-86.6879,37.01269],[-86.68133,37.0101],[-86.67934,37.01005],[-86.6779,37.00842],[-86.6765,37.00798]]]}},{"type":"Feature","properties":{"kind":"minor-water","name":"Caney Fork","ftype":460,"lengthKm":1.31,"hu8":"05110002","pid":"56289400"},"geometry":{"type":"MultiLineString","coordinates":[[[-85.95912,36.85093],[-85.96014,36.8512],[-85.96257,36.84998],[-85.96361,36.84895],[-85.96374,36.84814],[-85.96594,36.84744],[-85.96752,36.84741],[-85.96876,36.84772],[-85.97083,36.8461]]]}},{"type":"Feature","properties":{"kind":"minor-water","name":"Muncie Branch","ftype":460,"lengthKm":0.73,"hu8":"05110002","pid":"56289475"},"geometry":{"type":"MultiLineString","coordinates":[[[-85.724,36.8251],[-85.72557,36.82411],[-85.72565,36.82357],[-85.72718,36.82213],[-85.72972,36.82069]]]}},{"type":"Feature","properties":{"kind":"minor-water","name":"Dry Branch","ftype":460,"lengthKm":0.36,"hu8":"05110002","pid":"56293504"},"geometry":{"type":"MultiLineString","coordinates":[[[-85.91651,36.56891],[-85.91712,36.57002],[-85.91672,36.57014],[-85.91661,36.57056],[-85.91723,36.57138],[-85.91759,36.57143]]]}},{"type":"Feature","properties":{"kind":"minor-water","name":"Gully Creek","ftype":460,"lengthKm":1.25,"hu8":"05110002","pid":"56291439"},"geometry":{"type":"MultiLineString","coordinates":[[[-85.71746,36.64708],[-85.71869,36.64752],[-85.72044,36.64926],[-85.7213,36.65086],[-85.72222,36.65178],[-85.72363,36.65486],[-85.72499,36.6562]]]}},{"type":"Feature","properties":{"kind":"minor-water","name":"Snyder Branch","ftype":460,"lengthKm":2.82,"hu8":"05110002","pid":"56291134"},"geometry":{"type":"MultiLineString","coordinates":[[[-86.30373,36.71817],[-86.3023,36.71987],[-86.30052,36.72125],[-86.29861,36.722],[-86.29648,36.72225],[-86.29443,36.7235],[-86.29317,36.72479],[-86.29219,36.72708],[-86.29245,36.73079],[-86.29328,36.73417],[-86.29308,36.73539],[-86.2914,36.73851]]]}},{"type":"Feature","properties":{"kind":"minor-water","name":"Line Creek","ftype":460,"lengthKm":0.96,"hu8":"05110002","pid":"56291998"},"geometry":{"type":"MultiLineString","coordinates":[[[-85.64456,36.60287],[-85.64651,36.60126],[-85.64695,36.60125],[-85.64912,36.60293],[-85.65068,36.60513],[-85.65181,36.60576]]]}},{"type":"Feature","properties":{"kind":"minor-water","name":"Little Trammel Creek","ftype":460,"lengthKm":1.2,"hu8":"05110002","pid":"56292580"},"geometry":{"type":"MultiLineString","coordinates":[[[-86.26742,36.63028],[-86.26693,36.63167],[-86.26615,36.63267],[-86.26598,36.63401],[-86.26628,36.63452],[-86.2659,36.63528],[-86.26637,36.63781],[-86.26557,36.63909],[-86.26424,36.64009]]]}},{"type":"Feature","properties":{"kind":"minor-water","name":"West Fork Long Creek","ftype":460,"lengthKm":0.5,"hu8":"05110002","pid":"56294154"},"geometry":{"type":"MultiLineString","coordinates":[[[-86.16243,36.56298],[-86.16136,36.56474],[-86.16132,36.56551],[-86.16035,36.56668],[-86.16041,36.56708]]]}},{"type":"Feature","properties":{"kind":"minor-water","name":"Long Creek","ftype":460,"lengthKm":4.59,"hu8":"05110002","pid":"56294695"},"geometry":{"type":"MultiLineString","coordinates":[[[-86.15048,36.52621],[-86.14847,36.52729],[-86.14653,36.52679],[-86.14476,36.52745],[-86.14045,36.52714],[-86.14014,36.52679],[-86.13778,36.52616],[-86.13677,36.525],[-86.13541,36.52505],[-86.13469,36.5245],[-86.1343,36.52369],[-86.13065,36.52391],[-86.12972,36.52363],[-86.12761,36.52412],[-86.12622,36.52288],[-86.12417,36.52429],[-86.12053,36.52442],[-86.11929,36.5248],[-86.11716,36.52676],[-86.11367,36.52764],[-86.11294,36.52847],[-86.10875,36.53062],[-86.10713,36.53232]]]}},{"type":"Feature","properties":{"kind":"minor-water","name":"Maxey Creek","ftype":558,"lengthKm":1.13,"hu8":"05110002","pid":"56286342"},"geometry":{"type":"MultiLineString","coordinates":[[[-86.6063,37.12447],[-86.60356,37.12568],[-86.60268,37.12663],[-86.60021,37.12675],[-86.59899,37.12714],[-86.59591,37.12731],[-86.59473,37.12764]]]}},{"type":"Feature","properties":{"kind":"minor-water","name":"Barren River","ftype":558,"lengthKm":3.31,"hu8":"05110002","pid":"56286714"},"geometry":{"type":"MultiLineString","coordinates":[[[-86.48279,37.07266],[-86.48336,37.07325],[-86.4847,37.07355],[-86.48742,37.07521],[-86.49203,37.07507],[-86.49878,37.07395],[-86.5028,37.07504],[-86.50512,37.07621],[-86.50604,37.07758],[-86.50672,37.08053],[-86.50668,37.08199],[-86.50593,37.08403],[-86.50391,37.08566]]]}},{"type":"Feature","properties":{"kind":"minor-water","name":"Falling Timber Creek","ftype":558,"lengthKm":0.32,"hu8":"05110002","pid":"56288077"},"geometry":{"type":"MultiLineString","coordinates":[[[-85.86831,36.91825],[-85.86911,36.91799],[-85.87033,36.91844],[-85.87177,36.91841]]]}},{"type":"Feature","properties":{"kind":"minor-water","name":"Trammel Creek","ftype":558,"lengthKm":0.87,"hu8":"05110002","pid":"56290574"},"geometry":{"type":"MultiLineString","coordinates":[[[-86.3007,36.76959],[-86.30052,36.77184],[-86.3019,36.77286],[-86.30698,36.77308]]]}},{"type":"Feature","properties":{"kind":"minor-water","name":"West Fork Drakes Creek","ftype":558,"lengthKm":2.27,"hu8":"05110002","pid":"56293629"},"geometry":{"type":"MultiLineString","coordinates":[[[-86.4866,36.61136],[-86.4856,36.61516],[-86.4859,36.61746],[-86.48698,36.61842],[-86.48985,36.61882],[-86.49152,36.61983],[-86.4898,36.62357],[-86.48804,36.62576],[-86.48667,36.62669],[-86.48643,36.62753]]]}},{"type":"Feature","properties":{"kind":"minor-water","name":"Ivy Branch","ftype":460,"lengthKm":0.78,"hu8":"05110002","pid":"56287549"},"geometry":{"type":"MultiLineString","coordinates":[[[-86.59739,37.00717],[-86.60035,37.00793],[-86.60253,37.00816],[-86.60428,37.00912],[-86.60534,37.00845]]]}},{"type":"Feature","properties":{"kind":"minor-water","name":"East Fork Barren River","ftype":460,"lengthKm":0.49,"hu8":"05110002","pid":"56290315"},"geometry":{"type":"MultiLineString","coordinates":[[[-85.6947,36.74606],[-85.69677,36.74572],[-85.69783,36.7451],[-85.69822,36.74441],[-85.69922,36.74407]]]}},{"type":"Feature","properties":{"kind":"minor-water","name":"Little Trammel Creek","ftype":460,"lengthKm":0.8,"hu8":"05110002","pid":"56291651"},"geometry":{"type":"MultiLineString","coordinates":[[[-86.24885,36.67213],[-86.24879,36.67314],[-86.24793,36.67398],[-86.24747,36.67574],[-86.24741,36.67706],[-86.24792,36.67895]]]}},{"type":"Feature","properties":{"kind":"minor-water","name":"Salt Lick Creek","ftype":460,"lengthKm":2.27,"hu8":"05110002","pid":"56287247"},"geometry":{"type":"MultiLineString","coordinates":[[[-86.57429,37.03186],[-86.57533,37.03221],[-86.57629,37.03296],[-86.57793,37.03312],[-86.5804,37.03408],[-86.58164,37.03533],[-86.58186,37.03743],[-86.5831,37.03853],[-86.5833,37.04031],[-86.58311,37.04205],[-86.58258,37.04219],[-86.58108,37.04378],[-86.58215,37.04487],[-86.583,37.04715]]]}},{"type":"Feature","properties":{"kind":"minor-water","name":"Miller Branch","ftype":460,"lengthKm":1.4,"hu8":"05110002","pid":"56290400"},"geometry":{"type":"MultiLineString","coordinates":[[[-85.82651,36.75969],[-85.82841,36.75724],[-85.82909,36.75498],[-85.82948,36.75143],[-85.82847,36.74977],[-85.82933,36.74793]]]}},{"type":"Feature","properties":{"kind":"minor-water","name":"Ramble Creek","ftype":460,"lengthKm":1.35,"hu8":"05110002","pid":"56290948"},"geometry":{"type":"MultiLineString","coordinates":[[[-86.20816,36.73039],[-86.20867,36.73035],[-86.20992,36.7292],[-86.21204,36.72815],[-86.21561,36.72818],[-86.21813,36.72898],[-86.22041,36.73162]]]}},{"type":"Feature","properties":{"kind":"minor-water","name":"York Branch","ftype":460,"lengthKm":0.08,"hu8":"05110002","pid":"56292212"},"geometry":{"type":"MultiLineString","coordinates":[[[-85.88418,36.61123],[-85.88501,36.61145]]]}},{"type":"Feature","properties":{"kind":"minor-water","name":"Little Puncheon Creek","ftype":460,"lengthKm":0.02,"hu8":"05110002","pid":"56292400"},"geometry":{"type":"MultiLineString","coordinates":[[[-86.02401,36.61681],[-86.0238,36.61691]]]}},{"type":"Feature","properties":{"kind":"minor-water","name":"Spring Creek","ftype":460,"lengthKm":0.39,"hu8":"05110002","pid":"56293499"},"geometry":{"type":"MultiLineString","coordinates":[[[-86.04868,36.58011],[-86.04767,36.58107],[-86.04659,36.58319]]]}},{"type":"Feature","properties":{"kind":"minor-water","name":"Taylor Branch","ftype":558,"lengthKm":0.04,"hu8":"05110002","pid":"56286520"},"geometry":{"type":"MultiLineString","coordinates":[[[-86.49796,37.0905],[-86.49825,37.09076]]]}},{"type":"Feature","properties":{"kind":"minor-water","name":"Barren River","ftype":558,"lengthKm":1.12,"hu8":"05110002","pid":"56288283"},"geometry":{"type":"MultiLineString","coordinates":[[[-86.25892,36.94133],[-86.26155,36.94162],[-86.26213,36.94319],[-86.26156,36.94532],[-86.2592,36.94899]]]}},{"type":"Feature","properties":{"kind":"minor-water","name":"Peter Creek","ftype":558,"lengthKm":0.66,"hu8":"05110002","pid":"56289731"},"geometry":{"type":"MultiLineString","coordinates":[[[-85.95387,36.81873],[-85.95475,36.81982],[-85.95466,36.82083],[-85.95687,36.82218],[-85.9572,36.82351]]]}},{"type":"Feature","properties":{"kind":"minor-water","name":"Little Trace Creek","ftype":558,"lengthKm":0.22,"hu8":"05110002","pid":"56293061"},"geometry":{"type":"MultiLineString","coordinates":[[[-85.71025,36.56687],[-85.712,36.56822]]]}},{"type":"Feature","properties":{"kind":"minor-water","name":"Boyds Creek","ftype":460,"lengthKm":0.49,"hu8":"05110002","pid":"56287276"},"geometry":{"type":"MultiLineString","coordinates":[[[-85.85027,36.9704],[-85.85046,36.97183],[-85.85211,36.97447]]]}},{"type":"Feature","properties":{"kind":"minor-water","name":"Elmore Branch","ftype":460,"lengthKm":1.1,"hu8":"05110002","pid":"56288895"},"geometry":{"type":"MultiLineString","coordinates":[[[-85.95366,36.88309],[-85.95455,36.88429],[-85.95401,36.88562],[-85.95624,36.89013],[-85.95756,36.8921]]]}},{"type":"Feature","properties":{"kind":"minor-water","name":"White Oak Creek","ftype":460,"lengthKm":0.27,"hu8":"05110002","pid":"56294750"},"geometry":{"type":"MultiLineString","coordinates":[[[-85.97812,36.50782],[-85.97704,36.50944],[-85.97642,36.50976]]]}},{"type":"Feature","properties":{"kind":"minor-water","name":"Shoal Creek","ftype":460,"lengthKm":0.04,"hu8":"05110002","pid":"56289367"},"geometry":{"type":"MultiLineString","coordinates":[[[-85.84491,36.83727],[-85.84498,36.83758]]]}},{"type":"Feature","properties":{"kind":"minor-water","name":"Boyds Creek","ftype":460,"lengthKm":0.56,"hu8":"05110002","pid":"56287882"},"geometry":{"type":"MultiLineString","coordinates":[[[-85.94425,36.93984],[-85.94457,36.93751],[-85.94762,36.93631]]]}},{"type":"Feature","properties":{"kind":"minor-water","name":"Caney Fork","ftype":460,"lengthKm":0.15,"hu8":"05110002","pid":"56289468"},"geometry":{"type":"MultiLineString","coordinates":[[[-85.88998,36.83529],[-85.89159,36.83494]]]}},{"type":"Feature","properties":{"kind":"minor-water","name":"Difficult Creek","ftype":460,"lengthKm":0.69,"hu8":"05110002","pid":"56289983"},"geometry":{"type":"MultiLineString","coordinates":[[[-86.14159,36.81205],[-86.1412,36.81458],[-86.14157,36.81824]]]}},{"type":"Feature","properties":{"kind":"minor-water","name":"York Branch","ftype":460,"lengthKm":0.29,"hu8":"05110002","pid":"56292296"},"geometry":{"type":"MultiLineString","coordinates":[[[-85.85566,36.60637],[-85.85886,36.60689]]]}},{"type":"Feature","properties":{"kind":"minor-water","name":"Spring Creek","ftype":460,"lengthKm":2.17,"hu8":"05110002","pid":"56290674"},"geometry":{"type":"MultiLineString","coordinates":[[[-85.94384,36.75041],[-85.94246,36.74934],[-85.94189,36.74777],[-85.94315,36.74475],[-85.94301,36.74402],[-85.94428,36.7431],[-85.945,36.74194],[-85.9449,36.7398],[-85.94548,36.73689],[-85.9469,36.73474],[-85.94742,36.73259]]]}},{"type":"Feature","properties":{"kind":"minor-water","name":"Ramble Creek","ftype":460,"lengthKm":0.29,"hu8":"05110002","pid":"56290951"},"geometry":{"type":"MultiLineString","coordinates":[[[-86.24346,36.73074],[-86.2446,36.7302],[-86.24655,36.73032]]]}},{"type":"Feature","properties":{"kind":"minor-water","name":"Lick Creek","ftype":460,"lengthKm":1.28,"hu8":"05110002","pid":"56291069"},"geometry":{"type":"MultiLineString","coordinates":[[[-86.48559,36.73746],[-86.48591,36.73791],[-86.48662,36.73812],[-86.48606,36.73896],[-86.48625,36.73954],[-86.48704,36.7395],[-86.48727,36.73996],[-86.48717,36.74305],[-86.4861,36.74669],[-86.48627,36.74759]]]}},{"type":"Feature","properties":{"kind":"minor-water","name":"White Oak Creek","ftype":460,"lengthKm":0.74,"hu8":"05110002","pid":"56293613"},"geometry":{"type":"MultiLineString","coordinates":[[[-85.9803,36.5709],[-85.97974,36.57225],[-85.98028,36.57405],[-85.98102,36.57518],[-85.98226,36.57572],[-85.9824,36.57672]]]}},{"type":"Feature","properties":{"kind":"minor-water","name":"Middle Fork Drakes Creek","ftype":460,"lengthKm":0.89,"hu8":"05110002","pid":"56293725"},"geometry":{"type":"MultiLineString","coordinates":[[[-86.33266,36.59556],[-86.3337,36.59784],[-86.33352,36.59952],[-86.33271,36.60085],[-86.33105,36.60219],[-86.33101,36.60271]]]}},{"type":"Feature","properties":{"kind":"minor-water","name":"Johns Creek","ftype":460,"lengthKm":0.86,"hu8":"05110002","pid":"56294286"},"geometry":{"type":"MultiLineString","coordinates":[[[-86.0625,36.5473],[-86.0631,36.54786],[-86.06496,36.54818],[-86.06642,36.54915],[-86.06611,36.54977],[-86.06834,36.55254]]]}},{"type":"Feature","properties":{"kind":"minor-water","name":"Long Hungry Creek","ftype":460,"lengthKm":0.38,"hu8":"05110002","pid":"56294725"},"geometry":{"type":"MultiLineString","coordinates":[[[-85.8896,36.50236],[-85.88854,36.5037],[-85.88866,36.50557]]]}},{"type":"Feature","properties":{"kind":"minor-water","name":"Gasper River","ftype":558,"lengthKm":0.79,"hu8":"05110002","pid":"56286794"},"geometry":{"type":"MultiLineString","coordinates":[[[-86.56444,37.0706],[-86.56485,37.07298],[-86.56537,37.07354],[-86.56693,37.07401],[-86.56815,37.07397],[-86.56912,37.0737],[-86.56988,37.07305]]]}},{"type":"Feature","properties":{"kind":"minor-water","name":"Gasper River","ftype":558,"lengthKm":0.58,"hu8":"05110002","pid":"56288186"},"geometry":{"type":"MultiLineString","coordinates":[[[-86.68578,36.98249],[-86.68443,36.98167],[-86.68303,36.97937],[-86.68203,36.97839]]]}},{"type":"Feature","properties":{"kind":"minor-water","name":"Drakes Creek","ftype":558,"lengthKm":0.97,"hu8":"05110002","pid":"56288859"},"geometry":{"type":"MultiLineString","coordinates":[[[-86.38508,36.92119],[-86.38674,36.92161],[-86.38873,36.92272],[-86.38972,36.92481],[-86.3899,36.92606],[-86.38885,36.92613],[-86.38811,36.92528]]]}},{"type":"Feature","properties":{"kind":"minor-water","name":"East Fork Barren River","ftype":558,"lengthKm":0.06,"hu8":"05110002","pid":"56290447"},"geometry":{"type":"MultiLineString","coordinates":[[[-85.75449,36.73787],[-85.75504,36.73763]]]}},{"type":"Feature","properties":{"kind":"minor-water","name":"Hams Branch","ftype":558,"lengthKm":0.02,"hu8":"05110002","pid":"56290618"},"geometry":{"type":"MultiLineString","coordinates":[[[-86.38078,36.77259],[-86.38076,36.77275]]]}},{"type":"Feature","properties":{"kind":"minor-water","name":"Coonfoot Branch","ftype":558,"lengthKm":0.01,"hu8":"05110002","pid":"56291381"},"geometry":{"type":"MultiLineString","coordinates":[[[-85.89996,36.66752],[-85.89996,36.66742]]]}},{"type":"Feature","properties":{"kind":"minor-water","name":"Long Fork","ftype":558,"lengthKm":0.41,"hu8":"05110002","pid":"56294496"},"geometry":{"type":"MultiLineString","coordinates":[[[-85.93816,36.52421],[-85.93779,36.52548],[-85.93628,36.52755]]]}},{"type":"Feature","properties":{"kind":"minor-water","name":"Hackers Branch","ftype":460,"lengthKm":1.47,"hu8":"05110002","pid":"56289877"},"geometry":{"type":"MultiLineString","coordinates":[[[-85.7791,36.79234],[-85.78018,36.79475],[-85.78018,36.79596],[-85.78121,36.79749],[-85.78116,36.79941],[-85.7819,36.80187],[-85.78193,36.80411],[-85.78247,36.80507]]]}},{"type":"Feature","properties":{"kind":"minor-water","name":"Johns Creek","ftype":460,"lengthKm":0.56,"hu8":"05110002","pid":"56294108"},"geometry":{"type":"MultiLineString","coordinates":[[[-86.08397,36.55905],[-86.0849,36.55969],[-86.08772,36.56044],[-86.08821,36.56112],[-86.08926,36.56105]]]}},{"type":"Feature","properties":{"kind":"minor-water","name":"Taylor Branch","ftype":460,"lengthKm":0.48,"hu8":"05110002","pid":"56286500"},"geometry":{"type":"MultiLineString","coordinates":[[[-86.48698,37.09343],[-86.48792,37.09281],[-86.49076,37.09192],[-86.49156,37.09125]]]}},{"type":"Feature","properties":{"kind":"minor-water","name":"Rock House Creek","ftype":460,"lengthKm":0.22,"hu8":"05110002","pid":"56288262"},"geometry":{"type":"MultiLineString","coordinates":[[[-86.72211,36.97915],[-86.72146,36.97849],[-86.72004,36.97839]]]}},{"type":"Feature","properties":{"kind":"minor-water","name":"Dry Branch","ftype":460,"lengthKm":0.4,"hu8":"05110002","pid":"56289865"},"geometry":{"type":"MultiLineString","coordinates":[[[-85.98884,36.80991],[-85.9906,36.81229],[-85.99005,36.81303]]]}},{"type":"Feature","properties":{"kind":"minor-water","name":"Bays Fork","ftype":460,"lengthKm":1.22,"hu8":"05110002","pid":"56290326"},"geometry":{"type":"MultiLineString","coordinates":[[[-86.18635,36.78426],[-86.18843,36.78515],[-86.19167,36.78526],[-86.19261,36.78675],[-86.1925,36.78804],[-86.19404,36.78909],[-86.19531,36.78954],[-86.19627,36.78927]]]}},{"type":"Feature","properties":{"kind":"minor-water","name":"Flag Lick Creek","ftype":460,"lengthKm":0.51,"hu8":"05110002","pid":"56291210"},"geometry":{"type":"MultiLineString","coordinates":[[[-86.17359,36.7087],[-86.17366,36.70664],[-86.17198,36.70452]]]}},{"type":"Feature","properties":{"kind":"minor-water","name":"Doddy Branch","ftype":460,"lengthKm":0.02,"hu8":"05110002","pid":"56291633"},"geometry":{"type":"MultiLineString","coordinates":[[[-86.13662,36.66456],[-86.13648,36.66444]]]}},{"type":"Feature","properties":{"kind":"minor-water","name":"Hurricane Creek","ftype":460,"lengthKm":0.38,"hu8":"05110002","pid":"56292124"},"geometry":{"type":"MultiLineString","coordinates":[[[-85.70333,36.59995],[-85.70496,36.60075],[-85.7073,36.60109]]]}},{"type":"Feature","properties":{"kind":"minor-water","name":"Long Creek","ftype":460,"lengthKm":0.72,"hu8":"05110002","pid":"56293193"},"geometry":{"type":"MultiLineString","coordinates":[[[-86.11448,36.59674],[-86.11405,36.5976],[-86.11272,36.59826],[-86.11258,36.59947],[-86.11307,36.6025]]]}},{"type":"Feature","properties":{"kind":"minor-water","name":"Salt Lick Creek","ftype":460,"lengthKm":0.85,"hu8":"05110002","pid":"56293812"},"geometry":{"type":"MultiLineString","coordinates":[[[-85.8647,36.55382],[-85.8678,36.55606],[-85.86813,36.5566],[-85.86835,36.55861],[-85.86762,36.56018]]]}},{"type":"Feature","properties":{"kind":"minor-water","name":"Johns Creek","ftype":460,"lengthKm":0.73,"hu8":"05110002","pid":"56294204"},"geometry":{"type":"MultiLineString","coordinates":[[[-86.06834,36.55254],[-86.06934,36.55371],[-86.07283,36.55552],[-86.07362,36.55665],[-86.07355,36.55712]]]}},{"type":"Feature","properties":{"kind":"minor-water","name":"Johns Creek","ftype":460,"lengthKm":0.43,"hu8":"05110002","pid":"56294288"},"geometry":{"type":"MultiLineString","coordinates":[[[-86.05889,36.54786],[-86.06001,36.5485],[-86.06127,36.54706],[-86.0625,36.5473]]]}},{"type":"Feature","properties":{"kind":"minor-water","name":"Clifty Creek","ftype":460,"lengthKm":1.21,"hu8":"05110002","pid":"56294427"},"geometry":{"type":"MultiLineString","coordinates":[[[-86.14103,36.54576],[-86.14084,36.54726],[-86.13913,36.55036],[-86.13871,36.55187],[-86.13758,36.55313],[-86.13613,36.55574]]]}},{"type":"Feature","properties":{"kind":"minor-water","name":"Skaggs Creek","ftype":558,"lengthKm":0.32,"hu8":"05110002","pid":"56288696"},"geometry":{"type":"MultiLineString","coordinates":[[[-85.88113,36.89136],[-85.88437,36.89016]]]}},{"type":"Feature","properties":{"kind":"minor-water","name":"Dry Branch","ftype":558,"lengthKm":0.01,"hu8":"05110002","pid":"56289493"},"geometry":{"type":"MultiLineString","coordinates":[[[-85.99557,36.84097],[-85.99554,36.84105]]]}},{"type":"Feature","properties":{"kind":"minor-water","name":"West Fork Drakes Creek","ftype":558,"lengthKm":2.01,"hu8":"05110002","pid":"56290589"},"geometry":{"type":"MultiLineString","coordinates":[[[-86.53882,36.78766],[-86.53981,36.79014],[-86.53859,36.7908],[-86.53752,36.79077],[-86.53479,36.78989],[-86.53367,36.78882],[-86.53241,36.78822],[-86.53109,36.78869],[-86.53076,36.79042],[-86.53122,36.79185],[-86.53217,36.7926],[-86.53555,36.79405]]]}},{"type":"Feature","properties":{"kind":"minor-water","name":"West Fork Drakes Creek","ftype":558,"lengthKm":0.44,"hu8":"05110002","pid":"56291978"},"geometry":{"type":"MultiLineString","coordinates":[[[-86.51814,36.6746],[-86.51773,36.67627],[-86.51994,36.67769]]]}},{"type":"Feature","properties":{"kind":"minor-water","name":"Simmons Branch","ftype":558,"lengthKm":0.09,"hu8":"05110002","pid":"56293715"},"geometry":{"type":"MultiLineString","coordinates":[[[-86.22703,36.58725],[-86.22661,36.58802]]]}},{"type":"Feature","properties":{"kind":"minor-water","name":"Bean Branch","ftype":460,"lengthKm":0.08,"hu8":"05110002","pid":"56293472"},"geometry":{"type":"MultiLineString","coordinates":[[[-85.77814,36.55802],[-85.77834,36.55873]]]}},{"type":"Feature","properties":{"kind":"minor-water","name":"Coonfoot Branch","ftype":460,"lengthKm":0.84,"hu8":"05110002","pid":"56291378"},"geometry":{"type":"MultiLineString","coordinates":[[[-85.89551,36.67348],[-85.89599,36.67111],[-85.89863,36.67018],[-85.89996,36.66752]]]}},{"type":"Feature","properties":{"kind":"minor-water","name":"Buck Creek","ftype":558,"lengthKm":0.01,"hu8":"05110002","pid":"56290988"},"geometry":{"type":"MultiLineString","coordinates":[[[-86.27232,36.72787],[-86.2722,36.72792]]]}},{"type":"Feature","properties":{"kind":"minor-water","name":"Barren River","ftype":558,"lengthKm":0.55,"hu8":"05110002","pid":"b50305c7-8d37-4ca0-a71a-0366f12322ab"},"geometry":{"type":"MultiLineString","coordinates":[[[-86.39446,37.02474],[-86.39598,37.02574],[-86.39984,37.02722]]]}},{"type":"Feature","properties":{"kind":"minor-water","name":"Hocker Branch","ftype":460,"lengthKm":1.13,"hu8":"05110002","pid":"56286456"},"geometry":{"type":"MultiLineString","coordinates":[[[-86.63671,37.10405],[-86.63752,37.10497],[-86.63839,37.10518],[-86.64167,37.108],[-86.64259,37.10814],[-86.64492,37.11007],[-86.64561,37.11013],[-86.64595,37.11056]]]}},{"type":"Feature","properties":{"kind":"minor-water","name":"Puncheon Creek","ftype":460,"lengthKm":0.58,"hu8":"05110002","pid":"56292837"},"geometry":{"type":"MultiLineString","coordinates":[[[-86.01979,36.60001],[-86.01897,36.6011],[-86.01669,36.60182],[-86.0162,36.60303],[-86.01552,36.60345]]]}},{"type":"Feature","properties":{"kind":"minor-water","name":"Sinking Branch","ftype":460,"lengthKm":1.82,"hu8":"05110002","pid":"56286911"},"geometry":{"type":"MultiLineString","coordinates":[[[-86.11487,37.02488],[-86.11821,37.02361],[-86.12158,37.0238],[-86.12185,37.02429],[-86.12329,37.02494],[-86.12547,37.02501],[-86.1259,37.02634],[-86.12661,37.02653],[-86.12632,37.0275],[-86.12669,37.02785],[-86.12755,37.02728],[-86.12813,37.02793],[-86.1306,37.028]]]}},{"type":"Feature","properties":{"kind":"minor-water","name":"Brushy Fork","ftype":460,"lengthKm":0.86,"hu8":"05110002","pid":"56287141"},"geometry":{"type":"MultiLineString","coordinates":[[[-86.13692,37.00428],[-86.13756,37.00483],[-86.13748,37.00548],[-86.13718,37.00538],[-86.13747,37.006],[-86.13672,37.00667],[-86.13674,37.00739],[-86.13723,37.00856],[-86.13806,37.00929],[-86.13843,37.01081]]]}},{"type":"Feature","properties":{"kind":"minor-water","name":"Boyds Creek","ftype":460,"lengthKm":0.03,"hu8":"05110002","pid":"56287819"},"geometry":{"type":"MultiLineString","coordinates":[[[-85.94406,36.9401],[-85.94425,36.93984]]]}},{"type":"Feature","properties":{"kind":"minor-water","name":"Eaton Branch","ftype":460,"lengthKm":2.51,"hu8":"05110002","pid":"56289188"},"geometry":{"type":"MultiLineString","coordinates":[[[-85.74668,36.84182],[-85.74724,36.84222],[-85.74886,36.84254],[-85.75111,36.84372],[-85.75236,36.84339],[-85.75376,36.84392],[-85.75607,36.84594],[-85.75918,36.84685],[-85.76434,36.85022],[-85.77091,36.85168]]]}},{"type":"Feature","properties":{"kind":"minor-water","name":"Bays Fork","ftype":460,"lengthKm":1.05,"hu8":"05110002","pid":"56289854"},"geometry":{"type":"MultiLineString","coordinates":[[[-86.28786,36.83676],[-86.28581,36.83899],[-86.28664,36.83995],[-86.28644,36.84068],[-86.28836,36.84269],[-86.28801,36.84493]]]}},{"type":"Feature","properties":{"kind":"minor-water","name":"Buck Creek","ftype":460,"lengthKm":0.57,"hu8":"05110002","pid":"56291617"},"geometry":{"type":"MultiLineString","coordinates":[[[-86.28578,36.67777],[-86.28719,36.67936],[-86.28788,36.68247]]]}},{"type":"Feature","properties":{"kind":"minor-water","name":"Line Creek","ftype":460,"lengthKm":1,"hu8":"05110002","pid":"56292069"},"geometry":{"type":"MultiLineString","coordinates":[[[-85.78327,36.60937],[-85.78467,36.6098],[-85.78656,36.60987],[-85.78956,36.61081],[-85.79125,36.61225],[-85.79304,36.6131]]]}},{"type":"Feature","properties":{"kind":"minor-water","name":"Long Creek","ftype":460,"lengthKm":0.64,"hu8":"05110002","pid":"56292576"},"geometry":{"type":"MultiLineString","coordinates":[[[-86.11518,36.61788],[-86.11484,36.61882],[-86.11264,36.6205],[-86.11148,36.62267]]]}},{"type":"Feature","properties":{"kind":"minor-water","name":"Puncheon Creek","ftype":460,"lengthKm":0.25,"hu8":"05110002","pid":"56293781"},"geometry":{"type":"MultiLineString","coordinates":[[[-86.03592,36.56911],[-86.0363,36.5693],[-86.03583,36.57119]]]}},{"type":"Feature","properties":{"kind":"minor-water","name":"Long Hungry Creek","ftype":460,"lengthKm":0.48,"hu8":"05110002","pid":"56293785"},"geometry":{"type":"MultiLineString","coordinates":[[[-85.87475,36.55549],[-85.87409,36.55603],[-85.87391,36.55676],[-85.87368,36.55855],[-85.87417,36.55948]]]}},{"type":"Feature","properties":{"kind":"minor-water","name":"Caney Fork Creek","ftype":460,"lengthKm":0.06,"hu8":"05110002","pid":"56294325"},"geometry":{"type":"MultiLineString","coordinates":[[[-86.40921,36.5732],[-86.4099,36.57306]]]}},{"type":"Feature","properties":{"kind":"minor-water","name":"Beaver Creek","ftype":558,"lengthKm":3.9,"hu8":"05110002","pid":"56286563"},"geometry":{"type":"MultiLineString","coordinates":[[[-85.84893,37.0424],[-85.85302,37.04499],[-85.85409,37.045],[-85.85398,37.04423],[-85.85209,37.04142],[-85.85197,37.03836],[-85.85278,37.03696],[-85.85527,37.036],[-85.85645,37.036],[-85.85722,37.03491],[-85.85826,37.03533],[-85.85914,37.03466],[-85.85971,37.03462],[-85.86124,37.03676],[-85.86353,37.03705],[-85.8645,37.03791],[-85.86741,37.03874],[-85.86886,37.03859],[-85.87122,37.03778],[-85.87194,37.0375],[-85.87233,37.03672],[-85.87367,37.03665],[-85.87475,37.03614]]]}},{"type":"Feature","properties":{"kind":"minor-water","name":"Barren River","ftype":558,"lengthKm":4.29,"hu8":"05110002","pid":"56288076"},"geometry":{"type":"MultiLineString","coordinates":[[[-86.32848,36.94437],[-86.33033,36.9451],[-86.33364,36.94743],[-86.33513,36.94867],[-86.33586,36.94991],[-86.33583,36.95225],[-86.33375,36.95925],[-86.33159,36.96323],[-86.33072,36.96739],[-86.32948,36.97012],[-86.33169,36.97436],[-86.33405,36.97577],[-86.33699,36.97626]]]}},{"type":"Feature","properties":{"kind":"minor-water","name":"Glover Creek","ftype":558,"lengthKm":1.06,"hu8":"05110002","pid":"56288475"},"geometry":{"type":"MultiLineString","coordinates":[[[-85.75672,36.89364],[-85.75866,36.89407],[-85.75982,36.89316],[-85.76236,36.89292],[-85.76605,36.89477],[-85.76665,36.89573]]]}},{"type":"Feature","properties":{"kind":"minor-water","name":"Barren River","ftype":558,"lengthKm":2.68,"hu8":"05110002","pid":"56288580"},"geometry":{"type":"MultiLineString","coordinates":[[[-86.25885,36.92252],[-86.25966,36.92341],[-86.25918,36.92431],[-86.25813,36.92516],[-86.25555,36.92618],[-86.25014,36.92697],[-86.2434,36.92629],[-86.23936,36.92652],[-86.23861,36.92775],[-86.23799,36.93181]]]}},{"type":"Feature","properties":{"kind":"minor-water","name":"Long Fork","ftype":558,"lengthKm":0.17,"hu8":"05110002","pid":"56293241"},"geometry":{"type":"MultiLineString","coordinates":[[[-85.93629,36.58029],[-85.93498,36.5814]]]}},{"type":"Feature","properties":{"kind":"minor-water","name":"Barren River","ftype":558,"lengthKm":1.77,"hu8":"05110002","pid":"56288707"},"geometry":{"type":"MultiLineString","coordinates":[[[-86.22613,36.91258],[-86.23584,36.9162],[-86.24115,36.91997],[-86.24309,36.92057]]]}},{"type":"Feature","properties":{"kind":"minor-water","name":"West Fork Drakes Creek","ftype":558,"lengthKm":0.04,"hu8":"05110002","pid":"56289938"},"geometry":{"type":"MultiLineString","coordinates":[[[-86.41312,36.83849],[-86.41288,36.8388]]]}},{"type":"Feature","properties":{"kind":"minor-water","name":"Ramble Creek","ftype":558,"lengthKm":0.01,"hu8":"05110002","pid":"56291031"},"geometry":{"type":"MultiLineString","coordinates":[[[-86.26824,36.72313],[-86.26829,36.72306]]]}},{"type":"Feature","properties":{"kind":"minor-water","name":"East Fork Barren River","ftype":558,"lengthKm":2.07,"hu8":"05110002","pid":"56291553"},"geometry":{"type":"MultiLineString","coordinates":[[[-85.80379,36.64507],[-85.80454,36.64536],[-85.80553,36.6465],[-85.80651,36.65007],[-85.80656,36.6515],[-85.80982,36.65405],[-85.81119,36.65407],[-85.81513,36.65231],[-85.81707,36.6533],[-85.8181,36.65424]]]}},{"type":"Feature","properties":{"kind":"minor-water","name":"Mays Branch","ftype":460,"lengthKm":1.41,"hu8":"05110002","pid":"56292384"},"geometry":{"type":"MultiLineString","coordinates":[[[-86.44832,36.65198],[-86.44783,36.65368],[-86.44875,36.65772],[-86.44871,36.65977],[-86.448,36.66067],[-86.4459,36.66099],[-86.44443,36.6626]]]}},{"type":"Feature","properties":{"kind":"minor-water","name":"Taylor Branch","ftype":460,"lengthKm":0.33,"hu8":"05110002","pid":"56286527"},"geometry":{"type":"MultiLineString","coordinates":[[[-86.49156,37.09125],[-86.49305,37.09077],[-86.49466,37.08967]]]}},{"type":"Feature","properties":{"kind":"minor-water","name":"Elmore Branch","ftype":460,"lengthKm":1.57,"hu8":"05110002","pid":"56288995"},"geometry":{"type":"MultiLineString","coordinates":[[[-85.93815,36.86848],[-85.93893,36.86852],[-85.94027,36.86796],[-85.943,36.86782],[-85.94487,36.86864],[-85.94656,36.87111],[-85.94643,36.87154],[-85.94702,36.87275],[-85.94825,36.87447],[-85.948,36.87635]]]}},{"type":"Feature","properties":{"kind":"minor-water","name":"South Fork Beaver Creek","ftype":460,"lengthKm":0.25,"hu8":"05110002","pid":"56287246"},"geometry":{"type":"MultiLineString","coordinates":[[[-85.94509,36.98088],[-85.94707,36.98243]]]}},{"type":"Feature","properties":{"kind":"minor-water","name":"Lick Branch","ftype":460,"lengthKm":0.12,"hu8":"05110002","pid":"56287593"},"geometry":{"type":"MultiLineString","coordinates":[[[-85.78938,36.94034],[-85.79024,36.93946]]]}},{"type":"Feature","properties":{"kind":"minor-water","name":"Taylor Branch","ftype":460,"lengthKm":0.44,"hu8":"05110002","pid":"56286461"},"geometry":{"type":"MultiLineString","coordinates":[[[-86.48513,37.09734],[-86.48534,37.096],[-86.4862,37.09495],[-86.48663,37.09365]]]}},{"type":"Feature","properties":{"kind":"minor-water","name":"Skaggs Creek","ftype":460,"lengthKm":0.02,"hu8":"05110002","pid":"56289627"},"geometry":{"type":"MultiLineString","coordinates":[[[-85.7037,36.80532],[-85.70389,36.80532]]]}},{"type":"Feature","properties":{"kind":"minor-water","name":"West Bays Fork","ftype":460,"lengthKm":2.4,"hu8":"05110002","pid":"56291026"},"geometry":{"type":"MultiLineString","coordinates":[[[-86.163,36.71515],[-86.16355,36.7161],[-86.16706,36.71753],[-86.16828,36.71843],[-86.16929,36.71837],[-86.17322,36.72132],[-86.17428,36.72115],[-86.17494,36.72136],[-86.17563,36.7223],[-86.17739,36.72314],[-86.17983,36.72363],[-86.1849,36.72606]]]}},{"type":"Feature","properties":{"kind":"minor-water","name":"Long Creek","ftype":460,"lengthKm":0.57,"hu8":"05110002","pid":"56291858"},"geometry":{"type":"MultiLineString","coordinates":[[[-86.10857,36.64842],[-86.10645,36.64793],[-86.10615,36.64884],[-86.10658,36.64923],[-86.10662,36.64984],[-86.10612,36.65103]]]}},{"type":"Feature","properties":{"kind":"minor-water","name":"White Oak Creek","ftype":460,"lengthKm":0.41,"hu8":"05110002","pid":"56292117"},"geometry":{"type":"MultiLineString","coordinates":[[[-85.9432,36.62051],[-85.94182,36.62294],[-85.94094,36.62362]]]}},{"type":"Feature","properties":{"kind":"minor-water","name":"Puncheon Creek","ftype":460,"lengthKm":1,"hu8":"05110002","pid":"56293635"},"geometry":{"type":"MultiLineString","coordinates":[[[-86.03258,36.57419],[-86.03262,36.57691],[-86.03167,36.57785],[-86.03172,36.57821],[-86.03093,36.57856],[-86.03022,36.57946],[-86.02994,36.58089],[-86.02918,36.58222]]]}},{"type":"Feature","properties":{"kind":"minor-water","name":"Stratton Branch","ftype":460,"lengthKm":1.31,"hu8":"05110002","pid":"56294392"},"geometry":{"type":"MultiLineString","coordinates":[[[-86.11969,36.54542],[-86.11899,36.5466],[-86.117,36.54826],[-86.11479,36.55283],[-86.11224,36.55533]]]}},{"type":"Feature","properties":{"kind":"minor-water","name":"West Fork Long Creek","ftype":460,"lengthKm":0.06,"hu8":"05110002","pid":"56294585"},"geometry":{"type":"MultiLineString","coordinates":[[[-86.16782,36.53622],[-86.16743,36.53661]]]}},{"type":"Feature","properties":{"kind":"minor-water","name":"Middle Fork Drakes Creek","ftype":460,"lengthKm":0.2,"hu8":"05110002","pid":"56294659"},"geometry":{"type":"MultiLineString","coordinates":[[[-86.32812,36.5436],[-86.32667,36.54497]]]}},{"type":"Feature","properties":{"kind":"minor-water","name":"Beaver Creek","ftype":558,"lengthKm":0.83,"hu8":"05110002","pid":"56286950"},"geometry":{"type":"MultiLineString","coordinates":[[[-85.9895,37.01539],[-85.98714,37.01383],[-85.98733,37.01332],[-85.98882,37.01253],[-85.98902,37.01213],[-85.98589,37.01139]]]}},{"type":"Feature","properties":{"kind":"minor-water","name":"Beaver Creek","ftype":558,"lengthKm":0.1,"hu8":"05110002","pid":"56287280"},"geometry":{"type":"MultiLineString","coordinates":[[[-85.98087,36.98172],[-85.98077,36.98082]]]}},{"type":"Feature","properties":{"kind":"minor-water","name":"Falling Timber Creek","ftype":558,"lengthKm":0.36,"hu8":"05110002","pid":"56288138"},"geometry":{"type":"MultiLineString","coordinates":[[[-85.87736,36.91755],[-85.87902,36.91715],[-85.88061,36.91576]]]}},{"type":"Feature","properties":{"kind":"minor-water","name":"Manley Branch","ftype":558,"lengthKm":0.35,"hu8":"05110002","pid":"56290097"},"geometry":{"type":"MultiLineString","coordinates":[[[-86.07833,36.79798],[-86.07749,36.79938],[-86.07727,36.80093]]]}},{"type":"Feature","properties":{"kind":"minor-water","name":"Barren River","ftype":558,"lengthKm":0.19,"hu8":"05110002","pid":"56290101"},"geometry":{"type":"MultiLineString","coordinates":[[[-86.04981,36.79496],[-86.04974,36.79663]]]}},{"type":"Feature","properties":{"kind":"minor-water","name":"East Fork Barren River","ftype":558,"lengthKm":1.35,"hu8":"05110002","pid":"56290863"},"geometry":{"type":"MultiLineString","coordinates":[[[-85.77008,36.70739],[-85.76947,36.70598],[-85.76957,36.7055],[-85.77254,36.70439],[-85.773,36.70381],[-85.77252,36.70261],[-85.77142,36.70171],[-85.77096,36.70042],[-85.76996,36.69926],[-85.77074,36.69786]]]}},{"type":"Feature","properties":{"kind":"minor-water","name":"Hams Branch","ftype":558,"lengthKm":0.15,"hu8":"05110002","pid":"56290934"},"geometry":{"type":"MultiLineString","coordinates":[[[-86.35436,36.7403],[-86.3556,36.74115]]]}},{"type":"Feature","properties":{"kind":"minor-water","name":"Mill Creek","ftype":558,"lengthKm":0.61,"hu8":"05110002","pid":"56291011"},"geometry":{"type":"MultiLineString","coordinates":[[[-85.69453,36.67711],[-85.69571,36.6787],[-85.699,36.68118]]]}},{"type":"Feature","properties":{"kind":"minor-water","name":"Sulphur Fork Creek","ftype":558,"lengthKm":0.12,"hu8":"05110002","pid":"56291391"},"geometry":{"type":"MultiLineString","coordinates":[[[-86.40916,36.70845],[-86.40891,36.70953]]]}},{"type":"Feature","properties":{"kind":"minor-water","name":"Salt Lick Creek","ftype":558,"lengthKm":2.41,"hu8":"05110002","pid":"56291834"},"geometry":{"type":"MultiLineString","coordinates":[[[-85.90572,36.63181],[-85.90478,36.63327],[-85.90569,36.636],[-85.90565,36.63692],[-85.9066,36.63749],[-85.90909,36.63731],[-85.91043,36.63791],[-85.91531,36.63861],[-85.91616,36.63913],[-85.9179,36.64214],[-85.91708,36.64363],[-85.91743,36.64508],[-85.91718,36.64585]]]}},{"type":"Feature","properties":{"kind":"minor-water","name":"Long Fork","ftype":558,"lengthKm":0.91,"hu8":"05110002","pid":"56292220"},"geometry":{"type":"MultiLineString","coordinates":[[[-85.93403,36.61513],[-85.93461,36.61607],[-85.93447,36.61746],[-85.93372,36.61824],[-85.93259,36.61835],[-85.92957,36.62129]]]}},{"type":"Feature","properties":{"kind":"minor-water","name":"Peter Creek","ftype":558,"lengthKm":1.57,"hu8":"05110002","pid":"56289370"},"geometry":{"type":"MultiLineString","coordinates":[[[-86.01189,36.85333],[-86.01262,36.85462],[-86.01673,36.85606],[-86.02031,36.85457],[-86.02533,36.85349],[-86.02701,36.85241]]]}},{"type":"Feature","properties":{"kind":"minor-water","name":"West Bays Fork","ftype":460,"lengthKm":0.52,"hu8":"05110002","pid":"56290207"},"geometry":{"type":"MultiLineString","coordinates":[[[-86.23605,36.79922],[-86.23578,36.79971],[-86.23606,36.80243],[-86.23663,36.80376]]]}},{"type":"Feature","properties":{"kind":"minor-water","name":"Boyds Creek","ftype":460,"lengthKm":0.16,"hu8":"05110002","pid":"56287722"},"geometry":{"type":"MultiLineString","coordinates":[[[-85.93644,36.94617],[-85.93798,36.94535]]]}},{"type":"Feature","properties":{"kind":"minor-water","name":"Barren River","ftype":558,"lengthKm":0.15,"hu8":"05110002","pid":"56287173"},"geometry":{"type":"MultiLineString","coordinates":[[[-86.39379,37.02354],[-86.39446,37.02474]]]}},{"type":"Feature","properties":{"kind":"minor-water","name":"Adams Branch","ftype":460,"lengthKm":5.29,"hu8":"05110002","pid":"56290964"},"geometry":{"type":"MultiLineString","coordinates":[[[-85.72713,36.70383],[-85.72774,36.70006],[-85.72898,36.69906],[-85.72995,36.69884],[-85.73344,36.69979],[-85.73544,36.69877],[-85.73535,36.69841],[-85.73675,36.69791],[-85.73811,36.69792],[-85.7397,36.699],[-85.74152,36.69946],[-85.74494,36.69869],[-85.74622,36.6988],[-85.74775,36.69774],[-85.74868,36.6966],[-85.75031,36.69589],[-85.7513,36.69383],[-85.75257,36.69289],[-85.75517,36.69199],[-85.75581,36.69147],[-85.75788,36.69077],[-85.75851,36.69084],[-85.75899,36.69047],[-85.76127,36.69011],[-85.76317,36.69043],[-85.76386,36.69085],[-85.76631,36.69017],[-85.76842,36.6907],[-85.77297,36.68981],[-85.7738,36.68932],[-85.77393,36.68886]]]}},{"type":"Feature","properties":{"kind":"minor-water","name":"Raccoon Branch","ftype":460,"lengthKm":1.11,"hu8":"05110002","pid":"56287104"},"geometry":{"type":"MultiLineString","coordinates":[[[-85.78011,36.97707],[-85.78158,36.97901],[-85.78126,36.98017],[-85.78186,36.98067],[-85.78178,36.9811],[-85.78244,36.98205],[-85.78255,36.98433],[-85.78167,36.98623]]]}},{"type":"Feature","properties":{"kind":"minor-water","name":"Trace Creek","ftype":460,"lengthKm":0.37,"hu8":"05110002","pid":"56293548"},"geometry":{"type":"MultiLineString","coordinates":[[[-85.78075,36.55607],[-85.77966,36.55696],[-85.77834,36.55873]]]}},{"type":"Feature","properties":{"kind":"minor-water","name":"Little Muddy Creek","ftype":460,"lengthKm":2.34,"hu8":"05110002","pid":"56286986"},"geometry":{"type":"MultiLineString","coordinates":[[[-86.67722,37.06],[-86.67811,37.06127],[-86.67968,37.06187],[-86.67978,37.06364],[-86.68039,37.06561],[-86.68183,37.06854],[-86.6825,37.06903],[-86.68185,37.07053],[-86.68224,37.07143],[-86.68399,37.07238],[-86.68484,37.07518],[-86.68783,37.07758]]]}},{"type":"Feature","properties":{"kind":"minor-water","name":"Bailey Branch","ftype":460,"lengthKm":2.82,"hu8":"05110002","pid":"56288787"},"geometry":{"type":"MultiLineString","coordinates":[[[-85.78598,36.87577],[-85.78693,36.87679],[-85.78967,36.87735],[-85.79102,36.87792],[-85.79292,36.87727],[-85.79387,36.87725],[-85.79587,36.87877],[-85.79654,36.87994],[-85.79739,36.88034],[-85.79837,36.88032],[-85.79917,36.8798],[-85.80073,36.87977],[-85.80136,36.88026],[-85.80383,36.88078],[-85.80523,36.8828],[-85.80645,36.88685],[-85.80775,36.88834]]]}},{"type":"Feature","properties":{"kind":"minor-water","name":"Crooked Run","ftype":460,"lengthKm":1.04,"hu8":"05110002","pid":"56289046"},"geometry":{"type":"MultiLineString","coordinates":[[[-86.68046,36.92924],[-86.67911,36.92952],[-86.67859,36.92927],[-86.67661,36.9293],[-86.67447,36.93034],[-86.67355,36.9315],[-86.67386,36.93333],[-86.67323,36.9341]]]}},{"type":"Feature","properties":{"kind":"minor-water","name":"Little Difficult Creek","ftype":460,"lengthKm":2.68,"hu8":"05110002","pid":"56289082"},"geometry":{"type":"MultiLineString","coordinates":[[[-86.19441,36.88815],[-86.19604,36.88935],[-86.19831,36.88956],[-86.19891,36.88938],[-86.20048,36.89007],[-86.20095,36.89065],[-86.20096,36.89185],[-86.20137,36.89238],[-86.20527,36.89455],[-86.20702,36.89626],[-86.20713,36.89687],[-86.20945,36.89806],[-86.20965,36.89988],[-86.21097,36.8997],[-86.21212,36.90172],[-86.21209,36.90381]]]}},{"type":"Feature","properties":{"kind":"minor-water","name":"Little Salt Lick Creek","ftype":460,"lengthKm":0.34,"hu8":"05110002","pid":"56293166"},"geometry":{"type":"MultiLineString","coordinates":[[[-85.83025,36.5749],[-85.8318,36.57408],[-85.83374,36.57406]]]}},{"type":"Feature","properties":{"kind":"minor-water","name":"Little Trace Creek","ftype":460,"lengthKm":0.25,"hu8":"05110002","pid":"56292929"},"geometry":{"type":"MultiLineString","coordinates":[[[-85.71467,36.57153],[-85.71743,36.57142]]]}},{"type":"Feature","properties":{"kind":"minor-water","name":"White Oak Creek","ftype":460,"lengthKm":0.14,"hu8":"05110002","pid":"56294419"},"geometry":{"type":"MultiLineString","coordinates":[[[-85.99349,36.5337],[-85.99435,36.5347]]]}},{"type":"Feature","properties":{"kind":"minor-water","name":"White Oak Creek","ftype":460,"lengthKm":0.89,"hu8":"05110002","pid":"56294494"},"geometry":{"type":"MultiLineString","coordinates":[[[-85.98631,36.5283],[-85.9871,36.52922],[-85.99113,36.53134],[-85.9923,36.53282],[-85.99349,36.5337]]]}},{"type":"Feature","properties":{"kind":"minor-water","name":"Salt Lick Creek","ftype":460,"lengthKm":0.22,"hu8":"05110002","pid":"56294839"},"geometry":{"type":"MultiLineString","coordinates":[[[-85.8526,36.48998],[-85.85212,36.4902],[-85.85181,36.49174]]]}},{"type":"Feature","properties":{"kind":"minor-water","name":"Long Hungry Creek","ftype":460,"lengthKm":0.45,"hu8":"05110002","pid":"56294944"},"geometry":{"type":"MultiLineString","coordinates":[[[-85.89516,36.48288],[-85.89493,36.48477],[-85.89394,36.48679]]]}},{"type":"Feature","properties":{"kind":"minor-water","name":"Long Fork","ftype":460,"lengthKm":0.1,"hu8":"05110002","pid":"56295040"},"geometry":{"type":"MultiLineString","coordinates":[[[-85.93453,36.47605],[-85.93445,36.47693]]]}},{"type":"Feature","properties":{"kind":"minor-water","name":"Little Muddy Creek","ftype":558,"lengthKm":2.44,"hu8":"05110002","pid":"56286303"},"geometry":{"type":"MultiLineString","coordinates":[[[-86.62995,37.14858],[-86.62715,37.14745],[-86.62798,37.14583],[-86.62554,37.14616],[-86.62533,37.14511],[-86.62241,37.14424],[-86.62017,37.14305],[-86.61832,37.14324],[-86.6168,37.14371],[-86.61573,37.14443],[-86.61432,37.14459],[-86.6148,37.14552],[-86.61423,37.14607],[-86.61512,37.14656],[-86.61607,37.14568],[-86.61662,37.14681]]]}},{"type":"Feature","properties":{"kind":"minor-water","name":"Beaver Creek","ftype":558,"lengthKm":0.61,"hu8":"05110002","pid":"56286627"},"geometry":{"type":"MultiLineString","coordinates":[[[-85.91677,37.03496],[-85.91752,37.03561],[-85.91945,37.03638],[-85.91834,37.0379],[-85.91918,37.03882]]]}},{"type":"Feature","properties":{"kind":"minor-water","name":"Gasper River","ftype":558,"lengthKm":0.42,"hu8":"05110002","pid":"56288176"},"geometry":{"type":"MultiLineString","coordinates":[[[-86.70089,36.98009],[-86.69827,36.98114],[-86.69655,36.98067]]]}},{"type":"Feature","properties":{"kind":"minor-water","name":"Barren River","ftype":558,"lengthKm":2.56,"hu8":"05110002","pid":"56286916"},"geometry":{"type":"MultiLineString","coordinates":[[[-86.47703,37.0531],[-86.4805,37.05728],[-86.48105,37.06296],[-86.48142,37.06371],[-86.48229,37.06433],[-86.4838,37.0649],[-86.48542,37.06494],[-86.48966,37.06333],[-86.49312,37.06246],[-86.49472,37.06233]]]}},{"type":"Feature","properties":{"kind":"minor-water","name":"Barren River","ftype":558,"lengthKm":0.41,"hu8":"05110002","pid":"56291472"},"geometry":{"type":"MultiLineString","coordinates":[[[-85.93034,36.66666],[-85.93027,36.66476],[-85.93084,36.66301]]]}},{"type":"Feature","properties":{"kind":"minor-water","name":"Holcomb Branch","ftype":460,"lengthKm":0.64,"hu8":"05110002","pid":"56287354"},"geometry":{"type":"MultiLineString","coordinates":[[[-86.6806,37.03623],[-86.68034,37.03455],[-86.68124,37.03308],[-86.68125,37.0322],[-86.68176,37.03127],[-86.68149,37.03081]]]}},{"type":"Feature","properties":{"kind":"minor-water","name":"Little Trammel Creek","ftype":460,"lengthKm":0.98,"hu8":"05110002","pid":"56291561"},"geometry":{"type":"MultiLineString","coordinates":[[[-86.24792,36.67895],[-86.25,36.68166],[-86.25112,36.68257],[-86.25181,36.68501],[-86.25279,36.68568],[-86.25277,36.68648]]]}},{"type":"Feature","properties":{"kind":"minor-water","name":"Little Sinking Creek","ftype":460,"lengthKm":0.3,"hu8":"05110002","pid":"56286827"},"geometry":{"type":"MultiLineString","coordinates":[[[-86.08248,37.03049],[-86.08461,37.02993],[-86.08572,37.03021]]]}},{"type":"Feature","properties":{"kind":"minor-water","name":"Wiggington Creek","ftype":460,"lengthKm":1.68,"hu8":"05110002","pid":"56289520"},"geometry":{"type":"MultiLineString","coordinates":[[[-86.75881,36.90072],[-86.75713,36.90182],[-86.75552,36.90172],[-86.75317,36.90234],[-86.75256,36.90211],[-86.7518,36.90234],[-86.75198,36.90283],[-86.75124,36.90277],[-86.75191,36.90392],[-86.75162,36.90488],[-86.75183,36.90625],[-86.75148,36.9071],[-86.75177,36.9074],[-86.75128,36.90851],[-86.75175,36.90872],[-86.75131,36.90897],[-86.75115,36.90985]]]}},{"type":"Feature","properties":{"kind":"minor-water","name":"Glover Creek","ftype":460,"lengthKm":1.07,"hu8":"05110002","pid":"56290423"},"geometry":{"type":"MultiLineString","coordinates":[[[-85.97405,36.75892],[-85.97627,36.75991],[-85.97707,36.76118],[-85.97799,36.76128],[-85.97856,36.7617],[-85.97896,36.76311],[-85.98096,36.7639],[-85.98212,36.76513]]]}},{"type":"Feature","properties":{"kind":"minor-water","name":"Line Creek","ftype":460,"lengthKm":0.58,"hu8":"05110002","pid":"56291973"},"geometry":{"type":"MultiLineString","coordinates":[[[-85.72488,36.61055],[-85.72725,36.61089],[-85.72911,36.61029],[-85.73027,36.61028],[-85.73099,36.60982]]]}},{"type":"Feature","properties":{"kind":"minor-water","name":"Little Puncheon Creek","ftype":460,"lengthKm":1.17,"hu8":"05110002","pid":"56292397"},"geometry":{"type":"MultiLineString","coordinates":[[[-86.0238,36.61691],[-86.02239,36.61696],[-86.02072,36.61787],[-86.01713,36.61849],[-86.01508,36.61941],[-86.01159,36.62027]]]}},{"type":"Feature","properties":{"kind":"minor-water","name":"Little Puncheon Creek","ftype":460,"lengthKm":0.58,"hu8":"05110002","pid":"56292772"},"geometry":{"type":"MultiLineString","coordinates":[[[-86.04939,36.60501],[-86.04865,36.60561],[-86.04613,36.60603],[-86.04383,36.60745]]]}},{"type":"Feature","properties":{"kind":"minor-water","name":"White Oak Creek","ftype":460,"lengthKm":0.05,"hu8":"05110002","pid":"56292994"},"geometry":{"type":"MultiLineString","coordinates":[[[-85.97935,36.59211],[-85.97931,36.59254]]]}},{"type":"Feature","properties":{"kind":"minor-water","name":"Trace Creek","ftype":460,"lengthKm":0.31,"hu8":"05110002","pid":"56293460"},"geometry":{"type":"MultiLineString","coordinates":[[[-85.77834,36.55873],[-85.78012,36.56117]]]}},{"type":"Feature","properties":{"kind":"minor-water","name":"Puncheon Creek","ftype":460,"lengthKm":0.28,"hu8":"05110002","pid":"56293851"},"geometry":{"type":"MultiLineString","coordinates":[[[-86.03703,36.56671],[-86.03592,36.56911]]]}},{"type":"Feature","properties":{"kind":"minor-water","name":"Puncheon Creek","ftype":460,"lengthKm":0.88,"hu8":"05110002","pid":"56294019"},"geometry":{"type":"MultiLineString","coordinates":[[[-86.03549,36.55932],[-86.03574,36.56008],[-86.03678,36.56111],[-86.03746,36.56366],[-86.0368,36.56472],[-86.03703,36.56671]]]}},{"type":"Feature","properties":{"kind":"minor-water","name":"Stratton Branch","ftype":460,"lengthKm":2.66,"hu8":"05110002","pid":"56294229"},"geometry":{"type":"MultiLineString","coordinates":[[[-86.11224,36.55533],[-86.11163,36.55501],[-86.11086,36.55515],[-86.11088,36.55592],[-86.10938,36.55632],[-86.10816,36.55711],[-86.10698,36.55871],[-86.10634,36.55893],[-86.10621,36.55947],[-86.10452,36.55951],[-86.10383,36.56064],[-86.10282,36.56109],[-86.10321,36.56229],[-86.10223,36.56247],[-86.10149,36.56296],[-86.10176,36.56388],[-86.10059,36.56421],[-86.09967,36.56616],[-86.09985,36.5669],[-86.09809,36.56866],[-86.09856,36.56959],[-86.10012,36.57121]]]}},{"type":"Feature","properties":{"kind":"minor-water","name":"Salt Lick Creek","ftype":460,"lengthKm":0.14,"hu8":"05110002","pid":"56294282"},"geometry":{"type":"MultiLineString","coordinates":[[[-85.84924,36.53003],[-85.84895,36.53127]]]}},{"type":"Feature","properties":{"kind":"minor-water","name":"Long Creek","ftype":460,"lengthKm":0.29,"hu8":"05110002","pid":"56294295"},"geometry":{"type":"MultiLineString","coordinates":[[[-86.09121,36.54925],[-86.09165,36.54971],[-86.09185,36.5517]]]}},{"type":"Feature","properties":{"kind":"minor-water","name":"Long Hungry Creek","ftype":460,"lengthKm":0.2,"hu8":"05110002","pid":"56294757"},"geometry":{"type":"MultiLineString","coordinates":[[[-85.89049,36.50082],[-85.89039,36.50161],[-85.8896,36.50236]]]}},{"type":"Feature","properties":{"kind":"minor-water","name":"Pierce Creek","ftype":558,"lengthKm":0.01,"hu8":"05110002","pid":"56287906"},"geometry":{"type":"MultiLineString","coordinates":[[[-85.83113,36.92452],[-85.83111,36.9244]]]}},{"type":"Feature","properties":{"kind":"minor-water","name":"Barren River","ftype":558,"lengthKm":0.07,"hu8":"05110002","pid":"56288389"},"geometry":{"type":"MultiLineString","coordinates":[[[-86.23737,36.9361],[-86.23735,36.93673]]]}},{"type":"Feature","properties":{"kind":"minor-water","name":"Salt Lick Creek","ftype":558,"lengthKm":0.56,"hu8":"05110002","pid":"56292736"},"geometry":{"type":"MultiLineString","coordinates":[[[-85.88025,36.59248],[-85.8809,36.59328],[-85.88382,36.59474],[-85.88487,36.59578]]]}},{"type":"Feature","properties":{"kind":"minor-water","name":"Beaver Creek","ftype":558,"lengthKm":2.39,"hu8":"05110002","pid":"56286811"},"geometry":{"type":"MultiLineString","coordinates":[[[-85.93028,37.03199],[-85.93173,37.03184],[-85.93292,37.03246],[-85.93522,37.03257],[-85.9362,37.03027],[-85.93685,37.02972],[-85.93639,37.02815],[-85.939,37.02701],[-85.9408,37.02699],[-85.94202,37.02487],[-85.94326,37.02169],[-85.94569,37.01933]]]}},{"type":"Feature","properties":{"kind":"minor-water","name":"Little Muddy Creek","ftype":558,"lengthKm":1.54,"hu8":"05110002","pid":"56286290"},"geometry":{"type":"MultiLineString","coordinates":[[[-86.63849,37.15207],[-86.6389,37.15166],[-86.63856,37.15116],[-86.63654,37.15092],[-86.63722,37.14991],[-86.63641,37.14908],[-86.63538,37.14958],[-86.63556,37.15101],[-86.63485,37.15134],[-86.6338,37.15078],[-86.63315,37.14953],[-86.63162,37.14953],[-86.63163,37.14861],[-86.62995,37.14858]]]}},{"type":"Feature","properties":{"kind":"minor-water","name":"Lick Branch","ftype":460,"lengthKm":0.87,"hu8":"05110002","pid":"56287570"},"geometry":{"type":"MultiLineString","coordinates":[[[-85.78571,36.94733],[-85.78632,36.94681],[-85.78799,36.94326],[-85.78813,36.94158],[-85.78938,36.94034]]]}},{"type":"Feature","properties":{"kind":"minor-water","name":"Coruth Branch","ftype":460,"lengthKm":1.86,"hu8":"05110002","pid":"56291109"},"geometry":{"type":"MultiLineString","coordinates":[[[-85.98427,36.7083],[-85.98567,36.70573],[-85.98553,36.70459],[-85.98407,36.70287],[-85.98312,36.70002],[-85.98157,36.6976],[-85.98161,36.69701],[-85.98075,36.69623],[-85.98092,36.69578],[-85.98037,36.69496],[-85.98038,36.69389],[-85.97978,36.69373],[-85.97982,36.6933]]]}},{"type":"Feature","properties":{"kind":"minor-water","name":"Brushy Fork","ftype":460,"lengthKm":1.59,"hu8":"05110002","pid":"56288058"},"geometry":{"type":"MultiLineString","coordinates":[[[-85.78151,36.91396],[-85.78513,36.91196],[-85.78635,36.91224],[-85.78878,36.91169],[-85.79281,36.91254],[-85.79439,36.91347],[-85.7954,36.91491],[-85.79652,36.91567]]]}},{"type":"Feature","properties":{"kind":"minor-water","name":"Lick Creek","ftype":460,"lengthKm":0.48,"hu8":"05110002","pid":"56287126"},"geometry":{"type":"MultiLineString","coordinates":[[[-86.63684,37.04972],[-86.63701,37.04946],[-86.63603,37.04758],[-86.63714,37.04578]]]}},{"type":"Feature","properties":{"kind":"minor-water","name":"Falling Timber Creek","ftype":460,"lengthKm":0.01,"hu8":"05110002","pid":"56287789"},"geometry":{"type":"MultiLineString","coordinates":[[[-85.80255,36.92897],[-85.80262,36.92889]]]}},{"type":"Feature","properties":{"kind":"minor-water","name":"Rhoden Creek","ftype":460,"lengthKm":2.07,"hu8":"05110002","pid":"56290747"},"geometry":{"type":"MultiLineString","coordinates":[[[-86.07809,36.73626],[-86.07769,36.73604],[-86.07574,36.73616],[-86.07438,36.73644],[-86.07289,36.73715],[-86.07079,36.73918],[-86.07042,36.74064],[-86.0692,36.74114],[-86.06656,36.74443],[-86.0651,36.7456],[-86.06431,36.74714],[-86.06262,36.74821]]]}},{"type":"Feature","properties":{"kind":"minor-water","name":"Ramble Creek","ftype":558,"lengthKm":0.59,"hu8":"05110002","pid":"56290911"},"geometry":{"type":"MultiLineString","coordinates":[[[-86.22374,36.73572],[-86.22406,36.73682],[-86.22741,36.73999]]]}},{"type":"Feature","properties":{"kind":"minor-water","name":"Gasper River","ftype":558,"lengthKm":5.05,"hu8":"05110002","pid":"56287474"},"geometry":{"type":"MultiLineString","coordinates":[[[-86.62298,37.01417],[-86.62416,37.01454],[-86.6248,37.01507],[-86.62488,37.01706],[-86.6238,37.0185],[-86.6202,37.02085],[-86.61761,37.02049],[-86.61448,37.01661],[-86.61169,37.01465],[-86.61,37.01483],[-86.60784,37.01643],[-86.60644,37.01944],[-86.607,37.02208],[-86.6085,37.0229],[-86.6114,37.02205],[-86.61228,37.02204],[-86.61275,37.02257],[-86.61277,37.02381],[-86.61232,37.02517],[-86.60973,37.02742],[-86.60818,37.03032],[-86.60642,37.0321],[-86.60633,37.03274]]]}},{"type":"Feature","properties":{"kind":"minor-water","name":"Skaggs Creek","ftype":558,"lengthKm":1.03,"hu8":"05110002","pid":"56288668"},"geometry":{"type":"MultiLineString","coordinates":[[[-85.87123,36.89171],[-85.8732,36.89256],[-85.87472,36.89229],[-85.87746,36.89351],[-85.88037,36.89218],[-85.88113,36.89136]]]}},{"type":"Feature","properties":{"kind":"minor-water","name":"Steam Mill Branch","ftype":558,"lengthKm":0.01,"hu8":"05110002","pid":"56288962"},"geometry":{"type":"MultiLineString","coordinates":[[[-85.82702,36.86697],[-85.82711,36.86695]]]}},{"type":"Feature","properties":{"kind":"minor-water","name":"Middle Fork Drakes Creek","ftype":558,"lengthKm":1.03,"hu8":"05110002","pid":"56291635"},"geometry":{"type":"MultiLineString","coordinates":[[[-86.34081,36.681],[-86.34148,36.68225],[-86.34631,36.68459],[-86.34934,36.68692]]]}},{"type":"Feature","properties":{"kind":"minor-water","name":"Peter Creek","ftype":558,"lengthKm":1.37,"hu8":"05110002","pid":"56289640"},"geometry":{"type":"MultiLineString","coordinates":[[[-85.95777,36.82632],[-85.95768,36.83087],[-85.95879,36.8321],[-85.96044,36.83302],[-85.96322,36.8335],[-85.9651,36.83304],[-85.96605,36.83312]]]}},{"type":"Feature","properties":{"kind":"minor-water","name":"Middle Fork Drakes Creek","ftype":558,"lengthKm":0.39,"hu8":"05110002","pid":"56290792"},"geometry":{"type":"MultiLineString","coordinates":[[[-86.40764,36.75825],[-86.40489,36.76096]]]}},{"type":"Feature","properties":{"kind":"minor-water","name":"York Branch","ftype":558,"lengthKm":0.01,"hu8":"05110002","pid":"56292204"},"geometry":{"type":"MultiLineString","coordinates":[[[-85.88501,36.61145],[-85.8851,36.61145]]]}},{"type":"Feature","properties":{"kind":"minor-water","name":"Trammel Creek","ftype":558,"lengthKm":0.24,"hu8":"05110002","pid":"56291052"},"geometry":{"type":"MultiLineString","coordinates":[[[-86.26628,36.72162],[-86.26829,36.72306]]]}},{"type":"Feature","properties":{"kind":"minor-water","name":"Long Creek","ftype":558,"lengthKm":1.35,"hu8":"05110002","pid":"56291608"},"geometry":{"type":"MultiLineString","coordinates":[[[-86.10754,36.66413],[-86.10692,36.66441],[-86.10318,36.66424],[-86.10092,36.66537],[-86.10097,36.66628],[-86.10154,36.66711],[-86.10313,36.66765],[-86.10533,36.66752],[-86.10571,36.66891]]]}},{"type":"Feature","properties":{"kind":"minor-water","name":"Long Branch","ftype":558,"lengthKm":0.01,"hu8":"05110002","pid":"56291261"},"geometry":{"type":"MultiLineString","coordinates":[[[-85.76368,36.66389],[-85.76375,36.66397]]]}},{"type":"Feature","properties":{"kind":"minor-water","name":"Barren Fork","ftype":460,"lengthKm":0.94,"hu8":"05110002","pid":"56286534"},"geometry":{"type":"MultiLineString","coordinates":[[[-85.79634,37.0388],[-85.79752,37.03852],[-85.79904,37.0371],[-85.79966,37.03595],[-85.8009,37.0351],[-85.80096,37.03273],[-85.80158,37.03228]]]}},{"type":"Feature","properties":{"kind":"minor-water","name":"Barren River","ftype":558,"lengthKm":0.9,"hu8":"05110002","pid":"f215cf85-50ec-45ed-aa75-c59a0d68e88f"},"geometry":{"type":"MultiLineString","coordinates":[[[-86.42142,37.03352],[-86.42489,37.0339],[-86.42871,37.03238],[-86.43099,37.03189]]]}},{"type":"Feature","properties":{"kind":"minor-water","name":"Bowles Branch","ftype":460,"lengthKm":1.51,"hu8":"05110002","pid":"56287993"},"geometry":{"type":"MultiLineString","coordinates":[[[-85.86091,36.93371],[-85.86146,36.93316],[-85.86098,36.93225],[-85.86163,36.93081],[-85.86162,36.92739],[-85.86017,36.92615],[-85.85902,36.92438],[-85.86052,36.92132]]]}},{"type":"Feature","properties":{"kind":"minor-water","name":"Glover Creek","ftype":460,"lengthKm":0.6,"hu8":"05110002","pid":"56290284"},"geometry":{"type":"MultiLineString","coordinates":[[[-85.9981,36.77293],[-86.00051,36.77287],[-86.00265,36.77389],[-86.00446,36.77403]]]}},{"type":"Feature","properties":{"kind":"minor-water","name":"Peter Creek","ftype":460,"lengthKm":0.18,"hu8":"05110002","pid":"56290362"},"geometry":{"type":"MultiLineString","coordinates":[[[-85.82113,36.75086],[-85.82298,36.75013]]]}},{"type":"Feature","properties":{"kind":"minor-water","name":"Long Hungry Creek","ftype":460,"lengthKm":1.22,"hu8":"05110002","pid":"56291320"},"geometry":{"type":"MultiLineString","coordinates":[[[-86.03547,36.6827],[-86.03379,36.68358],[-86.03085,36.68585],[-86.02941,36.6878],[-86.02906,36.68882],[-86.02723,36.68984],[-86.02668,36.68983],[-86.02683,36.69034]]]}},{"type":"Feature","properties":{"kind":"minor-water","name":"Line Creek","ftype":460,"lengthKm":0.71,"hu8":"05110002","pid":"56291898"},"geometry":{"type":"MultiLineString","coordinates":[[[-85.69868,36.61124],[-85.70064,36.61156],[-85.70277,36.61277],[-85.70425,36.61324],[-85.70602,36.61348]]]}},{"type":"Feature","properties":{"kind":"minor-water","name":"York Branch","ftype":460,"lengthKm":0.68,"hu8":"05110002","pid":"56292284"},"geometry":{"type":"MultiLineString","coordinates":[[[-85.85886,36.60689],[-85.86338,36.60787],[-85.8663,36.60747]]]}},{"type":"Feature","properties":{"kind":"minor-water","name":"Trace Creek","ftype":460,"lengthKm":0.51,"hu8":"05110002","pid":"56293157"},"geometry":{"type":"MultiLineString","coordinates":[[[-85.78104,36.56991],[-85.78086,36.57079],[-85.78139,36.5726],[-85.7806,36.57429]]]}},{"type":"Feature","properties":{"kind":"minor-water","name":"Trace Creek","ftype":460,"lengthKm":0.54,"hu8":"05110002","pid":"56293289"},"geometry":{"type":"MultiLineString","coordinates":[[[-85.78217,36.56546],[-85.78269,36.56735],[-85.78104,36.56991]]]}},{"type":"Feature","properties":{"kind":"minor-water","name":"Dry Branch","ftype":460,"lengthKm":0.12,"hu8":"05110002","pid":"56293443"},"geometry":{"type":"MultiLineString","coordinates":[[[-85.91759,36.57143],[-85.91834,36.57111],[-85.91873,36.57138]]]}},{"type":"Feature","properties":{"kind":"minor-water","name":"Bean Branch","ftype":460,"lengthKm":0.32,"hu8":"05110002","pid":"56294091"},"geometry":{"type":"MultiLineString","coordinates":[[[-85.75753,36.53256],[-85.75934,36.53411],[-85.76025,36.53438]]]}},{"type":"Feature","properties":{"kind":"minor-water","name":"Witcher Hollow Branch","ftype":460,"lengthKm":0.1,"hu8":"05110002","pid":"56294234"},"geometry":{"type":"MultiLineString","coordinates":[[[-85.82149,36.53054],[-85.82264,36.53072]]]}},{"type":"Feature","properties":{"kind":"minor-water","name":"Long Creek","ftype":460,"lengthKm":0.64,"hu8":"05110002","pid":"56294256"},"geometry":{"type":"MultiLineString","coordinates":[[[-86.09185,36.5517],[-86.09151,36.55228],[-86.08986,36.5529],[-86.09156,36.55443],[-86.09205,36.55599]]]}},{"type":"Feature","properties":{"kind":"minor-water","name":"Trace Creek","ftype":460,"lengthKm":0.44,"hu8":"05110002","pid":"56294290"},"geometry":{"type":"MultiLineString","coordinates":[[[-85.78873,36.52393],[-85.78804,36.5257],[-85.78625,36.52727]]]}},{"type":"Feature","properties":{"kind":"minor-water","name":"White Oak Creek","ftype":460,"lengthKm":0.62,"hu8":"05110002","pid":"56294722"},"geometry":{"type":"MultiLineString","coordinates":[[[-85.97642,36.50976],[-85.97599,36.51069],[-85.97706,36.51136],[-85.97764,36.51357],[-85.97882,36.51438]]]}},{"type":"Feature","properties":{"kind":"minor-water","name":"Long Hungry Creek","ftype":460,"lengthKm":0.1,"hu8":"05110002","pid":"56294835"},"geometry":{"type":"MultiLineString","coordinates":[[[-85.89128,36.49348],[-85.8919,36.49423]]]}},{"type":"Feature","properties":{"kind":"minor-water","name":"West Prong Caney Fork Creek","ftype":460,"lengthKm":0.21,"hu8":"05110002","pid":"56294880"},"geometry":{"type":"MultiLineString","coordinates":[[[-86.38719,36.53124],[-86.38721,36.53317]]]}},{"type":"Feature","properties":{"kind":"minor-water","name":"Barren River","ftype":558,"lengthKm":1.16,"hu8":"05110002","pid":"56287316"},"geometry":{"type":"MultiLineString","coordinates":[[[-86.46915,37.01766],[-86.47228,37.01826],[-86.47396,37.01903],[-86.47441,37.01956],[-86.47427,37.02047],[-86.47109,37.02452]]]}},{"type":"Feature","properties":{"kind":"minor-water","name":"Gasper River","ftype":558,"lengthKm":0.29,"hu8":"05110002","pid":"56288163"},"geometry":{"type":"MultiLineString","coordinates":[[[-86.69655,36.98067],[-86.69474,36.98006],[-86.69357,36.98053]]]}},{"type":"Feature","properties":{"kind":"minor-water","name":"Drakes Creek","ftype":558,"lengthKm":1.08,"hu8":"05110002","pid":"56288202"},"geometry":{"type":"MultiLineString","coordinates":[[[-86.38171,36.95296],[-86.37933,36.95153],[-86.37762,36.95178],[-86.3748,36.95378],[-86.3738,36.95656]]]}},{"type":"Feature","properties":{"kind":"minor-water","name":"Indian Creek","ftype":558,"lengthKm":0.12,"hu8":"05110002","pid":"56291072"},"geometry":{"type":"MultiLineString","coordinates":[[[-85.95701,36.69444],[-85.95825,36.69398]]]}},{"type":"Feature","properties":{"kind":"minor-water","name":"Long Fork","ftype":558,"lengthKm":2.59,"hu8":"05110002","pid":"56291675"},"geometry":{"type":"MultiLineString","coordinates":[[[-85.92371,36.62209],[-85.92262,36.62283],[-85.92079,36.62312],[-85.92062,36.62346],[-85.9206,36.62549],[-85.92143,36.62814],[-85.92422,36.63164],[-85.92488,36.63331],[-85.92354,36.63651],[-85.92135,36.63844],[-85.92126,36.64209]]]}},{"type":"Feature","properties":{"kind":"minor-water","name":"Glover Creek","ftype":558,"lengthKm":1.11,"hu8":"05110002","pid":"56288578"},"geometry":{"type":"MultiLineString","coordinates":[[[-85.82131,36.89147],[-85.82203,36.89179],[-85.82488,36.89213],[-85.82718,36.89321],[-85.82966,36.89309],[-85.83315,36.89388]]]}},{"type":"Feature","properties":{"kind":"minor-water","name":"West Fork Drakes Creek","ftype":558,"lengthKm":0.36,"hu8":"05110002","pid":"56291685"},"geometry":{"type":"MultiLineString","coordinates":[[[-86.54576,36.69225],[-86.54603,36.69363],[-86.54759,36.69493]]]}},{"type":"Feature","properties":{"kind":"minor-water","name":"Middle Fork Drakes Creek","ftype":558,"lengthKm":1.59,"hu8":"05110002","pid":"56290365"},"geometry":{"type":"MultiLineString","coordinates":[[[-86.38716,36.79643],[-86.38692,36.79706],[-86.38786,36.80267],[-86.38161,36.80894]]]}},{"type":"Feature","properties":{"kind":"minor-water","name":"Middle Fork Drakes Creek","ftype":558,"lengthKm":1.84,"hu8":"05110002","pid":"56290616"},"geometry":{"type":"MultiLineString","coordinates":[[[-86.38076,36.77275],[-86.37986,36.77341],[-86.37942,36.77636],[-86.38025,36.77994],[-86.3811,36.78039],[-86.38637,36.78075],[-86.3892,36.78394]]]}},{"type":"Feature","properties":{"kind":"minor-water","name":"Trammel Creek","ftype":558,"lengthKm":2.24,"hu8":"05110002","pid":"56290932"},"geometry":{"type":"MultiLineString","coordinates":[[[-86.2729,36.73418],[-86.2735,36.73767],[-86.27394,36.73831],[-86.27797,36.73702],[-86.28079,36.73491],[-86.28438,36.73479],[-86.28647,36.73573],[-86.2888,36.73774],[-86.28975,36.73931]]]}},{"type":"Feature","properties":{"kind":"minor-water","name":"Sinking Creek","ftype":460,"lengthKm":0.77,"hu8":"05110002","pid":"56287138"},"geometry":{"type":"MultiLineString","coordinates":[[[-86.07234,37.00587],[-86.07273,37.00522],[-86.07233,37.00486],[-86.07271,37.00451],[-86.07268,37.00382],[-86.0721,37.00144],[-86.07274,36.99933]]]}},{"type":"Feature","properties":{"kind":"minor-water","name":"Long Fork","ftype":460,"lengthKm":0.24,"hu8":"05110002","pid":"56295088"},"geometry":{"type":"MultiLineString","coordinates":[[[-85.92954,36.46846],[-85.93107,36.47022]]]}},{"type":"Feature","properties":{"kind":"minor-water","name":"Richland Creek","ftype":460,"lengthKm":1.15,"hu8":"05110002","pid":"56286792"},"geometry":{"type":"MultiLineString","coordinates":[[[-86.72531,37.08325],[-86.72442,37.08353],[-86.72296,37.08535],[-86.72317,37.08791],[-86.72197,37.0891],[-86.72148,37.09126],[-86.72062,37.09211]]]}},{"type":"Feature","properties":{"kind":"minor-water","name":"Hams Branch","ftype":460,"lengthKm":3.07,"hu8":"05110002","pid":"56290771"},"geometry":{"type":"MultiLineString","coordinates":[[[-86.35821,36.74416],[-86.36155,36.74627],[-86.36363,36.74882],[-86.36394,36.74972],[-86.36567,36.75101],[-86.36617,36.7525],[-86.36604,36.75324],[-86.36997,36.75466],[-86.37284,36.75721],[-86.37536,36.75845],[-86.38115,36.7634]]]}},{"type":"Feature","properties":{"kind":"minor-water","name":"Little Salt Lick Creek","ftype":460,"lengthKm":0.19,"hu8":"05110002","pid":"56293015"},"geometry":{"type":"MultiLineString","coordinates":[[[-85.85639,36.58147],[-85.85746,36.58143],[-85.85834,36.58187]]]}},{"type":"Feature","properties":{"kind":"minor-water","name":"Lick Branch","ftype":460,"lengthKm":1.39,"hu8":"05110002","pid":"56293331"},"geometry":{"type":"MultiLineString","coordinates":[[[-86.01361,36.58355],[-86.01464,36.58585],[-86.0146,36.58705],[-86.015,36.58796],[-86.01679,36.58847],[-86.01767,36.58904],[-86.01847,36.59026],[-86.01888,36.59198],[-86.02174,36.59211]]]}},{"type":"Feature","properties":{"kind":"minor-water","name":"Puncheon Creek","ftype":460,"lengthKm":0.72,"hu8":"05110002","pid":"56294145"},"geometry":{"type":"MultiLineString","coordinates":[[[-86.03518,36.55299],[-86.03507,36.55585],[-86.03588,36.55804],[-86.03549,36.55932]]]}},{"type":"Feature","properties":{"kind":"minor-water","name":"Webb Branch","ftype":558,"lengthKm":0.04,"hu8":"05110002","pid":"56293064"},"geometry":{"type":"MultiLineString","coordinates":[[[-86.43893,36.62719],[-86.43902,36.62753]]]}},{"type":"Feature","properties":{"kind":"minor-water","name":"Little Beaver Creek","ftype":558,"lengthKm":0.01,"hu8":"05110002","pid":"56286845"},"geometry":{"type":"MultiLineString","coordinates":[[[-85.99246,37.02067],[-85.99232,37.02068]]]}},{"type":"Feature","properties":{"kind":"minor-water","name":"Middle Fork Drakes Creek","ftype":558,"lengthKm":0.75,"hu8":"05110002","pid":"56293160"},"geometry":{"type":"MultiLineString","coordinates":[[[-86.33026,36.61546],[-86.3298,36.61596],[-86.33024,36.61704],[-86.33004,36.61886],[-86.32788,36.62154]]]}},{"type":"Feature","properties":{"kind":"minor-water","name":"Barren River","ftype":558,"lengthKm":0.75,"hu8":"05110002","pid":"56287583"},"geometry":{"type":"MultiLineString","coordinates":[[[-86.37678,36.99079],[-86.37746,36.99004],[-86.37973,36.98881],[-86.38424,36.98889]]]}},{"type":"Feature","properties":{"kind":"minor-water","name":"Long Hungry Creek","ftype":558,"lengthKm":0.04,"hu8":"05110002","pid":"56295049"},"geometry":{"type":"MultiLineString","coordinates":[[[-85.90512,36.47207],[-85.90482,36.47238]]]}},{"type":"Feature","properties":{"kind":"minor-water","name":"West Fork Drakes Creek","ftype":558,"lengthKm":1.8,"hu8":"05110002","pid":"56290870"},"geometry":{"type":"MultiLineString","coordinates":[[[-86.55821,36.76161],[-86.55831,36.76221],[-86.55784,36.76301],[-86.55558,36.76379],[-86.55213,36.76366],[-86.54999,36.76305],[-86.5477,36.76308],[-86.54632,36.76349],[-86.54536,36.76436],[-86.54491,36.7658],[-86.5449,36.76732],[-86.54562,36.76811]]]}},{"type":"Feature","properties":{"kind":"minor-water","name":"Salt Lick Creek","ftype":558,"lengthKm":0.25,"hu8":"05110002","pid":"56292038"},"geometry":{"type":"MultiLineString","coordinates":[[[-85.90865,36.62251],[-85.91136,36.62196]]]}},{"type":"Feature","properties":{"kind":"minor-water","name":"Long Creek","ftype":460,"lengthKm":0.49,"hu8":"05110002","pid":"56294046"},"geometry":{"type":"MultiLineString","coordinates":[[[-86.09189,36.5628],[-86.09161,36.56331],[-86.09178,36.56537],[-86.09248,36.56702]]]}},{"type":"Feature","properties":{"kind":"minor-water","name":"East Fork Barren River","ftype":460,"lengthKm":0.82,"hu8":"05110002","pid":"56290210"},"geometry":{"type":"MultiLineString","coordinates":[[[-85.67751,36.75823],[-85.67863,36.75606],[-85.68009,36.75577],[-85.68069,36.75483],[-85.68055,36.75329],[-85.681,36.75214]]]}},{"type":"Feature","properties":{"kind":"minor-water","name":"White Oak Creek","ftype":460,"lengthKm":0.51,"hu8":"05110002","pid":"56293878"},"geometry":{"type":"MultiLineString","coordinates":[[[-85.98864,36.56177],[-85.98853,36.56278],[-85.98738,36.56333],[-85.98695,36.56401],[-85.98494,36.56451]]]}},{"type":"Feature","properties":{"kind":"minor-water","name":"Little Salt Lick Creek","ftype":460,"lengthKm":0.52,"hu8":"05110002","pid":"56293842"},"geometry":{"type":"MultiLineString","coordinates":[[[-85.80987,36.54775],[-85.8113,36.54996],[-85.81138,36.55218]]]}},{"type":"Feature","properties":{"kind":"minor-water","name":"Simmons Branch","ftype":460,"lengthKm":3.16,"hu8":"05110002","pid":"56293689"},"geometry":{"type":"MultiLineString","coordinates":[[[-86.22661,36.58802],[-86.22261,36.59371],[-86.21988,36.59562],[-86.21368,36.59668],[-86.21125,36.59647],[-86.2085,36.59786],[-86.20489,36.5987],[-86.19945,36.59742],[-86.1981,36.59745],[-86.19767,36.598]]]}},{"type":"Feature","properties":{"kind":"minor-water","name":"Salt Lick Creek","ftype":460,"lengthKm":0.78,"hu8":"05110002","pid":"56294361"},"geometry":{"type":"MultiLineString","coordinates":[[[-85.84726,36.52431],[-85.84605,36.52576],[-85.84604,36.52715],[-85.84787,36.52922],[-85.84924,36.53003]]]}},{"type":"Feature","properties":{"kind":"minor-water","name":"Dry Branch","ftype":558,"lengthKm":0.09,"hu8":"05110002","pid":"56289844"},"geometry":{"type":"MultiLineString","coordinates":[[[-85.99005,36.81303],[-85.98978,36.81344],[-85.98935,36.8134]]]}},{"type":"Feature","properties":{"kind":"minor-water","name":"Mays Branch","ftype":558,"lengthKm":0.07,"hu8":"05110002","pid":"56292573"},"geometry":{"type":"MultiLineString","coordinates":[[[-86.44863,36.64508],[-86.44868,36.64572]]]}},{"type":"Feature","properties":{"kind":"minor-water","name":"Glover Creek","ftype":558,"lengthKm":0.47,"hu8":"05110002","pid":"56288499"},"geometry":{"type":"MultiLineString","coordinates":[[[-85.77739,36.89467],[-85.77977,36.89426],[-85.78233,36.89321]]]}},{"type":"Feature","properties":{"kind":"minor-water","name":"Neils Creek","ftype":558,"lengthKm":0.01,"hu8":"05110002","pid":"56287780"},"geometry":{"type":"MultiLineString","coordinates":[[[-86.67415,37.00012],[-86.67409,37.00005]]]}},{"type":"Feature","properties":{"kind":"minor-water","name":"Salt Lick Creek","ftype":460,"lengthKm":0.89,"hu8":"05110002","pid":"56294579"},"geometry":{"type":"MultiLineString","coordinates":[[[-85.8466,36.50963],[-85.84654,36.51064],[-85.84726,36.51288],[-85.84469,36.51539],[-85.84389,36.51669]]]}},{"type":"Feature","properties":{"kind":"minor-water","name":"Sinking Creek","ftype":460,"lengthKm":2.78,"hu8":"05110002","pid":"56290878"},"geometry":{"type":"MultiLineString","coordinates":[[[-86.60034,36.76425],[-86.60109,36.76486],[-86.60085,36.76639],[-86.5972,36.76847],[-86.59615,36.7695],[-86.5946,36.77008],[-86.59303,36.77235],[-86.59316,36.77393],[-86.59277,36.7748],[-86.59275,36.77627],[-86.59316,36.77715],[-86.59263,36.7782],[-86.59346,36.77925],[-86.59356,36.78004],[-86.5921,36.7806],[-86.59024,36.78086],[-86.58939,36.78231],[-86.58929,36.78352]]]}},{"type":"Feature","properties":{"kind":"minor-water","name":"Line Creek","ftype":460,"lengthKm":0.42,"hu8":"05110002","pid":"56291718"},"geometry":{"type":"MultiLineString","coordinates":[[[-85.66677,36.61822],[-85.66952,36.61965],[-85.66998,36.6207]]]}},{"type":"Feature","properties":{"kind":"minor-water","name":"Barren River","ftype":460,"lengthKm":0.43,"hu8":"05110002","pid":"56288403"},"geometry":{"type":"MultiLineString","coordinates":[[[-86.27766,36.93882],[-86.28018,36.93922],[-86.28206,36.94026]]]}},{"type":"Feature","properties":{"kind":"minor-water","name":"Nobob Creek","ftype":460,"lengthKm":1.53,"hu8":"05110002","pid":"56288996"},"geometry":{"type":"MultiLineString","coordinates":[[[-85.74891,36.8599],[-85.75069,36.85955],[-85.75364,36.85976],[-85.75505,36.85934],[-85.75743,36.85931],[-85.75896,36.85898],[-85.75996,36.85941],[-85.76251,36.85979],[-85.76437,36.86092],[-85.76453,36.86162]]]}},{"type":"Feature","properties":{"kind":"minor-water","name":"Difficult Creek","ftype":460,"lengthKm":0.56,"hu8":"05110002","pid":"56289021"},"geometry":{"type":"MultiLineString","coordinates":[[[-86.14555,36.88953],[-86.14458,36.89015],[-86.144,36.89011],[-86.14326,36.89112],[-86.14243,36.89089],[-86.14192,36.89106],[-86.14133,36.89219]]]}},{"type":"Feature","properties":{"kind":"minor-water","name":"Cane Creek","ftype":460,"lengthKm":1.21,"hu8":"05110002","pid":"56291602"},"geometry":{"type":"MultiLineString","coordinates":[[[-85.8435,36.64357],[-85.84323,36.64425],[-85.84402,36.64822],[-85.84269,36.6502],[-85.84291,36.65079],[-85.84243,36.65285],[-85.84135,36.65364]]]}},{"type":"Feature","properties":{"kind":"minor-water","name":"Cane Creek","ftype":460,"lengthKm":0.41,"hu8":"05110002","pid":"56291859"},"geometry":{"type":"MultiLineString","coordinates":[[[-85.84483,36.6259],[-85.84387,36.62694],[-85.84362,36.62929]]]}},{"type":"Feature","properties":{"kind":"minor-water","name":"York Branch","ftype":460,"lengthKm":0.56,"hu8":"05110002","pid":"56292225"},"geometry":{"type":"MultiLineString","coordinates":[[[-85.87812,36.61079],[-85.8823,36.6106],[-85.88418,36.61123]]]}},{"type":"Feature","properties":{"kind":"minor-water","name":"Dry Branch","ftype":460,"lengthKm":1.17,"hu8":"05110002","pid":"56293383"},"geometry":{"type":"MultiLineString","coordinates":[[[-85.92114,36.57386],[-85.92093,36.57494],[-85.92151,36.57568],[-85.92385,36.57703],[-85.92528,36.57696],[-85.92678,36.57823],[-85.92809,36.57995],[-85.92932,36.58084]]]}},{"type":"Feature","properties":{"kind":"minor-water","name":"West Fork Long Creek","ftype":460,"lengthKm":1.57,"hu8":"05110002","pid":"56293394"},"geometry":{"type":"MultiLineString","coordinates":[[[-86.14818,36.59212],[-86.14624,36.59317],[-86.14634,36.59437],[-86.14587,36.59496],[-86.14404,36.59543],[-86.14309,36.59636],[-86.1414,36.5972],[-86.13774,36.59976],[-86.1361,36.60139]]]}},{"type":"Feature","properties":{"kind":"minor-water","name":"White Oak Creek","ftype":460,"lengthKm":0.2,"hu8":"05110002","pid":"56293437"},"geometry":{"type":"MultiLineString","coordinates":[[[-85.9824,36.57672],[-85.98106,36.57815]]]}},{"type":"Feature","properties":{"kind":"minor-water","name":"Long Hungry Creek","ftype":460,"lengthKm":0.46,"hu8":"05110002","pid":"56294035"},"geometry":{"type":"MultiLineString","coordinates":[[[-85.87766,36.54523],[-85.87748,36.5462],[-85.87867,36.54768],[-85.87894,36.54903]]]}},{"type":"Feature","properties":{"kind":"minor-water","name":"Dutch Creek","ftype":460,"lengthKm":0.7,"hu8":"05110002","pid":"56294236"},"geometry":{"type":"MultiLineString","coordinates":[[[-86.28067,36.56855],[-86.28334,36.56993],[-86.28391,36.57096],[-86.28614,36.57286]]]}},{"type":"Feature","properties":{"kind":"minor-water","name":"Middle Fork Drakes Creek","ftype":460,"lengthKm":0.63,"hu8":"05110002","pid":"56294645"},"geometry":{"type":"MultiLineString","coordinates":[[[-86.32667,36.54497],[-86.32454,36.55037]]]}},{"type":"Feature","properties":{"kind":"minor-water","name":"Beaver Creek","ftype":558,"lengthKm":0.02,"hu8":"05110002","pid":"56286947"},"geometry":{"type":"MultiLineString","coordinates":[[[-85.97708,37.00833],[-85.97689,37.00834]]]}},{"type":"Feature","properties":{"kind":"minor-water","name":"Peter Creek","ftype":558,"lengthKm":0.63,"hu8":"05110002","pid":"56289562"},"geometry":{"type":"MultiLineString","coordinates":[[[-85.96605,36.83312],[-85.96697,36.83426],[-85.96695,36.8351],[-85.96592,36.83647],[-85.96412,36.83768]]]}},{"type":"Feature","properties":{"kind":"minor-water","name":"West Fork Drakes Creek","ftype":558,"lengthKm":2.28,"hu8":"05110002","pid":"56290412"},"geometry":{"type":"MultiLineString","coordinates":[[[-86.51652,36.81114],[-86.51535,36.81112],[-86.51424,36.81062],[-86.51179,36.80733],[-86.51081,36.80689],[-86.50982,36.80718],[-86.5091,36.80775],[-86.50729,36.81043],[-86.50667,36.81058],[-86.50593,36.81018],[-86.50534,36.80945],[-86.50532,36.80805],[-86.50632,36.80549],[-86.50583,36.80352],[-86.50507,36.8028]]]}},{"type":"Feature","properties":{"kind":"minor-water","name":"Middle Fork Drakes Creek","ftype":558,"lengthKm":0.82,"hu8":"05110002","pid":"56290440"},"geometry":{"type":"MultiLineString","coordinates":[[[-86.39143,36.79048],[-86.39154,36.79092],[-86.39018,36.79349],[-86.38884,36.79428],[-86.38839,36.79519],[-86.38721,36.79575],[-86.38716,36.79643]]]}},{"type":"Feature","properties":{"kind":"minor-water","name":"Trammel Creek","ftype":558,"lengthKm":1.39,"hu8":"05110002","pid":"56290461"},"geometry":{"type":"MultiLineString","coordinates":[[[-86.3142,36.78373],[-86.31499,36.78608],[-86.31584,36.78659],[-86.31737,36.78696],[-86.3202,36.78661],[-86.32528,36.78456],[-86.32662,36.78457]]]}},{"type":"Feature","properties":{"kind":"minor-water","name":"East Fork Barren River","ftype":558,"lengthKm":1.32,"hu8":"05110002","pid":"56291487"},"geometry":{"type":"MultiLineString","coordinates":[[[-85.78188,36.65914],[-85.7809,36.65834],[-85.78145,36.6551],[-85.7832,36.65244],[-85.78454,36.65198],[-85.78738,36.64959]]]}},{"type":"Feature","properties":{"kind":"minor-water","name":"Barren River","ftype":558,"lengthKm":2.66,"hu8":"05110002","pid":"56291505"},"geometry":{"type":"MultiLineString","coordinates":[[[-85.89996,36.66742],[-85.90784,36.66693],[-85.90945,36.66544],[-85.91003,36.66342],[-85.90971,36.66235],[-85.90911,36.66175],[-85.90545,36.65979],[-85.904,36.65952],[-85.89989,36.65985],[-85.89859,36.6595],[-85.89802,36.65898],[-85.8982,36.65848],[-85.89872,36.65804],[-85.89961,36.65803]]]}},{"type":"Feature","properties":{"kind":"minor-water","name":"Long Fork","ftype":558,"lengthKm":0.19,"hu8":"05110002","pid":"56294027"},"geometry":{"type":"MultiLineString","coordinates":[[[-85.94401,36.55123],[-85.94404,36.55171],[-85.94332,36.55278]]]}},{"type":"Feature","properties":{"kind":"minor-water","name":"Line Creek","ftype":460,"lengthKm":2,"hu8":"05110002","pid":"56292084"},"geometry":{"type":"MultiLineString","coordinates":[[[-85.75393,36.60898],[-85.75519,36.60903],[-85.75592,36.6087],[-85.75846,36.6108],[-85.75927,36.61193],[-85.76112,36.61309],[-85.76591,36.6097],[-85.76854,36.60878],[-85.77056,36.60742],[-85.77129,36.60773]]]}},{"type":"Feature","properties":{"kind":"minor-water","name":"Little Trace Creek","ftype":460,"lengthKm":0.34,"hu8":"05110002","pid":"56293737"},"geometry":{"type":"MultiLineString","coordinates":[[[-85.69204,36.54161],[-85.69132,36.5439],[-85.69082,36.54451]]]}},{"type":"Feature","properties":{"kind":"minor-water","name":"Little Trammel Creek","ftype":558,"lengthKm":0.4,"hu8":"05110002","pid":"56291806"},"geometry":{"type":"MultiLineString","coordinates":[[[-86.25673,36.66254],[-86.25645,36.66323],[-86.25371,36.66512]]]}},{"type":"Feature","properties":{"kind":"minor-water","name":"Casey Branch","ftype":460,"lengthKm":0.61,"hu8":"05110002","pid":"56291270"},"geometry":{"type":"MultiLineString","coordinates":[[[-86.21491,36.7045],[-86.21572,36.70375],[-86.21927,36.70253],[-86.22061,36.70161]]]}},{"type":"Feature","properties":{"kind":"minor-water","name":"Smyrna Creek","ftype":460,"lengthKm":1.76,"hu8":"05110002","pid":"56291819"},"geometry":{"type":"MultiLineString","coordinates":[[[-86.39792,36.68599],[-86.39962,36.6871],[-86.40012,36.68794],[-86.40344,36.69012],[-86.40736,36.6918],[-86.40949,36.69318],[-86.41009,36.69493],[-86.4105,36.69501],[-86.41158,36.69655]]]}},{"type":"Feature","properties":{"kind":"minor-water","name":"Brushy Fork","ftype":460,"lengthKm":1.42,"hu8":"05110002","pid":"56288002"},"geometry":{"type":"MultiLineString","coordinates":[[[-85.79652,36.91567],[-85.79693,36.91586],[-85.79679,36.91739],[-85.79758,36.919],[-85.79873,36.91972],[-85.79922,36.92041],[-85.80011,36.92067],[-85.8006,36.92143],[-85.80243,36.92294],[-85.80476,36.9227],[-85.80667,36.92299]]]}},{"type":"Feature","properties":{"kind":"minor-water","name":"Indian Camp Branch","ftype":460,"lengthKm":1.88,"hu8":"05110002","pid":"56290155"},"geometry":{"type":"MultiLineString","coordinates":[[[-85.92699,36.77932],[-85.9258,36.78085],[-85.92543,36.78203],[-85.92466,36.78236],[-85.92433,36.78356],[-85.92399,36.78359],[-85.92428,36.78542],[-85.92261,36.78762],[-85.92264,36.78849],[-85.9216,36.79085],[-85.92165,36.79328],[-85.92265,36.79447]]]}},{"type":"Feature","properties":{"kind":"minor-water","name":"Slickrock Branch","ftype":460,"lengthKm":1.58,"hu8":"05110002","pid":"56290626"},"geometry":{"type":"MultiLineString","coordinates":[[[-85.92579,36.74689],[-85.92734,36.74533],[-85.92753,36.74473],[-85.92671,36.74391],[-85.92547,36.74143],[-85.9256,36.74021],[-85.92481,36.73856],[-85.92384,36.73701],[-85.92142,36.73448]]]}},{"type":"Feature","properties":{"kind":"minor-water","name":"Cane Creek","ftype":460,"lengthKm":0.28,"hu8":"05110002","pid":"56291781"},"geometry":{"type":"MultiLineString","coordinates":[[[-85.84362,36.62929],[-85.84396,36.63176]]]}},{"type":"Feature","properties":{"kind":"minor-water","name":"Line Creek","ftype":460,"lengthKm":0.24,"hu8":"05110002","pid":"56292115"},"geometry":{"type":"MultiLineString","coordinates":[[[-85.77129,36.60773],[-85.77169,36.60724],[-85.77159,36.60664],[-85.77271,36.60632]]]}},{"type":"Feature","properties":{"kind":"minor-water","name":"Middle Fork Drakes Creek","ftype":460,"lengthKm":1.02,"hu8":"05110002","pid":"56294480"},"geometry":{"type":"MultiLineString","coordinates":[[[-86.31987,36.55657],[-86.32026,36.55723],[-86.31982,36.55837],[-86.32062,36.56031],[-86.32011,36.56199],[-86.32085,36.56332],[-86.32039,36.56529]]]}},{"type":"Feature","properties":{"kind":"minor-water","name":"Salt Lick Creek","ftype":460,"lengthKm":0.14,"hu8":"05110002","pid":"56294597"},"geometry":{"type":"MultiLineString","coordinates":[[[-85.84608,36.50843],[-85.8466,36.50963]]]}},{"type":"Feature","properties":{"kind":"minor-water","name":"Lick Creek","ftype":558,"lengthKm":0.03,"hu8":"05110002","pid":"56286809"},"geometry":{"type":"MultiLineString","coordinates":[[[-86.64079,37.07567],[-86.64068,37.07593]]]}},{"type":"Feature","properties":{"kind":"minor-water","name":"Boyds Creek","ftype":558,"lengthKm":0.01,"hu8":"05110002","pid":"56288075"},"geometry":{"type":"MultiLineString","coordinates":[[[-85.96106,36.92581],[-85.96108,36.92576]]]}},{"type":"Feature","properties":{"kind":"minor-water","name":"Barren River","ftype":558,"lengthKm":0.6,"hu8":"05110002","pid":"56288582"},"geometry":{"type":"MultiLineString","coordinates":[[[-86.18863,36.92171],[-86.19045,36.92241],[-86.19349,36.92533]]]}},{"type":"Feature","properties":{"kind":"minor-water","name":"Bailey Branch","ftype":558,"lengthKm":0.01,"hu8":"05110002","pid":"56288614"},"geometry":{"type":"MultiLineString","coordinates":[[[-85.80775,36.88834],[-85.80778,36.88841]]]}},{"type":"Feature","properties":{"kind":"minor-water","name":"Peter Creek","ftype":558,"lengthKm":0.22,"hu8":"05110002","pid":"56289437"},"geometry":{"type":"MultiLineString","coordinates":[[[-85.9704,36.8441],[-85.9709,36.84608]]]}},{"type":"Feature","properties":{"kind":"minor-water","name":"West Fork Drakes Creek","ftype":558,"lengthKm":0.2,"hu8":"05110002","pid":"56290394"},"geometry":{"type":"MultiLineString","coordinates":[[[-86.4667,36.80134],[-86.46572,36.80117],[-86.46451,36.80144]]]}},{"type":"Feature","properties":{"kind":"minor-water","name":"Middle Fork Drakes Creek","ftype":558,"lengthKm":1.7,"hu8":"05110002","pid":"56290617"},"geometry":{"type":"MultiLineString","coordinates":[[[-86.39299,36.78158],[-86.39008,36.78175],[-86.38683,36.78049],[-86.38608,36.77916],[-86.386,36.77618],[-86.38391,36.7739],[-86.38076,36.77275]]]}},{"type":"Feature","properties":{"kind":"minor-water","name":"West Fork Drakes Creek","ftype":558,"lengthKm":0.04,"hu8":"05110002","pid":"56291985"},"geometry":{"type":"MultiLineString","coordinates":[[[-86.51798,36.67427],[-86.51814,36.6746]]]}},{"type":"Feature","properties":{"kind":"minor-water","name":"Long Fork","ftype":558,"lengthKm":0.6,"hu8":"05110002","pid":"56292074"},"geometry":{"type":"MultiLineString","coordinates":[[[-85.92957,36.62129],[-85.92933,36.62219],[-85.92371,36.62209]]]}},{"type":"Feature","properties":{"kind":"minor-water","name":"Trace Creek","ftype":460,"lengthKm":0.68,"hu8":"05110002","pid":"56290546"},"geometry":{"type":"MultiLineString","coordinates":[[[-86.02342,36.75027],[-86.02427,36.75047],[-86.02627,36.75199],[-86.02729,36.75443],[-86.02777,36.75487]]]}},{"type":"Feature","properties":{"kind":"minor-water","name":"Boyds Creek","ftype":460,"lengthKm":1.28,"hu8":"05110002","pid":"56287341"},"geometry":{"type":"MultiLineString","coordinates":[[[-85.86626,36.97367],[-85.86785,36.97378],[-85.86917,36.97319],[-85.87122,36.97126],[-85.87196,36.96986],[-85.87646,36.96637]]]}},{"type":"Feature","properties":{"kind":"minor-water","name":"Westbrook Creek","ftype":460,"lengthKm":0.45,"hu8":"05110002","pid":"56287070"},"geometry":{"type":"MultiLineString","coordinates":[[[-86.54225,37.04546],[-86.54291,37.04497],[-86.54409,37.04478],[-86.54645,37.04338]]]}},{"type":"Feature","properties":{"kind":"minor-water","name":"Rock House Creek","ftype":460,"lengthKm":1.58,"hu8":"05110002","pid":"56288498"},"geometry":{"type":"MultiLineString","coordinates":[[[-86.75389,36.97121],[-86.75268,36.97095],[-86.75169,36.97116],[-86.75121,36.97178],[-86.75053,36.97144],[-86.74992,36.97161],[-86.74927,36.97214],[-86.74948,36.97335],[-86.74899,36.97371],[-86.74525,36.9739],[-86.74169,36.97308],[-86.7406,36.97313],[-86.74011,36.97351],[-86.73929,36.97341]]]}},{"type":"Feature","properties":{"kind":"minor-water","name":"Webb Branch","ftype":460,"lengthKm":5.23,"hu8":"05110002","pid":"56293058"},"geometry":{"type":"MultiLineString","coordinates":[[[-86.43902,36.62753],[-86.44051,36.62863],[-86.44103,36.62945],[-86.44309,36.62946],[-86.44366,36.6298],[-86.44404,36.63156],[-86.44484,36.63201],[-86.44529,36.63298],[-86.44523,36.63472],[-86.44632,36.63687],[-86.44707,36.63684],[-86.44922,36.63763],[-86.45097,36.63905],[-86.45556,36.63849],[-86.45607,36.63815],[-86.45772,36.6383],[-86.45854,36.63797],[-86.45967,36.63801],[-86.46305,36.63734],[-86.46572,36.63722],[-86.46922,36.63631],[-86.47202,36.63618],[-86.47517,36.63795],[-86.47857,36.64101],[-86.48376,36.64303],[-86.48417,36.64384]]]}},{"type":"Feature","properties":{"kind":"minor-water","name":"Garrett Creek","ftype":460,"lengthKm":1.16,"hu8":"05110002","pid":"56293141"},"geometry":{"type":"MultiLineString","coordinates":[[[-86.2305,36.60791],[-86.23082,36.60923],[-86.23251,36.61154],[-86.23287,36.61303],[-86.23374,36.61432],[-86.23378,36.61519],[-86.2352,36.61749]]]}},{"type":"Feature","properties":{"kind":"minor-water","name":"Long Creek","ftype":460,"lengthKm":0.74,"hu8":"05110002","pid":"56294566"},"geometry":{"type":"MultiLineString","coordinates":[[[-86.10713,36.53232],[-86.10519,36.53399],[-86.10389,36.53574],[-86.10118,36.53659]]]}},{"type":"Feature","properties":{"kind":"minor-water","name":"Long Fork","ftype":460,"lengthKm":0.09,"hu8":"05110002","pid":"56295075"},"geometry":{"type":"MultiLineString","coordinates":[[[-85.93451,36.47133],[-85.93513,36.47194]]]}},{"type":"Feature","properties":{"kind":"minor-water","name":"Barren River","ftype":558,"lengthKm":0.61,"hu8":"05110002","pid":"56288247"},"geometry":{"type":"MultiLineString","coordinates":[[[-86.30596,36.95078],[-86.30433,36.94977],[-86.30357,36.94849],[-86.30325,36.94685],[-86.30357,36.94617]]]}},{"type":"Feature","properties":{"kind":"minor-water","name":"Nobob Creek","ftype":558,"lengthKm":0.01,"hu8":"05110002","pid":"56289146"},"geometry":{"type":"MultiLineString","coordinates":[[[-85.81261,36.85178],[-85.81267,36.85176]]]}},{"type":"Feature","properties":{"kind":"minor-water","name":"East Fork Barren River","ftype":558,"lengthKm":0.19,"hu8":"05110002","pid":"56290967"},"geometry":{"type":"MultiLineString","coordinates":[[[-85.7752,36.6902],[-85.77485,36.6894],[-85.774,36.68881]]]}},{"type":"Feature","properties":{"kind":"minor-water","name":"Barren River","ftype":558,"lengthKm":0.54,"hu8":"05110002","pid":"56290978"},"geometry":{"type":"MultiLineString","coordinates":[[[-86.02154,36.7115],[-86.02172,36.7104],[-86.02088,36.70839],[-86.02004,36.70811],[-86.01894,36.70844]]]}},{"type":"Feature","properties":{"kind":"minor-water","name":"West Fork Drakes Creek","ftype":558,"lengthKm":0.03,"hu8":"05110002","pid":"56292867"},"geometry":{"type":"MultiLineString","coordinates":[[[-86.4974,36.63796],[-86.49731,36.6382]]]}},{"type":"Feature","properties":{"kind":"minor-water","name":"Drakes Creek","ftype":558,"lengthKm":0.32,"hu8":"05110002","pid":"56287962"},"geometry":{"type":"MultiLineString","coordinates":[[[-86.37819,36.96609],[-86.38013,36.96671],[-86.38105,36.9667],[-86.38146,36.96704]]]}},{"type":"Feature","properties":{"kind":"minor-water","name":"Clear Fork Creek","ftype":558,"lengthKm":2.55,"hu8":"05110002","pid":"56287967"},"geometry":{"type":"MultiLineString","coordinates":[[[-86.63833,36.97134],[-86.63958,36.97141],[-86.63965,36.97199],[-86.63788,36.97362],[-86.63633,36.97565],[-86.63577,36.97727],[-86.63437,36.97779],[-86.63442,36.97878],[-86.63282,36.98003],[-86.6334,36.98287],[-86.63268,36.9831],[-86.6295,36.9827],[-86.62773,36.98331],[-86.62821,36.98524],[-86.63016,36.98542]]]}},{"type":"Feature","properties":{"kind":"minor-water","name":"Clear Fork Creek","ftype":460,"lengthKm":1.74,"hu8":"05110002","pid":"56289532"},"geometry":{"type":"MultiLineString","coordinates":[[[-86.64381,36.89028],[-86.64413,36.89201],[-86.64585,36.8936],[-86.64628,36.89463],[-86.64826,36.89582],[-86.64876,36.89667],[-86.65024,36.8975],[-86.65138,36.89706],[-86.65214,36.89738],[-86.65239,36.89846],[-86.65076,36.89871],[-86.65101,36.90089]]]}},{"type":"Feature","properties":{"kind":"minor-water","name":"Wiggington Creek","ftype":460,"lengthKm":0.45,"hu8":"05110002","pid":"56289661"},"geometry":{"type":"MultiLineString","coordinates":[[[-86.78714,36.89194],[-86.78614,36.89262],[-86.78413,36.89305],[-86.78255,36.89271]]]}},{"type":"Feature","properties":{"kind":"minor-water","name":"Little Muddy Creek","ftype":460,"lengthKm":2.33,"hu8":"05110002","pid":"56286293"},"geometry":{"type":"MultiLineString","coordinates":[[[-86.67129,37.14986],[-86.67156,37.1518],[-86.67016,37.15228],[-86.66806,37.15241],[-86.66791,37.15292],[-86.66887,37.15367],[-86.66887,37.15404],[-86.6682,37.15429],[-86.6668,37.15407],[-86.66633,37.15535],[-86.66519,37.15469],[-86.66406,37.15486],[-86.66339,37.15569],[-86.66418,37.15725],[-86.66291,37.15737],[-86.66176,37.1588],[-86.65852,37.16137]]]}},{"type":"Feature","properties":{"kind":"minor-water","name":"Ivy Branch","ftype":460,"lengthKm":0.9,"hu8":"05110002","pid":"56287900"},"geometry":{"type":"MultiLineString","coordinates":[[[-86.55086,36.98322],[-86.55718,36.98612],[-86.55806,36.98685],[-86.55833,36.98811]]]}},{"type":"Feature","properties":{"kind":"minor-water","name":"Little Salt Lick Creek","ftype":460,"lengthKm":0.03,"hu8":"05110002","pid":"56293006"},"geometry":{"type":"MultiLineString","coordinates":[[[-85.86533,36.58236],[-85.86569,36.58234]]]}},{"type":"Feature","properties":{"kind":"minor-water","name":"Muncie Branch","ftype":460,"lengthKm":0.73,"hu8":"05110002","pid":"56289543"},"geometry":{"type":"MultiLineString","coordinates":[[[-85.72972,36.82069],[-85.73225,36.81744],[-85.73242,36.81558],[-85.7332,36.81495]]]}},{"type":"Feature","properties":{"kind":"minor-water","name":"Dry Branch","ftype":460,"lengthKm":2.01,"hu8":"05110002","pid":"56292498"},"geometry":{"type":"MultiLineString","coordinates":[[[-86.1599,36.61058],[-86.16004,36.61102],[-86.15913,36.612],[-86.15922,36.61264],[-86.16091,36.61432],[-86.1616,36.61449],[-86.16281,36.61694],[-86.16474,36.61823],[-86.16574,36.62112],[-86.16781,36.62283],[-86.16809,36.6238],[-86.16949,36.62549]]]}},{"type":"Feature","properties":{"kind":"minor-water","name":"Little Trace Creek","ftype":460,"lengthKm":1.18,"hu8":"05110002","pid":"56292202"},"geometry":{"type":"MultiLineString","coordinates":[[[-85.74875,36.59917],[-85.75066,36.60044],[-85.75256,36.60122],[-85.75429,36.60141],[-85.75525,36.60245],[-85.75697,36.60298],[-85.76032,36.60269]]]}},{"type":"Feature","properties":{"kind":"minor-water","name":"Little Trace Creek","ftype":460,"lengthKm":0.23,"hu8":"05110002","pid":"56293554"},"geometry":{"type":"MultiLineString","coordinates":[[[-85.6941,36.5486],[-85.69496,36.54954],[-85.69599,36.54989]]]}},{"type":"Feature","properties":{"kind":"minor-water","name":"Long Hungry Creek","ftype":460,"lengthKm":0.74,"hu8":"05110002","pid":"56294311"},"geometry":{"type":"MultiLineString","coordinates":[[[-85.88293,36.53027],[-85.88203,36.53313],[-85.88154,36.53357],[-85.87983,36.53402],[-85.88011,36.53488],[-85.88079,36.53548]]]}},{"type":"Feature","properties":{"kind":"minor-water","name":"Long Hungry Creek","ftype":460,"lengthKm":0.67,"hu8":"05110002","pid":"56294422"},"geometry":{"type":"MultiLineString","coordinates":[[[-85.88299,36.52436],[-85.88241,36.52532],[-85.88055,36.52598],[-85.8803,36.52643],[-85.8829,36.5283]]]}},{"type":"Feature","properties":{"kind":"minor-water","name":"West Fork Drakes Creek","ftype":460,"lengthKm":0.97,"hu8":"05110002","pid":"56295146"},"geometry":{"type":"MultiLineString","coordinates":[[[-86.47074,36.49332],[-86.46985,36.49368],[-86.46976,36.49434],[-86.47024,36.4958],[-86.46958,36.49665],[-86.46997,36.49742],[-86.46978,36.4994],[-86.47018,36.49998],[-86.46906,36.50092]]]}},{"type":"Feature","properties":{"kind":"minor-water","name":"Drakes Creek","ftype":558,"lengthKm":0.01,"hu8":"05110002","pid":"56287747"},"geometry":{"type":"MultiLineString","coordinates":[[[-86.37411,36.97855],[-86.37404,36.97864]]]}},{"type":"Feature","properties":{"kind":"minor-water","name":"Falling Timber Creek","ftype":558,"lengthKm":0.53,"hu8":"05110002","pid":"56288106"},"geometry":{"type":"MultiLineString","coordinates":[[[-85.87177,36.91841],[-85.87486,36.91718],[-85.87736,36.91755]]]}},{"type":"Feature","properties":{"kind":"minor-water","name":"Barren River","ftype":558,"lengthKm":2.04,"hu8":"05110002","pid":"56288803"},"geometry":{"type":"MultiLineString","coordinates":[[[-86.15093,36.91625],[-86.14971,36.91532],[-86.14915,36.91413],[-86.14906,36.9114],[-86.15006,36.91028],[-86.15225,36.90885],[-86.15756,36.90651],[-86.15953,36.90632],[-86.16322,36.90664]]]}},{"type":"Feature","properties":{"kind":"minor-water","name":"West Fork Drakes Creek","ftype":558,"lengthKm":0.09,"hu8":"05110002","pid":"56290874"},"geometry":{"type":"MultiLineString","coordinates":[[[-86.55751,36.76107],[-86.55821,36.76161]]]}},{"type":"Feature","properties":{"kind":"minor-water","name":"West Bays Fork","ftype":460,"lengthKm":0.33,"hu8":"05110002","pid":"56290937"},"geometry":{"type":"MultiLineString","coordinates":[[[-86.1849,36.72606],[-86.18712,36.72698],[-86.18835,36.72685]]]}},{"type":"Feature","properties":{"kind":"minor-water","name":"Figure Eight Branch","ftype":460,"lengthKm":1.71,"hu8":"05110002","pid":"56291488"},"geometry":{"type":"MultiLineString","coordinates":[[[-85.97999,36.66582],[-85.98225,36.66695],[-85.98575,36.66944],[-85.98727,36.67088],[-85.98982,36.67192],[-85.9905,36.67193],[-85.99124,36.67272],[-85.99427,36.67426],[-85.99476,36.67505]]]}},{"type":"Feature","properties":{"kind":"minor-water","name":"Beaver Creek","ftype":460,"lengthKm":1.37,"hu8":"05110002","pid":"56286823"},"geometry":{"type":"MultiLineString","coordinates":[[[-85.81076,37.00963],[-85.81185,37.00931],[-85.81346,37.00955],[-85.81691,37.00855],[-85.81819,37.00889],[-85.81908,37.00829],[-85.82056,37.00943],[-85.82171,37.00887],[-85.82282,37.00892],[-85.82471,37.00843]]]}},{"type":"Feature","properties":{"kind":"minor-water","name":"Boyds Creek","ftype":460,"lengthKm":0.48,"hu8":"05110002","pid":"56287916"},"geometry":{"type":"MultiLineString","coordinates":[[[-85.94762,36.93631],[-85.94912,36.9356],[-85.95006,36.9347],[-85.95097,36.93469],[-85.95204,36.93407]]]}},{"type":"Feature","properties":{"kind":"minor-water","name":"Rock House Creek","ftype":460,"lengthKm":0.08,"hu8":"05110002","pid":"56288768"},"geometry":{"type":"MultiLineString","coordinates":[[[-86.75662,36.95494],[-86.75643,36.95566]]]}},{"type":"Feature","properties":{"kind":"minor-water","name":"Hurricane Creek","ftype":460,"lengthKm":0.24,"hu8":"05110002","pid":"56289665"},"geometry":{"type":"MultiLineString","coordinates":[[[-86.0869,36.83684],[-86.08656,36.83756],[-86.08528,36.83851]]]}},{"type":"Feature","properties":{"kind":"minor-water","name":"Skaggs Creek","ftype":460,"lengthKm":0.8,"hu8":"05110002","pid":"56289696"},"geometry":{"type":"MultiLineString","coordinates":[[[-85.71819,36.80629],[-85.71941,36.80591],[-85.72348,36.80256],[-85.72527,36.80249]]]}},{"type":"Feature","properties":{"kind":"minor-water","name":"Boyd Branch","ftype":460,"lengthKm":0.85,"hu8":"05110002","pid":"56290034"},"geometry":{"type":"MultiLineString","coordinates":[[[-85.83486,36.78921],[-85.83563,36.78876],[-85.8362,36.78749],[-85.8357,36.78567],[-85.8368,36.78213]]]}},{"type":"Feature","properties":{"kind":"minor-water","name":"Long Creek","ftype":460,"lengthKm":0.6,"hu8":"05110002","pid":"56292150"},"geometry":{"type":"MultiLineString","coordinates":[[[-86.1137,36.63327],[-86.11469,36.63467],[-86.11422,36.63653],[-86.1147,36.63842]]]}},{"type":"Feature","properties":{"kind":"minor-water","name":"Grace Creek","ftype":460,"lengthKm":0.66,"hu8":"05110002","pid":"56292960"},"geometry":{"type":"MultiLineString","coordinates":[[[-86.51121,36.63632],[-86.51037,36.63668],[-86.50961,36.63769],[-86.50973,36.6393],[-86.50714,36.64048]]]}},{"type":"Feature","properties":{"kind":"minor-water","name":"White Oak Creek","ftype":460,"lengthKm":0.81,"hu8":"05110002","pid":"56294848"},"geometry":{"type":"MultiLineString","coordinates":[[[-85.97837,36.5008],[-85.97769,36.50432],[-85.97709,36.50536],[-85.97812,36.50782]]]}},{"type":"Feature","properties":{"kind":"minor-water","name":"Beaver Creek","ftype":558,"lengthKm":0.66,"hu8":"05110002","pid":"56287360"},"geometry":{"type":"MultiLineString","coordinates":[[[-85.98811,36.97617],[-85.98923,36.97511],[-85.99027,36.97501],[-85.99394,36.97723]]]}},{"type":"Feature","properties":{"kind":"minor-water","name":"West Fork Drakes Creek","ftype":558,"lengthKm":0.3,"hu8":"05110002","pid":"56290392"},"geometry":{"type":"MultiLineString","coordinates":[[[-86.46999,36.80185],[-86.4667,36.80134]]]}},{"type":"Feature","properties":{"kind":"minor-water","name":"Trammel Creek","ftype":558,"lengthKm":1.42,"hu8":"05110002","pid":"56290458"},"geometry":{"type":"MultiLineString","coordinates":[[[-86.32662,36.78457],[-86.32673,36.78517],[-86.32453,36.78724],[-86.32213,36.78869],[-86.31892,36.78991],[-86.31557,36.79313]]]}},{"type":"Feature","properties":{"kind":"minor-water","name":"Long Fork","ftype":558,"lengthKm":0.66,"hu8":"05110002","pid":"56294080"},"geometry":{"type":"MultiLineString","coordinates":[[[-85.93831,36.54823],[-85.93926,36.54897],[-85.94117,36.54973],[-85.94205,36.54953],[-85.94292,36.54979],[-85.94401,36.55123]]]}},{"type":"Feature","properties":{"kind":"minor-water","name":"Rose Creek","ftype":460,"lengthKm":0.44,"hu8":"05110002","pid":"56288743"},"geometry":{"type":"MultiLineString","coordinates":[[[-85.95854,36.89339],[-85.95883,36.89401],[-85.95845,36.89478],[-85.96075,36.89637]]]}},{"type":"Feature","properties":{"kind":"minor-water","name":"Lick Branch","ftype":460,"lengthKm":0.87,"hu8":"05110002","pid":"56287770"},"geometry":{"type":"MultiLineString","coordinates":[[[-85.79626,36.93577],[-85.80172,36.93076],[-85.80248,36.9297]]]}},{"type":"Feature","properties":{"kind":"minor-water","name":"Indian Creek","ftype":460,"lengthKm":0.48,"hu8":"05110002","pid":"56290733"},"geometry":{"type":"MultiLineString","coordinates":[[[-85.88917,36.7235],[-85.89179,36.72304],[-85.89325,36.72118]]]}},{"type":"Feature","properties":{"kind":"minor-water","name":"Little Muddy Creek","ftype":460,"lengthKm":0.05,"hu8":"05110002","pid":"56286316"},"geometry":{"type":"MultiLineString","coordinates":[[[-86.68968,37.13889],[-86.69028,37.13881]]]}},{"type":"Feature","properties":{"kind":"minor-water","name":"Richland Creek","ftype":460,"lengthKm":1.32,"hu8":"05110002","pid":"56286918"},"geometry":{"type":"MultiLineString","coordinates":[[[-86.72508,37.07213],[-86.72575,37.07305],[-86.72618,37.07552],[-86.72589,37.0773],[-86.72557,37.07726],[-86.72477,37.07831],[-86.7248,37.07961],[-86.72521,37.08049],[-86.72487,37.08138],[-86.72531,37.08325]]]}},{"type":"Feature","properties":{"kind":"minor-water","name":"Little Buck Creek","ftype":460,"lengthKm":0.33,"hu8":"05110002","pid":"56288073"},"geometry":{"type":"MultiLineString","coordinates":[[[-86.15681,36.94449],[-86.15838,36.94318],[-86.15894,36.94214]]]}},{"type":"Feature","properties":{"kind":"minor-water","name":"Rock House Creek","ftype":460,"lengthKm":0.8,"hu8":"05110002","pid":"56288385"},"geometry":{"type":"MultiLineString","coordinates":[[[-86.72748,36.97503],[-86.72667,36.97552],[-86.72665,36.97591],[-86.72502,36.97646],[-86.72466,36.97722],[-86.72361,36.97714],[-86.72361,36.97743],[-86.72298,36.97773],[-86.72321,36.97836],[-86.72261,36.97863],[-86.72253,36.97912],[-86.72211,36.97915]]]}},{"type":"Feature","properties":{"kind":"minor-water","name":"Peter Creek","ftype":460,"lengthKm":0.74,"hu8":"05110002","pid":"56290009"},"geometry":{"type":"MultiLineString","coordinates":[[[-85.7759,36.78543],[-85.77639,36.78379],[-85.77742,36.78301],[-85.77726,36.78173],[-85.77864,36.77939]]]}},{"type":"Feature","properties":{"kind":"minor-water","name":"Dry Creek","ftype":460,"lengthKm":0.31,"hu8":"05110002","pid":"56291132"},"geometry":{"type":"MultiLineString","coordinates":[[[-86.11039,36.70255],[-86.10945,36.70252],[-86.10729,36.70357]]]}},{"type":"Feature","properties":{"kind":"minor-water","name":"Long Branch","ftype":460,"lengthKm":0.66,"hu8":"05110002","pid":"56291548"},"geometry":{"type":"MultiLineString","coordinates":[[[-85.73316,36.64197],[-85.73541,36.64072],[-85.73682,36.64078],[-85.73823,36.64027],[-85.73998,36.64019]]]}},{"type":"Feature","properties":{"kind":"minor-water","name":"Johns Creek","ftype":460,"lengthKm":0.33,"hu8":"05110002","pid":"56294074"},"geometry":{"type":"MultiLineString","coordinates":[[[-86.08926,36.56105],[-86.09107,36.56175],[-86.09185,36.56234],[-86.09189,36.5628]]]}},{"type":"Feature","properties":{"kind":"minor-water","name":"Long Fork","ftype":460,"lengthKm":0.3,"hu8":"05110002","pid":"56295106"},"geometry":{"type":"MultiLineString","coordinates":[[[-85.92756,36.46637],[-85.92837,36.46693],[-85.92954,36.46846]]]}},{"type":"Feature","properties":{"kind":"minor-water","name":"Barren River","ftype":558,"lengthKm":0.81,"hu8":"05110002","pid":"56288437"},"geometry":{"type":"MultiLineString","coordinates":[[[-86.13719,36.92573],[-86.13483,36.92991],[-86.13502,36.93123],[-86.13563,36.93197],[-86.13617,36.93207]]]}},{"type":"Feature","properties":{"kind":"minor-water","name":"Barren River","ftype":558,"lengthKm":0.67,"hu8":"05110002","pid":"56288902"},"geometry":{"type":"MultiLineString","coordinates":[[[-86.20685,36.9082],[-86.20787,36.90707],[-86.21214,36.90395]]]}},{"type":"Feature","properties":{"kind":"minor-water","name":"Gasper River","ftype":558,"lengthKm":0.37,"hu8":"05110002","pid":"56288999"},"geometry":{"type":"MultiLineString","coordinates":[[[-86.7154,36.93627],[-86.71448,36.93696],[-86.71367,36.93692],[-86.71298,36.93845]]]}},{"type":"Feature","properties":{"kind":"minor-water","name":"West Fork Drakes Creek","ftype":558,"lengthKm":0.17,"hu8":"05110002","pid":"56292045"},"geometry":{"type":"MultiLineString","coordinates":[[[-86.51458,36.67092],[-86.51598,36.67193]]]}},{"type":"Feature","properties":{"kind":"minor-water","name":"Hurricane Creek","ftype":558,"lengthKm":0.03,"hu8":"05110002","pid":"56292164"},"geometry":{"type":"MultiLineString","coordinates":[[[-85.65999,36.59464],[-85.66026,36.59453]]]}},{"type":"Feature","properties":{"kind":"minor-water","name":"Long Fork","ftype":558,"lengthKm":0.18,"hu8":"05110002","pid":"56293299"},"geometry":{"type":"MultiLineString","coordinates":[[[-85.9391,36.57843],[-85.93775,36.57968]]]}},{"type":"Feature","properties":{"kind":"minor-water","name":"Goose Creek","ftype":460,"lengthKm":1.24,"hu8":"05110002","pid":"56289481"},"geometry":{"type":"MultiLineString","coordinates":[[[-85.70476,36.82884],[-85.70523,36.82689],[-85.70506,36.82541],[-85.70542,36.82458],[-85.70421,36.82336],[-85.70492,36.82181],[-85.70505,36.81997],[-85.7046,36.81828]]]}},{"type":"Feature","properties":{"kind":"minor-water","name":"Sugar Creek","ftype":460,"lengthKm":1.58,"hu8":"05110002","pid":"56291353"},"geometry":{"type":"MultiLineString","coordinates":[[[-85.83493,36.67142],[-85.8378,36.66877],[-85.83827,36.66774],[-85.83927,36.66683],[-85.83948,36.66568],[-85.84038,36.66489],[-85.84291,36.66444],[-85.84644,36.66503],[-85.84792,36.66488]]]}},{"type":"Feature","properties":{"kind":"minor-water","name":"Long Creek","ftype":460,"lengthKm":0.42,"hu8":"05110002","pid":"56293759"},"geometry":{"type":"MultiLineString","coordinates":[[[-86.10652,36.57577],[-86.10744,36.57663],[-86.10927,36.57645],[-86.11043,36.5771]]]}},{"type":"Feature","properties":{"kind":"minor-water","name":"Little Muddy Creek","ftype":460,"lengthKm":0.76,"hu8":"05110002","pid":"56286661"},"geometry":{"type":"MultiLineString","coordinates":[[[-86.67486,37.09273],[-86.67378,37.09334],[-86.67389,37.0957],[-86.67336,37.09608],[-86.67313,37.0973],[-86.67238,37.09797],[-86.67153,37.09801]]]}},{"type":"Feature","properties":{"kind":"minor-water","name":"Rays Branch","ftype":460,"lengthKm":0.5,"hu8":"05110002","pid":"56286720"},"geometry":{"type":"MultiLineString","coordinates":[[[-86.46775,37.0712],[-86.46834,37.07569]]]}},{"type":"Feature","properties":{"kind":"minor-water","name":"Little Beaver Creek","ftype":460,"lengthKm":0.19,"hu8":"05110002","pid":"56287003"},"geometry":{"type":"MultiLineString","coordinates":[[[-86.01729,37.00599],[-86.01794,37.00758]]]}},{"type":"Feature","properties":{"kind":"minor-water","name":"Belcher Creek","ftype":460,"lengthKm":3.43,"hu8":"05110002","pid":"56287149"},"geometry":{"type":"MultiLineString","coordinates":[[[-86.63714,37.04578],[-86.63696,37.0453],[-86.6365,37.04525],[-86.6364,37.04447],[-86.63557,37.04393],[-86.63397,37.04413],[-86.6329,37.04371],[-86.63183,37.04381],[-86.62911,37.04344],[-86.6277,37.04352],[-86.62578,37.04443],[-86.6248,37.04428],[-86.62321,37.0449],[-86.62182,37.04411],[-86.62095,37.04421],[-86.61855,37.04243],[-86.61706,37.04209],[-86.61344,37.04219],[-86.61146,37.04415],[-86.60971,37.04502],[-86.60857,37.04437],[-86.60754,37.04267],[-86.60672,37.04233],[-86.60614,37.04261],[-86.60534,37.04243]]]}},{"type":"Feature","properties":{"kind":"minor-water","name":"Chism Creek","ftype":460,"lengthKm":0.93,"hu8":"05110002","pid":"56287543"},"geometry":{"type":"MultiLineString","coordinates":[[[-86.60534,37.00845],[-86.60674,37.00891],[-86.60816,37.01024],[-86.60878,37.01019],[-86.61008,37.01114],[-86.61218,37.01193],[-86.61296,37.01277],[-86.61368,37.01278]]]}},{"type":"Feature","properties":{"kind":"minor-water","name":"Chism Creek","ftype":460,"lengthKm":0.35,"hu8":"05110002","pid":"56288233"},"geometry":{"type":"MultiLineString","coordinates":[[[-86.57056,36.96786],[-86.57326,36.96845],[-86.57329,36.96936]]]}},{"type":"Feature","properties":{"kind":"minor-water","name":"Rock House Creek","ftype":460,"lengthKm":0.81,"hu8":"05110002","pid":"56288758"},"geometry":{"type":"MultiLineString","coordinates":[[[-86.75643,36.95566],[-86.75558,36.95643],[-86.75482,36.95651],[-86.75452,36.95758],[-86.75475,36.95846],[-86.75407,36.959],[-86.75446,36.9594],[-86.75416,36.96031],[-86.75342,36.96044],[-86.75379,36.96073],[-86.75361,36.96113]]]}},{"type":"Feature","properties":{"kind":"minor-water","name":"White Oak Creek","ftype":460,"lengthKm":0.92,"hu8":"05110002","pid":"56292334"},"geometry":{"type":"MultiLineString","coordinates":[[[-85.96026,36.61433],[-85.95865,36.61421],[-85.95815,36.61561],[-85.95577,36.61594],[-85.9544,36.61516],[-85.95376,36.61422],[-85.9523,36.61416]]]}},{"type":"Feature","properties":{"kind":"minor-water","name":"Gwinn Branch","ftype":460,"lengthKm":0.62,"hu8":"05110002","pid":"56291578"},"geometry":{"type":"MultiLineString","coordinates":[[[-85.88126,36.64911],[-85.88309,36.65112],[-85.88311,36.65178],[-85.88354,36.65223],[-85.88265,36.65396]]]}},{"type":"Feature","properties":{"kind":"minor-water","name":"West Fork Long Creek","ftype":460,"lengthKm":0.95,"hu8":"05110002","pid":"56292938"},"geometry":{"type":"MultiLineString","coordinates":[[[-86.12902,36.60592],[-86.12782,36.60646],[-86.12614,36.60671],[-86.12325,36.60659],[-86.12004,36.60717],[-86.11877,36.60677]]]}},{"type":"Feature","properties":{"kind":"minor-water","name":"Gasper River","ftype":558,"lengthKm":0.18,"hu8":"05110002","pid":"56288091"},"geometry":{"type":"MultiLineString","coordinates":[[[-86.67223,36.98209],[-86.67161,36.98235],[-86.67093,36.98321]]]}},{"type":"Feature","properties":{"kind":"minor-water","name":"Middle Fork Drakes Creek","ftype":558,"lengthKm":1.65,"hu8":"05110002","pid":"56290896"},"geometry":{"type":"MultiLineString","coordinates":[[[-86.39234,36.74691],[-86.39428,36.74829],[-86.39695,36.7489],[-86.39839,36.7486],[-86.40036,36.74883],[-86.40289,36.74861],[-86.40489,36.7489],[-86.40759,36.7481],[-86.40977,36.74788]]]}},{"type":"Feature","properties":{"kind":"minor-water","name":"Salt Lick Creek","ftype":558,"lengthKm":0.76,"hu8":"05110002","pid":"56292666"},"geometry":{"type":"MultiLineString","coordinates":[[[-85.88487,36.59578],[-85.88487,36.59642],[-85.8841,36.59718],[-85.88213,36.59676],[-85.88033,36.59737],[-85.87951,36.59814],[-85.8801,36.59898]]]}},{"type":"Feature","properties":{"kind":"minor-water","name":"Long Fork","ftype":558,"lengthKm":0.51,"hu8":"05110002","pid":"56294197"},"geometry":{"type":"MultiLineString","coordinates":[[[-85.93705,36.54219],[-85.9388,36.54353],[-85.94123,36.54395],[-85.94152,36.54454]]]}},{"type":"Feature","properties":{"kind":"minor-water","name":"Sinking Creek","ftype":460,"lengthKm":1.12,"hu8":"05110002","pid":"56291010"},"geometry":{"type":"MultiLineString","coordinates":[[[-86.60489,36.7524],[-86.60399,36.75212],[-86.5966,36.75267],[-86.59622,36.75297],[-86.59563,36.75483],[-86.59474,36.75556]]]}},{"type":"Feature","properties":{"kind":"minor-water","name":"Taylor Branch","ftype":460,"lengthKm":0.74,"hu8":"05110002","pid":"56287806"},"geometry":{"type":"MultiLineString","coordinates":[[[-85.7336,36.92563],[-85.73577,36.92786],[-85.73677,36.92826],[-85.73835,36.92997],[-85.73921,36.93035]]]}},{"type":"Feature","properties":{"kind":"minor-water","name":"Nobob Creek","ftype":460,"lengthKm":0.9,"hu8":"05110002","pid":"56288920"},"geometry":{"type":"MultiLineString","coordinates":[[[-85.72576,36.86587],[-85.72856,36.86424],[-85.72926,36.86331],[-85.73036,36.86307],[-85.73233,36.86324],[-85.73442,36.86268]]]}},{"type":"Feature","properties":{"kind":"minor-water","name":"Nobob Creek","ftype":460,"lengthKm":0.43,"hu8":"05110002","pid":"56289051"},"geometry":{"type":"MultiLineString","coordinates":[[[-85.77213,36.8579],[-85.77461,36.85676],[-85.77538,36.85529]]]}},{"type":"Feature","properties":{"kind":"minor-water","name":"Lick Creek","ftype":460,"lengthKm":1.11,"hu8":"05110002","pid":"56290501"},"geometry":{"type":"MultiLineString","coordinates":[[[-86.49488,36.79352],[-86.49605,36.79487],[-86.4962,36.79583],[-86.49544,36.79743],[-86.4943,36.7982],[-86.49582,36.79944],[-86.49592,36.80123],[-86.49486,36.80154]]]}},{"type":"Feature","properties":{"kind":"minor-water","name":"Little Salt Lick Creek","ftype":460,"lengthKm":0.67,"hu8":"05110002","pid":"56293315"},"geometry":{"type":"MultiLineString","coordinates":[[[-85.8145,36.56728],[-85.8152,36.56823],[-85.81854,36.56986],[-85.81846,36.57091],[-85.8192,36.5714]]]}},{"type":"Feature","properties":{"kind":"minor-water","name":"Buck Creek","ftype":460,"lengthKm":1.17,"hu8":"05110002","pid":"56291754"},"geometry":{"type":"MultiLineString","coordinates":[[[-86.2865,36.66762],[-86.28603,36.66919],[-86.28624,36.67122],[-86.28547,36.67183],[-86.28505,36.67332],[-86.28514,36.67528],[-86.28578,36.67777]]]}},{"type":"Feature","properties":{"kind":"minor-water","name":"Bean Branch","ftype":460,"lengthKm":0.29,"hu8":"05110002","pid":"56293891"},"geometry":{"type":"MultiLineString","coordinates":[[[-85.76606,36.54241],[-85.76644,36.544],[-85.76713,36.54478]]]}},{"type":"Feature","properties":{"kind":"minor-water","name":"Witcher Hollow Branch","ftype":460,"lengthKm":0.11,"hu8":"05110002","pid":"56294246"},"geometry":{"type":"MultiLineString","coordinates":[[[-85.81655,36.52942],[-85.81778,36.52968]]]}},{"type":"Feature","properties":{"kind":"minor-water","name":"Middle Fork Drakes Creek","ftype":460,"lengthKm":0.14,"hu8":"05110002","pid":"56294338"},"geometry":{"type":"MultiLineString","coordinates":[[[-86.32039,36.56529],[-86.32039,36.56581],[-86.32091,36.56642]]]}},{"type":"Feature","properties":{"kind":"minor-water","name":"White Oak Creek","ftype":460,"lengthKm":0.19,"hu8":"05110002","pid":"56294401"},"geometry":{"type":"MultiLineString","coordinates":[[[-85.99435,36.5347],[-85.99422,36.53549],[-85.99501,36.53617]]]}},{"type":"Feature","properties":{"kind":"minor-water","name":"York Branch","ftype":460,"lengthKm":0.02,"hu8":"05110002","pid":"56292208"},"geometry":{"type":"MultiLineString","coordinates":[[[-85.87791,36.61074],[-85.87812,36.61079]]]}},{"type":"Feature","properties":{"kind":"minor-water","name":"Garrett Creek","ftype":460,"lengthKm":0.18,"hu8":"05110002","pid":"56292469"},"geometry":{"type":"MultiLineString","coordinates":[[[-86.24003,36.63167],[-86.24038,36.63275],[-86.24012,36.63324]]]}},{"type":"Feature","properties":{"kind":"minor-water","name":"Maxey Creek","ftype":558,"lengthKm":0.03,"hu8":"05110002","pid":"56286319"},"geometry":{"type":"MultiLineString","coordinates":[[[-86.5931,37.12958],[-86.59291,37.12984]]]}},{"type":"Feature","properties":{"kind":"minor-water","name":"Gasper River","ftype":558,"lengthKm":2.99,"hu8":"05110002","pid":"56287604"},"geometry":{"type":"MultiLineString","coordinates":[[[-86.62812,36.99507],[-86.62786,36.99793],[-86.62584,36.9992],[-86.62515,37.00013],[-86.62577,37.00694],[-86.62502,37.00737],[-86.62377,37.00743],[-86.6185,37.00633],[-86.6171,37.00662],[-86.61626,37.00726],[-86.61512,37.00903],[-86.61422,37.01084],[-86.61376,37.01279]]]}},{"type":"Feature","properties":{"kind":"minor-water","name":"Drakes Creek","ftype":558,"lengthKm":0,"hu8":"05110002","pid":"56287754"},"geometry":{"type":"MultiLineString","coordinates":[[[-86.37623,36.9782],[-86.37622,36.97823]]]}},{"type":"Feature","properties":{"kind":"minor-water","name":"Drakes Creek","ftype":558,"lengthKm":1.74,"hu8":"05110002","pid":"56289072"},"geometry":{"type":"MultiLineString","coordinates":[[[-86.3956,36.91233],[-86.39134,36.91476],[-86.38642,36.91533],[-86.38335,36.91729],[-86.38311,36.91785],[-86.38347,36.91898],[-86.38508,36.92119]]]}},{"type":"Feature","properties":{"kind":"minor-water","name":"West Fork Drakes Creek","ftype":558,"lengthKm":3.02,"hu8":"05110002","pid":"56290057"},"geometry":{"type":"MultiLineString","coordinates":[[[-86.42558,36.82721],[-86.4248,36.82779],[-86.42348,36.83026],[-86.42318,36.83339],[-86.42447,36.83534],[-86.42803,36.83713],[-86.42846,36.83788],[-86.42785,36.83837],[-86.42645,36.83871],[-86.42503,36.83864],[-86.42343,36.83805],[-86.42261,36.83824],[-86.42068,36.84232],[-86.41998,36.84293],[-86.41916,36.84287],[-86.41815,36.84224],[-86.41761,36.84139],[-86.41767,36.84022]]]}},{"type":"Feature","properties":{"kind":"minor-water","name":"Gully Creek","ftype":460,"lengthKm":0.54,"hu8":"05110002","pid":"56291199"},"geometry":{"type":"MultiLineString","coordinates":[[[-85.73547,36.6649],[-85.73596,36.6658],[-85.73704,36.66612],[-85.73831,36.66606],[-85.73862,36.66557],[-85.74024,36.66512]]]}},{"type":"Feature","properties":{"kind":"minor-water","name":"Boyds Creek","ftype":460,"lengthKm":0.66,"hu8":"05110002","pid":"56287680"},"geometry":{"type":"MultiLineString","coordinates":[[[-85.93044,36.95127],[-85.93416,36.94851],[-85.9351,36.94812],[-85.93571,36.94725]]]}},{"type":"Feature","properties":{"kind":"minor-water","name":"Salt Lick Creek","ftype":460,"lengthKm":0.98,"hu8":"05110002","pid":"56287418"},"geometry":{"type":"MultiLineString","coordinates":[[[-86.5555,37.01429],[-86.55592,37.01491],[-86.55615,37.01687],[-86.55746,37.01816],[-86.55726,37.01916],[-86.5565,37.01907],[-86.5562,37.01937],[-86.55721,37.02174]]]}},{"type":"Feature","properties":{"kind":"minor-water","name":"Bays Fork","ftype":460,"lengthKm":0.49,"hu8":"05110002","pid":"56290669"},"geometry":{"type":"MultiLineString","coordinates":[[[-86.14503,36.74972],[-86.14681,36.75032],[-86.14916,36.75251]]]}},{"type":"Feature","properties":{"kind":"minor-water","name":"Ritter Branch","ftype":460,"lengthKm":1.45,"hu8":"05110002","pid":"56288961"},"geometry":{"type":"MultiLineString","coordinates":[[[-85.77335,36.87324],[-85.77275,36.8725],[-85.77106,36.87158],[-85.76879,36.86642],[-85.76781,36.86555],[-85.76706,36.86317],[-85.76718,36.86216],[-85.76762,36.8619]]]}},{"type":"Feature","properties":{"kind":"minor-water","name":"Shoal Creek","ftype":460,"lengthKm":2.83,"hu8":"05110002","pid":"56289605"},"geometry":{"type":"MultiLineString","coordinates":[[[-85.83304,36.81832],[-85.83484,36.82106],[-85.83429,36.8247],[-85.83334,36.82599],[-85.83369,36.82856],[-85.83311,36.83083],[-85.83319,36.83185],[-85.83408,36.83283],[-85.83619,36.83385],[-85.83875,36.83434],[-85.83901,36.83495],[-85.84199,36.83571],[-85.84491,36.83727]]]}},{"type":"Feature","properties":{"kind":"minor-water","name":"Dry Branch","ftype":460,"lengthKm":0.06,"hu8":"05110002","pid":"56289607"},"geometry":{"type":"MultiLineString","coordinates":[[[-85.99005,36.83146],[-85.99043,36.83187]]]}},{"type":"Feature","properties":{"kind":"minor-water","name":"Dry Fork","ftype":460,"lengthKm":0.35,"hu8":"05110002","pid":"56289789"},"geometry":{"type":"MultiLineString","coordinates":[[[-85.88548,36.80977],[-85.88769,36.80955],[-85.88828,36.80901],[-85.8891,36.80892]]]}},{"type":"Feature","properties":{"kind":"minor-water","name":"Cable Branch","ftype":460,"lengthKm":1.58,"hu8":"05110002","pid":"56290290"},"geometry":{"type":"MultiLineString","coordinates":[[[-85.77019,36.76147],[-85.77003,36.76005],[-85.76931,36.75888],[-85.76899,36.7565],[-85.76824,36.75648],[-85.76751,36.75606],[-85.76678,36.75483],[-85.7658,36.75437],[-85.76384,36.75272],[-85.76093,36.75202],[-85.75996,36.75219]]]}},{"type":"Feature","properties":{"kind":"minor-water","name":"Sinking Creek","ftype":460,"lengthKm":1.78,"hu8":"05110002","pid":"56290507"},"geometry":{"type":"MultiLineString","coordinates":[[[-86.58617,36.79842],[-86.58556,36.79963],[-86.58471,36.79995],[-86.58431,36.80053],[-86.58464,36.80118],[-86.58418,36.80172],[-86.58468,36.80231],[-86.5841,36.80272],[-86.58325,36.80292],[-86.58301,36.80243],[-86.58198,36.80244],[-86.58196,36.80296],[-86.58155,36.80318],[-86.58092,36.803],[-86.57851,36.80411],[-86.57768,36.80413],[-86.57588,36.80546],[-86.57527,36.80527],[-86.5755,36.80572],[-86.57487,36.80569],[-86.57422,36.80613]]]}},{"type":"Feature","properties":{"kind":"minor-water","name":"Rocky Branch","ftype":460,"lengthKm":0.97,"hu8":"05110002","pid":"56290923"},"geometry":{"type":"MultiLineString","coordinates":[[[-85.78834,36.70241],[-85.78848,36.70181],[-85.79096,36.69897],[-85.7921,36.69834],[-85.79369,36.69623],[-85.79392,36.69516]]]}},{"type":"Feature","properties":{"kind":"minor-water","name":"West Fork Long Creek","ftype":460,"lengthKm":0.65,"hu8":"05110002","pid":"56294576"},"geometry":{"type":"MultiLineString","coordinates":[[[-86.16743,36.53661],[-86.16706,36.53734],[-86.16795,36.53848],[-86.1679,36.53949],[-86.16652,36.542]]]}},{"type":"Feature","properties":{"kind":"minor-water","name":"Mays Branch","ftype":460,"lengthKm":2.2,"hu8":"05110002","pid":"56292097"},"geometry":{"type":"MultiLineString","coordinates":[[[-86.44443,36.6626],[-86.44328,36.66394],[-86.44112,36.66491],[-86.43967,36.66705],[-86.43756,36.66853],[-86.43446,36.66988],[-86.4323,36.67012],[-86.43092,36.67108],[-86.42925,36.67101],[-86.42736,36.67329],[-86.42604,36.67415]]]}},{"type":"Feature","properties":{"kind":"minor-water","name":"Hurricane Creek","ftype":460,"lengthKm":0.7,"hu8":"05110002","pid":"56292214"},"geometry":{"type":"MultiLineString","coordinates":[[[-85.69017,36.59654],[-85.69262,36.59669],[-85.69527,36.59547],[-85.69625,36.59558],[-85.69752,36.59526]]]}},{"type":"Feature","properties":{"kind":"minor-water","name":"Dry Branch","ftype":460,"lengthKm":0.39,"hu8":"05110002","pid":"56292429"},"geometry":{"type":"MultiLineString","coordinates":[[[-86.18076,36.62927],[-86.18212,36.62993],[-86.18324,36.63135],[-86.18391,36.63154]]]}},{"type":"Feature","properties":{"kind":"minor-water","name":"Gasper River","ftype":558,"lengthKm":0.95,"hu8":"05110002","pid":"56287068"},"geometry":{"type":"MultiLineString","coordinates":[[[-86.59649,37.04751],[-86.59623,37.04842],[-86.59808,37.05087],[-86.59867,37.05218],[-86.59728,37.05294],[-86.59484,37.05356]]]}},{"type":"Feature","properties":{"kind":"minor-water","name":"Buck Creek","ftype":558,"lengthKm":0.01,"hu8":"05110002","pid":"56288254"},"geometry":{"type":"MultiLineString","coordinates":[[[-86.13618,36.93216],[-86.13617,36.93207]]]}},{"type":"Feature","properties":{"kind":"minor-water","name":"Glover Creek","ftype":558,"lengthKm":0.98,"hu8":"05110002","pid":"56288462"},"geometry":{"type":"MultiLineString","coordinates":[[[-85.76665,36.89573],[-85.76779,36.89616],[-85.7696,36.89611],[-85.77739,36.89467]]]}},{"type":"Feature","properties":{"kind":"minor-water","name":"Skaggs Creek","ftype":558,"lengthKm":0.24,"hu8":"05110002","pid":"56288645"},"geometry":{"type":"MultiLineString","coordinates":[[[-85.8932,36.89466],[-85.89585,36.89435]]]}},{"type":"Feature","properties":{"kind":"minor-water","name":"Peter Creek","ftype":558,"lengthKm":1.53,"hu8":"05110002","pid":"56289490"},"geometry":{"type":"MultiLineString","coordinates":[[[-85.98908,36.85038],[-85.9906,36.84952],[-85.99088,36.84866],[-85.99059,36.84728],[-85.9894,36.84556],[-85.98903,36.84351],[-85.99079,36.84228],[-85.99394,36.84116],[-85.99554,36.84105]]]}},{"type":"Feature","properties":{"kind":"minor-water","name":"Pinchgut Creek","ftype":558,"lengthKm":0.05,"hu8":"05110002","pid":"56292484"},"geometry":{"type":"MultiLineString","coordinates":[[[-86.07742,36.61792],[-86.07727,36.61839]]]}},{"type":"Feature","properties":{"kind":"minor-water","name":"Barren River","ftype":558,"lengthKm":0.49,"hu8":"05110002","pid":"56288948"},"geometry":{"type":"MultiLineString","coordinates":[[[-86.11884,36.89155],[-86.12425,36.89234]]]}},{"type":"Feature","properties":{"kind":"minor-water","name":"Barren River","ftype":558,"lengthKm":1,"hu8":"05110002","pid":"56290980"},"geometry":{"type":"MultiLineString","coordinates":[[[-86.01894,36.70844],[-86.01714,36.70766],[-86.01437,36.70965],[-86.01393,36.71115],[-86.01438,36.71392]]]}},{"type":"Feature","properties":{"kind":"minor-water","name":"Jakes Branch","ftype":558,"lengthKm":0.01,"hu8":"05110002","pid":"56291073"},"geometry":{"type":"MultiLineString","coordinates":[[[-85.9583,36.69401],[-85.95825,36.69398]]]}},{"type":"Feature","properties":{"kind":"minor-water","name":"East Fork Barren River","ftype":558,"lengthKm":0.13,"hu8":"05110002","pid":"56291356"},"geometry":{"type":"MultiLineString","coordinates":[[[-85.78329,36.65926],[-85.78188,36.65914]]]}},{"type":"Feature","properties":{"kind":"minor-water","name":"Long Creek","ftype":558,"lengthKm":0.54,"hu8":"05110002","pid":"56291509"},"geometry":{"type":"MultiLineString","coordinates":[[[-86.10693,36.67512],[-86.10623,36.67554],[-86.10242,36.67589],[-86.10116,36.67634]]]}},{"type":"Feature","properties":{"kind":"minor-water","name":"Reeves Creek","ftype":460,"lengthKm":1,"hu8":"05110002","pid":"56286384"},"geometry":{"type":"MultiLineString","coordinates":[[[-86.50937,37.11409],[-86.5106,37.11385],[-86.51085,37.11314],[-86.51152,37.11291],[-86.5127,37.11161],[-86.51295,37.11061],[-86.5144,37.10898],[-86.51512,37.1086],[-86.51687,37.10859]]]}},{"type":"Feature","properties":{"kind":"minor-water","name":"Bailey Branch","ftype":460,"lengthKm":0.94,"hu8":"05110002","pid":"56287698"},"geometry":{"type":"MultiLineString","coordinates":[[[-85.80661,36.94349],[-85.80705,36.94145],[-85.80645,36.9405],[-85.80663,36.93825],[-85.80613,36.93518]]]}},{"type":"Feature","properties":{"kind":"minor-water","name":"Brushy Fork","ftype":460,"lengthKm":1.13,"hu8":"05110002","pid":"56288005"},"geometry":{"type":"MultiLineString","coordinates":[[[-85.77067,36.91568],[-85.7711,36.91565],[-85.77221,36.91637],[-85.77475,36.9149],[-85.77506,36.91436],[-85.77574,36.91473],[-85.77839,36.91371],[-85.77952,36.91404],[-85.78151,36.91396]]]}},{"type":"Feature","properties":{"kind":"minor-water","name":"Indian Creek","ftype":460,"lengthKm":0.36,"hu8":"05110002","pid":"56290753"},"geometry":{"type":"MultiLineString","coordinates":[[[-85.89325,36.72118],[-85.89552,36.72128],[-85.89712,36.72079]]]}},{"type":"Feature","properties":{"kind":"minor-water","name":"Richland Creek","ftype":460,"lengthKm":1.4,"hu8":"05110002","pid":"56286638"},"geometry":{"type":"MultiLineString","coordinates":[[[-86.70781,37.09768],[-86.70754,37.09821],[-86.70694,37.09825],[-86.70514,37.09925],[-86.70443,37.1],[-86.70353,37.1002],[-86.70286,37.10129],[-86.69685,37.10628]]]}},{"type":"Feature","properties":{"kind":"minor-water","name":"Falling Timber Creek","ftype":460,"lengthKm":1.07,"hu8":"05110002","pid":"56287589"},"geometry":{"type":"MultiLineString","coordinates":[[[-85.74585,36.93661],[-85.7488,36.9368],[-85.75034,36.93638],[-85.75126,36.93652],[-85.75206,36.9363],[-85.75519,36.93659],[-85.75688,36.93702],[-85.7574,36.9375]]]}},{"type":"Feature","properties":{"kind":"minor-water","name":"Jennings Creek","ftype":460,"lengthKm":0.45,"hu8":"05110002","pid":"56288178"},"geometry":{"type":"MultiLineString","coordinates":[[[-86.49283,36.96379],[-86.49248,36.964],[-86.49206,36.96558],[-86.49144,36.966],[-86.49092,36.96599],[-86.49063,36.96654],[-86.49012,36.96637]]]}},{"type":"Feature","properties":{"kind":"minor-water","name":"Gasper River","ftype":460,"lengthKm":0.35,"hu8":"05110002","pid":"56289560"},"geometry":{"type":"MultiLineString","coordinates":[[[-86.73635,36.895],[-86.73571,36.89558],[-86.73598,36.89604],[-86.73574,36.89699],[-86.73493,36.89764]]]}},{"type":"Feature","properties":{"kind":"minor-water","name":"Skaggs Creek","ftype":460,"lengthKm":0.14,"hu8":"05110002","pid":"56289572"},"geometry":{"type":"MultiLineString","coordinates":[[[-85.68039,36.80928],[-85.68105,36.8081]]]}},{"type":"Feature","properties":{"kind":"minor-water","name":"Hackers Branch","ftype":460,"lengthKm":0.38,"hu8":"05110002","pid":"56289597"},"geometry":{"type":"MultiLineString","coordinates":[[[-85.78898,36.81476],[-85.78767,36.81526],[-85.78738,36.81701],[-85.78766,36.81748]]]}},{"type":"Feature","properties":{"kind":"minor-water","name":"Rhoden Creek","ftype":460,"lengthKm":0.76,"hu8":"05110002","pid":"56290796"},"geometry":{"type":"MultiLineString","coordinates":[[[-86.09618,36.73321],[-86.09498,36.73254],[-86.08938,36.73258],[-86.08807,36.73308]]]}},{"type":"Feature","properties":{"kind":"minor-water","name":"Long Fork","ftype":460,"lengthKm":0.67,"hu8":"05110002","pid":"56294702"},"geometry":{"type":"MultiLineString","coordinates":[[[-85.93625,36.50754],[-85.93575,36.50794],[-85.9343,36.51159],[-85.93437,36.51324]]]}},{"type":"Feature","properties":{"kind":"minor-water","name":"Barren River","ftype":558,"lengthKm":0.15,"hu8":"05110002","pid":"56286567"},"geometry":{"type":"MultiLineString","coordinates":[[[-86.50316,37.08677],[-86.50187,37.08764]]]}},{"type":"Feature","properties":{"kind":"minor-water","name":"Falling Timber Creek","ftype":558,"lengthKm":0.63,"hu8":"05110002","pid":"56288050"},"geometry":{"type":"MultiLineString","coordinates":[[[-85.86042,36.92124],[-85.86217,36.92036],[-85.8646,36.91988],[-85.86659,36.9187]]]}},{"type":"Feature","properties":{"kind":"minor-water","name":"Skaggs Creek","ftype":558,"lengthKm":0.45,"hu8":"05110002","pid":"56288246"},"geometry":{"type":"MultiLineString","coordinates":[[[-85.97123,36.92168],[-85.97204,36.91946],[-85.97304,36.91915],[-85.97417,36.91923]]]}},{"type":"Feature","properties":{"kind":"minor-water","name":"Skaggs Creek","ftype":558,"lengthKm":0.23,"hu8":"05110002","pid":"56289093"},"geometry":{"type":"MultiLineString","coordinates":[[[-85.81312,36.8557],[-85.81398,36.85763]]]}},{"type":"Feature","properties":{"kind":"minor-water","name":"Middle Fork Drakes Creek","ftype":558,"lengthKm":0.04,"hu8":"05110002","pid":"56290463"},"geometry":{"type":"MultiLineString","coordinates":[[[-86.39114,36.78946],[-86.39114,36.78982]]]}},{"type":"Feature","properties":{"kind":"minor-water","name":"Trammel Creek","ftype":558,"lengthKm":0.14,"hu8":"05110002","pid":"56290943"},"geometry":{"type":"MultiLineString","coordinates":[[[-86.27287,36.73304],[-86.2726,36.73359],[-86.2729,36.73418]]]}},{"type":"Feature","properties":{"kind":"minor-water","name":"Sulphur Fork Creek","ftype":558,"lengthKm":2.59,"hu8":"05110002","pid":"56291376"},"geometry":{"type":"MultiLineString","coordinates":[[[-86.40891,36.70953],[-86.40907,36.71078],[-86.40967,36.71168],[-86.41484,36.71442],[-86.41133,36.71649],[-86.40996,36.71686],[-86.4099,36.71836],[-86.40858,36.7206],[-86.40936,36.72141],[-86.41144,36.72201],[-86.41296,36.72199],[-86.41388,36.72229],[-86.41415,36.72277],[-86.41268,36.72447]]]}},{"type":"Feature","properties":{"kind":"minor-water","name":"Dutch Creek","ftype":558,"lengthKm":0.02,"hu8":"05110002","pid":"56293189"},"geometry":{"type":"MultiLineString","coordinates":[[[-86.33013,36.61453],[-86.33026,36.61464]]]}},{"type":"Feature","properties":{"kind":"minor-water","name":"Salt Lick Creek","ftype":558,"lengthKm":0.17,"hu8":"05110002","pid":"56293479"},"geometry":{"type":"MultiLineString","coordinates":[[[-85.86977,36.56562],[-85.8703,36.56708]]]}},{"type":"Feature","properties":{"kind":"minor-water","name":"Wiggington Creek","ftype":460,"lengthKm":0.55,"hu8":"05110002","pid":"56289359"},"geometry":{"type":"MultiLineString","coordinates":[[[-86.75067,36.9104],[-86.74852,36.91261],[-86.74836,36.91367],[-86.74761,36.914],[-86.74721,36.91383]]]}},{"type":"Feature","properties":{"kind":"minor-water","name":"Crooked Run","ftype":460,"lengthKm":1.52,"hu8":"05110002","pid":"56289442"},"geometry":{"type":"MultiLineString","coordinates":[[[-86.71389,36.90332],[-86.71519,36.90595],[-86.71457,36.90856],[-86.7136,36.90912],[-86.71278,36.9105],[-86.71196,36.91092],[-86.71053,36.91103],[-86.7093,36.91246],[-86.70713,36.91348]]]}},{"type":"Feature","properties":{"kind":"minor-water","name":"Dry Fork","ftype":460,"lengthKm":0.29,"hu8":"05110002","pid":"56289788"},"geometry":{"type":"MultiLineString","coordinates":[[[-85.8741,36.80727],[-85.87644,36.8091]]]}},{"type":"Feature","properties":{"kind":"minor-water","name":"Hurricane Creek","ftype":460,"lengthKm":0.58,"hu8":"05110002","pid":"56289792"},"geometry":{"type":"MultiLineString","coordinates":[[[-86.09366,36.8259],[-86.0934,36.82628],[-86.09277,36.8264],[-86.09283,36.82675],[-86.09188,36.82692],[-86.09154,36.8275],[-86.09006,36.82858],[-86.089,36.82869]]]}},{"type":"Feature","properties":{"kind":"minor-water","name":"West Bays Fork","ftype":460,"lengthKm":0.32,"hu8":"05110002","pid":"56290548"},"geometry":{"type":"MultiLineString","coordinates":[[[-86.2016,36.76468],[-86.20138,36.76677],[-86.2017,36.76751]]]}},{"type":"Feature","properties":{"kind":"minor-water","name":"Lancaster Branch","ftype":460,"lengthKm":1.15,"hu8":"05110002","pid":"56290652"},"geometry":{"type":"MultiLineString","coordinates":[[[-86.29168,36.76333],[-86.29447,36.76521],[-86.29484,36.7676],[-86.30061,36.7696]]]}},{"type":"Feature","properties":{"kind":"minor-water","name":"Long Hungry Creek","ftype":460,"lengthKm":0.51,"hu8":"05110002","pid":"56293806"},"geometry":{"type":"MultiLineString","coordinates":[[[-85.87694,36.55142],[-85.87639,36.55276],[-85.87562,36.55326],[-85.87475,36.55549]]]}},{"type":"Feature","properties":{"kind":"minor-water","name":"Cane Creek","ftype":460,"lengthKm":0.32,"hu8":"05110002","pid":"56291621"},"geometry":{"type":"MultiLineString","coordinates":[[[-85.84298,36.64078],[-85.84354,36.64171],[-85.8435,36.64357]]]}},{"type":"Feature","properties":{"kind":"minor-water","name":"Morrison Branch","ftype":460,"lengthKm":1.28,"hu8":"05110002","pid":"56294455"},"geometry":{"type":"MultiLineString","coordinates":[[[-86.1848,36.54763],[-86.18419,36.54824],[-86.18437,36.54956],[-86.18606,36.55333],[-86.18783,36.55463],[-86.1888,36.5558],[-86.19102,36.55676]]]}},{"type":"Feature","properties":{"kind":"minor-water","name":"West Fork Drakes Creek","ftype":460,"lengthKm":1.35,"hu8":"05110002","pid":"56294962"},"geometry":{"type":"MultiLineString","coordinates":[[[-86.47197,36.52781],[-86.47229,36.52859],[-86.47329,36.52911],[-86.4738,36.53173],[-86.47509,36.53323],[-86.47469,36.53433],[-86.47481,36.53563],[-86.4737,36.53729],[-86.4719,36.53782]]]}},{"type":"Feature","properties":{"kind":"minor-water","name":"Salt Lick Creek","ftype":558,"lengthKm":0.01,"hu8":"05110002","pid":"56287056"},"geometry":{"type":"MultiLineString","coordinates":[[[-86.583,37.04715],[-86.58304,37.04721]]]}},{"type":"Feature","properties":{"kind":"minor-water","name":"Barren River","ftype":558,"lengthKm":0.25,"hu8":"05110002","pid":"56288353"},"geometry":{"type":"MultiLineString","coordinates":[[[-86.30676,36.94368],[-86.30947,36.943]]]}},{"type":"Feature","properties":{"kind":"minor-water","name":"Happy Hollow Branch","ftype":558,"lengthKm":0.01,"hu8":"05110002","pid":"56288864"},"geometry":{"type":"MultiLineString","coordinates":[[[-85.86457,36.87813],[-85.86459,36.8782]]]}},{"type":"Feature","properties":{"kind":"minor-water","name":"Skaggs Creek","ftype":558,"lengthKm":1.6,"hu8":"05110002","pid":"56289112"},"geometry":{"type":"MultiLineString","coordinates":[[[-85.81398,36.85763],[-85.8165,36.86036],[-85.81709,36.86066],[-85.81869,36.86056],[-85.81972,36.86005],[-85.82225,36.85755],[-85.82343,36.85569],[-85.82399,36.85548],[-85.82696,36.85578]]]}},{"type":"Feature","properties":{"kind":"minor-water","name":"Trammel Creek","ftype":558,"lengthKm":0.07,"hu8":"05110002","pid":"56289776"},"geometry":{"type":"MultiLineString","coordinates":[[[-86.36608,36.8493],[-86.36557,36.84978]]]}},{"type":"Feature","properties":{"kind":"minor-water","name":"Salt Lick Creek","ftype":558,"lengthKm":0.11,"hu8":"05110002","pid":"56292544"},"geometry":{"type":"MultiLineString","coordinates":[[[-85.88774,36.59994],[-85.88893,36.60021]]]}},{"type":"Feature","properties":{"kind":"minor-water","name":"Peter Creek","ftype":558,"lengthKm":1.21,"hu8":"05110002","pid":"56289412"},"geometry":{"type":"MultiLineString","coordinates":[[[-85.9709,36.84608],[-85.97172,36.8476],[-85.97276,36.84815],[-85.97611,36.84763],[-85.97965,36.8466],[-85.98125,36.84657],[-85.98264,36.84699]]]}},{"type":"Feature","properties":{"kind":"minor-water","name":"Little Trace Creek","ftype":558,"lengthKm":0.09,"hu8":"05110002","pid":"56293067"},"geometry":{"type":"MultiLineString","coordinates":[[[-85.70932,36.56657],[-85.71025,36.56687]]]}},{"type":"Feature","properties":{"kind":"minor-water","name":"Long Fork","ftype":558,"lengthKm":0.61,"hu8":"05110002","pid":"56293083"},"geometry":{"type":"MultiLineString","coordinates":[[[-85.93123,36.58497],[-85.93063,36.58554],[-85.92961,36.58588],[-85.92942,36.58723],[-85.92872,36.58777],[-85.92852,36.58883],[-85.92803,36.5893]]]}},{"type":"Feature","properties":{"kind":"minor-water","name":"Peter Creek","ftype":558,"lengthKm":1.78,"hu8":"05110002","pid":"56289492"},"geometry":{"type":"MultiLineString","coordinates":[[[-85.99554,36.84105],[-85.9972,36.84118],[-85.99828,36.84156],[-85.99823,36.8419],[-85.99683,36.84286],[-85.99695,36.84351],[-85.99769,36.84386],[-85.99888,36.84358],[-86.00345,36.84133],[-86.00409,36.84182],[-86.00485,36.84321],[-86.00598,36.84331],[-86.00618,36.8431],[-86.00589,36.84275],[-86.00677,36.84145]]]}},{"type":"Feature","properties":{"kind":"minor-water","name":"Garrett Creek","ftype":460,"lengthKm":1.95,"hu8":"05110002","pid":"56291941"},"geometry":{"type":"MultiLineString","coordinates":[[[-86.24384,36.65467],[-86.24495,36.65585],[-86.24601,36.66025],[-86.24596,36.66141],[-86.24495,36.66352],[-86.24576,36.66458],[-86.24728,36.66565],[-86.2482,36.6688],[-86.24926,36.67071]]]}},{"type":"Feature","properties":{"kind":"minor-water","name":"Wolf Branch","ftype":460,"lengthKm":0.58,"hu8":"05110002","pid":"56291297"},"geometry":{"type":"MultiLineString","coordinates":[[[-86.2897,36.70549],[-86.28854,36.70616],[-86.28739,36.70624],[-86.28561,36.70696],[-86.28369,36.70711]]]}},{"type":"Feature","properties":{"kind":"minor-water","name":"Trammel Creek","ftype":460,"lengthKm":0.22,"hu8":"05110002","pid":"56291809"},"geometry":{"type":"MultiLineString","coordinates":[[[-86.20699,36.65843],[-86.20716,36.65974],[-86.20765,36.66032]]]}},{"type":"Feature","properties":{"kind":"minor-water","name":"Drakes Creek","ftype":460,"lengthKm":0.25,"hu8":"05110002","pid":"56287750"},"geometry":{"type":"MultiLineString","coordinates":[[[-86.37622,36.97823],[-86.37627,36.97853],[-86.37572,36.97873],[-86.37458,36.97834],[-86.37411,36.97855]]]}},{"type":"Feature","properties":{"kind":"minor-water","name":"Glover Creek","ftype":460,"lengthKm":0.82,"hu8":"05110002","pid":"56290508"},"geometry":{"type":"MultiLineString","coordinates":[[[-85.96438,36.74413],[-85.96523,36.74433],[-85.96566,36.74492],[-85.96544,36.74635],[-85.96577,36.74825],[-85.96673,36.75072]]]}},{"type":"Feature","properties":{"kind":"minor-water","name":"Long Hungry Creek","ftype":460,"lengthKm":1.35,"hu8":"05110002","pid":"56291905"},"geometry":{"type":"MultiLineString","coordinates":[[[-86.07254,36.64247],[-86.07106,36.64423],[-86.07124,36.64683],[-86.07023,36.64898],[-86.06989,36.65094],[-86.06904,36.6515],[-86.0686,36.65235],[-86.06723,36.65306]]]}},{"type":"Feature","properties":{"kind":"minor-water","name":"Malden Branch","ftype":460,"lengthKm":0.97,"hu8":"05110002","pid":"56293070"},"geometry":{"type":"MultiLineString","coordinates":[[[-86.09277,36.59881],[-86.09593,36.59985],[-86.09656,36.60041],[-86.09831,36.60076],[-86.0995,36.60176],[-86.09994,36.60268],[-86.10164,36.60314]]]}},{"type":"Feature","properties":{"kind":"minor-water","name":"Witcher Hollow Branch","ftype":460,"lengthKm":1.21,"hu8":"05110002","pid":"56294270"},"geometry":{"type":"MultiLineString","coordinates":[[[-85.80465,36.52885],[-85.80511,36.52851],[-85.80663,36.52859],[-85.80829,36.52751],[-85.80933,36.52735],[-85.81019,36.5275],[-85.81171,36.52837],[-85.81268,36.52935],[-85.81452,36.52964],[-85.81655,36.52942]]]}},{"type":"Feature","properties":{"kind":"minor-water","name":"Salt Lick Creek","ftype":460,"lengthKm":0.17,"hu8":"05110002","pid":"56294612"},"geometry":{"type":"MultiLineString","coordinates":[[[-85.84579,36.50691],[-85.84608,36.50843]]]}},{"type":"Feature","properties":{"kind":"minor-water","name":"Trammel Creek","ftype":460,"lengthKm":1.65,"hu8":"05110002","pid":"56294623"},"geometry":{"type":"MultiLineString","coordinates":[[[-86.20373,36.5366],[-86.20506,36.53641],[-86.2064,36.53662],[-86.20824,36.53807],[-86.21334,36.5401],[-86.21568,36.54371],[-86.21599,36.54562]]]}},{"type":"Feature","properties":{"kind":"minor-water","name":"Trammel Creek","ftype":558,"lengthKm":1,"hu8":"05110002","pid":"56289741"},"geometry":{"type":"MultiLineString","coordinates":[[[-86.3627,36.85174],[-86.36128,36.85238],[-86.36008,36.85231],[-86.35959,36.85261],[-86.3591,36.85464],[-86.3592,36.85627],[-86.35827,36.85626],[-86.35623,36.85546]]]}},{"type":"Feature","properties":{"kind":"minor-water","name":"Sulphur Fork Creek","ftype":460,"lengthKm":0.05,"hu8":"05110002","pid":"56292955"},"geometry":{"type":"MultiLineString","coordinates":[[[-86.39277,36.62698],[-86.3929,36.62745]]]}},{"type":"Feature","properties":{"kind":"minor-water","name":"Skaggs Creek","ftype":460,"lengthKm":0.66,"hu8":"05110002","pid":"56289292"},"geometry":{"type":"MultiLineString","coordinates":[[[-85.66296,36.83758],[-85.6632,36.83722],[-85.66292,36.83478],[-85.66349,36.83175]]]}},{"type":"Feature","properties":{"kind":"minor-water","name":"Boucher Branch","ftype":460,"lengthKm":1.01,"hu8":"05110002","pid":"56290229"},"geometry":{"type":"MultiLineString","coordinates":[[[-86.26133,36.79856],[-86.25834,36.80355],[-86.25815,36.8047],[-86.25684,36.80619],[-86.25613,36.80632]]]}},{"type":"Feature","properties":{"kind":"minor-water","name":"Hurricane Creek","ftype":460,"lengthKm":1.43,"hu8":"05110002","pid":"56292183"},"geometry":{"type":"MultiLineString","coordinates":[[[-85.66026,36.59453],[-85.66139,36.59387],[-85.66379,36.59402],[-85.66482,36.59353],[-85.66558,36.59379],[-85.66663,36.5937],[-85.66801,36.5946],[-85.66956,36.59486],[-85.67019,36.5961],[-85.67047,36.59797],[-85.6714,36.59916]]]}},{"type":"Feature","properties":{"kind":"minor-water","name":"Davis Branch","ftype":460,"lengthKm":0.87,"hu8":"05110002","pid":"56294082"},"geometry":{"type":"MultiLineString","coordinates":[[[-86.22716,36.57221],[-86.22492,36.57206],[-86.22153,36.57272],[-86.21759,36.57228]]]}},{"type":"Feature","properties":{"kind":"minor-water","name":"Morrison Branch","ftype":460,"lengthKm":0.96,"hu8":"05110002","pid":"56294303"},"geometry":{"type":"MultiLineString","coordinates":[[[-86.19102,36.55676],[-86.19207,36.55979],[-86.19165,36.56132],[-86.19219,36.56263],[-86.19121,36.56507]]]}},{"type":"Feature","properties":{"kind":"minor-water","name":"Beaver Creek","ftype":558,"lengthKm":2.23,"hu8":"05110002","pid":"56286764"},"geometry":{"type":"MultiLineString","coordinates":[[[-85.95402,37.02646],[-85.95434,37.02578],[-85.95485,37.02559],[-85.95934,37.02521],[-85.96049,37.02557],[-85.9633,37.0248],[-85.96411,37.02532],[-85.96496,37.0265],[-85.96718,37.02766],[-85.96871,37.02804],[-85.97108,37.02761],[-85.97201,37.0286],[-85.97526,37.03037]]]}},{"type":"Feature","properties":{"kind":"minor-water","name":"Gasper River","ftype":558,"lengthKm":0.92,"hu8":"05110002","pid":"56287136"},"geometry":{"type":"MultiLineString","coordinates":[[[-86.60104,37.0418],[-86.60106,37.04586],[-86.59983,37.04676],[-86.59778,37.04679],[-86.59649,37.04751]]]}},{"type":"Feature","properties":{"kind":"minor-water","name":"Beaver Creek","ftype":558,"lengthKm":0.9,"hu8":"05110002","pid":"56287327"},"geometry":{"type":"MultiLineString","coordinates":[[[-85.98245,36.98001],[-85.98569,36.98131],[-85.98707,36.98145],[-85.98775,36.98033],[-85.98784,36.97749]]]}},{"type":"Feature","properties":{"kind":"minor-water","name":"Brushy Fork","ftype":558,"lengthKm":0.05,"hu8":"05110002","pid":"56287385"},"geometry":{"type":"MultiLineString","coordinates":[[[-86.09668,36.98081],[-86.09719,36.98091]]]}},{"type":"Feature","properties":{"kind":"minor-water","name":"Barren River","ftype":558,"lengthKm":2,"hu8":"05110002","pid":"56287203"},"geometry":{"type":"MultiLineString","coordinates":[[[-86.45631,37.02577],[-86.4551,37.02665],[-86.45325,37.02902],[-86.45205,37.03167],[-86.45188,37.03346],[-86.45327,37.03486],[-86.45604,37.03607],[-86.45767,37.03714],[-86.46169,37.03626]]]}},{"type":"Feature","properties":{"kind":"minor-water","name":"Barren River","ftype":558,"lengthKm":2.2,"hu8":"05110002","pid":"56287536"},"geometry":{"type":"MultiLineString","coordinates":[[[-86.36547,36.98383],[-86.36166,36.98552],[-86.36101,36.98614],[-86.36442,36.9903],[-86.36769,36.99175],[-86.37046,36.99222],[-86.37212,36.99215],[-86.37678,36.99079]]]}},{"type":"Feature","properties":{"kind":"minor-water","name":"Indian Creek","ftype":558,"lengthKm":0.08,"hu8":"05110002","pid":"56291068"},"geometry":{"type":"MultiLineString","coordinates":[[[-85.95607,36.69451],[-85.95701,36.69444]]]}},{"type":"Feature","properties":{"kind":"minor-water","name":"Indian Creek","ftype":460,"lengthKm":0.1,"hu8":"05110002","pid":"56291056"},"geometry":{"type":"MultiLineString","coordinates":[[[-85.94154,36.69514],[-85.94234,36.6945]]]}},{"type":"Feature","properties":{"kind":"minor-water","name":"Snake Creek","ftype":460,"lengthKm":3.54,"hu8":"05110002","pid":"10c0e6cb-8980-4e74-9955-c15859b45436"},"geometry":{"type":"MultiLineString","coordinates":[[[-86.16525,36.6612],[-86.16814,36.66306],[-86.16873,36.66525],[-86.16941,36.66579],[-86.17117,36.66635],[-86.17339,36.66649],[-86.17548,36.66627],[-86.17685,36.66656],[-86.17824,36.6664],[-86.17996,36.66662],[-86.18224,36.66749],[-86.18314,36.66826],[-86.18482,36.66748],[-86.18604,36.66932],[-86.18662,36.66944],[-86.18827,36.6691],[-86.19007,36.66944],[-86.19119,36.67107],[-86.19281,36.67131],[-86.19481,36.67118],[-86.19675,36.67291]]]}},{"type":"Feature","properties":{"kind":"minor-water","name":"Gardner Creek","ftype":460,"lengthKm":3.23,"hu8":"05110002","pid":"56286538"},"geometry":{"type":"MultiLineString","coordinates":[[[-86.09815,37.05626],[-86.09914,37.05885],[-86.10152,37.06026],[-86.10187,37.06132],[-86.10248,37.06188],[-86.10344,37.06213],[-86.10443,37.06361],[-86.10569,37.0644],[-86.10819,37.06481],[-86.10921,37.06562],[-86.10712,37.06696],[-86.10546,37.06705],[-86.10179,37.07059],[-86.10056,37.07065],[-86.0999,37.07132],[-86.10229,37.07469],[-86.10153,37.0755],[-86.10175,37.07586]]]}},{"type":"Feature","properties":{"kind":"minor-water","name":"Cane Ridge Creek","ftype":460,"lengthKm":0.54,"hu8":"05110002","pid":"56287110"},"geometry":{"type":"MultiLineString","coordinates":[[[-86.72011,37.05371],[-86.71886,37.05418],[-86.7159,37.05638],[-86.71522,37.05636]]]}},{"type":"Feature","properties":{"kind":"minor-water","name":"Cane Ridge Creek","ftype":460,"lengthKm":0.24,"hu8":"05110002","pid":"56287120"},"geometry":{"type":"MultiLineString","coordinates":[[[-86.72252,37.05304],[-86.72153,37.05293],[-86.72011,37.05371]]]}},{"type":"Feature","properties":{"kind":"minor-water","name":"Nobob Creek","ftype":460,"lengthKm":0.53,"hu8":"05110002","pid":"56288835"},"geometry":{"type":"MultiLineString","coordinates":[[[-85.67892,36.86483],[-85.67968,36.86544],[-85.68094,36.86543],[-85.68449,36.8661]]]}},{"type":"Feature","properties":{"kind":"minor-water","name":"Payne Branch","ftype":460,"lengthKm":1.24,"hu8":"05110002","pid":"56289955"},"geometry":{"type":"MultiLineString","coordinates":[[[-85.94004,36.79779],[-85.93929,36.80049],[-85.93955,36.80136],[-85.94015,36.80156],[-85.94027,36.80206],[-85.9402,36.80369],[-85.93974,36.80463],[-85.93858,36.80555],[-85.93744,36.80532],[-85.93688,36.80572],[-85.93571,36.80593]]]}},{"type":"Feature","properties":{"kind":"minor-water","name":"Bays Fork","ftype":460,"lengthKm":0.81,"hu8":"05110002","pid":"56290080"},"geometry":{"type":"MultiLineString","coordinates":[[[-86.24033,36.81203],[-86.2423,36.8143],[-86.24398,36.81458],[-86.24537,36.81445],[-86.24787,36.81489]]]}},{"type":"Feature","properties":{"kind":"minor-water","name":"Peter Creek","ftype":460,"lengthKm":0.02,"hu8":"05110002","pid":"56290090"},"geometry":{"type":"MultiLineString","coordinates":[[[-85.7995,36.77501],[-85.79956,36.77486]]]}},{"type":"Feature","properties":{"kind":"minor-water","name":"Walnut Creek","ftype":460,"lengthKm":2.21,"hu8":"05110002","pid":"56290274"},"geometry":{"type":"MultiLineString","coordinates":[[[-86.1081,36.78249],[-86.10795,36.78311],[-86.10717,36.78342],[-86.1071,36.78383],[-86.10633,36.78397],[-86.10532,36.78543],[-86.10459,36.78784],[-86.10303,36.78885],[-86.10255,36.78975],[-86.10193,36.78999],[-86.09827,36.7964],[-86.09534,36.79848]]]}},{"type":"Feature","properties":{"kind":"minor-water","name":"Bays Fork","ftype":460,"lengthKm":1.07,"hu8":"05110002","pid":"56290443"},"geometry":{"type":"MultiLineString","coordinates":[[[-86.1694,36.77239],[-86.16994,36.77395],[-86.17063,36.77467],[-86.17171,36.77447],[-86.17158,36.77349],[-86.17186,36.77305],[-86.1732,36.77356],[-86.1752,36.77672]]]}},{"type":"Feature","properties":{"kind":"minor-water","name":"Rhoden Creek","ftype":460,"lengthKm":0.9,"hu8":"05110002","pid":"56290791"},"geometry":{"type":"MultiLineString","coordinates":[[[-86.10601,36.73812],[-86.10456,36.73763],[-86.10337,36.73635],[-86.10184,36.7357],[-86.09995,36.7338],[-86.09878,36.73334],[-86.09839,36.73352]]]}},{"type":"Feature","properties":{"kind":"minor-water","name":"Middle Fork Drakes Creek","ftype":460,"lengthKm":0.25,"hu8":"05110002","pid":"56294018"},"geometry":{"type":"MultiLineString","coordinates":[[[-86.32899,36.58342],[-86.32905,36.58563]]]}},{"type":"Feature","properties":{"kind":"minor-water","name":"Line Creek","ftype":460,"lengthKm":1.11,"hu8":"05110002","pid":"56292130"},"geometry":{"type":"MultiLineString","coordinates":[[[-85.77271,36.60632],[-85.77412,36.6069],[-85.77628,36.60603],[-85.7776,36.60618],[-85.77959,36.60856],[-85.78066,36.61124]]]}},{"type":"Feature","properties":{"kind":"minor-water","name":"Wilson Branch","ftype":460,"lengthKm":0.24,"hu8":"05110002","pid":"56293755"},"geometry":{"type":"MultiLineString","coordinates":[[[-85.79147,36.54946],[-85.79073,36.55045],[-85.78977,36.55106]]]}},{"type":"Feature","properties":{"kind":"minor-water","name":"Long Fork","ftype":460,"lengthKm":0.4,"hu8":"05110002","pid":"56295129"},"geometry":{"type":"MultiLineString","coordinates":[[[-85.91776,36.46095],[-85.92205,36.46204]]]}},{"type":"Feature","properties":{"kind":"minor-water","name":"West Fork Drakes Creek","ftype":460,"lengthKm":0.63,"hu8":"05110002","pid":"56295162"},"geometry":{"type":"MultiLineString","coordinates":[[[-86.46611,36.48011],[-86.4678,36.4839],[-86.46758,36.48441],[-86.46812,36.48542]]]}},{"type":"Feature","properties":{"kind":"minor-water","name":"Glover Creek","ftype":558,"lengthKm":0.53,"hu8":"05110002","pid":"56288554"},"geometry":{"type":"MultiLineString","coordinates":[[[-85.83315,36.89388],[-85.83424,36.89512],[-85.83625,36.89555],[-85.83717,36.89698]]]}},{"type":"Feature","properties":{"kind":"minor-water","name":"Clear Fork Creek","ftype":558,"lengthKm":1.31,"hu8":"05110002","pid":"56288845"},"geometry":{"type":"MultiLineString","coordinates":[[[-86.64169,36.94291],[-86.64181,36.94409],[-86.64096,36.94477],[-86.6412,36.94671],[-86.6378,36.94901],[-86.63985,36.95057],[-86.64038,36.95234]]]}},{"type":"Feature","properties":{"kind":"minor-water","name":"Peter Creek","ftype":558,"lengthKm":0.04,"hu8":"05110002","pid":"56289739"},"geometry":{"type":"MultiLineString","coordinates":[[[-85.95359,36.81845],[-85.95387,36.81873]]]}},{"type":"Feature","properties":{"kind":"minor-water","name":"Figure Eight Branch","ftype":460,"lengthKm":3.61,"hu8":"05110002","pid":"56291795"},"geometry":{"type":"MultiLineString","coordinates":[[[-85.97002,36.63942],[-85.9687,36.64048],[-85.96794,36.64189],[-85.96815,36.6436],[-85.96666,36.64781],[-85.96691,36.64943],[-85.96729,36.65019],[-85.96835,36.65073],[-85.96839,36.65164],[-85.96926,36.65251],[-85.96931,36.65351],[-85.97118,36.65544],[-85.9711,36.65685],[-85.97211,36.65922],[-85.97238,36.66148],[-85.97579,36.6655],[-85.97999,36.66582]]]}},{"type":"Feature","properties":{"kind":"minor-water","name":"Snake Creek","ftype":460,"lengthKm":2.04,"hu8":"05110002","pid":"386b2b25-875d-41be-9758-680c3ac3efc7"},"geometry":{"type":"MultiLineString","coordinates":[[[-86.19675,36.67291],[-86.19767,36.67477],[-86.19939,36.67537],[-86.20006,36.67598],[-86.20346,36.67659],[-86.20353,36.67704],[-86.20412,36.6772],[-86.20494,36.67703],[-86.20602,36.67792],[-86.20999,36.67855],[-86.21202,36.67931],[-86.21607,36.68002]]]}},{"type":"Feature","properties":{"kind":"minor-water","name":"Mill Creek","ftype":460,"lengthKm":0.58,"hu8":"05110002","pid":"56291214"},"geometry":{"type":"MultiLineString","coordinates":[[[-85.74024,36.66512],[-85.74221,36.66422],[-85.74622,36.66529]]]}},{"type":"Feature","properties":{"kind":"minor-water","name":"Boyds Creek","ftype":460,"lengthKm":2.11,"hu8":"05110002","pid":"56287720"},"geometry":{"type":"MultiLineString","coordinates":[[[-85.89115,36.94261],[-85.89437,36.94256],[-85.89552,36.94177],[-85.89806,36.94308],[-85.89887,36.94291],[-85.8996,36.94322],[-85.90077,36.94288],[-85.9028,36.94388],[-85.9032,36.94438],[-85.90515,36.94455],[-85.90751,36.94582],[-85.9084,36.94694],[-85.90848,36.94753],[-85.90965,36.94833],[-85.91082,36.94819]]]}},{"type":"Feature","properties":{"kind":"minor-water","name":"Little Muddy Creek","ftype":460,"lengthKm":0.31,"hu8":"05110002","pid":"56286317"},"geometry":{"type":"MultiLineString","coordinates":[[[-86.69028,37.13881],[-86.69087,37.14037],[-86.69203,37.14113]]]}},{"type":"Feature","properties":{"kind":"minor-water","name":"Neils Creek","ftype":460,"lengthKm":1.31,"hu8":"05110002","pid":"56287464"},"geometry":{"type":"MultiLineString","coordinates":[[[-86.69023,37.03239],[-86.68953,37.03144],[-86.68945,37.03025],[-86.68899,37.02959],[-86.68899,37.02765],[-86.68966,37.02571],[-86.6897,37.0237],[-86.68934,37.02292],[-86.69029,37.02109]]]}},{"type":"Feature","properties":{"kind":"minor-water","name":"Dutch Creek","ftype":460,"lengthKm":0.97,"hu8":"05110002","pid":"56293751"},"geometry":{"type":"MultiLineString","coordinates":[[[-86.30972,36.59272],[-86.31031,36.59442],[-86.31551,36.60003]]]}},{"type":"Feature","properties":{"kind":"minor-water","name":"Falling Timber Creek","ftype":460,"lengthKm":0.61,"hu8":"05110002","pid":"56287572"},"geometry":{"type":"MultiLineString","coordinates":[[[-85.72711,36.94516],[-85.72977,36.94488],[-85.73092,36.94313],[-85.73205,36.94209]]]}},{"type":"Feature","properties":{"kind":"minor-water","name":"Lick Branch","ftype":460,"lengthKm":2.42,"hu8":"05110002","pid":"56289043"},"geometry":{"type":"MultiLineString","coordinates":[[[-86.17033,36.88953],[-86.16831,36.88903],[-86.16697,36.88931],[-86.16593,36.88862],[-86.1647,36.88867],[-86.16337,36.8883],[-86.16285,36.88866],[-86.1615,36.88884],[-86.16079,36.88933],[-86.16021,36.88928],[-86.1568,36.89037],[-86.15541,36.8913],[-86.15216,36.89114],[-86.15158,36.89138],[-86.15004,36.8913],[-86.14768,36.89041],[-86.14675,36.89042],[-86.14555,36.88953]]]}},{"type":"Feature","properties":{"kind":"minor-water","name":"Skaggs Creek","ftype":460,"lengthKm":0.79,"hu8":"05110002","pid":"56289639"},"geometry":{"type":"MultiLineString","coordinates":[[[-85.70962,36.806],[-85.71079,36.80574],[-85.71219,36.80597],[-85.71365,36.80578],[-85.71524,36.80641],[-85.71649,36.80611],[-85.71819,36.80629]]]}},{"type":"Feature","properties":{"kind":"minor-water","name":"Mill Creek","ftype":460,"lengthKm":0.46,"hu8":"05110002","pid":"56291233"},"geometry":{"type":"MultiLineString","coordinates":[[[-85.67358,36.65769],[-85.67428,36.65866],[-85.67677,36.65845],[-85.67795,36.65807]]]}},{"type":"Feature","properties":{"kind":"minor-water","name":"Sweetwater Creek","ftype":460,"lengthKm":2.33,"hu8":"05110002","pid":"56291598"},"geometry":{"type":"MultiLineString","coordinates":[[[-85.64902,36.63166],[-85.65063,36.63207],[-85.65115,36.63189],[-85.65365,36.63398],[-85.65503,36.63375],[-85.65581,36.63416],[-85.65796,36.63445],[-85.65923,36.63375],[-85.66037,36.63412],[-85.66092,36.63356],[-85.66209,36.63353],[-85.66232,36.63282],[-85.66455,36.63156],[-85.66557,36.63162],[-85.66604,36.63104],[-85.66694,36.63087],[-85.66684,36.63043],[-85.66804,36.62965],[-85.6703,36.62909]]]}},{"type":"Feature","properties":{"kind":"minor-water","name":"Sharps Branch","ftype":460,"lengthKm":1.27,"hu8":"05110002","pid":"56291909"},"geometry":{"type":"MultiLineString","coordinates":[[[-86.59417,36.69123],[-86.59141,36.68909],[-86.58939,36.6887],[-86.58828,36.68794],[-86.58787,36.68599],[-86.58708,36.68573],[-86.5871,36.68511],[-86.58599,36.68462],[-86.58512,36.68364]]]}},{"type":"Feature","properties":{"kind":"minor-water","name":"West Fork Drakes Creek","ftype":460,"lengthKm":1.2,"hu8":"05110002","pid":"56295166"},"geometry":{"type":"MultiLineString","coordinates":[[[-86.47264,36.4716],[-86.47029,36.47212],[-86.46959,36.4729],[-86.46754,36.47679],[-86.46649,36.47802],[-86.46611,36.48011]]]}},{"type":"Feature","properties":{"kind":"minor-water","name":"Little Trace Creek","ftype":460,"lengthKm":0.31,"hu8":"05110002","pid":"56292800"},"geometry":{"type":"MultiLineString","coordinates":[[[-85.72354,36.5764],[-85.72515,36.57737],[-85.72568,36.57847]]]}},{"type":"Feature","properties":{"kind":"minor-water","name":"Town Creek","ftype":460,"lengthKm":0.71,"hu8":"05110002","pid":"56294562"},"geometry":{"type":"MultiLineString","coordinates":[[[-86.00779,36.52417],[-86.00533,36.52393],[-86.00442,36.52413],[-86.00388,36.52464],[-86.00359,36.52624],[-86.00226,36.527]]]}},{"type":"Feature","properties":{"kind":"minor-water","name":"West Fork Drakes Creek","ftype":460,"lengthKm":0.21,"hu8":"05110002","pid":"56294732"},"geometry":{"type":"MultiLineString","coordinates":[[[-86.47012,36.54946],[-86.46784,36.54999]]]}},{"type":"Feature","properties":{"kind":"minor-water","name":"Mooningham Branch","ftype":460,"lengthKm":1.42,"hu8":"05110002","pid":"56294780"},"geometry":{"type":"MultiLineString","coordinates":[[[-86.09104,36.51518],[-86.09017,36.51895],[-86.08949,36.52031],[-86.08995,36.52197],[-86.08975,36.52384],[-86.08939,36.52444],[-86.08844,36.52502],[-86.0872,36.52707]]]}},{"type":"Feature","properties":{"kind":"minor-water","name":"Middle Fork Drakes Creek","ftype":460,"lengthKm":1.19,"hu8":"05110002","pid":"56294789"},"geometry":{"type":"MultiLineString","coordinates":[[[-86.3316,36.53345],[-86.32974,36.53614],[-86.32966,36.53711],[-86.32907,36.53819],[-86.32915,36.53972],[-86.32812,36.5436]]]}},{"type":"Feature","properties":{"kind":"minor-water","name":"Thompson Branch","ftype":558,"lengthKm":0.01,"hu8":"05110002","pid":"56292231"},"geometry":{"type":"MultiLineString","coordinates":[[[-86.50065,36.66113],[-86.50066,36.66123]]]}},{"type":"Feature","properties":{"kind":"minor-water","name":"Salt Lick Creek","ftype":558,"lengthKm":0.81,"hu8":"05110002","pid":"56293214"},"geometry":{"type":"MultiLineString","coordinates":[[[-85.87396,36.57596],[-85.87246,36.57852],[-85.87072,36.58015],[-85.87011,36.5815],[-85.86936,36.58209]]]}},{"type":"Feature","properties":{"kind":"minor-water","name":"Clifty Creek","ftype":460,"lengthKm":0.2,"hu8":"05110002","pid":"56286609"},"geometry":{"type":"MultiLineString","coordinates":[[[-86.6066,37.09165],[-86.60561,37.09202],[-86.60485,37.09275]]]}},{"type":"Feature","properties":{"kind":"minor-water","name":"Stratton Branch","ftype":558,"lengthKm":0.1,"hu8":"05110002","pid":"56294410"},"geometry":{"type":"MultiLineString","coordinates":[[[-86.12035,36.5447],[-86.11969,36.54542]]]}},{"type":"Feature","properties":{"kind":"minor-water","name":"East Fork Barren River","ftype":460,"lengthKm":0.58,"hu8":"05110002","pid":"56290127"},"geometry":{"type":"MultiLineString","coordinates":[[[-85.6724,36.76522],[-85.67461,36.76396],[-85.67577,36.76102]]]}},{"type":"Feature","properties":{"kind":"minor-water","name":"East Fork Barren River","ftype":460,"lengthKm":0.35,"hu8":"05110002","pid":"56290150"},"geometry":{"type":"MultiLineString","coordinates":[[[-85.67577,36.76102],[-85.67751,36.75823]]]}},{"type":"Feature","properties":{"kind":"minor-water","name":"Trammel Creek","ftype":558,"lengthKm":0.34,"hu8":"05110002","pid":"67f3177b-59db-4a39-a185-fb701c70c5a3"},"geometry":{"type":"MultiLineString","coordinates":[[[-86.33082,36.80097],[-86.33451,36.80158]]]}},{"type":"Feature","properties":{"kind":"minor-water","name":"Boyds Creek","ftype":460,"lengthKm":1.86,"hu8":"05110002","pid":"56287691"},"geometry":{"type":"MultiLineString","coordinates":[[[-85.8827,36.95643],[-85.88258,36.95542],[-85.88328,36.95418],[-85.88482,36.95308],[-85.88587,36.95305],[-85.88721,36.95062],[-85.88696,36.94946],[-85.88741,36.94869],[-85.88691,36.94804],[-85.88726,36.94716],[-85.89115,36.94261]]]}},{"type":"Feature","properties":{"kind":"minor-water","name":"Nobob Creek","ftype":460,"lengthKm":0.01,"hu8":"05110002","pid":"56289052"},"geometry":{"type":"MultiLineString","coordinates":[[[-85.77538,36.85529],[-85.77546,36.85527]]]}},{"type":"Feature","properties":{"kind":"minor-water","name":"Bays Fork","ftype":460,"lengthKm":4.16,"hu8":"05110002","pid":"56290094"},"geometry":{"type":"MultiLineString","coordinates":[[[-86.2633,36.8133],[-86.26699,36.81556],[-86.26904,36.81597],[-86.27022,36.81653],[-86.27068,36.81752],[-86.27083,36.82091],[-86.27468,36.8218],[-86.27596,36.82102],[-86.27757,36.82193],[-86.27952,36.82235],[-86.28191,36.82382],[-86.28341,36.8254],[-86.28425,36.82544],[-86.28542,36.82683],[-86.28544,36.8277],[-86.2842,36.82928],[-86.28323,36.83163],[-86.2829,36.83335],[-86.28317,36.83417],[-86.28033,36.83417],[-86.27802,36.83364]]]}},{"type":"Feature","properties":{"kind":"minor-water","name":"Dry Creek","ftype":460,"lengthKm":0.35,"hu8":"05110002","pid":"56291136"},"geometry":{"type":"MultiLineString","coordinates":[[[-86.09757,36.70304],[-86.09476,36.70226],[-86.09406,36.70176]]]}},{"type":"Feature","properties":{"kind":"minor-water","name":"Hinton Branch","ftype":460,"lengthKm":3.41,"hu8":"05110002","pid":"56292008"},"geometry":{"type":"MultiLineString","coordinates":[[[-86.29045,36.65467],[-86.28954,36.6555],[-86.28559,36.65654],[-86.28342,36.66032],[-86.28051,36.66016],[-86.2785,36.66089],[-86.27688,36.66069],[-86.27486,36.66111],[-86.26819,36.66057],[-86.26767,36.66025],[-86.26355,36.66028],[-86.26038,36.66086],[-86.25785,36.65991],[-86.25667,36.65999]]]}},{"type":"Feature","properties":{"kind":"minor-water","name":"Bean Branch","ftype":460,"lengthKm":0.6,"hu8":"05110002","pid":"56294182"},"geometry":{"type":"MultiLineString","coordinates":[[[-85.75245,36.52725],[-85.75485,36.52888],[-85.75682,36.53125]]]}},{"type":"Feature","properties":{"kind":"minor-water","name":"Town Creek","ftype":460,"lengthKm":1.25,"hu8":"05110002","pid":"56294613"},"geometry":{"type":"MultiLineString","coordinates":[[[-86.02685,36.52285],[-86.02654,36.5222],[-86.02588,36.52209],[-86.02338,36.52345],[-86.02139,36.52405],[-86.01894,36.52424],[-86.01766,36.52399],[-86.015,36.52467],[-86.01429,36.52454]]]}},{"type":"Feature","properties":{"kind":"minor-water","name":"West Fork Long Creek","ftype":460,"lengthKm":2.05,"hu8":"05110002","pid":"56294807"},"geometry":{"type":"MultiLineString","coordinates":[[[-86.17339,36.51917],[-86.17219,36.52064],[-86.17155,36.5221],[-86.17207,36.5238],[-86.17077,36.52573],[-86.17053,36.53033],[-86.16989,36.53088],[-86.17008,36.53283],[-86.16918,36.5346],[-86.16782,36.53622]]]}},{"type":"Feature","properties":{"kind":"minor-water","name":"Barren River","ftype":558,"lengthKm":0.74,"hu8":"05110002","pid":"56287225"},"geometry":{"type":"MultiLineString","coordinates":[[[-86.46359,37.02563],[-86.4618,37.02454],[-86.4602,37.0242],[-86.45842,37.02455],[-86.45631,37.02577]]]}},{"type":"Feature","properties":{"kind":"minor-water","name":"Gasper River","ftype":558,"lengthKm":0.47,"hu8":"05110002","pid":"56287897"},"geometry":{"type":"MultiLineString","coordinates":[[[-86.65959,36.99435],[-86.65545,36.99175]]]}},{"type":"Feature","properties":{"kind":"minor-water","name":"Skaggs Creek","ftype":558,"lengthKm":0.22,"hu8":"05110002","pid":"56288059"},"geometry":{"type":"MultiLineString","coordinates":[[[-85.96624,36.92683],[-85.96749,36.92667],[-85.96852,36.92719]]]}},{"type":"Feature","properties":{"kind":"minor-water","name":"Glover Creek","ftype":558,"lengthKm":1.22,"hu8":"05110002","pid":"56288151"},"geometry":{"type":"MultiLineString","coordinates":[[[-85.85636,36.91269],[-85.8582,36.91453],[-85.85949,36.91481],[-85.86131,36.91467],[-85.86421,36.9157],[-85.86479,36.91718],[-85.86652,36.91863]]]}},{"type":"Feature","properties":{"kind":"minor-water","name":"Trammel Creek","ftype":558,"lengthKm":1.94,"hu8":"05110002","pid":"56289864"},"geometry":{"type":"MultiLineString","coordinates":[[[-86.34855,36.8461],[-86.34883,36.8474],[-86.3499,36.84833],[-86.35346,36.84911],[-86.35623,36.84916],[-86.35805,36.8485],[-86.35984,36.84727],[-86.36042,36.8464],[-86.36163,36.84268],[-86.3632,36.84218]]]}},{"type":"Feature","properties":{"kind":"minor-water","name":"Smyrna Creek","ftype":460,"lengthKm":1.59,"hu8":"05110002","pid":"56292035"},"geometry":{"type":"MultiLineString","coordinates":[[[-86.38031,36.6609],[-86.38325,36.6641],[-86.38341,36.66528],[-86.38474,36.66718],[-86.38738,36.66998],[-86.38909,36.67077],[-86.3901,36.67244]]]}},{"type":"Feature","properties":{"kind":"minor-water","name":"Trace Creek","ftype":460,"lengthKm":1.65,"hu8":"05110002","pid":"56290547"},"geometry":{"type":"MultiLineString","coordinates":[[[-86.0077,36.74447],[-86.01028,36.74514],[-86.01385,36.74667],[-86.01534,36.74674],[-86.01736,36.74614],[-86.02224,36.75],[-86.02342,36.75027]]]}},{"type":"Feature","properties":{"kind":"minor-water","name":"Little Beaver Creek","ftype":460,"lengthKm":0.31,"hu8":"05110002","pid":"56286868"},"geometry":{"type":"MultiLineString","coordinates":[[[-86.0116,37.02164],[-86.0093,37.02097],[-86.0083,37.0211]]]}},{"type":"Feature","properties":{"kind":"minor-water","name":"Cane Ridge Creek","ftype":460,"lengthKm":0.35,"hu8":"05110002","pid":"56287073"},"geometry":{"type":"MultiLineString","coordinates":[[[-86.71522,37.05636],[-86.71359,37.0566],[-86.71334,37.05738],[-86.71276,37.0575],[-86.71255,37.05802]]]}},{"type":"Feature","properties":{"kind":"minor-water","name":"Barren River","ftype":460,"lengthKm":0.42,"hu8":"05110002","pid":"56288394"},"geometry":{"type":"MultiLineString","coordinates":[[[-86.32262,36.94282],[-86.32389,36.94289],[-86.32709,36.94384]]]}},{"type":"Feature","properties":{"kind":"minor-water","name":"Nobob Creek","ftype":460,"lengthKm":0.69,"hu8":"05110002","pid":"56288744"},"geometry":{"type":"MultiLineString","coordinates":[[[-85.70021,36.87247],[-85.70084,36.87257],[-85.7032,36.87193],[-85.70485,36.87181],[-85.70696,36.87174],[-85.70771,36.87211]]]}},{"type":"Feature","properties":{"kind":"minor-water","name":"Lancaster Branch","ftype":460,"lengthKm":1.7,"hu8":"05110002","pid":"56290614"},"geometry":{"type":"MultiLineString","coordinates":[[[-86.24545,36.75847],[-86.24659,36.75892],[-86.24793,36.76077],[-86.2502,36.76259],[-86.25125,36.76272],[-86.25246,36.76342],[-86.25466,36.76595],[-86.25688,36.76641],[-86.2581,36.76733],[-86.25961,36.7674]]]}},{"type":"Feature","properties":{"kind":"minor-water","name":"Long Hungry Creek","ftype":460,"lengthKm":0.65,"hu8":"05110002","pid":"56291507"},"geometry":{"type":"MultiLineString","coordinates":[[[-86.04869,36.67038],[-86.04845,36.67078],[-86.04767,36.67076],[-86.0474,36.67124],[-86.04654,36.67156],[-86.04507,36.67289],[-86.04533,36.67334],[-86.04409,36.67396]]]}},{"type":"Feature","properties":{"kind":"minor-water","name":"Little Trace Creek","ftype":460,"lengthKm":1.09,"hu8":"05110002","pid":"56292421"},"geometry":{"type":"MultiLineString","coordinates":[[[-85.74499,36.59212],[-85.74814,36.59469],[-85.748,36.59545],[-85.7469,36.59621],[-85.74684,36.59736],[-85.74636,36.59789],[-85.74709,36.59879],[-85.74875,36.59917]]]}},{"type":"Feature","properties":{"kind":"minor-water","name":"Thompson Branch","ftype":460,"lengthKm":1.14,"hu8":"05110002","pid":"56292675"},"geometry":{"type":"MultiLineString","coordinates":[[[-86.46338,36.64283],[-86.46711,36.64532],[-86.46757,36.64642],[-86.46747,36.64828],[-86.46998,36.65096]]]}},{"type":"Feature","properties":{"kind":"minor-water","name":"Sharps Branch","ftype":460,"lengthKm":1.97,"hu8":"05110002","pid":"56291796"},"geometry":{"type":"MultiLineString","coordinates":[[[-86.56493,36.68896],[-86.56459,36.68989],[-86.5648,36.69079],[-86.56434,36.69138],[-86.56183,36.69089],[-86.5601,36.69145],[-86.55887,36.6915],[-86.55823,36.69191],[-86.55669,36.69185],[-86.5555,36.69274],[-86.5543,36.69267],[-86.55252,36.69108],[-86.55157,36.69107],[-86.55104,36.69162],[-86.55017,36.69133],[-86.54872,36.69134],[-86.54777,36.69184]]]}},{"type":"Feature","properties":{"kind":"minor-water","name":"Sharps Branch","ftype":460,"lengthKm":1.76,"hu8":"05110002","pid":"56291914"},"geometry":{"type":"MultiLineString","coordinates":[[[-86.58119,36.68301],[-86.57881,36.68314],[-86.57557,36.68444],[-86.57149,36.68468],[-86.5705,36.68532],[-86.56947,36.68664],[-86.56767,36.68738],[-86.56622,36.68751],[-86.56589,36.6879],[-86.56619,36.68872],[-86.56493,36.68896]]]}},{"type":"Feature","properties":{"kind":"minor-water","name":"Thompson Branch","ftype":460,"lengthKm":1.84,"hu8":"05110002","pid":"56292463"},"geometry":{"type":"MultiLineString","coordinates":[[[-86.46998,36.65096],[-86.47162,36.65162],[-86.47546,36.65126],[-86.47644,36.65084],[-86.47732,36.651],[-86.48286,36.65344],[-86.48407,36.65514],[-86.48797,36.6563]]]}},{"type":"Feature","properties":{"kind":"minor-water","name":"Wilson Branch","ftype":460,"lengthKm":0.32,"hu8":"05110002","pid":"56293703"},"geometry":{"type":"MultiLineString","coordinates":[[[-85.78977,36.55106],[-85.78717,36.55298]]]}},{"type":"Feature","properties":{"kind":"minor-water","name":"Salt Lick Creek","ftype":460,"lengthKm":1.31,"hu8":"05110002","pid":"56294087"},"geometry":{"type":"MultiLineString","coordinates":[[[-85.85018,36.54054],[-85.85043,36.54242],[-85.85102,36.5428],[-85.85544,36.5419],[-85.85713,36.54273],[-85.85855,36.5439],[-85.85802,36.54622]]]}},{"type":"Feature","properties":{"kind":"minor-water","name":"Dry Fork Creek","ftype":460,"lengthKm":1.61,"hu8":"05110002","pid":"56294583"},"geometry":{"type":"MultiLineString","coordinates":[[[-86.43324,36.55787],[-86.43885,36.56286],[-86.43986,36.56558],[-86.4418,36.56632],[-86.44405,36.56892]]]}},{"type":"Feature","properties":{"kind":"minor-water","name":"Barren River","ftype":558,"lengthKm":3.7,"hu8":"05110002","pid":"56286693"},"geometry":{"type":"MultiLineString","coordinates":[[[-86.56046,37.09783],[-86.56368,37.09913],[-86.56504,37.09933],[-86.566,37.09875],[-86.56729,37.09687],[-86.56723,37.09528],[-86.56587,37.09173],[-86.56345,37.08778],[-86.56345,37.08512],[-86.56388,37.08387],[-86.56895,37.08174],[-86.57019,37.08168],[-86.57334,37.08243],[-86.577,37.08399],[-86.57788,37.08476]]]}},{"type":"Feature","properties":{"kind":"minor-water","name":"Falling Timber Creek","ftype":558,"lengthKm":0.77,"hu8":"05110002","pid":"56287893"},"geometry":{"type":"MultiLineString","coordinates":[[[-85.80262,36.92889],[-85.80379,36.92549],[-85.80673,36.92306]]]}},{"type":"Feature","properties":{"kind":"minor-water","name":"Barren River","ftype":558,"lengthKm":0.93,"hu8":"05110002","pid":"56288581"},"geometry":{"type":"MultiLineString","coordinates":[[[-86.17957,36.9257],[-86.18327,36.92334],[-86.18863,36.92171]]]}},{"type":"Feature","properties":{"kind":"minor-water","name":"Peter Creek","ftype":558,"lengthKm":0.99,"hu8":"05110002","pid":"56289847"},"geometry":{"type":"MultiLineString","coordinates":[[[-85.93852,36.81088],[-85.94168,36.81176],[-85.94582,36.80991],[-85.94875,36.80924]]]}},{"type":"Feature","properties":{"kind":"minor-water","name":"Long Creek","ftype":558,"lengthKm":1.47,"hu8":"05110002","pid":"56291209"},"geometry":{"type":"MultiLineString","coordinates":[[[-86.09018,36.70065],[-86.08798,36.69728],[-86.08715,36.69504],[-86.0858,36.69381],[-86.08479,36.6937],[-86.08249,36.69413],[-86.08082,36.6948],[-86.07987,36.69574]]]}},{"type":"Feature","properties":{"kind":"minor-water","name":"Salt Lick Creek","ftype":558,"lengthKm":1.7,"hu8":"05110002","pid":"56292373"},"geometry":{"type":"MultiLineString","coordinates":[[[-85.8851,36.61145],[-85.88487,36.61241],[-85.886,36.61412],[-85.88871,36.61477],[-85.88939,36.61469],[-85.89054,36.61373],[-85.89132,36.61138],[-85.89291,36.60848],[-85.89411,36.60711],[-85.8953,36.60733]]]}},{"type":"Feature","properties":{"kind":"minor-water","name":"Skaggs Creek","ftype":558,"lengthKm":0.91,"hu8":"05110002","pid":"56289024"},"geometry":{"type":"MultiLineString","coordinates":[[[-85.84705,36.86502],[-85.84957,36.86452],[-85.85245,36.86501],[-85.85402,36.86658],[-85.85469,36.86822]]]}},{"type":"Feature","properties":{"kind":"minor-water","name":"Boyds Creek","ftype":460,"lengthKm":0.22,"hu8":"05110002","pid":"56287584"},"geometry":{"type":"MultiLineString","coordinates":[[[-85.92798,36.95201],[-85.92958,36.95192],[-85.93024,36.95145]]]}},{"type":"Feature","properties":{"kind":"minor-water","name":"South Fork Beaver Creek","ftype":460,"lengthKm":0.5,"hu8":"05110002","pid":"56287268"},"geometry":{"type":"MultiLineString","coordinates":[[[-85.92049,36.97967],[-85.92534,36.97742]]]}},{"type":"Feature","properties":{"kind":"minor-water","name":"Chism Creek","ftype":460,"lengthKm":1.15,"hu8":"05110002","pid":"56288039"},"geometry":{"type":"MultiLineString","coordinates":[[[-86.59062,36.97784],[-86.59363,36.97942],[-86.59864,36.98255],[-86.59892,36.983],[-86.60122,36.98347]]]}},{"type":"Feature","properties":{"kind":"minor-water","name":"Skaggs Creek","ftype":460,"lengthKm":0.09,"hu8":"05110002","pid":"56289151"},"geometry":{"type":"MultiLineString","coordinates":[[[-85.66131,36.83912],[-85.6619,36.83849]]]}},{"type":"Feature","properties":{"kind":"minor-water","name":"Gasper River","ftype":460,"lengthKm":1,"hu8":"05110002","pid":"56289669"},"geometry":{"type":"MultiLineString","coordinates":[[[-86.73326,36.88704],[-86.7352,36.88878],[-86.73513,36.88935],[-86.73608,36.88978],[-86.73661,36.89273],[-86.73635,36.895]]]}},{"type":"Feature","properties":{"kind":"minor-water","name":"Peter Creek","ftype":460,"lengthKm":0.5,"hu8":"05110002","pid":"56290396"},"geometry":{"type":"MultiLineString","coordinates":[[[-85.82298,36.75013],[-85.82408,36.74964],[-85.82595,36.74971],[-85.82757,36.74902],[-85.82757,36.74854]]]}},{"type":"Feature","properties":{"kind":"minor-water","name":"Johns Creek","ftype":460,"lengthKm":0.48,"hu8":"05110002","pid":"56291006"},"geometry":{"type":"MultiLineString","coordinates":[[[-86.32277,36.73011],[-86.32277,36.73311],[-86.32346,36.73434]]]}},{"type":"Feature","properties":{"kind":"minor-water","name":"Grace Creek","ftype":460,"lengthKm":0.5,"hu8":"05110002","pid":"56293221"},"geometry":{"type":"MultiLineString","coordinates":[[[-86.51218,36.62796],[-86.5126,36.62829],[-86.51262,36.6296],[-86.51194,36.63117],[-86.51262,36.6321]]]}},{"type":"Feature","properties":{"kind":"minor-water","name":"Salt Lick Creek","ftype":460,"lengthKm":0.23,"hu8":"05110002","pid":"56294379"},"geometry":{"type":"MultiLineString","coordinates":[[[-85.84522,36.52332],[-85.84691,36.52369],[-85.84726,36.52431]]]}},{"type":"Feature","properties":{"kind":"minor-water","name":"Stratton Branch","ftype":460,"lengthKm":0.55,"hu8":"05110002","pid":"56294448"},"geometry":{"type":"MultiLineString","coordinates":[[[-86.12555,36.54279],[-86.12473,36.54323],[-86.12354,36.5433],[-86.12278,36.54385],[-86.12086,36.54397],[-86.12035,36.5447]]]}},{"type":"Feature","properties":{"kind":"minor-water","name":"Long Hungry Creek","ftype":460,"lengthKm":0.83,"hu8":"05110002","pid":"56294915"},"geometry":{"type":"MultiLineString","coordinates":[[[-85.89394,36.48679],[-85.89417,36.48817],[-85.8929,36.49038],[-85.89113,36.4919],[-85.89128,36.49348]]]}},{"type":"Feature","properties":{"kind":"minor-water","name":"Beaver Creek","ftype":558,"lengthKm":1.7,"hu8":"05110002","pid":"56287272"},"geometry":{"type":"MultiLineString","coordinates":[[[-85.9747,36.9897],[-85.97319,36.98969],[-85.97203,36.98934],[-85.97084,36.9885],[-85.97084,36.98772],[-85.97248,36.98642],[-85.97469,36.98531],[-85.98066,36.98381],[-85.98096,36.98335],[-85.98087,36.98172]]]}},{"type":"Feature","properties":{"kind":"minor-water","name":"Drakes Creek","ftype":558,"lengthKm":0,"hu8":"05110002","pid":"56287941"},"geometry":{"type":"MultiLineString","coordinates":[[[-86.38316,36.96815],[-86.3832,36.96817]]]}},{"type":"Feature","properties":{"kind":"minor-water","name":"Barren River","ftype":558,"lengthKm":0.42,"hu8":"05110002","pid":"56288102"},"geometry":{"type":"MultiLineString","coordinates":[[[-86.2592,36.94899],[-86.2594,36.94944],[-86.25793,36.95255]]]}},{"type":"Feature","properties":{"kind":"minor-water","name":"East Fork Barren River","ftype":558,"lengthKm":0.29,"hu8":"05110002","pid":"56290882"},"geometry":{"type":"MultiLineString","coordinates":[[[-85.77074,36.69786],[-85.77337,36.69639]]]}},{"type":"Feature","properties":{"kind":"minor-water","name":"Gasper River","ftype":558,"lengthKm":7.25,"hu8":"05110002","pid":"56286979"},"geometry":{"type":"MultiLineString","coordinates":[[[-86.58191,37.04772],[-86.57942,37.04911],[-86.57892,37.04967],[-86.5794,37.05053],[-86.58058,37.0507],[-86.58118,37.05111],[-86.58258,37.05274],[-86.58287,37.05355],[-86.5821,37.05505],[-86.57948,37.05738],[-86.57959,37.05829],[-86.58071,37.05896],[-86.58195,37.05915],[-86.58751,37.05859],[-86.59178,37.06103],[-86.59287,37.06216],[-86.59281,37.06333],[-86.59105,37.06432],[-86.58835,37.06487],[-86.58649,37.0644],[-86.58267,37.06454],[-86.57906,37.06328],[-86.5782,37.06326],[-86.57085,37.06823],[-86.56867,37.06905],[-86.56782,37.06864],[-86.5664,37.06662],[-86.56482,37.06313],[-86.56394,37.06283],[-86.56318,37.06344],[-86.5631,37.06442],[-86.56444,37.0706]]]}},{"type":"Feature","properties":{"kind":"minor-water","name":"Rock Quarry Branch","ftype":460,"lengthKm":3.47,"hu8":"05110002","pid":"56292270"},"geometry":{"type":"MultiLineString","coordinates":[[[-86.2921,36.64299],[-86.29136,36.64381],[-86.29106,36.6453],[-86.29045,36.6458],[-86.28942,36.64601],[-86.28869,36.64575],[-86.28749,36.64587],[-86.28698,36.64641],[-86.28529,36.64638],[-86.28271,36.64729],[-86.27939,36.64767],[-86.27408,36.65066],[-86.27233,36.6511],[-86.26945,36.65279],[-86.26726,36.65353],[-86.2617,36.65466],[-86.25868,36.65424]]]}},{"type":"Feature","properties":{"kind":"minor-water","name":"Big Branch","ftype":460,"lengthKm":1.02,"hu8":"05110002","pid":"56290724"},"geometry":{"type":"MultiLineString","coordinates":[[[-86.22686,36.75742],[-86.22737,36.75925],[-86.22906,36.76115],[-86.22895,36.76253],[-86.23008,36.766]]]}},{"type":"Feature","properties":{"kind":"minor-water","name":"Dry Branch","ftype":460,"lengthKm":0.34,"hu8":"05110002","pid":"56293178"},"geometry":{"type":"MultiLineString","coordinates":[[[-85.9303,36.58199],[-85.93113,36.58494]]]}},{"type":"Feature","properties":{"kind":"minor-water","name":"Town Creek","ftype":460,"lengthKm":0.41,"hu8":"05110002","pid":"56294510"},"geometry":{"type":"MultiLineString","coordinates":[[[-86.00226,36.527],[-85.99832,36.52889]]]}},{"type":"Feature","properties":{"kind":"minor-water","name":"Chism Creek","ftype":460,"lengthKm":1.31,"hu8":"05110002","pid":"56288182"},"geometry":{"type":"MultiLineString","coordinates":[[[-86.57577,36.97036],[-86.57662,36.97015],[-86.57715,36.97091],[-86.57699,36.97117],[-86.57824,36.97131],[-86.57846,36.97106],[-86.57872,36.97145],[-86.57916,36.97142],[-86.57958,36.97223],[-86.58038,36.97213],[-86.58102,36.97264],[-86.58114,36.97209],[-86.58227,36.97249],[-86.5828,36.97298],[-86.58265,36.97359],[-86.58319,36.97334],[-86.58324,36.97394],[-86.58479,36.97496]]]}},{"type":"Feature","properties":{"kind":"minor-water","name":"Nobob Creek","ftype":460,"lengthKm":0.07,"hu8":"05110002","pid":"56288730"},"geometry":{"type":"MultiLineString","coordinates":[[[-85.69948,36.87229],[-85.70021,36.87247]]]}},{"type":"Feature","properties":{"kind":"minor-water","name":"Sugar Creek","ftype":460,"lengthKm":0.86,"hu8":"05110002","pid":"56291177"},"geometry":{"type":"MultiLineString","coordinates":[[[-85.82941,36.68264],[-85.83241,36.67751],[-85.83261,36.67543]]]}},{"type":"Feature","properties":{"kind":"minor-water","name":"Malden Branch","ftype":460,"lengthKm":2.4,"hu8":"05110002","pid":"56293287"},"geometry":{"type":"MultiLineString","coordinates":[[[-86.07476,36.5903],[-86.07596,36.59079],[-86.07665,36.59154],[-86.0764,36.59295],[-86.0772,36.5945],[-86.07754,36.59758],[-86.07828,36.59854],[-86.08011,36.59958],[-86.08178,36.59971],[-86.08345,36.59915],[-86.08689,36.59977],[-86.09156,36.59878],[-86.09277,36.59881]]]}},{"type":"Feature","properties":{"kind":"minor-water","name":"Salt Lick Creek","ftype":460,"lengthKm":0.26,"hu8":"05110002","pid":"56294433"},"geometry":{"type":"MultiLineString","coordinates":[[[-85.84431,36.52059],[-85.84501,36.52287]]]}},{"type":"Feature","properties":{"kind":"minor-water","name":"Salt Lick Creek","ftype":460,"lengthKm":0.27,"hu8":"05110002","pid":"56294470"},"geometry":{"type":"MultiLineString","coordinates":[[[-85.84414,36.51814],[-85.84431,36.52059]]]}},{"type":"Feature","properties":{"kind":"minor-water","name":"Long Fork","ftype":460,"lengthKm":1.27,"hu8":"05110002","pid":"56294800"},"geometry":{"type":"MultiLineString","coordinates":[[[-85.93746,36.49752],[-85.937,36.49815],[-85.93734,36.50112],[-85.9389,36.50334],[-85.93913,36.50482],[-85.93768,36.5069],[-85.93625,36.50754]]]}},{"type":"Feature","properties":{"kind":"minor-water","name":"Barren River","ftype":558,"lengthKm":0.61,"hu8":"05110002","pid":"56287997"},"geometry":{"type":"MultiLineString","coordinates":[[[-86.25673,36.95411],[-86.25753,36.95502],[-86.25909,36.95572],[-86.26047,36.95586],[-86.26268,36.95544]]]}},{"type":"Feature","properties":{"kind":"minor-water","name":"Wiggington Creek","ftype":558,"lengthKm":0.17,"hu8":"05110002","pid":"56289746"},"geometry":{"type":"MultiLineString","coordinates":[[[-86.80968,36.88647],[-86.80791,36.88706]]]}},{"type":"Feature","properties":{"kind":"minor-water","name":"Salt Lick Creek","ftype":558,"lengthKm":0.58,"hu8":"05110002","pid":"56291585"},"geometry":{"type":"MultiLineString","coordinates":[[[-85.91806,36.65141],[-85.9186,36.65264],[-85.92066,36.65479],[-85.92132,36.65591]]]}},{"type":"Feature","properties":{"kind":"minor-water","name":"Salt Lick Creek","ftype":558,"lengthKm":0.59,"hu8":"05110002","pid":"56291626"},"geometry":{"type":"MultiLineString","coordinates":[[[-85.9163,36.64648],[-85.9161,36.64728],[-85.91644,36.64882],[-85.91806,36.65141]]]}},{"type":"Feature","properties":{"kind":"minor-water","name":"Salt Lick Creek","ftype":558,"lengthKm":0.76,"hu8":"05110002","pid":"56292276"},"geometry":{"type":"MultiLineString","coordinates":[[[-85.89946,36.6104],[-85.9011,36.61373],[-85.90074,36.61459],[-85.89977,36.61539],[-85.90018,36.61654]]]}},{"type":"Feature","properties":{"kind":"minor-water","name":"Long Fork","ftype":558,"lengthKm":0.5,"hu8":"05110002","pid":"56293610"},"geometry":{"type":"MultiLineString","coordinates":[[[-85.93973,36.56761],[-85.93706,36.56942],[-85.93685,36.57055],[-85.93719,36.57107]]]}},{"type":"Feature","properties":{"kind":"minor-water","name":"Beaver Creek","ftype":558,"lengthKm":0.92,"hu8":"05110002","pid":"56286683"},"geometry":{"type":"MultiLineString","coordinates":[[[-85.91132,37.03044],[-85.91281,37.02945],[-85.91433,37.03031],[-85.91671,37.03307],[-85.91677,37.03496]]]}},{"type":"Feature","properties":{"kind":"minor-water","name":"Little Muddy Creek","ftype":460,"lengthKm":0.49,"hu8":"05110002","pid":"56286819"},"geometry":{"type":"MultiLineString","coordinates":[[[-86.68751,37.07835],[-86.68643,37.07946],[-86.68718,37.08108],[-86.68655,37.08224]]]}},{"type":"Feature","properties":{"kind":"minor-water","name":"Neils Creek","ftype":460,"lengthKm":0.21,"hu8":"05110002","pid":"56287531"},"geometry":{"type":"MultiLineString","coordinates":[[[-86.69099,37.01787],[-86.69073,37.01713],[-86.69113,37.01666],[-86.69077,37.01619]]]}},{"type":"Feature","properties":{"kind":"minor-water","name":"Dry Creek","ftype":460,"lengthKm":0.79,"hu8":"05110002","pid":"56291244"},"geometry":{"type":"MultiLineString","coordinates":[[[-86.14314,36.69681],[-86.13985,36.69647],[-86.13821,36.69678],[-86.13676,36.69642],[-86.13442,36.69634]]]}},{"type":"Feature","properties":{"kind":"minor-water","name":"Finns River","ftype":460,"lengthKm":1.62,"hu8":"05110002","pid":"56291802"},"geometry":{"type":"MultiLineString","coordinates":[[[-86.22882,36.66039],[-86.23102,36.6638],[-86.2321,36.66405],[-86.23292,36.66493],[-86.23476,36.66535],[-86.23626,36.66676],[-86.23828,36.66733],[-86.23955,36.6683],[-86.24221,36.66895]]]}},{"type":"Feature","properties":{"kind":"minor-water","name":"Pinchgut Creek","ftype":460,"lengthKm":2.39,"hu8":"05110002","pid":"56291988"},"geometry":{"type":"MultiLineString","coordinates":[[[-86.06368,36.63719],[-86.06255,36.63796],[-86.05893,36.63769],[-86.05777,36.63846],[-86.05559,36.63844],[-86.05432,36.63968],[-86.05089,36.64074],[-86.04813,36.64031],[-86.04406,36.64105],[-86.04063,36.64021],[-86.03971,36.64061],[-86.0392,36.64023]]]}},{"type":"Feature","properties":{"kind":"minor-water","name":"Morrison Branch","ftype":460,"lengthKm":0.62,"hu8":"05110002","pid":"56294162"},"geometry":{"type":"MultiLineString","coordinates":[[[-86.19121,36.56507],[-86.19172,36.56533],[-86.19228,36.5663],[-86.19256,36.5695],[-86.19221,36.56988],[-86.19247,36.57016]]]}},{"type":"Feature","properties":{"kind":"minor-water","name":"Long Hungry Creek","ftype":460,"lengthKm":0.63,"hu8":"05110002","pid":"56294592"},"geometry":{"type":"MultiLineString","coordinates":[[[-85.88564,36.51194],[-85.88421,36.5137],[-85.88446,36.51724]]]}},{"type":"Feature","properties":{"kind":"minor-water","name":"Gasper River","ftype":558,"lengthKm":0.03,"hu8":"05110002","pid":"56286668"},"geometry":{"type":"MultiLineString","coordinates":[[[-86.57817,37.08477],[-86.57788,37.08476]]]}},{"type":"Feature","properties":{"kind":"minor-water","name":"West Fork Drakes Creek","ftype":558,"lengthKm":0.95,"hu8":"05110002","pid":"56291074"},"geometry":{"type":"MultiLineString","coordinates":[[[-86.55026,36.74207],[-86.55017,36.74344],[-86.55151,36.74606],[-86.55199,36.74841],[-86.55181,36.74913],[-86.55074,36.75]]]}},{"type":"Feature","properties":{"kind":"minor-water","name":"Long Fork","ftype":558,"lengthKm":0.97,"hu8":"05110002","pid":"56292927"},"geometry":{"type":"MultiLineString","coordinates":[[[-85.928,36.58934],[-85.92576,36.59248],[-85.92565,36.59447],[-85.92512,36.59557],[-85.92676,36.59698]]]}},{"type":"Feature","properties":{"kind":"minor-water","name":"Drakes Creek","ftype":558,"lengthKm":0.13,"hu8":"05110002","pid":"56289638"},"geometry":{"type":"MultiLineString","coordinates":[[[-86.3861,36.8621],[-86.38489,36.86144]]]}},{"type":"Feature","properties":{"kind":"minor-water","name":"Wattwood Branch","ftype":460,"lengthKm":2.33,"hu8":"05110002","pid":"56295070"},"geometry":{"type":"MultiLineString","coordinates":[[[-86.43323,36.51312],[-86.43714,36.51457],[-86.43781,36.51526],[-86.44032,36.51664],[-86.44144,36.51673],[-86.44304,36.51783],[-86.44418,36.51819],[-86.4472,36.51846],[-86.44805,36.51906],[-86.45078,36.51892],[-86.45142,36.51839],[-86.45232,36.51849],[-86.45448,36.51781],[-86.45589,36.5179],[-86.45647,36.51756]]]}},{"type":"Feature","properties":{"kind":"minor-water","name":"Little Sinking Creek","ftype":460,"lengthKm":0.79,"hu8":"05110002","pid":"56286896"},"geometry":{"type":"MultiLineString","coordinates":[[[-86.04581,37.02516],[-86.04749,37.02513],[-86.04848,37.02599],[-86.05092,37.02628],[-86.05253,37.02751],[-86.0525,37.02835]]]}},{"type":"Feature","properties":{"kind":"minor-water","name":"Skaggs Creek","ftype":460,"lengthKm":1.07,"hu8":"05110002","pid":"56289446"},"geometry":{"type":"MultiLineString","coordinates":[[[-85.76642,36.82571],[-85.76889,36.8278],[-85.77076,36.82861],[-85.77112,36.8298],[-85.77235,36.83067],[-85.77313,36.83081],[-85.7754,36.83028]]]}},{"type":"Feature","properties":{"kind":"minor-water","name":"Indian Creek","ftype":460,"lengthKm":1.34,"hu8":"05110002","pid":"66144d29-7367-4d2b-aa9d-c4584279370e"},"geometry":{"type":"MultiLineString","coordinates":[[[-85.81291,36.73049],[-85.81536,36.72829],[-85.81755,36.72743],[-85.81924,36.72608],[-85.82572,36.72524]]]}},{"type":"Feature","properties":{"kind":"minor-water","name":"Sinking Creek","ftype":460,"lengthKm":0.08,"hu8":"05110002","pid":"56287174"},"geometry":{"type":"MultiLineString","coordinates":[[[-86.08555,36.99854],[-86.08572,36.99892],[-86.08612,36.99896]]]}},{"type":"Feature","properties":{"kind":"minor-water","name":"Rose Creek","ftype":460,"lengthKm":0.17,"hu8":"05110002","pid":"56288754"},"geometry":{"type":"MultiLineString","coordinates":[[[-85.95756,36.8921],[-85.95854,36.89339]]]}},{"type":"Feature","properties":{"kind":"minor-water","name":"South Fork Beaver Creek","ftype":460,"lengthKm":2.39,"hu8":"05110002","pid":"56287071"},"geometry":{"type":"MultiLineString","coordinates":[[[-85.85212,36.9868],[-85.85187,36.98867],[-85.85215,36.98954],[-85.85475,36.99179],[-85.85392,36.99257],[-85.85368,36.99407],[-85.85273,36.99526],[-85.85287,36.99767],[-85.85515,36.99964],[-85.85577,37.00083],[-85.85579,37.00163],[-85.85701,37.00314],[-85.85949,37.00498]]]}},{"type":"Feature","properties":{"kind":"minor-water","name":"Falling Timber Creek","ftype":460,"lengthKm":0.33,"hu8":"05110002","pid":"56287787"},"geometry":{"type":"MultiLineString","coordinates":[[[-85.79905,36.92935],[-85.80008,36.92965],[-85.80255,36.92897]]]}},{"type":"Feature","properties":{"kind":"minor-water","name":"Indian Creek","ftype":460,"lengthKm":0.58,"hu8":"05110002","pid":"56290713"},"geometry":{"type":"MultiLineString","coordinates":[[[-85.88315,36.72352],[-85.88346,36.72328],[-85.88418,36.72351],[-85.88464,36.72315],[-85.88637,36.72299],[-85.88917,36.7235]]]}},{"type":"Feature","properties":{"kind":"minor-water","name":"Peter Creek","ftype":460,"lengthKm":0.04,"hu8":"05110002","pid":"56290082"},"geometry":{"type":"MultiLineString","coordinates":[[[-85.88038,36.78228],[-85.88051,36.7826]]]}},{"type":"Feature","properties":{"kind":"minor-water","name":"Little Trammel Creek","ftype":460,"lengthKm":0.11,"hu8":"05110002","pid":"56292776"},"geometry":{"type":"MultiLineString","coordinates":[[[-86.2674,36.62281],[-86.26775,36.62378]]]}},{"type":"Feature","properties":{"kind":"minor-water","name":"Caney Fork","ftype":460,"lengthKm":0.47,"hu8":"05110002","pid":"56289415"},"geometry":{"type":"MultiLineString","coordinates":[[[-85.91118,36.84097],[-85.9144,36.84143],[-85.91626,36.84083]]]}},{"type":"Feature","properties":{"kind":"minor-water","name":"Spring Creek","ftype":460,"lengthKm":0.52,"hu8":"05110002","pid":"56290779"},"geometry":{"type":"MultiLineString","coordinates":[[[-85.94502,36.7254],[-85.9461,36.72476],[-85.94752,36.72269],[-85.9489,36.72205]]]}},{"type":"Feature","properties":{"kind":"minor-water","name":"Bays Fork","ftype":460,"lengthKm":1.54,"hu8":"05110002","pid":"56289879"},"geometry":{"type":"MultiLineString","coordinates":[[[-86.27802,36.83364],[-86.27687,36.83387],[-86.27672,36.83534],[-86.27788,36.83604],[-86.27855,36.83705],[-86.28007,36.83689],[-86.28143,36.83634],[-86.28198,36.83569],[-86.28336,36.83539],[-86.28403,36.83596],[-86.28567,36.83552],[-86.28736,36.83564],[-86.28779,36.83607],[-86.28786,36.83676]]]}},{"type":"Feature","properties":{"kind":"minor-water","name":"Little Salt Lick Creek","ftype":460,"lengthKm":0.13,"hu8":"05110002","pid":"56293158"},"geometry":{"type":"MultiLineString","coordinates":[[[-85.82929,36.57401],[-85.83025,36.5749]]]}},{"type":"Feature","properties":{"kind":"minor-water","name":"Clifty Creek","ftype":460,"lengthKm":0.12,"hu8":"05110002","pid":"56293570"},"geometry":{"type":"MultiLineString","coordinates":[[[-86.1234,36.58437],[-86.12211,36.58464]]]}},{"type":"Feature","properties":{"kind":"minor-water","name":"Little Trammel Creek","ftype":460,"lengthKm":1.53,"hu8":"05110002","pid":"56293661"},"geometry":{"type":"MultiLineString","coordinates":[[[-86.26697,36.59237],[-86.26808,36.59329],[-86.26782,36.59422],[-86.26835,36.59667],[-86.26826,36.60039],[-86.26897,36.6009],[-86.26885,36.60311],[-86.26913,36.60379],[-86.26872,36.6054]]]}},{"type":"Feature","properties":{"kind":"minor-water","name":"Johns Creek","ftype":460,"lengthKm":0.42,"hu8":"05110002","pid":"56294125"},"geometry":{"type":"MultiLineString","coordinates":[[[-86.07991,36.55805],[-86.08157,36.55787],[-86.08323,36.55823],[-86.08397,36.55905]]]}},{"type":"Feature","properties":{"kind":"minor-water","name":"White Oak Creek","ftype":460,"lengthKm":0.45,"hu8":"05110002","pid":"56294265"},"geometry":{"type":"MultiLineString","coordinates":[[[-85.99725,36.54329],[-85.99757,36.54413],[-85.99842,36.54496],[-85.99852,36.54568],[-85.9973,36.5466]]]}},{"type":"Feature","properties":{"kind":"minor-water","name":"Little Sinking Creek","ftype":460,"lengthKm":0.07,"hu8":"05110002","pid":"{B14605F7-F0DE-4AE7-938D-C57E6436C8AF}"},"geometry":{"type":"MultiLineString","coordinates":[[[-86.05621,37.03171],[-86.05658,37.03224]]]}},{"type":"Feature","properties":{"kind":"minor-water","name":"Black Lick Creek","ftype":460,"lengthKm":0.14,"hu8":"05110002","pid":"56288687"},"geometry":{"type":"MultiLineString","coordinates":[[[-86.66225,36.95391],[-86.66067,36.95374]]]}},{"type":"Feature","properties":{"kind":"minor-water","name":"Stall Creek","ftype":558,"lengthKm":0.04,"hu8":"05110002","pid":"56286479"},"geometry":{"type":"MultiLineString","coordinates":[[[-86.51462,37.0944],[-86.51471,37.09474]]]}},{"type":"Feature","properties":{"kind":"minor-water","name":"Glover Creek","ftype":558,"lengthKm":0.52,"hu8":"05110002","pid":"56288315"},"geometry":{"type":"MultiLineString","coordinates":[[[-85.84663,36.90617],[-85.84802,36.90847],[-85.85048,36.90919]]]}},{"type":"Feature","properties":{"kind":"minor-water","name":"Skaggs Creek","ftype":558,"lengthKm":1.63,"hu8":"05110002","pid":"56288632"},"geometry":{"type":"MultiLineString","coordinates":[[[-85.88738,36.89527],[-85.88684,36.8972],[-85.88685,36.89885],[-85.88981,36.89984],[-85.89228,36.90018],[-85.89288,36.90004],[-85.89311,36.89965],[-85.89231,36.89763],[-85.8921,36.89524],[-85.8932,36.89466]]]}},{"type":"Feature","properties":{"kind":"minor-water","name":"Barren River","ftype":558,"lengthKm":2.25,"hu8":"05110002","pid":"56289000"},"geometry":{"type":"MultiLineString","coordinates":[[[-86.07902,36.88868],[-86.08167,36.88834],[-86.08464,36.88737],[-86.08702,36.88615],[-86.08887,36.88625],[-86.09114,36.88707],[-86.09239,36.88814],[-86.09461,36.89389],[-86.09596,36.89591]]]}},{"type":"Feature","properties":{"kind":"minor-water","name":"Middle Fork Drakes Creek","ftype":558,"lengthKm":1.32,"hu8":"05110002","pid":"56291526"},"geometry":{"type":"MultiLineString","coordinates":[[[-86.34811,36.69331],[-86.34905,36.69403],[-86.34973,36.69396],[-86.3515,36.69527],[-86.3524,36.69692],[-86.35733,36.6993],[-86.35894,36.70074]]]}},{"type":"Feature","properties":{"kind":"minor-water","name":"Sweetwater Creek","ftype":460,"lengthKm":0.71,"hu8":"05110002","pid":"56291638"},"geometry":{"type":"MultiLineString","coordinates":[[[-85.6703,36.62909],[-85.6735,36.62858],[-85.67418,36.62769],[-85.67477,36.62599],[-85.67578,36.62543]]]}},{"type":"Feature","properties":{"kind":"minor-water","name":"Rock House Creek","ftype":460,"lengthKm":0.61,"hu8":"05110002","pid":"56288579"},"geometry":{"type":"MultiLineString","coordinates":[[[-86.7543,36.96674],[-86.75414,36.96755],[-86.75327,36.96786],[-86.75376,36.96849],[-86.75457,36.96886],[-86.7543,36.97069],[-86.75389,36.97121]]]}},{"type":"Feature","properties":{"kind":"minor-water","name":"Dry Branch","ftype":558,"lengthKm":0.01,"hu8":"05110002","pid":"56291869"},"geometry":{"type":"MultiLineString","coordinates":[[[-86.51621,36.68064],[-86.51628,36.68068]]]}},{"type":"Feature","properties":{"kind":"minor-water","name":"Wattwood Branch","ftype":558,"lengthKm":0.11,"hu8":"05110002","pid":"56295074"},"geometry":{"type":"MultiLineString","coordinates":[[[-86.43227,36.51252],[-86.43323,36.51312]]]}},{"type":"Feature","properties":{"kind":"minor-water","name":"Buck Creek","ftype":460,"lengthKm":1.7,"hu8":"05110002","pid":"56291458"},"geometry":{"type":"MultiLineString","coordinates":[[[-86.28584,36.69281],[-86.28567,36.69572],[-86.28603,36.69849],[-86.2857,36.69957],[-86.28608,36.70082],[-86.28596,36.70155],[-86.28529,36.70213],[-86.28567,36.7038],[-86.28455,36.70444],[-86.2845,36.70588],[-86.28369,36.70711]]]}},{"type":"Feature","properties":{"kind":"minor-water","name":"Peter Creek","ftype":460,"lengthKm":1.22,"hu8":"05110002","pid":"56289946"},"geometry":{"type":"MultiLineString","coordinates":[[[-85.92591,36.79909],[-85.92705,36.79834],[-85.92878,36.79804],[-85.93184,36.7985],[-85.93398,36.80183],[-85.93426,36.80278],[-85.93404,36.8035],[-85.93438,36.80379]]]}},{"type":"Feature","properties":{"kind":"minor-water","name":"Gasper River","ftype":460,"lengthKm":0.3,"hu8":"05110002","pid":"56289115"},"geometry":{"type":"MultiLineString","coordinates":[[[-86.73777,36.9292],[-86.73752,36.93075],[-86.7379,36.93189]]]}},{"type":"Feature","properties":{"kind":"minor-water","name":"Beaver Creek","ftype":460,"lengthKm":0.94,"hu8":"05110002","pid":"56286974"},"geometry":{"type":"MultiLineString","coordinates":[[[-85.75139,36.98679],[-85.75455,36.98654],[-85.75514,36.9869],[-85.75799,36.98696],[-85.75973,36.98644],[-85.76111,36.98674],[-85.76146,36.98707]]]}},{"type":"Feature","properties":{"kind":"minor-water","name":"Middle Fork Drakes Creek","ftype":558,"lengthKm":0.18,"hu8":"05110002","pid":"56292553"},"geometry":{"type":"MultiLineString","coordinates":[[[-86.32869,36.63612],[-86.32726,36.63731]]]}},{"type":"Feature","properties":{"kind":"minor-water","name":"East Fork Barren River","ftype":460,"lengthKm":0.75,"hu8":"05110002","pid":"56290341"},"geometry":{"type":"MultiLineString","coordinates":[[[-85.69922,36.74407],[-85.70126,36.74422],[-85.70176,36.74473],[-85.7038,36.74408],[-85.70393,36.7436],[-85.7051,36.74313],[-85.70652,36.74299]]]}},{"type":"Feature","properties":{"kind":"minor-water","name":"Coon Creek","ftype":460,"lengthKm":1.76,"hu8":"05110002","pid":"56289018"},"geometry":{"type":"MultiLineString","coordinates":[[[-85.97246,36.87674],[-85.97402,36.87653],[-85.9782,36.87748],[-85.98038,36.87718],[-85.98124,36.87631],[-85.98232,36.8766],[-85.98436,36.87901],[-85.98452,36.8824],[-85.98499,36.88329]]]}},{"type":"Feature","properties":{"kind":"minor-water","name":"Black Lick Creek","ftype":460,"lengthKm":0.07,"hu8":"05110002","pid":"042344f2-5cce-49fa-9571-a302e2e72116"},"geometry":{"type":"MultiLineString","coordinates":[[[-86.67396,36.89578],[-86.6739,36.89637]]]}},{"type":"Feature","properties":{"kind":"minor-water","name":"Drakes Creek","ftype":558,"lengthKm":0.35,"hu8":"05110002","pid":"56289345"},"geometry":{"type":"MultiLineString","coordinates":[[[-86.37716,36.88092],[-86.37536,36.88191],[-86.37488,36.88325]]]}},{"type":"Feature","properties":{"kind":"minor-water","name":"Black Lick Creek","ftype":460,"lengthKm":0.05,"hu8":"05110002","pid":"56288686"},"geometry":{"type":"MultiLineString","coordinates":[[[-86.66067,36.95374],[-86.6601,36.95376]]]}},{"type":"Feature","properties":{"kind":"minor-water","name":"West Bays Fork","ftype":460,"lengthKm":1.04,"hu8":"05110002","pid":"56290279"},"geometry":{"type":"MultiLineString","coordinates":[[[-86.23655,36.79254],[-86.23607,36.79357],[-86.23538,36.79337],[-86.23474,36.7938],[-86.23765,36.79708],[-86.2372,36.79896],[-86.2365,36.79938],[-86.23605,36.79922]]]}},{"type":"Feature","properties":{"kind":"minor-water","name":"Little Sinking Creek","ftype":460,"lengthKm":0.14,"hu8":"05110002","pid":"{85940A4E-080F-4009-BCA9-B0E5429DD310}"},"geometry":{"type":"MultiLineString","coordinates":[[[-86.04183,37.02422],[-86.04312,37.02494]]]}},{"type":"Feature","properties":{"kind":"minor-water","name":"South Fork Beaver Creek","ftype":460,"lengthKm":1.45,"hu8":"05110002","pid":"56287283"},"geometry":{"type":"MultiLineString","coordinates":[[[-85.9679,36.98048],[-85.97024,36.98219],[-85.97121,36.98251],[-85.97179,36.98245],[-85.9729,36.98043],[-85.97377,36.9801],[-85.97805,36.98043],[-85.97851,36.98068],[-85.9786,36.98133],[-85.9806,36.98177]]]}},{"type":"Feature","properties":{"kind":"minor-water","name":"Peter Creek","ftype":460,"lengthKm":0.9,"hu8":"05110002","pid":"56290173"},"geometry":{"type":"MultiLineString","coordinates":[[[-85.79956,36.77486],[-85.79945,36.77425],[-85.80003,36.77255],[-85.80003,36.76899],[-85.79962,36.76789],[-85.7998,36.76685]]]}},{"type":"Feature","properties":{"kind":"minor-water","name":"Lancaster Branch","ftype":460,"lengthKm":1,"hu8":"05110002","pid":"56290661"},"geometry":{"type":"MultiLineString","coordinates":[[[-86.25961,36.7674],[-86.26066,36.76683],[-86.26093,36.76629],[-86.26269,36.76517],[-86.26301,36.7646],[-86.26493,36.76313],[-86.26559,36.76141],[-86.26654,36.76075]]]}},{"type":"Feature","properties":{"kind":"minor-water","name":"Boucher Branch","ftype":460,"lengthKm":2.6,"hu8":"05110002","pid":"56290404"},"geometry":{"type":"MultiLineString","coordinates":[[[-86.27729,36.78502],[-86.2766,36.78524],[-86.27538,36.78506],[-86.2737,36.78575],[-86.27322,36.78555],[-86.27126,36.7857],[-86.2689,36.78645],[-86.26821,36.7871],[-86.2667,36.78701],[-86.26512,36.78746],[-86.2639,36.78722],[-86.2637,36.79035],[-86.26302,36.79218],[-86.26217,36.79307],[-86.2619,36.79498],[-86.26223,36.7967],[-86.26133,36.79856]]]}},{"type":"Feature","properties":{"kind":"minor-water","name":"White Oak Creek","ftype":460,"lengthKm":0.73,"hu8":"05110002","pid":"56293398"},"geometry":{"type":"MultiLineString","coordinates":[[[-85.98106,36.57815],[-85.98101,36.57936],[-85.97987,36.5817],[-85.98039,36.58454]]]}},{"type":"Feature","properties":{"kind":"minor-water","name":"Little Sinking Creek","ftype":460,"lengthKm":0.74,"hu8":"05110002","pid":"56286815"},"geometry":{"type":"MultiLineString","coordinates":[[[-86.07716,37.03488],[-86.07855,37.03284],[-86.07923,37.03231],[-86.08054,37.03224],[-86.08085,37.03169],[-86.08138,37.03168],[-86.08248,37.03049]]]}},{"type":"Feature","properties":{"kind":"minor-water","name":"Huggins Branch","ftype":460,"lengthKm":0.4,"hu8":"05110002","pid":"87e54437-024c-49e0-9b50-39c3d308a0fb"},"geometry":{"type":"MultiLineString","coordinates":[[[-85.95471,36.99305],[-85.95699,36.98996]]]}},{"type":"Feature","properties":{"kind":"minor-water","name":"Skaggs Creek","ftype":558,"lengthKm":0.8,"hu8":"05110002","pid":"56288329"},"geometry":{"type":"MultiLineString","coordinates":[[[-85.96344,36.91552],[-85.96491,36.91858],[-85.96493,36.92003],[-85.9644,36.92079],[-85.96247,36.92111]]]}},{"type":"Feature","properties":{"kind":"minor-water","name":"Salt Lick Creek","ftype":558,"lengthKm":0.49,"hu8":"05110002","pid":"56292120"},"geometry":{"type":"MultiLineString","coordinates":[[[-85.90032,36.6168],[-85.90109,36.61756],[-85.90244,36.61815],[-85.90298,36.62028]]]}},{"type":"Feature","properties":{"kind":"minor-water","name":"York Branch","ftype":558,"lengthKm":0.04,"hu8":"05110002","pid":"56292306"},"geometry":{"type":"MultiLineString","coordinates":[[[-85.85499,36.60624],[-85.85535,36.6061]]]}},{"type":"Feature","properties":{"kind":"minor-water","name":"Line Creek","ftype":460,"lengthKm":0.81,"hu8":"05110002","pid":"56292034"},"geometry":{"type":"MultiLineString","coordinates":[[[-85.74694,36.61005],[-85.74744,36.61],[-85.74808,36.60906],[-85.74951,36.60806],[-85.75036,36.60846],[-85.7509,36.6094],[-85.75393,36.60898]]]}},{"type":"Feature","properties":{"kind":"minor-water","name":"Drakes Creek","ftype":558,"lengthKm":0.09,"hu8":"05110002","pid":"56289184"},"geometry":{"type":"MultiLineString","coordinates":[[[-86.38074,36.89557],[-86.38005,36.89615]]]}},{"type":"Feature","properties":{"kind":"minor-water","name":"Barren River","ftype":558,"lengthKm":0.13,"hu8":"05110002","pid":"56291310"},"geometry":{"type":"MultiLineString","coordinates":[[[-85.86992,36.6696],[-85.87067,36.67062]]]}},{"type":"Feature","properties":{"kind":"minor-water","name":"Peter Creek","ftype":460,"lengthKm":0.88,"hu8":"05110002","pid":"56289935"},"geometry":{"type":"MultiLineString","coordinates":[[[-85.91959,36.80501],[-85.92046,36.80455],[-85.92211,36.80181],[-85.92591,36.79909]]]}},{"type":"Feature","properties":{"kind":"minor-water","name":"Skaggs Creek","ftype":460,"lengthKm":0.39,"hu8":"05110002","pid":"56289699"},"geometry":{"type":"MultiLineString","coordinates":[[[-85.72527,36.80249],[-85.72806,36.803],[-85.7289,36.80287],[-85.72907,36.80238]]]}},{"type":"Feature","properties":{"kind":"minor-water","name":"Mill Creek","ftype":460,"lengthKm":0.8,"hu8":"05110002","pid":"56291104"},"geometry":{"type":"MultiLineString","coordinates":[[[-85.71569,36.67614],[-85.71634,36.67452],[-85.71629,36.67324],[-85.71665,36.67283],[-85.71884,36.67248],[-85.72094,36.67153]]]}},{"type":"Feature","properties":{"kind":"minor-water","name":"South Fork Beaver Creek","ftype":460,"lengthKm":0.89,"hu8":"05110002","pid":"8c73e9c0-bb65-46ee-bf66-12ae0f5467e4"},"geometry":{"type":"MultiLineString","coordinates":[[[-85.89499,36.99405],[-85.89566,36.99436],[-85.89753,36.99401],[-85.89861,36.99276],[-85.90023,36.99202],[-85.90094,36.99103],[-85.9028,36.99018]]]}},{"type":"Feature","properties":{"kind":"minor-water","name":"Dry Branch","ftype":460,"lengthKm":0.27,"hu8":"05110002","pid":"56292363"},"geometry":{"type":"MultiLineString","coordinates":[[[-86.18391,36.63154],[-86.18584,36.63239],[-86.18595,36.63302]]]}},{"type":"Feature","properties":{"kind":"minor-water","name":"Belcher Creek","ftype":460,"lengthKm":0.36,"hu8":"05110002","pid":"56287144"},"geometry":{"type":"MultiLineString","coordinates":[[[-86.64599,37.04494],[-86.64422,37.04471],[-86.64269,37.04517],[-86.64241,37.04565]]]}},{"type":"Feature","properties":{"kind":"minor-water","name":"Nobob Creek","ftype":460,"lengthKm":0.7,"hu8":"05110002","pid":"56289025"},"geometry":{"type":"MultiLineString","coordinates":[[[-85.76762,36.8619],[-85.76883,36.86144],[-85.76947,36.86064],[-85.76902,36.85952],[-85.76924,36.85904],[-85.77213,36.8579]]]}},{"type":"Feature","properties":{"kind":"minor-water","name":"White Oak Branch","ftype":460,"lengthKm":2.6,"hu8":"05110002","pid":"56290570"},"geometry":{"type":"MultiLineString","coordinates":[[[-85.79062,36.74838],[-85.78955,36.74625],[-85.78462,36.74174],[-85.78464,36.74105],[-85.78329,36.73897],[-85.78308,36.73454],[-85.78341,36.73334],[-85.78209,36.73019],[-85.78221,36.72911],[-85.7817,36.72868],[-85.78203,36.7273]]]}},{"type":"Feature","properties":{"kind":"minor-water","name":"Sharps Branch","ftype":460,"lengthKm":1.16,"hu8":"05110002","pid":"56291766"},"geometry":{"type":"MultiLineString","coordinates":[[[-86.60207,36.69904],[-86.60157,36.69778],[-86.60028,36.69707],[-86.59927,36.69593],[-86.59846,36.69561],[-86.59728,36.69424],[-86.59602,36.69384],[-86.5954,36.69327],[-86.59417,36.69123]]]}},{"type":"Feature","properties":{"kind":"minor-water","name":"Little Trammel Creek","ftype":460,"lengthKm":1.44,"hu8":"05110002","pid":"56293172"},"geometry":{"type":"MultiLineString","coordinates":[[[-86.26854,36.61004],[-86.26828,36.61519],[-86.2673,36.61712],[-86.26703,36.61913],[-86.2674,36.62281]]]}},{"type":"Feature","properties":{"kind":"minor-water","name":"Spring Creek","ftype":460,"lengthKm":0.42,"hu8":"05110002","pid":"56293277"},"geometry":{"type":"MultiLineString","coordinates":[[[-86.03175,36.58732],[-86.03084,36.58762],[-86.03042,36.58833],[-86.02882,36.58906],[-86.02803,36.58877]]]}},{"type":"Feature","properties":{"kind":"minor-water","name":"Barren River","ftype":558,"lengthKm":0.48,"hu8":"05110002","pid":"56286487"},"geometry":{"type":"MultiLineString","coordinates":[[[-86.54103,37.09702],[-86.54638,37.09642]]]}},{"type":"Feature","properties":{"kind":"minor-water","name":"Clear Fork Creek","ftype":558,"lengthKm":0.58,"hu8":"05110002","pid":"56288678"},"geometry":{"type":"MultiLineString","coordinates":[[[-86.64038,36.95234],[-86.64013,36.95266],[-86.63817,36.95302],[-86.63446,36.95441]]]}},{"type":"Feature","properties":{"kind":"minor-water","name":"West Fork Drakes Creek","ftype":558,"lengthKm":1.18,"hu8":"05110002","pid":"56292745"},"geometry":{"type":"MultiLineString","coordinates":[[[-86.49789,36.63919],[-86.49976,36.64052],[-86.50003,36.64119],[-86.49982,36.64229],[-86.50042,36.64358],[-86.50154,36.64472],[-86.50164,36.64548],[-86.50554,36.64619]]]}},{"type":"Feature","properties":{"kind":"minor-water","name":"Little Puncheon Creek","ftype":558,"lengthKm":0.05,"hu8":"05110002","pid":"56293355"},"geometry":{"type":"MultiLineString","coordinates":[[[-86.0685,36.58725],[-86.06819,36.58761]]]}},{"type":"Feature","properties":{"kind":"minor-water","name":"Huggins Branch","ftype":460,"lengthKm":0.91,"hu8":"05110002","pid":"47d79960-4bd8-46f7-90fd-f948cce156c0"},"geometry":{"type":"MultiLineString","coordinates":[[[-85.94738,36.99833],[-85.94816,36.99822],[-85.95002,36.99689],[-85.95048,36.99607],[-85.95312,36.99358],[-85.95471,36.99305]]]}},{"type":"Feature","properties":{"kind":"minor-water","name":"Peter Creek","ftype":460,"lengthKm":0.43,"hu8":"05110002","pid":"56290050"},"geometry":{"type":"MultiLineString","coordinates":[[[-85.88635,36.78483],[-85.88649,36.78623],[-85.88783,36.78846]]]}},{"type":"Feature","properties":{"kind":"minor-water","name":"Skaggs Creek","ftype":460,"lengthKm":0.54,"hu8":"05110002","pid":"56289498"},"geometry":{"type":"MultiLineString","coordinates":[[[-85.75989,36.82093],[-85.76097,36.82119],[-85.76357,36.82265],[-85.7647,36.82376]]]}},{"type":"Feature","properties":{"kind":"minor-water","name":"Skaggs Creek","ftype":558,"lengthKm":0.03,"hu8":"05110002","pid":"56289149"},"geometry":{"type":"MultiLineString","coordinates":[[[-85.81257,36.85153],[-85.81267,36.85176]]]}},{"type":"Feature","properties":{"kind":"minor-water","name":"Trammel Creek","ftype":460,"lengthKm":0.66,"hu8":"05110002","pid":"56293204"},"geometry":{"type":"MultiLineString","coordinates":[[[-86.19513,36.60295],[-86.19325,36.60537],[-86.19317,36.60843]]]}},{"type":"Feature","properties":{"kind":"minor-water","name":"Skaggs Creek","ftype":460,"lengthKm":0.05,"hu8":"05110002","pid":"56289524"},"geometry":{"type":"MultiLineString","coordinates":[[[-85.7486,36.8186],[-85.74904,36.81893]]]}},{"type":"Feature","properties":{"kind":"minor-water","name":"Peter Creek","ftype":460,"lengthKm":0.53,"hu8":"05110002","pid":"56290130"},"geometry":{"type":"MultiLineString","coordinates":[[[-85.87468,36.77496],[-85.87514,36.77585],[-85.87488,36.77737],[-85.87707,36.77886]]]}},{"type":"Feature","properties":{"kind":"minor-water","name":"Trammel Creek","ftype":460,"lengthKm":0.47,"hu8":"05110002","pid":"56291437"},"geometry":{"type":"MultiLineString","coordinates":[[[-86.22131,36.6893],[-86.22573,36.69159]]]}},{"type":"Feature","properties":{"kind":"minor-water","name":"Cooks Creek","ftype":460,"lengthKm":0.41,"hu8":"05110002","pid":"56288161"},"geometry":{"type":"MultiLineString","coordinates":[[[-86.08479,36.93517],[-86.08434,36.93382],[-86.08362,36.93307],[-86.08397,36.93174]]]}},{"type":"Feature","properties":{"kind":"minor-water","name":"Crooked Run","ftype":460,"lengthKm":0.65,"hu8":"05110002","pid":"56289229"},"geometry":{"type":"MultiLineString","coordinates":[[[-86.69543,36.91663],[-86.69457,36.91762],[-86.69264,36.91863],[-86.69119,36.92117]]]}},{"type":"Feature","properties":{"kind":"minor-water","name":"Dry Branch","ftype":460,"lengthKm":0.91,"hu8":"05110002","pid":"56292489"},"geometry":{"type":"MultiLineString","coordinates":[[[-86.16949,36.62549],[-86.17167,36.62635],[-86.17228,36.62722],[-86.17432,36.62743],[-86.17547,36.62709],[-86.17851,36.62809]]]}},{"type":"Feature","properties":{"kind":"minor-water","name":"Puncheon Creek","ftype":460,"lengthKm":0.73,"hu8":"05110002","pid":"56292615"},"geometry":{"type":"MultiLineString","coordinates":[[[-86.01541,36.60838],[-86.01541,36.60931],[-86.01437,36.61087],[-86.01266,36.6116],[-86.01091,36.61183],[-86.01017,36.61246]]]}},{"type":"Feature","properties":{"kind":"minor-water","name":"Trammel Creek","ftype":460,"lengthKm":0.57,"hu8":"05110002","pid":"56292822"},"geometry":{"type":"MultiLineString","coordinates":[[[-86.19192,36.61497],[-86.19213,36.61618],[-86.19153,36.61782],[-86.19231,36.61997]]]}},{"type":"Feature","properties":{"kind":"minor-water","name":"Long Creek","ftype":460,"lengthKm":0.42,"hu8":"05110002","pid":"56292952"},"geometry":{"type":"MultiLineString","coordinates":[[[-86.11509,36.60446],[-86.11822,36.60617],[-86.11877,36.60677]]]}},{"type":"Feature","properties":{"kind":"minor-water","name":"Bean Branch","ftype":460,"lengthKm":0.16,"hu8":"05110002","pid":"56294112"},"geometry":{"type":"MultiLineString","coordinates":[[[-85.75682,36.53125],[-85.75753,36.53256]]]}},{"type":"Feature","properties":{"kind":"minor-water","name":"West Fork Drakes Creek","ftype":460,"lengthKm":2.04,"hu8":"05110002","pid":"56294305"},"geometry":{"type":"MultiLineString","coordinates":[[[-86.45776,36.57806],[-86.45815,36.58164],[-86.4575,36.58264],[-86.45783,36.58401],[-86.45757,36.58551],[-86.45829,36.58738],[-86.45824,36.58887],[-86.45889,36.5896],[-86.45864,36.59165],[-86.45919,36.593],[-86.45768,36.59483],[-86.45752,36.59553]]]}},{"type":"Feature","properties":{"kind":"minor-water","name":"Caney Fork Creek","ftype":460,"lengthKm":1.83,"hu8":"05110002","pid":"56294836"},"geometry":{"type":"MultiLineString","coordinates":[[[-86.35293,36.53156],[-86.35527,36.53193],[-86.3569,36.53352],[-86.35901,36.53458],[-86.35944,36.53529],[-86.3607,36.53603],[-86.36384,36.53889],[-86.3641,36.53984],[-86.36644,36.54178],[-86.36756,36.54218]]]}},{"type":"Feature","properties":{"kind":"minor-water","name":"Skaggs Creek","ftype":460,"lengthKm":0.59,"hu8":"05110002","pid":"56289322"},"geometry":{"type":"MultiLineString","coordinates":[[[-85.80271,36.839],[-85.80463,36.83746],[-85.80583,36.83716],[-85.80851,36.83717]]]}},{"type":"Feature","properties":{"kind":"minor-water","name":"Drakes Creek","ftype":558,"lengthKm":0.71,"hu8":"05110002","pid":"56289716"},"geometry":{"type":"MultiLineString","coordinates":[[[-86.39235,36.85577],[-86.39136,36.85681],[-86.39148,36.85832],[-86.3923,36.85978],[-86.39408,36.86113]]]}},{"type":"Feature","properties":{"kind":"minor-water","name":"Gasper River","ftype":558,"lengthKm":0.96,"hu8":"05110002","pid":"56287489"},"geometry":{"type":"MultiLineString","coordinates":[[[-86.61376,37.01279],[-86.61387,37.01375],[-86.61439,37.01429],[-86.62048,37.01363],[-86.62298,37.01417]]]}},{"type":"Feature","properties":{"kind":"minor-water","name":"Barren River","ftype":558,"lengthKm":2.26,"hu8":"05110002","pid":"56287124"},"geometry":{"type":"MultiLineString","coordinates":[[[-86.49823,37.04088],[-86.49798,37.04198],[-86.49677,37.04298],[-86.49526,37.04354],[-86.49294,37.04383],[-86.48811,37.04348],[-86.48347,37.04262],[-86.4753,37.04018]]]}},{"type":"Feature","properties":{"kind":"minor-water","name":"Falling Timber Creek","ftype":558,"lengthKm":0.67,"hu8":"05110002","pid":"56287922"},"geometry":{"type":"MultiLineString","coordinates":[[[-85.81395,36.92301],[-85.81884,36.92333],[-85.82036,36.92318],[-85.82131,36.9227]]]}},{"type":"Feature","properties":{"kind":"minor-water","name":"West Fork Drakes Creek","ftype":558,"lengthKm":0.08,"hu8":"05110002","pid":"56290805"},"geometry":{"type":"MultiLineString","coordinates":[[[-86.53881,36.76745],[-86.53797,36.7677]]]}},{"type":"Feature","properties":{"kind":"minor-water","name":"Barren River","ftype":558,"lengthKm":0.75,"hu8":"05110002","pid":"56291330"},"geometry":{"type":"MultiLineString","coordinates":[[[-85.90853,36.67497],[-85.91037,36.67451],[-85.91266,36.67302],[-85.91479,36.67249],[-85.91573,36.67172]]]}},{"type":"Feature","properties":{"kind":"minor-water","name":"Barren River","ftype":558,"lengthKm":0.52,"hu8":"05110002","pid":"56291335"},"geometry":{"type":"MultiLineString","coordinates":[[[-85.90775,36.67087],[-85.90881,36.67193],[-85.90788,36.67436],[-85.90853,36.67497]]]}},{"type":"Feature","properties":{"kind":"minor-water","name":"Grace Creek","ftype":558,"lengthKm":0.01,"hu8":"05110002","pid":"56292676"},"geometry":{"type":"MultiLineString","coordinates":[[[-86.5056,36.64611],[-86.50554,36.64619]]]}},{"type":"Feature","properties":{"kind":"minor-water","name":"Drakes Creek","ftype":558,"lengthKm":0.77,"hu8":"05110002","pid":"56287886"},"geometry":{"type":"MultiLineString","coordinates":[[[-86.38288,36.97134],[-86.38093,36.97556],[-86.37882,36.97727]]]}},{"type":"Feature","properties":{"kind":"minor-water","name":"Falling Timber Creek","ftype":558,"lengthKm":0.05,"hu8":"05110002","pid":"56287856"},"geometry":{"type":"MultiLineString","coordinates":[[[-85.70848,36.91792],[-85.70796,36.91789]]]}},{"type":"Feature","properties":{"kind":"minor-water","name":"Peter Creek","ftype":460,"lengthKm":0.56,"hu8":"05110002","pid":"56289919"},"geometry":{"type":"MultiLineString","coordinates":[[[-85.90189,36.79881],[-85.90383,36.79979],[-85.90634,36.79997],[-85.90772,36.80042]]]}},{"type":"Feature","properties":{"kind":"minor-water","name":"Drakes Creek","ftype":558,"lengthKm":0.5,"hu8":"05110002","pid":"{518252EA-8F7D-4FCA-A3AD-B9C052979391}"},"geometry":{"type":"MultiLineString","coordinates":[[[-86.37488,36.88325],[-86.37478,36.88529],[-86.37531,36.88775]]]}},{"type":"Feature","properties":{"kind":"minor-water","name":"Little Muddy Creek","ftype":460,"lengthKm":0.7,"hu8":"05110002","pid":"56287006"},"geometry":{"type":"MultiLineString","coordinates":[[[-86.67029,37.05845],[-86.67104,37.05823],[-86.67289,37.05872],[-86.67433,37.05838],[-86.67622,37.05909],[-86.67722,37.06]]]}},{"type":"Feature","properties":{"kind":"minor-water","name":"Black Lick Creek","ftype":460,"lengthKm":2.19,"hu8":"05110002","pid":"5d91294b-5793-4852-a46e-324647d90578"},"geometry":{"type":"MultiLineString","coordinates":[[[-86.70929,36.87087],[-86.7093,36.87136],[-86.71061,36.87278],[-86.71038,36.873],[-86.70951,36.87268],[-86.70886,36.87293],[-86.70899,36.87362],[-86.70826,36.8747],[-86.70835,36.87581],[-86.70893,36.87683],[-86.70779,36.87709],[-86.70822,36.87763],[-86.70946,36.87744],[-86.70976,36.87905],[-86.70877,36.87902],[-86.70935,36.87952],[-86.70925,36.87997],[-86.70784,36.87972],[-86.70819,36.88024],[-86.70905,36.88028],[-86.7078,36.88115],[-86.70809,36.8814],[-86.7092,36.88137],[-86.70955,36.88175]]]}},{"type":"Feature","properties":{"kind":"minor-water","name":"Dry Branch","ftype":460,"lengthKm":0.09,"hu8":"05110002","pid":"56291916"},"geometry":{"type":"MultiLineString","coordinates":[[[-86.46777,36.67457],[-86.46857,36.67405]]]}},{"type":"Feature","properties":{"kind":"minor-water","name":"Skaggs Creek","ftype":460,"lengthKm":0.54,"hu8":"05110002","pid":"56289561"},"geometry":{"type":"MultiLineString","coordinates":[[[-85.74535,36.81447],[-85.7486,36.8186]]]}},{"type":"Feature","properties":{"kind":"minor-water","name":"Drakes Creek","ftype":558,"lengthKm":0.12,"hu8":"05110002","pid":"56289717"},"geometry":{"type":"MultiLineString","coordinates":[[[-86.3935,36.85628],[-86.39235,36.85577]]]}},{"type":"Feature","properties":{"kind":"minor-water","name":"Peter Creek","ftype":460,"lengthKm":0.39,"hu8":"05110002","pid":"56289916"},"geometry":{"type":"MultiLineString","coordinates":[[[-85.90772,36.80042],[-85.90906,36.80037],[-85.91118,36.80213]]]}},{"type":"Feature","properties":{"kind":"minor-water","name":"Little Trammel Creek","ftype":558,"lengthKm":0.11,"hu8":"05110002","pid":"56292023"},"geometry":{"type":"MultiLineString","coordinates":[[[-86.26143,36.65168],[-86.26069,36.65182],[-86.26047,36.65215]]]}},{"type":"Feature","properties":{"kind":"minor-water","name":"Dutch Branch","ftype":460,"lengthKm":2.5,"hu8":"05110002","pid":"56292199"},"geometry":{"type":"MultiLineString","coordinates":[[[-86.29757,36.64575],[-86.30051,36.64613],[-86.30336,36.64848],[-86.30698,36.64951],[-86.3097,36.65068],[-86.312,36.65259],[-86.31328,36.65308],[-86.31555,36.65324],[-86.31611,36.6538],[-86.32143,36.65526],[-86.32176,36.65562]]]}},{"type":"Feature","properties":{"kind":"minor-water","name":"Black Lick Creek","ftype":460,"lengthKm":0.32,"hu8":"05110002","pid":"{45968A2F-D74C-461E-A370-6DBA30AF63B2}"},"geometry":{"type":"MultiLineString","coordinates":[[[-86.67323,36.9341],[-86.67405,36.93451],[-86.67419,36.93659]]]}},{"type":"Feature","properties":{"kind":"minor-water","name":"Little Muddy Creek","ftype":460,"lengthKm":2.3,"hu8":"05110002","pid":"56286882"},"geometry":{"type":"MultiLineString","coordinates":[[[-86.64798,37.08528],[-86.65125,37.08163],[-86.65525,37.07917],[-86.65653,37.07906],[-86.65875,37.0779],[-86.661,37.0761],[-86.66229,37.07545],[-86.66301,37.07549],[-86.66472,37.07249],[-86.66605,37.07163]]]}},{"type":"Feature","properties":{"kind":"minor-water","name":"Skaggs Creek","ftype":460,"lengthKm":2.17,"hu8":"05110002","pid":"56289330"},"geometry":{"type":"MultiLineString","coordinates":[[[-85.78779,36.83503],[-85.78703,36.8377],[-85.78765,36.8406],[-85.7883,36.84122],[-85.79258,36.84121],[-85.79544,36.84234],[-85.79627,36.8424],[-85.7977,36.84168],[-85.79816,36.84083],[-85.79945,36.83998],[-85.80271,36.839]]]}},{"type":"Feature","properties":{"kind":"minor-water","name":"Little Beaver Creek","ftype":460,"lengthKm":0.8,"hu8":"05110002","pid":"56286824"},"geometry":{"type":"MultiLineString","coordinates":[[[-86.0001,37.02308],[-85.99809,37.02284],[-85.99734,37.02192],[-85.99636,37.02154],[-85.99572,37.02085],[-85.99472,37.02077],[-85.99404,37.02038],[-85.99246,37.02067]]]}},{"type":"Feature","properties":{"kind":"minor-water","name":"Westbrook Creek","ftype":460,"lengthKm":0.52,"hu8":"05110002","pid":"56287035"},"geometry":{"type":"MultiLineString","coordinates":[[[-86.53814,37.04866],[-86.53968,37.04729],[-86.54169,37.04621],[-86.54225,37.04546]]]}},{"type":"Feature","properties":{"kind":"minor-water","name":"Spring Creek","ftype":460,"lengthKm":0.88,"hu8":"05110002","pid":"56290738"},"geometry":{"type":"MultiLineString","coordinates":[[[-85.94742,36.73259],[-85.94721,36.73134],[-85.94619,36.73054],[-85.94515,36.7289],[-85.94532,36.72776],[-85.94457,36.72645],[-85.94502,36.7254]]]}},{"type":"Feature","properties":{"kind":"minor-water","name":"Benedict Branch","ftype":460,"lengthKm":0.17,"hu8":"05110002","pid":"56290848"},"geometry":{"type":"MultiLineString","coordinates":[[[-85.9986,36.7204],[-85.99981,36.71927]]]}},{"type":"Feature","properties":{"kind":"minor-water","name":"York Branch","ftype":460,"lengthKm":0.4,"hu8":"05110002","pid":"56292240"},"geometry":{"type":"MultiLineString","coordinates":[[[-85.87388,36.60984],[-85.87628,36.60972],[-85.87791,36.61074]]]}},{"type":"Feature","properties":{"kind":"minor-water","name":"Little Salt Lick Creek","ftype":460,"lengthKm":0.45,"hu8":"05110002","pid":"56293164"},"geometry":{"type":"MultiLineString","coordinates":[[[-85.83374,36.57406],[-85.83741,36.57535],[-85.83844,36.5754]]]}},{"type":"Feature","properties":{"kind":"minor-water","name":"Little Salt Lick Creek","ftype":460,"lengthKm":0.18,"hu8":"05110002","pid":"56293211"},"geometry":{"type":"MultiLineString","coordinates":[[[-85.8192,36.5714],[-85.82116,36.57164]]]}},{"type":"Feature","properties":{"kind":"minor-water","name":"Little Trace Creek","ftype":460,"lengthKm":0.91,"hu8":"05110002","pid":"56292747"},"geometry":{"type":"MultiLineString","coordinates":[[[-85.72568,36.57847],[-85.728,36.58026],[-85.73023,36.58031],[-85.73134,36.58063],[-85.73211,36.58231],[-85.73153,36.58327]]]}},{"type":"Feature","properties":{"kind":"minor-water","name":"Wilson Branch","ftype":460,"lengthKm":0.17,"hu8":"05110002","pid":"56293902"},"geometry":{"type":"MultiLineString","coordinates":[[[-85.79808,36.54435],[-85.79674,36.54549]]]}},{"type":"Feature","properties":{"kind":"minor-water","name":"Long Hungry Creek","ftype":460,"lengthKm":0.17,"hu8":"05110002","pid":"56294826"},"geometry":{"type":"MultiLineString","coordinates":[[[-85.8919,36.49423],[-85.89185,36.49576]]]}},{"type":"Feature","properties":{"kind":"minor-water","name":"Skaggs Creek","ftype":460,"lengthKm":1.9,"hu8":"05110002","pid":"56289700"},"geometry":{"type":"MultiLineString","coordinates":[[[-85.72907,36.80238],[-85.72956,36.80233],[-85.72998,36.80317],[-85.73181,36.80428],[-85.73447,36.80499],[-85.73473,36.80583],[-85.73426,36.80656],[-85.73588,36.80807],[-85.73732,36.80806],[-85.7385,36.80868],[-85.73836,36.81214],[-85.7381,36.81275],[-85.73731,36.81325],[-85.73754,36.81404]]]}},{"type":"Feature","properties":{"kind":"minor-water","name":"West Fork Drakes Creek","ftype":558,"lengthKm":0.15,"hu8":"05110002","pid":"56292673"},"geometry":{"type":"MultiLineString","coordinates":[[[-86.50554,36.64619],[-86.50632,36.64737]]]}},{"type":"Feature","properties":{"kind":"minor-water","name":"Gasper River","ftype":558,"lengthKm":1.29,"hu8":"05110002","pid":"56287949"},"geometry":{"type":"MultiLineString","coordinates":[[[-86.65545,36.99175],[-86.65448,36.99171],[-86.65279,36.99269],[-86.65218,36.99271],[-86.65002,36.98873],[-86.64687,36.98859],[-86.64497,36.98758]]]}},{"type":"Feature","properties":{"kind":"minor-water","name":"Barren River","ftype":558,"lengthKm":1.46,"hu8":"05110002","pid":"56288256"},"geometry":{"type":"MultiLineString","coordinates":[[[-86.24035,36.94125],[-86.24255,36.94227],[-86.24546,36.94274],[-86.2511,36.94281],[-86.25619,36.94179]]]}},{"type":"Feature","properties":{"kind":"minor-water","name":"Boyd Branch","ftype":558,"lengthKm":0.07,"hu8":"05110002","pid":"56289954"},"geometry":{"type":"MultiLineString","coordinates":[[[-85.83537,36.78969],[-85.83486,36.78921]]]}},{"type":"Feature","properties":{"kind":"minor-water","name":"Barren River","ftype":558,"lengthKm":0.72,"hu8":"05110002","pid":"56291190"},"geometry":{"type":"MultiLineString","coordinates":[[[-85.98824,36.68866],[-85.99122,36.68867],[-85.99245,36.6884],[-85.99403,36.68867],[-85.99577,36.68764]]]}},{"type":"Feature","properties":{"kind":"minor-water","name":"Salt Lick Creek","ftype":558,"lengthKm":0.71,"hu8":"05110002","pid":"56292055"},"geometry":{"type":"MultiLineString","coordinates":[[[-85.90298,36.62028],[-85.90302,36.62137],[-85.9036,36.62157],[-85.90466,36.62279],[-85.90616,36.62306],[-85.90865,36.62251]]]}},{"type":"Feature","properties":{"kind":"minor-water","name":"Dry Branch","ftype":460,"lengthKm":1.01,"hu8":"05110002","pid":"56289782"},"geometry":{"type":"MultiLineString","coordinates":[[[-85.98534,36.81775],[-85.98561,36.8192],[-85.98503,36.82174],[-85.98556,36.82323],[-85.98663,36.82473],[-85.98864,36.82546]]]}},{"type":"Feature","properties":{"kind":"minor-water","name":"Sulphur Creek","ftype":460,"lengthKm":0.41,"hu8":"05110002","pid":"56289785"},"geometry":{"type":"MultiLineString","coordinates":[[[-86.21668,36.83659],[-86.21902,36.83782],[-86.22072,36.83818]]]}},{"type":"Feature","properties":{"kind":"minor-water","name":"Buck Creek","ftype":460,"lengthKm":2.61,"hu8":"05110002","pid":"56291246"},"geometry":{"type":"MultiLineString","coordinates":[[[-86.28342,36.70801],[-86.28105,36.71094],[-86.2799,36.71126],[-86.2768,36.71377],[-86.27587,36.71601],[-86.27465,36.71699],[-86.2744,36.71786],[-86.27506,36.71807],[-86.27537,36.71927],[-86.27347,36.72315],[-86.2733,36.72592],[-86.27232,36.72787]]]}},{"type":"Feature","properties":{"kind":"minor-water","name":"Town Creek","ftype":460,"lengthKm":3.77,"hu8":"05110002","pid":"56290576"},"geometry":{"type":"MultiLineString","coordinates":[[[-85.64912,36.72697],[-85.6526,36.72793],[-85.65626,36.72854],[-85.65797,36.72925],[-85.65898,36.73036],[-85.6594,36.73025],[-85.66007,36.73071],[-85.66141,36.73079],[-85.66306,36.72997],[-85.66337,36.72849],[-85.66436,36.72648],[-85.66375,36.72282],[-85.66557,36.72209],[-85.66664,36.72215],[-85.66975,36.71926],[-85.67893,36.71696]]]}},{"type":"Feature","properties":{"kind":"minor-water","name":"Pinchgut Creek","ftype":460,"lengthKm":2.32,"hu8":"05110002","pid":"56291892"},"geometry":{"type":"MultiLineString","coordinates":[[[-86.0392,36.64023],[-86.03881,36.64117],[-86.03775,36.64161],[-86.03649,36.64289],[-86.03508,36.64563],[-86.03356,36.64681],[-86.03262,36.64694],[-86.03232,36.64727],[-86.03191,36.6496],[-86.0303,36.651],[-86.02893,36.65397],[-86.02769,36.65484],[-86.02798,36.65683],[-86.02742,36.65735]]]}},{"type":"Feature","properties":{"kind":"minor-water","name":"Drakes Creek","ftype":558,"lengthKm":1.13,"hu8":"05110002","pid":"56289454"},"geometry":{"type":"MultiLineString","coordinates":[[[-86.37774,36.86632],[-86.37492,36.86978],[-86.3745,36.87196],[-86.37456,36.87578]]]}},{"type":"Feature","properties":{"kind":"minor-water","name":"Dry Branch","ftype":558,"lengthKm":0.15,"hu8":"05110002","pid":"56291929"},"geometry":{"type":"MultiLineString","coordinates":[[[-86.46857,36.67405],[-86.46999,36.67341]]]}},{"type":"Feature","properties":{"kind":"minor-water","name":"Drakes Creek","ftype":558,"lengthKm":1.38,"hu8":"05110002","pid":"56289448"},"geometry":{"type":"MultiLineString","coordinates":[[[-86.39482,36.87753],[-86.39407,36.87896],[-86.39319,36.87981],[-86.38924,36.88203],[-86.38802,36.88224],[-86.38544,36.88183],[-86.38428,36.88208],[-86.38199,36.88205]]]}},{"type":"Feature","properties":{"kind":"minor-water","name":"Rose Creek","ftype":460,"lengthKm":1,"hu8":"05110002","pid":"56288897"},"geometry":{"type":"MultiLineString","coordinates":[[[-85.91722,36.87996],[-85.92028,36.88221],[-85.92226,36.88248],[-85.92328,36.88209],[-85.92478,36.88211],[-85.92561,36.88237],[-85.92673,36.88324]]]}},{"type":"Feature","properties":{"kind":"minor-water","name":"Sinking Creek","ftype":460,"lengthKm":0.11,"hu8":"05110002","pid":"56291015"},"geometry":{"type":"MultiLineString","coordinates":[[[-86.60544,36.75155],[-86.60489,36.7524]]]}},{"type":"Feature","properties":{"kind":"minor-water","name":"Barren Fork","ftype":460,"lengthKm":0.43,"hu8":"05110002","pid":"56286575"},"geometry":{"type":"MultiLineString","coordinates":[[[-85.83678,37.03411],[-85.83773,37.03384],[-85.83836,37.03404],[-85.83936,37.03361],[-85.84027,37.03305],[-85.8406,37.0324]]]}},{"type":"Feature","properties":{"kind":"minor-water","name":"Taylor Branch","ftype":460,"lengthKm":0.58,"hu8":"05110002","pid":"56287647"},"geometry":{"type":"MultiLineString","coordinates":[[[-85.74261,36.93214],[-85.74432,36.93487],[-85.7457,36.93607],[-85.74585,36.93661]]]}},{"type":"Feature","properties":{"kind":"minor-water","name":"Rock House Creek","ftype":460,"lengthKm":0.43,"hu8":"05110002","pid":"56288443"},"geometry":{"type":"MultiLineString","coordinates":[[[-86.73082,36.97274],[-86.72903,36.97299],[-86.7282,36.97454],[-86.72748,36.97503]]]}},{"type":"Feature","properties":{"kind":"minor-water","name":"Mount Pleasant Branch","ftype":460,"lengthKm":1.29,"hu8":"05110002","pid":"56288518"},"geometry":{"type":"MultiLineString","coordinates":[[[-85.92139,36.90362],[-85.92446,36.90427],[-85.92702,36.90635],[-85.92862,36.90915],[-85.9302,36.91062],[-85.9305,36.91169]]]}},{"type":"Feature","properties":{"kind":"minor-water","name":"Trace Creek","ftype":460,"lengthKm":1.66,"hu8":"05110002","pid":"56290597"},"geometry":{"type":"MultiLineString","coordinates":[[[-85.97079,36.74165],[-85.97511,36.74272],[-85.97807,36.74252],[-85.98039,36.74297],[-85.98152,36.74289],[-85.982,36.74316],[-85.98256,36.74304],[-85.98369,36.74393],[-85.98784,36.74193]]]}},{"type":"Feature","properties":{"kind":"minor-water","name":"Garrett Creek","ftype":460,"lengthKm":2.87,"hu8":"05110002","pid":"56293777"},"geometry":{"type":"MultiLineString","coordinates":[[[-86.24338,36.58632],[-86.24137,36.588],[-86.23922,36.58927],[-86.23787,36.58931],[-86.23623,36.59308],[-86.23542,36.59338],[-86.23314,36.59606],[-86.23268,36.59731],[-86.23258,36.59915],[-86.23037,36.60377],[-86.23067,36.60521],[-86.2305,36.60791]]]}},{"type":"Feature","properties":{"kind":"minor-water","name":"White Oak Branch","ftype":460,"lengthKm":1.76,"hu8":"05110002","pid":"56290725"},"geometry":{"type":"MultiLineString","coordinates":[[[-85.78203,36.7253],[-85.78114,36.72446],[-85.78102,36.72319],[-85.77972,36.7214],[-85.7792,36.71928],[-85.77841,36.71822],[-85.77677,36.71739],[-85.77615,36.71626],[-85.77617,36.71464],[-85.77513,36.71316],[-85.77366,36.71226],[-85.77358,36.71186]]]}},{"type":"Feature","properties":{"kind":"minor-water","name":"Isenburg Branch","ftype":460,"lengthKm":1.63,"hu8":"05110002","pid":"56290751"},"geometry":{"type":"MultiLineString","coordinates":[[[-85.79099,36.71326],[-85.79,36.71321],[-85.7855,36.71139],[-85.78314,36.71155],[-85.78075,36.71226],[-85.77848,36.71199],[-85.77712,36.71229],[-85.77485,36.7122],[-85.77358,36.71186]]]}},{"type":"Feature","properties":{"kind":"minor-water","name":"Jakes Branch","ftype":460,"lengthKm":0.55,"hu8":"05110002","pid":"56291071"},"geometry":{"type":"MultiLineString","coordinates":[[[-85.95897,36.69887],[-85.95819,36.69578],[-85.9583,36.69401]]]}},{"type":"Feature","properties":{"kind":"minor-water","name":"Long Hungry Creek","ftype":460,"lengthKm":0.23,"hu8":"05110002","pid":"56294350"},"geometry":{"type":"MultiLineString","coordinates":[[[-85.8829,36.5283],[-85.88338,36.52909],[-85.88293,36.53027]]]}},{"type":"Feature","properties":{"kind":"minor-water","name":"Dry Creek","ftype":460,"lengthKm":2.68,"hu8":"05110002","pid":"56291266"},"geometry":{"type":"MultiLineString","coordinates":[[[-86.13442,36.69634],[-86.13311,36.69642],[-86.12843,36.69403],[-86.12609,36.69358],[-86.12297,36.69483],[-86.12154,36.69481],[-86.11917,36.6954],[-86.11699,36.69852],[-86.11613,36.69911],[-86.11361,36.69951],[-86.11212,36.70064],[-86.11202,36.70145],[-86.11039,36.70255]]]}},{"type":"Feature","properties":{"kind":"minor-water","name":"Little Puncheon Creek","ftype":460,"lengthKm":0.19,"hu8":"05110002","pid":"56292592"},"geometry":{"type":"MultiLineString","coordinates":[[[-86.03683,36.61078],[-86.0351,36.61179]]]}},{"type":"Feature","properties":{"kind":"minor-water","name":"Barren River","ftype":558,"lengthKm":0.06,"hu8":"05110002","pid":"56288401"},"geometry":{"type":"MultiLineString","coordinates":[[[-86.27696,36.93894],[-86.27766,36.93882]]]}},{"type":"Feature","properties":{"kind":"minor-water","name":"Barren River","ftype":558,"lengthKm":0.26,"hu8":"05110002","pid":"56288772"},"geometry":{"type":"MultiLineString","coordinates":[[[-86.1675,36.90805],[-86.1701,36.90916]]]}},{"type":"Feature","properties":{"kind":"minor-water","name":"Skaggs Creek","ftype":558,"lengthKm":1.42,"hu8":"05110002","pid":"56288893"},"geometry":{"type":"MultiLineString","coordinates":[[[-85.85469,36.86822],[-85.85546,36.86997],[-85.85813,36.87144],[-85.85721,36.87613],[-85.85588,36.87951]]]}},{"type":"Feature","properties":{"kind":"minor-water","name":"Davis Branch","ftype":558,"lengthKm":0.47,"hu8":"05110002","pid":"56294174"},"geometry":{"type":"MultiLineString","coordinates":[[[-86.23806,36.56808],[-86.23663,36.56941],[-86.2339,36.57049]]]}},{"type":"Feature","properties":{"kind":"minor-water","name":"Long Fork","ftype":460,"lengthKm":0.26,"hu8":"05110002","pid":"56295073"},"geometry":{"type":"MultiLineString","coordinates":[[[-85.93513,36.47194],[-85.93547,36.47266],[-85.93541,36.47423]]]}},{"type":"Feature","properties":{"kind":"minor-water","name":"Peter Creek","ftype":460,"lengthKm":0.87,"hu8":"05110002","pid":"56289887"},"geometry":{"type":"MultiLineString","coordinates":[[[-85.91118,36.80213],[-85.91189,36.80288],[-85.91284,36.80316],[-85.91453,36.80451],[-85.91655,36.80509],[-85.91959,36.80501]]]}},{"type":"Feature","properties":{"kind":"minor-water","name":"Indian Creek","ftype":460,"lengthKm":1.62,"hu8":"05110002","pid":"56290754"},"geometry":{"type":"MultiLineString","coordinates":[[[-85.86125,36.72663],[-85.86215,36.72581],[-85.86209,36.72456],[-85.86425,36.72303],[-85.8671,36.72273],[-85.86797,36.72167],[-85.86994,36.72134],[-85.8711,36.72064],[-85.87274,36.72049],[-85.87479,36.71893]]]}},{"type":"Feature","properties":{"kind":"minor-water","name":"Sinking Creek","ftype":460,"lengthKm":0.98,"hu8":"05110002","pid":"56287118"},"geometry":{"type":"MultiLineString","coordinates":[[[-86.09607,37.00321],[-86.09933,37.00368],[-86.1021,37.00473],[-86.10448,37.0046],[-86.10644,37.00553]]]}},{"type":"Feature","properties":{"kind":"minor-water","name":"Swannigan Creek","ftype":460,"lengthKm":1.32,"hu8":"05110002","pid":"56287079"},"geometry":{"type":"MultiLineString","coordinates":[[[-85.81912,36.98355],[-85.82024,36.98398],[-85.82122,36.98613],[-85.8226,36.98669],[-85.82264,36.98752],[-85.82161,36.98821],[-85.8209,36.99015],[-85.82135,36.99205],[-85.82246,36.9932]]]}},{"type":"Feature","properties":{"kind":"minor-water","name":"Skaggs Creek","ftype":460,"lengthKm":0.05,"hu8":"05110002","pid":"56289516"},"geometry":{"type":"MultiLineString","coordinates":[[[-85.75772,36.81983],[-85.7583,36.81989]]]}},{"type":"Feature","properties":{"kind":"minor-water","name":"Falling Timber Creek","ftype":460,"lengthKm":0.57,"hu8":"05110002","pid":"56287688"},"geometry":{"type":"MultiLineString","coordinates":[[[-85.70457,36.9304],[-85.70546,36.93197],[-85.70873,36.93419]]]}},{"type":"Feature","properties":{"kind":"minor-water","name":"Gasper River","ftype":460,"lengthKm":0.28,"hu8":"05110002","pid":"56289012"},"geometry":{"type":"MultiLineString","coordinates":[[[-86.72521,36.93609],[-86.72218,36.93666]]]}},{"type":"Feature","properties":{"kind":"minor-water","name":"Dry Branch","ftype":460,"lengthKm":0.82,"hu8":"05110002","pid":"56289314"},"geometry":{"type":"MultiLineString","coordinates":[[[-85.71691,36.83637],[-85.71662,36.83523],[-85.71687,36.83499],[-85.71617,36.83347],[-85.71745,36.83276],[-85.71902,36.83001]]]}},{"type":"Feature","properties":{"kind":"minor-water","name":"Shoal Creek","ftype":460,"lengthKm":3.01,"hu8":"05110002","pid":"56289365"},"geometry":{"type":"MultiLineString","coordinates":[[[-85.84498,36.83758],[-85.84507,36.83867],[-85.84391,36.84008],[-85.84442,36.84222],[-85.84366,36.84322],[-85.84349,36.84418],[-85.84185,36.84542],[-85.84086,36.84792],[-85.84057,36.84959],[-85.84114,36.85066],[-85.84107,36.8515],[-85.84067,36.85208],[-85.839,36.85283],[-85.83864,36.85437],[-85.83821,36.85486],[-85.83842,36.85616],[-85.83898,36.85693],[-85.8403,36.8575],[-85.84115,36.8585],[-85.84388,36.86042]]]}},{"type":"Feature","properties":{"kind":"minor-water","name":"Indian Camp Branch","ftype":460,"lengthKm":1.01,"hu8":"05110002","pid":"56290324"},"geometry":{"type":"MultiLineString","coordinates":[[[-85.92422,36.76275],[-85.92338,36.76436],[-85.92344,36.7659],[-85.92387,36.7668],[-85.92288,36.76743],[-85.92268,36.76911],[-85.92276,36.76937],[-85.92384,36.76967],[-85.92438,36.77052]]]}},{"type":"Feature","properties":{"kind":"minor-water","name":"Peter Creek","ftype":460,"lengthKm":1.22,"hu8":"05110002","pid":"56290390"},"geometry":{"type":"MultiLineString","coordinates":[[[-85.83346,36.74771],[-85.83778,36.74708],[-85.83964,36.74799],[-85.84122,36.75027],[-85.84336,36.75121],[-85.8448,36.75111]]]}},{"type":"Feature","properties":{"kind":"minor-water","name":"Hams Branch","ftype":460,"lengthKm":0.1,"hu8":"05110002","pid":"56290634"},"geometry":{"type":"MultiLineString","coordinates":[[[-86.38091,36.77167],[-86.38078,36.77259]]]}},{"type":"Feature","properties":{"kind":"minor-water","name":"Hurricane Creek","ftype":460,"lengthKm":0.91,"hu8":"05110002","pid":"56292104"},"geometry":{"type":"MultiLineString","coordinates":[[[-85.7073,36.60109],[-85.70882,36.60431],[-85.70826,36.60523],[-85.70852,36.60572],[-85.70959,36.60642],[-85.71203,36.60696]]]}},{"type":"Feature","properties":{"kind":"minor-water","name":"York Branch","ftype":460,"lengthKm":0.04,"hu8":"05110002","pid":"56292307"},"geometry":{"type":"MultiLineString","coordinates":[[[-85.85535,36.6061],[-85.85566,36.60637]]]}},{"type":"Feature","properties":{"kind":"minor-water","name":"Long Creek","ftype":460,"lengthKm":0.38,"hu8":"05110002","pid":"56292848"},"geometry":{"type":"MultiLineString","coordinates":[[[-86.11821,36.60763],[-86.11741,36.6087],[-86.11732,36.60971],[-86.11645,36.6106]]]}},{"type":"Feature","properties":{"kind":"minor-water","name":"Janey Branch","ftype":460,"lengthKm":2.98,"hu8":"05110002","pid":"56293415"},"geometry":{"type":"MultiLineString","coordinates":[[[-86.24679,36.59942],[-86.24663,36.60076],[-86.24765,36.60275],[-86.24759,36.60351],[-86.24811,36.6045],[-86.24757,36.60788],[-86.24572,36.61048],[-86.24562,36.6121],[-86.24487,36.61328],[-86.24406,36.616],[-86.24354,36.61657],[-86.24259,36.61692],[-86.24118,36.61884],[-86.24064,36.62035],[-86.23984,36.62092],[-86.23936,36.62213],[-86.23722,36.62275]]]}},{"type":"Feature","properties":{"kind":"minor-water","name":"White Oak Creek","ftype":460,"lengthKm":0.11,"hu8":"05110002","pid":"56294602"},"geometry":{"type":"MultiLineString","coordinates":[[[-85.98373,36.51977],[-85.98482,36.52017]]]}},{"type":"Feature","properties":{"kind":"minor-water","name":"Long Fork","ftype":460,"lengthKm":0.35,"hu8":"05110002","pid":"56294635"},"geometry":{"type":"MultiLineString","coordinates":[[[-85.93437,36.51324],[-85.9336,36.51422],[-85.93419,36.51614]]]}},{"type":"Feature","properties":{"kind":"minor-water","name":"Trammel Creek","ftype":558,"lengthKm":0.15,"hu8":"05110002","pid":"56290269"},"geometry":{"type":"MultiLineString","coordinates":[[[-86.33451,36.80158],[-86.33623,36.80142]]]}},{"type":"Feature","properties":{"kind":"minor-water","name":"Barren River","ftype":558,"lengthKm":0.25,"hu8":"05110002","pid":"56291455"},"geometry":{"type":"MultiLineString","coordinates":[[[-85.8181,36.65424],[-85.81665,36.65618]]]}},{"type":"Feature","properties":{"kind":"minor-water","name":"Salt Lick Creek","ftype":558,"lengthKm":0.02,"hu8":"05110002","pid":"56292283"},"geometry":{"type":"MultiLineString","coordinates":[[[-85.89934,36.61028],[-85.89946,36.6104]]]}},{"type":"Feature","properties":{"kind":"minor-water","name":"Barren River","ftype":558,"lengthKm":1.84,"hu8":"05110002","pid":"56291372"},"geometry":{"type":"MultiLineString","coordinates":[[[-85.91573,36.67172],[-85.91681,36.67049],[-85.92011,36.66987],[-85.92296,36.66973],[-85.92501,36.67039],[-85.92626,36.67179],[-85.92839,36.67806]]]}},{"type":"Feature","properties":{"kind":"minor-water","name":"Salt Lick Creek","ftype":558,"lengthKm":0.5,"hu8":"05110002","pid":"56292370"},"geometry":{"type":"MultiLineString","coordinates":[[[-85.8953,36.60733],[-85.89737,36.6081],[-85.89934,36.61028]]]}},{"type":"Feature","properties":{"kind":"minor-water","name":"Long Fork","ftype":558,"lengthKm":0.5,"hu8":"05110002","pid":"56293825"},"geometry":{"type":"MultiLineString","coordinates":[[[-85.93773,36.55946],[-85.93841,36.56295],[-85.93879,36.56342],[-85.9393,36.56347]]]}},{"type":"Feature","properties":{"kind":"minor-water","name":"Black Lick Creek","ftype":460,"lengthKm":0.12,"hu8":"05110002","pid":"56289262"},"geometry":{"type":"MultiLineString","coordinates":[[[-86.6726,36.91227],[-86.67133,36.91275]]]}},{"type":"Feature","properties":{"kind":"minor-water","name":"Drakes Creek","ftype":558,"lengthKm":0.18,"hu8":"05110002","pid":"56289373"},"geometry":{"type":"MultiLineString","coordinates":[[[-86.37841,36.8819],[-86.37781,36.88095],[-86.37716,36.88092]]]}},{"type":"Feature","properties":{"kind":"minor-water","name":"Trace Creek","ftype":460,"lengthKm":0.32,"hu8":"05110002","pid":"56293918"},"geometry":{"type":"MultiLineString","coordinates":[[[-85.78273,36.54236],[-85.78231,36.54396],[-85.78267,36.54515]]]}},{"type":"Feature","properties":{"kind":"minor-water","name":"Swannigan Creek","ftype":460,"lengthKm":0.56,"hu8":"05110002","pid":"56287279"},"geometry":{"type":"MultiLineString","coordinates":[[[-85.80564,36.96634],[-85.81036,36.96964]]]}},{"type":"Feature","properties":{"kind":"minor-water","name":"Trammel Creek","ftype":460,"lengthKm":0.72,"hu8":"05110002","pid":"56292073"},"geometry":{"type":"MultiLineString","coordinates":[[[-86.20072,36.64381],[-86.20114,36.64542],[-86.20199,36.64556],[-86.20234,36.64612],[-86.20281,36.6484],[-86.20336,36.64882],[-86.20339,36.64943]]]}},{"type":"Feature","properties":{"kind":"minor-water","name":"Puncheon Creek","ftype":460,"lengthKm":0.67,"hu8":"05110002","pid":"56292121"},"geometry":{"type":"MultiLineString","coordinates":[[[-86.00648,36.6257],[-86.00596,36.62848],[-86.00517,36.62993],[-86.00478,36.63157]]]}},{"type":"Feature","properties":{"kind":"minor-water","name":"Clear Fork Creek","ftype":460,"lengthKm":1.17,"hu8":"05110002","pid":"56289403"},"geometry":{"type":"MultiLineString","coordinates":[[[-86.65101,36.90089],[-86.65132,36.90256],[-86.65265,36.90363],[-86.65293,36.90436],[-86.65286,36.90519],[-86.65226,36.90601],[-86.65236,36.90676],[-86.65317,36.90659],[-86.65389,36.90693],[-86.65384,36.90966]]]}},{"type":"Feature","properties":{"kind":"minor-water","name":"Curtis Branch","ftype":460,"lengthKm":0.9,"hu8":"05110002","pid":"56290947"},"geometry":{"type":"MultiLineString","coordinates":[[[-85.70902,36.69298],[-85.70635,36.68916],[-85.70672,36.68685],[-85.70586,36.6856]]]}},{"type":"Feature","properties":{"kind":"minor-water","name":"Trammel Creek","ftype":460,"lengthKm":0.99,"hu8":"05110002","pid":"56291405"},"geometry":{"type":"MultiLineString","coordinates":[[[-86.22573,36.69159],[-86.22531,36.69314],[-86.22684,36.69501],[-86.22856,36.69568],[-86.23005,36.69563],[-86.23039,36.69734],[-86.23112,36.69765]]]}},{"type":"Feature","properties":{"kind":"minor-water","name":"Indian Creek","ftype":460,"lengthKm":1,"hu8":"05110002","pid":"56290623"},"geometry":{"type":"MultiLineString","coordinates":[[[-85.84056,36.72859],[-85.84174,36.72946],[-85.84291,36.72948],[-85.84358,36.7299],[-85.84847,36.72912],[-85.84971,36.72916],[-85.85097,36.72864]]]}},{"type":"Feature","properties":{"kind":"minor-water","name":"Buck Creek","ftype":460,"lengthKm":1.22,"hu8":"05110002","pid":"56291579"},"geometry":{"type":"MultiLineString","coordinates":[[[-86.28788,36.68247],[-86.28687,36.68312],[-86.2866,36.68368],[-86.28721,36.6859],[-86.28726,36.68749],[-86.28636,36.68914],[-86.28584,36.69281]]]}},{"type":"Feature","properties":{"kind":"minor-water","name":"Town Creek","ftype":460,"lengthKm":3.02,"hu8":"05110002","pid":"6a83c9dc-c9d1-468f-ab79-88f90b1e4b5e"},"geometry":{"type":"MultiLineString","coordinates":[[[-85.68457,36.70344],[-85.68521,36.70255],[-85.68694,36.70259],[-85.68738,36.70159],[-85.68892,36.70088],[-85.68935,36.69992],[-85.68894,36.69939],[-85.68977,36.69892],[-85.68946,36.69818],[-85.68998,36.69704],[-85.691,36.69628],[-85.69135,36.69559],[-85.69324,36.69471],[-85.69511,36.6927],[-85.69557,36.69147],[-85.69653,36.6908],[-85.69648,36.68929],[-85.69711,36.68889],[-85.69981,36.68542],[-85.70201,36.68393],[-85.703,36.68388]]]}},{"type":"Feature","properties":{"kind":"minor-water","name":"Lick Creek","ftype":460,"lengthKm":0.43,"hu8":"05110002","pid":"56286870"},"geometry":{"type":"MultiLineString","coordinates":[[[-86.63547,37.07362],[-86.63199,37.07093]]]}},{"type":"Feature","properties":{"kind":"minor-water","name":"Drakes Creek","ftype":558,"lengthKm":0.55,"hu8":"05110002","pid":"56289220"},"geometry":{"type":"MultiLineString","coordinates":[[[-86.38802,36.89497],[-86.38778,36.89422],[-86.38676,36.89359],[-86.38288,36.89406]]]}},{"type":"Feature","properties":{"kind":"minor-water","name":"Black Lick Creek","ftype":460,"lengthKm":0.54,"hu8":"05110002","pid":"56289105"},"geometry":{"type":"MultiLineString","coordinates":[[[-86.66855,36.92447],[-86.6695,36.92571],[-86.66905,36.92706],[-86.66924,36.92906]]]}},{"type":"Feature","properties":{"kind":"minor-water","name":"Snyder Branch","ftype":460,"lengthKm":0.16,"hu8":"05110002","pid":"56290893"},"geometry":{"type":"MultiLineString","coordinates":[[[-86.2914,36.73851],[-86.28989,36.73927]]]}},{"type":"Feature","properties":{"kind":"minor-water","name":"Little Sinking Creek","ftype":460,"lengthKm":0.26,"hu8":"05110002","pid":"{9117B305-3C8D-439C-89A9-9992DECE3189}"},"geometry":{"type":"MultiLineString","coordinates":[[[-86.04312,37.02494],[-86.04541,37.02481],[-86.04581,37.02516]]]}},{"type":"Feature","properties":{"kind":"minor-water","name":"Little Sinking Creek","ftype":460,"lengthKm":0.45,"hu8":"05110002","pid":"{6B785B33-B960-4C43-8219-DB771ED144E1}"},"geometry":{"type":"MultiLineString","coordinates":[[[-86.04235,37.02049],[-86.04145,37.02114],[-86.04132,37.0217],[-86.04183,37.02422]]]}},{"type":"Feature","properties":{"kind":"minor-water","name":"Peter Creek","ftype":460,"lengthKm":0.06,"hu8":"05110002","pid":"56290088"},"geometry":{"type":"MultiLineString","coordinates":[[[-85.88039,36.78176],[-85.88038,36.78228]]]}},{"type":"Feature","properties":{"kind":"minor-water","name":"Clifty Creek","ftype":460,"lengthKm":0.3,"hu8":"05110002","pid":"56286592"},"geometry":{"type":"MultiLineString","coordinates":[[[-86.60485,37.09275],[-86.60211,37.09432]]]}},{"type":"Feature","properties":{"kind":"minor-water","name":"Lick Creek","ftype":460,"lengthKm":0.69,"hu8":"05110002","pid":"56286830"},"geometry":{"type":"MultiLineString","coordinates":[[[-86.64068,37.07593],[-86.63968,37.07654],[-86.63782,37.0759],[-86.63666,37.07595],[-86.63549,37.07489],[-86.63547,37.07362]]]}},{"type":"Feature","properties":{"kind":"minor-water","name":"Pierce Creek","ftype":460,"lengthKm":0.82,"hu8":"05110002","pid":"56287602"},"geometry":{"type":"MultiLineString","coordinates":[[[-85.84148,36.9489],[-85.84126,36.94757],[-85.84049,36.94646],[-85.8402,36.94533],[-85.83782,36.94458],[-85.837,36.94317]]]}},{"type":"Feature","properties":{"kind":"minor-water","name":"Gasper River","ftype":460,"lengthKm":0.66,"hu8":"05110002","pid":"56289020"},"geometry":{"type":"MultiLineString","coordinates":[[[-86.73258,36.93774],[-86.73103,36.93749],[-86.72949,36.93635],[-86.72577,36.93602]]]}},{"type":"Feature","properties":{"kind":"minor-water","name":"North Prong Bays Fork","ftype":460,"lengthKm":2.65,"hu8":"05110002","pid":"56290213"},"geometry":{"type":"MultiLineString","coordinates":[[[-86.15308,36.79143],[-86.1552,36.79254],[-86.15878,36.79503],[-86.15972,36.79644],[-86.16474,36.80031],[-86.16774,36.80102],[-86.16912,36.80233],[-86.17255,36.8031],[-86.17654,36.80512]]]}},{"type":"Feature","properties":{"kind":"minor-water","name":"Walnut Creek","ftype":460,"lengthKm":1.18,"hu8":"05110002","pid":"56290369"},"geometry":{"type":"MultiLineString","coordinates":[[[-86.11481,36.774],[-86.11391,36.77587],[-86.11216,36.77738],[-86.11068,36.77804],[-86.10938,36.77929],[-86.10854,36.78077],[-86.10868,36.78198],[-86.1081,36.78249]]]}},{"type":"Feature","properties":{"kind":"minor-water","name":"Line Creek","ftype":460,"lengthKm":0.63,"hu8":"05110002","pid":"56292070"},"geometry":{"type":"MultiLineString","coordinates":[[[-85.73418,36.60598],[-85.73468,36.60535],[-85.73582,36.60525],[-85.73799,36.60562],[-85.7403,36.60684]]]}},{"type":"Feature","properties":{"kind":"minor-water","name":"West Fork Drakes Creek","ftype":460,"lengthKm":0.16,"hu8":"05110002","pid":"56294882"},"geometry":{"type":"MultiLineString","coordinates":[[[-86.4719,36.53782],[-86.47148,36.53848],[-86.47158,36.53918]]]}},{"type":"Feature","properties":{"kind":"minor-water","name":"Morrison Branch","ftype":460,"lengthKm":1.24,"hu8":"05110002","pid":"56293951"},"geometry":{"type":"MultiLineString","coordinates":[[[-86.1975,36.57606],[-86.20197,36.57898],[-86.20227,36.58283],[-86.20147,36.58363],[-86.20154,36.58463],[-86.20111,36.58513]]]}},{"type":"Feature","properties":{"kind":"minor-water","name":"White Oak Creek","ftype":460,"lengthKm":0.97,"hu8":"05110002","pid":"56294375"},"geometry":{"type":"MultiLineString","coordinates":[[[-85.99501,36.53617],[-85.99632,36.53758],[-85.99815,36.53835],[-85.99871,36.53897],[-85.99803,36.54101],[-85.9974,36.54162],[-85.99725,36.54329]]]}},{"type":"Feature","properties":{"kind":"minor-water","name":"Black Lick Creek","ftype":460,"lengthKm":0.96,"hu8":"05110002","pid":"{4B6162E5-A016-4DD7-B917-FBBF9FDFA2C1}"},"geometry":{"type":"MultiLineString","coordinates":[[[-86.70788,36.86357],[-86.70673,36.86495],[-86.70708,36.86543],[-86.70628,36.86606],[-86.70823,36.86838],[-86.70843,36.86982],[-86.70929,36.87087]]]}},{"type":"Feature","properties":{"kind":"minor-water","name":"Skaggs Creek","ftype":558,"lengthKm":1.03,"hu8":"05110002","pid":"56288128"},"geometry":{"type":"MultiLineString","coordinates":[[[-85.90916,36.92012],[-85.90868,36.92095],[-85.90923,36.92164],[-85.91046,36.92218],[-85.91226,36.92217],[-85.91489,36.92131],[-85.91603,36.92045],[-85.91693,36.91917]]]}},{"type":"Feature","properties":{"kind":"minor-water","name":"Long Fork","ftype":558,"lengthKm":0.87,"hu8":"05110002","pid":"56294446"},"geometry":{"type":"MultiLineString","coordinates":[[[-85.93628,36.52755],[-85.93719,36.52961],[-85.93729,36.53255],[-85.93684,36.53518]]]}},{"type":"Feature","properties":{"kind":"minor-water","name":"Barren River","ftype":558,"lengthKm":0.92,"hu8":"05110002","pid":"56291449"},"geometry":{"type":"MultiLineString","coordinates":[[[-85.85085,36.65746],[-85.85148,36.65845],[-85.85137,36.66013],[-85.84804,36.66493]]]}},{"type":"Feature","properties":{"kind":"minor-water","name":"Sugar Creek","ftype":460,"lengthKm":0.47,"hu8":"05110002","pid":"56291082"},"geometry":{"type":"MultiLineString","coordinates":[[[-85.82572,36.68554],[-85.82837,36.6839],[-85.82941,36.68264]]]}},{"type":"Feature","properties":{"kind":"minor-water","name":"Little Trace Creek","ftype":460,"lengthKm":0.51,"hu8":"05110002","pid":"56293866"},"geometry":{"type":"MultiLineString","coordinates":[[[-85.69173,36.53699],[-85.69291,36.5383],[-85.6928,36.53931],[-85.69203,36.5401],[-85.6923,36.54102]]]}},{"type":"Feature","properties":{"kind":"minor-water","name":"Dry Fork Creek","ftype":460,"lengthKm":0.37,"hu8":"05110002","pid":"56294622"},"geometry":{"type":"MultiLineString","coordinates":[[[-86.43204,36.55479],[-86.43215,36.5561],[-86.43324,36.55787]]]}},{"type":"Feature","properties":{"kind":"minor-water","name":"Peter Creek","ftype":460,"lengthKm":0.03,"hu8":"05110002","pid":"56290054"},"geometry":{"type":"MultiLineString","coordinates":[[[-85.88615,36.78463],[-85.88635,36.78483]]]}},{"type":"Feature","properties":{"kind":"minor-water","name":"East Fork Barren River","ftype":558,"lengthKm":1.32,"hu8":"05110002","pid":"56290438"},"geometry":{"type":"MultiLineString","coordinates":[[[-85.74521,36.74545],[-85.74714,36.74445],[-85.7477,36.74344],[-85.74865,36.74264],[-85.74952,36.74085],[-85.74925,36.73979],[-85.74948,36.73945],[-85.7514,36.73831],[-85.75449,36.73787]]]}},{"type":"Feature","properties":{"kind":"minor-water","name":"Drakes Creek","ftype":558,"lengthKm":0.32,"hu8":"05110002","pid":"56289360"},"geometry":{"type":"MultiLineString","coordinates":[[[-86.38199,36.88205],[-86.37841,36.8819]]]}},{"type":"Feature","properties":{"kind":"minor-water","name":"Trace Creek","ftype":460,"lengthKm":0.03,"hu8":"05110002","pid":"56294003"},"geometry":{"type":"MultiLineString","coordinates":[[[-85.78334,36.53893],[-85.78345,36.53916]]]}},{"type":"Feature","properties":{"kind":"minor-water","name":"Trace Creek","ftype":460,"lengthKm":0.38,"hu8":"05110002","pid":"56293997"},"geometry":{"type":"MultiLineString","coordinates":[[[-85.78345,36.53916],[-85.78385,36.54053],[-85.78273,36.54236]]]}},{"type":"Feature","properties":{"kind":"minor-water","name":"East Fork Barren River","ftype":460,"lengthKm":1.11,"hu8":"05110002","pid":"56290285"},"geometry":{"type":"MultiLineString","coordinates":[[[-85.681,36.75214],[-85.68236,36.7522],[-85.68439,36.75005],[-85.68677,36.7491],[-85.6878,36.74932],[-85.68981,36.74654]]]}},{"type":"Feature","properties":{"kind":"minor-water","name":"Dry Branch","ftype":460,"lengthKm":1.32,"hu8":"05110002","pid":"56291930"},"geometry":{"type":"MultiLineString","coordinates":[[[-86.46999,36.67341],[-86.47145,36.67389],[-86.47178,36.6743],[-86.47342,36.67468],[-86.47521,36.67453],[-86.47894,36.67506],[-86.47953,36.67547],[-86.48177,36.67861]]]}},{"type":"Feature","properties":{"kind":"minor-water","name":"Drakes Creek","ftype":558,"lengthKm":0.01,"hu8":"05110002","pid":"56289185"},"geometry":{"type":"MultiLineString","coordinates":[[[-86.38078,36.89553],[-86.38074,36.89557]]]}},{"type":"Feature","properties":{"kind":"minor-water","name":"Skaggs Creek","ftype":460,"lengthKm":0.84,"hu8":"05110002","pid":"56289391"},"geometry":{"type":"MultiLineString","coordinates":[[[-85.7792,36.83217],[-85.78153,36.83121],[-85.78357,36.83205],[-85.78427,36.83185],[-85.78444,36.83147],[-85.78587,36.83116],[-85.78682,36.83132],[-85.78735,36.83188]]]}},{"type":"Feature","properties":{"kind":"minor-water","name":"Swannigan Creek","ftype":558,"lengthKm":0.12,"hu8":"05110002","pid":"56287295"},"geometry":{"type":"MultiLineString","coordinates":[[[-85.78841,36.96399],[-85.7897,36.96376]]]}},{"type":"Feature","properties":{"kind":"minor-water","name":"Boyds Creek","ftype":558,"lengthKm":0.07,"hu8":"05110002","pid":"6d8f671b-cce2-46a5-a658-503b4697fd56"},"geometry":{"type":"MultiLineString","coordinates":[[[-85.87675,36.96652],[-85.87699,36.96593]]]}},{"type":"Feature","properties":{"kind":"minor-water","name":"Sinking Creek","ftype":460,"lengthKm":0.96,"hu8":"05110002","pid":"56290585"},"geometry":{"type":"MultiLineString","coordinates":[[[-86.5849,36.79093],[-86.58469,36.79131],[-86.58498,36.79222],[-86.58467,36.79278],[-86.58508,36.79367],[-86.58503,36.79494],[-86.58392,36.79651],[-86.58458,36.79735],[-86.58617,36.79842]]]}},{"type":"Feature","properties":{"kind":"minor-water","name":"Drakes Creek","ftype":558,"lengthKm":0.36,"hu8":"05110002","pid":"56289479"},"geometry":{"type":"MultiLineString","coordinates":[[[-86.39304,36.87573],[-86.3947,36.87565],[-86.39498,36.87649],[-86.39482,36.87753]]]}},{"type":"Feature","properties":{"kind":"minor-water","name":"Skaggs Creek","ftype":460,"lengthKm":0.07,"hu8":"05110002","pid":"56289474"},"geometry":{"type":"MultiLineString","coordinates":[[[-85.7647,36.82376],[-85.76541,36.82403]]]}},{"type":"Feature","properties":{"kind":"minor-water","name":"Black Lick Creek","ftype":460,"lengthKm":2.34,"hu8":"05110002","pid":"56288850"},"geometry":{"type":"MultiLineString","coordinates":[[[-86.6601,36.95376],[-86.6581,36.95308],[-86.65748,36.95249],[-86.65774,36.95071],[-86.65689,36.94987],[-86.65656,36.94872],[-86.65462,36.94742],[-86.64986,36.94575],[-86.64938,36.94482],[-86.64973,36.94438],[-86.64942,36.94394],[-86.64531,36.94306],[-86.6417,36.94287]]]}},{"type":"Feature","properties":{"kind":"minor-water","name":"Belcher Creek","ftype":460,"lengthKm":1.02,"hu8":"05110002","pid":"56287320"},"geometry":{"type":"MultiLineString","coordinates":[[[-86.66944,37.03286],[-86.66833,37.03389],[-86.66829,37.03477],[-86.66674,37.03625],[-86.6665,37.03744],[-86.66392,37.03758],[-86.66291,37.03867],[-86.66248,37.03864]]]}},{"type":"Feature","properties":{"kind":"minor-water","name":"Little Beaver Creek","ftype":460,"lengthKm":0.41,"hu8":"05110002","pid":"56286982"},"geometry":{"type":"MultiLineString","coordinates":[[[-86.01794,37.00758],[-86.01667,37.00961],[-86.01657,37.01033],[-86.01693,37.01092]]]}},{"type":"Feature","properties":{"kind":"minor-water","name":"Nobob Creek","ftype":460,"lengthKm":0.26,"hu8":"05110002","pid":"56289119"},"geometry":{"type":"MultiLineString","coordinates":[[[-85.79466,36.85395],[-85.7961,36.85336],[-85.79642,36.85237]]]}},{"type":"Feature","properties":{"kind":"minor-water","name":"Glover Creek","ftype":460,"lengthKm":0.38,"hu8":"05110002","pid":"56290252"},"geometry":{"type":"MultiLineString","coordinates":[[[-85.99144,36.77444],[-85.9924,36.77513],[-85.99531,36.77489]]]}},{"type":"Feature","properties":{"kind":"minor-water","name":"Little Salt Lick Creek","ftype":460,"lengthKm":0.34,"hu8":"05110002","pid":"56293034"},"geometry":{"type":"MultiLineString","coordinates":[[[-85.86569,36.58234],[-85.86695,36.5823],[-85.86887,36.58176],[-85.86928,36.58205]]]}},{"type":"Feature","properties":{"kind":"minor-water","name":"Trace Creek","ftype":460,"lengthKm":0.51,"hu8":"05110002","pid":"56292589"},"geometry":{"type":"MultiLineString","coordinates":[[[-85.7775,36.58899],[-85.77859,36.59109],[-85.77856,36.59251],[-85.77781,36.59317]]]}},{"type":"Feature","properties":{"kind":"minor-water","name":"West Fork Drakes Creek","ftype":460,"lengthKm":0.55,"hu8":"05110002","pid":"56295058"},"geometry":{"type":"MultiLineString","coordinates":[[[-86.47257,36.51782],[-86.47279,36.52012],[-86.47225,36.52068],[-86.4718,36.5226]]]}},{"type":"Feature","properties":{"kind":"minor-water","name":"Black Lick Creek","ftype":460,"lengthKm":2.07,"hu8":"05110002","pid":"56289585"},"geometry":{"type":"MultiLineString","coordinates":[[[-86.69043,36.88898],[-86.68896,36.88901],[-86.6881,36.8895],[-86.68662,36.88972],[-86.68573,36.89075],[-86.68412,36.89099],[-86.68349,36.89146],[-86.68249,36.89102],[-86.68164,36.89102],[-86.68098,36.89164],[-86.67999,36.89126],[-86.67949,36.89201],[-86.67873,36.89188],[-86.67812,36.89247],[-86.67653,36.892],[-86.67674,36.89305],[-86.67433,36.89447],[-86.67492,36.89496],[-86.67396,36.89578]]]}},{"type":"Feature","properties":{"kind":"minor-water","name":"Drakes Creek","ftype":558,"lengthKm":1.88,"hu8":"05110002","pid":"56289482"},"geometry":{"type":"MultiLineString","coordinates":[[[-86.37456,36.87578],[-86.3751,36.87625],[-86.37672,36.87677],[-86.37964,36.87675],[-86.38044,36.87639],[-86.38073,36.87519],[-86.38121,36.87471],[-86.38517,36.87415],[-86.38708,36.87481],[-86.38872,36.87466],[-86.39052,36.87563],[-86.39304,36.87573]]]}},{"type":"Feature","properties":{"kind":"minor-water","name":"Skaggs Creek","ftype":558,"lengthKm":1.8,"hu8":"05110002","pid":"56289109"},"geometry":{"type":"MultiLineString","coordinates":[[[-85.82696,36.85578],[-85.82848,36.8561],[-85.83025,36.85764],[-85.8309,36.85871],[-85.83291,36.85975],[-85.83303,36.86034],[-85.83255,36.86118],[-85.82723,36.86379],[-85.82688,36.86516],[-85.82711,36.86695]]]}},{"type":"Feature","properties":{"kind":"minor-water","name":"Salt Lick Creek","ftype":558,"lengthKm":0.46,"hu8":"05110002","pid":"56293019"},"geometry":{"type":"MultiLineString","coordinates":[[[-85.87292,36.58368],[-85.87805,36.58307]]]}},{"type":"Feature","properties":{"kind":"minor-water","name":"Long Fork","ftype":558,"lengthKm":0.15,"hu8":"05110002","pid":"56293268"},"geometry":{"type":"MultiLineString","coordinates":[[[-85.93775,36.57968],[-85.93629,36.58029]]]}},{"type":"Feature","properties":{"kind":"minor-water","name":"Little Salt Lick Creek","ftype":558,"lengthKm":0.03,"hu8":"05110002","pid":"56293854"},"geometry":{"type":"MultiLineString","coordinates":[[[-85.8098,36.5475],[-85.80987,36.54775]]]}},{"type":"Feature","properties":{"kind":"minor-water","name":"Peter Creek","ftype":460,"lengthKm":1.12,"hu8":"05110002","pid":"56290386"},"geometry":{"type":"MultiLineString","coordinates":[[[-85.8448,36.75111],[-85.8469,36.7507],[-85.84942,36.75103],[-85.84973,36.75183],[-85.85099,36.75215],[-85.85133,36.75358],[-85.85212,36.75435],[-85.85174,36.75522],[-85.85232,36.75611]]]}},{"type":"Feature","properties":{"kind":"minor-water","name":"Trammel Creek","ftype":460,"lengthKm":0.81,"hu8":"05110002","pid":"56293041"},"geometry":{"type":"MultiLineString","coordinates":[[[-86.19317,36.60843],[-86.19405,36.60956],[-86.19416,36.61028],[-86.19175,36.61383],[-86.19192,36.61497]]]}},{"type":"Feature","properties":{"kind":"minor-water","name":"Peter Creek","ftype":460,"lengthKm":0.45,"hu8":"05110002","pid":"56290123"},"geometry":{"type":"MultiLineString","coordinates":[[[-85.87707,36.77886],[-85.87825,36.78021],[-85.87957,36.78081],[-85.88039,36.78176]]]}},{"type":"Feature","properties":{"kind":"minor-water","name":"Town Creek","ftype":460,"lengthKm":0.36,"hu8":"05110002","pid":"{6932448D-CA82-4742-B37B-ECF0DD8B98EB}"},"geometry":{"type":"MultiLineString","coordinates":[[[-85.67893,36.71696],[-85.67981,36.71676],[-85.68184,36.71491]]]}},{"type":"Feature","properties":{"kind":"minor-water","name":"Skaggs Creek","ftype":460,"lengthKm":0.87,"hu8":"05110002","pid":"56289566"},"geometry":{"type":"MultiLineString","coordinates":[[[-85.73754,36.81404],[-85.73811,36.815],[-85.7407,36.8158],[-85.74388,36.81492],[-85.74429,36.81406],[-85.74535,36.81447]]]}},{"type":"Feature","properties":{"kind":"minor-water","name":"Drakes Creek","ftype":558,"lengthKm":2.95,"hu8":"05110002","pid":"56289282"},"geometry":{"type":"MultiLineString","coordinates":[[[-86.37531,36.88775],[-86.37579,36.88897],[-86.37762,36.88948],[-86.38142,36.88949],[-86.38281,36.88837],[-86.38364,36.88814],[-86.38668,36.88828],[-86.389,36.88877],[-86.3919,36.89029],[-86.3921,36.89177],[-86.39494,36.89358],[-86.3952,36.89407],[-86.39424,36.89489],[-86.39209,36.89549],[-86.38869,36.89534],[-86.38802,36.89497]]]}},{"type":"Feature","properties":{"kind":"minor-water","name":"Swannigan Creek","ftype":460,"lengthKm":0.35,"hu8":"05110002","pid":"56287291"},"geometry":{"type":"MultiLineString","coordinates":[[[-85.78725,36.96602],[-85.78653,36.96527],[-85.7866,36.96474],[-85.78737,36.9642],[-85.78841,36.96399]]]}},{"type":"Feature","properties":{"kind":"minor-water","name":"Trammel Creek","ftype":460,"lengthKm":0.38,"hu8":"05110002","pid":"56292278"},"geometry":{"type":"MultiLineString","coordinates":[[[-86.19735,36.63511],[-86.19876,36.63537],[-86.19741,36.63739]]]}},{"type":"Feature","properties":{"kind":"minor-water","name":"Jennings Creek","ftype":460,"lengthKm":2.27,"hu8":"05110002","pid":"56287483"},"geometry":{"type":"MultiLineString","coordinates":[[[-86.48135,37.0035],[-86.48021,37.0059],[-86.47927,37.00577],[-86.47862,37.0052],[-86.47733,37.00266],[-86.47581,37.00335],[-86.47433,37.00532],[-86.47203,37.00472],[-86.47133,37.00746],[-86.46981,37.0085],[-86.47174,37.00931],[-86.47045,37.01076]]]}},{"type":"Feature","properties":{"kind":"minor-water","name":"East Fork Barren River","ftype":558,"lengthKm":0.68,"hu8":"05110002","pid":"56290640"},"geometry":{"type":"MultiLineString","coordinates":[[[-85.75311,36.7233],[-85.75378,36.72283],[-85.75393,36.72222],[-85.7547,36.72209],[-85.75602,36.72108],[-85.75897,36.7198]]]}},{"type":"Feature","properties":{"kind":"minor-water","name":"Richland Creek","ftype":460,"lengthKm":0.3,"hu8":"05110002","pid":"56286678"},"geometry":{"type":"MultiLineString","coordinates":[[[-86.71388,37.09483],[-86.71066,37.09552]]]}},{"type":"Feature","properties":{"kind":"minor-water","name":"Chism Creek","ftype":460,"lengthKm":0.39,"hu8":"05110002","pid":"56288242"},"geometry":{"type":"MultiLineString","coordinates":[[[-86.55792,36.96658],[-86.56081,36.96925]]]}},{"type":"Feature","properties":{"kind":"minor-water","name":"Difficult Creek","ftype":460,"lengthKm":1.6,"hu8":"05110002","pid":"56289129"},"geometry":{"type":"MultiLineString","coordinates":[[[-86.15318,36.88096],[-86.15197,36.88294],[-86.15122,36.88364],[-86.15038,36.8837],[-86.15066,36.88439],[-86.14958,36.88479],[-86.14901,36.88462],[-86.1498,36.88613],[-86.14866,36.8869],[-86.14839,36.88647],[-86.14802,36.88653],[-86.14822,36.8876],[-86.14873,36.88775],[-86.14859,36.88804],[-86.14698,36.88881],[-86.14608,36.88891],[-86.14555,36.88953]]]}},{"type":"Feature","properties":{"kind":"minor-water","name":"Little Difficult Creek","ftype":460,"lengthKm":3.26,"hu8":"05110002","pid":"56289252"},"geometry":{"type":"MultiLineString","coordinates":[[[-86.19016,36.86072],[-86.1909,36.86147],[-86.19092,36.8625],[-86.1915,36.8629],[-86.19153,36.86382],[-86.19284,36.86594],[-86.19308,36.86847],[-86.19449,36.87036],[-86.19553,36.87329],[-86.19568,36.87528],[-86.19515,36.87616],[-86.19549,36.87691],[-86.19524,36.88076],[-86.19504,36.88167],[-86.1943,36.88201],[-86.1946,36.88455],[-86.19509,36.88516],[-86.19428,36.88689],[-86.19441,36.88815]]]}},{"type":"Feature","properties":{"kind":"minor-water","name":"Wiggington Creek","ftype":460,"lengthKm":0.07,"hu8":"05110002","pid":"56289381"},"geometry":{"type":"MultiLineString","coordinates":[[[-86.75115,36.90985],[-86.75067,36.9104]]]}},{"type":"Feature","properties":{"kind":"minor-water","name":"Tyree Branch","ftype":460,"lengthKm":0.6,"hu8":"05110002","pid":"56289690"},"geometry":{"type":"MultiLineString","coordinates":[[[-85.80204,36.80954],[-85.79973,36.81266],[-85.79769,36.81336]]]}},{"type":"Feature","properties":{"kind":"minor-water","name":"Hurricane Creek","ftype":460,"lengthKm":0.34,"hu8":"05110002","pid":"56289755"},"geometry":{"type":"MultiLineString","coordinates":[[[-86.08781,36.8312],[-86.08709,36.83334],[-86.08714,36.83418]]]}},{"type":"Feature","properties":{"kind":"minor-water","name":"Payne Branch","ftype":460,"lengthKm":0.58,"hu8":"05110002","pid":"56290013"},"geometry":{"type":"MultiLineString","coordinates":[[[-85.93982,36.79286],[-85.94093,36.79556],[-85.94042,36.7962],[-85.94004,36.79779]]]}},{"type":"Feature","properties":{"kind":"minor-water","name":"Trace Creek","ftype":460,"lengthKm":0.43,"hu8":"05110002","pid":"56292926"},"geometry":{"type":"MultiLineString","coordinates":[[[-85.7803,36.57686],[-85.78104,36.57919],[-85.78112,36.58068]]]}},{"type":"Feature","properties":{"kind":"minor-water","name":"Little Salt Lick Creek","ftype":460,"lengthKm":0.84,"hu8":"05110002","pid":"56293132"},"geometry":{"type":"MultiLineString","coordinates":[[[-85.83879,36.57554],[-85.84222,36.57598],[-85.84358,36.57646],[-85.84668,36.57905]]]}},{"type":"Feature","properties":{"kind":"minor-water","name":"White Oak Creek","ftype":460,"lengthKm":0.8,"hu8":"05110002","pid":"56294596"},"geometry":{"type":"MultiLineString","coordinates":[[[-85.98482,36.52017],[-85.98596,36.52185],[-85.9862,36.52311],[-85.98597,36.52415],[-85.98646,36.52589],[-85.98631,36.52705]]]}},{"type":"Feature","properties":{"kind":"minor-water","name":"Barren River","ftype":558,"lengthKm":0.47,"hu8":"05110002","pid":"56291325"},"geometry":{"type":"MultiLineString","coordinates":[[[-86.00701,36.67982],[-86.00894,36.6808],[-86.01022,36.68293]]]}},{"type":"Feature","properties":{"kind":"minor-water","name":"Skaggs Creek","ftype":558,"lengthKm":0.94,"hu8":"05110002","pid":"56288863"},"geometry":{"type":"MultiLineString","coordinates":[[[-85.85588,36.87951],[-85.85596,36.88003],[-85.85636,36.88023],[-85.859,36.8794],[-85.86228,36.87955],[-85.86315,36.87908],[-85.86348,36.87818],[-85.86459,36.8782]]]}},{"type":"Feature","properties":{"kind":"minor-water","name":"Barren River","ftype":558,"lengthKm":0.67,"hu8":"05110002","pid":"56290952"},"geometry":{"type":"MultiLineString","coordinates":[[[-86.02584,36.71613],[-86.02451,36.7158],[-86.02154,36.7115]]]}},{"type":"Feature","properties":{"kind":"minor-water","name":"Long Creek","ftype":558,"lengthKm":0.08,"hu8":"05110002","pid":"56291345"},"geometry":{"type":"MultiLineString","coordinates":[[[-86.09325,36.68574],[-86.09302,36.68643]]]}},{"type":"Feature","properties":{"kind":"minor-water","name":"West Fork Drakes Creek","ftype":558,"lengthKm":0.34,"hu8":"05110002","pid":"56292182"},"geometry":{"type":"MultiLineString","coordinates":[[[-86.50124,36.66289],[-86.50153,36.6632],[-86.50232,36.66313],[-86.5025,36.66371],[-86.50401,36.66444]]]}},{"type":"Feature","properties":{"kind":"minor-water","name":"Long Fork","ftype":558,"lengthKm":0.05,"hu8":"05110002","pid":"56293340"},"geometry":{"type":"MultiLineString","coordinates":[[[-85.9397,36.57702],[-85.93978,36.57748]]]}},{"type":"Feature","properties":{"kind":"minor-water","name":"Little Muddy Creek","ftype":460,"lengthKm":0.52,"hu8":"05110002","pid":"56287001"},"geometry":{"type":"MultiLineString","coordinates":[[[-86.66951,37.06265],[-86.67038,37.06102],[-86.66954,37.05925],[-86.67029,37.05845]]]}},{"type":"Feature","properties":{"kind":"minor-water","name":"Middle Fork Drakes Creek","ftype":558,"lengthKm":0.08,"hu8":"05110002","pid":"56290457"},"geometry":{"type":"MultiLineString","coordinates":[[[-86.39114,36.78982],[-86.39143,36.79048]]]}},{"type":"Feature","properties":{"kind":"minor-water","name":"Black Lick Creek","ftype":460,"lengthKm":0.53,"hu8":"05110002","pid":"56288836"},"geometry":{"type":"MultiLineString","coordinates":[[[-86.66679,36.94545],[-86.66607,36.94655],[-86.66418,36.94769],[-86.66418,36.94935]]]}},{"type":"Feature","properties":{"kind":"minor-water","name":"Trace Creek","ftype":460,"lengthKm":0.18,"hu8":"05110002","pid":"56294185"},"geometry":{"type":"MultiLineString","coordinates":[[[-85.78482,36.52985],[-85.78485,36.53147]]]}},{"type":"Feature","properties":{"kind":"minor-water","name":"Peter Creek","ftype":460,"lengthKm":0.83,"hu8":"05110002","pid":"56290015"},"geometry":{"type":"MultiLineString","coordinates":[[[-85.88783,36.78846],[-85.88878,36.78852],[-85.88949,36.78898],[-85.89048,36.78888],[-85.89392,36.79026],[-85.89401,36.79095],[-85.89462,36.79139],[-85.89491,36.79213]]]}},{"type":"Feature","properties":{"kind":"minor-water","name":"Drakes Creek","ftype":558,"lengthKm":0.05,"hu8":"05110002","pid":"56289714"},"geometry":{"type":"MultiLineString","coordinates":[[[-86.3938,36.85662],[-86.3935,36.85628]]]}},{"type":"Feature","properties":{"kind":"minor-water","name":"Town Creek","ftype":460,"lengthKm":1.48,"hu8":"05110002","pid":"62c257db-e3f1-45ea-8275-e7dd734fa715"},"geometry":{"type":"MultiLineString","coordinates":[[[-85.68195,36.7148],[-85.68265,36.71407],[-85.68257,36.71346],[-85.68298,36.71298],[-85.68296,36.7111],[-85.68355,36.711],[-85.68409,36.71001],[-85.68377,36.70809],[-85.68442,36.70745],[-85.68323,36.70714],[-85.68303,36.70647],[-85.68457,36.70344]]]}},{"type":"Feature","properties":{"kind":"minor-water","name":"Peter Creek","ftype":460,"lengthKm":1.26,"hu8":"05110002","pid":"56290336"},"geometry":{"type":"MultiLineString","coordinates":[[[-85.85232,36.75611],[-85.85376,36.75573],[-85.85504,36.75677],[-85.85729,36.75683],[-85.85978,36.75633],[-85.86149,36.75652],[-85.86303,36.75822],[-85.86453,36.75881]]]}},{"type":"Feature","properties":{"kind":"minor-water","name":"Drakes Creek","ftype":558,"lengthKm":0.13,"hu8":"05110002","pid":"56289208"},"geometry":{"type":"MultiLineString","coordinates":[[[-86.38288,36.89406],[-86.38167,36.89474]]]}},{"type":"Feature","properties":{"kind":"minor-water","name":"Bays Fork","ftype":460,"lengthKm":0.96,"hu8":"05110002","pid":"{56B81834-7EA3-4D15-9276-0FDCE7E58B67}"},"geometry":{"type":"MultiLineString","coordinates":[[[-86.24054,36.89419],[-86.23999,36.8948],[-86.23973,36.89896],[-86.23541,36.8975]]]}},{"type":"Feature","properties":{"kind":"minor-water","name":"Black Lick Creek","ftype":460,"lengthKm":2.42,"hu8":"05110002","pid":"56289704"},"geometry":{"type":"MultiLineString","coordinates":[[[-86.70955,36.88175],[-86.70834,36.88245],[-86.70989,36.88294],[-86.70992,36.88361],[-86.70806,36.88371],[-86.70903,36.88462],[-86.70944,36.88466],[-86.70882,36.88523],[-86.7093,36.88562],[-86.70863,36.88567],[-86.7094,36.88636],[-86.7084,36.88632],[-86.70858,36.88696],[-86.70811,36.88749],[-86.709,36.88788],[-86.70891,36.8883],[-86.70816,36.88821],[-86.70737,36.88747],[-86.70671,36.88739],[-86.70469,36.88802],[-86.70454,36.88877],[-86.69911,36.88861],[-86.69864,36.88824]]]}},{"type":"Feature","properties":{"kind":"minor-water","name":"Peter Creek","ftype":460,"lengthKm":0.02,"hu8":"05110002","pid":"56290053"},"geometry":{"type":"MultiLineString","coordinates":[[[-85.88592,36.78466],[-85.88615,36.78463]]]}},{"type":"Feature","properties":{"kind":"minor-water","name":"Drakes Creek","ftype":558,"lengthKm":0.59,"hu8":"05110002","pid":"{D5B8AB40-AA93-4392-9803-CAF2A9F1D2C7}"},"geometry":{"type":"MultiLineString","coordinates":[[[-86.40093,36.85605],[-86.40007,36.86024],[-86.39917,36.86106]]]}},{"type":"Feature","properties":{"kind":"minor-water","name":"Peter Creek","ftype":460,"lengthKm":0.71,"hu8":"05110002","pid":"56290204"},"geometry":{"type":"MultiLineString","coordinates":[[[-85.87219,36.76916],[-85.87344,36.77123],[-85.87424,36.77185],[-85.87482,36.77379],[-85.87468,36.77496]]]}},{"type":"Feature","properties":{"kind":"minor-water","name":"Indian Creek","ftype":460,"lengthKm":0.46,"hu8":"05110002","pid":"0092a677-64ea-4add-acea-fbfd70edb905"},"geometry":{"type":"MultiLineString","coordinates":[[[-85.82572,36.72524],[-85.82807,36.72565],[-85.82882,36.72659],[-85.83014,36.72699]]]}},{"type":"Feature","properties":{"kind":"minor-water","name":"Peter Creek","ftype":558,"lengthKm":0.03,"hu8":"05110002","pid":"56289894"},"geometry":{"type":"MultiLineString","coordinates":[[[-85.93438,36.80379],[-85.93452,36.80406]]]}},{"type":"Feature","properties":{"kind":"minor-water","name":"Indian Creek","ftype":460,"lengthKm":0.98,"hu8":"05110002","pid":"56290627"},"geometry":{"type":"MultiLineString","coordinates":[[[-85.83014,36.72699],[-85.83139,36.72693],[-85.83326,36.72743],[-85.83536,36.72703],[-85.83823,36.72768],[-85.84056,36.72859]]]}},{"type":"Feature","properties":{"kind":"minor-water","name":"Puncheon Creek","ftype":460,"lengthKm":1.29,"hu8":"05110002","pid":"56291846"},"geometry":{"type":"MultiLineString","coordinates":[[[-86.00122,36.6394],[-86.00076,36.64001],[-86.0009,36.64042],[-86.00443,36.64338],[-86.00407,36.64478],[-86.00433,36.64676],[-86.00331,36.64789],[-86.00275,36.64942]]]}},{"type":"Feature","properties":{"kind":"minor-water","name":"Sinking Creek","ftype":460,"lengthKm":0.41,"hu8":"05110002","pid":"56290972"},"geometry":{"type":"MultiLineString","coordinates":[[[-86.59474,36.75556],[-86.59438,36.75626],[-86.59489,36.75723],[-86.59471,36.75776],[-86.59566,36.7588]]]}},{"type":"Feature","properties":{"kind":"minor-water","name":"Trace Creek","ftype":460,"lengthKm":0.06,"hu8":"05110002","pid":"56294066"},"geometry":{"type":"MultiLineString","coordinates":[[[-85.78435,36.53581],[-85.78371,36.53608]]]}},{"type":"Feature","properties":{"kind":"minor-water","name":"Long Creek","ftype":460,"lengthKm":0.41,"hu8":"05110002","pid":"56293962"},"geometry":{"type":"MultiLineString","coordinates":[[[-86.09248,36.56702],[-86.09595,36.56939]]]}},{"type":"Feature","properties":{"kind":"minor-water","name":"Middle Fork Drakes Creek","ftype":558,"lengthKm":1.23,"hu8":"05110002","pid":"56290869"},"geometry":{"type":"MultiLineString","coordinates":[[[-86.40977,36.74788],[-86.41031,36.7482],[-86.41045,36.74898],[-86.41009,36.7537],[-86.40854,36.7557],[-86.40764,36.75825]]]}},{"type":"Feature","properties":{"kind":"minor-water","name":"Indian Creek","ftype":460,"lengthKm":0.92,"hu8":"05110002","pid":"56290664"},"geometry":{"type":"MultiLineString","coordinates":[[[-85.85191,36.72901],[-85.85798,36.72881],[-85.86125,36.72663]]]}},{"type":"Feature","properties":{"kind":"minor-water","name":"Black Lick Creek","ftype":460,"lengthKm":0.8,"hu8":"05110002","pid":"56289610"},"geometry":{"type":"MultiLineString","coordinates":[[[-86.69864,36.88824],[-86.69619,36.88834],[-86.69471,36.88931],[-86.69345,36.88929],[-86.69293,36.8896],[-86.69116,36.88949],[-86.69043,36.88898]]]}},{"type":"Feature","properties":{"kind":"minor-water","name":"Skaggs Creek","ftype":460,"lengthKm":0.35,"hu8":"05110002","pid":"56289377"},"geometry":{"type":"MultiLineString","coordinates":[[[-85.78735,36.83188],[-85.78779,36.83503]]]}},{"type":"Feature","properties":{"kind":"minor-water","name":"West Bays Fork","ftype":460,"lengthKm":0.95,"hu8":"05110002","pid":"56290327"},"geometry":{"type":"MultiLineString","coordinates":[[[-86.22935,36.78771],[-86.23063,36.78855],[-86.23038,36.78934],[-86.23066,36.7898],[-86.23126,36.78995],[-86.23238,36.78969],[-86.23412,36.79063],[-86.23524,36.7919],[-86.23655,36.79254]]]}},{"type":"Feature","properties":{"kind":"minor-water","name":"Salt Lick Creek","ftype":460,"lengthKm":0.03,"hu8":"05110002","pid":"56287249"},"geometry":{"type":"MultiLineString","coordinates":[[[-86.57399,37.03178],[-86.57429,37.03186]]]}},{"type":"Feature","properties":{"kind":"minor-water","name":"Hackers Branch","ftype":460,"lengthKm":1.16,"hu8":"05110002","pid":"56289725"},"geometry":{"type":"MultiLineString","coordinates":[[[-85.78247,36.80507],[-85.78577,36.80841],[-85.78629,36.80981],[-85.78596,36.81052],[-85.78659,36.81096],[-85.78652,36.81165],[-85.78881,36.81348]]]}},{"type":"Feature","properties":{"kind":"minor-water","name":"Peter Creek","ftype":460,"lengthKm":0.73,"hu8":"05110002","pid":"56290237"},"geometry":{"type":"MultiLineString","coordinates":[[[-85.80184,36.7643],[-85.80268,36.76318],[-85.80436,36.76192],[-85.80811,36.76036]]]}},{"type":"Feature","properties":{"kind":"minor-water","name":"Line Creek","ftype":460,"lengthKm":0.97,"hu8":"05110002","pid":"56292071"},"geometry":{"type":"MultiLineString","coordinates":[[[-85.7403,36.60684],[-85.74143,36.60686],[-85.74328,36.60584],[-85.74555,36.60631],[-85.74605,36.60678],[-85.74655,36.60862],[-85.74627,36.60934],[-85.74694,36.61005]]]}},{"type":"Feature","properties":{"kind":"minor-water","name":"Ramble Creek","ftype":460,"lengthKm":2.17,"hu8":"05110002","pid":"56291030"},"geometry":{"type":"MultiLineString","coordinates":[[[-86.24655,36.73032],[-86.24753,36.73046],[-86.24844,36.72991],[-86.25145,36.72931],[-86.2537,36.72781],[-86.25998,36.72713],[-86.26229,36.72606],[-86.26447,36.72423],[-86.26722,36.72371],[-86.26824,36.72313]]]}},{"type":"Feature","properties":{"kind":"minor-water","name":"Finns River","ftype":460,"lengthKm":0.7,"hu8":"05110002","pid":"56291671"},"geometry":{"type":"MultiLineString","coordinates":[[[-86.24221,36.66895],[-86.24304,36.66974],[-86.24577,36.67107],[-86.24885,36.67213]]]}},{"type":"Feature","properties":{"kind":"minor-water","name":"Little Trammel Creek","ftype":460,"lengthKm":0.73,"hu8":"05110002","pid":"56292728"},"geometry":{"type":"MultiLineString","coordinates":[[[-86.26775,36.62378],[-86.26806,36.62747],[-86.26742,36.62923],[-86.26742,36.63028]]]}},{"type":"Feature","properties":{"kind":"minor-water","name":"Dry Branch","ftype":460,"lengthKm":0.42,"hu8":"05110002","pid":"56293762"},"geometry":{"type":"MultiLineString","coordinates":[[[-85.91119,36.55933],[-85.91074,36.56092],[-85.9109,36.56264],[-85.91121,36.56295]]]}},{"type":"Feature","properties":{"kind":"minor-water","name":"Little Sinking Creek","ftype":460,"lengthKm":0.67,"hu8":"05110002","pid":"56286801"},"geometry":{"type":"MultiLineString","coordinates":[[[-86.05658,37.03224],[-86.05872,37.03222],[-86.06088,37.03141],[-86.06216,37.03035],[-86.06326,37.0301]]]}},{"type":"Feature","properties":{"kind":"minor-water","name":"Pinchgut Creek","ftype":460,"lengthKm":3.57,"hu8":"05110002","pid":"56291611"},"geometry":{"type":"MultiLineString","coordinates":[[[-86.02742,36.65735],[-86.02651,36.65793],[-86.02527,36.65954],[-86.02351,36.66307],[-86.02313,36.66445],[-86.02383,36.66451],[-86.02398,36.66479],[-86.02316,36.66627],[-86.02232,36.67053],[-86.02057,36.67182],[-86.01921,36.67392],[-86.01971,36.67935],[-86.02083,36.68489],[-86.0202,36.68549],[-86.01985,36.6866]]]}},{"type":"Feature","properties":{"kind":"minor-water","name":"Barren River","ftype":558,"lengthKm":0.16,"hu8":"05110002","pid":"56286411"},"geometry":{"type":"MultiLineString","coordinates":[[[-86.58029,37.10821],[-86.5811,37.10948]]]}},{"type":"Feature","properties":{"kind":"minor-water","name":"Falling Timber Creek","ftype":558,"lengthKm":1.41,"hu8":"05110002","pid":"56288271"},"geometry":{"type":"MultiLineString","coordinates":[[[-85.89277,36.91566],[-85.89361,36.91391],[-85.89465,36.91344],[-85.8986,36.91266],[-85.90071,36.91335],[-85.9023,36.91348],[-85.90455,36.91322],[-85.90641,36.91248]]]}},{"type":"Feature","properties":{"kind":"minor-water","name":"Trammel Creek","ftype":558,"lengthKm":0.21,"hu8":"05110002","pid":"56290270"},"geometry":{"type":"MultiLineString","coordinates":[[[-86.33623,36.80142],[-86.33739,36.80183],[-86.33786,36.80259]]]}},{"type":"Feature","properties":{"kind":"minor-water","name":"East Fork Barren River","ftype":558,"lengthKm":1.07,"hu8":"05110002","pid":"56291355"},"geometry":{"type":"MultiLineString","coordinates":[[[-85.78214,36.66575],[-85.78332,36.66578],[-85.78396,36.66546],[-85.78622,36.66242],[-85.78612,36.66133],[-85.78539,36.65993],[-85.78455,36.6594],[-85.78329,36.65926]]]}},{"type":"Feature","properties":{"kind":"minor-water","name":"Barren River","ftype":558,"lengthKm":2.43,"hu8":"05110002","pid":"56291463"},"geometry":{"type":"MultiLineString","coordinates":[[[-85.87443,36.66987],[-85.87856,36.66788],[-85.87938,36.66728],[-85.87964,36.66658],[-85.87931,36.6653],[-85.87767,36.66352],[-85.87642,36.66273],[-85.87469,36.66243],[-85.87459,36.66124],[-85.87497,36.66019],[-85.87925,36.65908],[-85.88459,36.65945]]]}},{"type":"Feature","properties":{"kind":"minor-water","name":"Line Creek","ftype":558,"lengthKm":0.12,"hu8":"05110002","pid":"56291946"},"geometry":{"type":"MultiLineString","coordinates":[[[-85.78814,36.61652],[-85.78835,36.61758]]]}},{"type":"Feature","properties":{"kind":"minor-water","name":"West Fork Drakes Creek","ftype":558,"lengthKm":0.33,"hu8":"05110002","pid":"56292641"},"geometry":{"type":"MultiLineString","coordinates":[[[-86.50632,36.64737],[-86.50635,36.65038]]]}},{"type":"Feature","properties":{"kind":"minor-water","name":"Trace Creek","ftype":460,"lengthKm":0.8,"hu8":"05110002","pid":"56290599"},"geometry":{"type":"MultiLineString","coordinates":[[[-85.98784,36.74193],[-85.98827,36.74248],[-85.98905,36.74272],[-85.98978,36.7426],[-85.99039,36.74198],[-85.99108,36.74258],[-85.99407,36.74348],[-85.99535,36.74308]]]}},{"type":"Feature","properties":{"kind":"minor-water","name":"Indian Creek","ftype":460,"lengthKm":0.09,"hu8":"05110002","pid":"56290624"},"geometry":{"type":"MultiLineString","coordinates":[[[-85.85097,36.72864],[-85.85191,36.72901]]]}},{"type":"Feature","properties":{"kind":"minor-water","name":"Drakes Creek","ftype":558,"lengthKm":0.33,"hu8":"05110002","pid":"56289707"},"geometry":{"type":"MultiLineString","coordinates":[[[-86.3961,36.85896],[-86.3945,36.85763],[-86.3938,36.85662]]]}},{"type":"Feature","properties":{"kind":"minor-water","name":"Drakes Creek","ftype":558,"lengthKm":0.21,"hu8":"05110002","pid":"56289651"},"geometry":{"type":"MultiLineString","coordinates":[[[-86.38489,36.86144],[-86.38463,36.86162],[-86.38298,36.86071]]]}},{"type":"Feature","properties":{"kind":"minor-water","name":"Black Lick Creek","ftype":460,"lengthKm":0.74,"hu8":"05110002","pid":"56288873"},"geometry":{"type":"MultiLineString","coordinates":[[[-86.67185,36.94304],[-86.67177,36.94437],[-86.67118,36.94482],[-86.67078,36.94488],[-86.6696,36.94369],[-86.66679,36.94545]]]}},{"type":"Feature","properties":{"kind":"minor-water","name":"Pinchgut Creek","ftype":558,"lengthKm":0.02,"hu8":"05110002","pid":"{13499413-2D46-4693-9BB3-FC242991CF50}"},"geometry":{"type":"MultiLineString","coordinates":[[[-86.01985,36.6866],[-86.01983,36.68676]]]}},{"type":"Feature","properties":{"kind":"minor-water","name":"Mill Creek","ftype":558,"lengthKm":1.21,"hu8":"05110002","pid":"56291262"},"geometry":{"type":"MultiLineString","coordinates":[[[-85.75252,36.66419],[-85.75693,36.66481],[-85.75845,36.66533],[-85.75887,36.66618],[-85.75937,36.66639],[-85.76138,36.66545],[-85.76291,36.66528],[-85.76375,36.66397]]]}},{"type":"Feature","properties":{"kind":"minor-water","name":"West Bays Fork","ftype":460,"lengthKm":2.32,"hu8":"05110002","pid":"56290451"},"geometry":{"type":"MultiLineString","coordinates":[[[-86.21375,36.77591],[-86.21436,36.77645],[-86.21467,36.77818],[-86.21517,36.77877],[-86.21652,36.77962],[-86.22082,36.78142],[-86.22245,36.78467],[-86.22267,36.78584],[-86.22212,36.78684],[-86.22229,36.78729],[-86.22385,36.7877],[-86.22574,36.78736],[-86.22736,36.78743],[-86.22792,36.787],[-86.22935,36.78771]]]}},{"type":"Feature","properties":{"kind":"minor-water","name":"Lick Branch","ftype":460,"lengthKm":0.58,"hu8":"05110002","pid":"185489ea-5c8b-4736-a53f-34aa026ad6a8"},"geometry":{"type":"MultiLineString","coordinates":[[[-85.78105,36.95506],[-85.7811,36.95429],[-85.78447,36.95079]]]}},{"type":"Feature","properties":{"kind":"minor-water","name":"Rays Branch","ftype":460,"lengthKm":0.61,"hu8":"05110002","pid":"56286817"},"geometry":{"type":"MultiLineString","coordinates":[[[-86.44628,37.0599],[-86.44756,37.06127],[-86.45222,37.06088]]]}},{"type":"Feature","properties":{"kind":"minor-water","name":"Taylor Branch","ftype":460,"lengthKm":1.28,"hu8":"05110002","pid":"56287890"},"geometry":{"type":"MultiLineString","coordinates":[[[-85.7213,36.91609],[-85.72225,36.91828],[-85.7236,36.91993],[-85.72494,36.92038],[-85.7267,36.92012],[-85.73099,36.92168],[-85.73179,36.92231]]]}},{"type":"Feature","properties":{"kind":"minor-water","name":"Bays Fork","ftype":460,"lengthKm":0.14,"hu8":"05110002","pid":"56289754"},"geometry":{"type":"MultiLineString","coordinates":[[[-86.28801,36.84493],[-86.2873,36.84601]]]}},{"type":"Feature","properties":{"kind":"minor-water","name":"North Prong Bays Fork","ftype":460,"lengthKm":1.02,"hu8":"05110002","pid":"56290125"},"geometry":{"type":"MultiLineString","coordinates":[[[-86.18424,36.80733],[-86.18472,36.80753],[-86.18585,36.80711],[-86.18939,36.80693],[-86.19181,36.80622],[-86.19293,36.80486],[-86.19442,36.80462]]]}},{"type":"Feature","properties":{"kind":"minor-water","name":"Bays Fork","ftype":460,"lengthKm":0.77,"hu8":"05110002","pid":"56290639"},"geometry":{"type":"MultiLineString","coordinates":[[[-86.14916,36.75251],[-86.15083,36.75298],[-86.15242,36.75487],[-86.1553,36.75714]]]}},{"type":"Feature","properties":{"kind":"minor-water","name":"White Oak Creek","ftype":460,"lengthKm":0.22,"hu8":"05110002","pid":"56293060"},"geometry":{"type":"MultiLineString","coordinates":[[[-85.98118,36.58996],[-85.97909,36.59093]]]}},{"type":"Feature","properties":{"kind":"minor-water","name":"Trace Creek","ftype":460,"lengthKm":0.33,"hu8":"05110002","pid":"56294239"},"geometry":{"type":"MultiLineString","coordinates":[[[-85.78625,36.52727],[-85.78522,36.52974],[-85.78482,36.52985]]]}},{"type":"Feature","properties":{"kind":"minor-water","name":"West Fork Drakes Creek","ftype":460,"lengthKm":0.15,"hu8":"05110002","pid":"56295156"},"geometry":{"type":"MultiLineString","coordinates":[[[-86.47082,36.49196],[-86.47074,36.49332]]]}},{"type":"Feature","properties":{"kind":"minor-water","name":"Middle Fork Drakes Creek","ftype":558,"lengthKm":0.09,"hu8":"05110002","pid":"56293186"},"geometry":{"type":"MultiLineString","coordinates":[[[-86.33026,36.61464],[-86.33026,36.61546]]]}},{"type":"Feature","properties":{"kind":"minor-water","name":"Beaver Creek","ftype":558,"lengthKm":0.15,"hu8":"05110002","pid":"56287345"},"geometry":{"type":"MultiLineString","coordinates":[[[-85.98784,36.97749],[-85.98811,36.97617]]]}},{"type":"Feature","properties":{"kind":"minor-water","name":"Skaggs Creek","ftype":558,"lengthKm":0.89,"hu8":"05110002","pid":"56288379"},"geometry":{"type":"MultiLineString","coordinates":[[[-85.92936,36.91554],[-85.93042,36.91526],[-85.93298,36.91572],[-85.93406,36.91533],[-85.93513,36.91393],[-85.93499,36.91153]]]}},{"type":"Feature","properties":{"kind":"minor-water","name":"Glover Creek","ftype":558,"lengthKm":0.35,"hu8":"05110002","pid":"56288562"},"geometry":{"type":"MultiLineString","coordinates":[[[-85.78776,36.89091],[-85.78975,36.88996],[-85.7914,36.8898]]]}},{"type":"Feature","properties":{"kind":"minor-water","name":"White Oak Creek","ftype":558,"lengthKm":0.04,"hu8":"05110002","pid":"56294949"},"geometry":{"type":"MultiLineString","coordinates":[[[-85.97993,36.48969],[-85.9796,36.48998]]]}},{"type":"Feature","properties":{"kind":"minor-water","name":"Long Creek","ftype":558,"lengthKm":0.14,"hu8":"05110002","pid":"56291481"},"geometry":{"type":"MultiLineString","coordinates":[[[-86.10116,36.67634],[-86.09996,36.6772]]]}},{"type":"Feature","properties":{"kind":"minor-water","name":"Long Fork","ftype":558,"lengthKm":0.32,"hu8":"05110002","pid":"56292723"},"geometry":{"type":"MultiLineString","coordinates":[[[-85.92676,36.59698],[-85.92653,36.59782],[-85.92404,36.59771]]]}},{"type":"Feature","properties":{"kind":"minor-water","name":"Drakes Creek","ftype":558,"lengthKm":1.4,"hu8":"05110002","pid":"56289842"},"geometry":{"type":"MultiLineString","coordinates":[[[-86.40813,36.84718],[-86.4045,36.84696],[-86.40393,36.8473],[-86.40297,36.8504],[-86.40204,36.85174],[-86.40093,36.85605]]]}},{"type":"Feature","properties":{"kind":"minor-water","name":"Drakes Creek","ftype":558,"lengthKm":0.41,"hu8":"05110002","pid":"56289650"},"geometry":{"type":"MultiLineString","coordinates":[[[-86.38298,36.86071],[-86.38129,36.86175],[-86.38015,36.86353]]]}},{"type":"Feature","properties":{"kind":"minor-water","name":"Black Lick Creek","ftype":460,"lengthKm":0.7,"hu8":"05110002","pid":"56288749"},"geometry":{"type":"MultiLineString","coordinates":[[[-86.66418,36.94935],[-86.66515,36.94982],[-86.66515,36.95119],[-86.66427,36.95153],[-86.6642,36.95211],[-86.66373,36.95248],[-86.66371,36.95325],[-86.66225,36.95391]]]}},{"type":"Feature","properties":{"kind":"minor-water","name":"Trace Creek","ftype":460,"lengthKm":1.07,"hu8":"05110002","pid":"56293809"},"geometry":{"type":"MultiLineString","coordinates":[[[-85.78294,36.54708],[-85.78292,36.54869],[-85.78127,36.55003],[-85.78161,36.55311],[-85.78075,36.55607]]]}},{"type":"Feature","properties":{"kind":"minor-water","name":"East Fork Barren River","ftype":460,"lengthKm":0.49,"hu8":"05110002","pid":"56290346"},"geometry":{"type":"MultiLineString","coordinates":[[[-85.74013,36.74725],[-85.74324,36.74731],[-85.74419,36.74694],[-85.74498,36.74604]]]}},{"type":"Feature","properties":{"kind":"minor-water","name":"Black Lick Creek","ftype":460,"lengthKm":0.7,"hu8":"05110002","pid":"56289332"},"geometry":{"type":"MultiLineString","coordinates":[[[-86.67175,36.90682],[-86.67258,36.91031],[-86.67309,36.91037],[-86.67357,36.91094],[-86.67343,36.91155],[-86.6726,36.91227]]]}},{"type":"Feature","properties":{"kind":"minor-water","name":"Drakes Creek","ftype":558,"lengthKm":0.41,"hu8":"05110002","pid":"56289601"},"geometry":{"type":"MultiLineString","coordinates":[[[-86.38015,36.86353],[-86.37943,36.86564],[-86.37774,36.86632]]]}},{"type":"Feature","properties":{"kind":"minor-water","name":"Town Creek","ftype":460,"lengthKm":0.02,"hu8":"05110002","pid":"{CC399503-D12F-4F83-85C4-3BCF1EBE97EB}"},"geometry":{"type":"MultiLineString","coordinates":[[[-85.68184,36.71491],[-85.68195,36.7148]]]}},{"type":"Feature","properties":{"kind":"minor-water","name":"Caney Fork Creek","ftype":460,"lengthKm":2.12,"hu8":"05110002","pid":"56294208"},"geometry":{"type":"MultiLineString","coordinates":[[[-86.42615,36.58512],[-86.42735,36.58505],[-86.42921,36.5842],[-86.42978,36.58338],[-86.43257,36.58287],[-86.43368,36.5822],[-86.43627,36.58265],[-86.43791,36.58389],[-86.43877,36.5841],[-86.44019,36.58535],[-86.4407,36.58629],[-86.44083,36.58789],[-86.43986,36.59086]]]}},{"type":"Feature","properties":{"kind":"minor-water","name":"Peter Creek","ftype":460,"lengthKm":0.7,"hu8":"05110002","pid":"56289977"},"geometry":{"type":"MultiLineString","coordinates":[[[-85.89491,36.79213],[-85.89596,36.79369],[-85.89753,36.79521],[-85.8986,36.7958],[-85.89856,36.79731]]]}},{"type":"Feature","properties":{"kind":"minor-water","name":"Caney Fork Creek","ftype":460,"lengthKm":0.12,"hu8":"05110002","pid":"56294142"},"geometry":{"type":"MultiLineString","coordinates":[[[-86.42482,36.58491],[-86.42615,36.58512]]]}},{"type":"Feature","properties":{"kind":"minor-water","name":"Joney Branch","ftype":460,"lengthKm":1.21,"hu8":"05110002","pid":"56289749"},"geometry":{"type":"MultiLineString","coordinates":[[[-85.84456,36.81413],[-85.84774,36.81333],[-85.84897,36.81228],[-85.85075,36.81162],[-85.85254,36.81143],[-85.85663,36.80968]]]}},{"type":"Feature","properties":{"kind":"minor-water","name":"Little Sinking Creek","ftype":460,"lengthKm":1.56,"hu8":"05110002","pid":"56286802"},"geometry":{"type":"MultiLineString","coordinates":[[[-86.06326,37.0301],[-86.0645,37.03082],[-86.06577,37.03105],[-86.0663,37.03083],[-86.06661,37.03152],[-86.06842,37.0325],[-86.06909,37.03215],[-86.06989,37.03272],[-86.0708,37.03252],[-86.073,37.034],[-86.07351,37.03475],[-86.0752,37.03554],[-86.07645,37.03554],[-86.07716,37.03488]]]}},{"type":"Feature","properties":{"kind":"minor-water","name":"Skaggs Creek","ftype":460,"lengthKm":0.79,"hu8":"05110002","pid":"56289523"},"geometry":{"type":"MultiLineString","coordinates":[[[-85.74904,36.81893],[-85.74999,36.81915],[-85.75263,36.81899],[-85.75772,36.81983]]]}},{"type":"Feature","properties":{"kind":"minor-water","name":"Drakes Creek","ftype":558,"lengthKm":0.37,"hu8":"05110002","pid":"{89F35DDA-B257-4400-B1EC-9A4073F093DF}"},"geometry":{"type":"MultiLineString","coordinates":[[[-86.39917,36.86106],[-86.39766,36.86062],[-86.3961,36.85896]]]}},{"type":"Feature","properties":{"kind":"minor-water","name":"Puncheon Creek","ftype":460,"lengthKm":0.11,"hu8":"05110002","pid":"56291672"},"geometry":{"type":"MultiLineString","coordinates":[[[-86.00275,36.64942],[-86.00213,36.65023]]]}},{"type":"Feature","properties":{"kind":"minor-water","name":"Wattwood Branch","ftype":460,"lengthKm":0.76,"hu8":"05110002","pid":"56295093"},"geometry":{"type":"MultiLineString","coordinates":[[[-86.4261,36.50827],[-86.42805,36.50966],[-86.4292,36.51118],[-86.43146,36.51256],[-86.43227,36.51252]]]}},{"type":"Feature","properties":{"kind":"minor-water","name":"Maxey Creek","ftype":460,"lengthKm":0.3,"hu8":"05110002","pid":"56286327"},"geometry":{"type":"MultiLineString","coordinates":[[[-86.59473,37.12764],[-86.59295,37.12852],[-86.5931,37.12958]]]}},{"type":"Feature","properties":{"kind":"minor-water","name":"Long Hungry Creek","ftype":460,"lengthKm":0.25,"hu8":"05110002","pid":"56293966"},"geometry":{"type":"MultiLineString","coordinates":[[[-85.87894,36.54903],[-85.87886,36.55005],[-85.87776,36.55096]]]}},{"type":"Feature","properties":{"kind":"minor-water","name":"White Oak Creek","ftype":460,"lengthKm":0.31,"hu8":"05110002","pid":"56294047"},"geometry":{"type":"MultiLineString","coordinates":[[[-85.99134,36.55444],[-85.99203,36.55441],[-85.99275,36.55515],[-85.99283,36.55648]]]}},{"type":"Feature","properties":{"kind":"minor-water","name":"Long Fork","ftype":460,"lengthKm":0.01,"hu8":"05110002","pid":"56295108"},"geometry":{"type":"MultiLineString","coordinates":[[[-85.92748,36.46629],[-85.92756,36.46637]]]}},{"type":"Feature","properties":{"kind":"minor-water","name":"Dry Creek","ftype":460,"lengthKm":0.61,"hu8":"05110002","pid":"56291118"},"geometry":{"type":"MultiLineString","coordinates":[[[-86.10729,36.70357],[-86.10613,36.70361],[-86.10478,36.70313],[-86.1032,36.70349],[-86.10223,36.70406],[-86.10097,36.70379]]]}},{"type":"Feature","properties":{"kind":"minor-water","name":"Jennings Creek","ftype":460,"lengthKm":1.29,"hu8":"05110002","pid":"56288085"},"geometry":{"type":"MultiLineString","coordinates":[[[-86.48529,36.97309],[-86.4848,36.9745],[-86.48609,36.97671],[-86.48562,36.97823],[-86.49159,36.98205]]]}},{"type":"Feature","properties":{"kind":"minor-water","name":"Brush Creek","ftype":460,"lengthKm":0.98,"hu8":"05110002","pid":"56288374"},"geometry":{"type":"MultiLineString","coordinates":[[[-86.61347,36.96643],[-86.61506,36.96769],[-86.61547,36.96855],[-86.6145,36.97071],[-86.61154,36.97365]]]}},{"type":"Feature","properties":{"kind":"minor-water","name":"Dry Branch","ftype":460,"lengthKm":0.62,"hu8":"05110002","pid":"56289839"},"geometry":{"type":"MultiLineString","coordinates":[[[-85.98935,36.8134],[-85.98888,36.81447],[-85.98709,36.81555],[-85.98534,36.81775]]]}},{"type":"Feature","properties":{"kind":"minor-water","name":"Canoe Creek","ftype":460,"lengthKm":1.5,"hu8":"05110002","pid":"56289860"},"geometry":{"type":"MultiLineString","coordinates":[[[-86.02342,36.81996],[-86.02612,36.81984],[-86.03034,36.81792],[-86.03189,36.81774],[-86.03478,36.81656],[-86.03727,36.81632],[-86.03902,36.81569]]]}},{"type":"Feature","properties":{"kind":"minor-water","name":"Difficult Creek","ftype":460,"lengthKm":0.11,"hu8":"05110002","pid":"56290224"},"geometry":{"type":"MultiLineString","coordinates":[[[-86.13863,36.78897],[-86.13848,36.78997]]]}},{"type":"Feature","properties":{"kind":"minor-water","name":"Glover Creek","ftype":460,"lengthKm":0.88,"hu8":"05110002","pid":"56290500"},"geometry":{"type":"MultiLineString","coordinates":[[[-85.96673,36.75072],[-85.96813,36.75125],[-85.96934,36.75257],[-85.97022,36.75301],[-85.9704,36.75374],[-85.97199,36.7556],[-85.97189,36.75677]]]}},{"type":"Feature","properties":{"kind":"minor-water","name":"Thompson Branch","ftype":460,"lengthKm":0.99,"hu8":"05110002","pid":"56292361"},"geometry":{"type":"MultiLineString","coordinates":[[[-86.48797,36.6563],[-86.48957,36.65665],[-86.4917,36.65645],[-86.49438,36.6568],[-86.49801,36.65816],[-86.49863,36.65809]]]}},{"type":"Feature","properties":{"kind":"minor-water","name":"Lick Branch","ftype":460,"lengthKm":0.73,"hu8":"05110002","pid":"56293600"},"geometry":{"type":"MultiLineString","coordinates":[[[-86.01233,36.57421],[-86.01263,36.5777],[-86.01232,36.57918],[-86.0127,36.58072]]]}},{"type":"Feature","properties":{"kind":"minor-water","name":"Long Creek","ftype":460,"lengthKm":1.27,"hu8":"05110002","pid":"56292374"},"geometry":{"type":"MultiLineString","coordinates":[[[-86.11148,36.62267],[-86.11146,36.62359],[-86.11209,36.62454],[-86.1108,36.62634],[-86.11054,36.62739],[-86.11248,36.63007],[-86.11252,36.63154],[-86.11312,36.63315]]]}},{"type":"Feature","properties":{"kind":"minor-water","name":"Puncheon Creek","ftype":460,"lengthKm":0.67,"hu8":"05110002","pid":"56292479"},"geometry":{"type":"MultiLineString","coordinates":[[[-86.01017,36.61246],[-86.00952,36.6137],[-86.0116,36.61602],[-86.01151,36.61781]]]}},{"type":"Feature","properties":{"kind":"minor-water","name":"Little Trace Creek","ftype":460,"lengthKm":0.35,"hu8":"05110002","pid":"56292526"},"geometry":{"type":"MultiLineString","coordinates":[[[-85.73511,36.58777],[-85.73697,36.5884],[-85.73868,36.58767]]]}},{"type":"Feature","properties":{"kind":"minor-water","name":"Little Puncheon Creek","ftype":460,"lengthKm":1.23,"hu8":"05110002","pid":"56292561"},"geometry":{"type":"MultiLineString","coordinates":[[[-86.0351,36.61179],[-86.03283,36.61229],[-86.03246,36.61332],[-86.03117,36.61381],[-86.02733,36.61676],[-86.02401,36.61681]]]}},{"type":"Feature","properties":{"kind":"minor-water","name":"Dry Branch","ftype":460,"lengthKm":0.8,"hu8":"05110002","pid":"56294075"},"geometry":{"type":"MultiLineString","coordinates":[[[-85.91462,36.54635],[-85.91395,36.54991],[-85.91331,36.55084],[-85.91293,36.55227],[-85.91216,36.55309]]]}},{"type":"Feature","properties":{"kind":"minor-water","name":"Tyree Branch","ftype":558,"lengthKm":0.05,"hu8":"05110002","pid":"56290108"},"geometry":{"type":"MultiLineString","coordinates":[[[-85.78224,36.77221],[-85.78261,36.77187]]]}},{"type":"Feature","properties":{"kind":"minor-water","name":"Skaggs Creek","ftype":558,"lengthKm":2.18,"hu8":"05110002","pid":"56288346"},"geometry":{"type":"MultiLineString","coordinates":[[[-86.02928,36.91225],[-86.03052,36.91203],[-86.03279,36.91233],[-86.03459,36.91356],[-86.03485,36.91481],[-86.03409,36.91866],[-86.03461,36.92197],[-86.0359,36.92261],[-86.03726,36.9238],[-86.0387,36.92555],[-86.03905,36.92694]]]}},{"type":"Feature","properties":{"kind":"minor-water","name":"Skaggs Creek","ftype":558,"lengthKm":1.84,"hu8":"05110002","pid":"56288464"},"geometry":{"type":"MultiLineString","coordinates":[[[-85.89743,36.90647],[-85.89812,36.90667],[-85.89888,36.90791],[-85.89971,36.90844],[-85.90195,36.90639],[-85.90386,36.90564],[-85.90574,36.90554],[-85.90745,36.90648],[-85.90761,36.90764],[-85.90644,36.91036],[-85.90654,36.91246]]]}},{"type":"Feature","properties":{"kind":"minor-water","name":"Drakes Creek","ftype":558,"lengthKm":0.15,"hu8":"05110002","pid":"56289068"},"geometry":{"type":"MultiLineString","coordinates":[[[-86.38676,36.90496],[-86.3884,36.90496]]]}},{"type":"Feature","properties":{"kind":"minor-water","name":"East Fork Barren River","ftype":558,"lengthKm":0.1,"hu8":"05110002","pid":"56291087"},"geometry":{"type":"MultiLineString","coordinates":[[[-85.78441,36.67923],[-85.78498,36.67849]]]}},{"type":"Feature","properties":{"kind":"minor-water","name":"Little Puncheon Creek","ftype":460,"lengthKm":0.29,"hu8":"05110002","pid":"56292704"},"geometry":{"type":"MultiLineString","coordinates":[[[-86.04383,36.60745],[-86.04263,36.60829],[-86.04165,36.60858],[-86.04145,36.60905]]]}},{"type":"Feature","properties":{"kind":"minor-water","name":"Clifty Creek","ftype":460,"lengthKm":0.88,"hu8":"05110002","pid":"56286503"},"geometry":{"type":"MultiLineString","coordinates":[[[-86.59641,37.09926],[-86.59588,37.0999],[-86.5944,37.10026],[-86.59403,37.10063],[-86.59357,37.10041],[-86.59222,37.10349],[-86.59167,37.10366],[-86.59178,37.10497]]]}},{"type":"Feature","properties":{"kind":"minor-water","name":"Skaggs Creek","ftype":460,"lengthKm":0.18,"hu8":"05110002","pid":"56289514"},"geometry":{"type":"MultiLineString","coordinates":[[[-85.7583,36.81989],[-85.75989,36.82093]]]}},{"type":"Feature","properties":{"kind":"minor-water","name":"Peter Creek","ftype":460,"lengthKm":0.57,"hu8":"05110002","pid":"56290074"},"geometry":{"type":"MultiLineString","coordinates":[[[-85.88051,36.7826],[-85.88111,36.78338],[-85.88206,36.78394],[-85.88405,36.78469],[-85.88592,36.78466]]]}},{"type":"Feature","properties":{"kind":"minor-water","name":"Caney Fork Creek","ftype":460,"lengthKm":1.85,"hu8":"05110002","pid":"56294051"},"geometry":{"type":"MultiLineString","coordinates":[[[-86.43986,36.59086],[-86.44132,36.5922],[-86.44317,36.59176],[-86.4488,36.59237],[-86.45136,36.5922],[-86.45337,36.5929],[-86.45468,36.59508],[-86.45593,36.59489],[-86.45621,36.59524],[-86.45752,36.59553]]]}},{"type":"Feature","properties":{"kind":"minor-water","name":"Caney Fork Creek","ftype":460,"lengthKm":0.4,"hu8":"05110002","pid":"56294170"},"geometry":{"type":"MultiLineString","coordinates":[[[-86.42106,36.58323],[-86.42234,36.58439],[-86.42482,36.58491]]]}},{"type":"Feature","properties":{"kind":"minor-water","name":"Bays Fork","ftype":558,"lengthKm":0.01,"hu8":"05110002","pid":"{475A02F4-294A-4F4B-89C7-43893796E9C3}"},"geometry":{"type":"MultiLineString","coordinates":[[[-86.22617,36.91245],[-86.22613,36.91258]]]}},{"type":"Feature","properties":{"kind":"minor-water","name":"Peter Creek","ftype":460,"lengthKm":1.29,"hu8":"05110002","pid":"56290310"},"geometry":{"type":"MultiLineString","coordinates":[[[-85.86453,36.75881],[-85.86511,36.7592],[-85.86542,36.7604],[-85.86726,36.76129],[-85.8685,36.76256],[-85.87105,36.76422],[-85.87079,36.76555],[-85.87275,36.76747]]]}},{"type":"Feature","properties":{"kind":"minor-water","name":"Trace Creek","ftype":460,"lengthKm":0.22,"hu8":"05110002","pid":"56293856"},"geometry":{"type":"MultiLineString","coordinates":[[[-85.78267,36.54515],[-85.78294,36.54708]]]}},{"type":"Feature","properties":{"kind":"minor-water","name":"Trace Creek","ftype":460,"lengthKm":0.56,"hu8":"05110002","pid":"56294152"},"geometry":{"type":"MultiLineString","coordinates":[[[-85.78485,36.53147],[-85.78436,36.53162],[-85.78375,36.53303],[-85.784,36.53403],[-85.78481,36.53501],[-85.78435,36.53581]]]}},{"type":"Feature","properties":{"kind":"minor-water","name":"Black Lick Creek","ftype":460,"lengthKm":1.47,"hu8":"05110002","pid":"56289255"},"geometry":{"type":"MultiLineString","coordinates":[[[-86.67133,36.91275],[-86.67096,36.91401],[-86.67025,36.91493],[-86.67059,36.91601],[-86.67006,36.91767],[-86.67073,36.91884],[-86.67015,36.91924],[-86.67046,36.92016],[-86.66882,36.92154],[-86.66905,36.92201],[-86.66877,36.92264],[-86.66926,36.92385],[-86.66855,36.92447]]]}},{"type":"Feature","properties":{"kind":"minor-water","name":"Skaggs Creek","ftype":460,"lengthKm":0.22,"hu8":"05110002","pid":"56289472"},"geometry":{"type":"MultiLineString","coordinates":[[[-85.76541,36.82403],[-85.76586,36.82421],[-85.76642,36.82571]]]}},{"type":"Feature","properties":{"kind":"minor-water","name":"Caney Fork Creek","ftype":460,"lengthKm":1.61,"hu8":"05110002","pid":"56294327"},"geometry":{"type":"MultiLineString","coordinates":[[[-86.4099,36.57306],[-86.41238,36.57374],[-86.41303,36.57443],[-86.41467,36.5751],[-86.41611,36.57794],[-86.41738,36.57853],[-86.41932,36.58117],[-86.41997,36.58283],[-86.42106,36.58323]]]}},{"type":"Feature","properties":{"kind":"minor-water","name":"Sulphur Fork Creek","ftype":460,"lengthKm":0.44,"hu8":"05110002","pid":"56292515"},"geometry":{"type":"MultiLineString","coordinates":[[[-86.39638,36.64262],[-86.39656,36.64343],[-86.39793,36.64397],[-86.3987,36.64394],[-86.39898,36.64522]]]}},{"type":"Feature","properties":{"kind":"minor-water","name":"Sulphur Fork Creek","ftype":460,"lengthKm":2.52,"hu8":"05110002","pid":"56292445"},"geometry":{"type":"MultiLineString","coordinates":[[[-86.39898,36.64522],[-86.40088,36.64626],[-86.40207,36.64748],[-86.40271,36.64867],[-86.40522,36.6487],[-86.40761,36.6478],[-86.40935,36.64958],[-86.41126,36.65068],[-86.41257,36.65393],[-86.41266,36.65842],[-86.41354,36.66008]]]}},{"type":"Feature","properties":{"kind":"minor-water","name":"East Fork Barren River","ftype":460,"lengthKm":0.07,"hu8":"05110002","pid":"{1D0756BF-F568-4DEB-9869-531E3AB9385F}"},"geometry":{"type":"MultiLineString","coordinates":[[[-85.74498,36.74604],[-85.74521,36.74545]]]}},{"type":"Feature","properties":{"kind":"minor-water","name":"Skaggs Creek","ftype":460,"lengthKm":1.87,"hu8":"05110002","pid":"56289323"},"geometry":{"type":"MultiLineString","coordinates":[[[-85.80851,36.83717],[-85.81022,36.8392],[-85.81137,36.84173],[-85.80943,36.84414],[-85.80861,36.84632],[-85.80911,36.84905],[-85.80972,36.84969],[-85.81094,36.85007],[-85.81257,36.85153]]]}},{"type":"Feature","properties":{"kind":"minor-water","name":"Joney Branch","ftype":460,"lengthKm":0.74,"hu8":"05110002","pid":"56289809"},"geometry":{"type":"MultiLineString","coordinates":[[[-85.85663,36.80968],[-85.85951,36.80807],[-85.86052,36.80689],[-85.86187,36.80617],[-85.86262,36.80518]]]}},{"type":"Feature","properties":{"kind":"minor-water","name":"Peter Creek","ftype":558,"lengthKm":0.23,"hu8":"05110002","pid":"56289890"},"geometry":{"type":"MultiLineString","coordinates":[[[-85.93452,36.80406],[-85.93563,36.80595]]]}},{"type":"Feature","properties":{"kind":"minor-water","name":"Jennings Creek","ftype":558,"lengthKm":0.03,"hu8":"05110002","pid":"56287319"},"geometry":{"type":"MultiLineString","coordinates":[[[-86.46912,37.01742],[-86.46915,37.01766]]]}},{"type":"Feature","properties":{"kind":"minor-water","name":"South Fork Beaver Creek","ftype":460,"lengthKm":0.36,"hu8":"05110002","pid":"56287222"},"geometry":{"type":"MultiLineString","coordinates":[[[-85.95144,36.98414],[-85.95339,36.98417],[-85.95526,36.98332]]]}},{"type":"Feature","properties":{"kind":"minor-water","name":"Clear Fork Creek","ftype":558,"lengthKm":0.36,"hu8":"05110002","pid":"56288594"},"geometry":{"type":"MultiLineString","coordinates":[[[-86.62874,36.95511],[-86.62749,36.95507],[-86.6249,36.95581]]]}},{"type":"Feature","properties":{"kind":"minor-water","name":"Drakes Creek","ftype":558,"lengthKm":1.47,"hu8":"05110002","pid":"56289936"},"geometry":{"type":"MultiLineString","coordinates":[[[-86.41288,36.8388],[-86.41627,36.84194],[-86.4161,36.84331],[-86.41223,36.84629],[-86.40813,36.84718]]]}},{"type":"Feature","properties":{"kind":"minor-water","name":"Trace Creek","ftype":460,"lengthKm":0.34,"hu8":"05110002","pid":"56294059"},"geometry":{"type":"MultiLineString","coordinates":[[[-85.78371,36.53608],[-85.78278,36.53777],[-85.78334,36.53893]]]}},{"type":"Feature","properties":{"kind":"minor-water","name":"Bays Fork","ftype":460,"lengthKm":0.07,"hu8":"05110002","pid":"56289040"},"geometry":{"type":"MultiLineString","coordinates":[[[-86.25034,36.89536],[-86.25029,36.89602]]]}},{"type":"Feature","properties":{"kind":"minor-water","name":"Bays Fork","ftype":460,"lengthKm":2.5,"hu8":"05110002","pid":"56289006"},"geometry":{"type":"MultiLineString","coordinates":[[[-86.23541,36.8975],[-86.23474,36.89782],[-86.23456,36.89851],[-86.23506,36.90092],[-86.23568,36.90193],[-86.23475,36.9035],[-86.2355,36.90681],[-86.23443,36.90713],[-86.23252,36.90611],[-86.23208,36.90628],[-86.2312,36.90769],[-86.22922,36.90699],[-86.22728,36.90988],[-86.22617,36.91245]]]}},{"type":"Feature","properties":{"kind":"minor-water","name":"Little Sinking Creek","ftype":460,"lengthKm":0.55,"hu8":"05110002","pid":"{6D1DD082-8E69-47BE-9C47-FFE097033A42}"},"geometry":{"type":"MultiLineString","coordinates":[[[-86.0525,37.02835],[-86.05389,37.02892],[-86.0541,37.02979],[-86.05544,37.03034],[-86.05569,37.03137],[-86.05621,37.03171]]]}},{"type":"Feature","properties":{"kind":"minor-water","name":"Drakes Creek","ftype":558,"lengthKm":0.12,"hu8":"05110002","pid":"56289195"},"geometry":{"type":"MultiLineString","coordinates":[[[-86.38167,36.89474],[-86.38078,36.89553]]]}},{"type":"Feature","properties":{"kind":"minor-water","name":"Huggins Branch","ftype":460,"lengthKm":2.5,"hu8":"05110002","pid":"56286961"},"geometry":{"type":"MultiLineString","coordinates":[[[-85.92439,37.00775],[-85.92478,37.00769],[-85.92582,37.00603],[-85.92813,37.00382],[-85.93228,37.00286],[-85.93354,37.00205],[-85.93375,37.00107],[-85.93681,37.00095],[-85.93794,36.99994],[-85.94022,36.99913],[-85.94216,36.99897],[-85.9435,36.99853],[-85.94474,36.99875],[-85.94738,36.99833]]]}},{"type":"Feature","properties":{"kind":"minor-water","name":"Little Salt Lick Creek","ftype":460,"lengthKm":0.34,"hu8":"05110002","pid":"56293081"},"geometry":{"type":"MultiLineString","coordinates":[[[-85.84668,36.57905],[-85.84849,36.57932],[-85.84864,36.57898],[-85.84823,36.57836],[-85.84883,36.57808]]]}},{"type":"Feature","properties":{"kind":"minor-water","name":"Sulphur Creek","ftype":460,"lengthKm":0.26,"hu8":"05110002","pid":"56289812"},"geometry":{"type":"MultiLineString","coordinates":[[[-86.20533,36.83335],[-86.20809,36.83424]]]}},{"type":"Feature","properties":{"kind":"minor-water","name":"Little Muddy Creek","ftype":460,"lengthKm":1.74,"hu8":"05110002","pid":"56287224"},"geometry":{"type":"MultiLineString","coordinates":[[[-86.69528,37.04263],[-86.69301,37.04294],[-86.68972,37.0422],[-86.68905,37.04258],[-86.6884,37.04257],[-86.68725,37.04344],[-86.6856,37.04391],[-86.68295,37.04595],[-86.68259,37.0474],[-86.68062,37.04975]]]}},{"type":"Feature","properties":{"kind":"minor-water","name":"White Oak Creek","ftype":460,"lengthKm":0.32,"hu8":"05110002","pid":"56292517"},"geometry":{"type":"MultiLineString","coordinates":[[[-85.97201,36.60772],[-85.9702,36.60762],[-85.9688,36.60849]]]}},{"type":"Feature","properties":{"kind":"minor-water","name":"Difficult Creek","ftype":460,"lengthKm":1.17,"hu8":"05110002","pid":"56289828"},"geometry":{"type":"MultiLineString","coordinates":[[[-86.15213,36.82759],[-86.1552,36.83048],[-86.15897,36.83328],[-86.15885,36.83589]]]}},{"type":"Feature","properties":{"kind":"minor-water","name":"Hunt Branch","ftype":460,"lengthKm":0.83,"hu8":"05110002","pid":"56290243"},"geometry":{"type":"MultiLineString","coordinates":[[[-85.97829,36.77896],[-85.97918,36.77808],[-85.98086,36.77787],[-85.98322,36.77639],[-85.98488,36.77585],[-85.98561,36.77492]]]}},{"type":"Feature","properties":{"kind":"minor-water","name":"Dry Branch","ftype":460,"lengthKm":0.35,"hu8":"05110002","pid":"56293436"},"geometry":{"type":"MultiLineString","coordinates":[[[-85.91873,36.57138],[-85.92114,36.57386]]]}},{"type":"Feature","properties":{"kind":"minor-water","name":"Line Creek","ftype":460,"lengthKm":1.52,"hu8":"05110002","pid":"56291698"},"geometry":{"type":"MultiLineString","coordinates":[[[-85.67786,36.62207],[-85.67815,36.62129],[-85.68021,36.62086],[-85.68224,36.62114],[-85.68284,36.62084],[-85.68356,36.62091],[-85.68487,36.62186],[-85.68662,36.62256],[-85.68967,36.62264],[-85.69296,36.62149]]]}},{"type":"Feature","properties":{"kind":"minor-water","name":"Sulphur Fork Creek","ftype":460,"lengthKm":1.34,"hu8":"05110002","pid":"56293609"},"geometry":{"type":"MultiLineString","coordinates":[[[-86.38428,36.60418],[-86.38459,36.60522],[-86.38568,36.60576],[-86.38481,36.60772],[-86.38484,36.60947],[-86.38545,36.61093],[-86.38571,36.61361],[-86.38697,36.61524]]]}},{"type":"Feature","properties":{"kind":"minor-water","name":"Little Trace Creek","ftype":460,"lengthKm":0.24,"hu8":"05110002","pid":"56293651"},"geometry":{"type":"MultiLineString","coordinates":[[[-85.69082,36.54451],[-85.69093,36.54533],[-85.69215,36.54626]]]}},{"type":"Feature","properties":{"kind":"minor-water","name":"Glover Creek","ftype":558,"lengthKm":1.67,"hu8":"05110002","pid":"56288675"},"geometry":{"type":"MultiLineString","coordinates":[[[-85.80778,36.88841],[-85.80965,36.88745],[-85.8124,36.88699],[-85.81347,36.88633],[-85.81635,36.88559],[-85.82102,36.88928],[-85.82131,36.89147]]]}},{"type":"Feature","properties":{"kind":"minor-water","name":"Skaggs Creek","ftype":460,"lengthKm":0.53,"hu8":"05110002","pid":"56289390"},"geometry":{"type":"MultiLineString","coordinates":[[[-85.7754,36.83028],[-85.77663,36.83105],[-85.77741,36.83278],[-85.77779,36.83287],[-85.7792,36.83217]]]}},{"type":"Feature","properties":{"kind":"minor-water","name":"Beaver Creek","ftype":558,"lengthKm":0.2,"hu8":"05110002","pid":"56287293"},"geometry":{"type":"MultiLineString","coordinates":[[[-85.98077,36.98082],[-85.98111,36.98016],[-85.98245,36.98001]]]}},{"type":"Feature","properties":{"kind":"minor-water","name":"Skaggs Creek","ftype":558,"lengthKm":0.69,"hu8":"05110002","pid":"56288167"},"geometry":{"type":"MultiLineString","coordinates":[[[-85.96852,36.92719],[-85.96934,36.92686],[-85.96999,36.92602],[-85.97123,36.92168]]]}},{"type":"Feature","properties":{"kind":"minor-water","name":"Middle Fork Drakes Creek","ftype":558,"lengthKm":0.21,"hu8":"05110002","pid":"56290112"},"geometry":{"type":"MultiLineString","coordinates":[[[-86.39785,36.82254],[-86.39895,36.82336],[-86.39911,36.82401]]]}},{"type":"Feature","properties":{"kind":"minor-water","name":"West Fork Drakes Creek","ftype":558,"lengthKm":2.78,"hu8":"05110002","pid":"56290381"},"geometry":{"type":"MultiLineString","coordinates":[[[-86.46451,36.80144],[-86.45981,36.80271],[-86.45776,36.80355],[-86.45697,36.80444],[-86.456,36.80795],[-86.45612,36.80888],[-86.457,36.80965],[-86.46021,36.81035],[-86.46039,36.81157],[-86.4598,36.81262],[-86.45774,36.8137],[-86.4509,36.81445]]]}},{"type":"Feature","properties":{"kind":"minor-water","name":"Line Creek","ftype":558,"lengthKm":0.37,"hu8":"05110002","pid":"56291921"},"geometry":{"type":"MultiLineString","coordinates":[[[-85.78835,36.61758],[-85.78867,36.62091]]]}},{"type":"Feature","properties":{"kind":"minor-water","name":"Salt Lick Creek","ftype":558,"lengthKm":1.68,"hu8":"05110002","pid":"56292975"},"geometry":{"type":"MultiLineString","coordinates":[[[-85.87868,36.58421],[-85.87915,36.58488],[-85.88124,36.58578],[-85.88234,36.58585],[-85.88429,36.58537],[-85.8849,36.58757],[-85.88449,36.59005],[-85.8836,36.59049],[-85.8802,36.59094],[-85.88025,36.59248]]]}},{"type":"Feature","properties":{"kind":"minor-water","name":"Dry Branch","ftype":558,"lengthKm":0.01,"hu8":"05110002","pid":"56293085"},"geometry":{"type":"MultiLineString","coordinates":[[[-85.93113,36.58494],[-85.93123,36.58497]]]}},{"type":"Feature","properties":{"kind":"minor-water","name":"Barren River","ftype":558,"lengthKm":1.12,"hu8":"05110002","pid":"56291358"},"geometry":{"type":"MultiLineString","coordinates":[[[-85.86017,36.6679],[-85.862,36.66618],[-85.86315,36.66565],[-85.86992,36.6696]]]}},{"type":"Feature","properties":{"kind":"minor-water","name":"Black Lick Creek","ftype":460,"lengthKm":1.28,"hu8":"05110002","pid":"56289487"},"geometry":{"type":"MultiLineString","coordinates":[[[-86.6739,36.89637],[-86.66988,36.90234],[-86.67175,36.90682]]]}},{"type":"Feature","properties":{"kind":"minor-water","name":"Lick Creek","ftype":460,"lengthKm":0.75,"hu8":"05110002","pid":"56286922"},"geometry":{"type":"MultiLineString","coordinates":[[[-86.63199,37.07093],[-86.63165,37.06959],[-86.63215,37.06823],[-86.63194,37.06749],[-86.63333,37.06569],[-86.6336,37.06458]]]}},{"type":"Feature","properties":{"kind":"minor-water","name":"Garrett Creek","ftype":460,"lengthKm":1.99,"hu8":"05110002","pid":"56292425"},"geometry":{"type":"MultiLineString","coordinates":[[[-86.24012,36.63324],[-86.24165,36.63552],[-86.24175,36.63645],[-86.24294,36.63842],[-86.24332,36.64172],[-86.24439,36.64269],[-86.2438,36.64736],[-86.24422,36.64843],[-86.24262,36.64969]]]}},{"type":"Feature","properties":{"kind":"minor-water","name":"Indian Creek","ftype":558,"lengthKm":0.38,"hu8":"05110002","pid":"56291070"},"geometry":{"type":"MultiLineString","coordinates":[[[-85.95166,36.69372],[-85.95582,36.69448]]]}},{"type":"Feature","properties":{"kind":"minor-water","name":"Garrett Creek","ftype":460,"lengthKm":0.02,"hu8":"05110002","pid":"56292033"},"geometry":{"type":"MultiLineString","coordinates":[[[-86.24262,36.64969],[-86.24248,36.64988]]]}},{"type":"Feature","properties":{"kind":"minor-water","name":"Clear Fork Creek","ftype":460,"lengthKm":1.54,"hu8":"05110002","pid":"56289042"},"geometry":{"type":"MultiLineString","coordinates":[[[-86.64349,36.92657],[-86.64279,36.92669],[-86.64256,36.92706],[-86.64195,36.92686],[-86.64141,36.92738],[-86.64154,36.92807],[-86.64058,36.92816],[-86.64169,36.9289],[-86.64147,36.93024],[-86.64085,36.93046],[-86.63982,36.92997],[-86.6386,36.93176],[-86.63871,36.93334],[-86.63826,36.93391],[-86.63774,36.93389],[-86.63766,36.93443],[-86.63686,36.93507]]]}},{"type":"Feature","properties":{"kind":"minor-water","name":"Falling Timber Creek","ftype":460,"lengthKm":1.46,"hu8":"05110002","pid":"56287773"},"geometry":{"type":"MultiLineString","coordinates":[[[-85.78387,36.93268],[-85.78474,36.93227],[-85.78759,36.93259],[-85.78925,36.93118],[-85.79585,36.93044],[-85.79905,36.92935]]]}},{"type":"Feature","properties":{"kind":"minor-water","name":"Caney Fork","ftype":460,"lengthKm":0.37,"hu8":"05110002","pid":"56289388"},"geometry":{"type":"MultiLineString","coordinates":[[[-85.93139,36.84348],[-85.9316,36.84402],[-85.93239,36.84434],[-85.93383,36.84599]]]}},{"type":"Feature","properties":{"kind":"minor-water","name":"Drakes Creek","ftype":558,"lengthKm":0.83,"hu8":"05110002","pid":"56289622"},"geometry":{"type":"MultiLineString","coordinates":[[[-86.39463,36.86484],[-86.39282,36.86484],[-86.39066,36.86424],[-86.3861,36.8621]]]}},{"type":"Feature","properties":{"kind":"minor-water","name":"Sinking Creek","ftype":460,"lengthKm":2.17,"hu8":"05110002","pid":"56291202"},"geometry":{"type":"MultiLineString","coordinates":[[[-86.61963,36.73712],[-86.62267,36.73877],[-86.62329,36.73941],[-86.62432,36.74208],[-86.62364,36.74543],[-86.62265,36.74643],[-86.6169,36.74792],[-86.61474,36.74901],[-86.61352,36.74998]]]}},{"type":"Feature","properties":{"kind":"minor-water","name":"Black Lick Creek","ftype":460,"lengthKm":0.81,"hu8":"05110002","pid":"56289036"},"geometry":{"type":"MultiLineString","coordinates":[[[-86.66924,36.92906],[-86.67085,36.93065],[-86.67218,36.93096],[-86.67219,36.9314],[-86.67143,36.93179],[-86.67142,36.9323],[-86.67273,36.93412],[-86.67323,36.9341]]]}},{"type":"Feature","properties":{"kind":"minor-water","name":"Indian Creek","ftype":558,"lengthKm":0.85,"hu8":"05110002","pid":"{CC610692-6CED-4275-B3A3-6D02B9A0CEC4}"},"geometry":{"type":"MultiLineString","coordinates":[[[-85.95825,36.69398],[-85.95912,36.69236],[-85.96106,36.69091],[-85.96249,36.69078],[-85.96292,36.69146],[-85.96341,36.69161],[-85.9644,36.69143],[-85.96478,36.69093]]]}},{"type":"Feature","properties":{"kind":"minor-water","name":"Peter Creek","ftype":460,"lengthKm":0.19,"hu8":"05110002","pid":"56290218"},"geometry":{"type":"MultiLineString","coordinates":[[[-85.87275,36.76747],[-85.87219,36.76916]]]}},{"type":"Feature","properties":{"kind":"minor-water","name":"Snyder Branch","ftype":558,"lengthKm":0.01,"hu8":"05110002","pid":"56290885"},"geometry":{"type":"MultiLineString","coordinates":[[[-86.28989,36.73927],[-86.28975,36.73931]]]}},{"type":"Feature","properties":{"kind":"minor-water","name":"Bays Fork","ftype":460,"lengthKm":1.08,"hu8":"05110002","pid":"56289035"},"geometry":{"type":"MultiLineString","coordinates":[[[-86.25029,36.89602],[-86.24901,36.89688],[-86.24807,36.89675],[-86.24748,36.89631],[-86.24701,36.8969],[-86.24649,36.89687],[-86.24448,36.89609],[-86.2438,36.89522],[-86.24207,36.89528],[-86.24054,36.89419]]]}},{"type":"Feature","properties":{"kind":"minor-water","name":"Little Muddy Creek","ftype":460,"lengthKm":2.05,"hu8":"05110002","pid":"56286374"},"geometry":{"type":"MultiLineString","coordinates":[[[-86.68568,37.11458],[-86.68632,37.11537],[-86.68745,37.11592],[-86.68707,37.11832],[-86.68752,37.12098],[-86.68777,37.12158],[-86.68873,37.1223],[-86.6877,37.12398],[-86.68971,37.12592],[-86.68836,37.12715],[-86.68769,37.12688],[-86.68634,37.12725],[-86.68506,37.12653],[-86.6844,37.12697]]]}},{"type":"Feature","properties":{"kind":"minor-water","name":"Dry Branch","ftype":460,"lengthKm":0.71,"hu8":"05110002","pid":"56293923"},"geometry":{"type":"MultiLineString","coordinates":[[[-85.91216,36.55309],[-85.91194,36.55368],[-85.91231,36.55489],[-85.91196,36.55747],[-85.91119,36.55933]]]}},{"type":"Feature","properties":{"kind":"minor-water","name":"Brush Creek","ftype":460,"lengthKm":1.66,"hu8":"05110002","pid":"56288517"},"geometry":{"type":"MultiLineString","coordinates":[[[-86.5942,36.95903],[-86.59426,36.95955],[-86.59895,36.95908],[-86.60017,36.95937],[-86.60247,36.95922],[-86.60568,36.9603],[-86.60785,36.96293],[-86.60932,36.96256],[-86.61006,36.96271]]]}},{"type":"Feature","properties":{"kind":"minor-water","name":"Line Creek","ftype":460,"lengthKm":1.35,"hu8":"05110002","pid":"56291975"},"geometry":{"type":"MultiLineString","coordinates":[[[-85.70602,36.61348],[-85.70742,36.61334],[-85.70818,36.61292],[-85.70957,36.61191],[-85.70941,36.61132],[-85.71045,36.61078],[-85.71287,36.61121],[-85.71362,36.61101],[-85.71436,36.61049],[-85.71406,36.60933],[-85.7155,36.60937],[-85.71696,36.60853]]]}},{"type":"Feature","properties":{"kind":"minor-water","name":"Nobob Creek","ftype":460,"lengthKm":0.24,"hu8":"05110002","pid":"56288974"},"geometry":{"type":"MultiLineString","coordinates":[[[-85.74681,36.86073],[-85.74862,36.8606],[-85.74891,36.8599]]]}},{"type":"Feature","properties":{"kind":"minor-water","name":"Hunt Branch","ftype":460,"lengthKm":0.51,"hu8":"05110002","pid":"56290072"},"geometry":{"type":"MultiLineString","coordinates":[[[-85.96827,36.79433],[-85.96775,36.79386],[-85.96756,36.79308],[-85.96789,36.78996]]]}},{"type":"Feature","properties":{"kind":"minor-water","name":"Miller Branch","ftype":460,"lengthKm":1.25,"hu8":"05110002","pid":"56290263"},"geometry":{"type":"MultiLineString","coordinates":[[[-85.82115,36.76983],[-85.82341,36.76767],[-85.82441,36.76621],[-85.82469,36.76383],[-85.82651,36.75969]]]}},{"type":"Feature","properties":{"kind":"minor-water","name":"Mill Creek","ftype":460,"lengthKm":0.2,"hu8":"05110002","pid":"56291317"},"geometry":{"type":"MultiLineString","coordinates":[[[-85.6666,36.65221],[-85.66778,36.65206],[-85.6688,36.65234]]]}},{"type":"Feature","properties":{"kind":"minor-water","name":"Sweetwater Creek","ftype":460,"lengthKm":2.44,"hu8":"05110002","pid":"56291610"},"geometry":{"type":"MultiLineString","coordinates":[[[-85.63312,36.63221],[-85.63561,36.63214],[-85.63691,36.63152],[-85.63941,36.6288],[-85.6398,36.62737],[-85.64107,36.62545],[-85.64223,36.62445],[-85.6435,36.62422],[-85.64495,36.62452],[-85.64565,36.6272],[-85.6475,36.62894],[-85.64796,36.63065],[-85.64902,36.63166]]]}},{"type":"Feature","properties":{"kind":"minor-water","name":"Long Hungry Creek","ftype":460,"lengthKm":2.48,"hu8":"05110002","pid":"56292184"},"geometry":{"type":"MultiLineString","coordinates":[[[-86.08935,36.62937],[-86.08751,36.62953],[-86.08696,36.62928],[-86.08589,36.6296],[-86.08424,36.63043],[-86.08268,36.6325],[-86.08186,36.63294],[-86.08071,36.63455],[-86.08015,36.63608],[-86.07978,36.6379],[-86.0801,36.63933],[-86.07947,36.63986],[-86.07943,36.64045],[-86.07477,36.64034],[-86.07254,36.64247]]]}},{"type":"Feature","properties":{"kind":"minor-water","name":"Salt Lick Creek","ftype":460,"lengthKm":0.47,"hu8":"05110002","pid":"56294664"},"geometry":{"type":"MultiLineString","coordinates":[[[-85.84691,36.503],[-85.84706,36.50339],[-85.84653,36.50478],[-85.84553,36.50643],[-85.84579,36.50691]]]}},{"type":"Feature","properties":{"kind":"minor-water","name":"Beaver Creek","ftype":558,"lengthKm":0.92,"hu8":"05110002","pid":"56286672"},"geometry":{"type":"MultiLineString","coordinates":[[[-85.90523,37.03623],[-85.90581,37.03639],[-85.90887,37.03452],[-85.90959,37.03338],[-85.9109,37.0323],[-85.91132,37.03044]]]}},{"type":"Feature","properties":{"kind":"minor-water","name":"Bailey Branch","ftype":558,"lengthKm":0.14,"hu8":"05110002","pid":"56288806"},"geometry":{"type":"MultiLineString","coordinates":[[[-85.78544,36.87461],[-85.78598,36.87577]]]}},{"type":"Feature","properties":{"kind":"minor-water","name":"Skaggs Creek","ftype":558,"lengthKm":1.19,"hu8":"05110002","pid":"56289015"},"geometry":{"type":"MultiLineString","coordinates":[[[-85.84008,36.87202],[-85.84251,36.87156],[-85.84664,36.86876],[-85.84703,36.86769],[-85.84613,36.86558],[-85.84643,36.86516],[-85.84705,36.86502]]]}},{"type":"Feature","properties":{"kind":"minor-water","name":"Payne Branch","ftype":558,"lengthKm":0.01,"hu8":"05110002","pid":"56289873"},"geometry":{"type":"MultiLineString","coordinates":[[[-85.93571,36.80593],[-85.93563,36.80595]]]}},{"type":"Feature","properties":{"kind":"minor-water","name":"Mill Creek","ftype":558,"lengthKm":0.04,"hu8":"05110002","pid":"56291377"},"geometry":{"type":"MultiLineString","coordinates":[[[-85.65982,36.64712],[-85.66027,36.64728]]]}},{"type":"Feature","properties":{"kind":"minor-water","name":"West Fork Drakes Creek","ftype":558,"lengthKm":0.12,"hu8":"05110002","pid":"56292853"},"geometry":{"type":"MultiLineString","coordinates":[[[-86.49731,36.6382],[-86.49789,36.63919]]]}},{"type":"Feature","properties":{"kind":"minor-water","name":"Long Fork","ftype":558,"lengthKm":0.27,"hu8":"05110002","pid":"56293665"},"geometry":{"type":"MultiLineString","coordinates":[[[-85.94039,36.56528],[-85.93973,36.56761]]]}},{"type":"Feature","properties":{"kind":"minor-water","name":"Black Lick Creek","ftype":460,"lengthKm":0.95,"hu8":"05110002","pid":"56288989"},"geometry":{"type":"MultiLineString","coordinates":[[[-86.67419,36.93659],[-86.67474,36.93772],[-86.67421,36.93875],[-86.67435,36.94001],[-86.67381,36.94034],[-86.67246,36.93996],[-86.67263,36.94086],[-86.6717,36.94251],[-86.67185,36.94304]]]}},{"type":"Feature","properties":{"kind":"minor-water","name":"Barren River","ftype":558,"lengthKm":1.56,"hu8":"05110002","pid":"56286518"},"geometry":{"type":"MultiLineString","coordinates":[[[-86.52556,37.09278],[-86.52791,37.09399],[-86.53289,37.0975],[-86.53484,37.09757],[-86.54103,37.09702]]]}},{"type":"Feature","properties":{"kind":"minor-water","name":"Davis Branch","ftype":460,"lengthKm":1.12,"hu8":"05110002","pid":"56294304"},"geometry":{"type":"MultiLineString","coordinates":[[[-86.24659,36.56127],[-86.2458,36.56183],[-86.24524,36.56309],[-86.24457,36.56373],[-86.24307,36.56482],[-86.24188,36.56518],[-86.24139,36.5661],[-86.23967,36.56668],[-86.23806,36.56808]]]}},{"type":"Feature","properties":{"kind":"minor-water","name":"Drakes Creek","ftype":558,"lengthKm":0.7,"hu8":"05110002","pid":"56289664"},"geometry":{"type":"MultiLineString","coordinates":[[[-86.39408,36.86113],[-86.3955,36.86179],[-86.39636,36.86163],[-86.39692,36.8622],[-86.39628,36.86397],[-86.39531,36.86478],[-86.39463,36.86484]]]}},{"type":"Feature","properties":{"kind":"minor-water","name":"Wattwood Branch","ftype":460,"lengthKm":1.66,"hu8":"05110002","pid":"56295055"},"geometry":{"type":"MultiLineString","coordinates":[[[-86.45647,36.51756],[-86.4589,36.51797],[-86.45945,36.51743],[-86.46132,36.51733],[-86.46217,36.51827],[-86.46304,36.51834],[-86.46351,36.51906],[-86.46536,36.51948],[-86.4672,36.52091],[-86.46806,36.52084],[-86.46821,36.52122],[-86.46893,36.52123],[-86.47,36.52214],[-86.4718,36.5226]]]}},{"type":"Feature","properties":{"kind":"minor-water","name":"Peter Creek","ftype":460,"lengthKm":0.34,"hu8":"05110002","pid":"56289929"},"geometry":{"type":"MultiLineString","coordinates":[[[-85.89856,36.79731],[-85.89968,36.79761],[-85.90189,36.79881]]]}},{"type":"Feature","properties":{"kind":"minor-water","name":"Little Muddy Creek","ftype":460,"lengthKm":1.19,"hu8":"05110002","pid":"56286959"},"geometry":{"type":"MultiLineString","coordinates":[[[-86.66605,37.07163],[-86.66681,37.07151],[-86.66765,37.07085],[-86.66991,37.06781],[-86.66975,37.0672],[-86.67022,37.0664],[-86.67,37.0652],[-86.67055,37.06441],[-86.66951,37.06265]]]}},{"type":"Feature","properties":{"kind":"minor-water","name":"Coon Creek","ftype":460,"lengthKm":2.57,"hu8":"05110002","pid":"8979460a-8b5d-49b9-b1be-0d3be175b9a6"},"geometry":{"type":"MultiLineString","coordinates":[[[-85.98499,36.88329],[-85.98555,36.88377],[-85.98668,36.88387],[-85.98708,36.8847],[-85.98898,36.88526],[-85.9891,36.8863],[-85.99016,36.88742],[-85.99189,36.88815],[-85.99506,36.88836],[-85.99542,36.8891],[-85.99785,36.88995],[-85.99946,36.89089],[-86.00011,36.89195],[-86.00091,36.8916],[-86.00275,36.89219],[-86.00481,36.89133],[-86.00549,36.89142],[-86.00715,36.89098],[-86.00713,36.8903]]]}},{"type":"Feature","properties":{"kind":"minor-water","name":"Town Creek","ftype":460,"lengthKm":0.38,"hu8":"05110002","pid":"56294578"},"geometry":{"type":"MultiLineString","coordinates":[[[-86.01429,36.52454],[-86.01384,36.52412],[-86.01231,36.52426],[-86.01054,36.52349]]]}},{"type":"Feature","properties":{"kind":"minor-water","name":"Little Muddy Creek","ftype":460,"lengthKm":1.84,"hu8":"05110002","pid":"56286311"},"geometry":{"type":"MultiLineString","coordinates":[[[-86.69203,37.14113],[-86.69261,37.14226],[-86.69223,37.14271],[-86.69146,37.1429],[-86.69136,37.14326],[-86.6933,37.14311],[-86.69345,37.14353],[-86.69134,37.14425],[-86.6907,37.14483],[-86.69015,37.14569],[-86.68992,37.14727],[-86.68796,37.14707],[-86.68667,37.14755],[-86.68483,37.14773],[-86.68547,37.1491],[-86.68528,37.15005]]]}},{"type":"Feature","properties":{"kind":"minor-water","name":"Tyree Branch","ftype":460,"lengthKm":0.7,"hu8":"05110002","pid":"56290174"},"geometry":{"type":"MultiLineString","coordinates":[[[-85.79228,36.76798],[-85.79316,36.76746],[-85.79705,36.76756],[-85.7998,36.76685]]]}},{"type":"Feature","properties":{"kind":"minor-water","name":"Long Hungry Creek","ftype":460,"lengthKm":0.02,"hu8":"05110002","pid":"56291513"},"geometry":{"type":"MultiLineString","coordinates":[[[-86.0488,36.67025],[-86.04869,36.67038]]]}},{"type":"Feature","properties":{"kind":"minor-water","name":"White Oak Creek","ftype":460,"lengthKm":0.57,"hu8":"05110002","pid":"56292169"},"geometry":{"type":"MultiLineString","coordinates":[[[-85.94977,36.61877],[-85.9485,36.61939],[-85.94364,36.61965]]]}},{"type":"Feature","properties":{"kind":"minor-water","name":"Little Salt Lick Creek","ftype":460,"lengthKm":0.36,"hu8":"05110002","pid":"56293462"},"geometry":{"type":"MultiLineString","coordinates":[[[-85.81238,36.56161],[-85.81358,36.56471]]]}},{"type":"Feature","properties":{"kind":"minor-water","name":"Barren River","ftype":558,"lengthKm":0.37,"hu8":"05110002","pid":"56287212"},"geometry":{"type":"MultiLineString","coordinates":[[[-86.46757,37.02634],[-86.46562,37.02623],[-86.46359,37.02563]]]}},{"type":"Feature","properties":{"kind":"minor-water","name":"Skaggs Creek","ftype":558,"lengthKm":0.45,"hu8":"05110002","pid":"56289147"},"geometry":{"type":"MultiLineString","coordinates":[[[-85.81267,36.85176],[-85.81338,36.85368],[-85.81312,36.8557]]]}},{"type":"Feature","properties":{"kind":"minor-water","name":"Trammel Creek","ftype":558,"lengthKm":0.77,"hu8":"05110002","pid":"56291117"},"geometry":{"type":"MultiLineString","coordinates":[[[-86.26119,36.71597],[-86.26628,36.72162]]]}},{"type":"Feature","properties":{"kind":"minor-water","name":"Beaver Creek","ftype":460,"lengthKm":1.51,"hu8":"05110002","pid":"56286850"},"geometry":{"type":"MultiLineString","coordinates":[[[-85.79689,37.00396],[-85.79808,37.00516],[-85.79847,37.00523],[-85.79914,37.0046],[-85.80023,37.00466],[-85.80149,37.00521],[-85.80259,37.00635],[-85.80508,37.00779],[-85.80617,37.0079],[-85.80848,37.00914],[-85.80978,37.0092],[-85.81076,37.00963]]]}},{"type":"Feature","properties":{"kind":"minor-water","name":"Bowles Branch","ftype":460,"lengthKm":1.55,"hu8":"05110002","pid":"56287792"},"geometry":{"type":"MultiLineString","coordinates":[[[-85.84999,36.9426],[-85.85134,36.93995],[-85.85204,36.9393],[-85.85438,36.93832],[-85.85665,36.93808],[-85.85888,36.93718],[-85.85946,36.93725],[-85.86002,36.93612],[-85.86005,36.93506],[-85.86091,36.93371]]]}},{"type":"Feature","properties":{"kind":"minor-water","name":"Bays Fork","ftype":460,"lengthKm":3.97,"hu8":"05110002","pid":"56291152"},"geometry":{"type":"MultiLineString","coordinates":[[[-86.14488,36.7033],[-86.14415,36.70401],[-86.14242,36.70467],[-86.14192,36.70539],[-86.14087,36.70604],[-86.1403,36.70784],[-86.13879,36.70853],[-86.1376,36.71052],[-86.13767,36.71206],[-86.13724,36.7124],[-86.13562,36.71748],[-86.13572,36.71963],[-86.13456,36.7214],[-86.13359,36.72212],[-86.1326,36.72346],[-86.13362,36.72538],[-86.13385,36.72859],[-86.13346,36.72945],[-86.13546,36.73007],[-86.13597,36.73113],[-86.1385,36.73311]]]}},{"type":"Feature","properties":{"kind":"minor-water","name":"Long Creek","ftype":460,"lengthKm":1.48,"hu8":"05110002","pid":"56292047"},"geometry":{"type":"MultiLineString","coordinates":[[[-86.1147,36.63842],[-86.11541,36.63933],[-86.11687,36.64008],[-86.12199,36.63959],[-86.12236,36.63975],[-86.12271,36.64134],[-86.12234,36.64203],[-86.12131,36.6425],[-86.11946,36.64271],[-86.11838,36.64401]]]}},{"type":"Feature","properties":{"kind":"minor-water","name":"Belcher Creek","ftype":558,"lengthKm":0.01,"hu8":"05110002","pid":"56287137"},"geometry":{"type":"MultiLineString","coordinates":[[[-86.60113,37.04181],[-86.60104,37.0418]]]}},{"type":"Feature","properties":{"kind":"minor-water","name":"Beaver Creek","ftype":558,"lengthKm":0.5,"hu8":"05110002","pid":"56287169"},"geometry":{"type":"MultiLineString","coordinates":[[[-85.98137,36.99033],[-85.97849,36.98989],[-85.97581,36.98983]]]}},{"type":"Feature","properties":{"kind":"minor-water","name":"Barren River","ftype":558,"lengthKm":0.72,"hu8":"05110002","pid":"56288405"},"geometry":{"type":"MultiLineString","coordinates":[[[-86.16079,36.92918],[-86.16074,36.92985],[-86.16159,36.93085],[-86.1661,36.93368]]]}},{"type":"Feature","properties":{"kind":"minor-water","name":"Long Fork","ftype":558,"lengthKm":0.3,"hu8":"05110002","pid":"56293201"},"geometry":{"type":"MultiLineString","coordinates":[[[-85.93498,36.5814],[-85.93291,36.58348]]]}},{"type":"Feature","properties":{"kind":"minor-water","name":"Skaggs Creek","ftype":558,"lengthKm":1.62,"hu8":"05110002","pid":"56288487"},"geometry":{"type":"MultiLineString","coordinates":[[[-85.93932,36.90735],[-85.94035,36.90735],[-85.94166,36.90796],[-85.94472,36.9106],[-85.94548,36.91202],[-85.94543,36.91318],[-85.94661,36.91595],[-85.94291,36.91743]]]}},{"type":"Feature","properties":{"kind":"minor-water","name":"Hurricane Creek","ftype":558,"lengthKm":0.08,"hu8":"05110002","pid":"56289824"},"geometry":{"type":"MultiLineString","coordinates":[[[-86.10056,36.82365],[-86.09964,36.8237]]]}},{"type":"Feature","properties":{"kind":"minor-water","name":"Hurricane Creek","ftype":558,"lengthKm":0.06,"hu8":"05110002","pid":"56289840"},"geometry":{"type":"MultiLineString","coordinates":[[[-86.10395,36.82281],[-86.10332,36.82291]]]}},{"type":"Feature","properties":{"kind":"minor-water","name":"Long Fork","ftype":558,"lengthKm":0.07,"hu8":"05110002","pid":"56294538"},"geometry":{"type":"MultiLineString","coordinates":[[[-85.93721,36.52004],[-85.93769,36.52056]]]}},{"type":"Feature","properties":{"kind":"minor-water","name":"York Branch","ftype":460,"lengthKm":0.31,"hu8":"05110002","pid":"56292237"},"geometry":{"type":"MultiLineString","coordinates":[[[-85.87069,36.60933],[-85.8714,36.60972],[-85.87179,36.60955],[-85.87388,36.60984]]]}},{"type":"Feature","properties":{"kind":"minor-water","name":"Trammel Creek","ftype":460,"lengthKm":0.36,"hu8":"05110002","pid":"56292209"},"geometry":{"type":"MultiLineString","coordinates":[[[-86.19741,36.63739],[-86.19721,36.63797],[-86.19792,36.6405]]]}},{"type":"Feature","properties":{"kind":"minor-water","name":"Richland Creek","ftype":460,"lengthKm":0.86,"hu8":"05110002","pid":"56286514"},"geometry":{"type":"MultiLineString","coordinates":[[[-86.69685,37.10628],[-86.69556,37.10695],[-86.69485,37.10683],[-86.69276,37.10729],[-86.6912,37.1081],[-86.69068,37.10786],[-86.68945,37.10792],[-86.68923,37.1076],[-86.68866,37.10805],[-86.68832,37.10798]]]}},{"type":"Feature","properties":{"kind":"minor-water","name":"Falling Timber Creek","ftype":460,"lengthKm":0.27,"hu8":"05110002","pid":"56287553"},"geometry":{"type":"MultiLineString","coordinates":[[[-85.70873,36.93419],[-85.70985,36.93647]]]}},{"type":"Feature","properties":{"kind":"minor-water","name":"Rock House Creek","ftype":460,"lengthKm":0.32,"hu8":"05110002","pid":"56288383"},"geometry":{"type":"MultiLineString","coordinates":[[[-86.71391,36.97404],[-86.71346,36.97416],[-86.71202,36.97568],[-86.71201,36.97629]]]}},{"type":"Feature","properties":{"kind":"minor-water","name":"Johns Creek","ftype":460,"lengthKm":1.75,"hu8":"05110002","pid":"56290808"},"geometry":{"type":"MultiLineString","coordinates":[[[-86.32054,36.75029],[-86.3198,36.75219],[-86.31659,36.75377],[-86.31481,36.75385],[-86.31378,36.75544],[-86.31225,36.75698],[-86.3119,36.75913],[-86.3108,36.7617],[-86.311,36.76234]]]}},{"type":"Feature","properties":{"kind":"minor-water","name":"Benedict Branch","ftype":460,"lengthKm":1.45,"hu8":"05110002","pid":"56290836"},"geometry":{"type":"MultiLineString","coordinates":[[[-85.98477,36.72499],[-85.98576,36.72493],[-85.98824,36.72386],[-85.98935,36.72378],[-85.99077,36.72219],[-85.99234,36.72213],[-85.99354,36.72252],[-85.99458,36.72173],[-85.99644,36.72179],[-85.9986,36.7204]]]}},{"type":"Feature","properties":{"kind":"minor-water","name":"Chicken Branch","ftype":460,"lengthKm":0.28,"hu8":"05110002","pid":"56292351"},"geometry":{"type":"MultiLineString","coordinates":[[[-85.83155,36.6026],[-85.83131,36.60368],[-85.82993,36.6046]]]}},{"type":"Feature","properties":{"kind":"minor-water","name":"Wilson Branch","ftype":460,"lengthKm":0.75,"hu8":"05110002","pid":"56293981"},"geometry":{"type":"MultiLineString","coordinates":[[[-85.81188,36.54274],[-85.81138,36.54243],[-85.80656,36.5425],[-85.80427,36.54297],[-85.80397,36.54337]]]}},{"type":"Feature","properties":{"kind":"minor-water","name":"Chism Creek","ftype":558,"lengthKm":0.01,"hu8":"05110002","pid":"56287490"},"geometry":{"type":"MultiLineString","coordinates":[[[-86.61368,37.01278],[-86.61376,37.01279]]]}},{"type":"Feature","properties":{"kind":"minor-water","name":"Mount Pleasant Branch","ftype":558,"lengthKm":0.01,"hu8":"05110002","pid":"56288378"},"geometry":{"type":"MultiLineString","coordinates":[[[-85.9349,36.91154],[-85.93499,36.91153]]]}},{"type":"Feature","properties":{"kind":"minor-water","name":"West Fork Drakes Creek","ftype":558,"lengthKm":0.16,"hu8":"05110002","pid":"56292061"},"geometry":{"type":"MultiLineString","coordinates":[[[-86.51337,36.66989],[-86.51458,36.67092]]]}},{"type":"Feature","properties":{"kind":"minor-water","name":"Long Fork","ftype":558,"lengthKm":0.42,"hu8":"05110002","pid":"56294255"},"geometry":{"type":"MultiLineString","coordinates":[[[-85.93638,36.53872],[-85.93747,36.54016],[-85.93705,36.54219]]]}},{"type":"Feature","properties":{"kind":"minor-water","name":"Chism Creek","ftype":460,"lengthKm":0.75,"hu8":"05110002","pid":"56288496"},"geometry":{"type":"MultiLineString","coordinates":[[[-86.54787,36.95589],[-86.54895,36.95741],[-86.54925,36.95852],[-86.55046,36.95955],[-86.55257,36.96042],[-86.55282,36.96097]]]}},{"type":"Feature","properties":{"kind":"minor-water","name":"Little Trammel Creek","ftype":460,"lengthKm":0.31,"hu8":"05110002","pid":"56292012"},"geometry":{"type":"MultiLineString","coordinates":[[[-86.26047,36.65215],[-86.26012,36.65345],[-86.25901,36.6538],[-86.25868,36.65424]]]}},{"type":"Feature","properties":{"kind":"minor-water","name":"Cane Ridge Creek","ftype":460,"lengthKm":1.05,"hu8":"05110002","pid":"56287037"},"geometry":{"type":"MultiLineString","coordinates":[[[-86.70936,37.05831],[-86.70596,37.05949],[-86.70317,37.06006],[-86.70207,37.05996],[-86.70063,37.06043],[-86.69955,37.06107],[-86.69983,37.06203]]]}},{"type":"Feature","properties":{"kind":"minor-water","name":"Holcomb Branch","ftype":460,"lengthKm":2.44,"hu8":"05110002","pid":"56287610"},"geometry":{"type":"MultiLineString","coordinates":[[[-86.68149,37.03081],[-86.68163,37.03038],[-86.68064,37.02935],[-86.68028,37.02824],[-86.6787,37.02683],[-86.67881,37.02657],[-86.67807,37.0257],[-86.67818,37.02421],[-86.67775,37.02308],[-86.67727,37.02275],[-86.67762,37.02088],[-86.67725,37.02031],[-86.6781,37.01794],[-86.67816,37.01669],[-86.67671,37.01383],[-86.67577,37.01057]]]}},{"type":"Feature","properties":{"kind":"minor-water","name":"Drakes Creek","ftype":460,"lengthKm":0.41,"hu8":"05110002","pid":"56287939"},"geometry":{"type":"MultiLineString","coordinates":[[[-86.3832,36.96817],[-86.38394,36.96901],[-86.38387,36.96985],[-86.38292,36.97031],[-86.38296,36.97127]]]}},{"type":"Feature","properties":{"kind":"minor-water","name":"Sweetwater Creek","ftype":460,"lengthKm":0.47,"hu8":"05110002","pid":"56291665"},"geometry":{"type":"MultiLineString","coordinates":[[[-85.67578,36.62543],[-85.67647,36.62429],[-85.67799,36.62349],[-85.67771,36.62295],[-85.67786,36.62207]]]}},{"type":"Feature","properties":{"kind":"minor-water","name":"Glover Creek","ftype":460,"lengthKm":0.2,"hu8":"05110002","pid":"56288265"},"geometry":{"type":"MultiLineString","coordinates":[[[-85.70123,36.89535],[-85.70272,36.89664]]]}},{"type":"Feature","properties":{"kind":"minor-water","name":"Hunt Branch","ftype":460,"lengthKm":0.56,"hu8":"05110002","pid":"56290251"},"geometry":{"type":"MultiLineString","coordinates":[[[-85.98561,36.77492],[-85.98752,36.7742],[-85.98962,36.77484],[-85.99144,36.77444]]]}},{"type":"Feature","properties":{"kind":"minor-water","name":"Doddy Branch","ftype":460,"lengthKm":0.01,"hu8":"05110002","pid":"56291634"},"geometry":{"type":"MultiLineString","coordinates":[[[-86.13648,36.66444],[-86.1364,36.66436]]]}},{"type":"Feature","properties":{"kind":"minor-water","name":"Cane Creek","ftype":460,"lengthKm":0.34,"hu8":"05110002","pid":"56291881"},"geometry":{"type":"MultiLineString","coordinates":[[[-85.8449,36.62281],[-85.84483,36.6259]]]}},{"type":"Feature","properties":{"kind":"minor-water","name":"Clifty Creek","ftype":460,"lengthKm":1.18,"hu8":"05110002","pid":"56294252"},"geometry":{"type":"MultiLineString","coordinates":[[[-86.13613,36.55574],[-86.13702,36.55727],[-86.13729,36.55887],[-86.13538,36.56199],[-86.13576,36.56271],[-86.13581,36.56422],[-86.1354,36.56575]]]}},{"type":"Feature","properties":{"kind":"minor-water","name":"Witcher Hollow Branch","ftype":460,"lengthKm":0.4,"hu8":"05110002","pid":"56294231"},"geometry":{"type":"MultiLineString","coordinates":[[[-85.82264,36.53072],[-85.827,36.53142]]]}},{"type":"Feature","properties":{"kind":"minor-water","name":"West Fork Drakes Creek","ftype":558,"lengthKm":0.56,"hu8":"05110002","pid":"56293173"},"geometry":{"type":"MultiLineString","coordinates":[[[-86.48643,36.62753],[-86.48819,36.62938],[-86.49098,36.63093]]]}},{"type":"Feature","properties":{"kind":"minor-water","name":"Middle Fork Drakes Creek","ftype":558,"lengthKm":0.02,"hu8":"05110002","pid":"56293190"},"geometry":{"type":"MultiLineString","coordinates":[[[-86.33046,36.61451],[-86.33026,36.61464]]]}},{"type":"Feature","properties":{"kind":"minor-water","name":"Beaver Creek","ftype":558,"lengthKm":1.38,"hu8":"05110002","pid":"56286673"},"geometry":{"type":"MultiLineString","coordinates":[[[-85.91918,37.03882],[-85.92025,37.03926],[-85.92097,37.03921],[-85.92347,37.03666],[-85.92552,37.03368],[-85.92895,37.03219],[-85.93028,37.03199]]]}},{"type":"Feature","properties":{"kind":"minor-water","name":"Little Buck Creek","ftype":558,"lengthKm":0.01,"hu8":"05110002","pid":"56288285"},"geometry":{"type":"MultiLineString","coordinates":[[[-86.166,36.93375],[-86.1661,36.93368]]]}},{"type":"Feature","properties":{"kind":"minor-water","name":"Skaggs Creek","ftype":558,"lengthKm":1.44,"hu8":"05110002","pid":"56288646"},"geometry":{"type":"MultiLineString","coordinates":[[[-85.89585,36.89435],[-85.89792,36.89562],[-85.89789,36.89765],[-85.89704,36.8987],[-85.89541,36.89981],[-85.89411,36.90025],[-85.89305,36.90121],[-85.89303,36.90231],[-85.89377,36.90457]]]}},{"type":"Feature","properties":{"kind":"minor-water","name":"Peter Creek","ftype":558,"lengthKm":0.51,"hu8":"05110002","pid":"56289427"},"geometry":{"type":"MultiLineString","coordinates":[[[-86.02843,36.85095],[-86.03047,36.84948],[-86.0323,36.85],[-86.03325,36.84973]]]}},{"type":"Feature","properties":{"kind":"minor-water","name":"Middle Fork Drakes Creek","ftype":558,"lengthKm":0.6,"hu8":"05110002","pid":"56291432"},"geometry":{"type":"MultiLineString","coordinates":[[[-86.35894,36.70074],[-86.36206,36.70411],[-86.36328,36.70478]]]}},{"type":"Feature","properties":{"kind":"minor-water","name":"Chism Creek","ftype":558,"lengthKm":0.03,"hu8":"05110002","pid":"56288343"},"geometry":{"type":"MultiLineString","coordinates":[[[-86.55367,36.96276],[-86.5539,36.9629]]]}},{"type":"Feature","properties":{"kind":"minor-water","name":"Pikesville Branch","ftype":460,"lengthKm":3.76,"hu8":"05110002","pid":"56290709"},"geometry":{"type":"MultiLineString","coordinates":[[[-85.90151,36.75433],[-85.90073,36.7513],[-85.89987,36.74948],[-85.89876,36.74877],[-85.89785,36.7463],[-85.89614,36.74444],[-85.89411,36.74312],[-85.8939,36.74014],[-85.89291,36.7389],[-85.89253,36.73773],[-85.89122,36.73682],[-85.89016,36.73291],[-85.88996,36.7313],[-85.89032,36.72859],[-85.88928,36.72586],[-85.88917,36.7235]]]}},{"type":"Feature","properties":{"kind":"minor-water","name":"East Fork Barren River","ftype":460,"lengthKm":0.81,"hu8":"05110002","pid":"56289956"},"geometry":{"type":"MultiLineString","coordinates":[[[-85.66044,36.77901],[-85.65969,36.7772],[-85.65688,36.77565],[-85.6567,36.77458],[-85.65776,36.77331]]]}},{"type":"Feature","properties":{"kind":"minor-water","name":"Clear Fork Creek","ftype":558,"lengthKm":0.24,"hu8":"05110002","pid":"56287958"},"geometry":{"type":"MultiLineString","coordinates":[[[-86.63016,36.98542],[-86.63136,36.98518],[-86.63216,36.98618]]]}},{"type":"Feature","properties":{"kind":"minor-water","name":"Hocker Branch","ftype":460,"lengthKm":1.37,"hu8":"05110002","pid":"56286352"},"geometry":{"type":"MultiLineString","coordinates":[[[-86.64531,37.1257],[-86.64514,37.12613],[-86.64858,37.13361],[-86.65055,37.13533],[-86.65244,37.13591]]]}},{"type":"Feature","properties":{"kind":"minor-water","name":"Maxey Creek","ftype":460,"lengthKm":1.28,"hu8":"05110002","pid":"56286376"},"geometry":{"type":"MultiLineString","coordinates":[[[-86.61737,37.11915],[-86.61507,37.11901],[-86.60927,37.11981],[-86.60648,37.12426]]]}},{"type":"Feature","properties":{"kind":"minor-water","name":"Falling Timber Creek","ftype":460,"lengthKm":2,"hu8":"05110002","pid":"56287526"},"geometry":{"type":"MultiLineString","coordinates":[[[-85.70985,36.93647],[-85.71157,36.93953],[-85.71317,36.94147],[-85.71421,36.94222],[-85.7168,36.94318],[-85.71853,36.94317],[-85.72291,36.945],[-85.72453,36.94501],[-85.72612,36.94463],[-85.72711,36.94516]]]}},{"type":"Feature","properties":{"kind":"minor-water","name":"Chism Creek","ftype":460,"lengthKm":0.18,"hu8":"05110002","pid":"56288224"},"geometry":{"type":"MultiLineString","coordinates":[[[-86.56628,36.96811],[-86.56828,36.96793]]]}},{"type":"Feature","properties":{"kind":"minor-water","name":"White Oak Creek","ftype":460,"lengthKm":0.1,"hu8":"05110002","pid":"56292137"},"geometry":{"type":"MultiLineString","coordinates":[[[-85.94364,36.61965],[-85.9432,36.62051]]]}},{"type":"Feature","properties":{"kind":"minor-water","name":"Long Creek","ftype":460,"lengthKm":0.05,"hu8":"05110002","pid":"56292152"},"geometry":{"type":"MultiLineString","coordinates":[[[-86.11312,36.63315],[-86.1137,36.63327]]]}},{"type":"Feature","properties":{"kind":"minor-water","name":"Grace Creek","ftype":460,"lengthKm":0.58,"hu8":"05110002","pid":"56293278"},"geometry":{"type":"MultiLineString","coordinates":[[[-86.51485,36.62266],[-86.51337,36.62366],[-86.51325,36.62641],[-86.51282,36.62722]]]}},{"type":"Feature","properties":{"kind":"minor-water","name":"Middle Fork Drakes Creek","ftype":460,"lengthKm":0.25,"hu8":"05110002","pid":"56293786"},"geometry":{"type":"MultiLineString","coordinates":[[[-86.3329,36.59336],[-86.33266,36.59556]]]}},{"type":"Feature","properties":{"kind":"minor-water","name":"Middle Fork Drakes Creek","ftype":460,"lengthKm":0.09,"hu8":"05110002","pid":"56294161"},"geometry":{"type":"MultiLineString","coordinates":[[[-86.32876,36.57628],[-86.32864,36.57708]]]}},{"type":"Feature","properties":{"kind":"minor-water","name":"Long Fork","ftype":460,"lengthKm":0.18,"hu8":"05110002","pid":"56294924"},"geometry":{"type":"MultiLineString","coordinates":[[[-85.93722,36.48919],[-85.93707,36.49082]]]}},{"type":"Feature","properties":{"kind":"minor-water","name":"Reeves Creek","ftype":558,"lengthKm":0.04,"hu8":"05110002","pid":"56286517"},"geometry":{"type":"MultiLineString","coordinates":[[[-86.52519,37.09302],[-86.52556,37.09278]]]}},{"type":"Feature","properties":{"kind":"minor-water","name":"Glover Creek","ftype":558,"lengthKm":0.37,"hu8":"05110002","pid":"56288575"},"geometry":{"type":"MultiLineString","coordinates":[[[-85.7914,36.8898],[-85.79374,36.8892],[-85.79544,36.88939]]]}},{"type":"Feature","properties":{"kind":"minor-water","name":"Beaver Creek","ftype":558,"lengthKm":1.41,"hu8":"05110002","pid":"56286624"},"geometry":{"type":"MultiLineString","coordinates":[[[-85.88746,37.03348],[-85.88876,37.03469],[-85.88965,37.03616],[-85.89077,37.0357],[-85.89145,37.03642],[-85.89297,37.03678],[-85.89518,37.03649],[-85.89586,37.03378],[-85.89803,37.03345]]]}},{"type":"Feature","properties":{"kind":"minor-water","name":"Barren River","ftype":558,"lengthKm":0.86,"hu8":"05110002","pid":"56288627"},"geometry":{"type":"MultiLineString","coordinates":[[[-86.15142,36.92339],[-86.15048,36.91979],[-86.15167,36.9183],[-86.15184,36.91761],[-86.15093,36.91625]]]}},{"type":"Feature","properties":{"kind":"minor-water","name":"Trammel Creek","ftype":558,"lengthKm":0.36,"hu8":"05110002","pid":"56291282"},"geometry":{"type":"MultiLineString","coordinates":[[[-86.24972,36.70373],[-86.25019,36.70384],[-86.25116,36.70345],[-86.25226,36.7052]]]}},{"type":"Feature","properties":{"kind":"minor-water","name":"Barren River","ftype":558,"lengthKm":0.47,"hu8":"05110002","pid":"56286535"},"geometry":{"type":"MultiLineString","coordinates":[[[-86.50187,37.08764],[-86.49825,37.09076]]]}},{"type":"Feature","properties":{"kind":"minor-water","name":"Millersburg Branch","ftype":460,"lengthKm":2.06,"hu8":"05110002","pid":"56289193"},"geometry":{"type":"MultiLineString","coordinates":[[[-85.88821,36.85441],[-85.88833,36.85588],[-85.889,36.85626],[-85.88968,36.85739],[-85.88958,36.85864],[-85.89012,36.85962],[-85.88972,36.86127],[-85.88991,36.86191],[-85.88935,36.86295],[-85.88838,36.86363],[-85.88688,36.86758],[-85.88577,36.86915],[-85.88582,36.87157]]]}},{"type":"Feature","properties":{"kind":"minor-water","name":"Bailey Branch","ftype":558,"lengthKm":0.05,"hu8":"05110002","pid":"56287377"},"geometry":{"type":"MultiLineString","coordinates":[[[-85.8095,36.9585],[-85.8092,36.95807]]]}},{"type":"Feature","properties":{"kind":"minor-water","name":"Reeves Creek","ftype":460,"lengthKm":1.08,"hu8":"05110002","pid":"56286361"},"geometry":{"type":"MultiLineString","coordinates":[[[-86.50553,37.12259],[-86.50589,37.12179],[-86.50564,37.12001],[-86.50623,37.11919],[-86.50641,37.11702],[-86.50728,37.11634],[-86.508,37.11474],[-86.50937,37.11409]]]}},{"type":"Feature","properties":{"kind":"minor-water","name":"Westbrook Creek","ftype":460,"lengthKm":0.96,"hu8":"05110002","pid":"56287107"},"geometry":{"type":"MultiLineString","coordinates":[[[-86.56134,37.04702],[-86.56276,37.04594],[-86.56743,37.04466],[-86.56889,37.04268],[-86.56973,37.04224]]]}},{"type":"Feature","properties":{"kind":"minor-water","name":"Little Buck Creek","ftype":460,"lengthKm":0.92,"hu8":"05110002","pid":"56288017"},"geometry":{"type":"MultiLineString","coordinates":[[[-86.15512,36.95234],[-86.156,36.95081],[-86.15585,36.9488],[-86.15661,36.9478],[-86.15716,36.94621],[-86.15681,36.94449]]]}},{"type":"Feature","properties":{"kind":"minor-water","name":"Spring Creek","ftype":460,"lengthKm":1.59,"hu8":"05110002","pid":"56290922"},"geometry":{"type":"MultiLineString","coordinates":[[[-85.9489,36.72205],[-85.94894,36.71858],[-85.94964,36.71629],[-85.95108,36.71473],[-85.95154,36.71279],[-85.95138,36.71115],[-85.95046,36.70994],[-85.95049,36.70841]]]}},{"type":"Feature","properties":{"kind":"minor-water","name":"White Oak Creek","ftype":460,"lengthKm":0.15,"hu8":"05110002","pid":"56292663"},"geometry":{"type":"MultiLineString","coordinates":[[[-85.97612,36.60353],[-85.97528,36.60473]]]}},{"type":"Feature","properties":{"kind":"minor-water","name":"Little Trace Creek","ftype":460,"lengthKm":0.04,"hu8":"05110002","pid":"56293347"},"geometry":{"type":"MultiLineString","coordinates":[[[-85.6981,36.55629],[-85.6982,36.55668]]]}},{"type":"Feature","properties":{"kind":"minor-water","name":"Barren River","ftype":558,"lengthKm":1.43,"hu8":"05110002","pid":"56288979"},"geometry":{"type":"MultiLineString","coordinates":[[[-86.12721,36.8939],[-86.13095,36.89599],[-86.13665,36.89467],[-86.13855,36.89395],[-86.14044,36.89259],[-86.14136,36.89239]]]}},{"type":"Feature","properties":{"kind":"minor-water","name":"Falling Timber Creek","ftype":558,"lengthKm":0.67,"hu8":"05110002","pid":"56288155"},"geometry":{"type":"MultiLineString","coordinates":[[[-85.88948,36.91942],[-85.89056,36.91987],[-85.89181,36.9193],[-85.89218,36.91829],[-85.89195,36.91642],[-85.89277,36.91566]]]}},{"type":"Feature","properties":{"kind":"minor-water","name":"Rose Creek","ftype":460,"lengthKm":0.76,"hu8":"05110002","pid":"56288700"},"geometry":{"type":"MultiLineString","coordinates":[[[-85.96075,36.89637],[-85.96129,36.89701],[-85.9612,36.89773],[-85.96259,36.89881],[-85.96322,36.90193],[-85.96388,36.90231]]]}},{"type":"Feature","properties":{"kind":"minor-water","name":"White Oak Creek","ftype":460,"lengthKm":0.32,"hu8":"05110002","pid":"56293742"},"geometry":{"type":"MultiLineString","coordinates":[[[-85.98318,36.56608],[-85.98316,36.56759],[-85.98194,36.56852]]]}},{"type":"Feature","properties":{"kind":"minor-water","name":"Black Lick Creek","ftype":460,"lengthKm":0.83,"hu8":"05110002","pid":"ae224d40-552a-4693-8ee6-da23125aa7cb"},"geometry":{"type":"MultiLineString","coordinates":[[[-86.70371,36.85737],[-86.70523,36.85805],[-86.70494,36.85857],[-86.70559,36.85882],[-86.70559,36.85966],[-86.70626,36.86107],[-86.70688,36.86129],[-86.70674,36.86175],[-86.70621,36.86178],[-86.70646,36.86286]]]}},{"type":"Feature","properties":{"kind":"minor-water","name":"Barren Fork","ftype":460,"lengthKm":0.67,"hu8":"05110002","pid":"56286542"},"geometry":{"type":"MultiLineString","coordinates":[[[-85.82136,37.03314],[-85.82399,37.03528],[-85.82778,37.03565]]]}},{"type":"Feature","properties":{"kind":"minor-water","name":"South Fork Indian Creek","ftype":460,"lengthKm":4.62,"hu8":"05110002","pid":"56290873"},"geometry":{"type":"MultiLineString","coordinates":[[[-85.83463,36.70981],[-85.83827,36.70799],[-85.8397,36.70618],[-85.84132,36.70521],[-85.84356,36.70448],[-85.844,36.70468],[-85.8443,36.70434],[-85.84634,36.70451],[-85.85,36.70345],[-85.85493,36.70373],[-85.85603,36.70478],[-85.85664,36.70657],[-85.85733,36.70722],[-85.85931,36.70778],[-85.8654,36.71047],[-85.86868,36.71318],[-85.86983,36.71356],[-85.87184,36.71523],[-85.87412,36.71757],[-85.87479,36.71893]]]}},{"type":"Feature","properties":{"kind":"minor-water","name":"Bailey Branch","ftype":460,"lengthKm":0.7,"hu8":"05110002","pid":"56287771"},"geometry":{"type":"MultiLineString","coordinates":[[[-85.80613,36.93518],[-85.80577,36.93362],[-85.80408,36.93201],[-85.80248,36.9297]]]}},{"type":"Feature","properties":{"kind":"minor-water","name":"Buck Creek","ftype":460,"lengthKm":0.13,"hu8":"05110002","pid":"56287992"},"geometry":{"type":"MultiLineString","coordinates":[[[-86.12395,36.94391],[-86.12529,36.94353]]]}},{"type":"Feature","properties":{"kind":"minor-water","name":"Gardner Creek","ftype":460,"lengthKm":0.73,"hu8":"05110002","pid":"56286640"},"geometry":{"type":"MultiLineString","coordinates":[[[-86.06655,37.04898],[-86.06732,37.04736],[-86.06797,37.04688],[-86.07312,37.04712]]]}},{"type":"Feature","properties":{"kind":"minor-water","name":"Rays Branch","ftype":460,"lengthKm":1.03,"hu8":"05110002","pid":"56286778"},"geometry":{"type":"MultiLineString","coordinates":[[[-86.45982,37.06405],[-86.46148,37.06524],[-86.46395,37.06794],[-86.4675,37.07099]]]}},{"type":"Feature","properties":{"kind":"minor-water","name":"Cane Ridge Creek","ftype":460,"lengthKm":2.15,"hu8":"05110002","pid":"56286971"},"geometry":{"type":"MultiLineString","coordinates":[[[-86.69889,37.06285],[-86.69923,37.06331],[-86.6976,37.06606],[-86.69463,37.06833],[-86.69405,37.06978],[-86.69342,37.06958],[-86.69226,37.06975],[-86.69111,37.07196],[-86.69053,37.07247],[-86.69049,37.07424],[-86.68987,37.07528],[-86.68932,37.07545],[-86.68925,37.07726],[-86.68783,37.07758]]]}},{"type":"Feature","properties":{"kind":"minor-water","name":"Trace Creek","ftype":460,"lengthKm":0.67,"hu8":"05110002","pid":"56292265"},"geometry":{"type":"MultiLineString","coordinates":[[[-85.77862,36.60043],[-85.77945,36.60127],[-85.78046,36.60146],[-85.78116,36.60251],[-85.77946,36.60453],[-85.77947,36.60501]]]}},{"type":"Feature","properties":{"kind":"minor-water","name":"Boyd Branch","ftype":460,"lengthKm":2.32,"hu8":"05110002","pid":"56290205"},"geometry":{"type":"MultiLineString","coordinates":[[[-85.84772,36.77376],[-85.84987,36.77251],[-85.85436,36.77177],[-85.85627,36.77121],[-85.85682,36.77069],[-85.86045,36.77012],[-85.86115,36.76956],[-85.86307,36.76927],[-85.86694,36.76925],[-85.86822,36.76949],[-85.8699,36.7691],[-85.87219,36.76916]]]}},{"type":"Feature","properties":{"kind":"minor-water","name":"Little Puncheon Creek","ftype":460,"lengthKm":1.87,"hu8":"05110002","pid":"56293346"},"geometry":{"type":"MultiLineString","coordinates":[[[-86.06819,36.58761],[-86.06438,36.58869],[-86.06246,36.59196],[-86.06173,36.5952],[-86.06113,36.59591],[-86.06077,36.59745],[-86.05696,36.60041]]]}},{"type":"Feature","properties":{"kind":"minor-water","name":"Johns Creek","ftype":460,"lengthKm":0.76,"hu8":"05110002","pid":"56294129"},"geometry":{"type":"MultiLineString","coordinates":[[[-86.07355,36.55712],[-86.07579,36.55839],[-86.07634,36.55825],[-86.07684,36.55755],[-86.07751,36.55766],[-86.07857,36.55888],[-86.07991,36.55805]]]}},{"type":"Feature","properties":{"kind":"minor-water","name":"Caney Fork Creek","ftype":460,"lengthKm":1.27,"hu8":"05110002","pid":"56294458"},"geometry":{"type":"MultiLineString","coordinates":[[[-86.4016,36.56501],[-86.40251,36.56607],[-86.40243,36.56708],[-86.4032,36.56802],[-86.40346,36.56896],[-86.40631,36.57118],[-86.40757,36.57102],[-86.40833,36.57178],[-86.40852,36.573],[-86.40921,36.5732]]]}},{"type":"Feature","properties":{"kind":"minor-water","name":"Salt Lick Creek","ftype":460,"lengthKm":0,"hu8":"05110002","pid":"56294749"},"geometry":{"type":"MultiLineString","coordinates":[[[-85.84849,36.49697],[-85.84853,36.497]]]}},{"type":"Feature","properties":{"kind":"minor-water","name":"Barren River","ftype":558,"lengthKm":0.76,"hu8":"05110002","pid":"56288508"},"geometry":{"type":"MultiLineString","coordinates":[[[-86.17516,36.93104],[-86.17491,36.93016],[-86.17618,36.9283],[-86.1787,36.92607],[-86.17957,36.9257]]]}},{"type":"Feature","properties":{"kind":"minor-water","name":"Skaggs Creek","ftype":558,"lengthKm":1.66,"hu8":"05110002","pid":"56288753"},"geometry":{"type":"MultiLineString","coordinates":[[[-85.87211,36.88175],[-85.87305,36.88218],[-85.87405,36.88203],[-85.87474,36.88226],[-85.87537,36.88295],[-85.87561,36.88409],[-85.87338,36.88759],[-85.86909,36.8901],[-85.86925,36.89055],[-85.87123,36.89171]]]}},{"type":"Feature","properties":{"kind":"minor-water","name":"Cane Creek","ftype":558,"lengthKm":0.01,"hu8":"05110002","pid":"56291422"},"geometry":{"type":"MultiLineString","coordinates":[[[-85.84357,36.65862],[-85.84362,36.65873]]]}},{"type":"Feature","properties":{"kind":"minor-water","name":"Barren River","ftype":558,"lengthKm":0.56,"hu8":"05110002","pid":"56290734"},"geometry":{"type":"MultiLineString","coordinates":[[[-86.02744,36.73251],[-86.02694,36.73365],[-86.02544,36.73481],[-86.02539,36.73699]]]}},{"type":"Feature","properties":{"kind":"minor-water","name":"Salt Lick Creek","ftype":558,"lengthKm":1.57,"hu8":"05110002","pid":"56291543"},"geometry":{"type":"MultiLineString","coordinates":[[[-85.92132,36.65591],[-85.92104,36.65694],[-85.91999,36.65797],[-85.92051,36.66054],[-85.92132,36.66081],[-85.92356,36.66076],[-85.928,36.6632],[-85.93084,36.66301]]]}},{"type":"Feature","properties":{"kind":"minor-water","name":"Long Fork","ftype":460,"lengthKm":0.05,"hu8":"05110002","pid":"56295045"},"geometry":{"type":"MultiLineString","coordinates":[[[-85.93464,36.47563],[-85.93453,36.47605]]]}},{"type":"Feature","properties":{"kind":"minor-water","name":"Little Trammel Creek","ftype":460,"lengthKm":0.07,"hu8":"05110002","pid":"56291862"},"geometry":{"type":"MultiLineString","coordinates":[[[-86.25667,36.65999],[-86.25627,36.66058]]]}},{"type":"Feature","properties":{"kind":"minor-water","name":"Snake Creek","ftype":460,"lengthKm":0.45,"hu8":"05110002","pid":"56291731"},"geometry":{"type":"MultiLineString","coordinates":[[[-86.16169,36.65874],[-86.16271,36.6595],[-86.16317,36.66045],[-86.16389,36.66046],[-86.16525,36.6612]]]}},{"type":"Feature","properties":{"kind":"minor-water","name":"Puncheon Creek","ftype":460,"lengthKm":0.98,"hu8":"05110002","pid":"56291999"},"geometry":{"type":"MultiLineString","coordinates":[[[-86.00478,36.63157],[-86.00428,36.63281],[-86.00465,36.63393],[-86.00414,36.63591],[-86.00344,36.63697],[-86.00247,36.63733],[-86.00122,36.6394]]]}},{"type":"Feature","properties":{"kind":"minor-water","name":"Sugar Creek","ftype":460,"lengthKm":0.39,"hu8":"05110002","pid":"56291043"},"geometry":{"type":"MultiLineString","coordinates":[[[-85.82383,36.68862],[-85.82513,36.68712],[-85.82572,36.68554]]]}},{"type":"Feature","properties":{"kind":"minor-water","name":"Trammel Creek","ftype":460,"lengthKm":2.15,"hu8":"05110002","pid":"56291708"},"geometry":{"type":"MultiLineString","coordinates":[[[-86.20695,36.66443],[-86.20594,36.66582],[-86.20636,36.66808],[-86.20902,36.669],[-86.21133,36.66824],[-86.21316,36.66952],[-86.21325,36.67134],[-86.21559,36.67594],[-86.21547,36.67834]]]}},{"type":"Feature","properties":{"kind":"minor-water","name":"Swannigan Creek","ftype":460,"lengthKm":1.92,"hu8":"05110002","pid":"56286908"},"geometry":{"type":"MultiLineString","coordinates":[[[-85.82246,36.9932],[-85.82356,36.99453],[-85.82373,36.99542],[-85.82333,36.99743],[-85.8226,36.99826],[-85.82219,36.99954],[-85.82328,37.00108],[-85.82528,37.00264],[-85.82584,37.00356],[-85.82527,37.00706],[-85.82489,37.00753],[-85.82536,37.00808],[-85.82471,37.00843]]]}},{"type":"Feature","properties":{"kind":"minor-water","name":"Shoal Creek","ftype":558,"lengthKm":0.01,"hu8":"05110002","pid":"56289019"},"geometry":{"type":"MultiLineString","coordinates":[[[-85.84706,36.86495],[-85.84705,36.86502]]]}},{"type":"Feature","properties":{"kind":"minor-water","name":"Doty Creek","ftype":460,"lengthKm":0.89,"hu8":"05110002","pid":"56287463"},"geometry":{"type":"MultiLineString","coordinates":[[[-86.16033,36.97898],[-86.16055,36.9814],[-86.16155,36.9828],[-86.16319,36.98358],[-86.16337,36.98439],[-86.16292,36.98489],[-86.16315,36.98588]]]}},{"type":"Feature","properties":{"kind":"minor-water","name":"Salt Lick Creek","ftype":460,"lengthKm":0.37,"hu8":"05110002","pid":"56287612"},"geometry":{"type":"MultiLineString","coordinates":[[[-86.54188,36.99857],[-86.54177,36.99885],[-86.54233,36.99903],[-86.54285,37.00012],[-86.54372,37.00065],[-86.54392,37.00113]]]}},{"type":"Feature","properties":{"kind":"minor-water","name":"Brush Creek","ftype":460,"lengthKm":2.18,"hu8":"05110002","pid":"56288769"},"geometry":{"type":"MultiLineString","coordinates":[[[-86.59109,36.94201],[-86.59163,36.94328],[-86.59073,36.94451],[-86.59093,36.94641],[-86.58998,36.94784],[-86.59079,36.94885],[-86.59258,36.94934],[-86.59281,36.94966],[-86.59347,36.95195],[-86.59306,36.95436],[-86.5952,36.95634],[-86.5942,36.95903]]]}},{"type":"Feature","properties":{"kind":"minor-water","name":"Spring Creek","ftype":460,"lengthKm":1.7,"hu8":"05110002","pid":"56291063"},"geometry":{"type":"MultiLineString","coordinates":[[[-85.95049,36.70841],[-85.95154,36.70678],[-85.95096,36.70589],[-85.95102,36.70538],[-85.95219,36.70297],[-85.95308,36.70263],[-85.95317,36.7014],[-85.95585,36.69691],[-85.95635,36.69548],[-85.95606,36.69462]]]}},{"type":"Feature","properties":{"kind":"minor-water","name":"Salt Lick Creek","ftype":460,"lengthKm":1.13,"hu8":"05110002","pid":"56294933"},"geometry":{"type":"MultiLineString","coordinates":[[[-85.867,36.48268],[-85.8638,36.48634],[-85.86034,36.48694],[-85.85983,36.48729],[-85.85694,36.48734]]]}},{"type":"Feature","properties":{"kind":"minor-water","name":"Long Hungry Creek","ftype":460,"lengthKm":0.84,"hu8":"05110002","pid":"56294986"},"geometry":{"type":"MultiLineString","coordinates":[[[-85.90289,36.47865],[-85.89989,36.48066],[-85.89683,36.48187],[-85.89516,36.48288]]]}},{"type":"Feature","properties":{"kind":"minor-water","name":"Little Trace Creek","ftype":558,"lengthKm":0.04,"hu8":"05110002","pid":"56293754"},"geometry":{"type":"MultiLineString","coordinates":[[[-85.6923,36.54102],[-85.69218,36.54133]]]}},{"type":"Feature","properties":{"kind":"minor-water","name":"Barren River","ftype":558,"lengthKm":1.12,"hu8":"05110002","pid":"56286533"},"geometry":{"type":"MultiLineString","coordinates":[[[-86.51471,37.09474],[-86.51853,37.09351],[-86.52234,37.09128],[-86.52556,37.09278]]]}},{"type":"Feature","properties":{"kind":"minor-water","name":"Skaggs Creek","ftype":558,"lengthKm":0.87,"hu8":"05110002","pid":"56288276"},"geometry":{"type":"MultiLineString","coordinates":[[[-85.90654,36.91246],[-85.90788,36.91347],[-85.90925,36.91974]]]}},{"type":"Feature","properties":{"kind":"minor-water","name":"Barren River","ftype":558,"lengthKm":2.04,"hu8":"05110002","pid":"56291188"},"geometry":{"type":"MultiLineString","coordinates":[[[-86.02702,36.69615],[-86.02731,36.69657],[-86.02935,36.6968],[-86.03246,36.6961],[-86.03428,36.69525],[-86.0371,36.69471],[-86.03826,36.69304],[-86.03953,36.69314],[-86.04116,36.69243],[-86.04341,36.69297],[-86.04625,36.69541]]]}},{"type":"Feature","properties":{"kind":"minor-water","name":"Drakes Creek","ftype":558,"lengthKm":0.73,"hu8":"05110002","pid":"56289174"},"geometry":{"type":"MultiLineString","coordinates":[[[-86.38005,36.89615],[-86.37972,36.89686],[-86.38014,36.89815],[-86.38288,36.902]]]}},{"type":"Feature","properties":{"kind":"minor-water","name":"Elmore Branch","ftype":460,"lengthKm":0.54,"hu8":"05110002","pid":"56288978"},"geometry":{"type":"MultiLineString","coordinates":[[[-85.948,36.87635],[-85.95087,36.87846],[-85.95179,36.88005]]]}},{"type":"Feature","properties":{"kind":"minor-water","name":"Stall Creek","ftype":460,"lengthKm":0.51,"hu8":"05110002","pid":"56286724"},"geometry":{"type":"MultiLineString","coordinates":[[[-86.51957,37.07463],[-86.51946,37.07571],[-86.51859,37.07611],[-86.51853,37.07677],[-86.5176,37.07709],[-86.51729,37.07834]]]}},{"type":"Feature","properties":{"kind":"minor-water","name":"Elbow Spring Creek","ftype":460,"lengthKm":1.13,"hu8":"05110002","pid":"56287514"},"geometry":{"type":"MultiLineString","coordinates":[[[-85.8181,36.95598],[-85.81977,36.95448],[-85.82247,36.95027],[-85.82394,36.94895],[-85.82476,36.94742]]]}},{"type":"Feature","properties":{"kind":"minor-water","name":"Glover Creek","ftype":460,"lengthKm":0.31,"hu8":"05110002","pid":"56288245"},"geometry":{"type":"MultiLineString","coordinates":[[[-85.70272,36.89664],[-85.70415,36.89672],[-85.70476,36.89648],[-85.70611,36.89681]]]}},{"type":"Feature","properties":{"kind":"minor-water","name":"Little Buck Creek","ftype":460,"lengthKm":1.59,"hu8":"05110002","pid":"56288282"},"geometry":{"type":"MultiLineString","coordinates":[[[-86.15894,36.94214],[-86.15775,36.93899],[-86.15864,36.93826],[-86.15967,36.93793],[-86.16231,36.93775],[-86.16388,36.93725],[-86.16581,36.93558],[-86.16595,36.93448],[-86.16478,36.93462],[-86.166,36.93375]]]}},{"type":"Feature","properties":{"kind":"minor-water","name":"Nobob Creek","ftype":460,"lengthKm":0.03,"hu8":"05110002","pid":"56288874"},"geometry":{"type":"MultiLineString","coordinates":[[[-85.72542,36.86601],[-85.72576,36.86587]]]}},{"type":"Feature","properties":{"kind":"minor-water","name":"Payne Branch","ftype":460,"lengthKm":1.01,"hu8":"05110002","pid":"56290286"},"geometry":{"type":"MultiLineString","coordinates":[[[-85.94791,36.76812],[-85.94778,36.76888],[-85.94663,36.76991],[-85.94608,36.77185],[-85.94656,36.77501],[-85.9463,36.77679]]]}},{"type":"Feature","properties":{"kind":"minor-water","name":"Little Salt Lick Creek","ftype":460,"lengthKm":1.16,"hu8":"05110002","pid":"56293011"},"geometry":{"type":"MultiLineString","coordinates":[[[-85.85834,36.58187],[-85.86237,36.58199],[-85.86258,36.583],[-85.86175,36.58475],[-85.86199,36.58507],[-85.86297,36.58467],[-85.8646,36.58262],[-85.86533,36.58236]]]}},{"type":"Feature","properties":{"kind":"minor-water","name":"Salt Lick Creek","ftype":460,"lengthKm":0.77,"hu8":"05110002","pid":"56293636"},"geometry":{"type":"MultiLineString","coordinates":[[[-85.86762,36.56018],[-85.8664,36.56231],[-85.8668,36.56305],[-85.86661,36.56339],[-85.869,36.5647],[-85.86973,36.56557]]]}},{"type":"Feature","properties":{"kind":"minor-water","name":"Bean Branch","ftype":460,"lengthKm":0.46,"hu8":"05110002","pid":"56294056"},"geometry":{"type":"MultiLineString","coordinates":[[[-85.76025,36.53438],[-85.76374,36.53738]]]}},{"type":"Feature","properties":{"kind":"minor-water","name":"Beaver Creek","ftype":558,"lengthKm":1.12,"hu8":"05110002","pid":"56287156"},"geometry":{"type":"MultiLineString","coordinates":[[[-85.98779,36.99598],[-85.98982,36.99425],[-85.99003,36.99361],[-85.98974,36.99295],[-85.98741,36.99162],[-85.98357,36.99106],[-85.98252,36.99057]]]}},{"type":"Feature","properties":{"kind":"minor-water","name":"Falling Timber Creek","ftype":558,"lengthKm":0.93,"hu8":"05110002","pid":"56287923"},"geometry":{"type":"MultiLineString","coordinates":[[[-85.82131,36.9227],[-85.82245,36.92284],[-85.82357,36.92354],[-85.82869,36.92486],[-85.83111,36.9244]]]}},{"type":"Feature","properties":{"kind":"minor-water","name":"Jennings Creek","ftype":558,"lengthKm":0.06,"hu8":"05110002","pid":"56288086"},"geometry":{"type":"MultiLineString","coordinates":[[[-86.48935,36.96807],[-86.48866,36.96796]]]}},{"type":"Feature","properties":{"kind":"minor-water","name":"Gasper River","ftype":558,"lengthKm":0.91,"hu8":"05110002","pid":"56288439"},"geometry":{"type":"MultiLineString","coordinates":[[[-86.70047,36.97054],[-86.69998,36.97096],[-86.69977,36.97224],[-86.70222,36.9731],[-86.70414,36.97699]]]}},{"type":"Feature","properties":{"kind":"minor-water","name":"Long Fork","ftype":558,"lengthKm":0.13,"hu8":"05110002","pid":"56292537"},"geometry":{"type":"MultiLineString","coordinates":[[[-85.9245,36.60327],[-85.9259,36.60342]]]}},{"type":"Feature","properties":{"kind":"minor-water","name":"Drakes Creek","ftype":558,"lengthKm":2.41,"hu8":"05110002","pid":"56288470"},"geometry":{"type":"MultiLineString","coordinates":[[[-86.40351,36.9502],[-86.40222,36.95102],[-86.40077,36.95115],[-86.40019,36.95091],[-86.39951,36.94997],[-86.39893,36.94988],[-86.39667,36.95078],[-86.39499,36.95196],[-86.39407,36.95207],[-86.39315,36.95183],[-86.39182,36.95017],[-86.38866,36.94911],[-86.3877,36.9497],[-86.38724,36.95116],[-86.38505,36.9521],[-86.38355,36.95347],[-86.38269,36.95382]]]}},{"type":"Feature","properties":{"kind":"minor-water","name":"East Fork Barren River","ftype":558,"lengthKm":1.47,"hu8":"05110002","pid":"56291552"},"geometry":{"type":"MultiLineString","coordinates":[[[-85.79472,36.64971],[-85.79911,36.65188],[-85.79982,36.65181],[-85.80081,36.65048],[-85.80097,36.64725],[-85.80147,36.64561],[-85.80267,36.64507],[-85.80379,36.64507]]]}},{"type":"Feature","properties":{"kind":"minor-water","name":"Sulphur Fork Creek","ftype":558,"lengthKm":0.79,"hu8":"05110002","pid":"56291857"},"geometry":{"type":"MultiLineString","coordinates":[[[-86.41248,36.67278],[-86.41472,36.67402],[-86.41651,36.67603],[-86.41788,36.67557],[-86.41879,36.67584],[-86.41905,36.67629]]]}},{"type":"Feature","properties":{"kind":"minor-water","name":"Long Fork","ftype":460,"lengthKm":0.01,"hu8":"05110002","pid":"56295002"},"geometry":{"type":"MultiLineString","coordinates":[[[-85.93571,36.47973],[-85.93579,36.47981]]]}},{"type":"Feature","properties":{"kind":"minor-water","name":"Boyds Creek","ftype":460,"lengthKm":0.67,"hu8":"05110002","pid":"56287223"},"geometry":{"type":"MultiLineString","coordinates":[[[-85.85211,36.97447],[-85.8553,36.97666],[-85.85649,36.97702],[-85.85851,36.97704]]]}},{"type":"Feature","properties":{"kind":"minor-water","name":"Wolf Branch","ftype":460,"lengthKm":2.44,"hu8":"05110002","pid":"56291394"},"geometry":{"type":"MultiLineString","coordinates":[[[-86.31522,36.70086],[-86.31289,36.70148],[-86.31161,36.70138],[-86.31002,36.70168],[-86.30758,36.70088],[-86.30507,36.70124],[-86.30239,36.70076],[-86.29545,36.70378],[-86.29312,36.70407],[-86.2897,36.70549]]]}},{"type":"Feature","properties":{"kind":"minor-water","name":"Trammel Creek","ftype":460,"lengthKm":0.25,"hu8":"05110002","pid":"56291826"},"geometry":{"type":"MultiLineString","coordinates":[[[-86.20517,36.65702],[-86.20643,36.6574],[-86.20699,36.65843]]]}},{"type":"Feature","properties":{"kind":"minor-water","name":"Sugar Creek","ftype":558,"lengthKm":0.01,"hu8":"05110002","pid":"56291352"},"geometry":{"type":"MultiLineString","coordinates":[[[-85.84792,36.66488],[-85.84804,36.66493]]]}},{"type":"Feature","properties":{"kind":"minor-water","name":"Dutch Branch","ftype":460,"lengthKm":2.07,"hu8":"05110002","pid":"56292042"},"geometry":{"type":"MultiLineString","coordinates":[[[-86.32176,36.65562],[-86.3239,36.65657],[-86.32528,36.658],[-86.33057,36.6605],[-86.3323,36.6603],[-86.33366,36.66114],[-86.33594,36.66146],[-86.33788,36.66221],[-86.34128,36.66226],[-86.342,36.66286]]]}},{"type":"Feature","properties":{"kind":"minor-water","name":"Clifty Creek","ftype":460,"lengthKm":1.79,"hu8":"05110002","pid":"56286444"},"geometry":{"type":"MultiLineString","coordinates":[[[-86.59178,37.10497],[-86.59178,37.10598],[-86.59116,37.10615],[-86.59121,37.10757],[-86.58971,37.11125],[-86.58733,37.10979],[-86.58548,37.10918],[-86.58532,37.10862],[-86.58401,37.10865],[-86.58366,37.10787],[-86.58274,37.1095],[-86.58144,37.10937]]]}},{"type":"Feature","properties":{"kind":"minor-water","name":"Doty Creek","ftype":460,"lengthKm":2,"hu8":"05110002","pid":"56287663"},"geometry":{"type":"MultiLineString","coordinates":[[[-86.13704,36.96437],[-86.14146,36.96488],[-86.14261,36.96529],[-86.14373,36.9664],[-86.14515,36.96683],[-86.14672,36.96827],[-86.14825,36.96899],[-86.1483,36.96973],[-86.14926,36.97011],[-86.14956,36.97088],[-86.15078,36.97178],[-86.1511,36.97322],[-86.15169,36.97407],[-86.15151,36.97478],[-86.15177,36.97533]]]}},{"type":"Feature","properties":{"kind":"minor-water","name":"Rock House Creek","ftype":460,"lengthKm":0.3,"hu8":"05110002","pid":"56288449"},"geometry":{"type":"MultiLineString","coordinates":[[[-86.73357,36.97239],[-86.73215,36.97333],[-86.73082,36.97274]]]}},{"type":"Feature","properties":{"kind":"minor-water","name":"Little Trace Creek","ftype":460,"lengthKm":0.63,"hu8":"05110002","pid":"56293291"},"geometry":{"type":"MultiLineString","coordinates":[[[-85.69945,36.55835],[-85.70124,36.56076],[-85.70387,36.56273]]]}},{"type":"Feature","properties":{"kind":"minor-water","name":"Grace Creek","ftype":460,"lengthKm":2.27,"hu8":"05110002","pid":"56293846"},"geometry":{"type":"MultiLineString","coordinates":[[[-86.51981,36.60606],[-86.51856,36.60656],[-86.5177,36.60966],[-86.51664,36.61095],[-86.51356,36.61161],[-86.51219,36.61298],[-86.5126,36.61503],[-86.51329,36.61581],[-86.51331,36.61676],[-86.51431,36.61774],[-86.51426,36.61941],[-86.51503,36.62135],[-86.51485,36.62266]]]}},{"type":"Feature","properties":{"kind":"minor-water","name":"Bean Branch","ftype":460,"lengthKm":0.72,"hu8":"05110002","pid":"56294195"},"geometry":{"type":"MultiLineString","coordinates":[[[-85.74487,36.52601],[-85.74798,36.5257],[-85.75245,36.52725]]]}},{"type":"Feature","properties":{"kind":"minor-water","name":"Gasper River","ftype":558,"lengthKm":1.21,"hu8":"05110002","pid":"56287963"},"geometry":{"type":"MultiLineString","coordinates":[[[-86.63766,36.99321],[-86.63591,36.99313],[-86.63444,36.99257],[-86.63444,36.99206],[-86.63571,36.99057],[-86.63566,36.98951],[-86.63398,36.98663],[-86.6332,36.98611],[-86.63216,36.98618]]]}},{"type":"Feature","properties":{"kind":"minor-water","name":"Millersburg Branch","ftype":558,"lengthKm":0.01,"hu8":"05110002","pid":"56288671"},"geometry":{"type":"MultiLineString","coordinates":[[[-85.88103,36.89129],[-85.88113,36.89136]]]}},{"type":"Feature","properties":{"kind":"minor-water","name":"Barren River","ftype":558,"lengthKm":0.26,"hu8":"05110002","pid":"56288797"},"geometry":{"type":"MultiLineString","coordinates":[[[-86.2235,36.9116],[-86.22613,36.91258]]]}},{"type":"Feature","properties":{"kind":"minor-water","name":"Hurricane Creek","ftype":558,"lengthKm":0.07,"hu8":"05110002","pid":"56289820"},"geometry":{"type":"MultiLineString","coordinates":[[[-86.09954,36.82367],[-86.09887,36.82403]]]}},{"type":"Feature","properties":{"kind":"minor-water","name":"Salt Lick Creek","ftype":558,"lengthKm":0.52,"hu8":"05110002","pid":"56292572"},"geometry":{"type":"MultiLineString","coordinates":[[[-85.88259,36.59932],[-85.88294,36.59881],[-85.88402,36.59872],[-85.88774,36.59994]]]}},{"type":"Feature","properties":{"kind":"minor-water","name":"Barren River","ftype":558,"lengthKm":2.02,"hu8":"05110002","pid":"56286318"},"geometry":{"type":"MultiLineString","coordinates":[[[-86.59291,37.12984],[-86.59698,37.13119],[-86.60128,37.13509],[-86.60426,37.13982],[-86.60499,37.14397]]]}},{"type":"Feature","properties":{"kind":"minor-water","name":"Mount Pleasant Branch","ftype":460,"lengthKm":1.51,"hu8":"05110002","pid":"120637238"},"geometry":{"type":"MultiLineString","coordinates":[[[-85.90594,36.88816],[-85.90743,36.88716],[-85.91193,36.88841],[-85.91493,36.88969],[-85.91667,36.89125],[-85.91696,36.8921],[-85.91594,36.89451]]]}},{"type":"Feature","properties":{"kind":"minor-water","name":"Watt Branch","ftype":460,"lengthKm":1.64,"hu8":"05110002","pid":"56288965"},"geometry":{"type":"MultiLineString","coordinates":[[[-85.75484,36.87289],[-85.75687,36.87094],[-85.7587,36.86823],[-85.76024,36.8676],[-85.7602,36.86585],[-85.76083,36.86473],[-85.76156,36.86435],[-85.76289,36.86423],[-85.76408,36.86182],[-85.76453,36.86162]]]}},{"type":"Feature","properties":{"kind":"minor-water","name":"Nobob Creek","ftype":460,"lengthKm":0.29,"hu8":"05110002","pid":"56288967"},"geometry":{"type":"MultiLineString","coordinates":[[[-85.76453,36.86162],[-85.76585,36.86208],[-85.76762,36.8619]]]}},{"type":"Feature","properties":{"kind":"minor-water","name":"Eaton Branch","ftype":460,"lengthKm":0.58,"hu8":"05110002","pid":"56289101"},"geometry":{"type":"MultiLineString","coordinates":[[[-85.77091,36.85168],[-85.77264,36.85383],[-85.77538,36.85529]]]}},{"type":"Feature","properties":{"kind":"minor-water","name":"Dry Fork","ftype":460,"lengthKm":1.08,"hu8":"05110002","pid":"56289810"},"geometry":{"type":"MultiLineString","coordinates":[[[-85.86262,36.80518],[-85.86924,36.80573],[-85.86944,36.80612],[-85.87158,36.80707],[-85.8741,36.80727]]]}},{"type":"Feature","properties":{"kind":"minor-water","name":"Long Creek","ftype":460,"lengthKm":0.82,"hu8":"05110002","pid":"56294177"},"geometry":{"type":"MultiLineString","coordinates":[[[-86.09205,36.55599],[-86.09293,36.55694],[-86.0928,36.55877],[-86.09325,36.56038],[-86.09266,36.56193],[-86.09189,36.5628]]]}},{"type":"Feature","properties":{"kind":"minor-water","name":"Barren River","ftype":558,"lengthKm":0.27,"hu8":"05110002","pid":"56288360"},"geometry":{"type":"MultiLineString","coordinates":[[[-86.28256,36.94062],[-86.28467,36.9413],[-86.28519,36.94174]]]}},{"type":"Feature","properties":{"kind":"minor-water","name":"Trammel Creek","ftype":558,"lengthKm":2.88,"hu8":"05110002","pid":"56289462"},"geometry":{"type":"MultiLineString","coordinates":[[[-86.3629,36.85912],[-86.36344,36.85935],[-86.36354,36.85986],[-86.36259,36.86242],[-86.36223,36.86263],[-86.361,36.86213],[-86.3607,36.86228],[-86.36063,36.86383],[-86.36148,36.86574],[-86.36248,36.86564],[-86.36331,36.86607],[-86.36365,36.86689],[-86.36628,36.86807],[-86.36844,36.87037],[-86.36878,36.872],[-86.36939,36.87281],[-86.36997,36.87292],[-86.37203,36.87216],[-86.37274,36.87412],[-86.37348,36.8745],[-86.37456,36.87578]]]}},{"type":"Feature","properties":{"kind":"minor-water","name":"West Fork Drakes Creek","ftype":558,"lengthKm":5.47,"hu8":"05110002","pid":"56290298"},"geometry":{"type":"MultiLineString","coordinates":[[[-86.49443,36.80173],[-86.49341,36.80207],[-86.49291,36.80324],[-86.49308,36.81055],[-86.49266,36.8142],[-86.49104,36.8162],[-86.49011,36.81662],[-86.48775,36.81596],[-86.4869,36.81543],[-86.48551,36.81318],[-86.48496,36.81154],[-86.48323,36.81073],[-86.48182,36.81078],[-86.48043,36.81148],[-86.478,36.81459],[-86.47681,36.81466],[-86.47599,36.81423],[-86.47542,36.81265],[-86.47653,36.81032],[-86.47661,36.80924],[-86.47496,36.80825],[-86.47144,36.808],[-86.47088,36.80772],[-86.47061,36.80679],[-86.47081,36.8031],[-86.46999,36.80185]]]}},{"type":"Feature","properties":{"kind":"minor-water","name":"Salt Lick Creek","ftype":558,"lengthKm":0.41,"hu8":"05110002","pid":"56293442"},"geometry":{"type":"MultiLineString","coordinates":[[[-85.8703,36.56708],[-85.87018,36.56844],[-85.86927,36.57062]]]}},{"type":"Feature","properties":{"kind":"minor-water","name":"White Oak Creek","ftype":460,"lengthKm":0.22,"hu8":"05110002","pid":"56292711"},"geometry":{"type":"MultiLineString","coordinates":[[[-85.9766,36.60159],[-85.97612,36.60353]]]}},{"type":"Feature","properties":{"kind":"minor-water","name":"Little Muddy Creek","ftype":460,"lengthKm":2.84,"hu8":"05110002","pid":"56286301"},"geometry":{"type":"MultiLineString","coordinates":[[[-86.68528,37.15005],[-86.68551,37.15102],[-86.68366,37.15081],[-86.68383,37.14938],[-86.68308,37.14921],[-86.68249,37.14943],[-86.68198,37.15006],[-86.68164,37.15161],[-86.681,37.15196],[-86.68124,37.15226],[-86.68274,37.15241],[-86.68298,37.15258],[-86.68268,37.15302],[-86.67853,37.15304],[-86.67752,37.1525],[-86.67715,37.15172],[-86.67719,37.14962],[-86.6764,37.14988],[-86.67589,37.15174],[-86.67461,37.15132],[-86.67418,37.15012],[-86.67378,37.14987],[-86.6729,37.15038],[-86.67251,37.15026],[-86.67238,37.14968],[-86.67129,37.14986]]]}},{"type":"Feature","properties":{"kind":"minor-water","name":"Johns Creek","ftype":460,"lengthKm":1.13,"hu8":"05110002","pid":"56290968"},"geometry":{"type":"MultiLineString","coordinates":[[[-86.32346,36.73434],[-86.32346,36.73554],[-86.32405,36.73634],[-86.32419,36.73812],[-86.32357,36.7397],[-86.32389,36.74094],[-86.32355,36.74429]]]}},{"type":"Feature","properties":{"kind":"minor-water","name":"Line Creek","ftype":460,"lengthKm":1.35,"hu8":"05110002","pid":"56292068"},"geometry":{"type":"MultiLineString","coordinates":[[[-85.78066,36.61124],[-85.78146,36.61346],[-85.78156,36.61481],[-85.78268,36.61542],[-85.78388,36.61517],[-85.7846,36.61432],[-85.78398,36.61385],[-85.78412,36.61344],[-85.78346,36.61206],[-85.78293,36.60986],[-85.78327,36.60937]]]}},{"type":"Feature","properties":{"kind":"minor-water","name":"Puncheon Creek","ftype":460,"lengthKm":0.26,"hu8":"05110002","pid":"56292742"},"geometry":{"type":"MultiLineString","coordinates":[[[-86.01552,36.60345],[-86.01283,36.60437]]]}},{"type":"Feature","properties":{"kind":"minor-water","name":"Trace Creek","ftype":460,"lengthKm":0.01,"hu8":"05110002","pid":"56293033"},"geometry":{"type":"MultiLineString","coordinates":[[[-85.7806,36.57429],[-85.78061,36.57434]]]}},{"type":"Feature","properties":{"kind":"minor-water","name":"Little Salt Lick Creek","ftype":460,"lengthKm":0.41,"hu8":"05110002","pid":"56293208"},"geometry":{"type":"MultiLineString","coordinates":[[[-85.82116,36.57164],[-85.82446,36.57218],[-85.82565,36.57208]]]}},{"type":"Feature","properties":{"kind":"minor-water","name":"Sulphur Fork Creek","ftype":460,"lengthKm":0.84,"hu8":"05110002","pid":"56293838"},"geometry":{"type":"MultiLineString","coordinates":[[[-86.37984,36.59537],[-86.3814,36.59696],[-86.38167,36.59844],[-86.38142,36.59913],[-86.3818,36.59973],[-86.38158,36.60081],[-86.38259,36.60134],[-86.38268,36.60191]]]}},{"type":"Feature","properties":{"kind":"minor-water","name":"Long Hungry Creek","ftype":460,"lengthKm":0.09,"hu8":"05110002","pid":"56293908"},"geometry":{"type":"MultiLineString","coordinates":[[[-85.87776,36.55096],[-85.87694,36.55142]]]}},{"type":"Feature","properties":{"kind":"minor-water","name":"Trace Creek","ftype":460,"lengthKm":0.99,"hu8":"05110002","pid":"56294482"},"geometry":{"type":"MultiLineString","coordinates":[[[-85.80014,36.51323],[-85.79725,36.51284],[-85.7945,36.51417],[-85.79273,36.5179]]]}},{"type":"Feature","properties":{"kind":"minor-water","name":"Barren River","ftype":558,"lengthKm":1.1,"hu8":"05110002","pid":"56287181"},"geometry":{"type":"MultiLineString","coordinates":[[[-86.48747,37.03054],[-86.49251,37.03166],[-86.49725,37.03421],[-86.49815,37.03508]]]}},{"type":"Feature","properties":{"kind":"minor-water","name":"Drakes Creek","ftype":558,"lengthKm":0.22,"hu8":"05110002","pid":"56287946"},"geometry":{"type":"MultiLineString","coordinates":[[[-86.38146,36.96704],[-86.3826,36.96716],[-86.38316,36.96815]]]}},{"type":"Feature","properties":{"kind":"minor-water","name":"Clear Fork Creek","ftype":558,"lengthKm":0.29,"hu8":"05110002","pid":"56288619"},"geometry":{"type":"MultiLineString","coordinates":[[[-86.63329,36.95545],[-86.63279,36.95578],[-86.63019,36.95549]]]}},{"type":"Feature","properties":{"kind":"minor-water","name":"Middle Fork Drakes Creek","ftype":558,"lengthKm":2.74,"hu8":"05110002","pid":"56290235"},"geometry":{"type":"MultiLineString","coordinates":[[[-86.38161,36.80894],[-86.38156,36.80965],[-86.38224,36.81047],[-86.38535,36.81163],[-86.38913,36.81152],[-86.39247,36.81034],[-86.39402,36.81098],[-86.39503,36.81418],[-86.39481,36.81717],[-86.39425,36.81935],[-86.395,36.82022],[-86.39653,36.82108],[-86.39785,36.82254]]]}},{"type":"Feature","properties":{"kind":"minor-water","name":"Salt Lick Creek","ftype":558,"lengthKm":0.95,"hu8":"05110002","pid":"56293352"},"geometry":{"type":"MultiLineString","coordinates":[[[-85.86927,36.57062],[-85.86811,36.57168],[-85.86861,36.57272],[-85.86958,36.5733],[-85.87271,36.57383],[-85.87379,36.57481],[-85.87396,36.57596]]]}},{"type":"Feature","properties":{"kind":"minor-water","name":"Little Trace Creek","ftype":558,"lengthKm":0.03,"hu8":"05110002","pid":"56293743"},"geometry":{"type":"MultiLineString","coordinates":[[[-85.69218,36.54133],[-85.69204,36.54161]]]}},{"type":"Feature","properties":{"kind":"minor-water","name":"Mount Pleasant Branch","ftype":460,"lengthKm":0.39,"hu8":"05110002","pid":"56288377"},"geometry":{"type":"MultiLineString","coordinates":[[[-85.9305,36.91169],[-85.9349,36.91154]]]}},{"type":"Feature","properties":{"kind":"minor-water","name":"Sinking Creek","ftype":558,"lengthKm":0.06,"hu8":"05110002","pid":"56287087"},"geometry":{"type":"MultiLineString","coordinates":[[[-86.12805,37.00863],[-86.12871,37.00865]]]}},{"type":"Feature","properties":{"kind":"minor-water","name":"Trammel Creek","ftype":558,"lengthKm":1.43,"hu8":"05110002","pid":"67ec012d-2b16-4008-a2bd-3cd3a2d9c3f9"},"geometry":{"type":"MultiLineString","coordinates":[[[-86.32079,36.79794],[-86.32289,36.79783],[-86.32376,36.79863],[-86.32572,36.79891],[-86.32636,36.79878],[-86.32787,36.79723],[-86.32864,36.79718],[-86.33045,36.79769],[-86.33124,36.7987],[-86.33019,36.79956],[-86.33082,36.80097]]]}},{"type":"Feature","properties":{"kind":"minor-water","name":"Buck Creek","ftype":460,"lengthKm":0.1,"hu8":"05110002","pid":"56287984"},"geometry":{"type":"MultiLineString","coordinates":[[[-86.12329,36.94459],[-86.12395,36.94391]]]}},{"type":"Feature","properties":{"kind":"minor-water","name":"Nobob Creek","ftype":460,"lengthKm":0.43,"hu8":"05110002","pid":"56288819"},"geometry":{"type":"MultiLineString","coordinates":[[[-85.68449,36.8661],[-85.68664,36.86608],[-85.6891,36.86696]]]}},{"type":"Feature","properties":{"kind":"minor-water","name":"Bays Fork","ftype":460,"lengthKm":1.38,"hu8":"05110002","pid":"56290182"},"geometry":{"type":"MultiLineString","coordinates":[[[-86.21281,36.79963],[-86.21318,36.80137],[-86.21465,36.8041],[-86.21554,36.80417],[-86.21672,36.80544],[-86.21646,36.80703],[-86.21725,36.80853],[-86.21736,36.80973],[-86.21694,36.81063]]]}},{"type":"Feature","properties":{"kind":"minor-water","name":"York Branch","ftype":460,"lengthKm":0.73,"hu8":"05110002","pid":"56292303"},"geometry":{"type":"MultiLineString","coordinates":[[[-85.84741,36.60721],[-85.84829,36.60741],[-85.84966,36.60711],[-85.85171,36.6059],[-85.85499,36.60624]]]}},{"type":"Feature","properties":{"kind":"minor-water","name":"Little Salt Lick Creek","ftype":460,"lengthKm":0.19,"hu8":"05110002","pid":"56293169"},"geometry":{"type":"MultiLineString","coordinates":[[[-85.82732,36.57343],[-85.82929,36.57401]]]}},{"type":"Feature","properties":{"kind":"minor-water","name":"Little Trace Creek","ftype":460,"lengthKm":0.78,"hu8":"05110002","pid":"56292535"},"geometry":{"type":"MultiLineString","coordinates":[[[-85.73909,36.58771],[-85.73997,36.58762],[-85.74056,36.58791],[-85.74209,36.5904],[-85.74385,36.59105],[-85.74499,36.59212]]]}},{"type":"Feature","properties":{"kind":"minor-water","name":"Clifty Creek","ftype":460,"lengthKm":0.21,"hu8":"05110002","pid":"56293768"},"geometry":{"type":"MultiLineString","coordinates":[[[-86.13135,36.57748],[-86.1305,36.57924]]]}},{"type":"Feature","properties":{"kind":"minor-water","name":"Caney Fork Creek","ftype":460,"lengthKm":0.3,"hu8":"05110002","pid":"56294729"},"geometry":{"type":"MultiLineString","coordinates":[[[-86.36756,36.54218],[-86.36866,36.54181],[-86.37078,36.54204]]]}},{"type":"Feature","properties":{"kind":"minor-water","name":"Long Hungry Creek","ftype":460,"lengthKm":0.05,"hu8":"05110002","pid":"56295016"},"geometry":{"type":"MultiLineString","coordinates":[[[-85.90376,36.47596],[-85.90356,36.4764]]]}},{"type":"Feature","properties":{"kind":"minor-water","name":"Beaver Creek","ftype":558,"lengthKm":0.22,"hu8":"05110002","pid":"56286615"},"geometry":{"type":"MultiLineString","coordinates":[[[-85.88027,37.03369],[-85.88235,37.03261]]]}},{"type":"Feature","properties":{"kind":"minor-water","name":"Trammel Creek","ftype":558,"lengthKm":0.05,"hu8":"05110002","pid":"56290225"},"geometry":{"type":"MultiLineString","coordinates":[[[-86.33734,36.8051],[-86.33709,36.80554]]]}},{"type":"Feature","properties":{"kind":"minor-water","name":"Skaggs Creek","ftype":558,"lengthKm":0.5,"hu8":"05110002","pid":"56288083"},"geometry":{"type":"MultiLineString","coordinates":[[[-85.96108,36.92576],[-85.96211,36.92542],[-85.96344,36.92562],[-85.96624,36.92683]]]}},{"type":"Feature","properties":{"kind":"minor-water","name":"Skaggs Creek","ftype":558,"lengthKm":0.08,"hu8":"05110002","pid":"56289294"},"geometry":{"type":"MultiLineString","coordinates":[[[-85.66563,36.82716],[-85.66579,36.82668],[-85.66555,36.82663]]]}},{"type":"Feature","properties":{"kind":"minor-water","name":"Middle Fork Drakes Creek","ftype":558,"lengthKm":1.17,"hu8":"05110002","pid":"56291384"},"geometry":{"type":"MultiLineString","coordinates":[[[-86.37499,36.70707],[-86.37769,36.70743],[-86.37914,36.70727],[-86.38001,36.70673],[-86.38054,36.70705],[-86.38082,36.70877],[-86.37879,36.71153],[-86.37864,36.71229]]]}},{"type":"Feature","properties":{"kind":"minor-water","name":"Long Creek","ftype":558,"lengthKm":0.67,"hu8":"05110002","pid":"56291659"},"geometry":{"type":"MultiLineString","coordinates":[[[-86.11152,36.65931],[-86.11026,36.66234],[-86.10754,36.66413]]]}},{"type":"Feature","properties":{"kind":"minor-water","name":"White Oak Creek","ftype":558,"lengthKm":0.66,"hu8":"05110002","pid":"56291737"},"geometry":{"type":"MultiLineString","coordinates":[[[-85.92705,36.63883],[-85.92656,36.63947],[-85.9244,36.6398],[-85.92126,36.64209]]]}},{"type":"Feature","properties":{"kind":"minor-water","name":"Long Fork","ftype":558,"lengthKm":0.72,"hu8":"05110002","pid":"56292487"},"geometry":{"type":"MultiLineString","coordinates":[[[-85.92776,36.60541],[-85.92805,36.60694],[-85.92752,36.60818],[-85.92636,36.6098],[-85.92441,36.61054]]]}},{"type":"Feature","properties":{"kind":"minor-water","name":"Trace Creek","ftype":558,"lengthKm":0.05,"hu8":"05110002","pid":"56294481"},"geometry":{"type":"MultiLineString","coordinates":[[[-85.80049,36.51353],[-85.80014,36.51323]]]}},{"type":"Feature","properties":{"kind":"minor-water","name":"Rhoden Creek","ftype":460,"lengthKm":0.32,"hu8":"05110002","pid":"56290788"},"geometry":{"type":"MultiLineString","coordinates":[[[-86.08807,36.73308],[-86.08644,36.73388],[-86.08542,36.73495]]]}},{"type":"Feature","properties":{"kind":"minor-water","name":"Falling Timber Creek","ftype":460,"lengthKm":0.38,"hu8":"05110002","pid":"56287575"},"geometry":{"type":"MultiLineString","coordinates":[[[-85.76103,36.93871],[-85.76531,36.93829]]]}},{"type":"Feature","properties":{"kind":"minor-water","name":"South Fork Beaver Creek","ftype":460,"lengthKm":0.72,"hu8":"05110002","pid":"56287236"},"geometry":{"type":"MultiLineString","coordinates":[[[-85.91079,36.98202],[-85.9142,36.98072],[-85.91485,36.97996],[-85.91627,36.97929],[-85.91776,36.97969]]]}},{"type":"Feature","properties":{"kind":"minor-water","name":"Trammel Creek","ftype":460,"lengthKm":0.11,"hu8":"05110002","pid":"56291768"},"geometry":{"type":"MultiLineString","coordinates":[[[-86.20765,36.66032],[-86.20721,36.66122]]]}},{"type":"Feature","properties":{"kind":"minor-water","name":"Hocker Branch","ftype":460,"lengthKm":0.47,"hu8":"05110002","pid":"56286315"},"geometry":{"type":"MultiLineString","coordinates":[[[-86.65244,37.13591],[-86.65275,37.13854],[-86.65258,37.13933],[-86.65192,37.13988]]]}},{"type":"Feature","properties":{"kind":"minor-water","name":"Cane Ridge Creek","ftype":460,"lengthKm":0.31,"hu8":"05110002","pid":"56287041"},"geometry":{"type":"MultiLineString","coordinates":[[[-86.71255,37.05802],[-86.71219,37.05823],[-86.71128,37.05813],[-86.71033,37.05862],[-86.70936,37.05831]]]}},{"type":"Feature","properties":{"kind":"minor-water","name":"Glover Creek","ftype":460,"lengthKm":0.13,"hu8":"05110002","pid":"56288431"},"geometry":{"type":"MultiLineString","coordinates":[[[-85.72382,36.89224],[-85.72495,36.89157]]]}},{"type":"Feature","properties":{"kind":"minor-water","name":"Rock House Creek","ftype":460,"lengthKm":0.83,"hu8":"05110002","pid":"56288677"},"geometry":{"type":"MultiLineString","coordinates":[[[-86.75361,36.96113],[-86.75392,36.9613],[-86.75393,36.96243],[-86.75434,36.9631],[-86.75402,36.9636],[-86.75436,36.9644],[-86.75534,36.96479],[-86.7551,36.96513],[-86.75406,36.96501],[-86.7543,36.96674]]]}},{"type":"Feature","properties":{"kind":"minor-water","name":"Skaggs Creek","ftype":460,"lengthKm":0.66,"hu8":"05110002","pid":"56289386"},"geometry":{"type":"MultiLineString","coordinates":[[[-85.66555,36.82663],[-85.66599,36.82579],[-85.66593,36.82506],[-85.66799,36.82113]]]}},{"type":"Feature","properties":{"kind":"minor-water","name":"Bays Fork","ftype":460,"lengthKm":5.3,"hu8":"05110002","pid":"56289216"},"geometry":{"type":"MultiLineString","coordinates":[[[-86.26323,36.87306],[-86.26328,36.87388],[-86.26528,36.87499],[-86.26552,36.87552],[-86.26397,36.87667],[-86.26417,36.87812],[-86.26325,36.88283],[-86.26336,36.88367],[-86.26269,36.88372],[-86.26268,36.8845],[-86.26351,36.88562],[-86.26589,36.88625],[-86.26767,36.88613],[-86.26875,36.88725],[-86.2689,36.88963],[-86.26754,36.88999],[-86.26723,36.8904],[-86.26825,36.89205],[-86.2667,36.89322],[-86.26496,36.89353],[-86.26351,36.89334],[-86.26211,36.89196],[-86.26095,36.892],[-86.26013,36.89254],[-86.26095,36.89383],[-86.26002,36.89404],[-86.25918,36.89387],[-86.25862,36.89338],[-86.258,36.89175],[-86.25706,36.89162],[-86.25656,36.89122],[-86.25204,36.89157],[-86.25079,36.89304],[-86.25023,36.8946],[-86.25034,36.89536]]]}},{"type":"Feature","properties":{"kind":"minor-water","name":"Dry Fork","ftype":460,"lengthKm":1.75,"hu8":"05110002","pid":"56289912"},"geometry":{"type":"MultiLineString","coordinates":[[[-85.89396,36.80873],[-85.89625,36.80601],[-85.89749,36.80539],[-85.8983,36.80248],[-85.90008,36.80168],[-85.90258,36.80214],[-85.90435,36.80153],[-85.90621,36.80044],[-85.90772,36.80042]]]}},{"type":"Feature","properties":{"kind":"minor-water","name":"West Bays Fork","ftype":460,"lengthKm":0.04,"hu8":"05110002","pid":"56290801"},"geometry":{"type":"MultiLineString","coordinates":[[[-86.19007,36.73997],[-86.19018,36.74033]]]}},{"type":"Feature","properties":{"kind":"minor-water","name":"Line Creek","ftype":460,"lengthKm":0.53,"hu8":"05110002","pid":"56291703"},"geometry":{"type":"MultiLineString","coordinates":[[[-85.67284,36.61973],[-85.67565,36.62079],[-85.67698,36.62197],[-85.67786,36.62207]]]}},{"type":"Feature","properties":{"kind":"minor-water","name":"Sulphur Fork Creek","ftype":460,"lengthKm":0.4,"hu8":"05110002","pid":"56292098"},"geometry":{"type":"MultiLineString","coordinates":[[[-86.41277,36.66244],[-86.41364,36.6639],[-86.41568,36.66501]]]}},{"type":"Feature","properties":{"kind":"minor-water","name":"Trammel Creek","ftype":460,"lengthKm":1.05,"hu8":"05110002","pid":"56294492"},"geometry":{"type":"MultiLineString","coordinates":[[[-86.21745,36.54751],[-86.21866,36.548],[-86.21921,36.54921],[-86.22068,36.55012],[-86.22111,36.5529],[-86.22321,36.5551]]]}},{"type":"Feature","properties":{"kind":"minor-water","name":"Drakes Creek","ftype":558,"lengthKm":0.34,"hu8":"05110002","pid":"56288132"},"geometry":{"type":"MultiLineString","coordinates":[[[-86.3738,36.95656],[-86.37371,36.95805],[-86.37247,36.95929]]]}},{"type":"Feature","properties":{"kind":"minor-water","name":"Barren River","ftype":558,"lengthKm":1.1,"hu8":"05110002","pid":"56287618"},"geometry":{"type":"MultiLineString","coordinates":[[[-86.38424,36.98889],[-86.38954,36.98733],[-86.39117,36.98713],[-86.39287,36.98815],[-86.39437,36.99016]]]}},{"type":"Feature","properties":{"kind":"minor-water","name":"Barren River","ftype":558,"lengthKm":0.21,"hu8":"05110002","pid":"56288376"},"geometry":{"type":"MultiLineString","coordinates":[[[-86.30947,36.943],[-86.31181,36.94251]]]}},{"type":"Feature","properties":{"kind":"minor-water","name":"Barren River","ftype":558,"lengthKm":3.31,"hu8":"05110002","pid":"56288759"},"geometry":{"type":"MultiLineString","coordinates":[[[-86.1701,36.90916],[-86.17222,36.91101],[-86.17563,36.91311],[-86.17631,36.91411],[-86.17633,36.91494],[-86.17246,36.91838],[-86.16917,36.91864],[-86.16714,36.91932],[-86.1643,36.92099],[-86.16321,36.92352],[-86.16058,36.92414],[-86.16025,36.92608],[-86.16079,36.92918]]]}},{"type":"Feature","properties":{"kind":"minor-water","name":"Jakes Branch","ftype":558,"lengthKm":0.01,"hu8":"05110002","pid":"56290387"},"geometry":{"type":"MultiLineString","coordinates":[[[-86.47005,36.80176],[-86.46999,36.80185]]]}},{"type":"Feature","properties":{"kind":"minor-water","name":"Barren River","ftype":558,"lengthKm":1.11,"hu8":"05110002","pid":"164146434"},"geometry":{"type":"MultiLineString","coordinates":[[[-86.04968,36.70188],[-86.04978,36.70348],[-86.04943,36.70502],[-86.04917,36.70555],[-86.04833,36.70607],[-86.04603,36.70634],[-86.04171,36.70592]]]}},{"type":"Feature","properties":{"kind":"minor-water","name":"Little Trammel Creek","ftype":558,"lengthKm":0.25,"hu8":"05110002","pid":"56291749"},"geometry":{"type":"MultiLineString","coordinates":[[[-86.25371,36.66512],[-86.25193,36.6668]]]}},{"type":"Feature","properties":{"kind":"minor-water","name":"Rose Creek","ftype":460,"lengthKm":1.69,"hu8":"05110002","pid":"56288947"},"geometry":{"type":"MultiLineString","coordinates":[[[-85.91108,36.86653],[-85.91156,36.86691],[-85.91168,36.86787],[-85.91129,36.87023],[-85.91149,36.87356],[-85.91505,36.87775],[-85.91556,36.87878],[-85.91722,36.87996]]]}},{"type":"Feature","properties":{"kind":"minor-water","name":"South Fork Beaver Creek","ftype":460,"lengthKm":0.15,"hu8":"05110002","pid":"56287238"},"geometry":{"type":"MultiLineString","coordinates":[[[-85.91885,36.97937],[-85.92049,36.97967]]]}},{"type":"Feature","properties":{"kind":"minor-water","name":"Buck Creek","ftype":460,"lengthKm":1.13,"hu8":"05110002","pid":"56288154"},"geometry":{"type":"MultiLineString","coordinates":[[[-86.12529,36.94353],[-86.12649,36.94304],[-86.12669,36.94237],[-86.12811,36.94201],[-86.1285,36.94142],[-86.12826,36.94031],[-86.12884,36.9397],[-86.12899,36.9383],[-86.12862,36.9361],[-86.12795,36.93522]]]}},{"type":"Feature","properties":{"kind":"minor-water","name":"Watt Branch","ftype":460,"lengthKm":1.05,"hu8":"05110002","pid":"56288762"},"geometry":{"type":"MultiLineString","coordinates":[[[-85.74268,36.87256],[-85.74472,36.87296],[-85.74564,36.87405],[-85.74767,36.87522],[-85.74869,36.87534],[-85.74987,36.87476],[-85.75296,36.87427]]]}},{"type":"Feature","properties":{"kind":"minor-water","name":"Bean Branch","ftype":460,"lengthKm":0.1,"hu8":"05110002","pid":"56293905"},"geometry":{"type":"MultiLineString","coordinates":[[[-85.76589,36.54148],[-85.76606,36.54241]]]}},{"type":"Feature","properties":{"kind":"minor-water","name":"Witcher Hollow Branch","ftype":460,"lengthKm":0.78,"hu8":"05110002","pid":"56294233"},"geometry":{"type":"MultiLineString","coordinates":[[[-85.827,36.53142],[-85.82815,36.53231],[-85.83489,36.53174],[-85.83522,36.53191]]]}},{"type":"Feature","properties":{"kind":"minor-water","name":"Long Creek","ftype":460,"lengthKm":0.77,"hu8":"05110002","pid":"56294405"},"geometry":{"type":"MultiLineString","coordinates":[[[-86.09269,36.54258],[-86.09176,36.54367],[-86.09121,36.54925]]]}},{"type":"Feature","properties":{"kind":"minor-water","name":"West Fork Drakes Creek","ftype":460,"lengthKm":0.6,"hu8":"05110002","pid":"56294721"},"geometry":{"type":"MultiLineString","coordinates":[[[-86.46784,36.54999],[-86.46781,36.55065],[-86.46626,36.55232],[-86.46688,36.55387],[-86.46681,36.55486]]]}},{"type":"Feature","properties":{"kind":"minor-water","name":"Peter Creek","ftype":460,"lengthKm":0.77,"hu8":"05110002","pid":"56290355"},"geometry":{"type":"MultiLineString","coordinates":[[[-85.81445,36.75473],[-85.81584,36.75355],[-85.8176,36.75346],[-85.81937,36.75242],[-85.82113,36.75086]]]}},{"type":"Feature","properties":{"kind":"minor-water","name":"Lick Creek","ftype":460,"lengthKm":3.73,"hu8":"05110002","pid":"56290786"},"geometry":{"type":"MultiLineString","coordinates":[[[-86.48627,36.74759],[-86.48656,36.74839],[-86.48597,36.75069],[-86.4852,36.75201],[-86.48422,36.75273],[-86.48324,36.75415],[-86.48491,36.75592],[-86.48457,36.75779],[-86.48374,36.75867],[-86.48255,36.75899],[-86.48178,36.76226],[-86.48131,36.76285],[-86.48042,36.76297],[-86.48129,36.76461],[-86.48126,36.76515],[-86.4821,36.76521],[-86.48254,36.76625],[-86.48232,36.76745],[-86.48106,36.76908],[-86.48111,36.76967],[-86.48221,36.77064],[-86.48468,36.77093],[-86.4849,36.77138],[-86.48459,36.77284],[-86.48237,36.77411]]]}},{"type":"Feature","properties":{"kind":"minor-water","name":"White Oak Creek","ftype":460,"lengthKm":0.34,"hu8":"05110002","pid":"56291757"},"geometry":{"type":"MultiLineString","coordinates":[[[-85.93074,36.63797],[-85.92705,36.63883]]]}},{"type":"Feature","properties":{"kind":"minor-water","name":"Smyrna Creek","ftype":460,"lengthKm":0.72,"hu8":"05110002","pid":"56292159"},"geometry":{"type":"MultiLineString","coordinates":[[[-86.38105,36.65472],[-86.38143,36.65714],[-86.38107,36.65846],[-86.38017,36.65959],[-86.38031,36.6609]]]}},{"type":"Feature","properties":{"kind":"minor-water","name":"Clifty Creek","ftype":558,"lengthKm":0.03,"hu8":"05110002","pid":"56286404"},"geometry":{"type":"MultiLineString","coordinates":[[[-86.58144,37.10937],[-86.5811,37.10948]]]}},{"type":"Feature","properties":{"kind":"minor-water","name":"Beaver Creek","ftype":558,"lengthKm":1.42,"hu8":"05110002","pid":"56286561"},"geometry":{"type":"MultiLineString","coordinates":[[[-85.84174,37.03309],[-85.84543,37.0341],[-85.84802,37.03582],[-85.84938,37.03801],[-85.84923,37.0411],[-85.84877,37.04174],[-85.84893,37.0424]]]}},{"type":"Feature","properties":{"kind":"minor-water","name":"Chism Creek","ftype":558,"lengthKm":0.04,"hu8":"05110002","pid":"56288251"},"geometry":{"type":"MultiLineString","coordinates":[[[-86.55768,36.96627],[-86.55792,36.96658]]]}},{"type":"Feature","properties":{"kind":"minor-water","name":"Barren River","ftype":558,"lengthKm":0.02,"hu8":"05110002","pid":"56288369"},"geometry":{"type":"MultiLineString","coordinates":[[[-86.32709,36.94384],[-86.32714,36.94398]]]}},{"type":"Feature","properties":{"kind":"minor-water","name":"Skaggs Creek","ftype":558,"lengthKm":0.62,"hu8":"05110002","pid":"56288963"},"geometry":{"type":"MultiLineString","coordinates":[[[-85.82711,36.86695],[-85.8271,36.86917],[-85.82756,36.87071],[-85.82821,36.87152],[-85.82921,36.87174]]]}},{"type":"Feature","properties":{"kind":"minor-water","name":"Peter Creek","ftype":558,"lengthKm":0.8,"hu8":"05110002","pid":"56289848"},"geometry":{"type":"MultiLineString","coordinates":[[[-85.94875,36.80924],[-85.95155,36.81184],[-85.95201,36.8133],[-85.95189,36.81426],[-85.95277,36.81458],[-85.95297,36.81508]]]}},{"type":"Feature","properties":{"kind":"minor-water","name":"East Fork Barren River","ftype":558,"lengthKm":0.64,"hu8":"05110002","pid":"56291014"},"geometry":{"type":"MultiLineString","coordinates":[[[-85.774,36.68881],[-85.77411,36.68823],[-85.77566,36.6866],[-85.7742,36.68371]]]}},{"type":"Feature","properties":{"kind":"minor-water","name":"Sulphur Fork Creek","ftype":558,"lengthKm":0.4,"hu8":"05110002","pid":"56291573"},"geometry":{"type":"MultiLineString","coordinates":[[[-86.41438,36.69374],[-86.41166,36.69662]]]}},{"type":"Feature","properties":{"kind":"minor-water","name":"Line Creek","ftype":558,"lengthKm":1.61,"hu8":"05110002","pid":"56291772"},"geometry":{"type":"MultiLineString","coordinates":[[[-85.78867,36.62091],[-85.78866,36.62196],[-85.78969,36.6229],[-85.79001,36.62589],[-85.79334,36.62825],[-85.79465,36.62965],[-85.79064,36.63184]]]}},{"type":"Feature","properties":{"kind":"minor-water","name":"Chicken Branch","ftype":558,"lengthKm":0.01,"hu8":"05110002","pid":"56291922"},"geometry":{"type":"MultiLineString","coordinates":[[[-85.78844,36.61758],[-85.78835,36.61758]]]}},{"type":"Feature","properties":{"kind":"minor-water","name":"Gardner Creek","ftype":460,"lengthKm":0.56,"hu8":"05110002","pid":"56286614"},"geometry":{"type":"MultiLineString","coordinates":[[[-86.07678,37.04981],[-86.07896,37.04972],[-86.08107,37.05003],[-86.08304,37.04972]]]}},{"type":"Feature","properties":{"kind":"minor-water","name":"Nobob Creek","ftype":460,"lengthKm":0.06,"hu8":"05110002","pid":"56288781"},"geometry":{"type":"MultiLineString","coordinates":[[[-85.71423,36.87035],[-85.71417,36.8698]]]}},{"type":"Feature","properties":{"kind":"minor-water","name":"Peter Creek","ftype":460,"lengthKm":0.39,"hu8":"05110002","pid":"56290414"},"geometry":{"type":"MultiLineString","coordinates":[[[-85.82933,36.74793],[-85.83245,36.74816],[-85.83317,36.74806],[-85.83346,36.74771]]]}},{"type":"Feature","properties":{"kind":"minor-water","name":"Long Hungry Creek","ftype":460,"lengthKm":0.03,"hu8":"05110002","pid":"56291516"},"geometry":{"type":"MultiLineString","coordinates":[[[-86.0488,36.66999],[-86.0488,36.67025]]]}},{"type":"Feature","properties":{"kind":"minor-water","name":"White Oak Creek","ftype":460,"lengthKm":0.14,"hu8":"05110002","pid":"56292185"},"geometry":{"type":"MultiLineString","coordinates":[[[-85.95061,36.61772],[-85.94977,36.61877]]]}},{"type":"Feature","properties":{"kind":"minor-water","name":"Long Creek","ftype":460,"lengthKm":0.95,"hu8":"05110002","pid":"56292769"},"geometry":{"type":"MultiLineString","coordinates":[[[-86.11645,36.6106],[-86.11425,36.61314],[-86.11474,36.61483],[-86.11565,36.61522],[-86.11594,36.61572],[-86.11601,36.61652],[-86.11518,36.61788]]]}},{"type":"Feature","properties":{"kind":"minor-water","name":"Long Creek","ftype":460,"lengthKm":0,"hu8":"05110002","pid":"56292849"},"geometry":{"type":"MultiLineString","coordinates":[[[-86.11824,36.60762],[-86.11821,36.60763]]]}},{"type":"Feature","properties":{"kind":"minor-water","name":"Sulphur Fork Creek","ftype":460,"lengthKm":1.3,"hu8":"05110002","pid":"56293298"},"geometry":{"type":"MultiLineString","coordinates":[[[-86.38697,36.61524],[-86.38732,36.61643],[-86.38818,36.61701],[-86.38807,36.61751],[-86.38731,36.61814],[-86.38741,36.6185],[-86.38809,36.61922],[-86.38946,36.61978],[-86.3916,36.61963],[-86.3917,36.62015],[-86.39101,36.62119],[-86.39253,36.62309]]]}},{"type":"Feature","properties":{"kind":"minor-water","name":"Dry Branch","ftype":460,"lengthKm":0.82,"hu8":"05110002","pid":"56293658"},"geometry":{"type":"MultiLineString","coordinates":[[[-85.91121,36.56295],[-85.91187,36.56331],[-85.91381,36.5658],[-85.9158,36.56758],[-85.91651,36.56891]]]}},{"type":"Feature","properties":{"kind":"minor-water","name":"West Fork Drakes Creek","ftype":460,"lengthKm":0.7,"hu8":"05110002","pid":"56295015"},"geometry":{"type":"MultiLineString","coordinates":[[[-86.4718,36.5226],[-86.47201,36.52307],[-86.47271,36.52333],[-86.47282,36.52418],[-86.47231,36.52481],[-86.47237,36.52533],[-86.47154,36.52562],[-86.47225,36.52736],[-86.47197,36.52781]]]}},{"type":"Feature","properties":{"kind":"minor-water","name":"Skaggs Creek","ftype":558,"lengthKm":0.71,"hu8":"05110002","pid":"56288697"},"geometry":{"type":"MultiLineString","coordinates":[[[-85.88437,36.89016],[-85.88563,36.89074],[-85.88741,36.89222],[-85.88793,36.89381],[-85.88738,36.89527]]]}},{"type":"Feature","properties":{"kind":"minor-water","name":"Drakes Creek","ftype":558,"lengthKm":0.68,"hu8":"05110002","pid":"56289102"},"geometry":{"type":"MultiLineString","coordinates":[[[-86.38925,36.90476],[-86.38978,36.90351],[-86.39161,36.90275],[-86.39283,36.90315],[-86.39436,36.90483]]]}},{"type":"Feature","properties":{"kind":"minor-water","name":"Long Creek","ftype":558,"lengthKm":0.98,"hu8":"05110002","pid":"56291789"},"geometry":{"type":"MultiLineString","coordinates":[[[-86.10612,36.65103],[-86.10634,36.65178],[-86.10746,36.65287],[-86.11244,36.65521],[-86.11354,36.65608],[-86.11359,36.65685]]]}},{"type":"Feature","properties":{"kind":"minor-water","name":"Sulphur Fork Creek","ftype":558,"lengthKm":0.92,"hu8":"05110002","pid":"56291791"},"geometry":{"type":"MultiLineString","coordinates":[[[-86.41905,36.67629],[-86.41903,36.67836],[-86.41589,36.68066],[-86.4156,36.68122],[-86.41557,36.68167],[-86.41662,36.68315]]]}},{"type":"Feature","properties":{"kind":"minor-water","name":"Salt Lick Creek","ftype":558,"lengthKm":0.33,"hu8":"05110002","pid":"56292308"},"geometry":{"type":"MultiLineString","coordinates":[[[-85.88663,36.60873],[-85.8851,36.61145]]]}},{"type":"Feature","properties":{"kind":"minor-water","name":"East Fork Barren River","ftype":460,"lengthKm":0.29,"hu8":"05110002","pid":"56290067"},"geometry":{"type":"MultiLineString","coordinates":[[[-85.66786,36.767],[-85.66815,36.76629],[-85.67033,36.76573]]]}},{"type":"Feature","properties":{"kind":"minor-water","name":"Rays Branch","ftype":460,"lengthKm":1.51,"hu8":"05110002","pid":"56286731"},"geometry":{"type":"MultiLineString","coordinates":[[[-86.47155,37.07705],[-86.47309,37.07765],[-86.47549,37.07732],[-86.47617,37.07648],[-86.47738,37.07708],[-86.47814,37.07702],[-86.47859,37.07558],[-86.47783,37.07505],[-86.47728,37.07506],[-86.47704,37.07436],[-86.47768,37.07309],[-86.4801,37.07191],[-86.48036,37.0715]]]}},{"type":"Feature","properties":{"kind":"minor-water","name":"Rays Branch","ftype":460,"lengthKm":1.3,"hu8":"05110002","pid":"56286928"},"geometry":{"type":"MultiLineString","coordinates":[[[-86.43527,37.04851],[-86.43775,37.04964],[-86.44055,37.05488],[-86.44154,37.05561],[-86.44297,37.05602],[-86.44382,37.05725]]]}},{"type":"Feature","properties":{"kind":"minor-water","name":"Ivy Branch","ftype":460,"lengthKm":0.58,"hu8":"05110002","pid":"56287846"},"geometry":{"type":"MultiLineString","coordinates":[[[-86.56055,36.98836],[-86.56204,36.98837],[-86.56258,36.98874],[-86.56577,36.98939],[-86.5665,36.98999]]]}},{"type":"Feature","properties":{"kind":"minor-water","name":"Brush Creek","ftype":460,"lengthKm":2.63,"hu8":"05110002","pid":"56287953"},"geometry":{"type":"MultiLineString","coordinates":[[[-86.61154,36.97365],[-86.61318,36.97374],[-86.61385,36.97279],[-86.61434,36.97277],[-86.61545,36.97408],[-86.61811,36.97529],[-86.62013,36.97666],[-86.62056,36.97742],[-86.62024,36.97878],[-86.61892,36.98214],[-86.61812,36.98285],[-86.61863,36.98319],[-86.61877,36.98374],[-86.61962,36.98416],[-86.62078,36.98393],[-86.62232,36.98453],[-86.62354,36.98445],[-86.62461,36.98576],[-86.62601,36.98624]]]}},{"type":"Feature","properties":{"kind":"minor-water","name":"Shoal Creek","ftype":460,"lengthKm":0.58,"hu8":"05110002","pid":"56289062"},"geometry":{"type":"MultiLineString","coordinates":[[[-85.84388,36.86042],[-85.84706,36.86495]]]}},{"type":"Feature","properties":{"kind":"minor-water","name":"Hurricane Creek","ftype":460,"lengthKm":0.26,"hu8":"05110002","pid":"56289838"},"geometry":{"type":"MultiLineString","coordinates":[[[-86.10332,36.82291],[-86.10056,36.82365]]]}},{"type":"Feature","properties":{"kind":"minor-water","name":"Difficult Creek","ftype":460,"lengthKm":0.14,"hu8":"05110002","pid":"56290206"},"geometry":{"type":"MultiLineString","coordinates":[[[-86.13883,36.79118],[-86.13933,36.7924]]]}},{"type":"Feature","properties":{"kind":"minor-water","name":"Line Creek","ftype":460,"lengthKm":0.78,"hu8":"05110002","pid":"56291976"},"geometry":{"type":"MultiLineString","coordinates":[[[-85.71696,36.60853],[-85.71879,36.60903],[-85.7206,36.6104],[-85.72419,36.61071],[-85.72488,36.61055]]]}},{"type":"Feature","properties":{"kind":"minor-water","name":"Trace Creek","ftype":460,"lengthKm":0.73,"hu8":"05110002","pid":"56292465"},"geometry":{"type":"MultiLineString","coordinates":[[[-85.77781,36.59317],[-85.77717,36.59391],[-85.77687,36.59633],[-85.77631,36.59768],[-85.77697,36.59855],[-85.77785,36.59894]]]}},{"type":"Feature","properties":{"kind":"minor-water","name":"Middle Fork Drakes Creek","ftype":460,"lengthKm":0.79,"hu8":"05110002","pid":"56294143"},"geometry":{"type":"MultiLineString","coordinates":[[[-86.32864,36.57708],[-86.32769,36.57908],[-86.32937,36.58093],[-86.32877,36.58216],[-86.32865,36.58301],[-86.32899,36.58342]]]}},{"type":"Feature","properties":{"kind":"minor-water","name":"Caney Fork Creek","ftype":460,"lengthKm":0.25,"hu8":"05110002","pid":"56294660"},"geometry":{"type":"MultiLineString","coordinates":[[[-86.39212,36.54841],[-86.39406,36.55003]]]}},{"type":"Feature","properties":{"kind":"minor-water","name":"Long Fork","ftype":460,"lengthKm":0.8,"hu8":"05110002","pid":"56294907"},"geometry":{"type":"MultiLineString","coordinates":[[[-85.93707,36.49082],[-85.93717,36.49149],[-85.93817,36.49264],[-85.93867,36.49382],[-85.93746,36.49752]]]}},{"type":"Feature","properties":{"kind":"minor-water","name":"Bowles Branch","ftype":558,"lengthKm":0.01,"hu8":"05110002","pid":"56287996"},"geometry":{"type":"MultiLineString","coordinates":[[[-85.86052,36.92132],[-85.86042,36.92124]]]}},{"type":"Feature","properties":{"kind":"minor-water","name":"Sulphur Fork Creek","ftype":558,"lengthKm":1.03,"hu8":"05110002","pid":"56292002"},"geometry":{"type":"MultiLineString","coordinates":[[[-86.41572,36.66503],[-86.41639,36.66643],[-86.41393,36.6682],[-86.41378,36.66963],[-86.41222,36.67099],[-86.41248,36.67278]]]}},{"type":"Feature","properties":{"kind":"minor-water","name":"Chism Creek","ftype":460,"lengthKm":0.51,"hu8":"05110002","pid":"56288339"},"geometry":{"type":"MultiLineString","coordinates":[[[-86.5539,36.9629],[-86.55754,36.96581],[-86.55768,36.96627]]]}},{"type":"Feature","properties":{"kind":"minor-water","name":"Mill Creek","ftype":460,"lengthKm":0.38,"hu8":"05110002","pid":"56291045"},"geometry":{"type":"MultiLineString","coordinates":[[[-85.71236,36.67808],[-85.71281,36.67739],[-85.71418,36.67701],[-85.71569,36.67614]]]}},{"type":"Feature","properties":{"kind":"minor-water","name":"Little Trace Creek","ftype":460,"lengthKm":0.28,"hu8":"05110002","pid":"56292646"},"geometry":{"type":"MultiLineString","coordinates":[[[-85.73153,36.58327],[-85.73192,36.58573]]]}},{"type":"Feature","properties":{"kind":"minor-water","name":"Elbow Spring Creek","ftype":460,"lengthKm":0.45,"hu8":"05110002","pid":"56287558"},"geometry":{"type":"MultiLineString","coordinates":[[[-85.82476,36.94742],[-85.82455,36.94576],[-85.8236,36.9435]]]}},{"type":"Feature","properties":{"kind":"minor-water","name":"Little Muddy Creek","ftype":460,"lengthKm":2.93,"hu8":"05110002","pid":"56286364"},"geometry":{"type":"MultiLineString","coordinates":[[[-86.6844,37.12697],[-86.6837,37.12837],[-86.68379,37.12966],[-86.68328,37.13046],[-86.68397,37.13106],[-86.68555,37.13167],[-86.6863,37.13134],[-86.68665,37.13255],[-86.68498,37.13315],[-86.68406,37.13305],[-86.68398,37.13336],[-86.6861,37.13369],[-86.68736,37.13339],[-86.68757,37.13412],[-86.68615,37.13505],[-86.68729,37.13554],[-86.68802,37.13548],[-86.68943,37.1344],[-86.68976,37.13495],[-86.68956,37.13548],[-86.68794,37.13685],[-86.6866,37.13723],[-86.68643,37.13766],[-86.68778,37.13881],[-86.68859,37.1386],[-86.68968,37.13889]]]}},{"type":"Feature","properties":{"kind":"minor-water","name":"Tyree Branch","ftype":460,"lengthKm":0.14,"hu8":"05110002","pid":"56290103"},"geometry":{"type":"MultiLineString","coordinates":[[[-85.78104,36.77298],[-85.78224,36.77221]]]}},{"type":"Feature","properties":{"kind":"minor-water","name":"Doty Creek","ftype":460,"lengthKm":1.57,"hu8":"05110002","pid":"56287388"},"geometry":{"type":"MultiLineString","coordinates":[[[-86.16315,36.98588],[-86.16365,36.9869],[-86.16459,36.98694],[-86.16637,36.98801],[-86.16824,36.98789],[-86.16885,36.98736],[-86.17052,36.98684],[-86.17492,36.98779],[-86.17878,36.98711]]]}},{"type":"Feature","properties":{"kind":"minor-water","name":"Gwinn Branch","ftype":460,"lengthKm":0.28,"hu8":"05110002","pid":"56291504"},"geometry":{"type":"MultiLineString","coordinates":[[[-85.88513,36.6571],[-85.88509,36.65774],[-85.88432,36.65838],[-85.8846,36.65936]]]}},{"type":"Feature","properties":{"kind":"minor-water","name":"Little Trammel Creek","ftype":460,"lengthKm":0.15,"hu8":"05110002","pid":"56292301"},"geometry":{"type":"MultiLineString","coordinates":[[[-86.26424,36.64009],[-86.26352,36.64128]]]}},{"type":"Feature","properties":{"kind":"minor-water","name":"Little Trace Creek","ftype":460,"lengthKm":0.02,"hu8":"05110002","pid":"56293108"},"geometry":{"type":"MultiLineString","coordinates":[[[-85.70747,36.56526],[-85.70768,36.5654]]]}},{"type":"Feature","properties":{"kind":"minor-water","name":"Little Trace Creek","ftype":460,"lengthKm":0.3,"hu8":"05110002","pid":"56293176"},"geometry":{"type":"MultiLineString","coordinates":[[[-85.70387,36.56273],[-85.70552,36.56304],[-85.70633,36.56423]]]}},{"type":"Feature","properties":{"kind":"minor-water","name":"West Fork Drakes Creek","ftype":460,"lengthKm":1.06,"hu8":"05110002","pid":"56294822"},"geometry":{"type":"MultiLineString","coordinates":[[[-86.47325,36.54242],[-86.47333,36.54333],[-86.47426,36.54457],[-86.47457,36.54717],[-86.47365,36.54857],[-86.47085,36.54948],[-86.47012,36.54946]]]}},{"type":"Feature","properties":{"kind":"minor-water","name":"Long Fork","ftype":460,"lengthKm":0.21,"hu8":"05110002","pid":"56295053"},"geometry":{"type":"MultiLineString","coordinates":[[[-85.93541,36.47423],[-85.93576,36.4749],[-85.93464,36.47563]]]}},{"type":"Feature","properties":{"kind":"minor-water","name":"Barren River","ftype":558,"lengthKm":0.64,"hu8":"05110002","pid":"56286347"},"geometry":{"type":"MultiLineString","coordinates":[[[-86.58432,37.12217],[-86.58587,37.12291],[-86.58916,37.12368],[-86.59034,37.125]]]}},{"type":"Feature","properties":{"kind":"minor-water","name":"Beaver Creek","ftype":558,"lengthKm":0.11,"hu8":"05110002","pid":"56287160"},"geometry":{"type":"MultiLineString","coordinates":[[[-85.98252,36.99057],[-85.98137,36.99033]]]}},{"type":"Feature","properties":{"kind":"minor-water","name":"Barren River","ftype":558,"lengthKm":0.94,"hu8":"05110002","pid":"56288483"},"geometry":{"type":"MultiLineString","coordinates":[[[-86.19524,36.92844],[-86.19879,36.93165],[-86.19919,36.93288],[-86.19885,36.93494],[-86.1994,36.93565]]]}},{"type":"Feature","properties":{"kind":"minor-water","name":"Trammel Creek","ftype":558,"lengthKm":0.75,"hu8":"05110002","pid":"56290344"},"geometry":{"type":"MultiLineString","coordinates":[[[-86.31557,36.79313],[-86.31559,36.7943],[-86.31682,36.79613],[-86.31823,36.79722],[-86.32048,36.7979]]]}},{"type":"Feature","properties":{"kind":"minor-water","name":"Middle Fork Drakes Creek","ftype":558,"lengthKm":1.12,"hu8":"05110002","pid":"56290613"},"geometry":{"type":"MultiLineString","coordinates":[[[-86.39644,36.77419],[-86.39709,36.77514],[-86.39702,36.77555],[-86.39429,36.77737],[-86.39471,36.7784],[-86.39632,36.77994],[-86.39643,36.78059],[-86.39411,36.78139]]]}},{"type":"Feature","properties":{"kind":"minor-water","name":"Line Creek","ftype":558,"lengthKm":2.42,"hu8":"05110002","pid":"56291595"},"geometry":{"type":"MultiLineString","coordinates":[[[-85.81568,36.64182],[-85.81456,36.64229],[-85.81079,36.64285],[-85.81024,36.64372],[-85.81346,36.64603],[-85.81525,36.64638],[-85.82028,36.65159],[-85.82117,36.65325],[-85.82109,36.6541],[-85.82061,36.65435],[-85.8181,36.65424]]]}},{"type":"Feature","properties":{"kind":"minor-water","name":"Taylor Branch","ftype":460,"lengthKm":0.13,"hu8":"05110002","pid":"56286423"},"geometry":{"type":"MultiLineString","coordinates":[[[-86.48575,37.10052],[-86.48548,37.09933]]]}},{"type":"Feature","properties":{"kind":"minor-water","name":"Caney Fork","ftype":460,"lengthKm":0.32,"hu8":"05110002","pid":"56289350"},"geometry":{"type":"MultiLineString","coordinates":[[[-85.93383,36.84599],[-85.93393,36.84666],[-85.93577,36.8483]]]}},{"type":"Feature","properties":{"kind":"minor-water","name":"Nobob Creek","ftype":460,"lengthKm":0.54,"hu8":"05110002","pid":"56289083"},"geometry":{"type":"MultiLineString","coordinates":[[[-85.77546,36.85527],[-85.77573,36.85485],[-85.77741,36.85399],[-85.78081,36.85363]]]}},{"type":"Feature","properties":{"kind":"minor-water","name":"Cooks Creek","ftype":460,"lengthKm":2.25,"hu8":"05110002","pid":"56288071"},"geometry":{"type":"MultiLineString","coordinates":[[[-86.07514,36.95122],[-86.07812,36.94839],[-86.08145,36.94734],[-86.08755,36.94312],[-86.08739,36.94111],[-86.08528,36.93618]]]}},{"type":"Feature","properties":{"kind":"minor-water","name":"Chism Creek","ftype":460,"lengthKm":0.2,"hu8":"05110002","pid":"56288229"},"geometry":{"type":"MultiLineString","coordinates":[[[-86.56828,36.96793],[-86.57056,36.96786]]]}},{"type":"Feature","properties":{"kind":"minor-water","name":"Walnut Creek","ftype":460,"lengthKm":0.37,"hu8":"05110002","pid":"56290421"},"geometry":{"type":"MultiLineString","coordinates":[[[-86.11635,36.77094],[-86.11481,36.774]]]}},{"type":"Feature","properties":{"kind":"minor-water","name":"Salt Lick Creek","ftype":460,"lengthKm":0.71,"hu8":"05110002","pid":"56294813"},"geometry":{"type":"MultiLineString","coordinates":[[[-85.85181,36.49174],[-85.8513,36.49169],[-85.84969,36.49364],[-85.84985,36.49503],[-85.84849,36.49697]]]}},{"type":"Feature","properties":{"kind":"minor-water","name":"Little Trace Creek","ftype":460,"lengthKm":0.23,"hu8":"05110002","pid":"56293335"},"geometry":{"type":"MultiLineString","coordinates":[[[-85.6982,36.55668],[-85.69832,36.55735],[-85.69945,36.55835]]]}},{"type":"Feature","properties":{"kind":"minor-water","name":"Sulphur Fork Creek","ftype":460,"lengthKm":0.31,"hu8":"05110002","pid":"56293656"},"geometry":{"type":"MultiLineString","coordinates":[[[-86.38268,36.60191],[-86.38281,36.60299],[-86.38428,36.60418]]]}},{"type":"Feature","properties":{"kind":"minor-water","name":"Chicken Branch","ftype":558,"lengthKm":0.08,"hu8":"05110002","pid":"56292418"},"geometry":{"type":"MultiLineString","coordinates":[[[-85.83007,36.59947],[-85.8305,36.60005]]]}},{"type":"Feature","properties":{"kind":"minor-water","name":"Barren River","ftype":558,"lengthKm":1.86,"hu8":"05110002","pid":"56290141"},"geometry":{"type":"MultiLineString","coordinates":[[[-86.03643,36.78062],[-86.03509,36.78342],[-86.03523,36.78508],[-86.03548,36.78616],[-86.037,36.78747],[-86.03799,36.78921],[-86.04003,36.79017],[-86.04312,36.79061],[-86.04653,36.79159]]]}},{"type":"Feature","properties":{"kind":"minor-water","name":"Line Creek","ftype":460,"lengthKm":1.18,"hu8":"05110002","pid":"56291920"},"geometry":{"type":"MultiLineString","coordinates":[[[-85.65282,36.60599],[-85.65404,36.607],[-85.65436,36.60792],[-85.65642,36.60941],[-85.65943,36.61232],[-85.65987,36.61317],[-85.66118,36.61394]]]}},{"type":"Feature","properties":{"kind":"minor-water","name":"Mill Creek","ftype":460,"lengthKm":1.05,"hu8":"05110002","pid":"56291019"},"geometry":{"type":"MultiLineString","coordinates":[[[-85.70586,36.6856],[-85.70725,36.6849],[-85.70742,36.68377],[-85.70921,36.68158],[-85.71162,36.6796],[-85.71236,36.67808]]]}},{"type":"Feature","properties":{"kind":"minor-water","name":"Coruth Branch","ftype":460,"lengthKm":0.15,"hu8":"05110002","pid":"56304929"},"geometry":{"type":"MultiLineString","coordinates":[[[-85.98705,36.68976],[-85.98818,36.68875]]]}},{"type":"Feature","properties":{"kind":"minor-water","name":"Caney Fork","ftype":460,"lengthKm":0.64,"hu8":"05110002","pid":"56289346"},"geometry":{"type":"MultiLineString","coordinates":[[[-85.94015,36.84847],[-85.94241,36.84867],[-85.94462,36.84744],[-85.94682,36.84746]]]}},{"type":"Feature","properties":{"kind":"minor-water","name":"Little Salt Lick Creek","ftype":460,"lengthKm":0.3,"hu8":"05110002","pid":"56293385"},"geometry":{"type":"MultiLineString","coordinates":[[[-85.81358,36.56471],[-85.81371,36.56592],[-85.8145,36.56728]]]}},{"type":"Feature","properties":{"kind":"minor-water","name":"Puncheon Creek","ftype":460,"lengthKm":0.79,"hu8":"05110002","pid":"56293396"},"geometry":{"type":"MultiLineString","coordinates":[[[-86.02918,36.58222],[-86.02784,36.58474],[-86.02798,36.58676],[-86.02738,36.58827],[-86.02803,36.58877]]]}},{"type":"Feature","properties":{"kind":"minor-water","name":"Little Muddy Creek","ftype":460,"lengthKm":0.55,"hu8":"05110002","pid":"56286273"},"geometry":{"type":"MultiLineString","coordinates":[[[-86.65535,37.1616],[-86.65343,37.16253],[-86.65349,37.16381],[-86.65302,37.16442],[-86.65162,37.16442]]]}},{"type":"Feature","properties":{"kind":"minor-water","name":"Hocker Branch","ftype":460,"lengthKm":1.48,"hu8":"05110002","pid":"56286357"},"geometry":{"type":"MultiLineString","coordinates":[[[-86.64848,37.114],[-86.64861,37.11536],[-86.6482,37.11665],[-86.649,37.11779],[-86.64998,37.12097],[-86.64531,37.1257]]]}},{"type":"Feature","properties":{"kind":"minor-water","name":"Little Muddy Creek","ftype":460,"lengthKm":0.09,"hu8":"05110002","pid":"56286833"},"geometry":{"type":"MultiLineString","coordinates":[[[-86.68783,37.07758],[-86.68751,37.07835]]]}},{"type":"Feature","properties":{"kind":"minor-water","name":"Difficult Creek","ftype":460,"lengthKm":0.2,"hu8":"05110002","pid":"56289215"},"geometry":{"type":"MultiLineString","coordinates":[[[-86.15378,36.87456],[-86.15503,36.8761]]]}},{"type":"Feature","properties":{"kind":"minor-water","name":"Wiggington Creek","ftype":460,"lengthKm":0.78,"hu8":"05110002","pid":"56289591"},"geometry":{"type":"MultiLineString","coordinates":[[[-86.77999,36.89527],[-86.77926,36.89567],[-86.77678,36.89592],[-86.77541,36.89788],[-86.7729,36.8974]]]}},{"type":"Feature","properties":{"kind":"minor-water","name":"North Prong Bays Fork","ftype":460,"lengthKm":0.81,"hu8":"05110002","pid":"56290105"},"geometry":{"type":"MultiLineString","coordinates":[[[-86.17654,36.80512],[-86.17852,36.80554],[-86.17951,36.80541],[-86.18061,36.80609],[-86.18222,36.80598],[-86.18343,36.8063],[-86.18399,36.80662],[-86.18391,36.80716],[-86.18424,36.80733]]]}},{"type":"Feature","properties":{"kind":"minor-water","name":"Wilson Branch","ftype":460,"lengthKm":0.45,"hu8":"05110002","pid":"56293881"},"geometry":{"type":"MultiLineString","coordinates":[[[-85.79674,36.54549],[-85.79305,36.54828]]]}},{"type":"Feature","properties":{"kind":"minor-water","name":"Trammel Creek","ftype":558,"lengthKm":0.39,"hu8":"05110002","pid":"56289771"},"geometry":{"type":"MultiLineString","coordinates":[[[-86.36557,36.84978],[-86.36396,36.84978],[-86.3627,36.85174]]]}},{"type":"Feature","properties":{"kind":"minor-water","name":"Barren River","ftype":558,"lengthKm":1,"hu8":"05110002","pid":"56286519"},"geometry":{"type":"MultiLineString","coordinates":[[[-86.54684,37.09634],[-86.55182,37.09483],[-86.55456,37.09529],[-86.55737,37.09639]]]}},{"type":"Feature","properties":{"kind":"minor-water","name":"Gasper River","ftype":558,"lengthKm":3.99,"hu8":"05110002","pid":"56288199"},"geometry":{"type":"MultiLineString","coordinates":[[[-86.68203,36.97839],[-86.68144,36.9782],[-86.68129,36.97777],[-86.6808,36.97774],[-86.67595,36.9797],[-86.67788,36.98248],[-86.67932,36.98554],[-86.68401,36.98944],[-86.68389,36.99],[-86.68321,36.9905],[-86.68211,36.99053],[-86.67843,36.98985],[-86.6765,36.99026],[-86.67295,36.99039],[-86.67178,36.98871],[-86.67253,36.98528],[-86.67257,36.98246],[-86.67223,36.98209]]]}},{"type":"Feature","properties":{"kind":"minor-water","name":"Barren River","ftype":558,"lengthKm":0.03,"hu8":"05110002","pid":"56288269"},"geometry":{"type":"MultiLineString","coordinates":[[[-86.25619,36.94179],[-86.2563,36.94156]]]}},{"type":"Feature","properties":{"kind":"minor-water","name":"Barren River","ftype":558,"lengthKm":0.19,"hu8":"05110002","pid":"56288292"},"geometry":{"type":"MultiLineString","coordinates":[[[-86.30357,36.94617],[-86.305,36.94485]]]}},{"type":"Feature","properties":{"kind":"minor-water","name":"West Fork Drakes Creek","ftype":558,"lengthKm":0.22,"hu8":"05110002","pid":"56292114"},"geometry":{"type":"MultiLineString","coordinates":[[[-86.50956,36.66699],[-86.5105,36.66791],[-86.51141,36.66829]]]}},{"type":"Feature","properties":{"kind":"minor-water","name":"Barren River","ftype":558,"lengthKm":0.51,"hu8":"05110002","pid":"56291217"},"geometry":{"type":"MultiLineString","coordinates":[[[-85.98583,36.68471],[-85.98694,36.68599],[-85.98729,36.68805],[-85.98824,36.68866]]]}},{"type":"Feature","properties":{"kind":"minor-water","name":"Barren River","ftype":558,"lengthKm":0.53,"hu8":"05110002","pid":"56291290"},"geometry":{"type":"MultiLineString","coordinates":[[[-86.01022,36.68293],[-86.01038,36.68363],[-86.0091,36.68395],[-86.00875,36.68434],[-86.00992,36.68476],[-86.01174,36.6847]]]}},{"type":"Feature","properties":{"kind":"minor-water","name":"Long Fork","ftype":558,"lengthKm":0.74,"hu8":"05110002","pid":"56291674"},"geometry":{"type":"MultiLineString","coordinates":[[[-85.92126,36.64209],[-85.92141,36.644],[-85.92105,36.64556],[-85.92025,36.6459],[-85.91718,36.64585]]]}},{"type":"Feature","properties":{"kind":"minor-water","name":"Chicken Branch","ftype":460,"lengthKm":0.8,"hu8":"05110002","pid":"56292119"},"geometry":{"type":"MultiLineString","coordinates":[[[-85.82599,36.61056],[-85.82505,36.61127],[-85.82346,36.61161],[-85.82128,36.6116],[-85.81972,36.61128],[-85.81749,36.61141]]]}},{"type":"Feature","properties":{"kind":"minor-water","name":"Flag Lick Creek","ftype":460,"lengthKm":1.68,"hu8":"05110002","pid":"56291365"},"geometry":{"type":"MultiLineString","coordinates":[[[-86.1723,36.7005],[-86.17627,36.69785],[-86.1798,36.69464],[-86.18204,36.69368],[-86.18389,36.69352],[-86.18508,36.69264],[-86.18717,36.69176]]]}},{"type":"Feature","properties":{"kind":"minor-water","name":"Raccoon Branch","ftype":460,"lengthKm":0.74,"hu8":"05110002","pid":"56287002"},"geometry":{"type":"MultiLineString","coordinates":[[[-85.78167,36.98623],[-85.78076,36.98748],[-85.78043,36.98928],[-85.78075,36.9909],[-85.78008,36.9926]]]}},{"type":"Feature","properties":{"kind":"minor-water","name":"Little Muddy Creek","ftype":460,"lengthKm":1.06,"hu8":"05110002","pid":"56286590"},"geometry":{"type":"MultiLineString","coordinates":[[[-86.67153,37.09801],[-86.67167,37.09872],[-86.67266,37.09956],[-86.6742,37.09896],[-86.67632,37.09956],[-86.6787,37.09977],[-86.68025,37.10056],[-86.68107,37.10016],[-86.68143,37.10032]]]}},{"type":"Feature","properties":{"kind":"minor-water","name":"Rays Branch","ftype":460,"lengthKm":0.03,"hu8":"05110002","pid":"56286722"},"geometry":{"type":"MultiLineString","coordinates":[[[-86.4675,37.07099],[-86.46775,37.0712]]]}},{"type":"Feature","properties":{"kind":"minor-water","name":"Long Hungry Creek","ftype":460,"lengthKm":0.57,"hu8":"05110002","pid":"56291383"},"geometry":{"type":"MultiLineString","coordinates":[[[-86.03936,36.67906],[-86.03711,36.68006],[-86.03595,36.68136],[-86.03597,36.6822],[-86.03547,36.6827]]]}},{"type":"Feature","properties":{"kind":"minor-water","name":"Caney Fork","ftype":460,"lengthKm":0.47,"hu8":"05110002","pid":"56289424"},"geometry":{"type":"MultiLineString","coordinates":[[[-85.90648,36.83929],[-85.9085,36.83992],[-85.90903,36.8398],[-85.91118,36.84097]]]}},{"type":"Feature","properties":{"kind":"minor-water","name":"Solomon Creek","ftype":460,"lengthKm":0.5,"hu8":"05110002","pid":"56289668"},"geometry":{"type":"MultiLineString","coordinates":[[[-86.12606,36.83894],[-86.12807,36.84317]]]}},{"type":"Feature","properties":{"kind":"minor-water","name":"Belcher Creek","ftype":460,"lengthKm":1.39,"hu8":"05110002","pid":"56289794"},"geometry":{"type":"MultiLineString","coordinates":[[[-85.7159,36.79398],[-85.71604,36.79515],[-85.71752,36.79631],[-85.71702,36.79709],[-85.71774,36.79822],[-85.7189,36.79865],[-85.72137,36.80026],[-85.72377,36.801],[-85.72527,36.80249]]]}},{"type":"Feature","properties":{"kind":"minor-water","name":"Johns Creek","ftype":460,"lengthKm":2.36,"hu8":"05110002","pid":"56291198"},"geometry":{"type":"MultiLineString","coordinates":[[[-86.31278,36.71279],[-86.31532,36.71329],[-86.31734,36.71453],[-86.31889,36.71487],[-86.31921,36.71519],[-86.32059,36.71928],[-86.32065,36.72283],[-86.3217,36.72416],[-86.32229,36.72753],[-86.32219,36.7289],[-86.32277,36.73011]]]}},{"type":"Feature","properties":{"kind":"minor-water","name":"Mill Creek","ftype":460,"lengthKm":0.75,"hu8":"05110002","pid":"56291314"},"geometry":{"type":"MultiLineString","coordinates":[[[-85.6688,36.65234],[-85.67219,36.65524],[-85.67354,36.65698],[-85.67358,36.65769]]]}},{"type":"Feature","properties":{"kind":"minor-water","name":"Tooley Branch","ftype":460,"lengthKm":1.27,"hu8":"05110002","pid":"56294209"},"geometry":{"type":"MultiLineString","coordinates":[[[-86.20054,36.56325],[-86.20052,36.56414],[-86.19989,36.56475],[-86.19993,36.56593],[-86.19927,36.56659],[-86.19809,36.5699],[-86.19702,36.57101],[-86.19596,36.57377]]]}},{"type":"Feature","properties":{"kind":"minor-water","name":"Middle Fork Drakes Creek","ftype":460,"lengthKm":1.34,"hu8":"05110002","pid":"56294312"},"geometry":{"type":"MultiLineString","coordinates":[[[-86.32091,36.56642],[-86.32237,36.56902],[-86.32352,36.56941],[-86.32426,36.57065],[-86.32646,36.57241],[-86.32848,36.57524],[-86.32876,36.57628]]]}},{"type":"Feature","properties":{"kind":"minor-water","name":"Beaver Creek","ftype":558,"lengthKm":0.34,"hu8":"05110002","pid":"56286903"},"geometry":{"type":"MultiLineString","coordinates":[[[-85.99143,37.01924],[-85.99035,37.01629]]]}},{"type":"Feature","properties":{"kind":"minor-water","name":"Barren River","ftype":558,"lengthKm":0.26,"hu8":"05110002","pid":"56288302"},"geometry":{"type":"MultiLineString","coordinates":[[[-86.13617,36.93207],[-86.13888,36.93117]]]}},{"type":"Feature","properties":{"kind":"minor-water","name":"Drakes Creek","ftype":558,"lengthKm":0.65,"hu8":"05110002","pid":"56289106"},"geometry":{"type":"MultiLineString","coordinates":[[[-86.38288,36.902],[-86.38436,36.9025],[-86.38571,36.90205],[-86.38639,36.90214],[-86.38676,36.9028],[-86.38676,36.90496]]]}},{"type":"Feature","properties":{"kind":"minor-water","name":"Line Creek","ftype":558,"lengthKm":0.91,"hu8":"05110002","pid":"56291642"},"geometry":{"type":"MultiLineString","coordinates":[[[-85.81762,36.63734],[-85.82021,36.63776],[-85.82058,36.63866],[-85.81965,36.63973],[-85.81568,36.64182]]]}},{"type":"Feature","properties":{"kind":"minor-water","name":"Salt Lick Creek","ftype":558,"lengthKm":0.11,"hu8":"05110002","pid":"56291644"},"geometry":{"type":"MultiLineString","coordinates":[[[-85.91718,36.64585],[-85.9163,36.64648]]]}},{"type":"Feature","properties":{"kind":"minor-water","name":"Barren River","ftype":558,"lengthKm":1.47,"hu8":"05110002","pid":"56291401"},"geometry":{"type":"MultiLineString","coordinates":[[[-85.8195,36.65981],[-85.82146,36.66039],[-85.82799,36.66058],[-85.83061,36.66027],[-85.83296,36.66046],[-85.83573,36.66002]]]}},{"type":"Feature","properties":{"kind":"minor-water","name":"East Fork Barren River","ftype":558,"lengthKm":1.22,"hu8":"05110002","pid":"56290736"},"geometry":{"type":"MultiLineString","coordinates":[[[-85.76295,36.71883],[-85.7656,36.7168],[-85.76573,36.7157],[-85.76625,36.71544],[-85.76633,36.71482],[-85.76731,36.71352],[-85.76854,36.71255],[-85.77019,36.71207],[-85.77079,36.71068]]]}},{"type":"Feature","properties":{"kind":"minor-water","name":"Richland Creek","ftype":460,"lengthKm":0.68,"hu8":"05110002","pid":"56286703"},"geometry":{"type":"MultiLineString","coordinates":[[[-86.72062,37.09211],[-86.71942,37.09309],[-86.71388,37.09483]]]}},{"type":"Feature","properties":{"kind":"minor-water","name":"Little Beaver Creek","ftype":460,"lengthKm":0.61,"hu8":"05110002","pid":"56287072"},"geometry":{"type":"MultiLineString","coordinates":[[[-86.01896,37.00068],[-86.01729,37.00599]]]}},{"type":"Feature","properties":{"kind":"minor-water","name":"Difficult Creek","ftype":460,"lengthKm":0.39,"hu8":"05110002","pid":"56289558"},"geometry":{"type":"MultiLineString","coordinates":[[[-86.15758,36.84924],[-86.15691,36.85131],[-86.15641,36.8518],[-86.15556,36.852]]]}},{"type":"Feature","properties":{"kind":"minor-water","name":"Hurricane Creek","ftype":460,"lengthKm":0.47,"hu8":"05110002","pid":"56291995"},"geometry":{"type":"MultiLineString","coordinates":[[[-85.71203,36.60696],[-85.71696,36.60853]]]}},{"type":"Feature","properties":{"kind":"minor-water","name":"Johns Creek","ftype":460,"lengthKm":2.53,"hu8":"05110002","pid":"56294364"},"geometry":{"type":"MultiLineString","coordinates":[[[-86.03724,36.5401],[-86.04002,36.54101],[-86.04299,36.54297],[-86.04328,36.54409],[-86.04525,36.54581],[-86.04675,36.54794],[-86.04883,36.54904],[-86.04991,36.54917],[-86.05158,36.54831],[-86.05264,36.54814],[-86.05408,36.54831],[-86.05565,36.54904],[-86.05611,36.54821],[-86.05783,36.54842],[-86.05889,36.54786]]]}},{"type":"Feature","properties":{"kind":"minor-water","name":"Long Hungry Creek","ftype":460,"lengthKm":0.45,"hu8":"05110002","pid":"56294673"},"geometry":{"type":"MultiLineString","coordinates":[[[-85.88866,36.50557],[-85.8882,36.50963]]]}},{"type":"Feature","properties":{"kind":"minor-water","name":"West Fork Drakes Creek","ftype":460,"lengthKm":0.78,"hu8":"05110002","pid":"56295161"},"geometry":{"type":"MultiLineString","coordinates":[[[-86.46812,36.48542],[-86.46991,36.4881],[-86.47082,36.49196]]]}},{"type":"Feature","properties":{"kind":"minor-water","name":"Beaver Creek","ftype":558,"lengthKm":0.58,"hu8":"05110002","pid":"56286598"},"geometry":{"type":"MultiLineString","coordinates":[[[-85.87756,37.03787],[-85.87735,37.03696],[-85.87772,37.03528],[-85.8791,37.03413],[-85.88027,37.03369]]]}},{"type":"Feature","properties":{"kind":"minor-water","name":"Barren River","ftype":558,"lengthKm":0.41,"hu8":"05110002","pid":"56288799"},"geometry":{"type":"MultiLineString","coordinates":[[[-86.16322,36.90664],[-86.1675,36.90805]]]}},{"type":"Feature","properties":{"kind":"minor-water","name":"Long Creek","ftype":558,"lengthKm":1.07,"hu8":"05110002","pid":"56290981"},"geometry":{"type":"MultiLineString","coordinates":[[[-86.08213,36.71283],[-86.08163,36.71336],[-86.07882,36.7148],[-86.07688,36.71685],[-86.07275,36.71862]]]}},{"type":"Feature","properties":{"kind":"minor-water","name":"Middle Fork Drakes Creek","ftype":558,"lengthKm":1.91,"hu8":"05110002","pid":"56291058"},"geometry":{"type":"MultiLineString","coordinates":[[[-86.38702,36.73095],[-86.38779,36.7315],[-86.38882,36.73343],[-86.39072,36.73555],[-86.39067,36.73646],[-86.39191,36.73988],[-86.39146,36.74252],[-86.39244,36.74541],[-86.39234,36.74691]]]}},{"type":"Feature","properties":{"kind":"minor-water","name":"Sulphur Fork Creek","ftype":558,"lengthKm":1.25,"hu8":"05110002","pid":"56291668"},"geometry":{"type":"MultiLineString","coordinates":[[[-86.41662,36.68315],[-86.41606,36.68449],[-86.41628,36.68523],[-86.41541,36.68604],[-86.41528,36.68713],[-86.41559,36.688],[-86.41523,36.68891],[-86.41526,36.6903],[-86.41448,36.69115],[-86.41418,36.69207],[-86.41438,36.69374]]]}},{"type":"Feature","properties":{"kind":"minor-water","name":"Barren River","ftype":558,"lengthKm":3.17,"hu8":"05110002","pid":"56287323"},"geometry":{"type":"MultiLineString","coordinates":[[[-86.43099,37.03189],[-86.43723,37.03095],[-86.44107,37.02939],[-86.44475,37.03036],[-86.4463,37.02905],[-86.44897,37.02567],[-86.44934,37.02461],[-86.44887,37.0227],[-86.44741,37.02055],[-86.44769,37.02005],[-86.44725,37.01631],[-86.44743,37.01505]]]}},{"type":"Feature","properties":{"kind":"minor-water","name":"Snake Creek","ftype":460,"lengthKm":0.39,"hu8":"05110002","pid":"56291785"},"geometry":{"type":"MultiLineString","coordinates":[[[-86.16067,36.6556],[-86.16128,36.6564],[-86.16137,36.65726],[-86.16106,36.65755],[-86.16169,36.65874]]]}},{"type":"Feature","properties":{"kind":"minor-water","name":"Trammel Creek","ftype":460,"lengthKm":0.63,"hu8":"05110002","pid":"56291972"},"geometry":{"type":"MultiLineString","coordinates":[[[-86.20452,36.6523],[-86.20464,36.65291],[-86.20563,36.65337],[-86.20431,36.65463],[-86.2051,36.65607],[-86.20517,36.65702]]]}},{"type":"Feature","properties":{"kind":"minor-water","name":"East Fork Barren River","ftype":558,"lengthKm":1.06,"hu8":"05110002","pid":"56290578"},"geometry":{"type":"MultiLineString","coordinates":[[[-85.75228,36.73214],[-85.7512,36.72975],[-85.75171,36.72906],[-85.75213,36.72669],[-85.75299,36.72613],[-85.75274,36.72483],[-85.75311,36.7233]]]}},{"type":"Feature","properties":{"kind":"minor-water","name":"White Oak Creek","ftype":460,"lengthKm":0.49,"hu8":"05110002","pid":"56292947"},"geometry":{"type":"MultiLineString","coordinates":[[[-85.97845,36.59318],[-85.97629,36.59361],[-85.97459,36.59489],[-85.97427,36.59559]]]}},{"type":"Feature","properties":{"kind":"minor-water","name":"Little Muddy Creek","ftype":460,"lengthKm":1.25,"hu8":"05110002","pid":"56286746"},"geometry":{"type":"MultiLineString","coordinates":[[[-86.67975,37.08443],[-86.67944,37.08536],[-86.68002,37.08691],[-86.67737,37.08909],[-86.67701,37.09153],[-86.67722,37.09473]]]}},{"type":"Feature","properties":{"kind":"minor-water","name":"Clear Fork Creek","ftype":460,"lengthKm":0,"hu8":"05110002","pid":"56288847"},"geometry":{"type":"MultiLineString","coordinates":[[[-86.6417,36.94287],[-86.64169,36.94291]]]}},{"type":"Feature","properties":{"kind":"minor-water","name":"Rock House Creek","ftype":460,"lengthKm":0.65,"hu8":"05110002","pid":"56288934"},"geometry":{"type":"MultiLineString","coordinates":[[[-86.77269,36.94514],[-86.77229,36.94729],[-86.77018,36.94844],[-86.76971,36.94827],[-86.76951,36.94852],[-86.76921,36.94827],[-86.76861,36.94856]]]}},{"type":"Feature","properties":{"kind":"minor-water","name":"Nobob Creek","ftype":460,"lengthKm":0.87,"hu8":"05110002","pid":"56289095"},"geometry":{"type":"MultiLineString","coordinates":[[[-85.78081,36.85363],[-85.78489,36.85325],[-85.78753,36.85352],[-85.78971,36.85513]]]}},{"type":"Feature","properties":{"kind":"minor-water","name":"Mill Creek","ftype":460,"lengthKm":1.26,"hu8":"05110002","pid":"56289589"},"geometry":{"type":"MultiLineString","coordinates":[[[-85.81751,36.82082],[-85.81551,36.82285],[-85.8149,36.82488],[-85.81487,36.8281],[-85.81381,36.82962],[-85.81397,36.83127]]]}},{"type":"Feature","properties":{"kind":"minor-water","name":"Indian Camp Branch","ftype":460,"lengthKm":1.03,"hu8":"05110002","pid":"56290231"},"geometry":{"type":"MultiLineString","coordinates":[[[-85.92438,36.77052],[-85.92583,36.77279],[-85.92631,36.77453],[-85.92621,36.77685],[-85.92688,36.77783],[-85.92699,36.77932]]]}},{"type":"Feature","properties":{"kind":"minor-water","name":"Bays Fork","ftype":460,"lengthKm":2.22,"hu8":"05110002","pid":"56290288"},"geometry":{"type":"MultiLineString","coordinates":[[[-86.19627,36.78927],[-86.19745,36.78889],[-86.1991,36.7889],[-86.20301,36.79192],[-86.20405,36.79145],[-86.2053,36.79157],[-86.20603,36.79109],[-86.20658,36.79121],[-86.20748,36.79194],[-86.20797,36.79313],[-86.21145,36.79628],[-86.21137,36.79682],[-86.21256,36.79858],[-86.21281,36.79963]]]}},{"type":"Feature","properties":{"kind":"minor-water","name":"Whitson Branch","ftype":460,"lengthKm":2.78,"hu8":"05110002","pid":"56294956"},"geometry":{"type":"MultiLineString","coordinates":[[[-86.42543,36.52475],[-86.4257,36.52589],[-86.42665,36.52683],[-86.42616,36.52835],[-86.42656,36.53035],[-86.4271,36.53112],[-86.42699,36.53192],[-86.4278,36.5327],[-86.42866,36.53429],[-86.43004,36.53553],[-86.43093,36.53934],[-86.43184,36.53973],[-86.43202,36.54056],[-86.43312,36.54218],[-86.43328,36.54327],[-86.43174,36.54432],[-86.43142,36.54614],[-86.43066,36.54692]]]}},{"type":"Feature","properties":{"kind":"minor-water","name":"Gasper River","ftype":558,"lengthKm":0.34,"hu8":"05110002","pid":"56288060"},"geometry":{"type":"MultiLineString","coordinates":[[[-86.67093,36.98321],[-86.67055,36.9839],[-86.66946,36.9846],[-86.66917,36.98574]]]}},{"type":"Feature","properties":{"kind":"minor-water","name":"Skaggs Creek","ftype":558,"lengthKm":0.04,"hu8":"05110002","pid":"56288110"},"geometry":{"type":"MultiLineString","coordinates":[[[-85.90925,36.91974],[-85.90916,36.92012]]]}},{"type":"Feature","properties":{"kind":"minor-water","name":"Clear Fork Creek","ftype":558,"lengthKm":0.16,"hu8":"05110002","pid":"56288638"},"geometry":{"type":"MultiLineString","coordinates":[[[-86.63446,36.95441],[-86.63372,36.95472],[-86.63329,36.95545]]]}},{"type":"Feature","properties":{"kind":"minor-water","name":"Trammel Creek","ftype":558,"lengthKm":1.58,"hu8":"05110002","pid":"56290001"},"geometry":{"type":"MultiLineString","coordinates":[[[-86.33039,36.82627],[-86.33227,36.82842],[-86.33446,36.82971],[-86.3387,36.83149],[-86.34044,36.83253],[-86.34296,36.83264],[-86.34486,36.83357]]]}},{"type":"Feature","properties":{"kind":"minor-water","name":"East Fork Barren River","ftype":558,"lengthKm":0.39,"hu8":"05110002","pid":"56290775"},"geometry":{"type":"MultiLineString","coordinates":[[[-85.77079,36.71068],[-85.77113,36.70888],[-85.77008,36.70739]]]}},{"type":"Feature","properties":{"kind":"minor-water","name":"Sharps Branch","ftype":460,"lengthKm":0.36,"hu8":"05110002","pid":"56291913"},"geometry":{"type":"MultiLineString","coordinates":[[[-86.58512,36.68364],[-86.58119,36.68301]]]}},{"type":"Feature","properties":{"kind":"minor-water","name":"Little Trammel Creek","ftype":558,"lengthKm":0.23,"hu8":"05110002","pid":"56291841"},"geometry":{"type":"MultiLineString","coordinates":[[[-86.25627,36.66058],[-86.25616,36.6616],[-86.25673,36.66254]]]}},{"type":"Feature","properties":{"kind":"minor-water","name":"Rough Creek","ftype":460,"lengthKm":1.65,"hu8":"05110002","pid":"56291451"},"geometry":{"type":"MultiLineString","coordinates":[[[-86.17383,36.68453],[-86.1748,36.68504],[-86.17593,36.68461],[-86.17684,36.68465],[-86.17789,36.68571],[-86.17848,36.68715],[-86.18078,36.68775],[-86.18055,36.68831],[-86.18076,36.68878],[-86.18262,36.69046],[-86.18351,36.69089],[-86.18624,36.69106],[-86.18717,36.69176]]]}},{"type":"Feature","properties":{"kind":"minor-water","name":"South Fork Indian Creek","ftype":460,"lengthKm":1.66,"hu8":"05110002","pid":"56290809"},"geometry":{"type":"MultiLineString","coordinates":[[[-85.82068,36.71814],[-85.82167,36.71666],[-85.82382,36.71564],[-85.82445,36.715],[-85.82538,36.71467],[-85.82793,36.71501],[-85.82884,36.71473],[-85.83217,36.7124],[-85.83463,36.70981]]]}},{"type":"Feature","properties":{"kind":"minor-water","name":"Bethel Branch","ftype":460,"lengthKm":1.49,"hu8":"05110002","pid":"56290647"},"geometry":{"type":"MultiLineString","coordinates":[[[-85.87949,36.7424],[-85.88103,36.74012],[-85.881,36.73835],[-85.88179,36.73707],[-85.88194,36.73228],[-85.88269,36.73155],[-85.88246,36.73104],[-85.88202,36.73095],[-85.88196,36.72995]]]}},{"type":"Feature","properties":{"kind":"minor-water","name":"Glover Creek","ftype":460,"lengthKm":0.9,"hu8":"05110002","pid":"56288402"},"geometry":{"type":"MultiLineString","coordinates":[[[-85.6943,36.89021],[-85.69599,36.89146],[-85.69874,36.89192],[-85.70123,36.89535]]]}},{"type":"Feature","properties":{"kind":"minor-water","name":"White Oak Creek","ftype":460,"lengthKm":1.97,"hu8":"05110002","pid":"56286741"},"geometry":{"type":"MultiLineString","coordinates":[[[-85.74124,37.01618],[-85.74301,37.01616],[-85.74397,37.01555],[-85.74448,37.01599],[-85.74524,37.01597],[-85.74568,37.0165],[-85.74611,37.01643],[-85.74657,37.01718],[-85.74761,37.01708],[-85.7474,37.01668],[-85.74812,37.01643],[-85.74852,37.01677],[-85.74892,37.01642],[-85.74864,37.01613],[-85.74985,37.01576],[-85.75022,37.01508],[-85.75097,37.01161],[-85.75205,37.0104],[-85.75463,37.0094]]]}},{"type":"Feature","properties":{"kind":"minor-water","name":"Hunt Branch","ftype":460,"lengthKm":0.4,"hu8":"05110002","pid":"56290197"},"geometry":{"type":"MultiLineString","coordinates":[[[-85.97434,36.78001],[-85.97581,36.77972],[-85.97647,36.77893],[-85.97829,36.77896]]]}},{"type":"Feature","properties":{"kind":"minor-water","name":"Isenburg Branch","ftype":460,"lengthKm":2.58,"hu8":"05110002","pid":"56290766"},"geometry":{"type":"MultiLineString","coordinates":[[[-85.80927,36.72204],[-85.8092,36.72165],[-85.80746,36.72011],[-85.80607,36.71749],[-85.80623,36.7162],[-85.80687,36.71556],[-85.8074,36.71408],[-85.80582,36.71264],[-85.80195,36.71147],[-85.79099,36.71326]]]}},{"type":"Feature","properties":{"kind":"minor-water","name":"Long Hungry Creek","ftype":460,"lengthKm":0.76,"hu8":"05110002","pid":"56291570"},"geometry":{"type":"MultiLineString","coordinates":[[[-86.05133,36.66412],[-86.05057,36.66578],[-86.05,36.66603],[-86.05053,36.66842],[-86.0488,36.66999]]]}},{"type":"Feature","properties":{"kind":"minor-water","name":"Line Creek","ftype":460,"lengthKm":0.01,"hu8":"05110002","pid":"56292014"},"geometry":{"type":"MultiLineString","coordinates":[[[-85.79304,36.6131],[-85.79304,36.61323]]]}},{"type":"Feature","properties":{"kind":"minor-water","name":"Spring Creek","ftype":460,"lengthKm":1.24,"hu8":"05110002","pid":"56293691"},"geometry":{"type":"MultiLineString","coordinates":[[[-86.05962,36.57418],[-86.05808,36.57526],[-86.05673,36.57581],[-86.05562,36.57579],[-86.05258,36.57725],[-86.05059,36.57939],[-86.04955,36.57931],[-86.04868,36.58011]]]}},{"type":"Feature","properties":{"kind":"minor-water","name":"West Prong Caney Fork Creek","ftype":460,"lengthKm":2.74,"hu8":"05110002","pid":"56295052"},"geometry":{"type":"MultiLineString","coordinates":[[[-86.39167,36.51204],[-86.38982,36.51172],[-86.38761,36.51202],[-86.38682,36.51247],[-86.38455,36.51542],[-86.38243,36.51918],[-86.38269,36.52062],[-86.38397,36.52337],[-86.38429,36.52476],[-86.384,36.52532],[-86.38697,36.52993],[-86.38719,36.53124]]]}},{"type":"Feature","properties":{"kind":"minor-water","name":"Barren River","ftype":558,"lengthKm":0.06,"hu8":"05110002","pid":"56288735"},"geometry":{"type":"MultiLineString","coordinates":[[[-86.20336,36.91434],[-86.20322,36.91382]]]}},{"type":"Feature","properties":{"kind":"minor-water","name":"Skaggs Creek","ftype":558,"lengthKm":1.39,"hu8":"05110002","pid":"56288944"},"geometry":{"type":"MultiLineString","coordinates":[[[-85.82921,36.87174],[-85.82981,36.87124],[-85.83051,36.86863],[-85.83093,36.86837],[-85.83281,36.86889],[-85.83634,36.8719],[-85.84008,36.87202]]]}},{"type":"Feature","properties":{"kind":"minor-water","name":"Cable Branch","ftype":558,"lengthKm":0.07,"hu8":"05110002","pid":"56290195"},"geometry":{"type":"MultiLineString","coordinates":[[[-85.77042,36.76209],[-85.77019,36.76147]]]}},{"type":"Feature","properties":{"kind":"minor-water","name":"Trammel Creek","ftype":558,"lengthKm":1.75,"hu8":"05110002","pid":"56290549"},"geometry":{"type":"MultiLineString","coordinates":[[[-86.30698,36.77308],[-86.30991,36.77401],[-86.31476,36.77463],[-86.31489,36.77581],[-86.31368,36.77862],[-86.31371,36.78172],[-86.3142,36.78373]]]}},{"type":"Feature","properties":{"kind":"minor-water","name":"West Fork Drakes Creek","ftype":558,"lengthKm":1.13,"hu8":"05110002","pid":"56291895"},"geometry":{"type":"MultiLineString","coordinates":[[[-86.51716,36.68446],[-86.51832,36.68515],[-86.52006,36.68463],[-86.52193,36.68274],[-86.52378,36.68002],[-86.52497,36.67955],[-86.52612,36.67971]]]}},{"type":"Feature","properties":{"kind":"minor-water","name":"Little Trammel Creek","ftype":460,"lengthKm":1.24,"hu8":"05110002","pid":"56292250"},"geometry":{"type":"MultiLineString","coordinates":[[[-86.26352,36.64128],[-86.26326,36.64269],[-86.26415,36.64589],[-86.26373,36.64716],[-86.26292,36.64802],[-86.2628,36.65051],[-86.26143,36.65168]]]}},{"type":"Feature","properties":{"kind":"minor-water","name":"Hanging Fork Branch Buck Creek","ftype":460,"lengthKm":1.05,"hu8":"05110002","pid":"56288183"},"geometry":{"type":"MultiLineString","coordinates":[[[-86.11727,36.93184],[-86.11984,36.93222],[-86.12204,36.93293],[-86.12335,36.93375],[-86.12583,36.93407],[-86.12664,36.93472],[-86.12795,36.93522]]]}},{"type":"Feature","properties":{"kind":"minor-water","name":"Little Muddy Creek","ftype":460,"lengthKm":0.62,"hu8":"05110002","pid":"56286577"},"geometry":{"type":"MultiLineString","coordinates":[[[-86.68143,37.10032],[-86.68099,37.10111],[-86.68111,37.10272],[-86.67948,37.10425],[-86.67993,37.10524]]]}},{"type":"Feature","properties":{"kind":"minor-water","name":"Neils Creek","ftype":460,"lengthKm":1.17,"hu8":"05110002","pid":"56287778"},"geometry":{"type":"MultiLineString","coordinates":[[[-86.6765,37.00798],[-86.67595,37.00734],[-86.67632,37.00575],[-86.67584,37.00429],[-86.67681,37.00361],[-86.67773,37.00349],[-86.67778,37.0029],[-86.67556,37.00211],[-86.67415,37.00012]]]}},{"type":"Feature","properties":{"kind":"minor-water","name":"Trammel Creek","ftype":460,"lengthKm":1.2,"hu8":"05110002","pid":"56291309"},"geometry":{"type":"MultiLineString","coordinates":[[[-86.23607,36.70227],[-86.23758,36.70294],[-86.23968,36.70207],[-86.24026,36.70134],[-86.24027,36.70071],[-86.24199,36.70048],[-86.24484,36.70113],[-86.24728,36.70229]]]}},{"type":"Feature","properties":{"kind":"minor-water","name":"Johns Creek","ftype":460,"lengthKm":0.96,"hu8":"05110002","pid":"56290676"},"geometry":{"type":"MultiLineString","coordinates":[[[-86.30748,36.7658],[-86.30665,36.76646],[-86.30577,36.76838],[-86.30534,36.77088],[-86.30496,36.77145],[-86.3058,36.77237],[-86.30677,36.77246],[-86.307,36.77298]]]}},{"type":"Feature","properties":{"kind":"minor-water","name":"Line Creek","ftype":460,"lengthKm":0.09,"hu8":"05110002","pid":"56291926"},"geometry":{"type":"MultiLineString","coordinates":[[[-85.65181,36.60576],[-85.65282,36.60599]]]}},{"type":"Feature","properties":{"kind":"minor-water","name":"Dutch Creek","ftype":460,"lengthKm":0.34,"hu8":"05110002","pid":"56293994"},"geometry":{"type":"MultiLineString","coordinates":[[[-86.29071,36.58147],[-86.29193,36.58324],[-86.29288,36.58389]]]}},{"type":"Feature","properties":{"kind":"minor-water","name":"Barren River","ftype":558,"lengthKm":2.86,"hu8":"05110002","pid":"56287036"},"geometry":{"type":"MultiLineString","coordinates":[[[-86.4753,37.04018],[-86.47227,37.04026],[-86.46733,37.0417],[-86.46385,37.04311],[-86.4632,37.04432],[-86.46476,37.04646],[-86.46785,37.04826],[-86.47248,37.05212],[-86.47703,37.0531]]]}},{"type":"Feature","properties":{"kind":"minor-water","name":"Boyds Creek","ftype":558,"lengthKm":0.11,"hu8":"05110002","pid":"56288072"},"geometry":{"type":"MultiLineString","coordinates":[[[-85.96014,36.92642],[-85.96106,36.92581]]]}},{"type":"Feature","properties":{"kind":"minor-water","name":"Skaggs Creek","ftype":558,"lengthKm":1.25,"hu8":"05110002","pid":"56288472"},"geometry":{"type":"MultiLineString","coordinates":[[[-85.95478,36.91042],[-85.95892,36.90967],[-85.96056,36.91011],[-85.9626,36.91165],[-85.9633,36.91264],[-85.96382,36.91431],[-85.96333,36.91497],[-85.96344,36.91552]]]}},{"type":"Feature","properties":{"kind":"minor-water","name":"Drakes Creek","ftype":558,"lengthKm":0.26,"hu8":"05110002","pid":"56288512"},"geometry":{"type":"MultiLineString","coordinates":[[[-86.40774,36.94418],[-86.40773,36.94543],[-86.40712,36.94637]]]}},{"type":"Feature","properties":{"kind":"minor-water","name":"Gasper River","ftype":558,"lengthKm":0.82,"hu8":"05110002","pid":"56288911"},"geometry":{"type":"MultiLineString","coordinates":[[[-86.71545,36.94308],[-86.71575,36.94405],[-86.71628,36.94452],[-86.7166,36.94606],[-86.71578,36.94896],[-86.7143,36.94931]]]}},{"type":"Feature","properties":{"kind":"minor-water","name":"Trammel Creek","ftype":558,"lengthKm":3,"hu8":"05110002","pid":"56290211"},"geometry":{"type":"MultiLineString","coordinates":[[[-86.3364,36.80661],[-86.33459,36.80906],[-86.33164,36.81027],[-86.3271,36.81113],[-86.32646,36.81187],[-86.32648,36.81252],[-86.32824,36.81366],[-86.33032,36.81394],[-86.33307,36.81372],[-86.33387,36.81234],[-86.33451,36.81203],[-86.33611,36.81193],[-86.33935,36.81243],[-86.34018,36.81276],[-86.34078,36.8146],[-86.34177,36.81619]]]}},{"type":"Feature","properties":{"kind":"minor-water","name":"West Fork Drakes Creek","ftype":558,"lengthKm":0.28,"hu8":"05110002","pid":"56293078"},"geometry":{"type":"MultiLineString","coordinates":[[[-86.49098,36.63093],[-86.4921,36.63193],[-86.4927,36.633]]]}},{"type":"Feature","properties":{"kind":"minor-water","name":"Happy Hollow Branch","ftype":460,"lengthKm":1.35,"hu8":"05110002","pid":"56288905"},"geometry":{"type":"MultiLineString","coordinates":[[[-85.86939,36.86691],[-85.8685,36.86922],[-85.86775,36.86976],[-85.86691,36.87104],[-85.86655,36.872],[-85.86672,36.87382],[-85.86457,36.87813]]]}},{"type":"Feature","properties":{"kind":"minor-water","name":"Jennings Creek","ftype":460,"lengthKm":1.24,"hu8":"05110002","pid":"56287387"},"geometry":{"type":"MultiLineString","coordinates":[[[-86.47045,37.01076],[-86.46896,37.01218],[-86.46895,37.01267],[-86.46977,37.01322],[-86.47258,37.01279],[-86.47271,37.01364],[-86.47214,37.01475],[-86.46992,37.01628],[-86.46912,37.01742]]]}},{"type":"Feature","properties":{"kind":"minor-water","name":"West Fork Long Creek","ftype":460,"lengthKm":0.87,"hu8":"05110002","pid":"56294071"},"geometry":{"type":"MultiLineString","coordinates":[[[-86.16041,36.56708],[-86.1602,36.56851],[-86.15898,36.56996],[-86.15923,36.57112],[-86.15893,36.57242],[-86.15808,36.57347],[-86.15803,36.57437]]]}},{"type":"Feature","properties":{"kind":"minor-water","name":"Glover Creek","ftype":460,"lengthKm":0.31,"hu8":"05110002","pid":"56290435"},"geometry":{"type":"MultiLineString","coordinates":[[[-85.97189,36.75677],[-85.97267,36.75791],[-85.97405,36.75892]]]}},{"type":"Feature","properties":{"kind":"minor-water","name":"Long Branch","ftype":460,"lengthKm":0.78,"hu8":"05110002","pid":"56291546"},"geometry":{"type":"MultiLineString","coordinates":[[[-85.73998,36.64019],[-85.74469,36.64305],[-85.74658,36.6448]]]}},{"type":"Feature","properties":{"kind":"minor-water","name":"Trammel Creek","ftype":460,"lengthKm":0.25,"hu8":"05110002","pid":"56291281"},"geometry":{"type":"MultiLineString","coordinates":[[[-86.24752,36.70243],[-86.24808,36.7031],[-86.24972,36.70373]]]}},{"type":"Feature","properties":{"kind":"minor-water","name":"Little Trace Creek","ftype":460,"lengthKm":1.07,"hu8":"05110002","pid":"56292176"},"geometry":{"type":"MultiLineString","coordinates":[[[-85.76308,36.60261],[-85.7645,36.60269],[-85.7671,36.60417],[-85.76889,36.60463],[-85.77054,36.60412],[-85.77114,36.6055],[-85.77271,36.60632]]]}},{"type":"Feature","properties":{"kind":"minor-water","name":"Clifty Creek","ftype":460,"lengthKm":0.9,"hu8":"05110002","pid":"56293607"},"geometry":{"type":"MultiLineString","coordinates":[[[-86.1305,36.57924],[-86.12977,36.57994],[-86.12949,36.58105],[-86.12829,36.58212],[-86.12548,36.58279],[-86.1234,36.58437]]]}},{"type":"Feature","properties":{"kind":"minor-water","name":"Salt Lick Creek","ftype":460,"lengthKm":0.63,"hu8":"05110002","pid":"56294704"},"geometry":{"type":"MultiLineString","coordinates":[[[-85.84853,36.497],[-85.84803,36.49859],[-85.84683,36.49915],[-85.84751,36.50062],[-85.84695,36.50184]]]}},{"type":"Feature","properties":{"kind":"minor-water","name":"Beaver Creek","ftype":558,"lengthKm":2.12,"hu8":"05110002","pid":"56286814"},"geometry":{"type":"MultiLineString","coordinates":[[[-85.94569,37.01933],[-85.94631,37.01921],[-85.94694,37.01964],[-85.94722,37.02084],[-85.94636,37.02318],[-85.94376,37.02586],[-85.94438,37.02711],[-85.94771,37.02847],[-85.94887,37.02845],[-85.95025,37.02797],[-85.9522,37.02871],[-85.95402,37.02646]]]}},{"type":"Feature","properties":{"kind":"minor-water","name":"Barren River","ftype":558,"lengthKm":0.04,"hu8":"05110002","pid":"56288286"},"geometry":{"type":"MultiLineString","coordinates":[[[-86.1661,36.93368],[-86.16643,36.93389]]]}},{"type":"Feature","properties":{"kind":"minor-water","name":"West Fork Drakes Creek","ftype":558,"lengthKm":0.07,"hu8":"05110002","pid":"56291868"},"geometry":{"type":"MultiLineString","coordinates":[[[-86.51628,36.68068],[-86.51578,36.6812]]]}},{"type":"Feature","properties":{"kind":"minor-water","name":"Long Fork","ftype":558,"lengthKm":0.37,"hu8":"05110002","pid":"56292568"},"geometry":{"type":"MultiLineString","coordinates":[[[-85.92094,36.60204],[-85.92118,36.60254],[-85.9224,36.60305],[-85.9245,36.60327]]]}},{"type":"Feature","properties":{"kind":"minor-water","name":"Barren River","ftype":558,"lengthKm":1.6,"hu8":"05110002","pid":"56288837"},"geometry":{"type":"MultiLineString","coordinates":[[[-86.13461,36.90287],[-86.13446,36.90445],[-86.13494,36.90559],[-86.13791,36.90846],[-86.14196,36.91363],[-86.14171,36.91538]]]}},{"type":"Feature","properties":{"kind":"minor-water","name":"Lick Creek","ftype":558,"lengthKm":0.04,"hu8":"05110002","pid":"56290420"},"geometry":{"type":"MultiLineString","coordinates":[[[-86.49486,36.80154],[-86.49443,36.80173]]]}},{"type":"Feature","properties":{"kind":"minor-water","name":"Middle Fork Drakes Creek","ftype":558,"lengthKm":0.02,"hu8":"05110002","pid":"56291367"},"geometry":{"type":"MultiLineString","coordinates":[[[-86.3748,36.70706],[-86.37499,36.70707]]]}},{"type":"Feature","properties":{"kind":"minor-water","name":"Casey Branch","ftype":460,"lengthKm":0.59,"hu8":"05110002","pid":"56291096"},"geometry":{"type":"MultiLineString","coordinates":[[[-86.20578,36.71823],[-86.20496,36.71426],[-86.20428,36.71314]]]}},{"type":"Feature","properties":{"kind":"minor-water","name":"Bailey Branch","ftype":460,"lengthKm":1.88,"hu8":"05110002","pid":"56287540"},"geometry":{"type":"MultiLineString","coordinates":[[[-85.8092,36.95807],[-85.80564,36.95452],[-85.80359,36.95091],[-85.80297,36.94884],[-85.80386,36.9463],[-85.80571,36.94482],[-85.80661,36.94349]]]}},{"type":"Feature","properties":{"kind":"minor-water","name":"Clifty Creek","ftype":460,"lengthKm":0.27,"hu8":"05110002","pid":"56286647"},"geometry":{"type":"MultiLineString","coordinates":[[[-86.61096,37.08908],[-86.6085,37.09055]]]}},{"type":"Feature","properties":{"kind":"minor-water","name":"Lick Creek","ftype":460,"lengthKm":0.46,"hu8":"05110002","pid":"56286944"},"geometry":{"type":"MultiLineString","coordinates":[[[-86.6336,37.06458],[-86.63357,37.0642],[-86.63458,37.064],[-86.63442,37.0628],[-86.63492,37.06214],[-86.63482,37.06186],[-86.63402,37.06164]]]}},{"type":"Feature","properties":{"kind":"minor-water","name":"Boyds Creek","ftype":460,"lengthKm":0.59,"hu8":"05110002","pid":"56287810"},"geometry":{"type":"MultiLineString","coordinates":[[[-85.93991,36.94411],[-85.94217,36.94188],[-85.94252,36.94116],[-85.94406,36.9401]]]}},{"type":"Feature","properties":{"kind":"minor-water","name":"Salt Lick Creek","ftype":460,"lengthKm":0.75,"hu8":"05110002","pid":"56287994"},"geometry":{"type":"MultiLineString","coordinates":[[[-86.53133,36.97594],[-86.53424,36.9797],[-86.53492,36.98192]]]}},{"type":"Feature","properties":{"kind":"minor-water","name":"Muncie Branch","ftype":460,"lengthKm":0.88,"hu8":"05110002","pid":"56289408"},"geometry":{"type":"MultiLineString","coordinates":[[[-85.72893,36.83077],[-85.72808,36.83007],[-85.72592,36.82906],[-85.7243,36.82862],[-85.72378,36.82582],[-85.724,36.8251]]]}},{"type":"Feature","properties":{"kind":"minor-water","name":"Burges Branch","ftype":460,"lengthKm":1.21,"hu8":"05110002","pid":"56289773"},"geometry":{"type":"MultiLineString","coordinates":[[[-85.8691,36.81725],[-85.87119,36.81608],[-85.87167,36.8147],[-85.87144,36.81306],[-85.87208,36.81263],[-85.87353,36.81056],[-85.87644,36.8091]]]}},{"type":"Feature","properties":{"kind":"minor-water","name":"Difficult Creek","ftype":460,"lengthKm":0.44,"hu8":"05110002","pid":"56290022"},"geometry":{"type":"MultiLineString","coordinates":[[[-86.14058,36.80827],[-86.14177,36.81105],[-86.14159,36.81205]]]}},{"type":"Feature","properties":{"kind":"minor-water","name":"Line Creek","ftype":460,"lengthKm":0.69,"hu8":"05110002","pid":"56291897"},"geometry":{"type":"MultiLineString","coordinates":[[[-85.69553,36.61597],[-85.69557,36.61524],[-85.69617,36.61462],[-85.69624,36.61364],[-85.69829,36.61316],[-85.69829,36.61175],[-85.69868,36.61124]]]}},{"type":"Feature","properties":{"kind":"minor-water","name":"Mill Creek","ftype":460,"lengthKm":1.97,"hu8":"05110002","pid":"56291230"},"geometry":{"type":"MultiLineString","coordinates":[[[-85.67795,36.65807],[-85.67822,36.65871],[-85.67898,36.65914],[-85.67901,36.65988],[-85.68074,36.6621],[-85.6812,36.66518],[-85.68346,36.66675],[-85.68469,36.67015],[-85.68675,36.67192],[-85.68752,36.67326]]]}},{"type":"Feature","properties":{"kind":"minor-water","name":"Doddy Branch","ftype":460,"lengthKm":2.47,"hu8":"05110002","pid":"56291746"},"geometry":{"type":"MultiLineString","coordinates":[[[-86.1364,36.66436],[-86.13453,36.66365],[-86.1334,36.66192],[-86.13276,36.66141],[-86.13137,36.66097],[-86.13104,36.66059],[-86.13116,36.66001],[-86.13037,36.65906],[-86.12764,36.65801],[-86.12687,36.6564],[-86.1253,36.65614],[-86.12394,36.65475],[-86.12037,36.65458],[-86.11902,36.65518],[-86.11772,36.65523],[-86.11526,36.65605]]]}},{"type":"Feature","properties":{"kind":"minor-water","name":"Trace Creek","ftype":460,"lengthKm":0.59,"hu8":"05110002","pid":"56292158"},"geometry":{"type":"MultiLineString","coordinates":[[[-85.77947,36.60501],[-85.7809,36.60703],[-85.78327,36.60937]]]}},{"type":"Feature","properties":{"kind":"minor-water","name":"Garrett Creek","ftype":460,"lengthKm":0.98,"hu8":"05110002","pid":"56292665"},"geometry":{"type":"MultiLineString","coordinates":[[[-86.23723,36.62331],[-86.23781,36.62834],[-86.24003,36.63167]]]}},{"type":"Feature","properties":{"kind":"minor-water","name":"Long Creek","ftype":460,"lengthKm":0.99,"hu8":"05110002","pid":"56293405"},"geometry":{"type":"MultiLineString","coordinates":[[[-86.11443,36.58885],[-86.11491,36.59069],[-86.1136,36.59166],[-86.11256,36.59321],[-86.11323,36.59498],[-86.11448,36.59674]]]}},{"type":"Feature","properties":{"kind":"minor-water","name":"Morrison Branch","ftype":460,"lengthKm":0.3,"hu8":"05110002","pid":"56293991"},"geometry":{"type":"MultiLineString","coordinates":[[[-86.19596,36.57377],[-86.19649,36.57426],[-86.19714,36.57594],[-86.1975,36.57606]]]}},{"type":"Feature","properties":{"kind":"minor-water","name":"Middle Fork Drakes Creek","ftype":460,"lengthKm":1.66,"hu8":"05110002","pid":"56293515"},"geometry":{"type":"MultiLineString","coordinates":[[[-86.33101,36.60271],[-86.32958,36.60288],[-86.3289,36.60375],[-86.32925,36.60557],[-86.33017,36.60719],[-86.32903,36.60734],[-86.32843,36.60838],[-86.33007,36.61053],[-86.33123,36.61142],[-86.3309,36.61423],[-86.33046,36.61451]]]}},{"type":"Feature","properties":{"kind":"minor-water","name":"Wilson Branch","ftype":460,"lengthKm":0.42,"hu8":"05110002","pid":"56293935"},"geometry":{"type":"MultiLineString","coordinates":[[[-85.80263,36.54341],[-85.79975,36.54373],[-85.79808,36.54435]]]}},{"type":"Feature","properties":{"kind":"minor-water","name":"West Fork Drakes Creek","ftype":460,"lengthKm":0.24,"hu8":"05110002","pid":"56294657"},"geometry":{"type":"MultiLineString","coordinates":[[[-86.46681,36.55486],[-86.46746,36.5559],[-86.4663,36.55631]]]}},{"type":"Feature","properties":{"kind":"minor-water","name":"Skaggs Creek","ftype":558,"lengthKm":0.01,"hu8":"05110002","pid":"56288133"},"geometry":{"type":"MultiLineString","coordinates":[[[-85.91693,36.91917],[-85.91695,36.91907]]]}},{"type":"Feature","properties":{"kind":"minor-water","name":"Barren River","ftype":558,"lengthKm":2.19,"hu8":"05110002","pid":"56288140"},"geometry":{"type":"MultiLineString","coordinates":[[[-86.29136,36.95999],[-86.29187,36.96039],[-86.2954,36.96098],[-86.29801,36.96107],[-86.29994,36.96059],[-86.3042,36.95839],[-86.30597,36.95709],[-86.30684,36.95545],[-86.307,36.95322],[-86.30596,36.95078]]]}},{"type":"Feature","properties":{"kind":"minor-water","name":"Glover Creek","ftype":558,"lengthKm":0.41,"hu8":"05110002","pid":"56288574"},"geometry":{"type":"MultiLineString","coordinates":[[[-85.79544,36.88939],[-85.80005,36.88982]]]}},{"type":"Feature","properties":{"kind":"minor-water","name":"Peter Creek","ftype":558,"lengthKm":0.21,"hu8":"05110002","pid":"56289397"},"geometry":{"type":"MultiLineString","coordinates":[[[-86.02701,36.85241],[-86.02843,36.85095]]]}},{"type":"Feature","properties":{"kind":"minor-water","name":"Beaver Creek","ftype":558,"lengthKm":0.78,"hu8":"05110002","pid":"56286999"},"geometry":{"type":"MultiLineString","coordinates":[[[-85.97689,37.00834],[-85.97574,37.00842],[-85.97531,37.0081],[-85.97546,37.00657],[-85.97514,37.005],[-85.97402,37.00267]]]}},{"type":"Feature","properties":{"kind":"minor-water","name":"East Fork Barren River","ftype":558,"lengthKm":1.09,"hu8":"05110002","pid":"56290956"},"geometry":{"type":"MultiLineString","coordinates":[[[-85.77337,36.69639],[-85.77412,36.69564],[-85.77215,36.69399],[-85.77213,36.69348],[-85.77292,36.69285],[-85.7758,36.69284],[-85.77611,36.69169],[-85.7752,36.6902]]]}},{"type":"Feature","properties":{"kind":"minor-water","name":"Little Trammel Creek","ftype":460,"lengthKm":1.01,"hu8":"05110002","pid":"56293855"},"geometry":{"type":"MultiLineString","coordinates":[[[-86.2606,36.58502],[-86.26345,36.5883],[-86.26676,36.59132],[-86.26697,36.59237]]]}},{"type":"Feature","properties":{"kind":"minor-water","name":"Sinking Creek","ftype":460,"lengthKm":1.09,"hu8":"05110002","pid":"56287145"},"geometry":{"type":"MultiLineString","coordinates":[[[-86.08612,36.99896],[-86.08699,37.00014],[-86.08805,37.00024],[-86.08845,37.00099],[-86.09206,37.00154],[-86.09353,37.00201],[-86.09418,37.00274],[-86.09529,37.00277],[-86.09607,37.00321]]]}},{"type":"Feature","properties":{"kind":"minor-water","name":"Mill Creek","ftype":460,"lengthKm":0.12,"hu8":"05110002","pid":"56291211"},"geometry":{"type":"MultiLineString","coordinates":[[[-85.74622,36.66529],[-85.7475,36.66488]]]}},{"type":"Feature","properties":{"kind":"minor-water","name":"Little Trace Creek","ftype":460,"lengthKm":0.15,"hu8":"05110002","pid":"56293129"},"geometry":{"type":"MultiLineString","coordinates":[[[-85.70633,36.56423],[-85.70747,36.56526]]]}},{"type":"Feature","properties":{"kind":"minor-water","name":"Long Creek","ftype":460,"lengthKm":0.43,"hu8":"05110002","pid":"56293904"},"geometry":{"type":"MultiLineString","coordinates":[[[-86.09595,36.56939],[-86.09781,36.56987],[-86.10012,36.57121]]]}},{"type":"Feature","properties":{"kind":"minor-water","name":"West Fork Long Creek","ftype":460,"lengthKm":0.06,"hu8":"05110002","pid":"56293906"},"geometry":{"type":"MultiLineString","coordinates":[[[-86.15803,36.57437],[-86.15803,36.57495]]]}},{"type":"Feature","properties":{"kind":"minor-water","name":"Rock House Creek","ftype":460,"lengthKm":1.12,"hu8":"05110002","pid":"56289002"},"geometry":{"type":"MultiLineString","coordinates":[[[-86.78236,36.94118],[-86.78096,36.9425],[-86.77897,36.94336],[-86.77608,36.94253],[-86.77491,36.94263],[-86.77295,36.94421],[-86.77269,36.94514]]]}},{"type":"Feature","properties":{"kind":"minor-water","name":"Solomon Creek","ftype":460,"lengthKm":2.24,"hu8":"05110002","pid":"56289552"},"geometry":{"type":"MultiLineString","coordinates":[[[-86.13674,36.84784],[-86.13797,36.84884],[-86.13913,36.85074],[-86.1398,36.85122],[-86.14566,36.85225],[-86.14907,36.85343],[-86.15191,36.85555],[-86.15329,36.85771],[-86.15482,36.85831],[-86.1548,36.85878],[-86.15564,36.85912]]]}},{"type":"Feature","properties":{"kind":"minor-water","name":"Line Creek","ftype":460,"lengthKm":0.69,"hu8":"05110002","pid":"56291799"},"geometry":{"type":"MultiLineString","coordinates":[[[-85.69296,36.62149],[-85.69356,36.62062],[-85.69339,36.61993],[-85.69448,36.61754],[-85.69553,36.61673],[-85.69553,36.61597]]]}},{"type":"Feature","properties":{"kind":"minor-water","name":"Hanging Rock Branch","ftype":460,"lengthKm":1.77,"hu8":"05110002","pid":"56292333"},"geometry":{"type":"MultiLineString","coordinates":[[[-86.1387,36.62364],[-86.13782,36.62405],[-86.13558,36.624],[-86.13357,36.62442],[-86.13249,36.62511],[-86.13166,36.62525],[-86.13069,36.62613],[-86.12879,36.62713],[-86.12768,36.62695],[-86.12644,36.62713],[-86.125,36.62793],[-86.12275,36.62861],[-86.12074,36.62861]]]}},{"type":"Feature","properties":{"kind":"minor-water","name":"White Oak Creek","ftype":460,"lengthKm":0.59,"hu8":"05110002","pid":"56292497"},"geometry":{"type":"MultiLineString","coordinates":[[[-85.9688,36.60849],[-85.96679,36.61053],[-85.96635,36.61321]]]}},{"type":"Feature","properties":{"kind":"minor-water","name":"Little Salt Lick Creek","ftype":460,"lengthKm":0.22,"hu8":"05110002","pid":"56293206"},"geometry":{"type":"MultiLineString","coordinates":[[[-85.82565,36.57208],[-85.82656,36.57253],[-85.82732,36.57343]]]}},{"type":"Feature","properties":{"kind":"minor-water","name":"Dutch Creek","ftype":460,"lengthKm":1.09,"hu8":"05110002","pid":"56293894"},"geometry":{"type":"MultiLineString","coordinates":[[[-86.30058,36.5867],[-86.30206,36.58725],[-86.30335,36.58734],[-86.30557,36.58859],[-86.30972,36.59272]]]}},{"type":"Feature","properties":{"kind":"minor-water","name":"Wix Branch","ftype":460,"lengthKm":2.09,"hu8":"05110002","pid":"56294498"},"geometry":{"type":"MultiLineString","coordinates":[[[-86.24138,36.55273],[-86.24124,36.55201],[-86.23947,36.55059],[-86.23875,36.5505],[-86.23791,36.54982],[-86.23658,36.54956],[-86.23547,36.54897],[-86.23356,36.54861],[-86.22983,36.54978],[-86.22576,36.55249],[-86.22321,36.5551]]]}},{"type":"Feature","properties":{"kind":"minor-water","name":"Town Creek","ftype":460,"lengthKm":0.82,"hu8":"05110002","pid":"56294500"},"geometry":{"type":"MultiLineString","coordinates":[[[-85.99832,36.52889],[-85.99669,36.52997],[-85.99723,36.53196],[-85.99565,36.53383],[-85.99435,36.5347]]]}},{"type":"Feature","properties":{"kind":"minor-water","name":"West Fork Drakes Creek","ftype":460,"lengthKm":0.7,"hu8":"05110002","pid":"56294606"},"geometry":{"type":"MultiLineString","coordinates":[[[-86.46509,36.55828],[-86.4648,36.56057],[-86.46266,36.56272],[-86.46198,36.56387]]]}},{"type":"Feature","properties":{"kind":"minor-water","name":"Beaver Creek","ftype":558,"lengthKm":0.1,"hu8":"05110002","pid":"56287166"},"geometry":{"type":"MultiLineString","coordinates":[[[-85.97581,36.98983],[-85.9747,36.9897]]]}},{"type":"Feature","properties":{"kind":"minor-water","name":"Barren River","ftype":558,"lengthKm":0.38,"hu8":"05110002","pid":"56288538"},"geometry":{"type":"MultiLineString","coordinates":[[[-86.19349,36.92533],[-86.19524,36.92844]]]}},{"type":"Feature","properties":{"kind":"minor-water","name":"West Fork Drakes Creek","ftype":558,"lengthKm":0.33,"hu8":"05110002","pid":"56290806"},"geometry":{"type":"MultiLineString","coordinates":[[[-86.54194,36.76894],[-86.53984,36.76766],[-86.53881,36.76745]]]}},{"type":"Feature","properties":{"kind":"minor-water","name":"Barren River","ftype":558,"lengthKm":0.47,"hu8":"05110002","pid":"56291025"},"geometry":{"type":"MultiLineString","coordinates":[[[-86.04171,36.70592],[-86.03809,36.70492],[-86.03684,36.70543]]]}},{"type":"Feature","properties":{"kind":"minor-water","name":"Sulphur Fork Creek","ftype":460,"lengthKm":0.23,"hu8":"05110002","pid":"56293880"},"geometry":{"type":"MultiLineString","coordinates":[[[-86.3785,36.5937],[-86.37921,36.59419],[-86.37984,36.59537]]]}},{"type":"Feature","properties":{"kind":"minor-water","name":"West Fork Long Creek","ftype":460,"lengthKm":0.82,"hu8":"05110002","pid":"56293106"},"geometry":{"type":"MultiLineString","coordinates":[[[-86.1361,36.60139],[-86.13468,36.60311],[-86.12902,36.60592]]]}},{"type":"Feature","properties":{"kind":"minor-water","name":"Beaver Creek","ftype":460,"lengthKm":0.38,"hu8":"05110002","pid":"56286973"},"geometry":{"type":"MultiLineString","coordinates":[[[-85.76146,36.98707],[-85.7621,36.98738],[-85.76407,36.98692],[-85.76536,36.98757]]]}},{"type":"Feature","properties":{"kind":"minor-water","name":"Indian Creek","ftype":460,"lengthKm":0.59,"hu8":"05110002","pid":"56291098"},"geometry":{"type":"MultiLineString","coordinates":[[[-85.94634,36.69233],[-85.94833,36.69179],[-85.94936,36.69189],[-85.95077,36.69264],[-85.95097,36.69343],[-85.95166,36.69372]]]}},{"type":"Feature","properties":{"kind":"minor-water","name":"South Fork Beaver Creek","ftype":460,"lengthKm":0.78,"hu8":"05110002","pid":"6a698ba6-519b-44b8-91e2-bdcbe4553d83"},"geometry":{"type":"MultiLineString","coordinates":[[[-85.90697,36.98807],[-85.90841,36.9865],[-85.90874,36.9845],[-85.90978,36.9832],[-85.91032,36.98297],[-85.91079,36.98202]]]}},{"type":"Feature","properties":{"kind":"minor-water","name":"Boyds Creek","ftype":460,"lengthKm":0.32,"hu8":"05110002","pid":"56287616"},"geometry":{"type":"MultiLineString","coordinates":[[[-85.91082,36.94819],[-85.91275,36.94857],[-85.91364,36.94967]]]}},{"type":"Feature","properties":{"kind":"minor-water","name":"Mill Creek","ftype":558,"lengthKm":0.52,"hu8":"05110002","pid":"56291250"},"geometry":{"type":"MultiLineString","coordinates":[[[-85.7475,36.66488],[-85.7494,36.66397],[-85.75152,36.66347],[-85.75206,36.66358],[-85.75252,36.66419]]]}},{"type":"Feature","properties":{"kind":"minor-water","name":"Lick Creek","ftype":460,"lengthKm":1.13,"hu8":"05110002","pid":"56287075"},"geometry":{"type":"MultiLineString","coordinates":[[[-86.63333,37.05944],[-86.63409,37.05604],[-86.63348,37.05422],[-86.63355,37.05337],[-86.63461,37.05114],[-86.63532,37.0504],[-86.63607,37.05013]]]}},{"type":"Feature","properties":{"kind":"minor-water","name":"Maxey Creek","ftype":460,"lengthKm":1.93,"hu8":"05110002","pid":"56286391"},"geometry":{"type":"MultiLineString","coordinates":[[[-86.63428,37.1106],[-86.63293,37.11177],[-86.63246,37.11274],[-86.63011,37.11389],[-86.62949,37.11391],[-86.6286,37.11532],[-86.6243,37.11623],[-86.62292,37.11743],[-86.61918,37.11965],[-86.61861,37.11969],[-86.61737,37.11915]]]}},{"type":"Feature","properties":{"kind":"minor-water","name":"Rock House Creek","ftype":460,"lengthKm":0.38,"hu8":"05110002","pid":"56288441"},"geometry":{"type":"MultiLineString","coordinates":[[[-86.73929,36.97341],[-86.73818,36.97394],[-86.73523,36.97409]]]}},{"type":"Feature","properties":{"kind":"minor-water","name":"Nobob Creek","ftype":460,"lengthKm":0.77,"hu8":"05110002","pid":"56288958"},"geometry":{"type":"MultiLineString","coordinates":[[[-85.73442,36.86268],[-85.73589,36.86138],[-85.73793,36.86076],[-85.73866,36.86126],[-85.74032,36.8609],[-85.74106,36.85977]]]}},{"type":"Feature","properties":{"kind":"minor-water","name":"Boyd Branch","ftype":460,"lengthKm":1.39,"hu8":"05110002","pid":"56290143"},"geometry":{"type":"MultiLineString","coordinates":[[[-85.8368,36.78213],[-85.8393,36.78142],[-85.84097,36.7803],[-85.84167,36.77911],[-85.84554,36.77667],[-85.84772,36.77376]]]}},{"type":"Feature","properties":{"kind":"minor-water","name":"Cable Branch","ftype":460,"lengthKm":0.37,"hu8":"05110002","pid":"56290187"},"geometry":{"type":"MultiLineString","coordinates":[[[-85.77141,36.76512],[-85.77115,36.76485],[-85.77142,36.76413],[-85.77042,36.76209]]]}},{"type":"Feature","properties":{"kind":"minor-water","name":"Bear Creek","ftype":460,"lengthKm":1.44,"hu8":"05110002","pid":"56290587"},"geometry":{"type":"MultiLineString","coordinates":[[[-86.09834,36.75162],[-86.08789,36.75385],[-86.08361,36.75649]]]}},{"type":"Feature","properties":{"kind":"minor-water","name":"Hams Branch","ftype":460,"lengthKm":0.43,"hu8":"05110002","pid":"56290928"},"geometry":{"type":"MultiLineString","coordinates":[[[-86.3556,36.74115],[-86.35622,36.74172],[-86.35652,36.7431],[-86.35821,36.74416]]]}},{"type":"Feature","properties":{"kind":"minor-water","name":"Long Creek","ftype":460,"lengthKm":1.41,"hu8":"05110002","pid":"56293734"},"geometry":{"type":"MultiLineString","coordinates":[[[-86.11043,36.5771],[-86.11108,36.57809],[-86.11356,36.57896],[-86.11489,36.58005],[-86.11504,36.58093],[-86.11429,36.58169],[-86.11366,36.58318],[-86.11574,36.58495],[-86.11584,36.58699]]]}},{"type":"Feature","properties":{"kind":"minor-water","name":"Salt Lick Creek","ftype":460,"lengthKm":0.16,"hu8":"05110002","pid":"56294856"},"geometry":{"type":"MultiLineString","coordinates":[[[-85.85328,36.48869],[-85.85323,36.48929],[-85.8526,36.48998]]]}},{"type":"Feature","properties":{"kind":"minor-water","name":"Long Fork","ftype":558,"lengthKm":0.24,"hu8":"05110002","pid":"56292697"},"geometry":{"type":"MultiLineString","coordinates":[[[-85.92404,36.59771],[-85.92316,36.59795],[-85.92231,36.59919]]]}},{"type":"Feature","properties":{"kind":"minor-water","name":"Barren River","ftype":558,"lengthKm":1.29,"hu8":"05110002","pid":"56287794"},"geometry":{"type":"MultiLineString","coordinates":[[[-86.3402,36.97561],[-86.34128,36.97479],[-86.34355,36.97386],[-86.34702,36.97367],[-86.34906,36.97406],[-86.35325,36.97607]]]}},{"type":"Feature","properties":{"kind":"minor-water","name":"Glover Creek","ftype":558,"lengthKm":0.29,"hu8":"05110002","pid":"56288459"},"geometry":{"type":"MultiLineString","coordinates":[[[-85.8442,36.90038],[-85.84422,36.90161],[-85.84505,36.90285]]]}},{"type":"Feature","properties":{"kind":"minor-water","name":"Trammel Creek","ftype":558,"lengthKm":0.91,"hu8":"05110002","pid":"56289857"},"geometry":{"type":"MultiLineString","coordinates":[[[-86.3632,36.84218],[-86.36406,36.8428],[-86.36483,36.84452],[-86.36694,36.84692],[-86.3668,36.84817],[-86.36608,36.8493]]]}},{"type":"Feature","properties":{"kind":"minor-water","name":"Salt Lick Creek","ftype":558,"lengthKm":0.26,"hu8":"05110002","pid":"56291938"},"geometry":{"type":"MultiLineString","coordinates":[[[-85.90553,36.62674],[-85.9048,36.6272],[-85.90504,36.62877]]]}},{"type":"Feature","properties":{"kind":"minor-water","name":"Barren River","ftype":558,"lengthKm":0.5,"hu8":"05110002","pid":"56288365"},"geometry":{"type":"MultiLineString","coordinates":[[[-86.14056,36.93136],[-86.14331,36.93047],[-86.14538,36.9292]]]}},{"type":"Feature","properties":{"kind":"minor-water","name":"Mount Pleasant Branch","ftype":460,"lengthKm":0.18,"hu8":"05110002","pid":"120637227"},"geometry":{"type":"MultiLineString","coordinates":[[[-85.91594,36.89451],[-85.91631,36.89606]]]}},{"type":"Feature","properties":{"kind":"minor-water","name":"Lick Branch","ftype":460,"lengthKm":0.73,"hu8":"05110002","pid":"56287666"},"geometry":{"type":"MultiLineString","coordinates":[[[-85.79024,36.93946],[-85.79242,36.93672],[-85.79379,36.93675],[-85.79626,36.93577]]]}},{"type":"Feature","properties":{"kind":"minor-water","name":"Long Creek","ftype":558,"lengthKm":0.53,"hu8":"05110002","pid":"15d9eb16-95fe-4350-9b6b-bf2ae5c20ef5"},"geometry":{"type":"MultiLineString","coordinates":[[[-86.05781,36.72548],[-86.05706,36.72569],[-86.05674,36.72626],[-86.05675,36.72755],[-86.05582,36.72828],[-86.05592,36.72879],[-86.05659,36.72923]]]}},{"type":"Feature","properties":{"kind":"minor-water","name":"Slickrock Branch","ftype":460,"lengthKm":0.15,"hu8":"05110002","pid":"{413AC288-364C-48CE-9633-75CB507955FB}"},"geometry":{"type":"MultiLineString","coordinates":[[[-85.92416,36.74693],[-85.92579,36.74689]]]}},{"type":"Feature","properties":{"kind":"minor-water","name":"Barren River","ftype":558,"lengthKm":0.03,"hu8":"05110002","pid":"{6804E4A1-E069-48A0-856E-CB1AA023A960}"},"geometry":{"type":"MultiLineString","coordinates":[[[-86.3928,37.02108],[-86.39298,37.02133]]]}},{"type":"Feature","properties":{"kind":"minor-water","name":"Barren Fork","ftype":460,"lengthKm":0.09,"hu8":"05110002","pid":"{6944FE86-B6DB-4C0D-9760-816D8F910FC7}"},"geometry":{"type":"MultiLineString","coordinates":[[[-85.7956,37.03937],[-85.79634,37.0388]]]}},{"type":"Feature","properties":{"kind":"minor-water","name":"Flag Lick Creek","ftype":460,"lengthKm":0.11,"hu8":"05110002","pid":"{76D2FB6E-7CDB-4096-BB12-B24A2E208A09}"},"geometry":{"type":"MultiLineString","coordinates":[[[-86.1727,36.7094],[-86.17359,36.7087]]]}},{"type":"Feature","properties":{"kind":"minor-water","name":"Barren River","ftype":558,"lengthKm":4.61,"hu8":"05110002","pid":"{EBF28E2E-823F-4A72-81D9-A30382D42F53}"},"geometry":{"type":"MultiLineString","coordinates":[[[-86.43288,37.00481],[-86.43304,37.0064],[-86.43234,37.00868],[-86.43129,37.00988],[-86.42935,37.01092],[-86.42691,37.01167],[-86.42185,37.01258],[-86.41957,37.0121],[-86.41734,37.01116],[-86.41667,37.01121],[-86.41259,37.01291],[-86.40854,37.01385],[-86.4064,37.01476],[-86.40383,37.01621],[-86.40012,37.01903],[-86.39778,37.01939],[-86.39448,37.01895],[-86.39305,37.01906],[-86.39241,37.01974],[-86.3928,37.02108]]]}},{"type":"Feature","properties":{"kind":"minor-water","name":"West Fork Drakes Creek","ftype":558,"lengthKm":0.23,"hu8":"05110002","pid":"{42F1CC90-FC3A-4DEB-96C1-DBC37CE97591}"},"geometry":{"type":"MultiLineString","coordinates":[[[-86.52565,36.80715],[-86.52686,36.80771],[-86.52684,36.80864]]]}},{"type":"Feature","properties":{"kind":"minor-water","name":"Barren River","ftype":558,"lengthKm":0.13,"hu8":"05110002","pid":"{37B6384B-801F-4399-BB23-30E6F264E12E}"},"geometry":{"type":"MultiLineString","coordinates":[[[-86.32714,36.94398],[-86.32848,36.94437]]]}},{"type":"Feature","properties":{"kind":"minor-water","name":"Drakes Creek","ftype":558,"lengthKm":0.67,"hu8":"05110002","pid":"{228DEC87-6F03-4AD3-9BFC-E93AF49E701E}"},"geometry":{"type":"MultiLineString","coordinates":[[[-86.39602,36.90666],[-86.39677,36.90787],[-86.3969,36.90878],[-86.3964,36.91087],[-86.3956,36.91233]]]}},{"type":"Feature","properties":{"kind":"minor-water","name":"Little Sinking Creek","ftype":460,"lengthKm":0.39,"hu8":"05110002","pid":"{6D537BF2-D193-4EC1-8BEB-DB0DB4FE061B}"},"geometry":{"type":"MultiLineString","coordinates":[[[-86.12754,37.06132],[-86.12785,37.06172],[-86.12892,37.06165],[-86.12937,37.06233],[-86.12903,37.06255],[-86.12984,37.06292],[-86.12953,37.06305]]]}},{"type":"Feature","properties":{"kind":"minor-water","name":"Gardner Creek","ftype":460,"lengthKm":1.1,"hu8":"05110002","pid":"{44031365-0A4D-40B0-9015-33372DD01CF5}"},"geometry":{"type":"MultiLineString","coordinates":[[[-86.10175,37.07586],[-86.10187,37.07615],[-86.10335,37.07612],[-86.10525,37.07546],[-86.109,37.07537],[-86.10938,37.07581],[-86.11012,37.07576],[-86.10918,37.07623],[-86.10835,37.07722],[-86.10768,37.07719]]]}},{"type":"Feature","properties":{"kind":"minor-water","name":"Canoe Creek","ftype":460,"lengthKm":0.29,"hu8":"05110002","pid":"{17A23437-41A4-484A-937D-1E15B855DCBD}"},"geometry":{"type":"MultiLineString","coordinates":[[[-86.00716,36.81484],[-86.01,36.81605]]]}},{"type":"Feature","properties":{"kind":"minor-water","name":"Canoe Creek","ftype":558,"lengthKm":0.1,"hu8":"05110002","pid":"{C95BB542-0842-4F83-B835-3D52B27BA74A}"},"geometry":{"type":"MultiLineString","coordinates":[[[-86.01,36.81605],[-86.01083,36.81659]]]}},{"type":"Feature","properties":{"kind":"minor-water","name":"Canoe Creek","ftype":460,"lengthKm":0.03,"hu8":"05110002","pid":"{28E7AF87-6963-489D-B91D-9384DAFFC8EC}"},"geometry":{"type":"MultiLineString","coordinates":[[[-86.01083,36.81659],[-86.01104,36.81679]]]}},{"type":"Feature","properties":{"kind":"minor-water","name":"Dry Branch","ftype":460,"lengthKm":0.15,"hu8":"05110002","pid":"{301F380A-49CB-48C2-BE66-CFEFA7B9D905}"},"geometry":{"type":"MultiLineString","coordinates":[[[-85.98774,36.80843],[-85.98863,36.80956]]]}},{"type":"Feature","properties":{"kind":"minor-water","name":"Dry Branch","ftype":558,"lengthKm":0.04,"hu8":"05110002","pid":"{F510C0B2-2CF9-497F-B393-916BFFDE250E}"},"geometry":{"type":"MultiLineString","coordinates":[[[-85.98863,36.80956],[-85.98884,36.80991]]]}},{"type":"Feature","properties":{"kind":"minor-water","name":"Dry Fork","ftype":558,"lengthKm":0.02,"hu8":"05110002","pid":"{3B9C3077-9536-41B8-9DAF-74BAA1D4F882}"},"geometry":{"type":"MultiLineString","coordinates":[[[-85.83482,36.81132],[-85.83506,36.81129]]]}},{"type":"Feature","properties":{"kind":"minor-water","name":"Barren Fork","ftype":460,"lengthKm":1.14,"hu8":"05110002","pid":"{0CB22A41-EB1E-4F7F-ACA1-1A3250B3095C}"},"geometry":{"type":"MultiLineString","coordinates":[[[-85.81178,37.03222],[-85.81363,37.03218],[-85.81476,37.03104],[-85.81606,37.03039],[-85.81792,37.03114],[-85.81817,37.03258],[-85.82088,37.03239],[-85.82136,37.03314]]]}},{"type":"Feature","properties":{"kind":"minor-water","name":"Westbrook Creek","ftype":460,"lengthKm":0.37,"hu8":"05110002","pid":"{51330ABA-74BE-48BF-BE6F-832D918BF8CC}"},"geometry":{"type":"MultiLineString","coordinates":[[[-86.57866,37.04575],[-86.58094,37.04652],[-86.58187,37.04764]]]}},{"type":"Feature","properties":{"kind":"minor-water","name":"Flag Lick Creek","ftype":460,"lengthKm":0.5,"hu8":"05110002","pid":"{6918AE2C-164F-451E-BD0B-70913524CE4A}"},"geometry":{"type":"MultiLineString","coordinates":[[[-86.17198,36.70452],[-86.17092,36.7022],[-86.1723,36.7005]]]}},{"type":"Feature","properties":{"kind":"minor-water","name":"Mortar Branch","ftype":460,"lengthKm":0.19,"hu8":"05110002","pid":"{D77A8217-1BBE-47EE-BF3C-D300BF16F8ED}"},"geometry":{"type":"MultiLineString","coordinates":[[[-86.54899,37.11107],[-86.54906,37.11061],[-86.54867,37.11021],[-86.54933,37.10965]]]}},{"type":"Feature","properties":{"kind":"minor-water","name":"Gasper River","ftype":460,"lengthKm":1.05,"hu8":"05110002","pid":"{6F08226C-C4BC-4255-BF80-3B14D20F7C42}"},"geometry":{"type":"MultiLineString","coordinates":[[[-86.73493,36.89764],[-86.73452,36.89798],[-86.7351,36.89857],[-86.73489,36.89932],[-86.73419,36.90014],[-86.73423,36.90237],[-86.7347,36.90262],[-86.73484,36.90341],[-86.73549,36.9038],[-86.73501,36.90469],[-86.73653,36.9052]]]}},{"type":"Feature","properties":{"kind":"minor-water","name":"South Fork Indian Creek","ftype":558,"lengthKm":0.02,"hu8":"05110002","pid":"{E054B7EB-CFA9-40B4-829A-AD07AC55A444}"},"geometry":{"type":"MultiLineString","coordinates":[[[-85.82053,36.71832],[-85.82068,36.71814]]]}},{"type":"Feature","properties":{"kind":"minor-water","name":"Steam Mill Branch","ftype":460,"lengthKm":0.9,"hu8":"05110002","pid":"{2B4F3DEE-18DE-4B5E-9AB6-D5DA550F4E22}"},"geometry":{"type":"MultiLineString","coordinates":[[[-85.81728,36.86679],[-85.82208,36.86714],[-85.82275,36.86748],[-85.82433,36.86717],[-85.82597,36.86743],[-85.82702,36.86697]]]}},{"type":"Feature","properties":{"kind":"minor-water","name":"White Oak Creek","ftype":460,"lengthKm":0.48,"hu8":"05110002","pid":"{D6BBCA11-79F4-46DC-863C-0852A8FCBDD9}"},"geometry":{"type":"MultiLineString","coordinates":[[[-85.97887,36.49687],[-85.9789,36.49761],[-85.97809,36.49808],[-85.97782,36.49862],[-85.97837,36.5008]]]}},{"type":"Feature","properties":{"kind":"minor-water","name":"Long Hungry Creek","ftype":460,"lengthKm":0.13,"hu8":"05110002","pid":"{C220E191-B02A-4986-BD0E-6ACDAFB7E8DB}"},"geometry":{"type":"MultiLineString","coordinates":[[[-85.89075,36.49966],[-85.89049,36.50082]]]}},{"type":"Feature","properties":{"kind":"minor-water","name":"Barren River","ftype":558,"lengthKm":0.26,"hu8":"05110002","pid":"{6D138A01-FA7B-43FF-A97E-5FB738DE106E}"},"geometry":{"type":"MultiLineString","coordinates":[[[-86.39298,37.02133],[-86.39379,37.02354]]]}},{"type":"Feature","properties":{"kind":"minor-water","name":"Sinking Creek","ftype":460,"lengthKm":0.6,"hu8":"05110002","pid":"{97E99735-EA72-406B-A913-1BB9AAD2C281}"},"geometry":{"type":"MultiLineString","coordinates":[[[-86.15593,37.01101],[-86.15729,37.01162],[-86.1597,37.01341],[-86.16102,37.01297],[-86.16141,37.01319]]]}},{"type":"Feature","properties":{"kind":"minor-water","name":"Rays Branch","ftype":460,"lengthKm":0.57,"hu8":"05110002","pid":"{26756743-6F9D-4EF5-AD03-452FBB96E37C}"},"geometry":{"type":"MultiLineString","coordinates":[[[-86.48036,37.0715],[-86.48158,37.07115],[-86.48049,37.07335],[-86.48094,37.07346],[-86.48238,37.07278]]]}},{"type":"Feature","properties":{"kind":"minor-water","name":"Taylor Branch","ftype":460,"lengthKm":0.26,"hu8":"05110002","pid":"{78D39763-95F0-4C85-BD36-3FA6C6222597}"},"geometry":{"type":"MultiLineString","coordinates":[[[-86.48782,37.10882],[-86.48762,37.10839],[-86.48821,37.10737],[-86.48799,37.10668]]]}},{"type":"Feature","properties":{"kind":"minor-water","name":"Taylor Branch","ftype":460,"lengthKm":0.04,"hu8":"05110002","pid":"{8E41241C-01A4-4904-A841-E3043C03A1F0}"},"geometry":{"type":"MultiLineString","coordinates":[[[-86.48663,37.09365],[-86.48698,37.09343]]]}},{"type":"Feature","properties":{"kind":"minor-water","name":"West Fork Drakes Creek","ftype":558,"lengthKm":0.22,"hu8":"05110002","pid":"{BFCE21FB-F694-4848-98EB-40E0401EEDBB}"},"geometry":{"type":"MultiLineString","coordinates":[[[-86.54988,36.74007],[-86.55026,36.74207]]]}},{"type":"Feature","properties":{"kind":"minor-water","name":"West Fork Drakes Creek","ftype":558,"lengthKm":0.2,"hu8":"05110002","pid":"{6641DDA7-FC0E-4725-AFB9-AF512E2C2BC6}"},"geometry":{"type":"MultiLineString","coordinates":[[[-86.54907,36.73839],[-86.54988,36.74007]]]}},{"type":"Feature","properties":{"kind":"minor-water","name":"West Fork Drakes Creek","ftype":558,"lengthKm":0.16,"hu8":"05110002","pid":"{7D5D1F30-3B9C-44F5-8320-9FC7AC6BB777}"},"geometry":{"type":"MultiLineString","coordinates":[[[-86.55185,36.72377],[-86.55029,36.72452]]]}},{"type":"Feature","properties":{"kind":"minor-water","name":"West Fork Drakes Creek","ftype":558,"lengthKm":0.16,"hu8":"05110002","pid":"{C0E9089A-3C70-443F-93C1-B0AA4DC3C40B}"},"geometry":{"type":"MultiLineString","coordinates":[[[-86.55181,36.72239],[-86.55214,36.72323],[-86.55185,36.72377]]]}},{"type":"Feature","properties":{"kind":"minor-water","name":"Westbrook Creek","ftype":460,"lengthKm":1.14,"hu8":"05110002","pid":"{25417C48-50AE-4720-9068-B75C32C55660}"},"geometry":{"type":"MultiLineString","coordinates":[[[-86.54645,37.04338],[-86.55283,37.04409],[-86.55419,37.04356],[-86.55646,37.04433],[-86.55788,37.0459]]]}},{"type":"Feature","properties":{"kind":"minor-water","name":"Westbrook Creek","ftype":460,"lengthKm":0.35,"hu8":"05110002","pid":"{BFD45224-AED6-4B8F-BA32-16C83A13D08A}"},"geometry":{"type":"MultiLineString","coordinates":[[[-86.55788,37.0459],[-86.56001,37.04707],[-86.56069,37.04723],[-86.56134,37.04702]]]}},{"type":"Feature","properties":{"kind":"minor-water","name":"Drakes Creek","ftype":558,"lengthKm":0.14,"hu8":"05110002","pid":"{7BE3758B-A300-4BA2-8413-3C4C2C16656F}"},"geometry":{"type":"MultiLineString","coordinates":[[[-86.40616,36.94408],[-86.40774,36.94418]]]}},{"type":"Feature","properties":{"kind":"minor-water","name":"Drakes Creek","ftype":558,"lengthKm":0.53,"hu8":"05110002","pid":"{4BFBACE3-FE4D-472C-86EA-1A265B0F5177}"},"geometry":{"type":"MultiLineString","coordinates":[[[-86.40712,36.94637],[-86.40351,36.9502]]]}},{"type":"Feature","properties":{"kind":"minor-water","name":"Barren River","ftype":558,"lengthKm":0.29,"hu8":"05110002","pid":"{B8812870-9523-4955-BDD6-2D66FC2ECFFA}"},"geometry":{"type":"MultiLineString","coordinates":[[[-86.33699,36.97626],[-86.3402,36.97561]]]}},{"type":"Feature","properties":{"kind":"minor-water","name":"Barren River","ftype":558,"lengthKm":0.33,"hu8":"05110002","pid":"{35B6F896-EAB7-481C-BC80-2120793685CA}"},"geometry":{"type":"MultiLineString","coordinates":[[[-86.23784,36.93904],[-86.24035,36.94125]]]}},{"type":"Feature","properties":{"kind":"minor-water","name":"West Fork Drakes Creek","ftype":558,"lengthKm":0.61,"hu8":"05110002","pid":"{DBF30843-2E4B-4B73-A37B-4CF51C938320}"},"geometry":{"type":"MultiLineString","coordinates":[[[-86.4509,36.81445],[-86.44685,36.81542],[-86.44493,36.81684]]]}},{"type":"Feature","properties":{"kind":"minor-water","name":"Jennings Creek","ftype":460,"lengthKm":0.7,"hu8":"05110002","pid":"{B7196DF2-3A04-42D2-81F3-AA2B36048A66}"},"geometry":{"type":"MultiLineString","coordinates":[[[-86.49159,36.98205],[-86.49363,36.98417],[-86.49364,36.98463],[-86.49258,36.98616],[-86.492,36.98623],[-86.49182,36.98712]]]}},{"type":"Feature","properties":{"kind":"minor-water","name":"Jennings Creek","ftype":460,"lengthKm":0.96,"hu8":"05110002","pid":"{AA962D9F-6F3C-4418-885E-23219342236B}"},"geometry":{"type":"MultiLineString","coordinates":[[[-86.48841,36.96799],[-86.4884,36.96877],[-86.48883,36.96872],[-86.48841,36.9696],[-86.48866,36.97065],[-86.48784,36.97127],[-86.48775,36.97103],[-86.48663,36.97093],[-86.48579,36.97133],[-86.48475,36.97127],[-86.48529,36.97309]]]}},{"type":"Feature","properties":{"kind":"minor-water","name":"Jennings Creek","ftype":460,"lengthKm":0.19,"hu8":"05110002","pid":"{46D824B6-8194-4EED-B4F5-F483DCC0DE96}"},"geometry":{"type":"MultiLineString","coordinates":[[[-86.49182,36.98712],[-86.49237,36.98875]]]}},{"type":"Feature","properties":{"kind":"minor-water","name":"West Fork Drakes Creek","ftype":558,"lengthKm":0.41,"hu8":"05110002","pid":"{D00D8535-ACC2-486F-A8A0-141BFAAB5E24}"},"geometry":{"type":"MultiLineString","coordinates":[[[-86.54759,36.69493],[-86.55024,36.69623],[-86.5504,36.69663],[-86.54996,36.69731]]]}},{"type":"Feature","properties":{"kind":"minor-water","name":"Trammel Creek","ftype":460,"lengthKm":0.33,"hu8":"05110002","pid":"{3DFC8E5A-27E7-4A75-961D-8716D55312A5}"},"geometry":{"type":"MultiLineString","coordinates":[[[-86.2034,36.64957],[-86.20428,36.65055],[-86.20452,36.6523]]]}},{"type":"Feature","properties":{"kind":"minor-water","name":"Trammel Creek","ftype":460,"lengthKm":0.08,"hu8":"05110002","pid":"{B44E80BE-BC9D-417E-9147-91AE92FC8931}"},"geometry":{"type":"MultiLineString","coordinates":[[[-86.19792,36.6405],[-86.19782,36.64123]]]}},{"type":"Feature","properties":{"kind":"minor-water","name":"Dry Branch","ftype":460,"lengthKm":0.24,"hu8":"05110002","pid":"{C2CEB47C-0523-4C30-AE81-A3E9729D1FA2}"},"geometry":{"type":"MultiLineString","coordinates":[[[-86.17851,36.62809],[-86.18076,36.62927]]]}},{"type":"Feature","properties":{"kind":"minor-water","name":"Dry Creek","ftype":460,"lengthKm":0.31,"hu8":"05110002","pid":"{4F734879-C871-41DC-A944-46E0B459CC5D}"},"geometry":{"type":"MultiLineString","coordinates":[[[-86.10097,36.70379],[-86.09757,36.70304]]]}},{"type":"Feature","properties":{"kind":"minor-water","name":"Long Creek","ftype":558,"lengthKm":0.5,"hu8":"05110002","pid":"{9F278868-1970-42B3-8005-5E4CD1E46D38}"},"geometry":{"type":"MultiLineString","coordinates":[[[-86.07275,36.71862],[-86.07214,36.71904],[-86.07104,36.72277]]]}},{"type":"Feature","properties":{"kind":"minor-water","name":"Brush Creek","ftype":460,"lengthKm":0.42,"hu8":"05110002","pid":"{C9CF0FF9-A449-46E7-AA60-51B67781C83C}"},"geometry":{"type":"MultiLineString","coordinates":[[[-86.58821,36.93909],[-86.58929,36.93975],[-86.59109,36.94201]]]}},{"type":"Feature","properties":{"kind":"minor-water","name":"Brush Creek","ftype":460,"lengthKm":0.44,"hu8":"05110002","pid":"{51DFEE50-315E-4DE1-89DD-C6DBF38DCB22}"},"geometry":{"type":"MultiLineString","coordinates":[[[-86.58497,36.93617],[-86.58641,36.93707],[-86.58821,36.93909]]]}},{"type":"Feature","properties":{"kind":"minor-water","name":"Brush Creek","ftype":460,"lengthKm":2.23,"hu8":"05110002","pid":"{6ECBF33C-5E27-468B-BC94-356B70E1CE3F}"},"geometry":{"type":"MultiLineString","coordinates":[[[-86.58165,36.91382],[-86.5807,36.91408],[-86.58005,36.91508],[-86.58086,36.91629],[-86.58179,36.91685],[-86.58179,36.91725],[-86.58264,36.91753],[-86.58245,36.91798],[-86.58296,36.91814],[-86.58262,36.91854],[-86.58352,36.91919],[-86.58287,36.91934],[-86.58287,36.92037],[-86.5819,36.92013],[-86.58217,36.92079],[-86.58167,36.92096],[-86.58113,36.92174],[-86.58012,36.92195],[-86.58061,36.92117],[-86.57971,36.92124],[-86.57897,36.92171],[-86.57875,36.92259],[-86.57786,36.92266],[-86.57917,36.92524],[-86.57886,36.92546]]]}},{"type":"Feature","properties":{"kind":"minor-water","name":"York Branch","ftype":558,"lengthKm":0.09,"hu8":"05110002","pid":"{2C51E1DC-2189-46A6-A496-03044FC532B2}"},"geometry":{"type":"MultiLineString","coordinates":[[[-85.8464,36.60739],[-85.84741,36.60721]]]}},{"type":"Feature","properties":{"kind":"minor-water","name":"Barren River","ftype":558,"lengthKm":0.02,"hu8":"05110002","pid":"{99A23209-436C-4971-BEE3-3B312C89C3C6}"},"geometry":{"type":"MultiLineString","coordinates":[[[-86.62323,37.18061],[-86.62335,37.18074]]]}},{"type":"Feature","properties":{"kind":"minor-water","name":"West Fork Drakes Creek","ftype":558,"lengthKm":0.47,"hu8":"05110002","pid":"{13D6A97D-91DC-4D21-8C6F-B53011378601}"},"geometry":{"type":"MultiLineString","coordinates":[[[-86.54407,36.73732],[-86.54482,36.73774],[-86.54842,36.7381],[-86.54907,36.73839]]]}},{"type":"Feature","properties":{"kind":"minor-water","name":"Trammel Creek","ftype":558,"lengthKm":0.09,"hu8":"05110002","pid":"{41FA7E0F-0F90-45BF-BFFD-EEFC589615A8}"},"geometry":{"type":"MultiLineString","coordinates":[[[-86.35335,36.85545],[-86.35298,36.8562]]]}},{"type":"Feature","properties":{"kind":"minor-water","name":"Little Muddy Creek","ftype":460,"lengthKm":0.46,"hu8":"05110002","pid":"{D69881D8-84BC-49D7-A41D-58BD1D6A682D}"},"geometry":{"type":"MultiLineString","coordinates":[[[-86.64682,37.15898],[-86.64732,37.15808],[-86.64703,37.15783],[-86.64469,37.15842],[-86.64364,37.15814]]]}},{"type":"Feature","properties":{"kind":"minor-water","name":"Trammel Creek","ftype":558,"lengthKm":1.38,"hu8":"05110002","pid":"{76BFCB84-A7D0-4807-A624-7CD9BF1FDB60}"},"geometry":{"type":"MultiLineString","coordinates":[[[-86.34486,36.83357],[-86.34566,36.83355],[-86.34611,36.83447],[-86.34939,36.83497],[-86.35128,36.83576],[-86.35379,36.83763],[-86.3542,36.83879],[-86.3529,36.84106]]]}},{"type":"Feature","properties":{"kind":"minor-water","name":"Trammel Creek","ftype":558,"lengthKm":0.33,"hu8":"05110002","pid":"{85217732-947E-455E-BE23-BD5E9CA926E3}"},"geometry":{"type":"MultiLineString","coordinates":[[[-86.25655,36.71224],[-86.25806,36.71349],[-86.25941,36.7141]]]}},{"type":"Feature","properties":{"kind":"minor-water","name":"Gardner Creek","ftype":460,"lengthKm":0.1,"hu8":"05110002","pid":"{C7D1FA65-F0B2-4EA6-B513-2EAAABB8DAE4}"},"geometry":{"type":"MultiLineString","coordinates":[[[-86.08812,37.05059],[-86.08925,37.05078]]]}},{"type":"Feature","properties":{"kind":"minor-water","name":"West Fork Drakes Creek","ftype":558,"lengthKm":0.87,"hu8":"05110002","pid":"{26011A9B-8A35-458F-94F2-2360C250A0C0}"},"geometry":{"type":"MultiLineString","coordinates":[[[-86.54352,36.72975],[-86.54424,36.73157],[-86.54489,36.73506],[-86.54407,36.73732]]]}},{"type":"Feature","properties":{"kind":"minor-water","name":"Clifty Creek","ftype":460,"lengthKm":0.35,"hu8":"05110002","pid":"{8CF46F4A-0DE4-47C7-A3D7-AC0491CBA4F6}"},"geometry":{"type":"MultiLineString","coordinates":[[[-86.62756,37.08674],[-86.62441,37.08866]]]}},{"type":"Feature","properties":{"kind":"minor-water","name":"Barren River","ftype":558,"lengthKm":0.71,"hu8":"05110002","pid":"{25FB6111-7EC1-4F84-8CA0-873585B28129}"},"geometry":{"type":"MultiLineString","coordinates":[[[-86.20322,36.91382],[-86.20408,36.91201],[-86.20685,36.9082]]]}},{"type":"Feature","properties":{"kind":"minor-water","name":"Gardner Creek","ftype":460,"lengthKm":0.25,"hu8":"05110002","pid":"{34143A64-48BF-4FD9-B937-4BACB945A591}"},"geometry":{"type":"MultiLineString","coordinates":[[[-86.08304,37.04972],[-86.08467,37.04992],[-86.08579,37.04964]]]}},{"type":"Feature","properties":{"kind":"minor-water","name":"Little Muddy Creek","ftype":460,"lengthKm":0.03,"hu8":"05110002","pid":"{194C9DF2-AA3A-4A50-B0DF-BAB9101100B0}"},"geometry":{"type":"MultiLineString","coordinates":[[[-86.65162,37.16442],[-86.65148,37.16417]]]}},{"type":"Feature","properties":{"kind":"minor-water","name":"Gardner Creek","ftype":460,"lengthKm":0.31,"hu8":"05110002","pid":"{FD326C17-2B24-4BA8-92B9-104EDA45A600}"},"geometry":{"type":"MultiLineString","coordinates":[[[-86.09706,37.05391],[-86.09737,37.0542],[-86.0976,37.05611],[-86.09815,37.05626]]]}},{"type":"Feature","properties":{"kind":"minor-water","name":"Black Lick Creek","ftype":460,"lengthKm":0.18,"hu8":"05110002","pid":"{2BA9C7E7-91A5-47A8-94BE-6B3071229E43}"},"geometry":{"type":"MultiLineString","coordinates":[[[-86.70646,36.86286],[-86.70654,36.86316],[-86.70718,36.86307],[-86.70788,36.86357]]]}},{"type":"Feature","properties":{"kind":"minor-water","name":"Gardner Creek","ftype":460,"lengthKm":0.23,"hu8":"05110002","pid":"{412EFEEF-6C5C-4A99-9E8D-97157EACEEDB}"},"geometry":{"type":"MultiLineString","coordinates":[[[-86.08579,37.04964],[-86.08812,37.05059]]]}},{"type":"Feature","properties":{"kind":"minor-water","name":"Barren River","ftype":558,"lengthKm":0.17,"hu8":"05110002","pid":"{6223B3AD-07CA-4347-8631-EA43437C6CF0}"},"geometry":{"type":"MultiLineString","coordinates":[[[-86.42335,36.99903],[-86.42522,36.99895]]]}},{"type":"Feature","properties":{"kind":"minor-water","name":"Barren River","ftype":558,"lengthKm":0.21,"hu8":"05110002","pid":"{00B7BAB7-6407-4440-A31A-23736AC0F2A2}"},"geometry":{"type":"MultiLineString","coordinates":[[[-86.42522,36.99895],[-86.42733,36.99982]]]}},{"type":"Feature","properties":{"kind":"minor-water","name":"Barren River","ftype":558,"lengthKm":1.49,"hu8":"05110002","pid":"{45BD2C79-663D-4132-9540-28AFAD66408C}"},"geometry":{"type":"MultiLineString","coordinates":[[[-86.24309,36.92057],[-86.24704,36.9196],[-86.25256,36.9201],[-86.2545,36.92052],[-86.25885,36.92252]]]}},{"type":"Feature","properties":{"kind":"minor-water","name":"Trammel Creek","ftype":558,"lengthKm":0.69,"hu8":"05110002","pid":"{A3E20182-C828-4741-A0F4-61DB13B142D2}"},"geometry":{"type":"MultiLineString","coordinates":[[[-86.3529,36.84106],[-86.35138,36.84315],[-86.3497,36.8443],[-86.34855,36.8461]]]}},{"type":"Feature","properties":{"kind":"minor-water","name":"Nobob Creek","ftype":460,"lengthKm":0.08,"hu8":"05110002","pid":"{1468D13D-D59E-4A7D-A954-6BEFB14CD0F6}"},"geometry":{"type":"MultiLineString","coordinates":[[[-85.70867,36.87245],[-85.70958,36.87224]]]}},{"type":"Feature","properties":{"kind":"minor-water","name":"Bethel Branch","ftype":460,"lengthKm":0.74,"hu8":"05110002","pid":"{1E81C18E-FAC5-422F-9CC2-19196A705D6C}"},"geometry":{"type":"MultiLineString","coordinates":[[[-85.87365,36.74715],[-85.87949,36.7424]]]}},{"type":"Feature","properties":{"kind":"minor-water","name":"Beaver Creek","ftype":460,"lengthKm":0.99,"hu8":"05110002","pid":"{0FAE1161-E05D-4241-B574-BA153444544C}"},"geometry":{"type":"MultiLineString","coordinates":[[[-85.74142,36.98552],[-85.74251,36.98514],[-85.74613,36.98578],[-85.74708,36.98646],[-85.7474,36.98714],[-85.75092,36.98701],[-85.75139,36.98679]]]}},{"type":"Feature","properties":{"kind":"minor-water","name":"Beaver Creek","ftype":460,"lengthKm":0.2,"hu8":"05110002","pid":"{135821EF-7C0D-44D0-9729-751FE5CE1EA7}"},"geometry":{"type":"MultiLineString","coordinates":[[[-85.73952,36.98484],[-85.7404,36.98546],[-85.74142,36.98552]]]}},{"type":"Feature","properties":{"kind":"minor-water","name":"Falling Timber Creek","ftype":460,"lengthKm":0.57,"hu8":"05110002","pid":"{B8BF69C9-CD7F-4993-A98E-5079328AE1A3}"},"geometry":{"type":"MultiLineString","coordinates":[[[-85.73962,36.93766],[-85.74072,36.93713],[-85.74585,36.93661]]]}},{"type":"Feature","properties":{"kind":"minor-water","name":"Falling Timber Creek","ftype":460,"lengthKm":0.41,"hu8":"05110002","pid":"{543A3BC2-BAA5-4B3A-8B57-8660BFFA3729}"},"geometry":{"type":"MultiLineString","coordinates":[[[-85.73601,36.93992],[-85.73962,36.93766]]]}},{"type":"Feature","properties":{"kind":"minor-water","name":"Taylor Branch","ftype":460,"lengthKm":0.37,"hu8":"05110002","pid":"{64F3222D-4247-4146-9792-F4B634E81F95}"},"geometry":{"type":"MultiLineString","coordinates":[[[-85.73921,36.93035],[-85.73948,36.93078],[-85.74135,36.93135],[-85.74261,36.93214]]]}},{"type":"Feature","properties":{"kind":"minor-water","name":"Falling Timber Creek","ftype":460,"lengthKm":0.42,"hu8":"05110002","pid":"{8B2003D7-7380-47E5-ACD4-8A998D370985}"},"geometry":{"type":"MultiLineString","coordinates":[[[-85.70288,36.9269],[-85.70457,36.9304]]]}},{"type":"Feature","properties":{"kind":"minor-water","name":"Falling Timber Creek","ftype":460,"lengthKm":0.41,"hu8":"05110002","pid":"{449DBCAF-8DDF-48FF-86EB-73268F24AD87}"},"geometry":{"type":"MultiLineString","coordinates":[[[-85.70035,36.92393],[-85.7027,36.92619],[-85.70288,36.9269]]]}},{"type":"Feature","properties":{"kind":"minor-water","name":"Taylor Branch","ftype":460,"lengthKm":0.33,"hu8":"05110002","pid":"{8A499421-00B9-4D24-B1E8-CF203AD2D8CA}"},"geometry":{"type":"MultiLineString","coordinates":[[[-85.73251,36.92284],[-85.7336,36.92563]]]}},{"type":"Feature","properties":{"kind":"minor-water","name":"Taylor Branch","ftype":460,"lengthKm":0.09,"hu8":"05110002","pid":"{5BF1F5E2-0C7D-41B9-8350-5496E3EA6DBB}"},"geometry":{"type":"MultiLineString","coordinates":[[[-85.73179,36.92231],[-85.73251,36.92284]]]}},{"type":"Feature","properties":{"kind":"minor-water","name":"Nobob Creek","ftype":460,"lengthKm":0.11,"hu8":"05110002","pid":"{8934D0CB-7136-46B3-B0DE-F53BE414A98E}"},"geometry":{"type":"MultiLineString","coordinates":[[[-85.70771,36.87211],[-85.70805,36.8725],[-85.70867,36.87245]]]}},{"type":"Feature","properties":{"kind":"minor-water","name":"Glover Creek","ftype":460,"lengthKm":0.58,"hu8":"05110002","pid":"{AE730FB2-0039-44CA-910F-88D65042C4FE}"},"geometry":{"type":"MultiLineString","coordinates":[[[-85.73342,36.89073],[-85.7355,36.89065],[-85.73797,36.89133],[-85.73983,36.89114]]]}},{"type":"Feature","properties":{"kind":"minor-water","name":"Goose Creek","ftype":460,"lengthKm":0.62,"hu8":"05110002","pid":"{BF46945B-BDB6-4907-B21A-8BF2CF16900E}"},"geometry":{"type":"MultiLineString","coordinates":[[[-85.70333,36.83422],[-85.70487,36.83062],[-85.70476,36.82884]]]}},{"type":"Feature","properties":{"kind":"minor-water","name":"Skaggs Creek","ftype":460,"lengthKm":0.36,"hu8":"05110002","pid":"{8094E7AA-E256-463C-996C-F66E473C7760}"},"geometry":{"type":"MultiLineString","coordinates":[[[-85.66432,36.83008],[-85.66487,36.82953],[-85.66498,36.82814],[-85.66563,36.82716]]]}},{"type":"Feature","properties":{"kind":"minor-water","name":"Skaggs Creek","ftype":460,"lengthKm":0.2,"hu8":"05110002","pid":"{EC5DDE75-7490-4CDC-993C-055EF34A3FDF}"},"geometry":{"type":"MultiLineString","coordinates":[[[-85.66349,36.83175],[-85.66432,36.83008]]]}},{"type":"Feature","properties":{"kind":"minor-water","name":"Falling Timber Creek","ftype":460,"lengthKm":0.44,"hu8":"05110002","pid":"{1F2587EF-D6AD-4C67-AB71-C24568EB5696}"},"geometry":{"type":"MultiLineString","coordinates":[[[-85.73205,36.94209],[-85.73356,36.94079],[-85.73601,36.93992]]]}},{"type":"Feature","properties":{"kind":"minor-water","name":"Lick Creek","ftype":460,"lengthKm":0.35,"hu8":"05110002","pid":"{A329206F-0EDD-4A35-A23C-275FC60373B4}"},"geometry":{"type":"MultiLineString","coordinates":[[[-86.48401,36.77775],[-86.48439,36.78088]]]}},{"type":"Feature","properties":{"kind":"minor-water","name":"West Fork Drakes Creek","ftype":558,"lengthKm":0.22,"hu8":"05110002","pid":"{3330EE1D-941A-47AB-85B5-9C8FD77E3562}"},"geometry":{"type":"MultiLineString","coordinates":[[[-86.41767,36.84022],[-86.41761,36.83878],[-86.41725,36.83835]]]}},{"type":"Feature","properties":{"kind":"minor-water","name":"Trammel Creek","ftype":460,"lengthKm":0.03,"hu8":"05110002","pid":"{D1AEC9C8-A664-4ED5-8801-47ED39846030}"},"geometry":{"type":"MultiLineString","coordinates":[[[-86.24728,36.70229],[-86.24752,36.70243]]]}},{"type":"Feature","properties":{"kind":"minor-water","name":"Trammel Creek","ftype":460,"lengthKm":0.02,"hu8":"05110002","pid":"{F111AA8C-E7DB-47BB-A511-21487EF636EE}"},"geometry":{"type":"MultiLineString","coordinates":[[[-86.20339,36.64943],[-86.2034,36.64957]]]}},{"type":"Feature","properties":{"kind":"minor-water","name":"Rock House Creek","ftype":558,"lengthKm":0.01,"hu8":"05110002","pid":"{47FA4F57-585E-479F-AC0E-B83EECB84E09}"},"geometry":{"type":"MultiLineString","coordinates":[[[-86.70424,36.97698],[-86.70414,36.97699]]]}},{"type":"Feature","properties":{"kind":"minor-water","name":"Doddy Branch","ftype":558,"lengthKm":0.01,"hu8":"05110002","pid":"{D1B0104F-203C-4FA9-9303-968DF12232E6}"},"geometry":{"type":"MultiLineString","coordinates":[[[-86.11367,36.65684],[-86.11359,36.65685]]]}},{"type":"Feature","properties":{"kind":"minor-water","name":"Difficult Creek","ftype":558,"lengthKm":0.02,"hu8":"05110002","pid":"{1E45B459-4DB9-48B1-8A16-820DA9DDE721}"},"geometry":{"type":"MultiLineString","coordinates":[[[-86.14133,36.89219],[-86.14136,36.89239]]]}},{"type":"Feature","properties":{"kind":"minor-water","name":"Johns Creek","ftype":558,"lengthKm":0.01,"hu8":"05110002","pid":"{2A6BA3C7-5F1D-47A5-961E-5DF30EE93AD6}"},"geometry":{"type":"MultiLineString","coordinates":[[[-86.307,36.77298],[-86.30698,36.77308]]]}},{"type":"Feature","properties":{"kind":"minor-water","name":"South Fork Beaver Creek","ftype":558,"lengthKm":0.02,"hu8":"05110002","pid":"{AFF40CF1-ECE2-4E9E-8F6B-4F9C7A696D1A}"},"geometry":{"type":"MultiLineString","coordinates":[[[-85.9806,36.98177],[-85.98087,36.98172]]]}},{"type":"Feature","properties":{"kind":"minor-water","name":"Middle Fork Drakes Creek","ftype":558,"lengthKm":0.43,"hu8":"05110002","pid":"{528926CE-8082-4688-B1C6-D94BB39CF012}"},"geometry":{"type":"MultiLineString","coordinates":[[[-86.37864,36.72061],[-86.37989,36.72271],[-86.38171,36.72329]]]}},{"type":"Feature","properties":{"kind":"minor-water","name":"Sulphur Fork Creek","ftype":460,"lengthKm":0.32,"hu8":"05110002","pid":"{B083C120-FCE5-4AC9-A4AF-695BCC7398DE}"},"geometry":{"type":"MultiLineString","coordinates":[[[-86.41354,36.66008],[-86.4138,36.66156],[-86.41286,36.66182],[-86.41277,36.66244]]]}},{"type":"Feature","properties":{"kind":"minor-water","name":"Lick Creek","ftype":460,"lengthKm":1.18,"hu8":"05110002","pid":"{3B80E267-D9E8-4822-98E6-14B45FF976E1}"},"geometry":{"type":"MultiLineString","coordinates":[[[-86.48611,36.78378],[-86.486,36.7844],[-86.4871,36.78589],[-86.48993,36.78863],[-86.49061,36.79115],[-86.49108,36.79158],[-86.49238,36.79171],[-86.49281,36.79205]]]}},{"type":"Feature","properties":{"kind":"minor-water","name":"Lick Creek","ftype":460,"lengthKm":0.49,"hu8":"05110002","pid":"{D189162F-FF80-4C91-85D0-7D2122BF8758}"},"geometry":{"type":"MultiLineString","coordinates":[[[-86.48237,36.77411],[-86.48457,36.77581],[-86.48401,36.77775]]]}},{"type":"Feature","properties":{"kind":"minor-water","name":"West Bays Fork","ftype":460,"lengthKm":0.19,"hu8":"05110002","pid":"{3677D1AA-DBC3-4D0E-A765-679D28E42CC0}"},"geometry":{"type":"MultiLineString","coordinates":[[[-86.20327,36.75776],[-86.20224,36.75927]]]}},{"type":"Feature","properties":{"kind":"minor-water","name":"East Fork Barren River","ftype":460,"lengthKm":0.22,"hu8":"05110002","pid":"{2EF08262-6F66-4E7B-B7EC-04546FDE78E8}"},"geometry":{"type":"MultiLineString","coordinates":[[[-85.66178,36.77168],[-85.66352,36.77147],[-85.66401,36.77112]]]}},{"type":"Feature","properties":{"kind":"minor-water","name":"Middle Fork Drakes Creek","ftype":558,"lengthKm":0.18,"hu8":"05110002","pid":"{A70879B3-4F56-4925-97DE-5F69ED5C0AA1}"},"geometry":{"type":"MultiLineString","coordinates":[[[-86.34091,36.67938],[-86.34081,36.681]]]}},{"type":"Feature","properties":{"kind":"minor-water","name":"East Fork Barren River","ftype":460,"lengthKm":0.08,"hu8":"05110002","pid":"{C84D49EA-0206-4EBD-B012-9A734BF581CB}"},"geometry":{"type":"MultiLineString","coordinates":[[[-85.66091,36.77194],[-85.66178,36.77168]]]}},{"type":"Feature","properties":{"kind":"minor-water","name":"East Fork Barren River","ftype":460,"lengthKm":0.07,"hu8":"05110002","pid":"{C061FEE1-D474-4C1D-8EE2-DF8828F08873}"},"geometry":{"type":"MultiLineString","coordinates":[[[-85.65776,36.77331],[-85.65847,36.77311]]]}},{"type":"Feature","properties":{"kind":"minor-water","name":"Caney Fork","ftype":460,"lengthKm":0.32,"hu8":"05110002","pid":"{9EB9D73E-60FB-4066-B20E-13436C030E15}"},"geometry":{"type":"MultiLineString","coordinates":[[[-85.95586,36.84992],[-85.95728,36.85003],[-85.95912,36.85093]]]}},{"type":"Feature","properties":{"kind":"minor-water","name":"Caney Fork","ftype":460,"lengthKm":0.03,"hu8":"05110002","pid":"{42535177-DDF6-4128-84B7-4C4D8B6D7B1A}"},"geometry":{"type":"MultiLineString","coordinates":[[[-85.95249,36.84995],[-85.95265,36.85014]]]}},{"type":"Feature","properties":{"kind":"minor-water","name":"Caney Fork","ftype":460,"lengthKm":0.29,"hu8":"05110002","pid":"{7049D909-10A4-49EC-81C5-4342F0F3182D}"},"geometry":{"type":"MultiLineString","coordinates":[[[-85.95265,36.85014],[-85.9542,36.84982],[-85.95586,36.84992]]]}},{"type":"Feature","properties":{"kind":"minor-water","name":"Middle Fork Drakes Creek","ftype":558,"lengthKm":0.17,"hu8":"05110002","pid":"{253D1592-2167-4A44-816D-DCBAA3E745B4}"},"geometry":{"type":"MultiLineString","coordinates":[[[-86.34213,36.66293],[-86.34198,36.66448]]]}},{"type":"Feature","properties":{"kind":"minor-water","name":"Middle Fork Drakes Creek","ftype":558,"lengthKm":0.3,"hu8":"05110002","pid":"{9FFDB635-A7DC-4B98-8C87-3F2BA8FBF991}"},"geometry":{"type":"MultiLineString","coordinates":[[[-86.34198,36.66448],[-86.34133,36.66531],[-86.34221,36.66569],[-86.34213,36.66657]]]}},{"type":"Feature","properties":{"kind":"minor-water","name":"Middle Fork Drakes Creek","ftype":558,"lengthKm":0.73,"hu8":"05110002","pid":"{67B96C7C-8814-4C0A-8024-560388611CFE}"},"geometry":{"type":"MultiLineString","coordinates":[[[-86.34934,36.68692],[-86.34938,36.68829],[-86.34859,36.68964],[-86.34807,36.69162],[-86.34811,36.69331]]]}},{"type":"Feature","properties":{"kind":"minor-water","name":"Difficult Creek","ftype":460,"lengthKm":0.23,"hu8":"05110002","pid":"{C39F44B1-33F5-42AE-AB42-78FF88FDF4E9}"},"geometry":{"type":"MultiLineString","coordinates":[[[-86.14033,36.8058],[-86.13971,36.80614],[-86.14024,36.8075]]]}},{"type":"Feature","properties":{"kind":"minor-water","name":"Difficult Creek","ftype":460,"lengthKm":0.28,"hu8":"05110002","pid":"{B1076F60-F71E-49C8-BDDF-02B874B371A6}"},"geometry":{"type":"MultiLineString","coordinates":[[[-86.13933,36.7924],[-86.13865,36.79299],[-86.13828,36.79466]]]}},{"type":"Feature","properties":{"kind":"minor-water","name":"Buck Creek","ftype":460,"lengthKm":0.79,"hu8":"05110002","pid":"{FB237A92-FF9E-45C4-B3B5-9A8DDCF43231}"},"geometry":{"type":"MultiLineString","coordinates":[[[-86.1051,36.96818],[-86.10642,36.96768],[-86.10842,36.96763],[-86.11056,36.96669],[-86.11201,36.96671],[-86.11312,36.96581]]]}},{"type":"Feature","properties":{"kind":"minor-water","name":"Doty Creek","ftype":460,"lengthKm":0.51,"hu8":"05110002","pid":"{94786F8B-BA0C-4CC7-95B8-73EF440ED01C}"},"geometry":{"type":"MultiLineString","coordinates":[[[-86.15498,36.97726],[-86.16033,36.97898]]]}},{"type":"Feature","properties":{"kind":"minor-water","name":"Doty Creek","ftype":460,"lengthKm":0.36,"hu8":"05110002","pid":"{64CBB41E-CF23-4604-BE16-DBD3408EFE7D}"},"geometry":{"type":"MultiLineString","coordinates":[[[-86.15177,36.97533],[-86.15332,36.97657],[-86.15498,36.97726]]]}},{"type":"Feature","properties":{"kind":"minor-water","name":"Barren River","ftype":558,"lengthKm":0.92,"hu8":"05110002","pid":"{6AB1C72A-6882-43F8-9212-6DC024FE04AB}"},"geometry":{"type":"MultiLineString","coordinates":[[[-86.44743,37.01505],[-86.4495,37.01435],[-86.45277,37.0141],[-86.45752,37.01458]]]}},{"type":"Feature","properties":{"kind":"minor-water","name":"Barren River","ftype":558,"lengthKm":0.67,"hu8":"05110002","pid":"{C7AF1DDB-8428-4C88-A390-9128C1073907}"},"geometry":{"type":"MultiLineString","coordinates":[[[-86.4284,37.00023],[-86.43168,37.00227],[-86.43288,37.00481]]]}},{"type":"Feature","properties":{"kind":"minor-water","name":"Drakes Creek","ftype":558,"lengthKm":0.25,"hu8":"05110002","pid":"{AE471D92-A8DB-4071-91CD-A508208259CA}"},"geometry":{"type":"MultiLineString","coordinates":[[[-86.39436,36.90483],[-86.39602,36.90666]]]}},{"type":"Feature","properties":{"kind":"minor-water","name":"Mill Creek","ftype":460,"lengthKm":0.36,"hu8":"05110002","pid":"{FA74857E-CC15-4569-8B61-59AE02C1E53B}"},"geometry":{"type":"MultiLineString","coordinates":[[[-85.8185,36.81778],[-85.81732,36.81971],[-85.81751,36.82082]]]}},{"type":"Feature","properties":{"kind":"minor-water","name":"East Fork Barren River","ftype":460,"lengthKm":0.19,"hu8":"05110002","pid":"{2716FB3E-F8E1-45F4-8D51-F80389308210}"},"geometry":{"type":"MultiLineString","coordinates":[[[-85.67033,36.76573],[-85.6724,36.76522]]]}},{"type":"Feature","properties":{"kind":"minor-water","name":"East Fork Barren River","ftype":460,"lengthKm":0.46,"hu8":"05110002","pid":"{96E70E18-2ABA-4DE9-9832-B6888F06F8F4}"},"geometry":{"type":"MultiLineString","coordinates":[[[-85.68981,36.74654],[-85.69337,36.7457],[-85.6947,36.74606]]]}},{"type":"Feature","properties":{"kind":"minor-water","name":"Line Creek","ftype":558,"lengthKm":0.11,"hu8":"05110002","pid":"{E835BFA5-C4C2-4DDF-9941-969FC8CFF398}"},"geometry":{"type":"MultiLineString","coordinates":[[[-85.79064,36.63184],[-85.79068,36.63224],[-85.79137,36.63246]]]}},{"type":"Feature","properties":{"kind":"minor-water","name":"Curtis Branch","ftype":460,"lengthKm":0.84,"hu8":"05110002","pid":"{E7DB24E8-7241-474D-BFDE-DBDB0D23D75E}"},"geometry":{"type":"MultiLineString","coordinates":[[[-85.70685,36.69976],[-85.70629,36.69958],[-85.70617,36.69922],[-85.70634,36.69786],[-85.70902,36.69298]]]}},{"type":"Feature","properties":{"kind":"minor-water","name":"Barren River","ftype":558,"lengthKm":0.74,"hu8":"05110002","pid":"{B9203EB1-82E6-469F-884D-797BD189088C}"},"geometry":{"type":"MultiLineString","coordinates":[[[-85.94771,36.67024],[-85.94996,36.67102],[-85.95388,36.67448]]]}},{"type":"Feature","properties":{"kind":"minor-water","name":"Barren River","ftype":558,"lengthKm":0.18,"hu8":"05110002","pid":"{19D6755F-A304-499C-AD76-C6360938A5B2}"},"geometry":{"type":"MultiLineString","coordinates":[[[-85.94622,36.66914],[-85.94771,36.67024]]]}},{"type":"Feature","properties":{"kind":"minor-water","name":"Long Creek","ftype":558,"lengthKm":0.12,"hu8":"05110002","pid":"{4F5F19FF-9DA8-40B0-BE6C-FA05608D05E1}"},"geometry":{"type":"MultiLineString","coordinates":[[[-86.09136,36.70064],[-86.09089,36.70085],[-86.09018,36.70065]]]}},{"type":"Feature","properties":{"kind":"minor-water","name":"Dry Creek","ftype":460,"lengthKm":0.27,"hu8":"05110002","pid":"{25DC91D9-2D25-4A8E-BC15-1EEF534D71B1}"},"geometry":{"type":"MultiLineString","coordinates":[[[-86.09406,36.70176],[-86.09315,36.70112],[-86.09146,36.70064]]]}},{"type":"Feature","properties":{"kind":"minor-water","name":"Long Creek","ftype":558,"lengthKm":0.39,"hu8":"05110002","pid":"{AC058BF8-BFF5-4A90-B641-C3A8A03B96CA}"},"geometry":{"type":"MultiLineString","coordinates":[[[-86.05538,36.73281],[-86.05353,36.73175],[-86.05243,36.73157],[-86.05148,36.73176]]]}},{"type":"Feature","properties":{"kind":"minor-water","name":"Bays Fork","ftype":460,"lengthKm":0.42,"hu8":"05110002","pid":"{C0E3E5AD-AB5B-46E2-97D2-A529D93574B0}"},"geometry":{"type":"MultiLineString","coordinates":[[[-86.1752,36.77672],[-86.17635,36.77714],[-86.17768,36.77709],[-86.1794,36.7781]]]}},{"type":"Feature","properties":{"kind":"minor-water","name":"Rays Branch","ftype":460,"lengthKm":0.37,"hu8":"05110002","pid":"{A95DD57B-763B-4E5C-92A5-846FF0E7E4F0}"},"geometry":{"type":"MultiLineString","coordinates":[[[-86.44382,37.05725],[-86.44628,37.0599]]]}},{"type":"Feature","properties":{"kind":"minor-water","name":"West Bays Fork","ftype":460,"lengthKm":0.48,"hu8":"05110002","pid":"{FD9F1799-72F4-4910-8C3C-1E8D40434F26}"},"geometry":{"type":"MultiLineString","coordinates":[[[-86.19728,36.7492],[-86.19835,36.75],[-86.20186,36.75149]]]}},{"type":"Feature","properties":{"kind":"minor-water","name":"Little Muddy Creek","ftype":460,"lengthKm":0.49,"hu8":"05110002","pid":"{2621D34B-CF30-4B62-B3B0-E164064888EF}"},"geometry":{"type":"MultiLineString","coordinates":[[[-86.67722,37.09473],[-86.67584,37.09497],[-86.67605,37.09269],[-86.67486,37.09273]]]}},{"type":"Feature","properties":{"kind":"minor-water","name":"West Bays Fork","ftype":460,"lengthKm":0.15,"hu8":"05110002","pid":"{3E864974-6CA6-420A-B3D4-9B114D296590}"},"geometry":{"type":"MultiLineString","coordinates":[[[-86.19626,36.74818],[-86.19728,36.7492]]]}},{"type":"Feature","properties":{"kind":"minor-water","name":"Smyrna Creek","ftype":460,"lengthKm":1.76,"hu8":"05110002","pid":"{8414A970-512F-477F-9F9E-426B8CECEFD8}"},"geometry":{"type":"MultiLineString","coordinates":[[[-86.3901,36.67244],[-86.39153,36.67526],[-86.39208,36.67835],[-86.39338,36.67976],[-86.39352,36.68289],[-86.39578,36.68501],[-86.39792,36.68599]]]}},{"type":"Feature","properties":{"kind":"minor-water","name":"Sulphur Fork Creek","ftype":558,"lengthKm":0.07,"hu8":"05110002","pid":"{C5E93AF9-288B-4415-AA41-F4FDF94A26FA}"},"geometry":{"type":"MultiLineString","coordinates":[[[-86.41384,36.70302],[-86.4131,36.70317]]]}},{"type":"Feature","properties":{"kind":"minor-water","name":"Hurricane Creek","ftype":460,"lengthKm":0.4,"hu8":"05110002","pid":"{FE4DFD56-868E-47A7-91E6-0988881DD30D}"},"geometry":{"type":"MultiLineString","coordinates":[[[-86.08528,36.83851],[-86.08486,36.83912],[-86.08536,36.83976],[-86.08527,36.84045],[-86.08442,36.84088],[-86.0841,36.84146]]]}},{"type":"Feature","properties":{"kind":"minor-water","name":"Hurricane Creek","ftype":460,"lengthKm":0.25,"hu8":"05110002","pid":"{10B8F274-5FB9-4E59-8BA1-B6029B00793F}"},"geometry":{"type":"MultiLineString","coordinates":[[[-86.08714,36.83418],[-86.0877,36.83566],[-86.08756,36.83634]]]}},{"type":"Feature","properties":{"kind":"minor-water","name":"Sulphur Fork Creek","ftype":558,"lengthKm":0.02,"hu8":"05110002","pid":"{A5D47744-F9AF-4796-9A4D-39FFD6E61939}"},"geometry":{"type":"MultiLineString","coordinates":[[[-86.41268,36.72447],[-86.41259,36.72461]]]}},{"type":"Feature","properties":{"kind":"minor-water","name":"Johns Creek","ftype":460,"lengthKm":0.47,"hu8":"05110002","pid":"{6D37D57D-8F9E-41A6-87A4-2D27BA447FDC}"},"geometry":{"type":"MultiLineString","coordinates":[[[-86.32249,36.74677],[-86.32135,36.74777],[-86.32071,36.7493],[-86.32107,36.7499],[-86.32054,36.75029]]]}},{"type":"Feature","properties":{"kind":"minor-water","name":"Johns Creek","ftype":460,"lengthKm":0.57,"hu8":"05110002","pid":"{92912D41-9B13-4C80-8A8E-EA451590BEC2}"},"geometry":{"type":"MultiLineString","coordinates":[[[-86.311,36.76234],[-86.31086,36.76337],[-86.30884,36.76415],[-86.30887,36.76484],[-86.30807,36.765],[-86.30748,36.7658]]]}},{"type":"Feature","properties":{"kind":"minor-water","name":"Big Branch","ftype":460,"lengthKm":1.37,"hu8":"05110002","pid":"{E63E7D98-0193-413F-A377-BB56BDC8DFC6}"},"geometry":{"type":"MultiLineString","coordinates":[[[-86.22685,36.74503],[-86.22644,36.74571],[-86.22645,36.75],[-86.22681,36.75187],[-86.22667,36.754],[-86.22726,36.75724]]]}},{"type":"Feature","properties":{"kind":"minor-water","name":"Big Branch","ftype":460,"lengthKm":0.04,"hu8":"05110002","pid":"{2FDBD79A-7C7C-40B2-AEE8-84C3CF0E2C31}"},"geometry":{"type":"MultiLineString","coordinates":[[[-86.22726,36.75724],[-86.22686,36.75742]]]}},{"type":"Feature","properties":{"kind":"minor-water","name":"Big Branch","ftype":460,"lengthKm":0.48,"hu8":"05110002","pid":"{DED2BE5A-37D5-49B0-BA8F-CF16D5248509}"},"geometry":{"type":"MultiLineString","coordinates":[[[-86.23042,36.77268],[-86.22968,36.77699]]]}},{"type":"Feature","properties":{"kind":"minor-water","name":"Big Branch","ftype":460,"lengthKm":0.54,"hu8":"05110002","pid":"{B933B2F0-1884-4131-BA8F-51D52AD6DD59}"},"geometry":{"type":"MultiLineString","coordinates":[[[-86.23008,36.766],[-86.23042,36.76759],[-86.22995,36.7708]]]}},{"type":"Feature","properties":{"kind":"minor-water","name":"Big Branch","ftype":460,"lengthKm":0.02,"hu8":"05110002","pid":"{FC62E485-BAE8-4D64-A005-00D363743EF3}"},"geometry":{"type":"MultiLineString","coordinates":[[[-86.23039,36.77254],[-86.23042,36.77268]]]}},{"type":"Feature","properties":{"kind":"minor-water","name":"Big Branch","ftype":460,"lengthKm":0.21,"hu8":"05110002","pid":"{FB5418C2-A162-4110-86B4-A2FE98CC5FB8}"},"geometry":{"type":"MultiLineString","coordinates":[[[-86.22995,36.7708],[-86.22999,36.7721],[-86.23039,36.77254]]]}},{"type":"Feature","properties":{"kind":"minor-water","name":"Big Spring Branch","ftype":460,"lengthKm":0.14,"hu8":"05110002","pid":"{F5BF5A67-92EC-4504-88C6-CE262ABBB4E6}"},"geometry":{"type":"MultiLineString","coordinates":[[[-86.36787,36.78671],[-86.36942,36.78675]]]}},{"type":"Feature","properties":{"kind":"minor-water","name":"Lick Creek","ftype":460,"lengthKm":0.46,"hu8":"05110002","pid":"{2126E304-18C8-40C1-82CF-9C3CDE7D963E}"},"geometry":{"type":"MultiLineString","coordinates":[[[-86.47894,36.7128],[-86.47896,36.71535],[-86.47806,36.71591],[-86.4781,36.71659]]]}},{"type":"Feature","properties":{"kind":"minor-water","name":"Lick Creek","ftype":460,"lengthKm":0.95,"hu8":"05110002","pid":"{83790623-12EC-4089-A809-B7C7CD66AD0E}"},"geometry":{"type":"MultiLineString","coordinates":[[[-86.4781,36.71659],[-86.48058,36.72189],[-86.48263,36.72354],[-86.48253,36.72408]]]}},{"type":"Feature","properties":{"kind":"minor-water","name":"Lick Creek","ftype":460,"lengthKm":0.27,"hu8":"05110002","pid":"{88D7A810-566D-4395-B610-2D4B1CADE931}"},"geometry":{"type":"MultiLineString","coordinates":[[[-86.48253,36.72408],[-86.48324,36.72439],[-86.48465,36.72428],[-86.48532,36.72463]]]}},{"type":"Feature","properties":{"kind":"minor-water","name":"Chism Creek","ftype":460,"lengthKm":0.25,"hu8":"05110002","pid":"{769C37A2-B3C9-44D8-9DAF-8865C45DAF73}"},"geometry":{"type":"MultiLineString","coordinates":[[[-86.57329,36.96936],[-86.57473,36.97024],[-86.57577,36.97036]]]}},{"type":"Feature","properties":{"kind":"minor-water","name":"Lick Creek","ftype":460,"lengthKm":0.35,"hu8":"05110002","pid":"{F190931B-6751-444F-A8D3-30CA0DF1F5B5}"},"geometry":{"type":"MultiLineString","coordinates":[[[-86.47799,36.71028],[-86.47846,36.71191],[-86.47801,36.71244],[-86.47894,36.7128]]]}},{"type":"Feature","properties":{"kind":"minor-water","name":"Lick Creek","ftype":460,"lengthKm":0.36,"hu8":"05110002","pid":"{3F82BC44-770B-47ED-89C0-7A0F0FE1E952}"},"geometry":{"type":"MultiLineString","coordinates":[[[-86.48439,36.78088],[-86.4852,36.78165],[-86.48611,36.78378]]]}},{"type":"Feature","properties":{"kind":"minor-water","name":"Sharps Branch","ftype":460,"lengthKm":0.11,"hu8":"05110002","pid":"{34E51B21-BF82-45B2-B2FF-7297A085CC3F}"},"geometry":{"type":"MultiLineString","coordinates":[[[-86.54777,36.69184],[-86.54678,36.69237]]]}},{"type":"Feature","properties":{"kind":"minor-water","name":"Belcher Creek","ftype":460,"lengthKm":0.03,"hu8":"05110002","pid":"{B0E334B4-1225-4FBA-BDC0-1F3FCBE222AC}"},"geometry":{"type":"MultiLineString","coordinates":[[[-86.66187,37.04225],[-86.66195,37.04249]]]}},{"type":"Feature","properties":{"kind":"minor-water","name":"Belcher Creek","ftype":460,"lengthKm":0.42,"hu8":"05110002","pid":"{8BAA332C-57A5-4696-A8CF-E348A4D10233}"},"geometry":{"type":"MultiLineString","coordinates":[[[-86.66248,37.03864],[-86.66246,37.0401],[-86.66171,37.04157],[-86.66187,37.04225]]]}},{"type":"Feature","properties":{"kind":"minor-water","name":"West Fork Drakes Creek","ftype":558,"lengthKm":0.52,"hu8":"05110002","pid":"{64B51D47-78BB-44BF-B703-8B939640AA4D}"},"geometry":{"type":"MultiLineString","coordinates":[[[-86.53809,36.70369],[-86.53829,36.70467],[-86.54007,36.70573],[-86.54075,36.70587],[-86.54237,36.70548]]]}},{"type":"Feature","properties":{"kind":"minor-water","name":"Sinking Creek","ftype":460,"lengthKm":0.22,"hu8":"05110002","pid":"{7FE4AB40-E7FC-45EB-9A69-72E749969ACF}"},"geometry":{"type":"MultiLineString","coordinates":[[[-86.58929,36.78352],[-86.59004,36.7843],[-86.58955,36.78523]]]}},{"type":"Feature","properties":{"kind":"minor-water","name":"Lick Creek","ftype":460,"lengthKm":0.08,"hu8":"05110002","pid":"{B02AD050-8061-42C8-820D-5F630640419C}"},"geometry":{"type":"MultiLineString","coordinates":[[[-86.63607,37.05013],[-86.63684,37.04972]]]}},{"type":"Feature","properties":{"kind":"minor-water","name":"Belcher Creek","ftype":460,"lengthKm":0.58,"hu8":"05110002","pid":"{FD9C0E83-AA8E-4588-B325-880516852098}"},"geometry":{"type":"MultiLineString","coordinates":[[[-86.66195,37.04249],[-86.66191,37.04324],[-86.6622,37.04334],[-86.66267,37.04534],[-86.6623,37.04638],[-86.66147,37.04728]]]}},{"type":"Feature","properties":{"kind":"minor-water","name":"Barren River","ftype":558,"lengthKm":0.65,"hu8":"05110002","pid":"{233D6917-AEDC-4770-AA3A-8E78197B3C2E}"},"geometry":{"type":"MultiLineString","coordinates":[[[-86.49815,37.03508],[-86.49854,37.03683],[-86.49823,37.04088]]]}},{"type":"Feature","properties":{"kind":"minor-water","name":"Difficult Creek","ftype":460,"lengthKm":0.66,"hu8":"05110002","pid":"{5DC285CB-6971-44C9-8C85-C9D10FCFBE40}"},"geometry":{"type":"MultiLineString","coordinates":[[[-86.13987,36.79994],[-86.13947,36.80232],[-86.14002,36.80349],[-86.14033,36.8058]]]}},{"type":"Feature","properties":{"kind":"minor-water","name":"Difficult Creek","ftype":460,"lengthKm":0.09,"hu8":"05110002","pid":"{D1CC907B-BCAB-46EC-97A5-7BD46B9B202C}"},"geometry":{"type":"MultiLineString","coordinates":[[[-86.14024,36.8075],[-86.14058,36.80827]]]}},{"type":"Feature","properties":{"kind":"minor-water","name":"Hurricane Creek","ftype":460,"lengthKm":0.08,"hu8":"05110002","pid":"{0436448A-DC4E-4E3A-8E2C-2830A40BDF4A}"},"geometry":{"type":"MultiLineString","coordinates":[[[-86.08756,36.83634],[-86.0869,36.83684]]]}},{"type":"Feature","properties":{"kind":"minor-water","name":"Solomon Creek","ftype":460,"lengthKm":0.9,"hu8":"05110002","pid":"{6DB49959-206F-42F4-B7FF-A127ABFB6985}"},"geometry":{"type":"MultiLineString","coordinates":[[[-86.11234,36.82262],[-86.11361,36.82278],[-86.11496,36.82353],[-86.11762,36.82393],[-86.12108,36.82614]]]}},{"type":"Feature","properties":{"kind":"minor-water","name":"Hurricane Creek","ftype":460,"lengthKm":0.31,"hu8":"05110002","pid":"{3DAFE354-4BFA-4F89-AEC3-80306CBD47E9}"},"geometry":{"type":"MultiLineString","coordinates":[[[-86.089,36.82869],[-86.08893,36.82941],[-86.08812,36.83017],[-86.08781,36.8312]]]}},{"type":"Feature","properties":{"kind":"minor-water","name":"Barren River","ftype":558,"lengthKm":0.11,"hu8":"05110002","pid":"{03BFE857-CC12-416D-9EA5-8C98D9E58017}"},"geometry":{"type":"MultiLineString","coordinates":[[[-86.42733,36.99982],[-86.4284,37.00023]]]}},{"type":"Feature","properties":{"kind":"minor-water","name":"Drakes Creek","ftype":558,"lengthKm":0.08,"hu8":"05110002","pid":"{FE421416-F17D-4EBC-BEB0-25D2E2F79F13}"},"geometry":{"type":"MultiLineString","coordinates":[[[-86.3884,36.90496],[-86.38925,36.90476]]]}},{"type":"Feature","properties":{"kind":"minor-water","name":"Jennings Creek","ftype":460,"lengthKm":0.22,"hu8":"05110002","pid":"{6C97957A-66EE-4064-81B4-E6B6540F6194}"},"geometry":{"type":"MultiLineString","coordinates":[[[-86.49012,36.96637],[-86.48987,36.96663],[-86.49006,36.96731],[-86.48935,36.96807]]]}},{"type":"Feature","properties":{"kind":"minor-water","name":"Jennings Creek","ftype":460,"lengthKm":0.02,"hu8":"05110002","pid":"{7E6256AE-72EB-4323-9F4E-228C2E803C8D}"},"geometry":{"type":"MultiLineString","coordinates":[[[-86.48866,36.96796],[-86.48841,36.96799]]]}},{"type":"Feature","properties":{"kind":"minor-water","name":"Little Trammel Creek","ftype":460,"lengthKm":0.15,"hu8":"05110002","pid":"{F3EAF4E6-BA59-47B9-BBC8-063F778B4E2D}"},"geometry":{"type":"MultiLineString","coordinates":[[[-86.25054,36.69087],[-86.25092,36.69214]]]}},{"type":"Feature","properties":{"kind":"minor-water","name":"Little Trammel Creek","ftype":460,"lengthKm":0.28,"hu8":"05110002","pid":"{CAC5712A-B7AD-469E-8EF0-725A391DF0C3}"},"geometry":{"type":"MultiLineString","coordinates":[[[-86.25277,36.68648],[-86.25136,36.68876]]]}},{"type":"Feature","properties":{"kind":"minor-water","name":"Little Trammel Creek","ftype":460,"lengthKm":0.27,"hu8":"05110002","pid":"{F0DC8F4B-D0D7-4858-83ED-029B283C8529}"},"geometry":{"type":"MultiLineString","coordinates":[[[-86.25127,36.69263],[-86.25159,36.69383],[-86.25128,36.69499]]]}},{"type":"Feature","properties":{"kind":"minor-water","name":"Little Trammel Creek","ftype":460,"lengthKm":0.06,"hu8":"05110002","pid":"{8C63AF00-5165-4838-98A8-BAADDDD5E905}"},"geometry":{"type":"MultiLineString","coordinates":[[[-86.25092,36.69214],[-86.25127,36.69263]]]}},{"type":"Feature","properties":{"kind":"minor-water","name":"Little Trammel Creek","ftype":460,"lengthKm":0.25,"hu8":"05110002","pid":"{7C63DD5C-A6B4-463D-BDF6-FAFA0370740E}"},"geometry":{"type":"MultiLineString","coordinates":[[[-86.25136,36.68876],[-86.25054,36.69087]]]}},{"type":"Feature","properties":{"kind":"minor-water","name":"Ramble Creek","ftype":460,"lengthKm":0.56,"hu8":"05110002","pid":"{48EACB76-84B5-432D-B38A-E590053A2718}"},"geometry":{"type":"MultiLineString","coordinates":[[[-86.22041,36.73162],[-86.22161,36.73253],[-86.22184,36.73355],[-86.22275,36.73427],[-86.22374,36.73572]]]}},{"type":"Feature","properties":{"kind":"minor-water","name":"Ramble Creek","ftype":558,"lengthKm":0.25,"hu8":"05110002","pid":"{1A9CFC23-EBED-4144-A103-DDFC707C1A81}"},"geometry":{"type":"MultiLineString","coordinates":[[[-86.22741,36.73999],[-86.22994,36.74096]]]}},{"type":"Feature","properties":{"kind":"minor-water","name":"Mill Creek","ftype":460,"lengthKm":0.02,"hu8":"05110002","pid":"{3B6950DE-C44F-490E-BDEA-23C006970414}"},"geometry":{"type":"MultiLineString","coordinates":[[[-85.68752,36.67326],[-85.6877,36.6734]]]}},{"type":"Feature","properties":{"kind":"minor-water","name":"West Fork Drakes Creek","ftype":558,"lengthKm":1.74,"hu8":"05110002","pid":"{6603FED6-83ED-4FEB-9A2C-D870D6098C5B}"},"geometry":{"type":"MultiLineString","coordinates":[[[-86.54284,36.71187],[-86.54295,36.71296],[-86.54532,36.71751],[-86.54553,36.71898],[-86.5467,36.71957],[-86.54785,36.72082],[-86.54982,36.72096],[-86.55146,36.72022],[-86.55215,36.72107],[-86.55181,36.72239]]]}},{"type":"Feature","properties":{"kind":"minor-water","name":"West Fork Drakes Creek","ftype":558,"lengthKm":0.97,"hu8":"05110002","pid":"{A02326BE-18F1-4712-80D5-C63E00644B81}"},"geometry":{"type":"MultiLineString","coordinates":[[[-86.53741,36.69732],[-86.53894,36.69672],[-86.54317,36.69177],[-86.54447,36.69094]]]}},{"type":"Feature","properties":{"kind":"minor-water","name":"Coon Creek","ftype":460,"lengthKm":0.05,"hu8":"05110002","pid":"{6DACD6EA-45EB-4363-8CCA-1C0ED9E4ABC0}"},"geometry":{"type":"MultiLineString","coordinates":[[[-86.01397,36.89444],[-86.01414,36.89484]]]}},{"type":"Feature","properties":{"kind":"minor-water","name":"Gardner Creek","ftype":460,"lengthKm":0.31,"hu8":"05110002","pid":"{B1E526AE-7FB3-4C29-8E15-7F23EFFACDA9}"},"geometry":{"type":"MultiLineString","coordinates":[[[-86.0941,37.05268],[-86.0945,37.05313],[-86.09672,37.05355],[-86.09706,37.05391]]]}},{"type":"Feature","properties":{"kind":"minor-water","name":"Coruth Branch","ftype":558,"lengthKm":0.01,"hu8":"05110002","pid":"{A4267338-60D5-430E-A634-0196E7450778}"},"geometry":{"type":"MultiLineString","coordinates":[[[-85.98818,36.68875],[-85.98824,36.68866]]]}},{"type":"Feature","properties":{"kind":"minor-water","name":"Beaver Creek","ftype":558,"lengthKm":0.18,"hu8":"05110002","pid":"{DC7C79D1-5D7C-4F31-9C55-2328F1179315}"},"geometry":{"type":"MultiLineString","coordinates":[[[-85.99232,37.02068],[-85.99143,37.01924]]]}},{"type":"Feature","properties":{"kind":"minor-water","name":"Hurricane Creek","ftype":460,"lengthKm":0.13,"hu8":"05110002","pid":"{C539159C-0924-4486-BD17-0EF7A8C53524}"},"geometry":{"type":"MultiLineString","coordinates":[[[-86.0841,36.84146],[-86.08402,36.84263]]]}},{"type":"Feature","properties":{"kind":"minor-water","name":"Cooks Creek","ftype":460,"lengthKm":0.09,"hu8":"05110002","pid":"{98B6E46A-4B77-422F-ADDD-21377B4042D4}"},"geometry":{"type":"MultiLineString","coordinates":[[[-86.08528,36.93618],[-86.08492,36.93538]]]}},{"type":"Feature","properties":{"kind":"minor-water","name":"Broken Arrow Creek","ftype":558,"lengthKm":0.06,"hu8":"05110002","pid":"{7926E8EE-E197-4FDA-87F8-63BDA1FE818F}"},"geometry":{"type":"MultiLineString","coordinates":[[[-86.04602,36.82924],[-86.04651,36.82888]]]}},{"type":"Feature","properties":{"kind":"minor-water","name":"Barren River","ftype":558,"lengthKm":0.78,"hu8":"05110002","pid":"{1B07DA06-97A3-4BD7-BFB4-261DF5B38F4E}"},"geometry":{"type":"MultiLineString","coordinates":[[[-86.02922,36.70674],[-86.02811,36.70445],[-86.0273,36.7039],[-86.02614,36.70412],[-86.02557,36.70453],[-86.02504,36.70664]]]}},{"type":"Feature","properties":{"kind":"minor-water","name":"Walnut Creek","ftype":558,"lengthKm":0.25,"hu8":"05110002","pid":"{D1C6E87D-1C38-4D51-BC6C-313629CBDB9F}"},"geometry":{"type":"MultiLineString","coordinates":[[[-86.09259,36.79962],[-86.09193,36.80038],[-86.09029,36.80074]]]}},{"type":"Feature","properties":{"kind":"minor-water","name":"Coon Creek","ftype":460,"lengthKm":0.36,"hu8":"05110002","pid":"{B0461B62-6E3C-42F3-AA29-22F6A892031D}"},"geometry":{"type":"MultiLineString","coordinates":[[[-86.01128,36.89207],[-86.01397,36.89444]]]}},{"type":"Feature","properties":{"kind":"minor-water","name":"Gardner Creek","ftype":460,"lengthKm":0.44,"hu8":"05110002","pid":"{91741385-012A-42C6-A84D-B16A151D9725}"},"geometry":{"type":"MultiLineString","coordinates":[[[-86.07312,37.04712],[-86.07678,37.04981]]]}},{"type":"Feature","properties":{"kind":"minor-water","name":"Dry Creek","ftype":558,"lengthKm":0.4,"hu8":"05110002","pid":"{FCA3193F-4F35-436B-9E86-1B0231EBD35B}"},"geometry":{"type":"MultiLineString","coordinates":[[[-86.03599,36.79935],[-86.03944,36.79986],[-86.04016,36.80042]]]}},{"type":"Feature","properties":{"kind":"minor-water","name":"Beaver Creek","ftype":558,"lengthKm":0.33,"hu8":"05110002","pid":"{9BE94880-6D0D-4080-B967-ABFA864ED9F7}"},"geometry":{"type":"MultiLineString","coordinates":[[[-85.98072,37.0085],[-85.97893,37.00805],[-85.97708,37.00833]]]}},{"type":"Feature","properties":{"kind":"minor-water","name":"South Fork Beaver Creek","ftype":460,"lengthKm":0.71,"hu8":"05110002","pid":"{927B8328-396B-469D-B52C-1C9723ADA7E9}"},"geometry":{"type":"MultiLineString","coordinates":[[[-85.87361,37.0093],[-85.87391,37.00941],[-85.87795,37.00797],[-85.88021,37.00824],[-85.88107,37.00784]]]}},{"type":"Feature","properties":{"kind":"minor-water","name":"Beaver Creek","ftype":460,"lengthKm":0.41,"hu8":"05110002","pid":"{21C2374D-6005-4E75-B02A-961E1B2115AA}"},"geometry":{"type":"MultiLineString","coordinates":[[[-85.76536,36.98757],[-85.76755,36.98821],[-85.76922,36.98946]]]}},{"type":"Feature","properties":{"kind":"minor-water","name":"Coon Creek","ftype":460,"lengthKm":0.52,"hu8":"05110002","pid":"{404FA76F-A473-4A27-ABA4-69D5FCF95DAC}"},"geometry":{"type":"MultiLineString","coordinates":[[[-86.00713,36.8903],[-86.00806,36.89057],[-86.00929,36.89214],[-86.01067,36.89149],[-86.01128,36.89207]]]}},{"type":"Feature","properties":{"kind":"minor-water","name":"Barren River","ftype":558,"lengthKm":0.65,"hu8":"05110002","pid":"{1780A6E9-E274-4ED2-A74B-77BE0A9E07C2}"},"geometry":{"type":"MultiLineString","coordinates":[[[-86.02677,36.69048],[-86.02755,36.69282],[-86.02685,36.69528],[-86.02702,36.69615]]]}},{"type":"Feature","properties":{"kind":"minor-water","name":"South Fork Beaver Creek","ftype":460,"lengthKm":0.44,"hu8":"05110002","pid":"{1CE6FC74-CA6B-40E8-B439-4D37716E3072}"},"geometry":{"type":"MultiLineString","coordinates":[[[-85.9028,36.99018],[-85.90697,36.98807]]]}},{"type":"Feature","properties":{"kind":"minor-water","name":"Cooks Creek","ftype":460,"lengthKm":0.03,"hu8":"05110002","pid":"{50A1CE7C-2C06-4E7E-ACA4-26181D73E1A4}"},"geometry":{"type":"MultiLineString","coordinates":[[[-86.08492,36.93538],[-86.08479,36.93517]]]}},{"type":"Feature","properties":{"kind":"minor-water","name":"Hurricane Creek","ftype":558,"lengthKm":0.22,"hu8":"05110002","pid":"{37D051B5-95BC-449C-B9CA-4D2BED3F0875}"},"geometry":{"type":"MultiLineString","coordinates":[[[-86.08402,36.84263],[-86.08393,36.84463]]]}},{"type":"Feature","properties":{"kind":"minor-water","name":"South Fork Beaver Creek","ftype":460,"lengthKm":0.56,"hu8":"05110002","pid":"{4C6AFEDA-F034-42D0-BEA5-ACEC136FF9CF}"},"geometry":{"type":"MultiLineString","coordinates":[[[-85.85949,37.00498],[-85.86105,37.00651],[-85.8617,37.0065],[-85.86206,37.00693],[-85.86329,37.00685],[-85.86443,37.00738]]]}},{"type":"Feature","properties":{"kind":"minor-water","name":"Figure Eight Branch","ftype":558,"lengthKm":0.01,"hu8":"05110002","pid":"{3DAAB390-1B32-4110-A3C3-58947EB99C66}"},"geometry":{"type":"MultiLineString","coordinates":[[[-86.00197,36.6768],[-86.00209,36.67688]]]}},{"type":"Feature","properties":{"kind":"minor-water","name":"Beaver Creek","ftype":558,"lengthKm":0.25,"hu8":"05110002","pid":"{6DB24E40-B4A3-46B1-A048-462B50C7316C}"},"geometry":{"type":"MultiLineString","coordinates":[[[-86.03721,36.9286],[-86.03905,36.92694]]]}},{"type":"Feature","properties":{"kind":"minor-water","name":"South Fork Beaver Creek","ftype":460,"lengthKm":0.1,"hu8":"05110002","pid":"{533A72B1-29AD-4DB1-9537-625A4AD84A07}"},"geometry":{"type":"MultiLineString","coordinates":[[[-85.91776,36.97969],[-85.91885,36.97937]]]}},{"type":"Feature","properties":{"kind":"minor-water","name":"Beaver Creek","ftype":558,"lengthKm":0.13,"hu8":"05110002","pid":"{D6862B22-123A-443E-8EDD-923ABAF0B881}"},"geometry":{"type":"MultiLineString","coordinates":[[[-85.99035,37.01629],[-85.9895,37.01539]]]}},{"type":"Feature","properties":{"kind":"minor-water","name":"Benedict Branch","ftype":558,"lengthKm":0.18,"hu8":"05110002","pid":"{9DED96E8-2C02-45C4-BC26-013C454481E7}"},"geometry":{"type":"MultiLineString","coordinates":[[[-86.02632,36.73136],[-86.0264,36.732],[-86.02744,36.73251]]]}},{"type":"Feature","properties":{"kind":"minor-water","name":"South Fork Beaver Creek","ftype":460,"lengthKm":0.2,"hu8":"05110002","pid":"{B51B9F0C-B328-4EB4-AD28-8F6A9A70FD47}"},"geometry":{"type":"MultiLineString","coordinates":[[[-85.94955,36.98352],[-85.95063,36.98342],[-85.95144,36.98414]]]}},{"type":"Feature","properties":{"kind":"minor-water","name":"Little Beaver Creek","ftype":460,"lengthKm":0.24,"hu8":"05110002","pid":"{F224780B-E40E-416F-8827-D6796A963964}"},"geometry":{"type":"MultiLineString","coordinates":[[[-86.01717,37.01449],[-86.01699,37.01581],[-86.01647,37.0165]]]}},{"type":"Feature","properties":{"kind":"minor-water","name":"South Fork Beaver Creek","ftype":460,"lengthKm":0.25,"hu8":"05110002","pid":"{6F54D619-304C-4F24-B5CE-03C45C020007}"},"geometry":{"type":"MultiLineString","coordinates":[[[-85.94707,36.98243],[-85.94955,36.98352]]]}},{"type":"Feature","properties":{"kind":"minor-water","name":"Long Hungry Creek","ftype":558,"lengthKm":0.02,"hu8":"05110002","pid":"{F72F4529-7D9B-44A6-99B2-BABFA27799EC}"},"geometry":{"type":"MultiLineString","coordinates":[[[-86.02683,36.69034],[-86.02677,36.69048]]]}},{"type":"Feature","properties":{"kind":"minor-water","name":"Beaver Creek","ftype":460,"lengthKm":0.08,"hu8":"05110002","pid":"{7E1258DA-C309-4A07-AA61-3F06CE9F781F}"},"geometry":{"type":"MultiLineString","coordinates":[[[-85.77925,36.99224],[-85.78008,36.9926]]]}},{"type":"Feature","properties":{"kind":"minor-water","name":"Beaver Creek","ftype":558,"lengthKm":0.56,"hu8":"05110002","pid":"{D7F8DED9-3274-4ED2-BAC0-97012FC740EF}"},"geometry":{"type":"MultiLineString","coordinates":[[[-85.98589,37.01139],[-85.98372,37.01048],[-85.98072,37.0085]]]}},{"type":"Feature","properties":{"kind":"minor-water","name":"Beaver Creek","ftype":558,"lengthKm":0.25,"hu8":"05110002","pid":"{F01D391D-6173-4D8A-AF8E-3F393CF45792}"},"geometry":{"type":"MultiLineString","coordinates":[[[-85.90061,37.03367],[-85.90317,37.03461]]]}},{"type":"Feature","properties":{"kind":"minor-water","name":"Barren River","ftype":558,"lengthKm":1.92,"hu8":"05110002","pid":"56286291"},"geometry":{"type":"MultiLineString","coordinates":[[[-86.61662,37.14681],[-86.61741,37.14665],[-86.61844,37.14689],[-86.61886,37.14725],[-86.619,37.14802],[-86.61847,37.14889],[-86.61605,37.14995],[-86.6147,37.15096],[-86.6132,37.15336],[-86.61306,37.15506],[-86.61416,37.15803],[-86.61436,37.16036]]]}},{"type":"Feature","properties":{"kind":"minor-water","name":"Turkeyfoot Creek","ftype":460,"lengthKm":1.42,"hu8":"05110002","pid":"56292095"},"geometry":{"type":"MultiLineString","coordinates":[[[-86.04388,36.63012],[-86.03701,36.63628],[-86.03712,36.63723],[-86.03857,36.63856],[-86.0392,36.64023]]]}},{"type":"Feature","properties":{"kind":"minor-water","name":"South Fork Beaver Creek","ftype":460,"lengthKm":0.13,"hu8":"05110002","pid":"{74AFC940-9A3C-4B70-818C-1B17A51EDD82}"},"geometry":{"type":"MultiLineString","coordinates":[[[-85.96396,36.9822],[-85.96495,36.98132]]]}},{"type":"Feature","properties":{"kind":"minor-water","name":"Glover Creek","ftype":558,"lengthKm":0.3,"hu8":"05110002","pid":"{F8E65FCF-192D-46D6-8B7D-72CDCFD79722}"},"geometry":{"type":"MultiLineString","coordinates":[[[-86.03326,36.76221],[-86.03395,36.76137],[-86.03455,36.76121],[-86.03523,36.76018]]]}},{"type":"Feature","properties":{"kind":"minor-water","name":"Beaver Creek","ftype":558,"lengthKm":0.55,"hu8":"05110002","pid":"{C3DF0D96-A07F-41F1-B25E-B3C16165A1EE}"},"geometry":{"type":"MultiLineString","coordinates":[[[-85.99903,36.9677],[-86.00232,36.9673],[-86.00514,36.96736]]]}},{"type":"Feature","properties":{"kind":"minor-water","name":"Skaggs Creek","ftype":558,"lengthKm":1.61,"hu8":"05110002","pid":"56288410"},"geometry":{"type":"MultiLineString","coordinates":[[[-85.99199,36.90821],[-85.99271,36.91019],[-85.99494,36.91327],[-85.99711,36.91412],[-85.9979,36.91489],[-85.99891,36.91508],[-86.00001,36.91482],[-86.00181,36.91593],[-86.00342,36.91622],[-86.00438,36.91695]]]}},{"type":"Feature","properties":{"kind":"minor-water","name":"Skaggs Creek","ftype":558,"lengthKm":0.86,"hu8":"05110002","pid":"{B917B3AD-D51C-4B7C-BC42-E44EABA52BB4}"},"geometry":{"type":"MultiLineString","coordinates":[[[-85.97417,36.91923],[-85.97976,36.92087],[-85.98123,36.92002],[-85.98198,36.91866]]]}},{"type":"Feature","properties":{"kind":"minor-water","name":"Barren River","ftype":558,"lengthKm":0.73,"hu8":"05110002","pid":"{90299A57-7AD9-4319-B737-8587B2A37D90}"},"geometry":{"type":"MultiLineString","coordinates":[[[-86.01438,36.71392],[-86.01528,36.71515],[-86.01699,36.71618],[-86.02102,36.71724]]]}},{"type":"Feature","properties":{"kind":"minor-water","name":"Skaggs Creek","ftype":558,"lengthKm":1.76,"hu8":"05110002","pid":"56288643"},"geometry":{"type":"MultiLineString","coordinates":[[[-86.05662,36.90468],[-86.06084,36.90329],[-86.06224,36.90322],[-86.06372,36.90354],[-86.06434,36.90393],[-86.06679,36.90867],[-86.06948,36.91012],[-86.07128,36.91059]]]}},{"type":"Feature","properties":{"kind":"minor-water","name":"Barren River","ftype":558,"lengthKm":0.47,"hu8":"05110002","pid":"56289891"},"geometry":{"type":"MultiLineString","coordinates":[[[-86.07053,36.81529],[-86.07029,36.81661],[-86.06819,36.81901]]]}},{"type":"Feature","properties":{"kind":"minor-water","name":"Trace Creek","ftype":558,"lengthKm":0.41,"hu8":"05110002","pid":"{7B833BE9-7E02-4DA8-AC79-0DF5A3755368}"},"geometry":{"type":"MultiLineString","coordinates":[[[-86.03154,36.75823],[-86.03339,36.75974],[-86.03523,36.76018]]]}},{"type":"Feature","properties":{"kind":"minor-water","name":"Barren River","ftype":558,"lengthKm":2.05,"hu8":"05110002","pid":"56290887"},"geometry":{"type":"MultiLineString","coordinates":[[[-86.02102,36.71724],[-86.02184,36.71754],[-86.0233,36.71696],[-86.02518,36.71773],[-86.02636,36.71869],[-86.02767,36.72105],[-86.02813,36.72307],[-86.02776,36.72626],[-86.02803,36.72967],[-86.02778,36.73177]]]}},{"type":"Feature","properties":{"kind":"minor-water","name":"Dry Creek","ftype":460,"lengthKm":0.55,"hu8":"05110002","pid":"56290006"},"geometry":{"type":"MultiLineString","coordinates":[[[-86.00288,36.80062],[-86.00425,36.8011],[-86.00618,36.80087],[-86.00815,36.79935]]]}},{"type":"Feature","properties":{"kind":"minor-water","name":"Long Creek","ftype":558,"lengthKm":0.36,"hu8":"05110002","pid":"{98DA2CB8-9F2A-4964-8759-A40973913A87}"},"geometry":{"type":"MultiLineString","coordinates":[[[-86.06409,36.73787],[-86.06288,36.73815],[-86.06008,36.73815]]]}},{"type":"Feature","properties":{"kind":"minor-water","name":"Barren River","ftype":558,"lengthKm":0.19,"hu8":"05110002","pid":"56289660"},"geometry":{"type":"MultiLineString","coordinates":[[[-86.06079,36.83412],[-86.06216,36.83541]]]}},{"type":"Feature","properties":{"kind":"minor-water","name":"Barren River","ftype":558,"lengthKm":0.22,"hu8":"05110002","pid":"56289111"},"geometry":{"type":"MultiLineString","coordinates":[[[-86.07263,36.8763],[-86.07469,36.87743]]]}},{"type":"Feature","properties":{"kind":"minor-water","name":"Barren River","ftype":558,"lengthKm":0.56,"hu8":"05110002","pid":"56290358"},"geometry":{"type":"MultiLineString","coordinates":[[[-86.04814,36.76964],[-86.05054,36.77062],[-86.0528,36.77282]]]}},{"type":"Feature","properties":{"kind":"minor-water","name":"Barren River","ftype":558,"lengthKm":1.37,"hu8":"05110002","pid":"56289097"},"geometry":{"type":"MultiLineString","coordinates":[[[-86.07469,36.87743],[-86.07615,36.87931],[-86.07751,36.88045],[-86.07888,36.8825],[-86.07949,36.88499],[-86.07902,36.88868]]]}},{"type":"Feature","properties":{"kind":"minor-water","name":"Barren River","ftype":558,"lengthKm":0.34,"hu8":"05110002","pid":"56288994"},"geometry":{"type":"MultiLineString","coordinates":[[[-86.11667,36.88906],[-86.11884,36.89155]]]}},{"type":"Feature","properties":{"kind":"minor-water","name":"Beaver Creek","ftype":558,"lengthKm":0.82,"hu8":"05110002","pid":"56287999"},"geometry":{"type":"MultiLineString","coordinates":[[[-86.03026,36.94083],[-86.03036,36.9395],[-86.03092,36.93841],[-86.03106,36.93621],[-86.02981,36.93371]]]}},{"type":"Feature","properties":{"kind":"minor-water","name":"Barren River","ftype":558,"lengthKm":0.37,"hu8":"05110002","pid":"56289565"},"geometry":{"type":"MultiLineString","coordinates":[[[-86.06509,36.84106],[-86.06654,36.84252],[-86.06795,36.84338]]]}},{"type":"Feature","properties":{"kind":"minor-water","name":"Dry Creek","ftype":460,"lengthKm":0.2,"hu8":"05110002","pid":"56289973"},"geometry":{"type":"MultiLineString","coordinates":[[[-85.9999,36.80118],[-86.00218,36.80124]]]}},{"type":"Feature","properties":{"kind":"minor-water","name":"Dry Creek","ftype":460,"lengthKm":0.61,"hu8":"05110002","pid":"56290046"},"geometry":{"type":"MultiLineString","coordinates":[[[-86.02674,36.7969],[-86.02847,36.79714],[-86.03026,36.79832],[-86.03211,36.79784],[-86.03226,36.79845]]]}},{"type":"Feature","properties":{"kind":"minor-water","name":"Skaggs Creek","ftype":558,"lengthKm":1.06,"hu8":"05110002","pid":"56288495"},"geometry":{"type":"MultiLineString","coordinates":[[[-85.98198,36.91866],[-85.98183,36.91614],[-85.98043,36.91411],[-85.97972,36.91359],[-85.97876,36.91186],[-85.97882,36.90986]]]}},{"type":"Feature","properties":{"kind":"minor-water","name":"Manley Branch","ftype":460,"lengthKm":1.52,"hu8":"05110002","pid":"56290476"},"geometry":{"type":"MultiLineString","coordinates":[[[-86.09517,36.76425],[-86.09418,36.7666],[-86.09464,36.76907],[-86.09413,36.77083],[-86.09291,36.77319],[-86.09051,36.77477],[-86.08927,36.77632]]]}},{"type":"Feature","properties":{"kind":"minor-water","name":"Skaggs Creek","ftype":558,"lengthKm":0.11,"hu8":"05110002","pid":"{CD416A2C-E637-413A-9188-63F36A3E8C51}"},"geometry":{"type":"MultiLineString","coordinates":[[[-86.02107,36.91686],[-86.02203,36.91622]]]}},{"type":"Feature","properties":{"kind":"minor-water","name":"Canoe Creek","ftype":460,"lengthKm":0.31,"hu8":"05110002","pid":"{1E82FC80-C148-4A75-8F7A-87248CF91369}"},"geometry":{"type":"MultiLineString","coordinates":[[[-86.03902,36.81569],[-86.04222,36.8146]]]}},{"type":"Feature","properties":{"kind":"minor-water","name":"Barren River","ftype":558,"lengthKm":2.86,"hu8":"05110002","pid":"56290731"},"geometry":{"type":"MultiLineString","coordinates":[[[-86.02539,36.73699],[-86.02808,36.73802],[-86.02976,36.73786],[-86.03323,36.7367],[-86.03509,36.73693],[-86.03739,36.73665],[-86.03865,36.7371],[-86.03994,36.7364],[-86.04337,36.73279],[-86.04503,36.73211],[-86.04656,36.73284],[-86.04688,36.73363],[-86.04676,36.7355],[-86.04621,36.73718],[-86.04681,36.7384]]]}},{"type":"Feature","properties":{"kind":"minor-water","name":"Walnut Creek","ftype":558,"lengthKm":0.77,"hu8":"05110002","pid":"56290059"},"geometry":{"type":"MultiLineString","coordinates":[[[-86.08591,36.80083],[-86.08415,36.80063],[-86.08113,36.80102],[-86.07727,36.80093]]]}},{"type":"Feature","properties":{"kind":"minor-water","name":"Skaggs Creek","ftype":558,"lengthKm":2.95,"hu8":"05110002","pid":"56288174"},"geometry":{"type":"MultiLineString","coordinates":[[[-86.03905,36.92694],[-86.04078,36.92899],[-86.04148,36.92938],[-86.04366,36.92929],[-86.04455,36.92896],[-86.04531,36.92831],[-86.04555,36.92737],[-86.04453,36.92523],[-86.04449,36.92334],[-86.04599,36.92113],[-86.04821,36.92065],[-86.04896,36.9209],[-86.05019,36.92208],[-86.05304,36.92648],[-86.05671,36.92813]]]}},{"type":"Feature","properties":{"kind":"minor-water","name":"Manley Branch","ftype":460,"lengthKm":2.34,"hu8":"05110002","pid":"56290325"},"geometry":{"type":"MultiLineString","coordinates":[[[-86.08927,36.77632],[-86.08892,36.77758],[-86.0893,36.77972],[-86.08898,36.78132],[-86.08767,36.78342],[-86.08771,36.78587],[-86.08536,36.78903],[-86.08507,36.78977],[-86.08535,36.79071],[-86.08497,36.79164],[-86.08344,36.79251],[-86.08275,36.79401],[-86.08155,36.79542]]]}},{"type":"Feature","properties":{"kind":"minor-water","name":"Glover Creek","ftype":558,"lengthKm":0.42,"hu8":"05110002","pid":"56290467"},"geometry":{"type":"MultiLineString","coordinates":[[[-86.03102,36.76507],[-86.03227,36.76447],[-86.03338,36.7634],[-86.03326,36.76221]]]}},{"type":"Feature","properties":{"kind":"minor-water","name":"Peter Creek","ftype":558,"lengthKm":1.27,"hu8":"05110002","pid":"56289100"},"geometry":{"type":"MultiLineString","coordinates":[[[-86.04273,36.87657],[-86.04509,36.87763],[-86.04621,36.87751],[-86.04638,36.875],[-86.04696,36.87285],[-86.04822,36.87044],[-86.04903,36.86962]]]}},{"type":"Feature","properties":{"kind":"minor-water","name":"Barren River","ftype":558,"lengthKm":1.71,"hu8":"05110002","pid":"56289121"},"geometry":{"type":"MultiLineString","coordinates":[[[-86.07644,36.86134],[-86.07373,36.87247],[-86.07254,36.87504],[-86.07263,36.8763]]]}},{"type":"Feature","properties":{"kind":"minor-water","name":"Walnut Creek","ftype":558,"lengthKm":1.15,"hu8":"05110002","pid":"56290047"},"geometry":{"type":"MultiLineString","coordinates":[[[-86.07727,36.80093],[-86.07165,36.80288],[-86.07026,36.80246],[-86.06868,36.8036],[-86.06746,36.80593]]]}},{"type":"Feature","properties":{"kind":"minor-water","name":"Beaver Creek","ftype":460,"lengthKm":1.88,"hu8":"05110002","pid":"56286821"},"geometry":{"type":"MultiLineString","coordinates":[[[-85.82471,37.00843],[-85.82471,37.00959],[-85.82162,37.01159],[-85.82146,37.01291],[-85.82366,37.01392],[-85.82487,37.01485],[-85.82581,37.01602],[-85.82613,37.01787],[-85.82864,37.01821],[-85.83038,37.01891],[-85.83133,37.01964]]]}},{"type":"Feature","properties":{"kind":"minor-water","name":"Barren River","ftype":558,"lengthKm":0.53,"hu8":"05110002","pid":"56289701"},"geometry":{"type":"MultiLineString","coordinates":[[[-86.05839,36.82987],[-86.05902,36.83194],[-86.06079,36.83412]]]}},{"type":"Feature","properties":{"kind":"minor-water","name":"Beaver Creek","ftype":558,"lengthKm":0.05,"hu8":"05110002","pid":"56287669"},"geometry":{"type":"MultiLineString","coordinates":[[[-86.01675,36.95405],[-86.01734,36.95417]]]}},{"type":"Feature","properties":{"kind":"minor-water","name":"Skaggs Creek","ftype":558,"lengthKm":0.24,"hu8":"05110002","pid":"56288605"},"geometry":{"type":"MultiLineString","coordinates":[[[-86.07128,36.91059],[-86.0739,36.91089]]]}},{"type":"Feature","properties":{"kind":"minor-water","name":"Dry Creek","ftype":460,"lengthKm":1.52,"hu8":"05110002","pid":"56289966"},"geometry":{"type":"MultiLineString","coordinates":[[[-85.97793,36.80116],[-85.97951,36.80277],[-85.98387,36.80334],[-85.98518,36.803],[-85.9899,36.80277],[-85.99213,36.80229],[-85.9927,36.80206],[-85.99317,36.80129]]]}},{"type":"Feature","properties":{"kind":"minor-water","name":"Broken Arrow Creek","ftype":460,"lengthKm":0.52,"hu8":"05110002","pid":"56289689"},"geometry":{"type":"MultiLineString","coordinates":[[[-86.04056,36.83082],[-86.04383,36.83022],[-86.04602,36.82924]]]}},{"type":"Feature","properties":{"kind":"minor-water","name":"Barren River","ftype":558,"lengthKm":1.36,"hu8":"05110002","pid":"56290038"},"geometry":{"type":"MultiLineString","coordinates":[[[-86.04974,36.79663],[-86.05077,36.79945],[-86.05179,36.80063],[-86.05531,36.80327],[-86.05653,36.8046],[-86.0589,36.80599]]]}},{"type":"Feature","properties":{"kind":"minor-water","name":"Barren River","ftype":558,"lengthKm":0.77,"hu8":"05110002","pid":"56289986"},"geometry":{"type":"MultiLineString","coordinates":[[[-86.0589,36.80599],[-86.06473,36.80551],[-86.06746,36.80593]]]}},{"type":"Feature","properties":{"kind":"minor-water","name":"Walnut Creek","ftype":558,"lengthKm":0.39,"hu8":"05110002","pid":"56290064"},"geometry":{"type":"MultiLineString","coordinates":[[[-86.09029,36.80074],[-86.08591,36.80083]]]}},{"type":"Feature","properties":{"kind":"minor-water","name":"Long Creek","ftype":558,"lengthKm":0.83,"hu8":"05110002","pid":"{4426ECD8-F139-430A-B9F1-365493BF71FB}"},"geometry":{"type":"MultiLineString","coordinates":[[[-86.05148,36.73176],[-86.05045,36.73214],[-86.04914,36.73371],[-86.04885,36.73601],[-86.0472,36.73716],[-86.04701,36.73776]]]}},{"type":"Feature","properties":{"kind":"minor-water","name":"Skaggs Creek","ftype":558,"lengthKm":0.05,"hu8":"05110002","pid":"56288608"},"geometry":{"type":"MultiLineString","coordinates":[[[-86.0739,36.91089],[-86.0745,36.91077]]]}},{"type":"Feature","properties":{"kind":"minor-water","name":"Dry Creek","ftype":460,"lengthKm":0.14,"hu8":"05110002","pid":"56290011"},"geometry":{"type":"MultiLineString","coordinates":[[[-86.00815,36.79935],[-86.00958,36.79877]]]}},{"type":"Feature","properties":{"kind":"minor-water","name":"Skaggs Creek","ftype":558,"lengthKm":0.2,"hu8":"05110002","pid":"56288520"},"geometry":{"type":"MultiLineString","coordinates":[[[-85.97882,36.90986],[-85.97885,36.90887],[-85.97947,36.90818]]]}},{"type":"Feature","properties":{"kind":"minor-water","name":"Long Creek","ftype":558,"lengthKm":0.88,"hu8":"05110002","pid":"{5314C191-0180-454D-B79A-8E78C8657C51}"},"geometry":{"type":"MultiLineString","coordinates":[[[-86.06309,36.73048],[-86.0638,36.73115],[-86.06441,36.73304],[-86.06402,36.73486],[-86.06466,36.73614],[-86.06482,36.73737],[-86.06441,36.73785]]]}},{"type":"Feature","properties":{"kind":"minor-water","name":"Skaggs Creek","ftype":558,"lengthKm":1.35,"hu8":"05110002","pid":"56288714"},"geometry":{"type":"MultiLineString","coordinates":[[[-86.0745,36.91077],[-86.07632,36.90732],[-86.07745,36.90581],[-86.07821,36.90549],[-86.07985,36.90509],[-86.08138,36.90515],[-86.08501,36.90681]]]}},{"type":"Feature","properties":{"kind":"minor-water","name":"Barren River","ftype":558,"lengthKm":0.09,"hu8":"05110002","pid":"56290748"},"geometry":{"type":"MultiLineString","coordinates":[[[-86.02778,36.73177],[-86.02744,36.73251]]]}},{"type":"Feature","properties":{"kind":"minor-water","name":"Skaggs Creek","ftype":558,"lengthKm":0.39,"hu8":"05110002","pid":"56288355"},"geometry":{"type":"MultiLineString","coordinates":[[[-86.00655,36.91894],[-86.00766,36.91839],[-86.00977,36.91861],[-86.01072,36.91837]]]}},{"type":"Feature","properties":{"kind":"minor-water","name":"Rhoden Creek","ftype":558,"lengthKm":1.02,"hu8":"05110002","pid":"{C5D2BFB8-07C0-4924-8103-7B0DAA24C0FA}"},"geometry":{"type":"MultiLineString","coordinates":[[[-86.04949,36.75671],[-86.0487,36.75754],[-86.04757,36.75788],[-86.04603,36.75892],[-86.04527,36.75892],[-86.0442,36.76017],[-86.04269,36.76055],[-86.04004,36.76069]]]}},{"type":"Feature","properties":{"kind":"minor-water","name":"Skaggs Creek","ftype":558,"lengthKm":0.34,"hu8":"05110002","pid":"56288432"},"geometry":{"type":"MultiLineString","coordinates":[[[-86.01072,36.91837],[-86.01273,36.9158]]]}},{"type":"Feature","properties":{"kind":"minor-water","name":"Barren River","ftype":558,"lengthKm":0.03,"hu8":"05110002","pid":"56289980"},"geometry":{"type":"MultiLineString","coordinates":[[[-86.06779,36.80622],[-86.06805,36.80645]]]}},{"type":"Feature","properties":{"kind":"minor-water","name":"Beaver Creek","ftype":460,"lengthKm":0.28,"hu8":"05110002","pid":"{7F6CAC32-F7DE-4A35-80EF-6620157B178C}"},"geometry":{"type":"MultiLineString","coordinates":[[[-85.83133,37.01964],[-85.83059,37.02101],[-85.82933,37.02116]]]}},{"type":"Feature","properties":{"kind":"minor-water","name":"Beaver Creek","ftype":558,"lengthKm":0.13,"hu8":"05110002","pid":"56286574"},"geometry":{"type":"MultiLineString","coordinates":[[[-85.8406,37.0324],[-85.84174,37.03309]]]}},{"type":"Feature","properties":{"kind":"minor-water","name":"Long Creek","ftype":558,"lengthKm":0.03,"hu8":"05110002","pid":"{2579EE61-B37E-45A6-A9EA-90785B50EE25}"},"geometry":{"type":"MultiLineString","coordinates":[[[-86.06441,36.73785],[-86.06409,36.73787]]]}},{"type":"Feature","properties":{"kind":"minor-water","name":"Cooks Creek","ftype":558,"lengthKm":1.97,"hu8":"05110002","pid":"56288561"},"geometry":{"type":"MultiLineString","coordinates":[[[-86.08201,36.92663],[-86.08247,36.92448],[-86.0821,36.92148],[-86.08146,36.91974],[-86.07879,36.91591],[-86.07758,36.91312],[-86.0745,36.91077]]]}},{"type":"Feature","properties":{"kind":"minor-water","name":"Barren River","ftype":558,"lengthKm":1.23,"hu8":"05110002","pid":"56290628"},"geometry":{"type":"MultiLineString","coordinates":[[[-86.04681,36.7384],[-86.04724,36.73914],[-86.04713,36.74013],[-86.04642,36.74105],[-86.04418,36.74164],[-86.04247,36.74172],[-86.04117,36.74143],[-86.04052,36.74168],[-86.03962,36.74226],[-86.03844,36.74437]]]}},{"type":"Feature","properties":{"kind":"minor-water","name":"Barren River","ftype":558,"lengthKm":0.72,"hu8":"05110002","pid":"56289579"},"geometry":{"type":"MultiLineString","coordinates":[[[-86.06216,36.83541],[-86.06534,36.83905],[-86.06509,36.84106]]]}},{"type":"Feature","properties":{"kind":"minor-water","name":"Barren River","ftype":558,"lengthKm":0.15,"hu8":"05110002","pid":"56290478"},"geometry":{"type":"MultiLineString","coordinates":[[[-86.0393,36.75949],[-86.04004,36.76069]]]}},{"type":"Feature","properties":{"kind":"minor-water","name":"Rhoden Creek","ftype":460,"lengthKm":0.96,"hu8":"05110002","pid":"56290556"},"geometry":{"type":"MultiLineString","coordinates":[[[-86.05848,36.75229],[-86.05791,36.75242],[-86.05615,36.75379],[-86.05351,36.75445],[-86.04949,36.75671]]]}},{"type":"Feature","properties":{"kind":"minor-water","name":"Dry Creek","ftype":558,"lengthKm":0.95,"hu8":"05110002","pid":"56290076"},"geometry":{"type":"MultiLineString","coordinates":[[[-86.04016,36.80042],[-86.04974,36.79663]]]}},{"type":"Feature","properties":{"kind":"minor-water","name":"Dry Creek","ftype":460,"lengthKm":0.11,"hu8":"05110002","pid":"56289982"},"geometry":{"type":"MultiLineString","coordinates":[[[-86.00218,36.80124],[-86.00235,36.80071],[-86.00288,36.80062]]]}},{"type":"Feature","properties":{"kind":"minor-water","name":"Barren River","ftype":558,"lengthKm":0.48,"hu8":"05110002","pid":"56290113"},"geometry":{"type":"MultiLineString","coordinates":[[[-86.04653,36.79159],[-86.04869,36.79331],[-86.04981,36.79496]]]}},{"type":"Feature","properties":{"kind":"minor-water","name":"Barren River","ftype":558,"lengthKm":0.63,"hu8":"05110002","pid":"56290257"},"geometry":{"type":"MultiLineString","coordinates":[[[-86.04195,36.77752],[-86.0385,36.77856],[-86.03713,36.78024],[-86.03643,36.78062]]]}},{"type":"Feature","properties":{"kind":"minor-water","name":"Skaggs Creek","ftype":558,"lengthKm":0.84,"hu8":"05110002","pid":"56288601"},"geometry":{"type":"MultiLineString","coordinates":[[[-86.05024,36.90996],[-86.05127,36.9087],[-86.05372,36.90777],[-86.05445,36.90719],[-86.05662,36.90468]]]}},{"type":"Feature","properties":{"kind":"minor-water","name":"Beaver Creek","ftype":558,"lengthKm":2.86,"hu8":"05110002","pid":"56287437"},"geometry":{"type":"MultiLineString","coordinates":[[[-85.99394,36.97723],[-85.99784,36.97787],[-86.00058,36.9779],[-86.00184,36.97648],[-86.00194,36.97579],[-86.00156,36.9752],[-85.99883,36.97382],[-85.99191,36.97243],[-85.99098,36.97188],[-85.9911,36.9713],[-85.9919,36.9706],[-85.99655,36.96947],[-85.99903,36.9677]]]}},{"type":"Feature","properties":{"kind":"minor-water","name":"Barren River","ftype":558,"lengthKm":6.62,"hu8":"05110002","pid":"56289094"},"geometry":{"type":"MultiLineString","coordinates":[[[-86.09596,36.89591],[-86.09942,36.89532],[-86.10259,36.8937],[-86.10362,36.89025],[-86.10359,36.88772],[-86.10252,36.88289],[-86.09984,36.87942],[-86.09721,36.87387],[-86.09746,36.87214],[-86.09815,36.87078],[-86.09939,36.86947],[-86.10099,36.86873],[-86.10302,36.86843],[-86.10589,36.86942],[-86.10896,36.87162],[-86.11145,36.87442],[-86.11214,36.8757],[-86.11288,36.8815],[-86.11377,36.88309],[-86.11454,36.88612],[-86.11667,36.88906]]]}},{"type":"Feature","properties":{"kind":"minor-water","name":"Beaver Creek","ftype":558,"lengthKm":1.49,"hu8":"05110002","pid":"56287633"},"geometry":{"type":"MultiLineString","coordinates":[[[-86.01734,36.95417],[-86.0201,36.95602],[-86.02424,36.95669],[-86.02539,36.95652],[-86.02858,36.9551],[-86.03146,36.95486],[-86.03237,36.95414]]]}},{"type":"Feature","properties":{"kind":"minor-water","name":"Manley Branch","ftype":558,"lengthKm":0.41,"hu8":"05110002","pid":"{86BC6EA2-39C2-42A8-BE04-0CCC02803629}"},"geometry":{"type":"MultiLineString","coordinates":[[[-86.08155,36.79542],[-86.07974,36.79729],[-86.07833,36.79798]]]}},{"type":"Feature","properties":{"kind":"minor-water","name":"South Fork Beaver Creek","ftype":460,"lengthKm":0.4,"hu8":"05110002","pid":"56287255"},"geometry":{"type":"MultiLineString","coordinates":[[[-85.96004,36.98202],[-85.9618,36.98176],[-85.96261,36.98258],[-85.96396,36.9822]]]}},{"type":"Feature","properties":{"kind":"minor-water","name":"Skaggs Creek","ftype":558,"lengthKm":0.78,"hu8":"05110002","pid":"56288706"},"geometry":{"type":"MultiLineString","coordinates":[[[-86.08501,36.90681],[-86.08934,36.90681],[-86.09363,36.90593]]]}},{"type":"Feature","properties":{"kind":"minor-water","name":"Peter Creek","ftype":558,"lengthKm":1.72,"hu8":"05110002","pid":"56289198"},"geometry":{"type":"MultiLineString","coordinates":[[[-86.02868,36.86594],[-86.02821,36.86746],[-86.02883,36.86828],[-86.02986,36.86849],[-86.03241,36.86778],[-86.03734,36.86539],[-86.03887,36.86225],[-86.03964,36.8616],[-86.0409,36.86128]]]}},{"type":"Feature","properties":{"kind":"minor-water","name":"Rose Creek","ftype":558,"lengthKm":0.28,"hu8":"05110002","pid":"56288494"},"geometry":{"type":"MultiLineString","coordinates":[[[-85.97591,36.91021],[-85.97654,36.9099],[-85.97732,36.91018],[-85.97882,36.90986]]]}},{"type":"Feature","properties":{"kind":"minor-water","name":"Long Creek","ftype":558,"lengthKm":0.07,"hu8":"05110002","pid":"{C06F924F-6C49-49F4-886A-4DE3E7FC4D81}"},"geometry":{"type":"MultiLineString","coordinates":[[[-86.04701,36.73776],[-86.04681,36.7384]]]}},{"type":"Feature","properties":{"kind":"minor-water","name":"Barren River","ftype":558,"lengthKm":1.26,"hu8":"05110002","pid":"56290312"},"geometry":{"type":"MultiLineString","coordinates":[[[-86.0528,36.77282],[-86.05247,36.77432],[-86.0518,36.77533],[-86.0484,36.77734],[-86.04672,36.77771],[-86.04509,36.77732],[-86.04195,36.77752]]]}},{"type":"Feature","properties":{"kind":"minor-water","name":"Glover Creek","ftype":558,"lengthKm":0.38,"hu8":"05110002","pid":"56290477"},"geometry":{"type":"MultiLineString","coordinates":[[[-86.03523,36.76018],[-86.03654,36.75966],[-86.0393,36.75949]]]}},{"type":"Feature","properties":{"kind":"minor-water","name":"Skaggs Creek","ftype":558,"lengthKm":1.03,"hu8":"05110002","pid":"56288524"},"geometry":{"type":"MultiLineString","coordinates":[[[-86.01273,36.9158],[-86.01393,36.91642],[-86.01559,36.91829],[-86.01707,36.91934],[-86.01914,36.91884],[-86.02107,36.91686]]]}},{"type":"Feature","properties":{"kind":"minor-water","name":"Barren River","ftype":558,"lengthKm":1.86,"hu8":"05110002","pid":"56290497"},"geometry":{"type":"MultiLineString","coordinates":[[[-86.03844,36.74437],[-86.03853,36.74585],[-86.0402,36.7476],[-86.04064,36.74935],[-86.04215,36.75142],[-86.04239,36.7527],[-86.04092,36.75541],[-86.03957,36.75671],[-86.03947,36.75742],[-86.03992,36.75831],[-86.0393,36.75949]]]}},{"type":"Feature","properties":{"kind":"minor-water","name":"Beaver Creek","ftype":558,"lengthKm":1.72,"hu8":"05110002","pid":"56287892"},"geometry":{"type":"MultiLineString","coordinates":[[[-86.03237,36.95414],[-86.03249,36.95311],[-86.03206,36.95244],[-86.03065,36.95105],[-86.02917,36.95011],[-86.02756,36.94798],[-86.02771,36.94642],[-86.02881,36.94439],[-86.02846,36.94314],[-86.02895,36.94166],[-86.03026,36.94083]]]}},{"type":"Feature","properties":{"kind":"minor-water","name":"Dry Creek","ftype":460,"lengthKm":0.88,"hu8":"05110002","pid":"56290040"},"geometry":{"type":"MultiLineString","coordinates":[[[-86.01405,36.79713],[-86.02084,36.79693],[-86.02224,36.79721],[-86.02389,36.79695]]]}},{"type":"Feature","properties":{"kind":"minor-water","name":"Barren River","ftype":558,"lengthKm":1.53,"hu8":"05110002","pid":"56289535"},"geometry":{"type":"MultiLineString","coordinates":[[[-86.06795,36.84338],[-86.06892,36.84291],[-86.06976,36.84303],[-86.07164,36.8442],[-86.07187,36.8451],[-86.0715,36.84732],[-86.07543,36.85372]]]}},{"type":"Feature","properties":{"kind":"minor-water","name":"Barren River","ftype":558,"lengthKm":0.72,"hu8":"05110002","pid":"56290466"},"geometry":{"type":"MultiLineString","coordinates":[[[-86.04004,36.76069],[-86.04062,36.76349],[-86.04052,36.76509],[-86.04086,36.7659],[-86.04208,36.76663]]]}},{"type":"Feature","properties":{"kind":"minor-water","name":"Long Creek","ftype":558,"lengthKm":0.15,"hu8":"05110002","pid":"{33633C5B-7E5F-4F06-8906-943E4D2C2A0E}"},"geometry":{"type":"MultiLineString","coordinates":[[[-86.06008,36.73815],[-86.05838,36.73799]]]}},{"type":"Feature","properties":{"kind":"minor-water","name":"Skaggs Creek","ftype":558,"lengthKm":0.31,"hu8":"05110002","pid":"56288391"},"geometry":{"type":"MultiLineString","coordinates":[[[-86.00438,36.91695],[-86.00485,36.91809],[-86.00655,36.91894]]]}},{"type":"Feature","properties":{"kind":"minor-water","name":"Barren River","ftype":558,"lengthKm":0.04,"hu8":"05110002","pid":"56289422"},"geometry":{"type":"MultiLineString","coordinates":[[[-86.07543,36.85372],[-86.07545,36.85408]]]}},{"type":"Feature","properties":{"kind":"minor-water","name":"Beaver Creek","ftype":558,"lengthKm":0.67,"hu8":"05110002","pid":"56287672"},"geometry":{"type":"MultiLineString","coordinates":[[[-86.00956,36.95444],[-86.01063,36.95417],[-86.01319,36.95458],[-86.0144,36.95441],[-86.01535,36.95389],[-86.01675,36.95405]]]}},{"type":"Feature","properties":{"kind":"minor-water","name":"Skaggs Creek","ftype":558,"lengthKm":2.67,"hu8":"05110002","pid":"56288674"},"geometry":{"type":"MultiLineString","coordinates":[[[-85.97947,36.90818],[-85.98364,36.9081],[-85.98591,36.90768],[-85.98592,36.90714],[-85.98522,36.90616],[-85.98348,36.90554],[-85.98291,36.90473],[-85.98284,36.90376],[-85.98453,36.90158],[-85.98682,36.90046],[-85.98799,36.90109],[-85.99027,36.90595],[-85.99199,36.90821]]]}},{"type":"Feature","properties":{"kind":"minor-water","name":"Barren River","ftype":558,"lengthKm":1.04,"hu8":"05110002","pid":"56289932"},"geometry":{"type":"MultiLineString","coordinates":[[[-86.06805,36.80645],[-86.06971,36.80834],[-86.06992,36.8127],[-86.07053,36.81529]]]}},{"type":"Feature","properties":{"kind":"minor-water","name":"Hurricane Creek","ftype":558,"lengthKm":0.37,"hu8":"05110002","pid":"56289582"},"geometry":{"type":"MultiLineString","coordinates":[[[-86.08393,36.84463],[-86.08422,36.84665],[-86.08509,36.84771]]]}},{"type":"Feature","properties":{"kind":"minor-water","name":"Dry Creek","ftype":460,"lengthKm":0.62,"hu8":"05110002","pid":"56289976"},"geometry":{"type":"MultiLineString","coordinates":[[[-85.99317,36.80129],[-85.99458,36.80102],[-85.99545,36.80125],[-85.99806,36.8008],[-85.9999,36.80118]]]}},{"type":"Feature","properties":{"kind":"minor-water","name":"Coon Creek","ftype":558,"lengthKm":0.7,"hu8":"05110002","pid":"56288588"},"geometry":{"type":"MultiLineString","coordinates":[[[-86.02423,36.90751],[-86.02489,36.90861],[-86.02773,36.91056],[-86.02928,36.91225]]]}},{"type":"Feature","properties":{"kind":"minor-water","name":"Barren River","ftype":558,"lengthKm":0.82,"hu8":"05110002","pid":"56289369"},"geometry":{"type":"MultiLineString","coordinates":[[[-86.07545,36.85408],[-86.07607,36.85571],[-86.07644,36.86134]]]}},{"type":"Feature","properties":{"kind":"minor-water","name":"Skaggs Creek","ftype":558,"lengthKm":0.78,"hu8":"05110002","pid":"{0B09AA52-DAEE-4FAB-8F7D-A0CF6EB2085A}"},"geometry":{"type":"MultiLineString","coordinates":[[[-86.02203,36.91622],[-86.0245,36.91461],[-86.02928,36.91225]]]}},{"type":"Feature","properties":{"kind":"minor-water","name":"Canoe Creek","ftype":558,"lengthKm":0.46,"hu8":"05110002","pid":"56289910"},"geometry":{"type":"MultiLineString","coordinates":[[[-86.04222,36.8146],[-86.0442,36.81383],[-86.04619,36.81208]]]}},{"type":"Feature","properties":{"kind":"minor-water","name":"Dry Creek","ftype":460,"lengthKm":0.44,"hu8":"05110002","pid":"56290030"},"geometry":{"type":"MultiLineString","coordinates":[[[-86.00958,36.79877],[-86.01405,36.79713]]]}},{"type":"Feature","properties":{"kind":"minor-water","name":"Peter Creek","ftype":558,"lengthKm":1.97,"hu8":"05110002","pid":"56289425"},"geometry":{"type":"MultiLineString","coordinates":[[[-86.03325,36.84973],[-86.03362,36.85009],[-86.03239,36.85123],[-86.03083,36.85377],[-86.03016,36.85898],[-86.03104,36.8612],[-86.03089,36.86319],[-86.03043,36.86436],[-86.02868,36.86594]]]}},{"type":"Feature","properties":{"kind":"minor-water","name":"Long Creek","ftype":558,"lengthKm":0.69,"hu8":"05110002","pid":"56290761"},"geometry":{"type":"MultiLineString","coordinates":[[[-86.05838,36.73799],[-86.05774,36.73778],[-86.05693,36.73689],[-86.05679,36.73531],[-86.05513,36.73364],[-86.05538,36.73281]]]}},{"type":"Feature","properties":{"kind":"minor-water","name":"Beaver Creek","ftype":558,"lengthKm":2.17,"hu8":"05110002","pid":"{721991EF-825F-457F-9A18-E0BE705C902B}"},"geometry":{"type":"MultiLineString","coordinates":[[[-86.00514,36.96736],[-86.00695,36.96733],[-86.00718,36.96665],[-86.00612,36.96541],[-86.00413,36.96482],[-86.00328,36.96396],[-86.00404,36.96283],[-86.00552,36.96195],[-86.00597,36.96182],[-86.00746,36.96246],[-86.0081,36.96219],[-86.00866,36.96034],[-86.00843,36.95647],[-86.00956,36.95444]]]}},{"type":"Feature","properties":{"kind":"minor-water","name":"Broken Arrow Creek","ftype":460,"lengthKm":0.45,"hu8":"05110002","pid":"{D235B6C5-420F-4A46-B14D-3F5CEFCAD9CA}"},"geometry":{"type":"MultiLineString","coordinates":[[[-86.0363,36.83286],[-86.03755,36.8325],[-86.03834,36.83171],[-86.04056,36.83082]]]}},{"type":"Feature","properties":{"kind":"minor-water","name":"Dry Creek","ftype":460,"lengthKm":0.06,"hu8":"05110002","pid":"56290044"},"geometry":{"type":"MultiLineString","coordinates":[[[-86.02602,36.79685],[-86.02674,36.7969]]]}},{"type":"Feature","properties":{"kind":"minor-water","name":"Dry Creek","ftype":460,"lengthKm":0.19,"hu8":"05110002","pid":"56290043"},"geometry":{"type":"MultiLineString","coordinates":[[[-86.02389,36.79695],[-86.02602,36.79685]]]}},{"type":"Feature","properties":{"kind":"minor-water","name":"Trace Creek","ftype":460,"lengthKm":0.5,"hu8":"05110002","pid":"56290529"},"geometry":{"type":"MultiLineString","coordinates":[[[-86.02777,36.75487],[-86.02901,36.7557],[-86.03154,36.75823]]]}},{"type":"Feature","properties":{"kind":"minor-water","name":"Beaver Creek","ftype":460,"lengthKm":2.43,"hu8":"05110002","pid":"56286695"},"geometry":{"type":"MultiLineString","coordinates":[[[-85.82933,37.02116],[-85.82921,37.02145],[-85.83166,37.02391],[-85.83129,37.02428],[-85.83198,37.02556],[-85.83445,37.02693],[-85.8372,37.02783],[-85.83696,37.02829],[-85.83473,37.02844],[-85.83386,37.02889],[-85.83426,37.02931],[-85.83673,37.02991],[-85.83677,37.03114],[-85.83639,37.03178],[-85.83671,37.03237],[-85.83852,37.03249],[-85.83981,37.03188],[-85.8406,37.0324]]]}},{"type":"Feature","properties":{"kind":"minor-water","name":"Dry Creek","ftype":460,"lengthKm":0.36,"hu8":"05110002","pid":"{E0FD658D-13C5-4C12-BB58-F4713C70F86A}"},"geometry":{"type":"MultiLineString","coordinates":[[[-86.03226,36.79845],[-86.03413,36.79842],[-86.03599,36.79935]]]}},{"type":"Feature","properties":{"kind":"minor-water","name":"Peter Creek","ftype":558,"lengthKm":1.17,"hu8":"05110002","pid":"56289153"},"geometry":{"type":"MultiLineString","coordinates":[[[-86.0409,36.86128],[-86.04341,36.86397],[-86.0433,36.86486],[-86.04227,36.86656],[-86.04155,36.87093]]]}},{"type":"Feature","properties":{"kind":"minor-water","name":"Hurricane Creek","ftype":558,"lengthKm":1.15,"hu8":"05110002","pid":"56289436"},"geometry":{"type":"MultiLineString","coordinates":[[[-86.08509,36.84771],[-86.08474,36.849],[-86.08315,36.85054],[-86.08042,36.85143],[-86.07867,36.85216],[-86.0778,36.85293],[-86.07543,36.85372]]]}},{"type":"Feature","properties":{"kind":"minor-water","name":"Barren River","ftype":558,"lengthKm":1.52,"hu8":"05110002","pid":"56289744"},"geometry":{"type":"MultiLineString","coordinates":[[[-86.06819,36.81901],[-86.06668,36.82204],[-86.06251,36.82475],[-86.06015,36.82719],[-86.05839,36.82987]]]}},{"type":"Feature","properties":{"kind":"minor-water","name":"Beaver Creek","ftype":558,"lengthKm":1.06,"hu8":"05110002","pid":"56288096"},"geometry":{"type":"MultiLineString","coordinates":[[[-86.02981,36.93371],[-86.02978,36.93179],[-86.03092,36.93028],[-86.03186,36.92997],[-86.03364,36.93037],[-86.03454,36.9303],[-86.03591,36.92992],[-86.03721,36.9286]]]}},{"type":"Feature","properties":{"kind":"minor-water","name":"Skaggs Creek","ftype":558,"lengthKm":1.16,"hu8":"05110002","pid":"56288814"},"geometry":{"type":"MultiLineString","coordinates":[[[-86.09363,36.90593],[-86.09459,36.90498],[-86.09551,36.90261],[-86.09596,36.89591]]]}},{"type":"Feature","properties":{"kind":"minor-water","name":"Coon Creek","ftype":558,"lengthKm":0.66,"hu8":"05110002","pid":"56288662"},"geometry":{"type":"MultiLineString","coordinates":[[[-86.01928,36.90322],[-86.01998,36.90432],[-86.02176,36.90542],[-86.02286,36.9068],[-86.02423,36.90751]]]}},{"type":"Feature","properties":{"kind":"minor-water","name":"Boyds Creek","ftype":460,"lengthKm":0,"hu8":"05110002","pid":"56287918"},"geometry":{"type":"MultiLineString","coordinates":[[[-85.95204,36.93407],[-85.95206,36.93406]]]}},{"type":"Feature","properties":{"kind":"minor-water","name":"Difficult Creek","ftype":460,"lengthKm":1.56,"hu8":"05110002","pid":"56289730"},"geometry":{"type":"MultiLineString","coordinates":[[[-86.15885,36.83589],[-86.15897,36.83746],[-86.15629,36.8419],[-86.1567,36.8427],[-86.15713,36.8459],[-86.15776,36.84718],[-86.15758,36.84924]]]}},{"type":"Feature","properties":{"kind":"minor-water","name":"Malden Branch","ftype":460,"lengthKm":1.65,"hu8":"05110002","pid":"56292962"},"geometry":{"type":"MultiLineString","coordinates":[[[-86.10164,36.60314],[-86.1026,36.60339],[-86.10375,36.6043],[-86.10586,36.60493],[-86.10815,36.60513],[-86.10932,36.60467],[-86.11015,36.60478],[-86.11255,36.60571],[-86.11293,36.60642],[-86.1152,36.60733],[-86.11821,36.60763]]]}},{"type":"Feature","properties":{"kind":"minor-water","name":"White Oak Branch","ftype":460,"lengthKm":0.22,"hu8":"05110002","pid":"56290584"},"geometry":{"type":"MultiLineString","coordinates":[[[-85.78203,36.7273],[-85.78203,36.7253]]]}},{"type":"Feature","properties":{"kind":"minor-water","name":"Hurricane Creek","ftype":460,"lengthKm":0.37,"hu8":"05110002","pid":"56292077"},"geometry":{"type":"MultiLineString","coordinates":[[[-85.6714,36.59916],[-85.67334,36.60004],[-85.67515,36.60045]]]}},{"type":"Feature","properties":{"kind":"minor-water","name":"Little Trace Creek","ftype":460,"lengthKm":0.18,"hu8":"05110002","pid":"56293617"},"geometry":{"type":"MultiLineString","coordinates":[[[-85.69215,36.54626],[-85.6927,36.5478]]]}},{"type":"Feature","properties":{"kind":"minor-water","name":"Wilson Branch","ftype":460,"lengthKm":0.2,"hu8":"05110002","pid":"56293796"},"geometry":{"type":"MultiLineString","coordinates":[[[-85.79305,36.54828],[-85.79227,36.54856],[-85.79147,36.54946]]]}},{"type":"Feature","properties":{"kind":"minor-water","name":"Witcher Hollow Branch","ftype":460,"lengthKm":0.63,"hu8":"05110002","pid":"56294283"},"geometry":{"type":"MultiLineString","coordinates":[[[-85.83522,36.53191],[-85.83826,36.53087],[-85.84119,36.52901]]]}},{"type":"Feature","properties":{"kind":"minor-water","name":"Barren River","ftype":558,"lengthKm":0.32,"hu8":"05110002","pid":"56286502"},"geometry":{"type":"MultiLineString","coordinates":[[[-86.55737,37.09639],[-86.56046,37.09783]]]}},{"type":"Feature","properties":{"kind":"minor-water","name":"Gasper River","ftype":558,"lengthKm":0.97,"hu8":"05110002","pid":"56288160"},"geometry":{"type":"MultiLineString","coordinates":[[[-86.69357,36.98053],[-86.69202,36.98005],[-86.6909,36.98015],[-86.68872,36.98361],[-86.68578,36.98249]]]}},{"type":"Feature","properties":{"kind":"minor-water","name":"Falling Timber Creek","ftype":558,"lengthKm":1.3,"hu8":"05110002","pid":"56288201"},"geometry":{"type":"MultiLineString","coordinates":[[[-85.88061,36.91576],[-85.8826,36.91342],[-85.88367,36.91334],[-85.88765,36.91574],[-85.88855,36.91704],[-85.88948,36.91942]]]}},{"type":"Feature","properties":{"kind":"minor-water","name":"Skaggs Creek","ftype":558,"lengthKm":0.83,"hu8":"05110002","pid":"56288869"},"geometry":{"type":"MultiLineString","coordinates":[[[-85.86459,36.8782],[-85.86725,36.8783],[-85.86898,36.87942],[-85.87037,36.88099],[-85.87211,36.88175]]]}},{"type":"Feature","properties":{"kind":"minor-water","name":"Trammel Creek","ftype":558,"lengthKm":1.21,"hu8":"05110002","pid":"56290884"},"geometry":{"type":"MultiLineString","coordinates":[[[-86.28975,36.73931],[-86.29025,36.74095],[-86.28911,36.74465],[-86.28904,36.7477],[-86.28839,36.74997]]]}},{"type":"Feature","properties":{"kind":"minor-water","name":"Mill Creek","ftype":558,"lengthKm":0.77,"hu8":"05110002","pid":"56291049"},"geometry":{"type":"MultiLineString","coordinates":[[[-85.6877,36.6734],[-85.6894,36.67524],[-85.69226,36.67564],[-85.69453,36.67711]]]}},{"type":"Feature","properties":{"kind":"minor-water","name":"Sulphur Fork Creek","ftype":558,"lengthKm":0.7,"hu8":"05110002","pid":"56291466"},"geometry":{"type":"MultiLineString","coordinates":[[[-86.4131,36.70317],[-86.41175,36.70463],[-86.41047,36.70547],[-86.40916,36.70845]]]}},{"type":"Feature","properties":{"kind":"minor-water","name":"Glover Creek","ftype":460,"lengthKm":1.15,"hu8":"05110002","pid":"56288415"},"geometry":{"type":"MultiLineString","coordinates":[[[-85.71286,36.89649],[-85.71476,36.89619],[-85.71899,36.89331],[-85.72156,36.89303],[-85.72243,36.8921],[-85.72382,36.89224]]]}},{"type":"Feature","properties":{"kind":"minor-water","name":"Crooked Run","ftype":460,"lengthKm":0.64,"hu8":"05110002","pid":"56289258"},"geometry":{"type":"MultiLineString","coordinates":[[[-86.70121,36.91507],[-86.69994,36.91459],[-86.69886,36.91506],[-86.69871,36.9154],[-86.69821,36.91598],[-86.69578,36.91692],[-86.69543,36.91663]]]}},{"type":"Feature","properties":{"kind":"minor-water","name":"West Bays Fork","ftype":460,"lengthKm":1.51,"hu8":"05110002","pid":"56290524"},"geometry":{"type":"MultiLineString","coordinates":[[[-86.2017,36.76751],[-86.20321,36.7687],[-86.20611,36.77246],[-86.20848,36.77248],[-86.21016,36.77426],[-86.21375,36.77591]]]}},{"type":"Feature","properties":{"kind":"minor-water","name":"Swannigan Creek","ftype":460,"lengthKm":0.89,"hu8":"05110002","pid":"56287153"},"geometry":{"type":"MultiLineString","coordinates":[[[-85.81619,36.9768],[-85.81724,36.97898],[-85.8185,36.97912],[-85.81917,36.98128],[-85.81864,36.98279],[-85.81912,36.98355]]]}},{"type":"Feature","properties":{"kind":"minor-water","name":"Boyds Creek","ftype":460,"lengthKm":0.85,"hu8":"05110002","pid":"56287252"},"geometry":{"type":"MultiLineString","coordinates":[[[-85.85851,36.97704],[-85.86065,36.97653],[-85.86165,36.97596],[-85.86241,36.97623],[-85.86371,36.97581],[-85.86487,36.97429],[-85.86626,36.97367]]]}},{"type":"Feature","properties":{"kind":"minor-water","name":"Sinking Creek","ftype":460,"lengthKm":0.9,"hu8":"05110002","pid":"56290939"},"geometry":{"type":"MultiLineString","coordinates":[[[-86.59566,36.7588],[-86.597,36.75924],[-86.59747,36.76064],[-86.59747,36.76167],[-86.59707,36.76229],[-86.59723,36.76306],[-86.59834,36.76371],[-86.59925,36.76353],[-86.60034,36.76425]]]}},{"type":"Feature","properties":{"kind":"minor-water","name":"Gasper River","ftype":460,"lengthKm":1.15,"hu8":"05110002","pid":"56289202"},"geometry":{"type":"MultiLineString","coordinates":[[[-86.74388,36.92286],[-86.74375,36.92313],[-86.74236,36.92342],[-86.74247,36.92446],[-86.74186,36.92479],[-86.74155,36.92755],[-86.74078,36.92779],[-86.74115,36.92869],[-86.74051,36.92864],[-86.73999,36.92907],[-86.73777,36.9292]]]}},{"type":"Feature","properties":{"kind":"minor-water","name":"Peter Creek","ftype":460,"lengthKm":0.89,"hu8":"05110002","pid":"56290306"},"geometry":{"type":"MultiLineString","coordinates":[[[-85.80831,36.76034],[-85.80933,36.76005],[-85.80994,36.75905],[-85.81296,36.75762],[-85.81343,36.7567],[-85.81339,36.75582],[-85.81445,36.75473]]]}},{"type":"Feature","properties":{"kind":"minor-water","name":"Sulphur Creek","ftype":460,"lengthKm":1.7,"hu8":"05110002","pid":"56289530"},"geometry":{"type":"MultiLineString","coordinates":[[[-86.23346,36.85804],[-86.23419,36.85911],[-86.23591,36.85997],[-86.23739,36.85979],[-86.23876,36.86017],[-86.23968,36.85999],[-86.24416,36.86422],[-86.24697,36.86568],[-86.24835,36.866]]]}},{"type":"Feature","properties":{"kind":"minor-water","name":"Wiggington Creek","ftype":460,"lengthKm":3.21,"hu8":"05110002","pid":"56289733"},"geometry":{"type":"MultiLineString","coordinates":[[[-86.80791,36.88706],[-86.80713,36.88742],[-86.80659,36.88829],[-86.80674,36.89044],[-86.80744,36.89141],[-86.80657,36.8937],[-86.80744,36.89481],[-86.80612,36.89562],[-86.80594,36.89614],[-86.80474,36.89641],[-86.80498,36.89729],[-86.80465,36.8976],[-86.80393,36.89758],[-86.80156,36.8967],[-86.79875,36.89437],[-86.79678,36.89351],[-86.79651,36.89286],[-86.79406,36.89282],[-86.79266,36.89226],[-86.78714,36.89194]]]}},{"type":"Feature","properties":{"kind":"minor-water","name":"Little Trace Creek","ftype":460,"lengthKm":0.25,"hu8":"05110002","pid":"56292172"},"geometry":{"type":"MultiLineString","coordinates":[[[-85.76032,36.60269],[-85.76308,36.60261]]]}},{"type":"Feature","properties":{"kind":"minor-water","name":"White Oak Creek","ftype":460,"lengthKm":0.72,"hu8":"05110002","pid":"56292372"},"geometry":{"type":"MultiLineString","coordinates":[[[-85.96635,36.61321],[-85.96645,36.61447],[-85.96481,36.61545],[-85.96277,36.61561],[-85.96067,36.61468]]]}},{"type":"Feature","properties":{"kind":"minor-water","name":"White Oak Creek","ftype":460,"lengthKm":0.33,"hu8":"05110002","pid":"56293676"},"geometry":{"type":"MultiLineString","coordinates":[[[-85.98194,36.56852],[-85.98033,36.56963],[-85.9803,36.5709]]]}},{"type":"Feature","properties":{"kind":"minor-water","name":"Long Creek","ftype":460,"lengthKm":0.15,"hu8":"05110002","pid":"56293772"},"geometry":{"type":"MultiLineString","coordinates":[[[-86.10511,36.57511],[-86.10652,36.57577]]]}},{"type":"Feature","properties":{"kind":"minor-water","name":"Trammel Creek","ftype":460,"lengthKm":0.72,"hu8":"05110002","pid":"56294060"},"geometry":{"type":"MultiLineString","coordinates":[[[-86.21759,36.57228],[-86.21789,36.57316],[-86.21747,36.57485],[-86.21612,36.57588],[-86.21541,36.57703],[-86.2143,36.57768]]]}},{"type":"Feature","properties":{"kind":"minor-water","name":"Long Hungry Creek","ftype":460,"lengthKm":0.1,"hu8":"05110002","pid":"56294235"},"geometry":{"type":"MultiLineString","coordinates":[[[-85.88079,36.53548],[-85.88161,36.53605]]]}},{"type":"Feature","properties":{"kind":"minor-water","name":"Beaver Creek","ftype":558,"lengthKm":0.27,"hu8":"05110002","pid":"56286623"},"geometry":{"type":"MultiLineString","coordinates":[[[-85.90317,37.03461],[-85.90482,37.03539],[-85.90523,37.03623]]]}},{"type":"Feature","properties":{"kind":"minor-water","name":"Rays Branch","ftype":558,"lengthKm":0.04,"hu8":"05110002","pid":"56286718"},"geometry":{"type":"MultiLineString","coordinates":[[[-86.48238,37.07278],[-86.48279,37.07266]]]}},{"type":"Feature","properties":{"kind":"minor-water","name":"Long Creek","ftype":558,"lengthKm":0.35,"hu8":"05110002","pid":"56291693"},"geometry":{"type":"MultiLineString","coordinates":[[[-86.11359,36.65685],[-86.11298,36.65843],[-86.11152,36.65931]]]}},{"type":"Feature","properties":{"kind":"minor-water","name":"Falling Timber Creek","ftype":558,"lengthKm":1.29,"hu8":"05110002","pid":"56287947"},"geometry":{"type":"MultiLineString","coordinates":[[[-85.83852,36.92378],[-85.84105,36.92293],[-85.84252,36.92354],[-85.84506,36.9238],[-85.84664,36.92291],[-85.84912,36.92327],[-85.85176,36.92463]]]}},{"type":"Feature","properties":{"kind":"minor-water","name":"Line Creek","ftype":558,"lengthKm":0.67,"hu8":"05110002","pid":"56292011"},"geometry":{"type":"MultiLineString","coordinates":[[[-85.79304,36.61323],[-85.79268,36.61386],[-85.79185,36.61433],[-85.78812,36.61507],[-85.78814,36.61652]]]}},{"type":"Feature","properties":{"kind":"minor-water","name":"Boyds Creek","ftype":558,"lengthKm":1.25,"hu8":"05110002","pid":"56288053"},"geometry":{"type":"MultiLineString","coordinates":[[[-85.95206,36.93406],[-85.95285,36.93316],[-85.95313,36.93031],[-85.95543,36.92819],[-85.95565,36.92745],[-85.95801,36.92669],[-85.96014,36.92642]]]}},{"type":"Feature","properties":{"kind":"minor-water","name":"Caney Fork","ftype":558,"lengthKm":0.01,"hu8":"05110002","pid":"56289401"},"geometry":{"type":"MultiLineString","coordinates":[[[-85.97083,36.8461],[-85.9709,36.84608]]]}},{"type":"Feature","properties":{"kind":"minor-water","name":"Barren River","ftype":558,"lengthKm":1,"hu8":"05110002","pid":"56288387"},"geometry":{"type":"MultiLineString","coordinates":[[[-86.16643,36.93389],[-86.16897,36.93489],[-86.17043,36.93501],[-86.17332,36.9332],[-86.17516,36.93104]]]}},{"type":"Feature","properties":{"kind":"minor-water","name":"Barren River","ftype":558,"lengthKm":2.53,"hu8":"05110002","pid":"56287180"},"geometry":{"type":"MultiLineString","coordinates":[[[-86.46169,37.03626],[-86.46418,37.03635],[-86.46726,37.03719],[-86.47276,37.03632],[-86.48172,37.03338],[-86.48301,37.03249],[-86.48393,37.03094],[-86.48747,37.03054]]]}},{"type":"Feature","properties":{"kind":"minor-water","name":"Mount Pleasant Branch","ftype":558,"lengthKm":0.03,"hu8":"05110002","pid":"56288748"},"geometry":{"type":"MultiLineString","coordinates":[[[-85.90582,36.88841],[-85.90594,36.88816]]]}},{"type":"Feature","properties":{"kind":"minor-water","name":"Boyds Creek","ftype":460,"lengthKm":0.35,"hu8":"05110002","pid":"56287568"},"geometry":{"type":"MultiLineString","coordinates":[[[-85.92421,36.95255],[-85.92561,36.95253],[-85.92649,36.95206],[-85.92798,36.95201]]]}},{"type":"Feature","properties":{"kind":"minor-water","name":"Salt Lick Creek","ftype":460,"lengthKm":0.22,"hu8":"05110002","pid":"56294199"},"geometry":{"type":"MultiLineString","coordinates":[[[-85.84941,36.53459],[-85.85061,36.53636]]]}},{"type":"Feature","properties":{"kind":"minor-water","name":"Clifty Creek","ftype":460,"lengthKm":0.78,"hu8":"05110002","pid":"56286570"},"geometry":{"type":"MultiLineString","coordinates":[[[-86.60211,37.09432],[-86.60094,37.09456],[-86.59936,37.09618],[-86.5974,37.09692],[-86.59659,37.09905]]]}},{"type":"Feature","properties":{"kind":"minor-water","name":"Rays Branch","ftype":460,"lengthKm":0.1,"hu8":"05110002","pid":"56286808"},"geometry":{"type":"MultiLineString","coordinates":[[[-86.45222,37.06088],[-86.45281,37.06161]]]}},{"type":"Feature","properties":{"kind":"minor-water","name":"Chism Creek","ftype":460,"lengthKm":0.68,"hu8":"05110002","pid":"56288100"},"geometry":{"type":"MultiLineString","coordinates":[[[-86.58479,36.97496],[-86.58584,36.97499],[-86.58641,36.97616],[-86.58755,36.97719],[-86.58949,36.97725],[-86.59062,36.97784]]]}},{"type":"Feature","properties":{"kind":"minor-water","name":"West Bays Fork","ftype":460,"lengthKm":1.06,"hu8":"05110002","pid":"56290167"},"geometry":{"type":"MultiLineString","coordinates":[[[-86.23663,36.80376],[-86.23806,36.80448],[-86.23783,36.80502],[-86.23956,36.80677],[-86.24017,36.80797],[-86.24046,36.80948],[-86.24033,36.81203]]]}},{"type":"Feature","properties":{"kind":"minor-water","name":"Bays Fork","ftype":460,"lengthKm":2.61,"hu8":"05110002","pid":"56289547"},"geometry":{"type":"MultiLineString","coordinates":[[[-86.27415,36.85983],[-86.27307,36.85967],[-86.27229,36.86075],[-86.27121,36.86116],[-86.27021,36.86077],[-86.26956,36.85987],[-86.26838,36.85994],[-86.26665,36.85959],[-86.26444,36.86103],[-86.26389,36.86216],[-86.26322,36.86245],[-86.26228,36.86503],[-86.26262,36.86631],[-86.26227,36.86727],[-86.26265,36.86832],[-86.26217,36.86971],[-86.26282,36.87111],[-86.26441,36.87247],[-86.26323,36.87306]]]}},{"type":"Feature","properties":{"kind":"minor-water","name":"Little Salt Lick Creek","ftype":460,"lengthKm":0.15,"hu8":"05110002","pid":"56293010"},"geometry":{"type":"MultiLineString","coordinates":[[[-85.85469,36.58161],[-85.85639,36.58147]]]}},{"type":"Feature","properties":{"kind":"minor-water","name":"Long Fork","ftype":460,"lengthKm":1.06,"hu8":"05110002","pid":"56295131"},"geometry":{"type":"MultiLineString","coordinates":[[[-85.90826,36.462],[-85.90823,36.46149],[-85.90901,36.46024],[-85.91046,36.45949],[-85.91328,36.4604],[-85.91652,36.46031],[-85.91776,36.46095]]]}},{"type":"Feature","properties":{"kind":"minor-water","name":"Gasper River","ftype":558,"lengthKm":0.53,"hu8":"05110002","pid":"56288266"},"geometry":{"type":"MultiLineString","coordinates":[[[-86.70414,36.97699],[-86.70451,36.97799],[-86.70406,36.97871],[-86.70325,36.97936],[-86.70089,36.98009]]]}},{"type":"Feature","properties":{"kind":"minor-water","name":"West Fork Drakes Creek","ftype":558,"lengthKm":0.01,"hu8":"05110002","pid":"56293630"},"geometry":{"type":"MultiLineString","coordinates":[[[-86.4865,36.6113],[-86.4866,36.61136]]]}},{"type":"Feature","properties":{"kind":"minor-water","name":"Witcher Hollow Branch","ftype":558,"lengthKm":0.06,"hu8":"05110002","pid":"56294238"},"geometry":{"type":"MultiLineString","coordinates":[[[-85.80449,36.52934],[-85.80465,36.52885]]]}},{"type":"Feature","properties":{"kind":"minor-water","name":"Casey Branch","ftype":460,"lengthKm":1.15,"hu8":"05110002","pid":"56291336"},"geometry":{"type":"MultiLineString","coordinates":[[[-86.22061,36.70161],[-86.22068,36.7008],[-86.2213,36.70016],[-86.22457,36.69821],[-86.22834,36.69739],[-86.23013,36.69777],[-86.23112,36.69765]]]}},{"type":"Feature","properties":{"kind":"minor-water","name":"East Fork Barren River","ftype":460,"lengthKm":0.25,"hu8":"05110002","pid":"078d15f8-a05c-413b-b2a3-6367c41ab80c"},"geometry":{"type":"MultiLineString","coordinates":[[[-85.65847,36.77311],[-85.66091,36.77194]]]}},{"type":"Feature","properties":{"kind":"minor-water","name":"Cable Branch","ftype":558,"lengthKm":0.01,"hu8":"05110002","pid":"56290439"},"geometry":{"type":"MultiLineString","coordinates":[[[-85.75447,36.73793],[-85.75449,36.73787]]]}},{"type":"Feature","properties":{"kind":"minor-water","name":"Barren Fork","ftype":460,"lengthKm":1.18,"hu8":"05110002","pid":"56286568"},"geometry":{"type":"MultiLineString","coordinates":[[[-85.80158,37.03228],[-85.80229,37.03243],[-85.80321,37.03165],[-85.8044,37.03233],[-85.80519,37.03244],[-85.80577,37.03197],[-85.80683,37.03182],[-85.80743,37.0327],[-85.8086,37.03242],[-85.80994,37.03261],[-85.8104,37.03238],[-85.81148,37.03314],[-85.81178,37.03222]]]}},{"type":"Feature","properties":{"kind":"minor-water","name":"Sinking Creek","ftype":460,"lengthKm":0.76,"hu8":"05110002","pid":"56291039"},"geometry":{"type":"MultiLineString","coordinates":[[[-86.61352,36.74998],[-86.61069,36.75012],[-86.60641,36.75172],[-86.60544,36.75155]]]}},{"type":"Feature","properties":{"kind":"minor-water","name":"Brush Creek","ftype":460,"lengthKm":0.3,"hu8":"05110002","pid":"56288422"},"geometry":{"type":"MultiLineString","coordinates":[[[-86.61156,36.96457],[-86.61219,36.96554],[-86.61283,36.96584],[-86.61291,36.96639],[-86.61347,36.96643]]]}},{"type":"Feature","properties":{"kind":"minor-water","name":"Skaggs Creek","ftype":460,"lengthKm":0.83,"hu8":"05110002","pid":"56289620"},"geometry":{"type":"MultiLineString","coordinates":[[[-85.68105,36.8081],[-85.68229,36.80763],[-85.68312,36.80689],[-85.68595,36.80551],[-85.68754,36.80435],[-85.68797,36.80431],[-85.68854,36.80478]]]}},{"type":"Feature","properties":{"kind":"minor-water","name":"Nobob Creek","ftype":460,"lengthKm":0.54,"hu8":"05110002","pid":"56288810"},"geometry":{"type":"MultiLineString","coordinates":[[[-85.6891,36.86696],[-85.69021,36.86721],[-85.69103,36.86677],[-85.6922,36.86691],[-85.69453,36.86801]]]}},{"type":"Feature","properties":{"kind":"minor-water","name":"Rocky Branch","ftype":460,"lengthKm":1.09,"hu8":"05110002","pid":"56291075"},"geometry":{"type":"MultiLineString","coordinates":[[[-85.79137,36.68685],[-85.78921,36.68458],[-85.78769,36.68353],[-85.7864,36.68179],[-85.7849,36.68105],[-85.78478,36.6795],[-85.78447,36.67925]]]}},{"type":"Feature","properties":{"kind":"minor-water","name":"Lick Creek","ftype":460,"lengthKm":2.71,"hu8":"05110002","pid":"56291601"},"geometry":{"type":"MultiLineString","coordinates":[[[-86.44698,36.69326],[-86.44793,36.694],[-86.45186,36.69466],[-86.45511,36.69776],[-86.45873,36.69924],[-86.4587,36.70065],[-86.46006,36.70181],[-86.46385,36.70321],[-86.46525,36.70273],[-86.46654,36.7029],[-86.46691,36.70341],[-86.46913,36.70423],[-86.4703,36.70556]]]}},{"type":"Feature","properties":{"kind":"minor-water","name":"Wilson Branch","ftype":460,"lengthKm":0.67,"hu8":"05110002","pid":"56293643"},"geometry":{"type":"MultiLineString","coordinates":[[[-85.78717,36.55298],[-85.78075,36.55607]]]}},{"type":"Feature","properties":{"kind":"minor-water","name":"Bean Branch","ftype":460,"lengthKm":0.25,"hu8":"05110002","pid":"56293829"},"geometry":{"type":"MultiLineString","coordinates":[[[-85.76713,36.54478],[-85.76755,36.54564],[-85.76909,36.54621]]]}},{"type":"Feature","properties":{"kind":"minor-water","name":"Salt Lick Creek","ftype":460,"lengthKm":0.05,"hu8":"05110002","pid":"56294384"},"geometry":{"type":"MultiLineString","coordinates":[[[-85.84501,36.52287],[-85.84522,36.52332]]]}},{"type":"Feature","properties":{"kind":"minor-water","name":"Salt Lick Creek","ftype":460,"lengthKm":0.16,"hu8":"05110002","pid":"56294483"},"geometry":{"type":"MultiLineString","coordinates":[[[-85.84389,36.51669],[-85.84414,36.51814]]]}},{"type":"Feature","properties":{"kind":"minor-water","name":"Barren River","ftype":558,"lengthKm":1.96,"hu8":"05110002","pid":"56286834"},"geometry":{"type":"MultiLineString","coordinates":[[[-86.49472,37.06233],[-86.49606,37.06289],[-86.49651,37.06398],[-86.49557,37.06676],[-86.49427,37.06818],[-86.49085,37.07007],[-86.4839,37.07138],[-86.48306,37.07196],[-86.48279,37.07266]]]}},{"type":"Feature","properties":{"kind":"minor-water","name":"Barren River","ftype":558,"lengthKm":1.01,"hu8":"05110002","pid":"56288511"},"geometry":{"type":"MultiLineString","coordinates":[[[-86.14538,36.9292],[-86.14724,36.92974],[-86.14923,36.9285],[-86.15034,36.92696],[-86.15142,36.92339]]]}},{"type":"Feature","properties":{"kind":"minor-water","name":"Trammel Creek","ftype":558,"lengthKm":0,"hu8":"05110002","pid":"56290781"},"geometry":{"type":"MultiLineString","coordinates":[[[-86.28839,36.74997],[-86.28838,36.75]]]}},{"type":"Feature","properties":{"kind":"minor-water","name":"Long Creek","ftype":558,"lengthKm":0.73,"hu8":"05110002","pid":"56291469"},"geometry":{"type":"MultiLineString","coordinates":[[[-86.09996,36.6772],[-86.09933,36.67865],[-86.0986,36.67887],[-86.09679,36.68051],[-86.09613,36.6804],[-86.09532,36.68083],[-86.09511,36.68171]]]}},{"type":"Feature","properties":{"kind":"minor-water","name":"West Fork Drakes Creek","ftype":558,"lengthKm":0.3,"hu8":"05110002","pid":"56292198"},"geometry":{"type":"MultiLineString","coordinates":[[[-86.50066,36.66123],[-86.49989,36.66158],[-86.4999,36.66193],[-86.50116,36.66234],[-86.50124,36.66289]]]}},{"type":"Feature","properties":{"kind":"minor-water","name":"West Fork Drakes Creek","ftype":558,"lengthKm":1.35,"hu8":"05110002","pid":"56291654"},"geometry":{"type":"MultiLineString","coordinates":[[[-86.54996,36.69731],[-86.54827,36.69916],[-86.54506,36.70164],[-86.54436,36.70187],[-86.54246,36.7017],[-86.54063,36.70283],[-86.5387,36.70324],[-86.53809,36.70369]]]}},{"type":"Feature","properties":{"kind":"minor-water","name":"Rose Creek","ftype":460,"lengthKm":0.73,"hu8":"05110002","pid":"56288868"},"geometry":{"type":"MultiLineString","coordinates":[[[-85.92673,36.88324],[-85.92679,36.88389],[-85.92892,36.88535],[-85.92986,36.88529],[-85.93077,36.88635],[-85.93202,36.88713],[-85.93199,36.88746]]]}},{"type":"Feature","properties":{"kind":"minor-water","name":"Wiggington Creek","ftype":460,"lengthKm":0.42,"hu8":"05110002","pid":"56289634"},"geometry":{"type":"MultiLineString","coordinates":[[[-86.78255,36.89271],[-86.78167,36.89275],[-86.78092,36.89325],[-86.78063,36.89372],[-86.78088,36.89393],[-86.77999,36.89527]]]}},{"type":"Feature","properties":{"kind":"minor-water","name":"Hurricane Creek","ftype":460,"lengthKm":0.54,"hu8":"05110002","pid":"56289817"},"geometry":{"type":"MultiLineString","coordinates":[[[-86.09887,36.82403],[-86.09737,36.82474],[-86.09626,36.82569],[-86.09484,36.82562],[-86.09366,36.8259]]]}},{"type":"Feature","properties":{"kind":"minor-water","name":"Difficult Creek","ftype":460,"lengthKm":1.9,"hu8":"05110002","pid":"56289441"},"geometry":{"type":"MultiLineString","coordinates":[[[-86.15564,36.85912],[-86.1543,36.86152],[-86.15496,36.86211],[-86.15501,36.86273],[-86.15476,36.8634],[-86.15505,36.86406],[-86.15436,36.86507],[-86.15441,36.86566],[-86.15532,36.86627],[-86.1548,36.86831],[-86.15493,36.87006],[-86.15423,36.87043],[-86.15438,36.87127],[-86.15381,36.87172],[-86.15388,36.87264],[-86.15354,36.87309],[-86.15378,36.87456]]]}},{"type":"Feature","properties":{"kind":"minor-water","name":"Little Trace Creek","ftype":460,"lengthKm":0.06,"hu8":"05110002","pid":"56293510"},"geometry":{"type":"MultiLineString","coordinates":[[[-85.69599,36.54989],[-85.69645,36.55031]]]}},{"type":"Feature","properties":{"kind":"minor-water","name":"Long Fork","ftype":460,"lengthKm":1.06,"hu8":"05110002","pid":"56295001"},"geometry":{"type":"MultiLineString","coordinates":[[[-85.93579,36.47981],[-85.93609,36.48161],[-85.93586,36.48413],[-85.93706,36.48588],[-85.93744,36.48843],[-85.93718,36.48899]]]}},{"type":"Feature","properties":{"kind":"minor-water","name":"West Fork Long Creek","ftype":460,"lengthKm":2.17,"hu8":"05110002","pid":"56293865"},"geometry":{"type":"MultiLineString","coordinates":[[[-86.15786,36.57628],[-86.15794,36.57718],[-86.15606,36.57915],[-86.15678,36.58131],[-86.15594,36.58271],[-86.15592,36.58384],[-86.15432,36.58433],[-86.15302,36.58541],[-86.15282,36.58591],[-86.15323,36.58696],[-86.1529,36.58789],[-86.15162,36.58888],[-86.15031,36.59062],[-86.14818,36.59212]]]}},{"type":"Feature","properties":{"kind":"minor-water","name":"Trammel Creek","ftype":460,"lengthKm":1.49,"hu8":"05110002","pid":"56294296"},"geometry":{"type":"MultiLineString","coordinates":[[[-86.22324,36.55984],[-86.22275,36.56125],[-86.22116,36.56329],[-86.22008,36.56542],[-86.21932,36.56926],[-86.21829,36.57047],[-86.21759,36.57228]]]}},{"type":"Feature","properties":{"kind":"minor-water","name":"Caney Fork Creek","ftype":460,"lengthKm":1.38,"hu8":"05110002","pid":"56294564"},"geometry":{"type":"MultiLineString","coordinates":[[[-86.39459,36.55578],[-86.39647,36.55795],[-86.39667,36.55961],[-86.39606,36.56069],[-86.39629,36.5614],[-86.3977,36.56288],[-86.39904,36.56328],[-86.39962,36.56464],[-86.40056,36.56503],[-86.4016,36.56501]]]}},{"type":"Feature","properties":{"kind":"minor-water","name":"Barren River","ftype":558,"lengthKm":0.62,"hu8":"05110002","pid":"56286339"},"geometry":{"type":"MultiLineString","coordinates":[[[-86.59034,37.125],[-86.5907,37.12812],[-86.59291,37.12984]]]}},{"type":"Feature","properties":{"kind":"minor-water","name":"Drakes Creek","ftype":558,"lengthKm":3.89,"hu8":"05110002","pid":"56288800"},"geometry":{"type":"MultiLineString","coordinates":[[[-86.38811,36.92528],[-86.38671,36.9247],[-86.38608,36.92487],[-86.38649,36.92652],[-86.3885,36.93018],[-86.39106,36.93204],[-86.39191,36.93316],[-86.39212,36.93481],[-86.39322,36.93723],[-86.39305,36.93769],[-86.39103,36.93781],[-86.3907,36.93813],[-86.39217,36.94031],[-86.39514,36.94225],[-86.39676,36.94278],[-86.40006,36.9424],[-86.40297,36.94108],[-86.40371,36.94172],[-86.40385,36.9432],[-86.40616,36.94408]]]}},{"type":"Feature","properties":{"kind":"minor-water","name":"Long Fork","ftype":558,"lengthKm":0.38,"hu8":"05110002","pid":"56293423"},"geometry":{"type":"MultiLineString","coordinates":[[[-85.93918,36.57362],[-85.9397,36.57702]]]}},{"type":"Feature","properties":{"kind":"minor-water","name":"Barren River","ftype":558,"lengthKm":0.6,"hu8":"05110002","pid":"56291364"},"geometry":{"type":"MultiLineString","coordinates":[[[-86.00209,36.67688],[-86.00311,36.67671],[-86.0048,36.67736],[-86.00701,36.67982]]]}},{"type":"Feature","properties":{"kind":"minor-water","name":"Middle Fork Drakes Creek","ftype":558,"lengthKm":0.99,"hu8":"05110002","pid":"56291933"},"geometry":{"type":"MultiLineString","coordinates":[[[-86.34213,36.66657],[-86.34412,36.66863],[-86.34572,36.66953],[-86.34621,36.67022],[-86.34589,36.67093],[-86.34379,36.67245],[-86.34324,36.67325]]]}},{"type":"Feature","properties":{"kind":"minor-water","name":"Caney Fork Creek","ftype":460,"lengthKm":0.31,"hu8":"05110002","pid":"56294604"},"geometry":{"type":"MultiLineString","coordinates":[[[-86.39444,36.55312],[-86.39407,36.55491],[-86.39459,36.55578]]]}},{"type":"Feature","properties":{"kind":"minor-water","name":"Florida Creek","ftype":460,"lengthKm":4.35,"hu8":"05110002","pid":"56292100"},"geometry":{"type":"MultiLineString","coordinates":[[[-86.15967,36.63938],[-86.16153,36.64018],[-86.16429,36.64207],[-86.16668,36.64276],[-86.16755,36.6427],[-86.168,36.6432],[-86.17144,36.64381],[-86.17265,36.64443],[-86.17454,36.64479],[-86.17641,36.64553],[-86.17704,36.6461],[-86.18028,36.64642],[-86.1823,36.64713],[-86.18463,36.64672],[-86.18534,36.64698],[-86.18585,36.64668],[-86.18672,36.64675],[-86.18809,36.64639],[-86.19067,36.64744],[-86.19251,36.64756],[-86.19362,36.64861],[-86.19419,36.64833],[-86.1951,36.64889],[-86.19656,36.64875],[-86.19669,36.64928],[-86.19847,36.6488],[-86.20014,36.6488],[-86.20339,36.64943]]]}},{"type":"Feature","properties":{"kind":"minor-water","name":"Buck Creek","ftype":460,"lengthKm":0.1,"hu8":"05110002","pid":"56291264"},"geometry":{"type":"MultiLineString","coordinates":[[[-86.28369,36.70711],[-86.28342,36.70801]]]}},{"type":"Feature","properties":{"kind":"minor-water","name":"Clear Fork Creek","ftype":460,"lengthKm":0.35,"hu8":"05110002","pid":"56288932"},"geometry":{"type":"MultiLineString","coordinates":[[[-86.63686,36.93507],[-86.63835,36.9361],[-86.63946,36.93564],[-86.63994,36.93609]]]}},{"type":"Feature","properties":{"kind":"minor-water","name":"Coruth Branch","ftype":460,"lengthKm":1.32,"hu8":"05110002","pid":"56291187"},"geometry":{"type":"MultiLineString","coordinates":[[[-85.97982,36.6933],[-85.98058,36.69208],[-85.9805,36.69157],[-85.98137,36.69126],[-85.98163,36.6908],[-85.98143,36.69029],[-85.98088,36.69023],[-85.98127,36.6891],[-85.98299,36.68729],[-85.98368,36.6873],[-85.98653,36.68966],[-85.98705,36.68976]]]}},{"type":"Feature","properties":{"kind":"minor-water","name":"Dutch Branch","ftype":558,"lengthKm":0.01,"hu8":"05110002","pid":"56291936"},"geometry":{"type":"MultiLineString","coordinates":[[[-86.342,36.66286],[-86.34213,36.66293]]]}},{"type":"Feature","properties":{"kind":"minor-water","name":"Jacks Hollowk Branch","ftype":460,"lengthKm":0.89,"hu8":"05110002","pid":"56290821"},"geometry":{"type":"MultiLineString","coordinates":[[[-86.18084,36.73826],[-86.18152,36.7379],[-86.18253,36.73819],[-86.18514,36.73814],[-86.19007,36.73997]]]}},{"type":"Feature","properties":{"kind":"minor-water","name":"Difficult Creek","ftype":460,"lengthKm":0.8,"hu8":"05110002","pid":"56289528"},"geometry":{"type":"MultiLineString","coordinates":[[[-86.15556,36.852],[-86.15508,36.85401],[-86.15586,36.85823],[-86.15564,36.85912]]]}},{"type":"Feature","properties":{"kind":"minor-water","name":"Big Spring Branch","ftype":460,"lengthKm":1.98,"hu8":"05110002","pid":"56290513"},"geometry":{"type":"MultiLineString","coordinates":[[[-86.36942,36.78675],[-86.37127,36.78632],[-86.3731,36.78627],[-86.37695,36.78726],[-86.37788,36.78795],[-86.3793,36.78782],[-86.38065,36.78696],[-86.38519,36.78585],[-86.3869,36.78432],[-86.38883,36.7845],[-86.38913,36.78395]]]}},{"type":"Feature","properties":{"kind":"minor-water","name":"Watkins Branch","ftype":460,"lengthKm":2.17,"hu8":"05110002","pid":"56290995"},"geometry":{"type":"MultiLineString","coordinates":[[[-86.22304,36.72612],[-86.22538,36.7245],[-86.22871,36.72363],[-86.23092,36.72359],[-86.233,36.72447],[-86.23681,36.72732],[-86.24154,36.72918],[-86.24346,36.73074]]]}},{"type":"Feature","properties":{"kind":"minor-water","name":"Gully Creek","ftype":460,"lengthKm":1.52,"hu8":"05110002","pid":"56291326"},"geometry":{"type":"MultiLineString","coordinates":[[[-85.72499,36.6562],[-85.72627,36.65601],[-85.72694,36.65648],[-85.72722,36.65738],[-85.72703,36.65801],[-85.72915,36.65924],[-85.73093,36.66243],[-85.73243,36.66233],[-85.73547,36.6649]]]}},{"type":"Feature","properties":{"kind":"minor-water","name":"Bean Branch","ftype":460,"lengthKm":0.38,"hu8":"05110002","pid":"56293615"},"geometry":{"type":"MultiLineString","coordinates":[[[-85.77332,36.55336],[-85.7758,36.55449],[-85.77675,36.55536]]]}},{"type":"Feature","properties":{"kind":"minor-water","name":"Glover Creek","ftype":558,"lengthKm":0.83,"hu8":"05110002","pid":"56288611"},"geometry":{"type":"MultiLineString","coordinates":[[[-85.80005,36.88982],[-85.80176,36.89013],[-85.8033,36.88966],[-85.80453,36.88823],[-85.80558,36.88894],[-85.80691,36.88883],[-85.80778,36.88841]]]}},{"type":"Feature","properties":{"kind":"minor-water","name":"Rose Creek","ftype":460,"lengthKm":1.07,"hu8":"05110002","pid":"56288778"},"geometry":{"type":"MultiLineString","coordinates":[[[-85.93249,36.88843],[-85.93461,36.88954],[-85.93737,36.88989],[-85.9381,36.89026],[-85.93895,36.88975],[-85.93988,36.88983],[-85.94027,36.88944],[-85.94353,36.88951]]]}},{"type":"Feature","properties":{"kind":"minor-water","name":"Long Branch","ftype":460,"lengthKm":0.44,"hu8":"05110002","pid":"56291512"},"geometry":{"type":"MultiLineString","coordinates":[[[-85.74658,36.6448],[-85.74696,36.64564],[-85.74792,36.64627],[-85.7484,36.64767],[-85.74909,36.64793]]]}},{"type":"Feature","properties":{"kind":"minor-water","name":"Little Muddy Creek","ftype":460,"lengthKm":0.77,"hu8":"05110002","pid":"56286283"},"geometry":{"type":"MultiLineString","coordinates":[[[-86.64364,37.15814],[-86.6438,37.15758],[-86.64213,37.15562],[-86.64218,37.15439],[-86.64102,37.15414],[-86.6402,37.15516],[-86.63974,37.15468]]]}},{"type":"Feature","properties":{"kind":"minor-water","name":"Sinking Branch","ftype":460,"lengthKm":1.47,"hu8":"05110002","pid":"56286962"},"geometry":{"type":"MultiLineString","coordinates":[[[-86.10701,37.01713],[-86.10785,37.0172],[-86.10816,37.01769],[-86.10789,37.01883],[-86.10664,37.01991],[-86.10689,37.02043],[-86.10736,37.0206],[-86.10833,37.02025],[-86.11003,37.02032],[-86.11185,37.02185],[-86.11215,37.02294],[-86.11328,37.02407],[-86.11487,37.02488]]]}},{"type":"Feature","properties":{"kind":"minor-water","name":"Salt Lick Creek","ftype":460,"lengthKm":1.9,"hu8":"05110002","pid":"56287350"},"geometry":{"type":"MultiLineString","coordinates":[[[-86.55721,37.02174],[-86.55754,37.02225],[-86.55989,37.02321],[-86.56211,37.02489],[-86.56309,37.02534],[-86.56401,37.02538],[-86.56927,37.02972],[-86.57101,37.03027],[-86.57399,37.03178]]]}},{"type":"Feature","properties":{"kind":"minor-water","name":"Pierce Creek","ftype":460,"lengthKm":0.3,"hu8":"05110002","pid":"56287901"},"geometry":{"type":"MultiLineString","coordinates":[[[-85.82979,36.92697],[-85.83113,36.92452]]]}},{"type":"Feature","properties":{"kind":"minor-water","name":"Rock House Creek","ftype":460,"lengthKm":0.9,"hu8":"05110002","pid":"56288384"},"geometry":{"type":"MultiLineString","coordinates":[[[-86.72004,36.97839],[-86.71984,36.97778],[-86.71913,36.97791],[-86.71852,36.97714],[-86.71751,36.97664],[-86.71433,36.97652],[-86.71391,36.97404]]]}},{"type":"Feature","properties":{"kind":"minor-water","name":"Gasper River","ftype":460,"lengthKm":0.05,"hu8":"05110002","pid":"56289016"},"geometry":{"type":"MultiLineString","coordinates":[[[-86.72577,36.93602],[-86.72521,36.93609]]]}},{"type":"Feature","properties":{"kind":"minor-water","name":"Tyree Branch","ftype":460,"lengthKm":0.67,"hu8":"05110002","pid":"56289753"},"geometry":{"type":"MultiLineString","coordinates":[[[-85.80631,36.80513],[-85.80635,36.80573],[-85.80563,36.80623],[-85.80408,36.80885],[-85.80204,36.80954]]]}},{"type":"Feature","properties":{"kind":"minor-water","name":"Little Trammel Creek","ftype":460,"lengthKm":0.6,"hu8":"05110002","pid":"56291360"},"geometry":{"type":"MultiLineString","coordinates":[[[-86.25128,36.69499],[-86.25045,36.69689],[-86.24855,36.6987],[-86.24809,36.69964]]]}},{"type":"Feature","properties":{"kind":"minor-water","name":"Salt Lick Creek","ftype":460,"lengthKm":0.21,"hu8":"05110002","pid":"56293821"},"geometry":{"type":"MultiLineString","coordinates":[[[-85.86245,36.55317],[-85.8647,36.55382]]]}},{"type":"Feature","properties":{"kind":"minor-water","name":"Jakes Branch","ftype":460,"lengthKm":1.47,"hu8":"05110002","pid":"56291022"},"geometry":{"type":"MultiLineString","coordinates":[[[-85.9671,36.71006],[-85.96418,36.70595],[-85.96403,36.70447],[-85.96148,36.70262],[-85.95897,36.69887]]]}},{"type":"Feature","properties":{"kind":"minor-water","name":"Little Trace Creek","ftype":460,"lengthKm":0.7,"hu8":"05110002","pid":"56293498"},"geometry":{"type":"MultiLineString","coordinates":[[[-85.69645,36.55031],[-85.6975,36.55503],[-85.69825,36.55564],[-85.6981,36.55629]]]}},{"type":"Feature","properties":{"kind":"minor-water","name":"Cane Creek","ftype":460,"lengthKm":1.05,"hu8":"05110002","pid":"56291739"},"geometry":{"type":"MultiLineString","coordinates":[[[-85.84396,36.63176],[-85.84289,36.63299],[-85.84352,36.63499],[-85.84294,36.63648],[-85.84298,36.64078]]]}},{"type":"Feature","properties":{"kind":"minor-water","name":"White Oak Creek","ftype":460,"lengthKm":0.33,"hu8":"05110002","pid":"56292094"},"geometry":{"type":"MultiLineString","coordinates":[[[-85.93797,36.62372],[-85.9372,36.62329],[-85.93672,36.62257],[-85.93652,36.62122]]]}},{"type":"Feature","properties":{"kind":"minor-water","name":"Long Fork","ftype":460,"lengthKm":0.69,"hu8":"05110002","pid":"56295125"},"geometry":{"type":"MultiLineString","coordinates":[[[-85.92205,36.46204],[-85.92394,36.46309],[-85.92578,36.46462],[-85.92616,36.46538],[-85.92748,36.46629]]]}},{"type":"Feature","properties":{"kind":"minor-water","name":"Beaver Creek","ftype":558,"lengthKm":0.24,"hu8":"05110002","pid":"56286632"},"geometry":{"type":"MultiLineString","coordinates":[[[-85.89803,37.03345],[-85.89928,37.03334],[-85.90061,37.03367]]]}},{"type":"Feature","properties":{"kind":"minor-water","name":"Gasper River","ftype":558,"lengthKm":0.86,"hu8":"05110002","pid":"56287852"},"geometry":{"type":"MultiLineString","coordinates":[[[-86.67409,37.00005],[-86.67349,37.00044],[-86.67254,37.00048],[-86.6716,36.99816],[-86.66717,36.99644]]]}},{"type":"Feature","properties":{"kind":"minor-water","name":"Lancaster Branch","ftype":558,"lengthKm":0.09,"hu8":"05110002","pid":"56290668"},"geometry":{"type":"MultiLineString","coordinates":[[[-86.24459,36.75813],[-86.24545,36.75847]]]}},{"type":"Feature","properties":{"kind":"minor-water","name":"Barren River","ftype":558,"lengthKm":1.36,"hu8":"05110002","pid":"56288404"},"geometry":{"type":"MultiLineString","coordinates":[[[-86.27123,36.9457],[-86.26917,36.94192],[-86.27056,36.93958],[-86.27149,36.93882],[-86.27316,36.93842],[-86.27696,36.93894]]]}},{"type":"Feature","properties":{"kind":"minor-water","name":"Peter Creek","ftype":558,"lengthKm":0.61,"hu8":"05110002","pid":"56289872"},"geometry":{"type":"MultiLineString","coordinates":[[[-85.93563,36.80595],[-85.93852,36.81088]]]}},{"type":"Feature","properties":{"kind":"minor-water","name":"Middle Fork Drakes Creek","ftype":558,"lengthKm":1.92,"hu8":"05110002","pid":"56290767"},"geometry":{"type":"MultiLineString","coordinates":[[[-86.40489,36.76096],[-86.40357,36.76318],[-86.40352,36.76541],[-86.3989,36.7669],[-86.39664,36.76819],[-86.39531,36.77139],[-86.39564,36.77285],[-86.39644,36.77419]]]}},{"type":"Feature","properties":{"kind":"minor-water","name":"Sulphur Fork Creek","ftype":558,"lengthKm":0.18,"hu8":"05110002","pid":"56291158"},"geometry":{"type":"MultiLineString","coordinates":[[[-86.41259,36.72461],[-86.41113,36.72567]]]}},{"type":"Feature","properties":{"kind":"minor-water","name":"Middle Fork Drakes Creek","ftype":558,"lengthKm":1.08,"hu8":"05110002","pid":"56291175"},"geometry":{"type":"MultiLineString","coordinates":[[[-86.38171,36.72329],[-86.38282,36.72586],[-86.38229,36.72795],[-86.38445,36.72968],[-86.38702,36.73095]]]}},{"type":"Feature","properties":{"kind":"minor-water","name":"Bean Branch","ftype":460,"lengthKm":0.15,"hu8":"05110002","pid":"56293932"},"geometry":{"type":"MultiLineString","coordinates":[[[-85.76528,36.54027],[-85.76589,36.54148]]]}},{"type":"Feature","properties":{"kind":"minor-water","name":"Lick Branch","ftype":460,"lengthKm":0.17,"hu8":"05110002","pid":"16df3fbb-7893-4d07-a9dc-8f2e0e2a2b62"},"geometry":{"type":"MultiLineString","coordinates":[[[-85.78158,36.95643],[-85.78179,36.956],[-85.78105,36.95506]]]}},{"type":"Feature","properties":{"kind":"minor-water","name":"Sharps Branch","ftype":460,"lengthKm":0.09,"hu8":"05110002","pid":"56291689"},"geometry":{"type":"MultiLineString","coordinates":[[[-86.54678,36.69237],[-86.54583,36.69224]]]}},{"type":"Feature","properties":{"kind":"minor-water","name":"South Fork Beaver Creek","ftype":460,"lengthKm":0.08,"hu8":"05110002","pid":"56287264"},"geometry":{"type":"MultiLineString","coordinates":[[[-85.96495,36.98132],[-85.96547,36.98069]]]}},{"type":"Feature","properties":{"kind":"minor-water","name":"Wiggington Creek","ftype":460,"lengthKm":0.31,"hu8":"05110002","pid":"56289567"},"geometry":{"type":"MultiLineString","coordinates":[[[-86.7729,36.8974],[-86.77198,36.89854],[-86.77028,36.89816]]]}},{"type":"Feature","properties":{"kind":"minor-water","name":"Walnut Creek","ftype":460,"lengthKm":2.02,"hu8":"05110002","pid":"56290604"},"geometry":{"type":"MultiLineString","coordinates":[[[-86.11861,36.75243],[-86.11998,36.75451],[-86.1199,36.75647],[-86.11917,36.75826],[-86.11927,36.75983],[-86.11871,36.76206],[-86.11926,36.76397],[-86.11888,36.76545],[-86.11713,36.76739],[-86.11653,36.76957]]]}},{"type":"Feature","properties":{"kind":"minor-water","name":"Grace Creek","ftype":460,"lengthKm":0.12,"hu8":"05110002","pid":"56293248"},"geometry":{"type":"MultiLineString","coordinates":[[[-86.51282,36.62722],[-86.51211,36.62761],[-86.51218,36.62796]]]}},{"type":"Feature","properties":{"kind":"minor-water","name":"Long Creek","ftype":460,"lengthKm":0.63,"hu8":"05110002","pid":"56293875"},"geometry":{"type":"MultiLineString","coordinates":[[[-86.10012,36.57121],[-86.10123,36.57244],[-86.10511,36.57511]]]}},{"type":"Feature","properties":{"kind":"minor-water","name":"Barren River","ftype":558,"lengthKm":0.49,"hu8":"05110002","pid":"56286515"},"geometry":{"type":"MultiLineString","coordinates":[[[-86.49825,37.09076],[-86.49768,37.09155],[-86.49775,37.09236],[-86.49979,37.0945]]]}},{"type":"Feature","properties":{"kind":"minor-water","name":"Barren River","ftype":558,"lengthKm":1.11,"hu8":"05110002","pid":"56287343"},"geometry":{"type":"MultiLineString","coordinates":[[[-86.45752,37.01458],[-86.46337,37.01562],[-86.46686,37.01746],[-86.46915,37.01766]]]}},{"type":"Feature","properties":{"kind":"minor-water","name":"Trammel Creek","ftype":558,"lengthKm":2.14,"hu8":"05110002","pid":"56290128"},"geometry":{"type":"MultiLineString","coordinates":[[[-86.34177,36.81619],[-86.34041,36.81794],[-86.3408,36.81951],[-86.34052,36.8202],[-86.33724,36.82015],[-86.33562,36.82061],[-86.33006,36.8201],[-86.32945,36.82108],[-86.32921,36.82241],[-86.33039,36.82627]]]}},{"type":"Feature","properties":{"kind":"minor-water","name":"Gasper River","ftype":558,"lengthKm":1.16,"hu8":"05110002","pid":"56287878"},"geometry":{"type":"MultiLineString","coordinates":[[[-86.66717,36.99644],[-86.66656,36.99609],[-86.66655,36.99571],[-86.66837,36.99528],[-86.66872,36.99497],[-86.66855,36.99466],[-86.66106,36.99464],[-86.65959,36.99435]]]}},{"type":"Feature","properties":{"kind":"minor-water","name":"West Fork Drakes Creek","ftype":558,"lengthKm":2.99,"hu8":"05110002","pid":"56290803"},"geometry":{"type":"MultiLineString","coordinates":[[[-86.53797,36.7677],[-86.53774,36.76804],[-86.53811,36.76919],[-86.54243,36.77221],[-86.54236,36.77318],[-86.54137,36.77468],[-86.5415,36.77561],[-86.54278,36.77678],[-86.54555,36.77759],[-86.54612,36.77875],[-86.54603,36.7816],[-86.54552,36.7831],[-86.54418,36.7839],[-86.5402,36.78545],[-86.53885,36.78656],[-86.53882,36.78766]]]}},{"type":"Feature","properties":{"kind":"minor-water","name":"West Fork Drakes Creek","ftype":558,"lengthKm":0.56,"hu8":"05110002","pid":"56291923"},"geometry":{"type":"MultiLineString","coordinates":[[[-86.51994,36.67769],[-86.52047,36.6783],[-86.52006,36.67902],[-86.51628,36.68068]]]}},{"type":"Feature","properties":{"kind":"minor-water","name":"Sugar Creek","ftype":460,"lengthKm":0.5,"hu8":"05110002","pid":"56291235"},"geometry":{"type":"MultiLineString","coordinates":[[[-85.83261,36.67543],[-85.83274,36.67449],[-85.8344,36.67273],[-85.83493,36.67142]]]}},{"type":"Feature","properties":{"kind":"minor-water","name":"Indian Creek","ftype":460,"lengthKm":1.64,"hu8":"05110002","pid":"56290818"},"geometry":{"type":"MultiLineString","coordinates":[[[-85.89712,36.72079],[-85.89932,36.72009],[-85.90062,36.72028],[-85.90171,36.71988],[-85.9043,36.71964],[-85.90599,36.71832],[-85.90612,36.71631],[-85.90692,36.71558],[-85.90754,36.71547],[-85.90948,36.71623],[-85.91141,36.71567]]]}},{"type":"Feature","properties":{"kind":"minor-water","name":"Hocker Branch","ftype":460,"lengthKm":0.47,"hu8":"05110002","pid":"56286433"},"geometry":{"type":"MultiLineString","coordinates":[[[-86.64595,37.11056],[-86.6468,37.111],[-86.64765,37.11246],[-86.64845,37.11297],[-86.64848,37.114]]]}},{"type":"Feature","properties":{"kind":"minor-water","name":"Holcomb Branch","ftype":460,"lengthKm":0.32,"hu8":"05110002","pid":"56287649"},"geometry":{"type":"MultiLineString","coordinates":[[[-86.67577,37.01057],[-86.67549,37.00978],[-86.67569,37.00872],[-86.6765,37.00798]]]}},{"type":"Feature","properties":{"kind":"minor-water","name":"Elbow Spring Creek","ftype":460,"lengthKm":0.47,"hu8":"05110002","pid":"56287873"},"geometry":{"type":"MultiLineString","coordinates":[[[-85.82506,36.92887],[-85.82979,36.92697]]]}},{"type":"Feature","properties":{"kind":"minor-water","name":"Watt Branch","ftype":460,"lengthKm":0.25,"hu8":"05110002","pid":"56288788"},"geometry":{"type":"MultiLineString","coordinates":[[[-85.75296,36.87427],[-85.75443,36.87378],[-85.75484,36.87289]]]}},{"type":"Feature","properties":{"kind":"minor-water","name":"Happy Hollow Branch","ftype":460,"lengthKm":1.73,"hu8":"05110002","pid":"56289168"},"geometry":{"type":"MultiLineString","coordinates":[[[-85.87647,36.85339],[-85.87474,36.85541],[-85.87345,36.85547],[-85.87294,36.85845],[-85.87145,36.86086],[-85.87076,36.86281],[-85.87075,36.86407],[-85.87008,36.86494],[-85.86939,36.86691]]]}},{"type":"Feature","properties":{"kind":"minor-water","name":"Caney Fork","ftype":460,"lengthKm":0.69,"hu8":"05110002","pid":"56289484"},"geometry":{"type":"MultiLineString","coordinates":[[[-85.89836,36.83421],[-85.90003,36.83469],[-85.90039,36.83506],[-85.90231,36.83532],[-85.90253,36.83593],[-85.90345,36.83664],[-85.90481,36.83665]]]}},{"type":"Feature","properties":{"kind":"minor-water","name":"Little Trammel Creek","ftype":460,"lengthKm":0.33,"hu8":"05110002","pid":"56291328"},"geometry":{"type":"MultiLineString","coordinates":[[[-86.24809,36.69964],[-86.24831,36.70129],[-86.24752,36.70243]]]}},{"type":"Feature","properties":{"kind":"minor-water","name":"Dutch Creek","ftype":460,"lengthKm":2.24,"hu8":"05110002","pid":"56293575"},"geometry":{"type":"MultiLineString","coordinates":[[[-86.31551,36.60003],[-86.31908,36.60389],[-86.31945,36.60481],[-86.31915,36.60642],[-86.3194,36.60728],[-86.32068,36.60827],[-86.32222,36.60896],[-86.32504,36.61231],[-86.32689,36.61252],[-86.32727,36.61337],[-86.33013,36.61453]]]}},{"type":"Feature","properties":{"kind":"minor-water","name":"Bean Branch","ftype":460,"lengthKm":0.39,"hu8":"05110002","pid":"56294000"},"geometry":{"type":"MultiLineString","coordinates":[[[-85.76374,36.53738],[-85.76387,36.53797],[-85.76466,36.53823],[-85.76524,36.53893],[-85.76528,36.54027]]]}},{"type":"Feature","properties":{"kind":"minor-water","name":"White Oak Creek","ftype":460,"lengthKm":0.13,"hu8":"05110002","pid":"56293036"},"geometry":{"type":"MultiLineString","coordinates":[[[-85.97909,36.59093],[-85.97935,36.59211]]]}},{"type":"Feature","properties":{"kind":"minor-water","name":"Caney Fork Creek","ftype":460,"lengthKm":2.19,"hu8":"05110002","pid":"56294714"},"geometry":{"type":"MultiLineString","coordinates":[[[-86.37078,36.54204],[-86.37295,36.54269],[-86.37378,36.54332],[-86.37514,36.54305],[-86.37638,36.54332],[-86.37973,36.54318],[-86.38107,36.54389],[-86.38496,36.54453],[-86.38623,36.54606],[-86.38651,36.54705],[-86.38699,36.54734],[-86.38864,36.54794],[-86.39212,36.54841]]]}},{"type":"Feature","properties":{"kind":"minor-water","name":"Sulphur Fork Creek","ftype":558,"lengthKm":2.25,"hu8":"05110002","pid":"56291111"},"geometry":{"type":"MultiLineString","coordinates":[[[-86.41116,36.72832],[-86.41216,36.72892],[-86.41295,36.73056],[-86.41264,36.73219],[-86.41121,36.73386],[-86.41088,36.73472],[-86.41364,36.73716],[-86.41417,36.73801],[-86.4136,36.73855],[-86.41198,36.73891],[-86.41093,36.73968],[-86.40953,36.73986],[-86.409,36.7403],[-86.40869,36.74195],[-86.40906,36.74398]]]}},{"type":"Feature","properties":{"kind":"minor-water","name":"West Fork Drakes Creek","ftype":558,"lengthKm":0.33,"hu8":"05110002","pid":"56292025"},"geometry":{"type":"MultiLineString","coordinates":[[[-86.51598,36.67193],[-86.51603,36.67255],[-86.51798,36.67427]]]}},{"type":"Feature","properties":{"kind":"minor-water","name":"West Fork Drakes Creek","ftype":558,"lengthKm":2.37,"hu8":"05110002","pid":"56290991"},"geometry":{"type":"MultiLineString","coordinates":[[[-86.55074,36.75],[-86.54982,36.75078],[-86.54928,36.75275],[-86.54846,36.75419],[-86.54824,36.75579],[-86.54565,36.75606],[-86.54479,36.75634],[-86.54465,36.75668],[-86.54619,36.75765],[-86.5502,36.75771],[-86.55445,36.75928],[-86.55485,36.76018],[-86.5556,36.76074],[-86.55751,36.76107]]]}},{"type":"Feature","properties":{"kind":"minor-water","name":"Long Fork","ftype":558,"lengthKm":0.33,"hu8":"05110002","pid":"56293488"},"geometry":{"type":"MultiLineString","coordinates":[[[-85.93719,36.57107],[-85.93918,36.57362]]]}},{"type":"Feature","properties":{"kind":"minor-water","name":"Millstone Branch","ftype":460,"lengthKm":0.89,"hu8":"05110002","pid":"56291009"},"geometry":{"type":"MultiLineString","coordinates":[[[-85.91561,36.69772],[-85.91765,36.69826],[-85.92093,36.69741],[-85.9226,36.69772],[-85.92423,36.69703],[-85.92511,36.69704]]]}},{"type":"Feature","properties":{"kind":"minor-water","name":"Snake Creek","ftype":460,"lengthKm":1.37,"hu8":"05110002","pid":"56291971"},"geometry":{"type":"MultiLineString","coordinates":[[[-86.15466,36.6455],[-86.1547,36.64619],[-86.15412,36.64694],[-86.15428,36.64845],[-86.1568,36.64974],[-86.15788,36.65076],[-86.15856,36.65164],[-86.15876,36.653],[-86.15965,36.654],[-86.16013,36.65522],[-86.16067,36.6556]]]}},{"type":"Feature","properties":{"kind":"minor-water","name":"Barren River","ftype":558,"lengthKm":0.89,"hu8":"05110002","pid":"35f30744-9d43-456d-849b-0b5f8beac820"},"geometry":{"type":"MultiLineString","coordinates":[[[-86.03684,36.70543],[-86.03137,36.70858],[-86.03038,36.70817],[-86.02922,36.70674]]]}},{"type":"Feature","properties":{"kind":"minor-water","name":"Clifty Creek","ftype":460,"lengthKm":0.14,"hu8":"05110002","pid":"56286634"},"geometry":{"type":"MultiLineString","coordinates":[[[-86.6085,37.09055],[-86.60727,37.0913]]]}},{"type":"Feature","properties":{"kind":"minor-water","name":"Chism Creek","ftype":460,"lengthKm":0.51,"hu8":"05110002","pid":"56288213"},"geometry":{"type":"MultiLineString","coordinates":[[[-86.56081,36.96925],[-86.56509,36.96866],[-86.56628,36.96811]]]}},{"type":"Feature","properties":{"kind":"minor-water","name":"Dry Branch","ftype":460,"lengthKm":0.75,"hu8":"05110002","pid":"56289407"},"geometry":{"type":"MultiLineString","coordinates":[[[-85.71902,36.83001],[-85.71931,36.82863],[-85.7204,36.82742],[-85.72174,36.82645],[-85.72222,36.82565],[-85.724,36.8251]]]}},{"type":"Feature","properties":{"kind":"minor-water","name":"Solomon Creek","ftype":460,"lengthKm":0.95,"hu8":"05110002","pid":"56289596"},"geometry":{"type":"MultiLineString","coordinates":[[[-86.12807,36.84317],[-86.1299,36.84437],[-86.13433,36.84614],[-86.13463,36.84669],[-86.13674,36.84784]]]}},{"type":"Feature","properties":{"kind":"minor-water","name":"Dry Fork","ftype":460,"lengthKm":0.44,"hu8":"05110002","pid":"56289797"},"geometry":{"type":"MultiLineString","coordinates":[[[-85.8891,36.80892],[-85.89236,36.8086],[-85.89396,36.80873]]]}},{"type":"Feature","properties":{"kind":"minor-water","name":"Trammel Creek","ftype":460,"lengthKm":0.27,"hu8":"05110002","pid":"56293350"},"geometry":{"type":"MultiLineString","coordinates":[[[-86.19767,36.598],[-86.19718,36.59916],[-86.19716,36.60038]]]}},{"type":"Feature","properties":{"kind":"minor-water","name":"Trammel Creek","ftype":460,"lengthKm":0.35,"hu8":"05110002","pid":"56293422"},"geometry":{"type":"MultiLineString","coordinates":[[[-86.19744,36.5951],[-86.19682,36.59682],[-86.19767,36.598]]]}},{"type":"Feature","properties":{"kind":"minor-water","name":"Chicken Branch","ftype":460,"lengthKm":0.89,"hu8":"05110002","pid":"56292082"},"geometry":{"type":"MultiLineString","coordinates":[[[-85.81749,36.61141],[-85.81618,36.61196],[-85.81301,36.61195],[-85.81097,36.61257],[-85.80954,36.61232],[-85.80799,36.61294]]]}},{"type":"Feature","properties":{"kind":"minor-water","name":"White Oak Creek","ftype":460,"lengthKm":0.05,"hu8":"05110002","pid":"56292518"},"geometry":{"type":"MultiLineString","coordinates":[[[-85.97252,36.60771],[-85.97201,36.60772]]]}},{"type":"Feature","properties":{"kind":"minor-water","name":"White Oak Creek","ftype":460,"lengthKm":0.4,"hu8":"05110002","pid":"56292851"},"geometry":{"type":"MultiLineString","coordinates":[[[-85.97427,36.59559],[-85.97578,36.59895]]]}},{"type":"Feature","properties":{"kind":"minor-water","name":"Rocky Branch","ftype":558,"lengthKm":0.01,"hu8":"05110002","pid":"56291076"},"geometry":{"type":"MultiLineString","coordinates":[[[-85.78447,36.67925],[-85.78441,36.67923]]]}},{"type":"Feature","properties":{"kind":"minor-water","name":"Salt Lick Creek","ftype":558,"lengthKm":0.58,"hu8":"05110002","pid":"56293024"},"geometry":{"type":"MultiLineString","coordinates":[[[-85.86936,36.58209],[-85.8686,36.58284],[-85.86862,36.58367],[-85.87292,36.58368]]]}},{"type":"Feature","properties":{"kind":"minor-water","name":"Witcher Hollow Branch","ftype":558,"lengthKm":0.36,"hu8":"05110002","pid":"56294247"},"geometry":{"type":"MultiLineString","coordinates":[[[-85.81778,36.52968],[-85.81899,36.52953],[-85.82061,36.5304],[-85.82149,36.53054]]]}},{"type":"Feature","properties":{"kind":"minor-water","name":"Adams Branch","ftype":558,"lengthKm":0.01,"hu8":"05110002","pid":"56290966"},"geometry":{"type":"MultiLineString","coordinates":[[[-85.77393,36.68886],[-85.774,36.68881]]]}},{"type":"Feature","properties":{"kind":"minor-water","name":"Boyds Creek","ftype":460,"lengthKm":0.3,"hu8":"05110002","pid":"56287574"},"geometry":{"type":"MultiLineString","coordinates":[[[-85.92158,36.95159],[-85.92342,36.95154],[-85.92421,36.95255]]]}},{"type":"Feature","properties":{"kind":"minor-water","name":"Little Sinking Creek","ftype":460,"lengthKm":4.44,"hu8":"05110002","pid":"56286698"},"geometry":{"type":"MultiLineString","coordinates":[[[-86.10409,37.03481],[-86.10498,37.03495],[-86.10478,37.03606],[-86.10621,37.03696],[-86.106,37.03793],[-86.10719,37.03919],[-86.10851,37.03943],[-86.10881,37.03976],[-86.10996,37.03959],[-86.11113,37.04004],[-86.11213,37.03979],[-86.11229,37.03932],[-86.11431,37.039],[-86.11463,37.03933],[-86.11536,37.03908],[-86.11819,37.04059],[-86.11846,37.04087],[-86.11817,37.04149],[-86.11877,37.04155],[-86.11935,37.04225],[-86.12045,37.04279],[-86.12069,37.04371],[-86.1222,37.04368],[-86.12291,37.04436],[-86.12261,37.04463],[-86.12288,37.04511],[-86.12354,37.04499],[-86.1237,37.04455],[-86.1244,37.04472],[-86.12484,37.04536],[-86.1245,37.04566],[-86.12535,37.04601],[-86.12565,37.04595],[-86.12551,37.04531],[-86.12587,37.04524],[-86.12653,37.04648],[-86.1262,37.04692],[-86.12717,37.04693],[-86.12674,37.04759],[-86.12617,37.04776],[-86.12653,37.04901],[-86.1269,37.04923],[-86.12675,37.05017],[-86.1274,37.05102],[-86.12666,37.05129],[-86.12671,37.05226],[-86.12576,37.05245],[-86.12517,37.05446]]]}},{"type":"Feature","properties":{"kind":"minor-water","name":"Coruth Branch","ftype":558,"lengthKm":0.03,"hu8":"05110002","pid":"56290953"},"geometry":{"type":"MultiLineString","coordinates":[[[-85.98439,36.70858],[-85.98427,36.7083]]]}},{"type":"Feature","properties":{"kind":"minor-water","name":"Chism Creek","ftype":460,"lengthKm":0.78,"hu8":"05110002","pid":"56287664"},"geometry":{"type":"MultiLineString","coordinates":[[[-86.60803,37.00254],[-86.6079,37.00312],[-86.60675,37.00405],[-86.60625,37.00553],[-86.60532,37.00613],[-86.60507,37.00689],[-86.60462,37.00713],[-86.60534,37.00845]]]}},{"type":"Feature","properties":{"kind":"minor-water","name":"Little Muddy Creek","ftype":460,"lengthKm":1.48,"hu8":"05110002","pid":"56286780"},"geometry":{"type":"MultiLineString","coordinates":[[[-86.68655,37.08224],[-86.68596,37.08286],[-86.68567,37.08494],[-86.68487,37.08558],[-86.68419,37.08564],[-86.68375,37.08537],[-86.6829,37.08385],[-86.68289,37.08286],[-86.68364,37.08191],[-86.68319,37.08147],[-86.6827,37.08149],[-86.6817,37.08218],[-86.67975,37.08443]]]}},{"type":"Feature","properties":{"kind":"minor-water","name":"Little Sinking Creek","ftype":460,"lengthKm":0.2,"hu8":"05110002","pid":"56286791"},"geometry":{"type":"MultiLineString","coordinates":[[[-86.10244,37.03381],[-86.10354,37.0341],[-86.10409,37.03481]]]}},{"type":"Feature","properties":{"kind":"minor-water","name":"Nobob Creek","ftype":460,"lengthKm":0.53,"hu8":"05110002","pid":"56288766"},"geometry":{"type":"MultiLineString","coordinates":[[[-85.70958,36.87224],[-85.71104,36.87178],[-85.71223,36.87219],[-85.71423,36.87035]]]}},{"type":"Feature","properties":{"kind":"minor-water","name":"Bays Fork","ftype":460,"lengthKm":1.24,"hu8":"05110002","pid":"56290071"},"geometry":{"type":"MultiLineString","coordinates":[[[-86.21694,36.81063],[-86.21681,36.81129],[-86.21776,36.81186],[-86.22323,36.8121],[-86.22555,36.81267],[-86.22638,36.81336],[-86.22774,36.81324],[-86.22907,36.81374]]]}},{"type":"Feature","properties":{"kind":"minor-water","name":"Difficult Creek","ftype":460,"lengthKm":0.64,"hu8":"05110002","pid":"56290194"},"geometry":{"type":"MultiLineString","coordinates":[[[-86.13828,36.79466],[-86.1378,36.79567],[-86.13791,36.79658],[-86.13957,36.79881],[-86.13987,36.79994]]]}},{"type":"Feature","properties":{"kind":"minor-water","name":"Sulphur Fork Creek","ftype":460,"lengthKm":0.43,"hu8":"05110002","pid":"56293029"},"geometry":{"type":"MultiLineString","coordinates":[[[-86.39253,36.62309],[-86.39277,36.62698]]]}},{"type":"Feature","properties":{"kind":"minor-water","name":"Little Salt Lick Creek","ftype":460,"lengthKm":0.03,"hu8":"05110002","pid":"56293139"},"geometry":{"type":"MultiLineString","coordinates":[[[-85.83844,36.5754],[-85.83879,36.57554]]]}},{"type":"Feature","properties":{"kind":"minor-water","name":"Salt Lick Creek","ftype":460,"lengthKm":0.37,"hu8":"05110002","pid":"56294257"},"geometry":{"type":"MultiLineString","coordinates":[[[-85.84895,36.53127],[-85.84941,36.53459]]]}},{"type":"Feature","properties":{"kind":"minor-water","name":"Isenburg Branch","ftype":558,"lengthKm":0.01,"hu8":"05110002","pid":"56290737"},"geometry":{"type":"MultiLineString","coordinates":[[[-85.77089,36.71072],[-85.77079,36.71068]]]}},{"type":"Feature","properties":{"kind":"minor-water","name":"Peter Creek","ftype":558,"lengthKm":0.64,"hu8":"05110002","pid":"56289136"},"geometry":{"type":"MultiLineString","coordinates":[[[-86.04155,36.87093],[-86.04154,36.87263],[-86.04273,36.87657]]]}},{"type":"Feature","properties":{"kind":"minor-water","name":"Barren River","ftype":558,"lengthKm":1.55,"hu8":"05110002","pid":"56291284"},"geometry":{"type":"MultiLineString","coordinates":[[[-85.96478,36.69093],[-85.96558,36.68939],[-85.96604,36.68706],[-85.96584,36.68551],[-85.9664,36.68443],[-85.96936,36.68228],[-85.97369,36.68038]]]}},{"type":"Feature","properties":{"kind":"minor-water","name":"Little Trace Creek","ftype":558,"lengthKm":0.19,"hu8":"05110002","pid":"56293095"},"geometry":{"type":"MultiLineString","coordinates":[[[-85.70766,36.56551],[-85.70932,36.56657]]]}},{"type":"Feature","properties":{"kind":"minor-water","name":"Long Fork","ftype":558,"lengthKm":0.43,"hu8":"05110002","pid":"56294534"},"geometry":{"type":"MultiLineString","coordinates":[[[-85.93769,36.52056],[-85.93714,36.52178],[-85.93816,36.52421]]]}},{"type":"Feature","properties":{"kind":"minor-water","name":"White Oak Creek","ftype":460,"lengthKm":0.52,"hu8":"05110002","pid":"56294945"},"geometry":{"type":"MultiLineString","coordinates":[[[-85.9796,36.48998],[-85.97852,36.49126],[-85.97861,36.49207],[-85.97784,36.49327],[-85.97772,36.49425]]]}},{"type":"Feature","properties":{"kind":"minor-water","name":"Garrett Creek","ftype":460,"lengthKm":0.58,"hu8":"05110002","pid":"56292032"},"geometry":{"type":"MultiLineString","coordinates":[[[-86.24248,36.64988],[-86.24238,36.65018],[-86.24388,36.65185],[-86.24384,36.65467]]]}},{"type":"Feature","properties":{"kind":"minor-water","name":"Falling Timber Creek","ftype":460,"lengthKm":0.53,"hu8":"05110002","pid":"fb17efae-3ed6-42f9-8c0d-9b72575f078a"},"geometry":{"type":"MultiLineString","coordinates":[[[-85.76531,36.93829],[-85.76726,36.93939],[-85.77079,36.93911]]]}},{"type":"Feature","properties":{"kind":"minor-water","name":"Clifty Creek","ftype":460,"lengthKm":0.03,"hu8":"05110002","pid":"56286506"},"geometry":{"type":"MultiLineString","coordinates":[[[-86.59659,37.09905],[-86.59641,37.09926]]]}},{"type":"Feature","properties":{"kind":"minor-water","name":"White Oak Creek","ftype":460,"lengthKm":0.25,"hu8":"05110002","pid":"56293795"},"geometry":{"type":"MultiLineString","coordinates":[[[-85.98494,36.56451],[-85.98398,36.56488],[-85.98318,36.56608]]]}},{"type":"Feature","properties":{"kind":"minor-water","name":"Gasper River","ftype":460,"lengthKm":1.18,"hu8":"05110002","pid":"56289071"},"geometry":{"type":"MultiLineString","coordinates":[[[-86.7379,36.93189],[-86.73728,36.93205],[-86.73704,36.93306],[-86.73659,36.93325],[-86.73316,36.93243],[-86.73282,36.93262],[-86.73269,36.93343],[-86.73348,36.93608],[-86.73334,36.93654],[-86.73267,36.93696],[-86.73258,36.93774]]]}},{"type":"Feature","properties":{"kind":"minor-water","name":"Sulphur Creek","ftype":460,"lengthKm":0.96,"hu8":"05110002","pid":"56289419"},"geometry":{"type":"MultiLineString","coordinates":[[[-86.24835,36.866],[-86.2483,36.86705],[-86.25013,36.86838],[-86.25068,36.86845],[-86.25133,36.86905],[-86.25209,36.8686],[-86.25261,36.86888],[-86.25244,36.87067],[-86.25341,36.87176]]]}},{"type":"Feature","properties":{"kind":"minor-water","name":"Hurricane Creek","ftype":460,"lengthKm":0.01,"hu8":"05110002","pid":"56289821"},"geometry":{"type":"MultiLineString","coordinates":[[[-86.09964,36.8237],[-86.09954,36.82367]]]}},{"type":"Feature","properties":{"kind":"minor-water","name":"Bays Fork","ftype":460,"lengthKm":0.77,"hu8":"05110002","pid":"56290827"},"geometry":{"type":"MultiLineString","coordinates":[[[-86.1385,36.73311],[-86.1385,36.73369],[-86.13906,36.73443],[-86.13867,36.73598],[-86.13947,36.73941],[-86.1391,36.73973]]]}},{"type":"Feature","properties":{"kind":"minor-water","name":"Long Creek","ftype":460,"lengthKm":0.11,"hu8":"05110002","pid":"56292887"},"geometry":{"type":"MultiLineString","coordinates":[[[-86.11877,36.60677],[-86.11824,36.60762]]]}},{"type":"Feature","properties":{"kind":"minor-water","name":"Falling Timber Creek","ftype":558,"lengthKm":0.12,"hu8":"05110002","pid":"56287911"},"geometry":{"type":"MultiLineString","coordinates":[[[-85.81271,36.92271],[-85.81395,36.92301]]]}},{"type":"Feature","properties":{"kind":"minor-water","name":"Glover Creek","ftype":558,"lengthKm":0.55,"hu8":"05110002","pid":"56288544"},"geometry":{"type":"MultiLineString","coordinates":[[[-85.78233,36.89321],[-85.78776,36.89091]]]}},{"type":"Feature","properties":{"kind":"minor-water","name":"Gasper River","ftype":558,"lengthKm":0.66,"hu8":"05110002","pid":"56289013"},"geometry":{"type":"MultiLineString","coordinates":[[[-86.72218,36.93666],[-86.72059,36.93674],[-86.71784,36.93547],[-86.71633,36.93572],[-86.7154,36.93627]]]}},{"type":"Feature","properties":{"kind":"minor-water","name":"Long Creek","ftype":558,"lengthKm":0.34,"hu8":"05110002","pid":"56291333"},"geometry":{"type":"MultiLineString","coordinates":[[[-86.09302,36.68643],[-86.09143,36.68924]]]}},{"type":"Feature","properties":{"kind":"minor-water","name":"Barren River","ftype":558,"lengthKm":1.39,"hu8":"05110002","pid":"56291351"},"geometry":{"type":"MultiLineString","coordinates":[[[-85.84804,36.66493],[-85.84592,36.66734],[-85.84601,36.66825],[-85.84686,36.66982],[-85.848,36.67134],[-85.85018,36.67304],[-85.85126,36.67337],[-85.8535,36.67327]]]}},{"type":"Feature","properties":{"kind":"minor-water","name":"Barren River","ftype":558,"lengthKm":2.74,"hu8":"05110002","pid":"56291408"},"geometry":{"type":"MultiLineString","coordinates":[[[-85.92839,36.67806],[-85.92892,36.6788],[-85.92944,36.67898],[-85.93368,36.67811],[-85.93512,36.67749],[-85.93614,36.67666],[-85.93952,36.67528],[-85.94087,36.67357],[-85.94036,36.67143],[-85.93952,36.67024],[-85.93836,36.66981],[-85.935,36.66957],[-85.93278,36.66902],[-85.93095,36.66784],[-85.93034,36.66666]]]}},{"type":"Feature","properties":{"kind":"minor-water","name":"Middle Fork Drakes Creek","ftype":460,"lengthKm":0.95,"hu8":"05110002","pid":"56293977"},"geometry":{"type":"MultiLineString","coordinates":[[[-86.32905,36.58563],[-86.32903,36.58622],[-86.33057,36.58855],[-86.33088,36.59048],[-86.3318,36.59141],[-86.3329,36.59336]]]}},{"type":"Feature","properties":{"kind":"minor-water","name":"South Fork Beaver Creek","ftype":460,"lengthKm":0.46,"hu8":"05110002","pid":"56287287"},"geometry":{"type":"MultiLineString","coordinates":[[[-85.93248,36.97819],[-85.93467,36.97703],[-85.93715,36.97675]]]}},{"type":"Feature","properties":{"kind":"minor-water","name":"Lick Creek","ftype":460,"lengthKm":0.29,"hu8":"05110002","pid":"56286960"},"geometry":{"type":"MultiLineString","coordinates":[[[-86.63402,37.06164],[-86.63289,37.06082],[-86.63333,37.05944]]]}},{"type":"Feature","properties":{"kind":"minor-water","name":"Nobob Creek","ftype":460,"lengthKm":0.49,"hu8":"05110002","pid":"56289098"},"geometry":{"type":"MultiLineString","coordinates":[[[-85.78971,36.85513],[-85.79041,36.85522],[-85.79256,36.85396],[-85.79393,36.85415],[-85.79466,36.85395]]]}},{"type":"Feature","properties":{"kind":"minor-water","name":"Sulphur Creek","ftype":460,"lengthKm":0.82,"hu8":"05110002","pid":"56289806"},"geometry":{"type":"MultiLineString","coordinates":[[[-86.20809,36.83424],[-86.21032,36.83516],[-86.21298,36.8356],[-86.21447,36.83639],[-86.21668,36.83659]]]}},{"type":"Feature","properties":{"kind":"minor-water","name":"Peter Creek","ftype":460,"lengthKm":2.04,"hu8":"05110002","pid":"56290085"},"geometry":{"type":"MultiLineString","coordinates":[[[-85.77864,36.77939],[-85.77912,36.77964],[-85.78362,36.77884],[-85.78969,36.77885],[-85.7941,36.77754],[-85.79587,36.77782],[-85.79688,36.77742],[-85.79812,36.77588],[-85.7995,36.77501]]]}},{"type":"Feature","properties":{"kind":"minor-water","name":"Bays Fork","ftype":460,"lengthKm":0.36,"hu8":"05110002","pid":"56290518"},"geometry":{"type":"MultiLineString","coordinates":[[[-86.16398,36.7655],[-86.1658,36.7684]]]}},{"type":"Feature","properties":{"kind":"minor-water","name":"Rhoden Creek","ftype":460,"lengthKm":1.68,"hu8":"05110002","pid":"56290756"},"geometry":{"type":"MultiLineString","coordinates":[[[-86.12042,36.74526],[-86.11591,36.74385],[-86.11221,36.74441],[-86.10945,36.74243],[-86.10826,36.74048],[-86.10643,36.73932],[-86.10601,36.73812]]]}},{"type":"Feature","properties":{"kind":"minor-water","name":"West Bays Fork","ftype":460,"lengthKm":0.58,"hu8":"05110002","pid":"56291089"},"geometry":{"type":"MultiLineString","coordinates":[[[-86.16382,36.71017],[-86.16302,36.71233],[-86.16353,36.71395],[-86.163,36.71515]]]}},{"type":"Feature","properties":{"kind":"minor-water","name":"Trammel Creek","ftype":460,"lengthKm":2.11,"hu8":"05110002","pid":"56292563"},"geometry":{"type":"MultiLineString","coordinates":[[[-86.19231,36.61997],[-86.19218,36.6214],[-86.193,36.62351],[-86.19381,36.62417],[-86.19513,36.62434],[-86.19634,36.62522],[-86.19584,36.62635],[-86.19377,36.62827],[-86.19437,36.63005],[-86.19402,36.63161],[-86.19492,36.63305],[-86.19623,36.6335],[-86.19656,36.63496],[-86.19735,36.63511]]]}},{"type":"Feature","properties":{"kind":"minor-water","name":"Bean Branch","ftype":460,"lengthKm":0.33,"hu8":"05110002","pid":"56293566"},"geometry":{"type":"MultiLineString","coordinates":[[[-85.77675,36.55536],[-85.77813,36.55694],[-85.77814,36.55802]]]}},{"type":"Feature","properties":{"kind":"minor-water","name":"Trammel Creek","ftype":460,"lengthKm":1.23,"hu8":"05110002","pid":"56293716"},"geometry":{"type":"MultiLineString","coordinates":[[[-86.20111,36.58513],[-86.20087,36.58596],[-86.19905,36.58706],[-86.19799,36.58881],[-86.19812,36.59409],[-86.19744,36.5951]]]}},{"type":"Feature","properties":{"kind":"minor-water","name":"Long Fork","ftype":460,"lengthKm":0.02,"hu8":"05110002","pid":"56294927"},"geometry":{"type":"MultiLineString","coordinates":[[[-85.93718,36.48899],[-85.93722,36.48919]]]}},{"type":"Feature","properties":{"kind":"minor-water","name":"Brush Creek","ftype":558,"lengthKm":0.45,"hu8":"05110002","pid":"56287966"},"geometry":{"type":"MultiLineString","coordinates":[[[-86.62601,36.98624],[-86.62752,36.98578],[-86.62951,36.98638],[-86.63016,36.98542]]]}},{"type":"Feature","properties":{"kind":"minor-water","name":"Barren River","ftype":558,"lengthKm":0.23,"hu8":"05110002","pid":"56287977"},"geometry":{"type":"MultiLineString","coordinates":[[[-86.29078,36.95799],[-86.29136,36.95999]]]}},{"type":"Feature","properties":{"kind":"minor-water","name":"Drakes Creek","ftype":558,"lengthKm":0.15,"hu8":"05110002","pid":"56288230"},"geometry":{"type":"MultiLineString","coordinates":[[[-86.38269,36.95382],[-86.38204,36.95373],[-86.38171,36.95296]]]}},{"type":"Feature","properties":{"kind":"minor-water","name":"Barren River","ftype":558,"lengthKm":0.49,"hu8":"05110002","pid":"56288489"},"geometry":{"type":"MultiLineString","coordinates":[[[-86.23799,36.93181],[-86.23825,36.93411],[-86.23737,36.9361]]]}},{"type":"Feature","properties":{"kind":"minor-water","name":"Skaggs Creek","ftype":558,"lengthKm":0.17,"hu8":"05110002","pid":"56289137"},"geometry":{"type":"MultiLineString","coordinates":[[[-85.66187,36.84054],[-85.66131,36.83912]]]}},{"type":"Feature","properties":{"kind":"minor-water","name":"Puncheon Creek","ftype":460,"lengthKm":1.37,"hu8":"05110002","pid":"56291569"},"geometry":{"type":"MultiLineString","coordinates":[[[-86.00049,36.66004],[-86.0015,36.66148],[-86.001,36.66493],[-86.00249,36.66866],[-86.00134,36.67074],[-86.00027,36.67133]]]}},{"type":"Feature","properties":{"kind":"minor-water","name":"Boyds Creek","ftype":460,"lengthKm":1.15,"hu8":"05110002","pid":"56287458"},"geometry":{"type":"MultiLineString","coordinates":[[[-85.87733,36.96516],[-85.8781,36.964],[-85.88125,36.96163],[-85.88093,36.95974],[-85.88153,36.95908],[-85.8827,36.95643]]]}},{"type":"Feature","properties":{"kind":"minor-water","name":"Little Sinking Creek","ftype":460,"lengthKm":0.93,"hu8":"05110002","pid":"56286591"},"geometry":{"type":"MultiLineString","coordinates":[[[-86.12517,37.05446],[-86.12636,37.05508],[-86.1265,37.05705],[-86.12749,37.05804],[-86.12746,37.05863],[-86.12677,37.05919],[-86.12661,37.0603],[-86.12689,37.06127],[-86.12754,37.06132]]]}},{"type":"Feature","properties":{"kind":"minor-water","name":"Maxey Creek","ftype":460,"lengthKm":0.03,"hu8":"05110002","pid":"56286344"},"geometry":{"type":"MultiLineString","coordinates":[[[-86.60648,37.12426],[-86.6063,37.12447]]]}},{"type":"Feature","properties":{"kind":"minor-water","name":"Clifty Creek","ftype":460,"lengthKm":1.24,"hu8":"05110002","pid":"56286754"},"geometry":{"type":"MultiLineString","coordinates":[[[-86.62269,37.07719],[-86.62657,37.08027],[-86.62729,37.08276],[-86.62832,37.08442],[-86.62756,37.08674]]]}},{"type":"Feature","properties":{"kind":"minor-water","name":"Chism Creek","ftype":460,"lengthKm":2.84,"hu8":"05110002","pid":"56287716"},"geometry":{"type":"MultiLineString","coordinates":[[[-86.60122,36.98347],[-86.6021,36.9831],[-86.60382,36.98335],[-86.60537,36.98438],[-86.60592,36.98435],[-86.60612,36.98492],[-86.60743,36.98596],[-86.60708,36.98677],[-86.60977,36.9893],[-86.6095,36.99018],[-86.61021,36.99212],[-86.60966,36.99392],[-86.6103,36.99401],[-86.60982,36.99456],[-86.60978,36.9955],[-86.60927,36.99575],[-86.60944,36.99789],[-86.61052,36.99852],[-86.60803,37.00254]]]}},{"type":"Feature","properties":{"kind":"minor-water","name":"Difficult Creek","ftype":460,"lengthKm":0.27,"hu8":"05110002","pid":"56289922"},"geometry":{"type":"MultiLineString","coordinates":[[[-86.14157,36.81824],[-86.14169,36.81918],[-86.14306,36.82024]]]}},{"type":"Feature","properties":{"kind":"minor-water","name":"Bays Fork","ftype":460,"lengthKm":1.07,"hu8":"05110002","pid":"56290092"},"geometry":{"type":"MultiLineString","coordinates":[[[-86.24787,36.81489],[-86.24909,36.81491],[-86.25032,36.81455],[-86.2516,36.81472],[-86.25318,36.81432],[-86.25744,36.81448],[-86.25874,36.81301]]]}},{"type":"Feature","properties":{"kind":"minor-water","name":"Trace Creek","ftype":460,"lengthKm":0.81,"hu8":"05110002","pid":"56290632"},"geometry":{"type":"MultiLineString","coordinates":[[[-86.00098,36.74065],[-86.00331,36.74087],[-86.0059,36.7418],[-86.00731,36.74297],[-86.0077,36.74447]]]}},{"type":"Feature","properties":{"kind":"minor-water","name":"Hanging Rock Branch","ftype":460,"lengthKm":1.71,"hu8":"05110002","pid":"56292826"},"geometry":{"type":"MultiLineString","coordinates":[[[-86.14786,36.61119],[-86.14738,36.61175],[-86.14578,36.61226],[-86.1447,36.613],[-86.14269,36.61497],[-86.1419,36.61723],[-86.1418,36.61882],[-86.14109,36.61964],[-86.14094,36.62087],[-86.14045,36.62121],[-86.14045,36.62178],[-86.13932,36.62327],[-86.1387,36.62364]]]}},{"type":"Feature","properties":{"kind":"minor-water","name":"West Fork Drakes Creek","ftype":460,"lengthKm":0.53,"hu8":"05110002","pid":"56293947"},"geometry":{"type":"MultiLineString","coordinates":[[[-86.45837,36.5972],[-86.46263,36.60058]]]}},{"type":"Feature","properties":{"kind":"minor-water","name":"Salt Lick Creek","ftype":460,"lengthKm":0.5,"hu8":"05110002","pid":"56294166"},"geometry":{"type":"MultiLineString","coordinates":[[[-85.85061,36.53636],[-85.85131,36.53843],[-85.85084,36.5398],[-85.85018,36.54054]]]}},{"type":"Feature","properties":{"kind":"minor-water","name":"Long Fork","ftype":558,"lengthKm":0.01,"hu8":"05110002","pid":"56292932"},"geometry":{"type":"MultiLineString","coordinates":[[[-85.92803,36.5893],[-85.928,36.58934]]]}},{"type":"Feature","properties":{"kind":"minor-water","name":"Long Fork","ftype":558,"lengthKm":0.57,"hu8":"05110002","pid":"56294157"},"geometry":{"type":"MultiLineString","coordinates":[[[-85.94152,36.54454],[-85.94188,36.54606],[-85.94054,36.54711],[-85.93831,36.54823]]]}},{"type":"Feature","properties":{"kind":"minor-water","name":"Indian Creek","ftype":460,"lengthKm":1.02,"hu8":"05110002","pid":"56290743"},"geometry":{"type":"MultiLineString","coordinates":[[[-85.87479,36.71893],[-85.876,36.72006],[-85.87635,36.72195],[-85.87711,36.72232],[-85.87883,36.72251],[-85.88047,36.72329],[-85.88315,36.72352]]]}},{"type":"Feature","properties":{"kind":"minor-water","name":"Clear Fork Creek","ftype":460,"lengthKm":0.81,"hu8":"05110002","pid":"3a362cbf-d101-40d7-926f-4c75da736167"},"geometry":{"type":"MultiLineString","coordinates":[[[-86.65,36.88547],[-86.6496,36.88619],[-86.64764,36.88725],[-86.64628,36.88748],[-86.64531,36.88814],[-86.64381,36.89028]]]}},{"type":"Feature","properties":{"kind":"minor-water","name":"Little Muddy Creek","ftype":460,"lengthKm":1.53,"hu8":"05110002","pid":"56286508"},"geometry":{"type":"MultiLineString","coordinates":[[[-86.67993,37.10524],[-86.68094,37.10575],[-86.68064,37.10645],[-86.68097,37.1068],[-86.682,37.10684],[-86.68297,37.10618],[-86.68328,37.10628],[-86.68269,37.11085],[-86.6822,37.1114],[-86.68434,37.1139],[-86.68568,37.11458]]]}},{"type":"Feature","properties":{"kind":"minor-water","name":"Stall Creek","ftype":460,"lengthKm":1.54,"hu8":"05110002","pid":"56286856"},"geometry":{"type":"MultiLineString","coordinates":[[[-86.52577,37.06321],[-86.52569,37.06361],[-86.52617,37.06415],[-86.52567,37.06473],[-86.52604,37.06523],[-86.52418,37.06616],[-86.52247,37.06776],[-86.52209,37.06869],[-86.52227,37.07049],[-86.5216,37.07089],[-86.52093,37.07329],[-86.51957,37.07463]]]}},{"type":"Feature","properties":{"kind":"minor-water","name":"Nobob Creek","ftype":460,"lengthKm":0.27,"hu8":"05110002","pid":"56288871"},"geometry":{"type":"MultiLineString","coordinates":[[[-85.72289,36.86727],[-85.72542,36.86601]]]}},{"type":"Feature","properties":{"kind":"minor-water","name":"Mill Creek","ftype":460,"lengthKm":0.64,"hu8":"05110002","pid":"56291379"},"geometry":{"type":"MultiLineString","coordinates":[[[-85.65356,36.64927],[-85.65547,36.64789],[-85.65821,36.64688],[-85.65982,36.64712]]]}},{"type":"Feature","properties":{"kind":"minor-water","name":"Gwinn Branch","ftype":460,"lengthKm":0.44,"hu8":"05110002","pid":"56291536"},"geometry":{"type":"MultiLineString","coordinates":[[[-85.88265,36.65396],[-85.88351,36.65475],[-85.88377,36.65569],[-85.8852,36.65659],[-85.88513,36.6571]]]}},{"type":"Feature","properties":{"kind":"minor-water","name":"Trammel Creek","ftype":558,"lengthKm":0.14,"hu8":"05110002","pid":"56290221"},"geometry":{"type":"MultiLineString","coordinates":[[[-86.33709,36.80554],[-86.33672,36.80569],[-86.3364,36.80661]]]}},{"type":"Feature","properties":{"kind":"minor-water","name":"Little Salt Lick Creek","ftype":558,"lengthKm":0.01,"hu8":"05110002","pid":"56293026"},"geometry":{"type":"MultiLineString","coordinates":[[[-85.86928,36.58205],[-85.86936,36.58209]]]}},{"type":"Feature","properties":{"kind":"minor-water","name":"Little Trace Creek","ftype":558,"lengthKm":0.01,"hu8":"05110002","pid":"56293104"},"geometry":{"type":"MultiLineString","coordinates":[[[-85.70768,36.5654],[-85.70766,36.56551]]]}},{"type":"Feature","properties":{"kind":"minor-water","name":"Mill Creek","ftype":558,"lengthKm":1.02,"hu8":"05110002","pid":"56291277"},"geometry":{"type":"MultiLineString","coordinates":[[[-85.76572,36.66328],[-85.76728,36.66331],[-85.7683,36.66366],[-85.76976,36.66501],[-85.7727,36.66668],[-85.77323,36.66676],[-85.77409,36.66636],[-85.77539,36.66681]]]}},{"type":"Feature","properties":{"kind":"minor-water","name":"Salt Lick Creek","ftype":558,"lengthKm":1.01,"hu8":"05110002","pid":"56292540"},"geometry":{"type":"MultiLineString","coordinates":[[[-85.88893,36.60021],[-85.89121,36.60101],[-85.89167,36.60285],[-85.89033,36.60474],[-85.88903,36.60536],[-85.88819,36.60528],[-85.88738,36.6062]]]}},{"type":"Feature","properties":{"kind":"minor-water","name":"Sinking Creek","ftype":460,"lengthKm":0.18,"hu8":"05110002","pid":"56287157"},"geometry":{"type":"MultiLineString","coordinates":[[[-86.07274,36.99933],[-86.07418,36.99814]]]}},{"type":"Feature","properties":{"kind":"minor-water","name":"Elmore Branch","ftype":460,"lengthKm":0.39,"hu8":"05110002","pid":"56288929"},"geometry":{"type":"MultiLineString","coordinates":[[[-85.95179,36.88005],[-85.95199,36.8813],[-85.95366,36.88309]]]}},{"type":"Feature","properties":{"kind":"minor-water","name":"Rock House Creek","ftype":460,"lengthKm":1.39,"hu8":"05110002","pid":"56288892"},"geometry":{"type":"MultiLineString","coordinates":[[[-86.76861,36.94856],[-86.76541,36.95002],[-86.76426,36.9499],[-86.76239,36.95079],[-86.76178,36.95066],[-86.76007,36.95119],[-86.75869,36.95202],[-86.75734,36.95371],[-86.75752,36.95416],[-86.75662,36.95494]]]}},{"type":"Feature","properties":{"kind":"minor-water","name":"Crooked Run","ftype":460,"lengthKm":1.58,"hu8":"05110002","pid":"56289167"},"geometry":{"type":"MultiLineString","coordinates":[[[-86.69119,36.92117],[-86.69057,36.92177],[-86.69032,36.92289],[-86.68924,36.92312],[-86.68908,36.92344],[-86.68859,36.92323],[-86.68817,36.92385],[-86.68658,36.92391],[-86.68558,36.92338],[-86.68511,36.92347],[-86.68408,36.92518],[-86.68256,36.92597],[-86.68198,36.92684],[-86.68202,36.92747],[-86.68147,36.92781],[-86.6815,36.92837],[-86.68046,36.92924]]]}},{"type":"Feature","properties":{"kind":"minor-water","name":"Skaggs Creek","ftype":460,"lengthKm":0.02,"hu8":"05110002","pid":"56289464"},"geometry":{"type":"MultiLineString","coordinates":[[[-85.67275,36.81681],[-85.6729,36.81665]]]}},{"type":"Feature","properties":{"kind":"minor-water","name":"Caney Fork","ftype":460,"lengthKm":0.62,"hu8":"05110002","pid":"56289483"},"geometry":{"type":"MultiLineString","coordinates":[[[-85.89159,36.83494],[-85.89447,36.83516],[-85.89607,36.83455],[-85.89836,36.83421]]]}},{"type":"Feature","properties":{"kind":"minor-water","name":"Payne Branch","ftype":460,"lengthKm":2.04,"hu8":"05110002","pid":"56290190"},"geometry":{"type":"MultiLineString","coordinates":[[[-85.9463,36.77679],[-85.94688,36.77797],[-85.94641,36.78099],[-85.94285,36.78324],[-85.94211,36.78463],[-85.94054,36.78627],[-85.94046,36.78821],[-85.93947,36.78967],[-85.93997,36.79171],[-85.93982,36.79286]]]}},{"type":"Feature","properties":{"kind":"minor-water","name":"Bays Fork","ftype":460,"lengthKm":0.97,"hu8":"05110002","pid":"56290403"},"geometry":{"type":"MultiLineString","coordinates":[[[-86.1794,36.7781],[-86.18175,36.77896],[-86.18343,36.78094],[-86.18483,36.78149],[-86.18635,36.78426]]]}},{"type":"Feature","properties":{"kind":"minor-water","name":"Little Trace Creek","ftype":460,"lengthKm":0.15,"hu8":"05110002","pid":"56293587"},"geometry":{"type":"MultiLineString","coordinates":[[[-85.6927,36.5478],[-85.6941,36.5486]]]}},{"type":"Feature","properties":{"kind":"minor-water","name":"Dutch Creek","ftype":460,"lengthKm":2.9,"hu8":"05110002","pid":"56294323"},"geometry":{"type":"MultiLineString","coordinates":[[[-86.25194,36.56156],[-86.25235,36.56112],[-86.25378,36.56057],[-86.25508,36.56061],[-86.25789,36.56186],[-86.26054,36.56398],[-86.26275,36.56434],[-86.26598,36.56439],[-86.26709,36.56481],[-86.26789,36.5656],[-86.26908,36.56559],[-86.27019,36.56633],[-86.27266,36.56577],[-86.27426,36.56593],[-86.28067,36.56855]]]}},{"type":"Feature","properties":{"kind":"minor-water","name":"West Fork Drakes Creek","ftype":460,"lengthKm":0.4,"hu8":"05110002","pid":"56294864"},"geometry":{"type":"MultiLineString","coordinates":[[[-86.47158,36.53918],[-86.47228,36.54004],[-86.47231,36.54117],[-86.47325,36.54242]]]}},{"type":"Feature","properties":{"kind":"minor-water","name":"Beaver Creek","ftype":558,"lengthKm":1.2,"hu8":"05110002","pid":"56286844"},"geometry":{"type":"MultiLineString","coordinates":[[[-85.98952,37.03083],[-85.98998,37.03054],[-85.99155,37.02736],[-85.99166,37.02566],[-85.99265,37.02342],[-85.99231,37.0228],[-85.99232,37.02068]]]}},{"type":"Feature","properties":{"kind":"minor-water","name":"Trammel Creek","ftype":558,"lengthKm":0.29,"hu8":"05110002","pid":"56290254"},"geometry":{"type":"MultiLineString","coordinates":[[[-86.33786,36.80259],[-86.33714,36.80377],[-86.33734,36.8051]]]}},{"type":"Feature","properties":{"kind":"minor-water","name":"Gasper River","ftype":558,"lengthKm":1.53,"hu8":"05110002","pid":"56287067"},"geometry":{"type":"MultiLineString","coordinates":[[[-86.59484,37.05356],[-86.5938,37.05364],[-86.59007,37.0528],[-86.58835,37.04814],[-86.58747,37.04696],[-86.58593,37.04674],[-86.58304,37.04721]]]}},{"type":"Feature","properties":{"kind":"minor-water","name":"Falling Timber Creek","ftype":558,"lengthKm":0.93,"hu8":"05110002","pid":"56287995"},"geometry":{"type":"MultiLineString","coordinates":[[[-85.85176,36.92463],[-85.85571,36.92429],[-85.85612,36.92331],[-85.85691,36.92255],[-85.85793,36.92196],[-85.86042,36.92124]]]}},{"type":"Feature","properties":{"kind":"minor-water","name":"Skaggs Creek","ftype":558,"lengthKm":0.72,"hu8":"05110002","pid":"56288164"},"geometry":{"type":"MultiLineString","coordinates":[[[-85.96247,36.92111],[-85.96063,36.92161],[-85.95935,36.92255],[-85.96108,36.92576]]]}},{"type":"Feature","properties":{"kind":"minor-water","name":"Barren River","ftype":558,"lengthKm":0.57,"hu8":"05110002","pid":"56291265"},"geometry":{"type":"MultiLineString","coordinates":[[[-86.01174,36.6847],[-86.01219,36.68562],[-86.01353,36.68629],[-86.01592,36.68717],[-86.01681,36.68708]]]}},{"type":"Feature","properties":{"kind":"minor-water","name":"Long Fork","ftype":558,"lengthKm":0.22,"hu8":"05110002","pid":"56293844"},"geometry":{"type":"MultiLineString","coordinates":[[[-85.93998,36.55876],[-85.93773,36.55946]]]}},{"type":"Feature","properties":{"kind":"minor-water","name":"Swannigan Creek","ftype":460,"lengthKm":1.04,"hu8":"05110002","pid":"56287242"},"geometry":{"type":"MultiLineString","coordinates":[[[-85.81036,36.96964],[-85.81284,36.97095],[-85.81316,36.97177],[-85.8127,36.9736],[-85.81476,36.97514],[-85.81619,36.9768]]]}},{"type":"Feature","properties":{"kind":"minor-water","name":"Slickrock Branch","ftype":460,"lengthKm":1.23,"hu8":"05110002","pid":"56290711"},"geometry":{"type":"MultiLineString","coordinates":[[[-85.92142,36.73448],[-85.92102,36.7332],[-85.91829,36.72904],[-85.91687,36.7278],[-85.9157,36.72736],[-85.9153,36.72625],[-85.91418,36.72545]]]}},{"type":"Feature","properties":{"kind":"minor-water","name":"Caney Fork","ftype":460,"lengthKm":0.66,"hu8":"05110002","pid":"56289344"},"geometry":{"type":"MultiLineString","coordinates":[[[-85.94682,36.84746],[-85.94892,36.84842],[-85.94982,36.84831],[-85.95034,36.84793],[-85.95084,36.84813],[-85.95188,36.84889],[-85.95249,36.84995]]]}},{"type":"Feature","properties":{"kind":"minor-water","name":"White Oak Creek","ftype":460,"lengthKm":3.36,"hu8":"05110002","pid":"56286747"},"geometry":{"type":"MultiLineString","coordinates":[[[-85.71376,37.01032],[-85.7156,37.00946],[-85.71868,37.00947],[-85.71963,37.00862],[-85.72318,37.00807],[-85.72423,37.00773],[-85.72462,37.00723],[-85.72823,37.00728],[-85.73004,37.00701],[-85.73067,37.008],[-85.7316,37.00799],[-85.73197,37.00829],[-85.7331,37.0078],[-85.73422,37.00786],[-85.73543,37.00734],[-85.73591,37.00798],[-85.73598,37.00883],[-85.73667,37.00914],[-85.73695,37.01009],[-85.73674,37.01139],[-85.73891,37.01311],[-85.7401,37.01364],[-85.74004,37.01421],[-85.74078,37.01588],[-85.74124,37.01618]]]}},{"type":"Feature","properties":{"kind":"minor-water","name":"Brush Creek","ftype":460,"lengthKm":0.25,"hu8":"05110002","pid":"56288451"},"geometry":{"type":"MultiLineString","coordinates":[[[-86.61006,36.96271],[-86.61156,36.96457]]]}},{"type":"Feature","properties":{"kind":"minor-water","name":"Bays Fork","ftype":460,"lengthKm":2.77,"hu8":"05110002","pid":"56289735"},"geometry":{"type":"MultiLineString","coordinates":[[[-86.2873,36.84601],[-86.28743,36.8467],[-86.29022,36.85018],[-86.29092,36.85313],[-86.2893,36.85317],[-86.28877,36.85472],[-86.28704,36.85491],[-86.2847,36.85657],[-86.28401,36.85753],[-86.28198,36.85921],[-86.28103,36.85933],[-86.27982,36.85859],[-86.27748,36.85965],[-86.27415,36.85983]]]}},{"type":"Feature","properties":{"kind":"minor-water","name":"Cane Creek","ftype":460,"lengthKm":0.6,"hu8":"05110002","pid":"56291500"},"geometry":{"type":"MultiLineString","coordinates":[[[-85.84135,36.65364],[-85.84208,36.65656],[-85.84357,36.65862]]]}},{"type":"Feature","properties":{"kind":"minor-water","name":"West Prong Caney Fork Creek","ftype":460,"lengthKm":1.91,"hu8":"05110002","pid":"56294853"},"geometry":{"type":"MultiLineString","coordinates":[[[-86.38721,36.53317],[-86.38786,36.53453],[-86.38861,36.53499],[-86.39063,36.53754],[-86.3922,36.54087],[-86.39295,36.54133],[-86.39098,36.54396],[-86.39118,36.54639],[-86.39212,36.54841]]]}},{"type":"Feature","properties":{"kind":"minor-water","name":"Gasper River","ftype":558,"lengthKm":1.9,"hu8":"05110002","pid":"56287948"},"geometry":{"type":"MultiLineString","coordinates":[[[-86.64497,36.98758],[-86.64445,36.9881],[-86.64417,36.99073],[-86.64484,36.99269],[-86.64631,36.99447],[-86.64555,36.99587],[-86.64408,36.99653],[-86.64293,36.99654],[-86.64116,36.99552],[-86.63927,36.99321],[-86.63766,36.99321]]]}},{"type":"Feature","properties":{"kind":"minor-water","name":"Skaggs Creek","ftype":558,"lengthKm":0.31,"hu8":"05110002","pid":"56288243"},"geometry":{"type":"MultiLineString","coordinates":[[[-85.92608,36.91658],[-85.92936,36.91554]]]}},{"type":"Feature","properties":{"kind":"minor-water","name":"Barren River","ftype":558,"lengthKm":0.05,"hu8":"05110002","pid":"56288361"},"geometry":{"type":"MultiLineString","coordinates":[[[-86.28199,36.94044],[-86.28256,36.94062]]]}},{"type":"Feature","properties":{"kind":"minor-water","name":"Barren River","ftype":558,"lengthKm":1.61,"hu8":"05110002","pid":"56291286"},"geometry":{"type":"MultiLineString","coordinates":[[[-85.95659,36.67862],[-85.95847,36.68322],[-85.96103,36.68776],[-85.96369,36.6909],[-85.96478,36.69093]]]}},{"type":"Feature","properties":{"kind":"minor-water","name":"Little Trace Creek","ftype":558,"lengthKm":0.04,"hu8":"05110002","pid":"56293038"},"geometry":{"type":"MultiLineString","coordinates":[[[-85.712,36.56822],[-85.71198,36.56862]]]}},{"type":"Feature","properties":{"kind":"minor-water","name":"Long Fork","ftype":558,"lengthKm":0.23,"hu8":"05110002","pid":"56293133"},"geometry":{"type":"MultiLineString","coordinates":[[[-85.93291,36.58348],[-85.93199,36.58403],[-85.93123,36.58497]]]}},{"type":"Feature","properties":{"kind":"minor-water","name":"Indian Creek","ftype":460,"lengthKm":2.48,"hu8":"05110002","pid":"56290985"},"geometry":{"type":"MultiLineString","coordinates":[[[-85.91185,36.7126],[-85.91322,36.71045],[-85.91255,36.70947],[-85.9127,36.70886],[-85.91585,36.70677],[-85.91869,36.70656],[-85.92065,36.70563],[-85.92089,36.70489],[-85.91941,36.70392],[-85.91903,36.70321],[-85.92151,36.70127],[-85.92139,36.70049],[-85.92649,36.69998]]]}},{"type":"Feature","properties":{"kind":"minor-water","name":"Boyds Creek","ftype":460,"lengthKm":0.09,"hu8":"05110002","pid":"7b5cb1c8-590c-497b-9349-7ab8421da3c5"},"geometry":{"type":"MultiLineString","coordinates":[[[-85.87699,36.96593],[-85.87733,36.96516]]]}},{"type":"Feature","properties":{"kind":"minor-water","name":"Long Creek","ftype":558,"lengthKm":0.61,"hu8":"05110002","pid":"56290798"},"geometry":{"type":"MultiLineString","coordinates":[[[-86.05659,36.72923],[-86.06114,36.72962],[-86.06309,36.73048]]]}},{"type":"Feature","properties":{"kind":"minor-water","name":"Richland Creek","ftype":460,"lengthKm":0.36,"hu8":"05110002","pid":"56286663"},"geometry":{"type":"MultiLineString","coordinates":[[[-86.71066,37.09552],[-86.70813,37.09698],[-86.70781,37.09768]]]}},{"type":"Feature","properties":{"kind":"minor-water","name":"Difficult Creek","ftype":460,"lengthKm":0.71,"hu8":"05110002","pid":"56289201"},"geometry":{"type":"MultiLineString","coordinates":[[[-86.15503,36.8761],[-86.15517,36.87713],[-86.15448,36.87749],[-86.15474,36.87818],[-86.15522,36.87843],[-86.15328,36.87936],[-86.15357,36.87995],[-86.15318,36.88096]]]}},{"type":"Feature","properties":{"kind":"minor-water","name":"Skaggs Creek","ftype":460,"lengthKm":0.75,"hu8":"05110002","pid":"56289662"},"geometry":{"type":"MultiLineString","coordinates":[[[-85.69644,36.80377],[-85.69807,36.80344],[-85.69944,36.80424],[-85.70142,36.80407],[-85.70206,36.80502],[-85.7037,36.80532]]]}},{"type":"Feature","properties":{"kind":"minor-water","name":"Indian Camp Branch","ftype":460,"lengthKm":0.62,"hu8":"05110002","pid":"56289975"},"geometry":{"type":"MultiLineString","coordinates":[[[-85.92265,36.79447],[-85.92424,36.79759],[-85.92553,36.79852],[-85.92554,36.79905],[-85.92591,36.79909]]]}},{"type":"Feature","properties":{"kind":"minor-water","name":"Glover Creek","ftype":460,"lengthKm":1.45,"hu8":"05110002","pid":"56290347"},"geometry":{"type":"MultiLineString","coordinates":[[[-85.98212,36.76513],[-85.98323,36.76604],[-85.98456,36.76595],[-85.98677,36.76775],[-85.98742,36.7689],[-85.98841,36.76945],[-85.98893,36.77122],[-85.99004,36.77237],[-85.99,36.77322],[-85.99101,36.77359],[-85.99144,36.77444]]]}},{"type":"Feature","properties":{"kind":"minor-water","name":"Big Spring Branch","ftype":460,"lengthKm":1.11,"hu8":"05110002","pid":"56290480"},"geometry":{"type":"MultiLineString","coordinates":[[[-86.35683,36.78523],[-86.3589,36.78688],[-86.36122,36.78745],[-86.36237,36.78727],[-86.36428,36.78628],[-86.36787,36.78671]]]}},{"type":"Feature","properties":{"kind":"minor-water","name":"Hurricane Creek","ftype":460,"lengthKm":1.56,"hu8":"05110002","pid":"56292171"},"geometry":{"type":"MultiLineString","coordinates":[[[-85.67515,36.60045],[-85.67987,36.60185],[-85.68216,36.60073],[-85.6852,36.59986],[-85.68757,36.59777],[-85.6889,36.59738],[-85.69017,36.59654]]]}},{"type":"Feature","properties":{"kind":"minor-water","name":"Lick Creek","ftype":460,"lengthKm":1.58,"hu8":"05110002","pid":"56291430"},"geometry":{"type":"MultiLineString","coordinates":[[[-86.48532,36.72463],[-86.48529,36.72696],[-86.48651,36.72831],[-86.48696,36.73191],[-86.48676,36.73296],[-86.48724,36.73415],[-86.48643,36.73454],[-86.48635,36.73498],[-86.48706,36.73546],[-86.48559,36.73746]]]}},{"type":"Feature","properties":{"kind":"minor-water","name":"White Oak Creek","ftype":460,"lengthKm":0.3,"hu8":"05110002","pid":"56292768"},"geometry":{"type":"MultiLineString","coordinates":[[[-85.97578,36.59895],[-85.9766,36.60159]]]}},{"type":"Feature","properties":{"kind":"minor-water","name":"Clifty Creek","ftype":460,"lengthKm":0.62,"hu8":"05110002","pid":"56293558"},"geometry":{"type":"MultiLineString","coordinates":[[[-86.12211,36.58464],[-86.11584,36.58699]]]}},{"type":"Feature","properties":{"kind":"minor-water","name":"Long Hungry Creek","ftype":460,"lengthKm":0.58,"hu8":"05110002","pid":"56294133"},"geometry":{"type":"MultiLineString","coordinates":[[[-85.87947,36.54056],[-85.87849,36.54185],[-85.8784,36.54284],[-85.87876,36.54377],[-85.87766,36.54523]]]}},{"type":"Feature","properties":{"kind":"minor-water","name":"Barren River","ftype":558,"lengthKm":0.14,"hu8":"05110002","pid":"56286585"},"geometry":{"type":"MultiLineString","coordinates":[[[-86.50391,37.08566],[-86.50316,37.08677]]]}},{"type":"Feature","properties":{"kind":"minor-water","name":"North Prong Bays Fork","ftype":558,"lengthKm":0.05,"hu8":"05110002","pid":"56290214"},"geometry":{"type":"MultiLineString","coordinates":[[[-86.1526,36.79124],[-86.15308,36.79143]]]}},{"type":"Feature","properties":{"kind":"minor-water","name":"Peter Creek","ftype":558,"lengthKm":2.61,"hu8":"05110002","pid":"56289178"},"geometry":{"type":"MultiLineString","coordinates":[[[-86.04903,36.86962],[-86.05347,36.86951],[-86.05542,36.87008],[-86.05706,36.87121],[-86.05999,36.87114],[-86.06177,36.87191],[-86.06318,36.87315],[-86.06452,36.87647],[-86.06716,36.87811],[-86.0708,36.87716],[-86.07263,36.8763]]]}},{"type":"Feature","properties":{"kind":"minor-water","name":"Barren River","ftype":558,"lengthKm":2,"hu8":"05110002","pid":"56291519"},"geometry":{"type":"MultiLineString","coordinates":[[[-85.93084,36.66301],[-85.93289,36.66028],[-85.93505,36.66032],[-85.93812,36.66125],[-85.93878,36.66172],[-85.94221,36.66667],[-85.94622,36.66914]]]}},{"type":"Feature","properties":{"kind":"minor-water","name":"Westbrook Creek","ftype":558,"lengthKm":0.01,"hu8":"05110002","pid":"56287044"},"geometry":{"type":"MultiLineString","coordinates":[[[-86.58187,37.04764],[-86.58191,37.04772]]]}},{"type":"Feature","properties":{"kind":"minor-water","name":"Rough Creek","ftype":460,"lengthKm":1.53,"hu8":"05110002","pid":"56c77081-17b2-4a68-bd0e-47fcc0a3adee"},"geometry":{"type":"MultiLineString","coordinates":[[[-86.20237,36.69253],[-86.20595,36.69268],[-86.21158,36.69182],[-86.21205,36.69193],[-86.21219,36.69241],[-86.21348,36.69278],[-86.21575,36.69294],[-86.21857,36.69202]]]}},{"type":"Feature","properties":{"kind":"minor-water","name":"Mortar Branch","ftype":460,"lengthKm":1.54,"hu8":"05110002","pid":"56286484"},"geometry":{"type":"MultiLineString","coordinates":[[[-86.54933,37.10965],[-86.54801,37.10767],[-86.54878,37.10462],[-86.54869,37.10307],[-86.54817,37.10231],[-86.54738,37.10189],[-86.54673,37.0998],[-86.54695,37.09665]]]}},{"type":"Feature","properties":{"kind":"minor-water","name":"Glover Creek","ftype":460,"lengthKm":0.83,"hu8":"05110002","pid":"56288469"},"geometry":{"type":"MultiLineString","coordinates":[[[-85.72495,36.89157],[-85.72561,36.89107],[-85.72712,36.89064],[-85.72762,36.89111],[-85.72808,36.89095],[-85.72834,36.89115],[-85.72916,36.8908],[-85.73342,36.89073]]]}},{"type":"Feature","properties":{"kind":"minor-water","name":"Rose Creek","ftype":460,"lengthKm":1.54,"hu8":"05110002","pid":"56288597"},"geometry":{"type":"MultiLineString","coordinates":[[[-85.96388,36.90231],[-85.96474,36.90261],[-85.96516,36.90342],[-85.96713,36.90518],[-85.96918,36.90646],[-85.96987,36.90769],[-85.97092,36.9085],[-85.97157,36.90859],[-85.974,36.91075],[-85.97533,36.91085],[-85.97591,36.91021]]]}},{"type":"Feature","properties":{"kind":"minor-water","name":"Steam Mill Branch","ftype":460,"lengthKm":1.16,"hu8":"05110002","pid":"56288960"},"geometry":{"type":"MultiLineString","coordinates":[[[-85.80711,36.87101],[-85.80736,36.87013],[-85.80862,36.86897],[-85.81225,36.86648],[-85.81537,36.86626],[-85.81728,36.86679]]]}},{"type":"Feature","properties":{"kind":"minor-water","name":"Skaggs Creek","ftype":460,"lengthKm":1.17,"hu8":"05110002","pid":"56289555"},"geometry":{"type":"MultiLineString","coordinates":[[[-85.6729,36.81665],[-85.67524,36.81334],[-85.67728,36.81242],[-85.67788,36.81246],[-85.67997,36.81177],[-85.68039,36.80928]]]}},{"type":"Feature","properties":{"kind":"minor-water","name":"Little Trace Creek","ftype":460,"lengthKm":0.51,"hu8":"05110002","pid":"56292847"},"geometry":{"type":"MultiLineString","coordinates":[[[-85.71871,36.57396],[-85.72354,36.5764]]]}},{"type":"Feature","properties":{"kind":"minor-water","name":"Long Hungry Creek","ftype":460,"lengthKm":0.07,"hu8":"05110002","pid":"56293580"},"geometry":{"type":"MultiLineString","coordinates":[[[-85.87175,36.5632],[-85.87152,36.56376]]]}},{"type":"Feature","properties":{"kind":"minor-water","name":"Whitson Branch","ftype":460,"lengthKm":0.85,"hu8":"05110002","pid":"56295022"},"geometry":{"type":"MultiLineString","coordinates":[[[-86.42223,36.51759],[-86.42543,36.52475]]]}},{"type":"Feature","properties":{"kind":"minor-water","name":"Beaver Creek","ftype":558,"lengthKm":0.41,"hu8":"05110002","pid":"56286556"},"geometry":{"type":"MultiLineString","coordinates":[[[-85.875,37.0362],[-85.87617,37.03843],[-85.87756,37.03787]]]}},{"type":"Feature","properties":{"kind":"minor-water","name":"Beaver Creek","ftype":558,"lengthKm":0.02,"hu8":"05110002","pid":"56286557"},"geometry":{"type":"MultiLineString","coordinates":[[[-85.87475,37.03614],[-85.875,37.0362]]]}},{"type":"Feature","properties":{"kind":"minor-water","name":"Barren River","ftype":558,"lengthKm":0.29,"hu8":"05110002","pid":"56288191"},"geometry":{"type":"MultiLineString","coordinates":[[[-86.27145,36.94825],[-86.27099,36.94704],[-86.27123,36.9457]]]}},{"type":"Feature","properties":{"kind":"minor-water","name":"Barren River","ftype":558,"lengthKm":1.55,"hu8":"05110002","pid":"56288908"},"geometry":{"type":"MultiLineString","coordinates":[[[-86.21214,36.90395],[-86.21328,36.90356],[-86.21445,36.90381],[-86.2162,36.90522],[-86.21677,36.90594],[-86.2169,36.9074],[-86.21975,36.91141],[-86.22182,36.91179],[-86.2235,36.9116]]]}},{"type":"Feature","properties":{"kind":"minor-water","name":"West Fork Drakes Creek","ftype":558,"lengthKm":1.59,"hu8":"05110002","pid":"56290526"},"geometry":{"type":"MultiLineString","coordinates":[[[-86.53555,36.79405],[-86.53536,36.79461],[-86.53438,36.79536],[-86.53133,36.79653],[-86.52878,36.79695],[-86.52671,36.79632],[-86.52554,36.7965],[-86.52532,36.79719],[-86.52579,36.79878],[-86.52757,36.80114]]]}},{"type":"Feature","properties":{"kind":"minor-water","name":"Barren River","ftype":558,"lengthKm":0.09,"hu8":"05110002","pid":"56291240"},"geometry":{"type":"MultiLineString","coordinates":[[[-86.01983,36.68676],[-86.02079,36.68689]]]}},{"type":"Feature","properties":{"kind":"minor-water","name":"Barren River","ftype":558,"lengthKm":1.58,"hu8":"05110002","pid":"56291361"},"geometry":{"type":"MultiLineString","coordinates":[[[-85.99577,36.68764],[-85.99825,36.68644],[-86.00159,36.68541],[-86.00227,36.68464],[-86.00319,36.68215],[-86.0017,36.67789],[-86.00209,36.67688]]]}},{"type":"Feature","properties":{"kind":"minor-water","name":"Maxey Creek","ftype":460,"lengthKm":0.95,"hu8":"05110002","pid":"56286476"},"geometry":{"type":"MultiLineString","coordinates":[[[-86.63372,37.10398],[-86.634,37.10502],[-86.63595,37.10655],[-86.63603,37.10736],[-86.63704,37.10832],[-86.63618,37.10933],[-86.63455,37.1101],[-86.63428,37.1106]]]}},{"type":"Feature","properties":{"kind":"minor-water","name":"Grooms Branch","ftype":460,"lengthKm":3.17,"hu8":"05110002","pid":"56290710"},"geometry":{"type":"MultiLineString","coordinates":[[[-85.91007,36.75189],[-85.90954,36.75057],[-85.90952,36.74749],[-85.90784,36.74199],[-85.90728,36.74119],[-85.90703,36.73908],[-85.9086,36.73765],[-85.90945,36.73617],[-85.90957,36.73533],[-85.91199,36.73232],[-85.91242,36.72971],[-85.91325,36.72754],[-85.91298,36.72645],[-85.91418,36.72545]]]}},{"type":"Feature","properties":{"kind":"minor-water","name":"South Fork Beaver Creek","ftype":460,"lengthKm":1.31,"hu8":"05110002","pid":"56287014"},"geometry":{"type":"MultiLineString","coordinates":[[[-85.88838,37.00256],[-85.88969,37.00142],[-85.88938,37.00053],[-85.89017,36.9998],[-85.89054,36.99871],[-85.89157,36.99734],[-85.89206,36.99751],[-85.89241,36.99654],[-85.89188,36.99594],[-85.89196,36.99522],[-85.89378,36.99425],[-85.89499,36.99405]]]}},{"type":"Feature","properties":{"kind":"minor-water","name":"Little Muddy Creek","ftype":460,"lengthKm":1.02,"hu8":"05110002","pid":"56286284"},"geometry":{"type":"MultiLineString","coordinates":[[[-86.63974,37.15468],[-86.6424,37.15253],[-86.64138,37.15198],[-86.64014,37.15186],[-86.63836,37.15378],[-86.63808,37.15333],[-86.63849,37.15207]]]}},{"type":"Feature","properties":{"kind":"minor-water","name":"Taylor Branch","ftype":460,"lengthKm":0.73,"hu8":"05110002","pid":"56286414"},"geometry":{"type":"MultiLineString","coordinates":[[[-86.48799,37.10668],[-86.48752,37.10485],[-86.48695,37.10444],[-86.48649,37.10307],[-86.4865,37.10163],[-86.48575,37.10052]]]}},{"type":"Feature","properties":{"kind":"minor-water","name":"Little Muddy Creek","ftype":460,"lengthKm":1.31,"hu8":"05110002","pid":"56287112"},"geometry":{"type":"MultiLineString","coordinates":[[[-86.68016,37.04991],[-86.6788,37.05046],[-86.67817,37.05218],[-86.67757,37.05223],[-86.67718,37.05263],[-86.67587,37.05488],[-86.67594,37.05682],[-86.67674,37.05778],[-86.67722,37.06]]]}},{"type":"Feature","properties":{"kind":"minor-water","name":"Bays Fork","ftype":460,"lengthKm":0.13,"hu8":"05110002","pid":"56290495"},"geometry":{"type":"MultiLineString","coordinates":[[[-86.1658,36.7684],[-86.16605,36.76853],[-86.16602,36.76946]]]}},{"type":"Feature","properties":{"kind":"minor-water","name":"Ramble Creek","ftype":460,"lengthKm":1.85,"hu8":"05110002","pid":"56290938"},"geometry":{"type":"MultiLineString","coordinates":[[[-86.22994,36.74096],[-86.23212,36.74087],[-86.2342,36.74008],[-86.23575,36.73846],[-86.23659,36.73684],[-86.23758,36.7363],[-86.23859,36.73465],[-86.2381,36.73385],[-86.23859,36.73299],[-86.24097,36.73256],[-86.24346,36.73074]]]}},{"type":"Feature","properties":{"kind":"minor-water","name":"Mill Creek","ftype":460,"lengthKm":0.83,"hu8":"05110002","pid":"56291374"},"geometry":{"type":"MultiLineString","coordinates":[[[-85.66027,36.64728],[-85.66106,36.64734],[-85.66325,36.64838],[-85.66628,36.65129],[-85.6666,36.65221]]]}},{"type":"Feature","properties":{"kind":"minor-water","name":"White Oak Creek","ftype":460,"lengthKm":0.05,"hu8":"05110002","pid":"56292327"},"geometry":{"type":"MultiLineString","coordinates":[[[-85.96067,36.61468],[-85.96026,36.61433]]]}},{"type":"Feature","properties":{"kind":"minor-water","name":"Morrison Branch","ftype":460,"lengthKm":0.52,"hu8":"05110002","pid":"56294063"},"geometry":{"type":"MultiLineString","coordinates":[[[-86.19247,36.57016],[-86.1933,36.57059],[-86.1938,36.57168],[-86.19596,36.57377]]]}},{"type":"Feature","properties":{"kind":"minor-water","name":"Gasper River","ftype":558,"lengthKm":0.88,"hu8":"05110002","pid":"56287214"},"geometry":{"type":"MultiLineString","coordinates":[[[-86.60778,37.03658],[-86.60564,37.03919],[-86.6018,37.04057],[-86.60122,37.04104],[-86.60104,37.0418]]]}},{"type":"Feature","properties":{"kind":"minor-water","name":"Barren River","ftype":558,"lengthKm":1.68,"hu8":"05110002","pid":"56291460"},"geometry":{"type":"MultiLineString","coordinates":[[[-85.88459,36.65945],[-85.8863,36.66008],[-85.88902,36.66275],[-85.8944,36.66621],[-85.89799,36.66727],[-85.89996,36.66742]]]}},{"type":"Feature","properties":{"kind":"minor-water","name":"Long Fork","ftype":558,"lengthKm":1.02,"hu8":"05110002","pid":"56292314"},"geometry":{"type":"MultiLineString","coordinates":[[[-85.92333,36.6116],[-85.92231,36.61274],[-85.92251,36.61323],[-85.92605,36.61545],[-85.92935,36.61529],[-85.93024,36.61454]]]}},{"type":"Feature","properties":{"kind":"minor-water","name":"Nobob Creek","ftype":460,"lengthKm":0.55,"hu8":"05110002","pid":"56288786"},"geometry":{"type":"MultiLineString","coordinates":[[[-85.69453,36.86801],[-85.69507,36.86954],[-85.69706,36.8711],[-85.69708,36.87226]]]}},{"type":"Feature","properties":{"kind":"minor-water","name":"Sinking Creek","ftype":460,"lengthKm":2.48,"hu8":"05110002","pid":"56287090"},"geometry":{"type":"MultiLineString","coordinates":[[[-86.10644,37.00553],[-86.10722,37.00591],[-86.1074,37.00635],[-86.11049,37.00791],[-86.11123,37.00877],[-86.11249,37.00934],[-86.11317,37.01025],[-86.11669,37.01144],[-86.11709,37.01139],[-86.11719,37.01096],[-86.11764,37.01107],[-86.11761,37.01067],[-86.11852,37.01056],[-86.1195,37.00929],[-86.12135,37.00943],[-86.12213,37.00868],[-86.12339,37.00867],[-86.12386,37.00794],[-86.12449,37.0082],[-86.12511,37.00804],[-86.12677,37.00895],[-86.12753,37.00901],[-86.12805,37.00863]]]}},{"type":"Feature","properties":{"kind":"minor-water","name":"Indian Creek","ftype":460,"lengthKm":0.71,"hu8":"05110002","pid":"56291050"},"geometry":{"type":"MultiLineString","coordinates":[[[-85.93421,36.69684],[-85.93735,36.69698],[-85.94154,36.69514]]]}},{"type":"Feature","properties":{"kind":"minor-water","name":"Barren River","ftype":558,"lengthKm":2.1,"hu8":"05110002","pid":"241fa7a0-5d43-4cab-a5f6-b5e42999de5c"},"geometry":{"type":"MultiLineString","coordinates":[[[-86.39984,37.02722],[-86.40174,37.02729],[-86.40319,37.02777],[-86.40522,37.02931],[-86.40778,37.03072],[-86.41601,37.03139],[-86.42142,37.03352]]]}},{"type":"Feature","properties":{"kind":"minor-water","name":"Westbrook Creek","ftype":460,"lengthKm":0.28,"hu8":"05110002","pid":"56286991"},"geometry":{"type":"MultiLineString","coordinates":[[[-86.53512,37.04936],[-86.53672,37.04919],[-86.53814,37.04866]]]}},{"type":"Feature","properties":{"kind":"minor-water","name":"Dutch Creek","ftype":460,"lengthKm":1.1,"hu8":"05110002","pid":"56294160"},"geometry":{"type":"MultiLineString","coordinates":[[[-86.28614,36.57286],[-86.28727,36.57432],[-86.28697,36.57485],[-86.28847,36.57605],[-86.28851,36.57865],[-86.29071,36.58147]]]}},{"type":"Feature","properties":{"kind":"minor-water","name":"Dry Fork","ftype":460,"lengthKm":0.27,"hu8":"05110002","pid":"56289778"},"geometry":{"type":"MultiLineString","coordinates":[[[-85.88252,36.80963],[-85.8843,36.81004],[-85.88548,36.80977]]]}},{"type":"Feature","properties":{"kind":"minor-water","name":"Little Salt Lick Creek","ftype":460,"lengthKm":0.65,"hu8":"05110002","pid":"56293090"},"geometry":{"type":"MultiLineString","coordinates":[[[-85.84883,36.57808],[-85.84917,36.578],[-85.85065,36.57869],[-85.85133,36.57868],[-85.8521,36.57813],[-85.85279,36.57823],[-85.854,36.57893],[-85.85438,36.57992]]]}},{"type":"Feature","properties":{"kind":"minor-water","name":"Belcher Creek","ftype":460,"lengthKm":2.62,"hu8":"05110002","pid":"56289925"},"geometry":{"type":"MultiLineString","coordinates":[[[-85.69682,36.78043],[-85.6971,36.78104],[-85.69827,36.78122],[-85.69912,36.78201],[-85.70055,36.78207],[-85.70419,36.78324],[-85.70864,36.78413],[-85.71126,36.78495],[-85.71335,36.786],[-85.71465,36.78804],[-85.71539,36.79033],[-85.71469,36.79279],[-85.7159,36.79398]]]}},{"type":"Feature","properties":{"kind":"minor-water","name":"Bays Fork","ftype":460,"lengthKm":1.11,"hu8":"05110002","pid":"56290095"},"geometry":{"type":"MultiLineString","coordinates":[[[-86.22907,36.81374],[-86.22956,36.81317],[-86.23054,36.81284],[-86.233,36.81262],[-86.23663,36.81129],[-86.2382,36.8114],[-86.23823,36.81163],[-86.24033,36.81203]]]}},{"type":"Feature","properties":{"kind":"minor-water","name":"Chicken Branch","ftype":460,"lengthKm":0.78,"hu8":"05110002","pid":"56292271"},"geometry":{"type":"MultiLineString","coordinates":[[[-85.82993,36.6046],[-85.82738,36.60746],[-85.8263,36.60819],[-85.82599,36.61056]]]}},{"type":"Feature","properties":{"kind":"minor-water","name":"Salt Lick Creek","ftype":460,"lengthKm":0.27,"hu8":"05110002","pid":"56293982"},"geometry":{"type":"MultiLineString","coordinates":[[[-85.85802,36.54622],[-85.85867,36.54857]]]}},{"type":"Feature","properties":{"kind":"minor-water","name":"White Oak Creek","ftype":460,"lengthKm":0.74,"hu8":"05110002","pid":"56294007"},"geometry":{"type":"MultiLineString","coordinates":[[[-85.99283,36.55648],[-85.99273,36.558],[-85.99167,36.55923],[-85.99135,36.56014],[-85.98864,36.56177]]]}},{"type":"Feature","properties":{"kind":"minor-water","name":"Barren River","ftype":558,"lengthKm":1.23,"hu8":"05110002","pid":"56286297"},"geometry":{"type":"MultiLineString","coordinates":[[[-86.60499,37.14397],[-86.60679,37.14625],[-86.60911,37.14726],[-86.613,37.14793],[-86.61438,37.14774],[-86.61662,37.14681]]]}},{"type":"Feature","properties":{"kind":"minor-water","name":"Barren River","ftype":558,"lengthKm":0.04,"hu8":"05110002","pid":"56287709"},"geometry":{"type":"MultiLineString","coordinates":[[[-86.36745,36.98111],[-86.36781,36.98138]]]}},{"type":"Feature","properties":{"kind":"minor-water","name":"Drakes Creek","ftype":558,"lengthKm":1.22,"hu8":"05110002","pid":"56287739"},"geometry":{"type":"MultiLineString","coordinates":[[[-86.37404,36.97864],[-86.37536,36.98018],[-86.37529,36.9807],[-86.37465,36.98103],[-86.37192,36.98121],[-86.37144,36.97952],[-86.37043,36.97916],[-86.3691,36.97967],[-86.36781,36.98138]]]}},{"type":"Feature","properties":{"kind":"minor-water","name":"Long Creek","ftype":558,"lengthKm":1.07,"hu8":"05110002","pid":"56291169"},"geometry":{"type":"MultiLineString","coordinates":[[[-86.0801,36.69687],[-86.08093,36.69892],[-86.08448,36.70305],[-86.08482,36.70417],[-86.08441,36.7054]]]}},{"type":"Feature","properties":{"kind":"minor-water","name":"West Bays Fork","ftype":460,"lengthKm":1.03,"hu8":"05110002","pid":"56290797"},"geometry":{"type":"MultiLineString","coordinates":[[[-86.19018,36.74033],[-86.19329,36.74508],[-86.19626,36.74818]]]}},{"type":"Feature","properties":{"kind":"minor-water","name":"Huggins Branch","ftype":460,"lengthKm":0.96,"hu8":"05110002","pid":"56287244"},"geometry":{"type":"MultiLineString","coordinates":[[[-85.95699,36.98996],[-85.95758,36.9883],[-85.95734,36.98606],[-85.95793,36.98431],[-85.96004,36.98202]]]}},{"type":"Feature","properties":{"kind":"minor-water","name":"Indian Creek","ftype":460,"lengthKm":0.67,"hu8":"05110002","pid":"56291008"},"geometry":{"type":"MultiLineString","coordinates":[[[-85.92649,36.69998],[-85.9285,36.69942],[-85.92878,36.69854],[-85.92802,36.69786],[-85.92604,36.6975],[-85.92511,36.69704]]]}},{"type":"Feature","properties":{"kind":"minor-water","name":"Slickrock Branch","ftype":460,"lengthKm":0.38,"hu8":"05110002","pid":"56290819"},"geometry":{"type":"MultiLineString","coordinates":[[[-85.91191,36.71863],[-85.91216,36.71767],[-85.91097,36.71643],[-85.91141,36.71567]]]}},{"type":"Feature","properties":{"kind":"minor-water","name":"Reeves Creek","ftype":460,"lengthKm":2,"hu8":"05110002","pid":"56286512"},"geometry":{"type":"MultiLineString","coordinates":[[[-86.51995,37.10569],[-86.52232,37.1041],[-86.52402,37.10378],[-86.52459,37.10263],[-86.52468,37.10133],[-86.5255,37.10099],[-86.52534,37.09802],[-86.52355,37.09582],[-86.52518,37.09503],[-86.52492,37.09418],[-86.5241,37.09437],[-86.52368,37.09398],[-86.52394,37.09346],[-86.52519,37.09302]]]}},{"type":"Feature","properties":{"kind":"minor-water","name":"Sulphur Creek","ftype":460,"lengthKm":3.04,"hu8":"05110002","pid":"56289918"},"geometry":{"type":"MultiLineString","coordinates":[[[-86.18165,36.82204],[-86.18275,36.82274],[-86.18416,36.82558],[-86.1854,36.82666],[-86.18562,36.82836],[-86.18607,36.82906],[-86.18771,36.8304],[-86.1898,36.83381],[-86.19198,36.83536],[-86.19582,36.83559],[-86.19742,36.83504],[-86.19849,36.83525],[-86.20096,36.83422],[-86.20344,36.83398],[-86.20533,36.83335]]]}},{"type":"Feature","properties":{"kind":"minor-water","name":"Peter Creek","ftype":460,"lengthKm":0.19,"hu8":"05110002","pid":"56290401"},"geometry":{"type":"MultiLineString","coordinates":[[[-85.82757,36.74854],[-85.82785,36.74806],[-85.82933,36.74793]]]}},{"type":"Feature","properties":{"kind":"minor-water","name":"Jakes Branch","ftype":460,"lengthKm":1.15,"hu8":"05110002","pid":"56290484"},"geometry":{"type":"MultiLineString","coordinates":[[[-86.466,36.79367],[-86.46754,36.79454],[-86.46851,36.79588],[-86.47154,36.79868],[-86.47174,36.79965],[-86.47149,36.80049],[-86.47005,36.80176]]]}},{"type":"Feature","properties":{"kind":"minor-water","name":"Jakes Branch","ftype":460,"lengthKm":2.48,"hu8":"05110002","pid":"56290914"},"geometry":{"type":"MultiLineString","coordinates":[[[-85.97125,36.73147],[-85.96997,36.72892],[-85.97075,36.72427],[-85.9681,36.71827],[-85.96869,36.7139],[-85.96791,36.71088],[-85.9671,36.71006]]]}},{"type":"Feature","properties":{"kind":"minor-water","name":"West Bays Fork","ftype":460,"lengthKm":1.36,"hu8":"05110002","pid":"56291171"},"geometry":{"type":"MultiLineString","coordinates":[[[-86.15372,36.70277],[-86.15452,36.70449],[-86.15627,36.70624],[-86.15652,36.70728],[-86.15797,36.70928],[-86.16382,36.71017]]]}},{"type":"Feature","properties":{"kind":"minor-water","name":"Little Trammel Creek","ftype":460,"lengthKm":0.52,"hu8":"05110002","pid":"56293310"},"geometry":{"type":"MultiLineString","coordinates":[[[-86.26872,36.6054],[-86.26893,36.60799],[-86.26846,36.60903],[-86.26854,36.61004]]]}},{"type":"Feature","properties":{"kind":"minor-water","name":"Puncheon Creek","ftype":460,"lengthKm":0.05,"hu8":"05110002","pid":"56292132"},"geometry":{"type":"MultiLineString","coordinates":[[[-86.00648,36.62525],[-86.00648,36.6257]]]}},{"type":"Feature","properties":{"kind":"minor-water","name":"West Fork Drakes Creek","ftype":460,"lengthKm":2.79,"hu8":"05110002","pid":"56293877"},"geometry":{"type":"MultiLineString","coordinates":[[[-86.46263,36.60058],[-86.46272,36.60132],[-86.47029,36.60823],[-86.47126,36.60848],[-86.47589,36.60856],[-86.47697,36.60825],[-86.47761,36.60762],[-86.47885,36.60738],[-86.47968,36.60869],[-86.48277,36.60881],[-86.4865,36.6113]]]}},{"type":"Feature","properties":{"kind":"minor-water","name":"Trammel Creek","ftype":460,"lengthKm":1.61,"hu8":"05110002","pid":"56293937"},"geometry":{"type":"MultiLineString","coordinates":[[[-86.2143,36.57768],[-86.21246,36.5788],[-86.21156,36.58064],[-86.21189,36.58136],[-86.21146,36.58183],[-86.20979,36.58245],[-86.20733,36.58249],[-86.20438,36.58365],[-86.20263,36.58505],[-86.20111,36.58513]]]}},{"type":"Feature","properties":{"kind":"minor-water","name":"White Oak Creek","ftype":460,"lengthKm":0.14,"hu8":"05110002","pid":"56294505"},"geometry":{"type":"MultiLineString","coordinates":[[[-85.98631,36.52705],[-85.98631,36.5283]]]}},{"type":"Feature","properties":{"kind":"minor-water","name":"Barren River","ftype":558,"lengthKm":0.38,"hu8":"05110002","pid":"56287234"},"geometry":{"type":"MultiLineString","coordinates":[[[-86.47109,37.02452],[-86.46949,37.02585],[-86.46757,37.02634]]]}},{"type":"Feature","properties":{"kind":"minor-water","name":"Glover Creek","ftype":558,"lengthKm":0.57,"hu8":"05110002","pid":"56288515"},"geometry":{"type":"MultiLineString","coordinates":[[[-85.83717,36.89698],[-85.83901,36.89891],[-85.84124,36.89966],[-85.84224,36.89956]]]}},{"type":"Feature","properties":{"kind":"minor-water","name":"East Fork Barren River","ftype":558,"lengthKm":1.5,"hu8":"05110002","pid":"56291086"},"geometry":{"type":"MultiLineString","coordinates":[[[-85.7742,36.68371],[-85.77398,36.68276],[-85.77538,36.68119],[-85.7753,36.67979],[-85.77643,36.67847],[-85.77775,36.6785],[-85.78043,36.6796],[-85.78221,36.67842],[-85.78276,36.67853],[-85.78356,36.67941],[-85.78441,36.67923]]]}},{"type":"Feature","properties":{"kind":"minor-water","name":"Middle Fork Drakes Creek","ftype":558,"lengthKm":0.95,"hu8":"05110002","pid":"56291304"},"geometry":{"type":"MultiLineString","coordinates":[[[-86.37864,36.71229],[-86.37739,36.71642],[-86.37761,36.71806],[-86.37864,36.72061]]]}},{"type":"Feature","properties":{"kind":"minor-water","name":"West Fork Drakes Creek","ftype":558,"lengthKm":0.22,"hu8":"05110002","pid":"56291517"},"geometry":{"type":"MultiLineString","coordinates":[[[-86.54263,36.7099],[-86.54284,36.71187]]]}},{"type":"Feature","properties":{"kind":"minor-water","name":"Salt Lick Creek","ftype":558,"lengthKm":0.39,"hu8":"05110002","pid":"56291900"},"geometry":{"type":"MultiLineString","coordinates":[[[-85.90504,36.62877],[-85.90645,36.63053],[-85.90572,36.63181]]]}},{"type":"Feature","properties":{"kind":"minor-water","name":"Falling Timber Creek","ftype":558,"lengthKm":0.67,"hu8":"05110002","pid":"56287930"},"geometry":{"type":"MultiLineString","coordinates":[[[-85.83111,36.9244],[-85.83526,36.92417],[-85.83744,36.92363],[-85.83852,36.92378]]]}},{"type":"Feature","properties":{"kind":"minor-water","name":"Middle Fork Drakes Creek","ftype":558,"lengthKm":4.19,"hu8":"05110002","pid":"56292516"},"geometry":{"type":"MultiLineString","coordinates":[[[-86.32726,36.63731],[-86.32778,36.63777],[-86.32917,36.63815],[-86.33151,36.63762],[-86.33426,36.63761],[-86.33664,36.63789],[-86.33863,36.63874],[-86.33881,36.6414],[-86.33765,36.64279],[-86.33789,36.64399],[-86.33681,36.64512],[-86.33292,36.64732],[-86.3326,36.64786],[-86.33409,36.64816],[-86.33745,36.64778],[-86.33954,36.64798],[-86.34007,36.64896],[-86.34077,36.65268],[-86.34015,36.65472],[-86.34104,36.65733],[-86.34109,36.65866]]]}},{"type":"Feature","properties":{"kind":"minor-water","name":"East Fork Barren River","ftype":460,"lengthKm":0.7,"hu8":"05110002","pid":"56290373"},"geometry":{"type":"MultiLineString","coordinates":[[[-85.72358,36.74122],[-85.72714,36.74133],[-85.7298,36.7427],[-85.72942,36.74332],[-85.72965,36.74341]]]}},{"type":"Feature","properties":{"kind":"minor-water","name":"White Oak Creek","ftype":460,"lengthKm":0.51,"hu8":"05110002","pid":"56294205"},"geometry":{"type":"MultiLineString","coordinates":[[[-85.9973,36.5466],[-85.99673,36.5475],[-85.99726,36.5488],[-85.99715,36.54981],[-85.99634,36.55085]]]}},{"type":"Feature","properties":{"kind":"minor-water","name":"Skaggs Creek","ftype":460,"lengthKm":0.51,"hu8":"05110002","pid":"56289459"},"geometry":{"type":"MultiLineString","coordinates":[[[-85.66893,36.81998],[-85.67008,36.81953],[-85.67169,36.81726],[-85.67275,36.81681]]]}},{"type":"Feature","properties":{"kind":"minor-water","name":"Ivy Branch","ftype":460,"lengthKm":0.2,"hu8":"05110002","pid":"56287845"},"geometry":{"type":"MultiLineString","coordinates":[[[-86.55833,36.98811],[-86.56055,36.98836]]]}},{"type":"Feature","properties":{"kind":"minor-water","name":"Bethlehem Branch","ftype":460,"lengthKm":2.03,"hu8":"05110002","pid":"56290238"},"geometry":{"type":"MultiLineString","coordinates":[[[-85.81513,36.77663],[-85.81307,36.77224],[-85.81274,36.77082],[-85.81111,36.76829],[-85.81006,36.76765],[-85.8093,36.76768],[-85.80891,36.76557],[-85.80905,36.76332],[-85.80837,36.76271],[-85.80857,36.76136],[-85.80811,36.76036]]]}},{"type":"Feature","properties":{"kind":"minor-water","name":"Trammel Creek","ftype":460,"lengthKm":0.57,"hu8":"05110002","pid":"56294374"},"geometry":{"type":"MultiLineString","coordinates":[[[-86.22321,36.5551],[-86.22271,36.55716],[-86.22379,36.55901],[-86.22324,36.55984]]]}},{"type":"Feature","properties":{"kind":"minor-water","name":"Puncheon Creek","ftype":460,"lengthKm":0.92,"hu8":"05110002","pid":"56292134"},"geometry":{"type":"MultiLineString","coordinates":[[[-86.01159,36.62027],[-86.00758,36.62263],[-86.00567,36.62281],[-86.00541,36.62378],[-86.00648,36.62525]]]}},{"type":"Feature","properties":{"kind":"minor-water","name":"Long Hungry Creek","ftype":460,"lengthKm":0.27,"hu8":"05110002","pid":"56295010"},"geometry":{"type":"MultiLineString","coordinates":[[[-85.90356,36.4764],[-85.90271,36.47793],[-85.90289,36.47865]]]}},{"type":"Feature","properties":{"kind":"minor-water","name":"Falling Timber Creek","ftype":558,"lengthKm":0.01,"hu8":"05110002","pid":"56288275"},"geometry":{"type":"MultiLineString","coordinates":[[[-85.90641,36.91248],[-85.90654,36.91246]]]}},{"type":"Feature","properties":{"kind":"minor-water","name":"Barren River","ftype":558,"lengthKm":0.01,"hu8":"05110002","pid":"56288288"},"geometry":{"type":"MultiLineString","coordinates":[[[-86.25892,36.94121],[-86.25892,36.94133]]]}},{"type":"Feature","properties":{"kind":"minor-water","name":"Skaggs Creek","ftype":558,"lengthKm":2.37,"hu8":"05110002","pid":"56288539"},"geometry":{"type":"MultiLineString","coordinates":[[[-86.05671,36.92813],[-86.05812,36.92561],[-86.05727,36.92288],[-86.05774,36.91799],[-86.05734,36.91527],[-86.05614,36.91409],[-86.05403,36.91349],[-86.05214,36.91234],[-86.05117,36.91149],[-86.05024,36.90996]]]}},{"type":"Feature","properties":{"kind":"minor-water","name":"Barren River","ftype":558,"lengthKm":0.66,"hu8":"05110002","pid":"56291450"},"geometry":{"type":"MultiLineString","coordinates":[[[-85.84362,36.65873],[-85.85085,36.65746]]]}},{"type":"Feature","properties":{"kind":"minor-water","name":"Long Fork","ftype":558,"lengthKm":0.28,"hu8":"05110002","pid":"56292534"},"geometry":{"type":"MultiLineString","coordinates":[[[-85.9259,36.60342],[-85.92666,36.60381],[-85.92776,36.60541]]]}},{"type":"Feature","properties":{"kind":"minor-water","name":"Rock House Creek","ftype":460,"lengthKm":0.38,"hu8":"05110002","pid":"56288448"},"geometry":{"type":"MultiLineString","coordinates":[[[-86.73523,36.97409],[-86.73323,36.97415],[-86.73367,36.97324],[-86.73357,36.97239]]]}},{"type":"Feature","properties":{"kind":"minor-water","name":"Falling Timber Creek","ftype":460,"lengthKm":0.32,"hu8":"05110002","pid":"56287866"},"geometry":{"type":"MultiLineString","coordinates":[[[-85.71172,36.91759],[-85.70985,36.91839],[-85.70848,36.91792]]]}},{"type":"Feature","properties":{"kind":"minor-water","name":"Middle Fork Drakes Creek","ftype":558,"lengthKm":0.54,"hu8":"05110002","pid":"56292018"},"geometry":{"type":"MultiLineString","coordinates":[[[-86.34109,36.65866],[-86.34149,36.65973],[-86.3429,36.66102],[-86.34292,36.66156],[-86.34213,36.66293]]]}},{"type":"Feature","properties":{"kind":"minor-water","name":"Boyds Creek","ftype":460,"lengthKm":0.03,"hu8":"05110002","pid":"56287586"},"geometry":{"type":"MultiLineString","coordinates":[[[-85.93024,36.95145],[-85.93044,36.95127]]]}},{"type":"Feature","properties":{"kind":"minor-water","name":"Coon Creek","ftype":460,"lengthKm":1.1,"hu8":"05110002","pid":"56288855"},"geometry":{"type":"MultiLineString","coordinates":[[[-86.01414,36.89484],[-86.01453,36.89541],[-86.01473,36.89696],[-86.01585,36.89848],[-86.01561,36.899],[-86.01697,36.90067],[-86.0193,36.90229],[-86.01928,36.90322]]]}},{"type":"Feature","properties":{"kind":"minor-water","name":"Brushy Fork","ftype":460,"lengthKm":1.65,"hu8":"05110002","pid":"56287384"},"geometry":{"type":"MultiLineString","coordinates":[[[-86.09719,36.98091],[-86.09961,36.98188],[-86.1003,36.98259],[-86.10054,36.98452],[-86.10121,36.98596],[-86.10706,36.98733],[-86.10753,36.98809],[-86.10978,36.98995]]]}},{"type":"Feature","properties":{"kind":"minor-water","name":"Crooked Run","ftype":460,"lengthKm":0.04,"hu8":"05110002","pid":"56289276"},"geometry":{"type":"MultiLineString","coordinates":[[[-86.70713,36.91348],[-86.70676,36.91359]]]}},{"type":"Feature","properties":{"kind":"minor-water","name":"Glover Creek","ftype":460,"lengthKm":0.36,"hu8":"05110002","pid":"56290278"},"geometry":{"type":"MultiLineString","coordinates":[[[-85.99531,36.77489],[-85.99617,36.77482],[-85.99711,36.77335],[-85.9981,36.77293]]]}},{"type":"Feature","properties":{"kind":"minor-water","name":"White Oak Creek","ftype":460,"lengthKm":0.43,"hu8":"05110002","pid":"56292625"},"geometry":{"type":"MultiLineString","coordinates":[[[-85.97528,36.60473],[-85.97384,36.60711],[-85.97252,36.60771]]]}},{"type":"Feature","properties":{"kind":"minor-water","name":"Long Fork","ftype":460,"lengthKm":0.34,"hu8":"05110002","pid":"56295028"},"geometry":{"type":"MultiLineString","coordinates":[[[-85.93445,36.47693],[-85.9347,36.47842],[-85.93571,36.47973]]]}},{"type":"Feature","properties":{"kind":"minor-water","name":"Barren River","ftype":558,"lengthKm":0.04,"hu8":"05110002","pid":"56286488"},"geometry":{"type":"MultiLineString","coordinates":[[[-86.54638,37.09642],[-86.54684,37.09634]]]}},{"type":"Feature","properties":{"kind":"minor-water","name":"Glover Creek","ftype":558,"lengthKm":0.69,"hu8":"05110002","pid":"56288236"},"geometry":{"type":"MultiLineString","coordinates":[[[-85.85048,36.90919],[-85.85144,36.90957],[-85.85218,36.91051],[-85.85462,36.91099],[-85.85636,36.91269]]]}},{"type":"Feature","properties":{"kind":"minor-water","name":"Glover Creek","ftype":558,"lengthKm":0.21,"hu8":"05110002","pid":"56288478"},"geometry":{"type":"MultiLineString","coordinates":[[[-85.84224,36.89956],[-85.84338,36.89963],[-85.8442,36.90038]]]}},{"type":"Feature","properties":{"kind":"minor-water","name":"Middle Fork Drakes Creek","ftype":558,"lengthKm":0.67,"hu8":"05110002","pid":"56290515"},"geometry":{"type":"MultiLineString","coordinates":[[[-86.3892,36.78394],[-86.39069,36.78598],[-86.39092,36.78732],[-86.39058,36.7884],[-86.39114,36.78946]]]}},{"type":"Feature","properties":{"kind":"minor-water","name":"Barren River","ftype":558,"lengthKm":0.37,"hu8":"05110002","pid":"56291315"},"geometry":{"type":"MultiLineString","coordinates":[[[-85.87067,36.67062],[-85.87188,36.67099],[-85.87443,36.66987]]]}},{"type":"Feature","properties":{"kind":"minor-water","name":"Line Creek","ftype":558,"lengthKm":4.97,"hu8":"05110002","pid":"56291801"},"geometry":{"type":"MultiLineString","coordinates":[[[-85.79137,36.63246],[-85.79247,36.63258],[-85.79518,36.63215],[-85.79872,36.62885],[-85.80086,36.62833],[-85.80177,36.62564],[-85.80111,36.62408],[-85.80139,36.62317],[-85.80236,36.62225],[-85.80431,36.62177],[-85.80505,36.62201],[-85.80541,36.62272],[-85.8051,36.62359],[-85.80426,36.62415],[-85.80435,36.62591],[-85.80616,36.62717],[-85.80612,36.62896],[-85.80325,36.63083],[-85.80187,36.63097],[-85.79939,36.63248],[-85.79885,36.6332],[-85.79877,36.63456],[-85.79952,36.63482],[-85.80351,36.63348],[-85.80427,36.63271],[-85.80665,36.6314],[-85.80762,36.63118],[-85.80839,36.62979]]]}},{"type":"Feature","properties":{"kind":"minor-water","name":"Barren River","ftype":558,"lengthKm":0.79,"hu8":"05110002","pid":"164146433"},"geometry":{"type":"MultiLineString","coordinates":[[[-86.04625,36.69541],[-86.0467,36.69649],[-86.04846,36.69831],[-86.04968,36.70188]]]}},{"type":"Feature","properties":{"kind":"minor-water","name":"Clear Fork Creek","ftype":460,"lengthKm":0.47,"hu8":"05110002","pid":"cc612b33-d59b-495b-8a62-7580d10da9b1"},"geometry":{"type":"MultiLineString","coordinates":[[[-86.65391,36.88794],[-86.65136,36.88629],[-86.65107,36.88559],[-86.65,36.88547]]]}},{"type":"Feature","properties":{"kind":"minor-water","name":"Boyds Creek","ftype":460,"lengthKm":0.54,"hu8":"05110002","pid":"56287607"},"geometry":{"type":"MultiLineString","coordinates":[[[-85.91364,36.94967],[-85.91484,36.9497],[-85.91542,36.94943],[-85.91929,36.9508]]]}},{"type":"Feature","properties":{"kind":"minor-water","name":"Hanging Fork Branch Buck Creek","ftype":460,"lengthKm":2.12,"hu8":"05110002","pid":"56288486"},"geometry":{"type":"MultiLineString","coordinates":[[[-86.10101,36.92095],[-86.10277,36.92084],[-86.10535,36.92158],[-86.10724,36.92327],[-86.10752,36.92398],[-86.10944,36.92598],[-86.11013,36.92775],[-86.11076,36.92782],[-86.11146,36.92898],[-86.11161,36.93],[-86.11337,36.93151],[-86.11615,36.93151],[-86.11727,36.93184]]]}},{"type":"Feature","properties":{"kind":"minor-water","name":"South Fork Beaver Creek","ftype":460,"lengthKm":0.69,"hu8":"05110002","pid":"56287277"},"geometry":{"type":"MultiLineString","coordinates":[[[-85.92534,36.97742],[-85.92581,36.9771],[-85.92984,36.97694],[-85.931,36.97777],[-85.93248,36.97819]]]}},{"type":"Feature","properties":{"kind":"minor-water","name":"Taylor Branch","ftype":460,"lengthKm":1.26,"hu8":"05110002","pid":"56286333"},"geometry":{"type":"MultiLineString","coordinates":[[[-86.481,37.1224],[-86.48408,37.12431],[-86.48547,37.12438],[-86.4868,37.12399],[-86.48693,37.12315],[-86.48592,37.12087],[-86.4859,37.11811]]]}},{"type":"Feature","properties":{"kind":"minor-water","name":"Taylor Branch","ftype":460,"lengthKm":0.33,"hu8":"05110002","pid":"56286531"},"geometry":{"type":"MultiLineString","coordinates":[[[-86.49466,37.08967],[-86.4952,37.08937],[-86.49796,37.0905]]]}},{"type":"Feature","properties":{"kind":"minor-water","name":"Cane Ridge Creek","ftype":460,"lengthKm":0.13,"hu8":"05110002","pid":"56286983"},"geometry":{"type":"MultiLineString","coordinates":[[[-86.69983,37.06203],[-86.69901,37.06244],[-86.69889,37.06285]]]}},{"type":"Feature","properties":{"kind":"minor-water","name":"Watt Branch","ftype":460,"lengthKm":0.76,"hu8":"05110002","pid":"56288796"},"geometry":{"type":"MultiLineString","coordinates":[[[-85.73505,36.87243],[-85.73644,36.87197],[-85.73685,36.87145],[-85.73855,36.87116],[-85.74086,36.8716],[-85.74268,36.87256]]]}},{"type":"Feature","properties":{"kind":"minor-water","name":"Burges Branch","ftype":460,"lengthKm":1.42,"hu8":"05110002","pid":"56289671"},"geometry":{"type":"MultiLineString","coordinates":[[[-85.85557,36.82119],[-85.85634,36.82102],[-85.85799,36.81915],[-85.86093,36.8174],[-85.86204,36.81753],[-85.86219,36.81717],[-85.86429,36.81682],[-85.86588,36.81722],[-85.8691,36.81725]]]}},{"type":"Feature","properties":{"kind":"minor-water","name":"Sulphur Creek","ftype":460,"lengthKm":1.16,"hu8":"05110002","pid":"56289362"},"geometry":{"type":"MultiLineString","coordinates":[[[-86.25341,36.87176],[-86.25453,36.87167],[-86.25551,36.87246],[-86.25656,36.87246],[-86.25739,36.87208],[-86.25835,36.87313],[-86.25939,36.87309],[-86.25992,36.87269],[-86.26081,36.87297],[-86.26079,36.8724],[-86.26113,36.87213],[-86.26219,36.87286],[-86.26231,36.87332],[-86.26323,36.87306]]]}},{"type":"Feature","properties":{"kind":"minor-water","name":"Dry Branch","ftype":460,"lengthKm":0.7,"hu8":"05110002","pid":"56289687"},"geometry":{"type":"MultiLineString","coordinates":[[[-85.98864,36.82546],[-85.98962,36.82746],[-85.98945,36.82842],[-85.99012,36.82971],[-85.99005,36.83146]]]}},{"type":"Feature","properties":{"kind":"minor-water","name":"Skaggs Creek","ftype":460,"lengthKm":0.54,"hu8":"05110002","pid":"56289629"},"geometry":{"type":"MultiLineString","coordinates":[[[-85.70389,36.80532],[-85.70752,36.80639],[-85.70847,36.806],[-85.70962,36.806]]]}},{"type":"Feature","properties":{"kind":"minor-water","name":"Belcher Creek","ftype":460,"lengthKm":1.27,"hu8":"05110002","pid":"56290028"},"geometry":{"type":"MultiLineString","coordinates":[[[-85.70386,36.77118],[-85.69958,36.77351],[-85.69832,36.77536],[-85.69682,36.78043]]]}},{"type":"Feature","properties":{"kind":"minor-water","name":"Boucher Branch","ftype":460,"lengthKm":0.79,"hu8":"05110002","pid":"56290159"},"geometry":{"type":"MultiLineString","coordinates":[[[-86.25613,36.80632],[-86.25692,36.80773],[-86.25682,36.80939],[-86.25874,36.81301]]]}},{"type":"Feature","properties":{"kind":"minor-water","name":"Indian Camp Branch","ftype":460,"lengthKm":2.13,"hu8":"05110002","pid":"56290425"},"geometry":{"type":"MultiLineString","coordinates":[[[-85.94343,36.75662],[-85.94083,36.75728],[-85.9391,36.75722],[-85.93486,36.75541],[-85.93273,36.75556],[-85.93084,36.75684],[-85.92867,36.7589],[-85.92699,36.75963],[-85.92422,36.76275]]]}},{"type":"Feature","properties":{"kind":"minor-water","name":"Bays Fork","ftype":460,"lengthKm":0.54,"hu8":"05110002","pid":"56290764"},"geometry":{"type":"MultiLineString","coordinates":[[[-86.1391,36.73973],[-86.1413,36.74161],[-86.14121,36.74301],[-86.14161,36.74378]]]}},{"type":"Feature","properties":{"kind":"minor-water","name":"Hams Branch","ftype":460,"lengthKm":1.22,"hu8":"05110002","pid":"56290989"},"geometry":{"type":"MultiLineString","coordinates":[[[-86.34454,36.73366],[-86.34522,36.73409],[-86.34655,36.73392],[-86.3488,36.73493],[-86.35019,36.73638],[-86.35295,36.7382],[-86.35415,36.73959],[-86.35436,36.7403]]]}},{"type":"Feature","properties":{"kind":"minor-water","name":"Gasper River","ftype":558,"lengthKm":2.3,"hu8":"05110002","pid":"56288010"},"geometry":{"type":"MultiLineString","coordinates":[[[-86.66917,36.98574],[-86.66958,36.98756],[-86.66825,36.98992],[-86.66829,36.99059],[-86.67088,36.99427],[-86.67174,36.99509],[-86.67255,36.99537],[-86.67622,36.99381],[-86.67729,36.99449],[-86.67667,36.99749],[-86.67515,36.99926]]]}},{"type":"Feature","properties":{"kind":"minor-water","name":"West Fork Drakes Creek","ftype":558,"lengthKm":2.8,"hu8":"05110002","pid":"56290200"},"geometry":{"type":"MultiLineString","coordinates":[[[-86.44493,36.81684],[-86.44432,36.81785],[-86.44533,36.81978],[-86.44534,36.82041],[-86.44383,36.82279],[-86.44304,36.82341],[-86.44063,36.82376],[-86.43612,36.82369],[-86.43351,36.82549],[-86.43093,36.82881],[-86.43033,36.82917],[-86.42899,36.8289],[-86.4272,36.82685],[-86.42558,36.82721]]]}},{"type":"Feature","properties":{"kind":"minor-water","name":"Glover Creek","ftype":558,"lengthKm":1.08,"hu8":"05110002","pid":"56288476"},"geometry":{"type":"MultiLineString","coordinates":[[[-85.74618,36.89301],[-85.74833,36.89335],[-85.74926,36.89223],[-85.75083,36.89173],[-85.75527,36.89258],[-85.75672,36.89364]]]}},{"type":"Feature","properties":{"kind":"minor-water","name":"West Fork Drakes Creek","ftype":558,"lengthKm":0.48,"hu8":"05110002","pid":"56290424"},"geometry":{"type":"MultiLineString","coordinates":[[[-86.50507,36.8028],[-86.50294,36.80187],[-86.5,36.80202]]]}},{"type":"Feature","properties":{"kind":"minor-water","name":"Barren River","ftype":558,"lengthKm":0.52,"hu8":"05110002","pid":"56291344"},"geometry":{"type":"MultiLineString","coordinates":[[[-85.95388,36.67448],[-85.95659,36.67862]]]}},{"type":"Feature","properties":{"kind":"minor-water","name":"Clifty Creek","ftype":460,"lengthKm":1.12,"hu8":"05110002","pid":"56286670"},"geometry":{"type":"MultiLineString","coordinates":[[[-86.62441,37.08866],[-86.6222,37.08833],[-86.62062,37.09027],[-86.6161,37.08965],[-86.61368,37.09096]]]}},{"type":"Feature","properties":{"kind":"minor-water","name":"Rose Creek","ftype":460,"lengthKm":0.12,"hu8":"05110002","pid":"56288801"},"geometry":{"type":"MultiLineString","coordinates":[[[-85.93199,36.88746],[-85.93249,36.88843]]]}},{"type":"Feature","properties":{"kind":"minor-water","name":"Beaver Creek","ftype":460,"lengthKm":1,"hu8":"05110002","pid":"56286968"},"geometry":{"type":"MultiLineString","coordinates":[[[-85.76922,36.98946],[-85.77007,36.9897],[-85.7714,36.98929],[-85.7737,36.99013],[-85.77498,36.99007],[-85.77677,36.99058],[-85.77925,36.99224]]]}},{"type":"Feature","properties":{"kind":"minor-water","name":"Clear Fork Creek","ftype":558,"lengthKm":4.07,"hu8":"05110002","pid":"56288287"},"geometry":{"type":"MultiLineString","coordinates":[[[-86.6249,36.95581],[-86.62469,36.95795],[-86.62532,36.95922],[-86.62699,36.95933],[-86.62824,36.95881],[-86.62868,36.95895],[-86.62968,36.96124],[-86.62985,36.96494],[-86.63111,36.96727],[-86.62987,36.96853],[-86.62636,36.96926],[-86.62388,36.97023],[-86.62381,36.97087],[-86.62534,36.97231],[-86.62588,36.97384],[-86.62734,36.97424],[-86.62873,36.97335],[-86.63021,36.97308],[-86.63178,36.97221],[-86.63356,36.97222],[-86.63833,36.97134]]]}},{"type":"Feature","properties":{"kind":"minor-water","name":"Mill Creek","ftype":460,"lengthKm":0.16,"hu8":"05110002","pid":"164146392"},"geometry":{"type":"MultiLineString","coordinates":[[[-85.70208,36.6826],[-85.703,36.68388]]]}},{"type":"Feature","properties":{"kind":"minor-water","name":"Trammel Creek","ftype":460,"lengthKm":0.21,"hu8":"05110002","pid":"56291563"},"geometry":{"type":"MultiLineString","coordinates":[[[-86.21547,36.67834],[-86.21537,36.67928],[-86.21607,36.68002]]]}},{"type":"Feature","properties":{"kind":"minor-water","name":"Rays Branch","ftype":460,"lengthKm":0.39,"hu8":"05110002","pid":"56286680"},"geometry":{"type":"MultiLineString","coordinates":[[[-86.46834,37.07569],[-86.46971,37.07527],[-86.47155,37.07705]]]}},{"type":"Feature","properties":{"kind":"minor-water","name":"Caney Fork","ftype":460,"lengthKm":0.53,"hu8":"05110002","pid":"56289420"},"geometry":{"type":"MultiLineString","coordinates":[[[-85.91626,36.84083],[-85.9176,36.84084],[-85.91842,36.84132],[-85.91932,36.84141],[-85.92087,36.84094],[-85.92166,36.84144]]]}},{"type":"Feature","properties":{"kind":"minor-water","name":"Brush Creek","ftype":460,"lengthKm":1.7,"hu8":"05110002","pid":"56289050"},"geometry":{"type":"MultiLineString","coordinates":[[[-86.57886,36.92546],[-86.57823,36.92639],[-86.57899,36.92712],[-86.58025,36.92765],[-86.58038,36.92801],[-86.57989,36.92871],[-86.57842,36.92911],[-86.57834,36.92982],[-86.58002,36.93222],[-86.58503,36.93474],[-86.5853,36.93531],[-86.58497,36.93617]]]}},{"type":"Feature","properties":{"kind":"minor-water","name":"Trace Creek","ftype":460,"lengthKm":0.81,"hu8":"05110002","pid":"56294393"},"geometry":{"type":"MultiLineString","coordinates":[[[-85.79273,36.5179],[-85.79216,36.52049],[-85.79234,36.52113],[-85.78873,36.52393]]]}},{"type":"Feature","properties":{"kind":"minor-water","name":"Hackers Branch","ftype":460,"lengthKm":0.14,"hu8":"05110002","pid":"56289617"},"geometry":{"type":"MultiLineString","coordinates":[[[-85.78881,36.81348],[-85.78898,36.81476]]]}},{"type":"Feature","properties":{"kind":"minor-water","name":"Canoe Creek","ftype":460,"lengthKm":1.25,"hu8":"05110002","pid":"56289819"},"geometry":{"type":"MultiLineString","coordinates":[[[-86.01104,36.81679],[-86.01259,36.81654],[-86.01594,36.81732],[-86.01863,36.81813],[-86.01936,36.81918],[-86.02095,36.81964],[-86.02198,36.82029],[-86.02243,36.8204],[-86.02342,36.81996]]]}},{"type":"Feature","properties":{"kind":"minor-water","name":"Rhoden Creek","ftype":460,"lengthKm":0.6,"hu8":"05110002","pid":"56290572"},"geometry":{"type":"MultiLineString","coordinates":[[[-86.06262,36.74821],[-86.06018,36.75154],[-86.05848,36.75229]]]}},{"type":"Feature","properties":{"kind":"minor-water","name":"Grace Creek","ftype":460,"lengthKm":0.87,"hu8":"05110002","pid":"56292819"},"geometry":{"type":"MultiLineString","coordinates":[[[-86.50714,36.64048],[-86.50486,36.641],[-86.5038,36.64293],[-86.50588,36.64487],[-86.5056,36.64611]]]}},{"type":"Feature","properties":{"kind":"minor-water","name":"Sulphur Fork Creek","ftype":460,"lengthKm":1.87,"hu8":"05110002","pid":"56292936"},"geometry":{"type":"MultiLineString","coordinates":[[[-86.3929,36.62745],[-86.39326,36.62966],[-86.39269,36.63159],[-86.39315,36.63199],[-86.39383,36.63394],[-86.39319,36.63514],[-86.39423,36.63651],[-86.39415,36.63723],[-86.39471,36.6387],[-86.39595,36.63964],[-86.39618,36.64095],[-86.39688,36.6412],[-86.39696,36.64211],[-86.39638,36.64262]]]}}]}