{"type":"FeatureCollection","features":[{"type":"Feature","properties":{"kind":"minor-water","name":"North Prong Clear Fork","ftype":460,"lengthKm":0.7,"hu8":"05130104","pid":"38161334"},"geometry":{"type":"MultiLineString","coordinates":[[[-85.00395,36.1919],[-85.00174,36.19466],[-85.00054,36.19525],[-85.00042,36.19558],[-85.00083,36.1958],[-85.0001,36.19678]]]}},{"type":"Feature","properties":{"kind":"minor-water","name":"North Prong Clear Fork","ftype":460,"lengthKm":0.29,"hu8":"05130104","pid":"38161286"},"geometry":{"type":"MultiLineString","coordinates":[[[-85.00061,36.19891],[-85.00159,36.1993],[-85.00201,36.20014],[-85.00302,36.20015]]]}},{"type":"Feature","properties":{"kind":"minor-water","name":"North Prong Clear Fork","ftype":460,"lengthKm":0.61,"hu8":"05130104","pid":"38161219"},"geometry":{"type":"MultiLineString","coordinates":[[[-85.00273,36.20604],[-85.00105,36.20632],[-85.00069,36.20785],[-85.0002,36.20816],[-84.99924,36.20818],[-84.99869,36.20938]]]}},{"type":"Feature","properties":{"kind":"minor-water","name":"North Prong Clear Fork","ftype":460,"lengthKm":0.25,"hu8":"05130104","pid":"38161300"},"geometry":{"type":"MultiLineString","coordinates":[[[-85.0001,36.19678],[-85.00019,36.19829],[-85.00061,36.19891]]]}},{"type":"Feature","properties":{"kind":"minor-water","name":"North Prong Clear Fork","ftype":460,"lengthKm":0.73,"hu8":"05130104","pid":"38161347"},"geometry":{"type":"MultiLineString","coordinates":[[[-85.01068,36.19118],[-85.00998,36.19181],[-85.00792,36.19188],[-85.00673,36.19274],[-85.00554,36.19312],[-85.00395,36.1919]]]}},{"type":"Feature","properties":{"kind":"minor-water","name":"North Prong Clear Fork","ftype":460,"lengthKm":0.41,"hu8":"05130104","pid":"38161354"},"geometry":{"type":"MultiLineString","coordinates":[[[-85.02043,36.1914],[-85.02,36.19137],[-85.01922,36.19187],[-85.01773,36.19202],[-85.01624,36.19137]]]}},{"type":"Feature","properties":{"kind":"minor-water","name":"North Prong Clear Fork","ftype":460,"lengthKm":0.73,"hu8":"05130104","pid":"38161273"},"geometry":{"type":"MultiLineString","coordinates":[[[-85.00302,36.20015],[-85.00249,36.20142],[-85.00265,36.20232],[-85.00155,36.20307],[-85.00273,36.20604]]]}},{"type":"Feature","properties":{"kind":"minor-water","name":"North Prong Clear Fork","ftype":460,"lengthKm":0.24,"hu8":"05130104","pid":"38161353"},"geometry":{"type":"MultiLineString","coordinates":[[[-85.01558,36.19112],[-85.01287,36.19089]]]}},{"type":"Feature","properties":{"kind":"minor-water","name":"North Prong Clear Fork","ftype":558,"lengthKm":0.07,"hu8":"05130104","pid":"38161351"},"geometry":{"type":"MultiLineString","coordinates":[[[-85.01624,36.19137],[-85.01558,36.19112]]]}},{"type":"Feature","properties":{"kind":"minor-water","name":"North Prong Clear Fork","ftype":558,"lengthKm":0.04,"hu8":"05130104","pid":"38161355"},"geometry":{"type":"MultiLineString","coordinates":[[[-85.02082,36.19119],[-85.02043,36.1914]]]}},{"type":"Feature","properties":{"kind":"minor-water","name":"North Prong Clear Fork","ftype":558,"lengthKm":0.22,"hu8":"05130104","pid":"38161352"},"geometry":{"type":"MultiLineString","coordinates":[[[-85.01287,36.19089],[-85.0114,36.19066],[-85.01068,36.19118]]]}},{"type":"Feature","properties":{"kind":"minor-water","name":"Meadow Creek","ftype":460,"lengthKm":0.46,"hu8":"05130105","pid":"48162578"},"geometry":{"type":"MultiLineString","coordinates":[[[-85.19724,36.06987],[-85.19733,36.07114],[-85.19686,36.07189],[-85.19852,36.07194],[-85.1989,36.07256]]]}},{"type":"Feature","properties":{"kind":"minor-water","name":"Morgan Branch","ftype":558,"lengthKm":0.01,"hu8":"05130105","pid":"48160473"},"geometry":{"type":"MultiLineString","coordinates":[[[-85.1146,36.22498],[-85.11469,36.22498]]]}},{"type":"Feature","properties":{"kind":"minor-water","name":"Bill Branch","ftype":558,"lengthKm":0.01,"hu8":"05130105","pid":"48161318"},"geometry":{"type":"MultiLineString","coordinates":[[[-85.16137,36.18501],[-85.16134,36.18496]]]}},{"type":"Feature","properties":{"kind":"minor-water","name":"West Fork Obey River","ftype":460,"lengthKm":1.36,"hu8":"05130105","pid":"48160974"},"geometry":{"type":"MultiLineString","coordinates":[[[-85.19479,36.2095],[-85.19675,36.21118],[-85.19943,36.21185],[-85.20032,36.21323],[-85.20319,36.21381],[-85.20507,36.21477],[-85.20742,36.21435]]]}},{"type":"Feature","properties":{"kind":"minor-water","name":"Rocky Branch","ftype":460,"lengthKm":1.09,"hu8":"05130105","pid":"48161049"},"geometry":{"type":"MultiLineString","coordinates":[[[-85.05481,36.1963],[-85.05546,36.19616],[-85.05592,36.19538],[-85.05736,36.19423],[-85.05943,36.19373],[-85.0625,36.19393],[-85.06517,36.19521]]]}},{"type":"Feature","properties":{"kind":"minor-water","name":"Cobb Creek","ftype":460,"lengthKm":1.66,"hu8":"05130105","pid":"48159640"},"geometry":{"type":"MultiLineString","coordinates":[[[-85.00586,36.28341],[-85.00685,36.28366],[-85.00787,36.28464],[-85.00722,36.28547],[-85.00707,36.28778],[-85.00868,36.2891],[-85.00987,36.29115],[-85.01156,36.29208],[-85.01151,36.29413],[-85.01306,36.29523]]]}},{"type":"Feature","properties":{"kind":"minor-water","name":"Big Laurel Creek","ftype":460,"lengthKm":5.66,"hu8":"05130105","pid":"48159946"},"geometry":{"type":"MultiLineString","coordinates":[[[-85.08696,36.26012],[-85.08621,36.25984],[-85.08527,36.25876],[-85.08526,36.25645],[-85.08476,36.25583],[-85.0839,36.25572],[-85.08319,36.25658],[-85.08259,36.25645],[-85.08241,36.25594],[-85.0805,36.25625],[-85.07984,36.25581],[-85.07864,36.25413],[-85.07669,36.25318],[-85.07592,36.25319],[-85.07549,36.25385],[-85.07644,36.25803],[-85.07537,36.25826],[-85.07357,36.2595],[-85.07372,36.26072],[-85.07208,36.26214],[-85.06839,36.26223],[-85.06705,36.26323],[-85.06441,36.26398],[-85.06312,36.26397],[-85.06212,36.26358],[-85.06122,36.26388],[-85.05948,36.2639],[-85.05842,36.26548],[-85.05507,36.26664],[-85.05381,36.2664],[-85.05201,36.26651],[-85.05034,36.26776],[-85.04902,36.26815],[-85.04731,36.26799],[-85.04682,36.26832],[-85.04631,36.26955],[-85.04491,36.26997]]]}},{"type":"Feature","properties":{"kind":"minor-water","name":"Pratt Branch","ftype":558,"lengthKm":0.01,"hu8":"05130105","pid":"48159504"},"geometry":{"type":"MultiLineString","coordinates":[[[-85.01247,36.2984],[-85.01258,36.29841]]]}},{"type":"Feature","properties":{"kind":"minor-water","name":"East Fork Obey River","ftype":460,"lengthKm":0.72,"hu8":"05130105","pid":"48161809"},"geometry":{"type":"MultiLineString","coordinates":[[[-85.1794,36.16059],[-85.17887,36.16091],[-85.17545,36.16025],[-85.17488,36.15968],[-85.17492,36.15818],[-85.174,36.15781]]]}},{"type":"Feature","properties":{"kind":"minor-water","name":"Slate Creek","ftype":460,"lengthKm":0.38,"hu8":"05130105","pid":"48160728"},"geometry":{"type":"MultiLineString","coordinates":[[[-85.0327,36.20586],[-85.03315,36.20609],[-85.03329,36.20697],[-85.03314,36.20803],[-85.03233,36.20886]]]}},{"type":"Feature","properties":{"kind":"minor-water","name":"Carroll Branch","ftype":460,"lengthKm":0.2,"hu8":"05130105","pid":"48162024"},"geometry":{"type":"MultiLineString","coordinates":[[[-85.18106,36.14495],[-85.1803,36.145],[-85.17932,36.14592]]]}},{"type":"Feature","properties":{"kind":"minor-water","name":"East Fork Obey River","ftype":558,"lengthKm":0.38,"hu8":"05130105","pid":"48159546"},"geometry":{"type":"MultiLineString","coordinates":[[[-85.0132,36.29527],[-85.01248,36.29656],[-85.01293,36.29736],[-85.01258,36.29841]]]}},{"type":"Feature","properties":{"kind":"minor-water","name":"East Fork Obey River","ftype":558,"lengthKm":1.05,"hu8":"05130105","pid":"48160454"},"geometry":{"type":"MultiLineString","coordinates":[[[-85.11407,36.22543],[-85.113,36.22635],[-85.11255,36.22793],[-85.11137,36.22892],[-85.10903,36.22916],[-85.10572,36.23108]]]}},{"type":"Feature","properties":{"kind":"minor-water","name":"Bill Branch","ftype":460,"lengthKm":1.31,"hu8":"05130105","pid":"48161394"},"geometry":{"type":"MultiLineString","coordinates":[[[-85.19796,36.18457],[-85.19675,36.1855],[-85.1943,36.18666],[-85.19331,36.18772],[-85.19191,36.1884],[-85.18885,36.18807],[-85.18702,36.18747],[-85.18591,36.1876],[-85.18545,36.18721]]]}},{"type":"Feature","properties":{"kind":"minor-water","name":"Steward Fork","ftype":460,"lengthKm":1,"hu8":"05130105","pid":"48162046"},"geometry":{"type":"MultiLineString","coordinates":[[[-85.16261,36.14094],[-85.16549,36.1426],[-85.16834,36.14665],[-85.16982,36.14746]]]}},{"type":"Feature","properties":{"kind":"minor-water","name":"East Fork Obey River","ftype":558,"lengthKm":0.4,"hu8":"05130105","pid":"48161315"},"geometry":{"type":"MultiLineString","coordinates":[[[-85.16134,36.18496],[-85.16054,36.18578],[-85.16104,36.18745],[-85.16078,36.18823]]]}},{"type":"Feature","properties":{"kind":"minor-water","name":"East Fork Obey River","ftype":558,"lengthKm":0.11,"hu8":"05130105","pid":"48160115"},"geometry":{"type":"MultiLineString","coordinates":[[[-85.09725,36.24429],[-85.09703,36.24333]]]}},{"type":"Feature","properties":{"kind":"minor-water","name":"Hurricane Creek","ftype":460,"lengthKm":0.5,"hu8":"05130105","pid":"48160689"},"geometry":{"type":"MultiLineString","coordinates":[[[-85.07446,36.21258],[-85.07517,36.21428],[-85.07406,36.21686]]]}},{"type":"Feature","properties":{"kind":"minor-water","name":"Cooper Branch","ftype":460,"lengthKm":0.81,"hu8":"05130105","pid":"48161608"},"geometry":{"type":"MultiLineString","coordinates":[[[-85.07866,36.16234],[-85.07804,36.16424],[-85.0774,36.16486],[-85.0748,36.16599],[-85.07397,36.16689],[-85.0728,36.16723]]]}},{"type":"Feature","properties":{"kind":"minor-water","name":"Piney Creek","ftype":460,"lengthKm":1.35,"hu8":"05130105","pid":"48162373"},"geometry":{"type":"MultiLineString","coordinates":[[[-85.1621,36.11277],[-85.16232,36.11496],[-85.16124,36.11702],[-85.15998,36.11828],[-85.15979,36.11904],[-85.15834,36.12084],[-85.15662,36.12157],[-85.15592,36.12307]]]}},{"type":"Feature","properties":{"kind":"minor-water","name":"Meadow Creek","ftype":558,"lengthKm":1.29,"hu8":"05130105","pid":"48162467"},"geometry":{"type":"MultiLineString","coordinates":[[[-85.18102,36.10302],[-85.18037,36.10434],[-85.17889,36.10409],[-85.17821,36.10464],[-85.17903,36.10634],[-85.18077,36.10709],[-85.18074,36.10789],[-85.18021,36.10823],[-85.17839,36.10856],[-85.17695,36.11006]]]}},{"type":"Feature","properties":{"kind":"minor-water","name":"Lick Hollow Branch","ftype":460,"lengthKm":0.69,"hu8":"05130105","pid":"48160049"},"geometry":{"type":"MultiLineString","coordinates":[[[-85.18655,36.25552],[-85.1896,36.25544],[-85.19101,36.25566],[-85.19236,36.25521],[-85.19405,36.25526]]]}},{"type":"Feature","properties":{"kind":"minor-water","name":"Little Indian Creek","ftype":460,"lengthKm":0.42,"hu8":"05130105","pid":"48160182"},"geometry":{"type":"MultiLineString","coordinates":[[[-85.11988,36.24365],[-85.11796,36.24348],[-85.11522,36.2438]]]}},{"type":"Feature","properties":{"kind":"minor-water","name":"Hurricane Creek","ftype":460,"lengthKm":0.24,"hu8":"05130105","pid":"48160401"},"geometry":{"type":"MultiLineString","coordinates":[[[-85.0676,36.22525],[-85.0674,36.22661],[-85.0669,36.22727]]]}},{"type":"Feature","properties":{"kind":"minor-water","name":"Little Hurricane Creek","ftype":460,"lengthKm":0.13,"hu8":"05130105","pid":"48160895"},"geometry":{"type":"MultiLineString","coordinates":[[[-85.08463,36.20323],[-85.08318,36.20354]]]}},{"type":"Feature","properties":{"kind":"minor-water","name":"Hurricane Creek","ftype":558,"lengthKm":0.01,"hu8":"05130105","pid":"48160283"},"geometry":{"type":"MultiLineString","coordinates":[[[-85.06802,36.23426],[-85.06803,36.23435]]]}},{"type":"Feature","properties":{"kind":"minor-water","name":"West Fork Obey River","ftype":558,"lengthKm":0.01,"hu8":"05130105","pid":"48159883"},"geometry":{"type":"MultiLineString","coordinates":[[[-85.19929,36.27275],[-85.19931,36.27282]]]}},{"type":"Feature","properties":{"kind":"minor-water","name":"East Fork Obey River","ftype":558,"lengthKm":0.67,"hu8":"05130105","pid":"48161379"},"geometry":{"type":"MultiLineString","coordinates":[[[-85.16748,36.18228],[-85.16672,36.18364],[-85.16254,36.18441],[-85.16134,36.18496]]]}},{"type":"Feature","properties":{"kind":"minor-water","name":"Service Branch","ftype":558,"lengthKm":0,"hu8":"05130105","pid":"48161382"},"geometry":{"type":"MultiLineString","coordinates":[[[-85.16753,36.18228],[-85.16748,36.18228]]]}},{"type":"Feature","properties":{"kind":"minor-water","name":"Little Indian Creek","ftype":460,"lengthKm":0.17,"hu8":"05130105","pid":"48160176"},"geometry":{"type":"MultiLineString","coordinates":[[[-85.11522,36.2438],[-85.11339,36.24337]]]}},{"type":"Feature","properties":{"kind":"minor-water","name":"Charlie Branch","ftype":558,"lengthKm":0.01,"hu8":"05130105","pid":"48161642"},"geometry":{"type":"MultiLineString","coordinates":[[[-85.16746,36.16903],[-85.16751,36.16905]]]}},{"type":"Feature","properties":{"kind":"minor-water","name":"Hurricane Creek","ftype":460,"lengthKm":3.68,"hu8":"05130105","pid":"48162221"},"geometry":{"type":"MultiLineString","coordinates":[[[-85.1133,36.12223],[-85.11267,36.12254],[-85.11014,36.12515],[-85.10792,36.12491],[-85.10756,36.12542],[-85.10792,36.12629],[-85.1069,36.12729],[-85.10716,36.12812],[-85.10824,36.12883],[-85.11021,36.13093],[-85.11064,36.13097],[-85.1108,36.13234],[-85.112,36.1326],[-85.11239,36.13297],[-85.11202,36.1335],[-85.11101,36.13392],[-85.11167,36.13486],[-85.11146,36.13542],[-85.10894,36.13618],[-85.10972,36.13769],[-85.10859,36.13832],[-85.10841,36.13871],[-85.10884,36.13919],[-85.1101,36.13949],[-85.11199,36.13917],[-85.11221,36.14049],[-85.11183,36.14079],[-85.10998,36.14091],[-85.10898,36.14246]]]}},{"type":"Feature","properties":{"kind":"minor-water","name":"Meadow Creek","ftype":460,"lengthKm":0.25,"hu8":"05130105","pid":"48162604"},"geometry":{"type":"MultiLineString","coordinates":[[[-85.2089,36.06178],[-85.20802,36.06283],[-85.20679,36.06288]]]}},{"type":"Feature","properties":{"kind":"minor-water","name":"West Fork Obey River","ftype":558,"lengthKm":0.85,"hu8":"05130105","pid":"48159865"},"geometry":{"type":"MultiLineString","coordinates":[[[-85.19936,36.2742],[-85.19723,36.27866],[-85.19734,36.28074],[-85.19788,36.28141]]]}},{"type":"Feature","properties":{"kind":"minor-water","name":"Big Laurel Creek","ftype":460,"lengthKm":0.66,"hu8":"05130105","pid":"48159912"},"geometry":{"type":"MultiLineString","coordinates":[[[-85.09093,36.26445],[-85.09054,36.26385],[-85.09071,36.26253],[-85.08971,36.26206],[-85.08779,36.26034],[-85.08696,36.26012]]]}},{"type":"Feature","properties":{"kind":"minor-water","name":"West Fork Obey River","ftype":460,"lengthKm":0.19,"hu8":"05130105","pid":"48161529"},"geometry":{"type":"MultiLineString","coordinates":[[[-85.19784,36.17614],[-85.19985,36.17663]]]}},{"type":"Feature","properties":{"kind":"minor-water","name":"Bear Branch","ftype":460,"lengthKm":0.76,"hu8":"05130105","pid":"48160318"},"geometry":{"type":"MultiLineString","coordinates":[[[-85.08778,36.23326],[-85.08627,36.2346],[-85.08446,36.23506],[-85.0834,36.23595],[-85.08088,36.23701]]]}},{"type":"Feature","properties":{"kind":"minor-water","name":"Dripping Springs Creek","ftype":460,"lengthKm":0.78,"hu8":"05130105","pid":"48162443"},"geometry":{"type":"MultiLineString","coordinates":[[[-85.21291,36.10738],[-85.21235,36.10773],[-85.21253,36.10884],[-85.21189,36.11072],[-85.2101,36.11376]]]}},{"type":"Feature","properties":{"kind":"minor-water","name":"Johnson Mill Branch","ftype":460,"lengthKm":0.28,"hu8":"05130105","pid":"48160057"},"geometry":{"type":"MultiLineString","coordinates":[[[-85.02633,36.2406],[-85.02802,36.24037],[-85.02862,36.2393]]]}},{"type":"Feature","properties":{"kind":"minor-water","name":"East Fork Obey River","ftype":558,"lengthKm":0.23,"hu8":"05130105","pid":"48160120"},"geometry":{"type":"MultiLineString","coordinates":[[[-85.09937,36.24342],[-85.09812,36.24439],[-85.09725,36.24429]]]}},{"type":"Feature","properties":{"kind":"minor-water","name":"Morgan Branch","ftype":460,"lengthKm":0.8,"hu8":"05130105","pid":"48160594"},"geometry":{"type":"MultiLineString","coordinates":[[[-85.10943,36.21965],[-85.1094,36.22101],[-85.11175,36.22234],[-85.1146,36.22498]]]}},{"type":"Feature","properties":{"kind":"minor-water","name":"Dripping Springs Creek","ftype":460,"lengthKm":0.74,"hu8":"05130105","pid":"48162344"},"geometry":{"type":"MultiLineString","coordinates":[[[-85.20116,36.12054],[-85.20007,36.12088],[-85.199,36.12149],[-85.19876,36.12195],[-85.19774,36.12218],[-85.19704,36.12272],[-85.19583,36.12191],[-85.19436,36.12212]]]}},{"type":"Feature","properties":{"kind":"minor-water","name":"Jack Branch","ftype":460,"lengthKm":2.73,"hu8":"05130105","pid":"48161179"},"geometry":{"type":"MultiLineString","coordinates":[[[-85.13065,36.19195],[-85.1274,36.19355],[-85.12594,36.19381],[-85.12442,36.19308],[-85.12075,36.19038],[-85.11642,36.19015],[-85.1151,36.19058],[-85.11061,36.19063],[-85.10916,36.19091],[-85.10724,36.19152],[-85.10442,36.19339],[-85.10356,36.19367]]]}},{"type":"Feature","properties":{"kind":"minor-water","name":"West Fork Obey River","ftype":460,"lengthKm":0.07,"hu8":"05130105","pid":"48159887"},"geometry":{"type":"MultiLineString","coordinates":[[[-85.19954,36.27211],[-85.19929,36.27275]]]}},{"type":"Feature","properties":{"kind":"minor-water","name":"West Fork Obey River","ftype":460,"lengthKm":0.74,"hu8":"05130105","pid":"48161544"},"geometry":{"type":"MultiLineString","coordinates":[[[-85.19115,36.1775],[-85.19503,36.175],[-85.19643,36.17515],[-85.19784,36.17614]]]}},{"type":"Feature","properties":{"kind":"minor-water","name":"Guffy Branch","ftype":460,"lengthKm":1.29,"hu8":"05130105","pid":"48160538"},"geometry":{"type":"MultiLineString","coordinates":[[[-85.04869,36.21576],[-85.04791,36.21845],[-85.04812,36.22018],[-85.04922,36.22055],[-85.05193,36.22055],[-85.05288,36.22152],[-85.05385,36.22177],[-85.05519,36.22331]]]}},{"type":"Feature","properties":{"kind":"minor-water","name":"West Fork Obey River","ftype":460,"lengthKm":0.22,"hu8":"05130105","pid":"48161002"},"geometry":{"type":"MultiLineString","coordinates":[[[-85.19312,36.2081],[-85.19479,36.2095]]]}},{"type":"Feature","properties":{"kind":"minor-water","name":"East Fork Obey River","ftype":558,"lengthKm":0.2,"hu8":"05130105","pid":"48161670"},"geometry":{"type":"MultiLineString","coordinates":[[[-85.16886,36.16762],[-85.16751,36.16905]]]}},{"type":"Feature","properties":{"kind":"minor-water","name":"Whiteoak Branch","ftype":460,"lengthKm":0.26,"hu8":"05130105","pid":"48160349"},"geometry":{"type":"MultiLineString","coordinates":[[[-85.06868,36.22877],[-85.06768,36.22894],[-85.06682,36.23028]]]}},{"type":"Feature","properties":{"kind":"minor-water","name":"Slate Creek","ftype":460,"lengthKm":0.19,"hu8":"05130105","pid":"48160687"},"geometry":{"type":"MultiLineString","coordinates":[[[-85.03233,36.20886],[-85.03146,36.2096],[-85.03139,36.2103]]]}},{"type":"Feature","properties":{"kind":"minor-water","name":"Mineral Springs Branch","ftype":460,"lengthKm":1.53,"hu8":"05130105","pid":"48161932"},"geometry":{"type":"MultiLineString","coordinates":[[[-85.21271,36.15831],[-85.21269,36.15787],[-85.21127,36.1573],[-85.21036,36.15622],[-85.20935,36.15607],[-85.20955,36.15492],[-85.20833,36.15445],[-85.20801,36.15351],[-85.20711,36.15345],[-85.206,36.15399],[-85.2032,36.15236],[-85.20177,36.15258],[-85.20083,36.15312]]]}},{"type":"Feature","properties":{"kind":"minor-water","name":"West Fork Obey River","ftype":460,"lengthKm":0.4,"hu8":"05130105","pid":"48161481"},"geometry":{"type":"MultiLineString","coordinates":[[[-85.20425,36.17807],[-85.20509,36.17834],[-85.20633,36.17822],[-85.20727,36.17891],[-85.20824,36.1791]]]}},{"type":"Feature","properties":{"kind":"minor-water","name":"Little Hurricane Creek","ftype":460,"lengthKm":0.32,"hu8":"05130105","pid":"48161188"},"geometry":{"type":"MultiLineString","coordinates":[[[-85.09609,36.18745],[-85.09559,36.18764],[-85.09495,36.18912],[-85.09411,36.18967]]]}},{"type":"Feature","properties":{"kind":"minor-water","name":"East Fork Obey River","ftype":460,"lengthKm":0.5,"hu8":"05130105","pid":"48162042"},"geometry":{"type":"MultiLineString","coordinates":[[[-85.20756,36.14514],[-85.20703,36.14532],[-85.20745,36.14627],[-85.20727,36.14654],[-85.20485,36.14706],[-85.20403,36.14698]]]}},{"type":"Feature","properties":{"kind":"minor-water","name":"East Fork Obey River","ftype":558,"lengthKm":0.21,"hu8":"05130105","pid":"48160783"},"geometry":{"type":"MultiLineString","coordinates":[[[-85.12941,36.2125],[-85.12719,36.21317]]]}},{"type":"Feature","properties":{"kind":"minor-water","name":"West Fork Obey River","ftype":558,"lengthKm":0.7,"hu8":"05130105","pid":"48159925"},"geometry":{"type":"MultiLineString","coordinates":[[[-85.20413,36.2683],[-85.20393,36.26866],[-85.20436,36.27006],[-85.20397,36.27076],[-85.19967,36.27209]]]}},{"type":"Feature","properties":{"kind":"minor-water","name":"East Fork Obey River","ftype":558,"lengthKm":0.51,"hu8":"05130105","pid":"48160279"},"geometry":{"type":"MultiLineString","coordinates":[[[-85.07338,36.23568],[-85.07128,36.23479],[-85.06803,36.23435]]]}},{"type":"Feature","properties":{"kind":"minor-water","name":"Piney Creek","ftype":558,"lengthKm":0.63,"hu8":"05130105","pid":"48162214"},"geometry":{"type":"MultiLineString","coordinates":[[[-85.13232,36.12441],[-85.13154,36.12447],[-85.13032,36.12506],[-85.13107,36.12594],[-85.13066,36.12726],[-85.12965,36.12606]]]}},{"type":"Feature","properties":{"kind":"minor-water","name":"Adkins Branch","ftype":460,"lengthKm":1.37,"hu8":"05130105","pid":"48162104"},"geometry":{"type":"MultiLineString","coordinates":[[[-85.16185,36.13683],[-85.16223,36.13766],[-85.16353,36.13822],[-85.16753,36.1374],[-85.16962,36.13746],[-85.17403,36.13821],[-85.17481,36.13864],[-85.17523,36.13939]]]}},{"type":"Feature","properties":{"kind":"minor-water","name":"Little Piney Creek","ftype":460,"lengthKm":1.06,"hu8":"05130105","pid":"48162141"},"geometry":{"type":"MultiLineString","coordinates":[[[-85.14956,36.13224],[-85.14902,36.13393],[-85.14519,36.13473],[-85.14203,36.1372],[-85.14075,36.13692]]]}},{"type":"Feature","properties":{"kind":"minor-water","name":"Lick Branch","ftype":460,"lengthKm":0.59,"hu8":"05130105","pid":"48160944"},"geometry":{"type":"MultiLineString","coordinates":[[[-85.12529,36.20422],[-85.12621,36.20591],[-85.12795,36.20802],[-85.12825,36.20894]]]}},{"type":"Feature","properties":{"kind":"minor-water","name":"Little Piney Creek","ftype":460,"lengthKm":0.53,"hu8":"05130105","pid":"48161998"},"geometry":{"type":"MultiLineString","coordinates":[[[-85.11472,36.14181],[-85.11216,36.14224],[-85.11157,36.1426],[-85.10898,36.14246]]]}},{"type":"Feature","properties":{"kind":"minor-water","name":"Long Branch","ftype":460,"lengthKm":3.76,"hu8":"05130105","pid":"48159609"},"geometry":{"type":"MultiLineString","coordinates":[[[-85.09433,36.2957],[-85.09303,36.29662],[-85.09081,36.29724],[-85.08973,36.29809],[-85.08841,36.29822],[-85.0874,36.29906],[-85.08604,36.29914],[-85.08502,36.29965],[-85.0827,36.29948],[-85.08136,36.29892],[-85.07984,36.29922],[-85.07847,36.29902],[-85.07731,36.2982],[-85.0755,36.29782],[-85.07469,36.29722],[-85.07194,36.29717],[-85.07121,36.29827],[-85.06712,36.30102],[-85.06652,36.30279],[-85.06673,36.30409],[-85.06543,36.30484],[-85.06535,36.30579],[-85.06374,36.30824]]]}},{"type":"Feature","properties":{"kind":"minor-water","name":"Puncheon Camp Creek","ftype":460,"lengthKm":2.73,"hu8":"05130105","pid":"48159805"},"geometry":{"type":"MultiLineString","coordinates":[[[-85.27522,36.28725],[-85.27866,36.29091],[-85.27948,36.29381],[-85.27913,36.29499],[-85.27564,36.29951],[-85.27129,36.29983],[-85.27033,36.29943],[-85.26924,36.29953],[-85.26711,36.29892],[-85.26556,36.29883],[-85.26313,36.29965]]]}},{"type":"Feature","properties":{"kind":"minor-water","name":"Little Indian Creek","ftype":558,"lengthKm":0.01,"hu8":"05130105","pid":"48160237"},"geometry":{"type":"MultiLineString","coordinates":[[[-85.10336,36.23923],[-85.10326,36.23919]]]}},{"type":"Feature","properties":{"kind":"minor-water","name":"Meadow Creek","ftype":460,"lengthKm":1.22,"hu8":"05130105","pid":"48162018"},"geometry":{"type":"MultiLineString","coordinates":[[[-85.17932,36.14592],[-85.17982,36.14695],[-85.17911,36.14859],[-85.17452,36.14659],[-85.17053,36.14713],[-85.16982,36.14746]]]}},{"type":"Feature","properties":{"kind":"minor-water","name":"Sunk Cane Branch","ftype":460,"lengthKm":1.53,"hu8":"05130105","pid":"48160508"},"geometry":{"type":"MultiLineString","coordinates":[[[-85.1816,36.23805],[-85.18256,36.23764],[-85.18393,36.23753],[-85.1855,36.23656],[-85.18704,36.23645],[-85.18799,36.23667],[-85.18909,36.23582],[-85.18992,36.23463],[-85.19292,36.23336],[-85.19363,36.23214],[-85.19332,36.23066]]]}},{"type":"Feature","properties":{"kind":"minor-water","name":"Little Hurricane Creek","ftype":460,"lengthKm":0.53,"hu8":"05130105","pid":"48161058"},"geometry":{"type":"MultiLineString","coordinates":[[[-85.08954,36.19567],[-85.08965,36.19654],[-85.09114,36.19722],[-85.09278,36.19864],[-85.09348,36.19878]]]}},{"type":"Feature","properties":{"kind":"minor-water","name":"Big Laurel Creek","ftype":460,"lengthKm":0.76,"hu8":"05130105","pid":"48159868"},"geometry":{"type":"MultiLineString","coordinates":[[[-85.09575,36.26754],[-85.09474,36.26736],[-85.09495,36.26589],[-85.09446,36.26428],[-85.09349,36.2641],[-85.09093,36.26445]]]}},{"type":"Feature","properties":{"kind":"minor-water","name":"Little Piney Creek","ftype":460,"lengthKm":1.55,"hu8":"05130105","pid":"48162085"},"geometry":{"type":"MultiLineString","coordinates":[[[-85.12614,36.13562],[-85.12537,36.13574],[-85.12506,36.13511],[-85.12443,36.13488],[-85.12352,36.1353],[-85.12275,36.13613],[-85.12002,36.13568],[-85.11965,36.13714],[-85.11904,36.13769],[-85.11885,36.13844],[-85.11764,36.13889],[-85.11609,36.13999],[-85.1155,36.14121],[-85.11472,36.14181]]]}},{"type":"Feature","properties":{"kind":"minor-water","name":"Meadow Creek","ftype":460,"lengthKm":0.23,"hu8":"05130105","pid":"48161988"},"geometry":{"type":"MultiLineString","coordinates":[[[-85.16982,36.14746],[-85.16964,36.14856],[-85.17037,36.14929]]]}},{"type":"Feature","properties":{"kind":"minor-water","name":"Hurricane Creek","ftype":460,"lengthKm":0.59,"hu8":"05130105","pid":"48161972"},"geometry":{"type":"MultiLineString","coordinates":[[[-85.10898,36.14246],[-85.10816,36.14313],[-85.10893,36.14407],[-85.1075,36.14578],[-85.10611,36.146]]]}},{"type":"Feature","properties":{"kind":"minor-water","name":"Officer Branch","ftype":460,"lengthKm":0.05,"hu8":"05130105","pid":"48162204"},"geometry":{"type":"MultiLineString","coordinates":[[[-85.23621,36.13403],[-85.23567,36.1342]]]}},{"type":"Feature","properties":{"kind":"minor-water","name":"Wolf Branch","ftype":460,"lengthKm":0.57,"hu8":"05130105","pid":"48160564"},"geometry":{"type":"MultiLineString","coordinates":[[[-85.15444,36.2264],[-85.15324,36.22592],[-85.15241,36.22486],[-85.15055,36.22455],[-85.14925,36.22392]]]}},{"type":"Feature","properties":{"kind":"minor-water","name":"West Fork Obey River","ftype":460,"lengthKm":0.58,"hu8":"05130105","pid":"48161087"},"geometry":{"type":"MultiLineString","coordinates":[[[-85.1916,36.20327],[-85.19247,36.20501],[-85.19222,36.20709],[-85.19312,36.2081]]]}},{"type":"Feature","properties":{"kind":"minor-water","name":"Meadow Creek","ftype":460,"lengthKm":1,"hu8":"05130105","pid":"48162564"},"geometry":{"type":"MultiLineString","coordinates":[[[-85.1989,36.07256],[-85.19664,36.07411],[-85.19591,36.0742],[-85.19556,36.07489],[-85.19479,36.0754],[-85.19333,36.0753],[-85.19202,36.0768],[-85.19084,36.07726],[-85.19038,36.07709]]]}},{"type":"Feature","properties":{"kind":"minor-water","name":"Slate Creek","ftype":460,"lengthKm":0.36,"hu8":"05130105","pid":"48159994"},"geometry":{"type":"MultiLineString","coordinates":[[[-85.04365,36.24504],[-85.04575,36.24547],[-85.047,36.24652]]]}},{"type":"Feature","properties":{"kind":"minor-water","name":"East Fork Obey River","ftype":460,"lengthKm":0.99,"hu8":"05130105","pid":"48161863"},"geometry":{"type":"MultiLineString","coordinates":[[[-85.18643,36.15701],[-85.18418,36.15722],[-85.18125,36.15638],[-85.17947,36.15897],[-85.1794,36.16059]]]}},{"type":"Feature","properties":{"kind":"minor-water","name":"Jack Branch","ftype":460,"lengthKm":0.47,"hu8":"05130105","pid":"48161061"},"geometry":{"type":"MultiLineString","coordinates":[[[-85.09607,36.1963],[-85.09558,36.1962],[-85.09465,36.19677],[-85.09479,36.19731],[-85.09398,36.19796],[-85.09329,36.19794],[-85.09348,36.19878]]]}},{"type":"Feature","properties":{"kind":"minor-water","name":"Officer Branch","ftype":460,"lengthKm":0.91,"hu8":"05130105","pid":"48162178"},"geometry":{"type":"MultiLineString","coordinates":[[[-85.23349,36.13542],[-85.23254,36.13535],[-85.2317,36.1361],[-85.23044,36.13557],[-85.22929,36.13698],[-85.22726,36.13677],[-85.22512,36.13768]]]}},{"type":"Feature","properties":{"kind":"minor-water","name":"Garrison Branch","ftype":558,"lengthKm":0.5,"hu8":"05130105","pid":"48162009"},"geometry":{"type":"MultiLineString","coordinates":[[[-85.2324,36.15407],[-85.23187,36.15423],[-85.23126,36.15376],[-85.23147,36.15338],[-85.23329,36.15251],[-85.23323,36.15206],[-85.23243,36.15155]]]}},{"type":"Feature","properties":{"kind":"minor-water","name":"George Branch","ftype":460,"lengthKm":0.46,"hu8":"05130105","pid":"48162488"},"geometry":{"type":"MultiLineString","coordinates":[[[-85.18742,36.09793],[-85.18696,36.0982],[-85.18466,36.09805],[-85.18362,36.09862],[-85.1835,36.09937]]]}},{"type":"Feature","properties":{"kind":"minor-water","name":"Hurricane Creek","ftype":460,"lengthKm":1.75,"hu8":"05130105","pid":"48162356"},"geometry":{"type":"MultiLineString","coordinates":[[[-85.12765,36.11091],[-85.12459,36.1115],[-85.12317,36.11145],[-85.12132,36.11209],[-85.12082,36.11264],[-85.11885,36.11363],[-85.1172,36.11546],[-85.11666,36.11652],[-85.11624,36.11951],[-85.11532,36.1207]]]}},{"type":"Feature","properties":{"kind":"minor-water","name":"Little Laurel Creek","ftype":460,"lengthKm":0.78,"hu8":"05130105","pid":"48159637"},"geometry":{"type":"MultiLineString","coordinates":[[[-85.12681,36.29583],[-85.1256,36.29525],[-85.12417,36.29401],[-85.12178,36.29304],[-85.11988,36.29169]]]}},{"type":"Feature","properties":{"kind":"minor-water","name":"Officer Branch","ftype":460,"lengthKm":0.05,"hu8":"05130105","pid":"48162148"},"geometry":{"type":"MultiLineString","coordinates":[[[-85.22512,36.13768],[-85.22477,36.13797]]]}},{"type":"Feature","properties":{"kind":"minor-water","name":"West Fork Obey River","ftype":460,"lengthKm":3.69,"hu8":"05130105","pid":"48160545"},"geometry":{"type":"MultiLineString","coordinates":[[[-85.22006,36.23108],[-85.22126,36.2335],[-85.22109,36.23501],[-85.21723,36.23779],[-85.21536,36.23988],[-85.21315,36.24167],[-85.21248,36.24321],[-85.21229,36.24534],[-85.20946,36.24818],[-85.20804,36.25064],[-85.20867,36.25637],[-85.20763,36.25861],[-85.20773,36.26008]]]}},{"type":"Feature","properties":{"kind":"minor-water","name":"Slate Creek","ftype":460,"lengthKm":0.59,"hu8":"05130105","pid":"48160511"},"geometry":{"type":"MultiLineString","coordinates":[[[-85.03258,36.21589],[-85.03353,36.21734],[-85.03323,36.2183],[-85.03179,36.21964],[-85.03178,36.22054]]]}},{"type":"Feature","properties":{"kind":"minor-water","name":"Little Hurricane Creek","ftype":460,"lengthKm":0.59,"hu8":"05130105","pid":"48160821"},"geometry":{"type":"MultiLineString","coordinates":[[[-85.07969,36.2085],[-85.07915,36.20756],[-85.07745,36.20678],[-85.07413,36.20635]]]}},{"type":"Feature","properties":{"kind":"minor-water","name":"Morgan Branch","ftype":460,"lengthKm":0.21,"hu8":"05130105","pid":"48160648"},"geometry":{"type":"MultiLineString","coordinates":[[[-85.10841,36.21793],[-85.10943,36.21965]]]}},{"type":"Feature","properties":{"kind":"minor-water","name":"East Fork Obey River","ftype":558,"lengthKm":0.35,"hu8":"05130105","pid":"48160449"},"geometry":{"type":"MultiLineString","coordinates":[[[-85.12326,36.22636],[-85.1236,36.22811],[-85.12216,36.22887]]]}},{"type":"Feature","properties":{"kind":"minor-water","name":"Guffy Branch","ftype":558,"lengthKm":0.06,"hu8":"05130105","pid":"48160551"},"geometry":{"type":"MultiLineString","coordinates":[[[-85.04892,36.21524],[-85.04869,36.21576]]]}},{"type":"Feature","properties":{"kind":"minor-water","name":"East Fork Obey River","ftype":558,"lengthKm":0.27,"hu8":"05130105","pid":"48160935"},"geometry":{"type":"MultiLineString","coordinates":[[[-85.14179,36.20603],[-85.14187,36.20848]]]}},{"type":"Feature","properties":{"kind":"minor-water","name":"Garrison Branch","ftype":460,"lengthKm":0.85,"hu8":"05130105","pid":"48161947"},"geometry":{"type":"MultiLineString","coordinates":[[[-85.23681,36.16152],[-85.2363,36.16032],[-85.2355,36.15967],[-85.23595,36.15876],[-85.23516,36.15722],[-85.23524,36.15663],[-85.23663,36.15469]]]}},{"type":"Feature","properties":{"kind":"minor-water","name":"Puncheon Camp Creek","ftype":460,"lengthKm":2.84,"hu8":"05130105","pid":"48159569"},"geometry":{"type":"MultiLineString","coordinates":[[[-85.26313,36.29965],[-85.26073,36.3012],[-85.25815,36.30351],[-85.25805,36.30661],[-85.25715,36.30769],[-85.25693,36.30934],[-85.25234,36.31318],[-85.24919,36.31506],[-85.24769,36.31477],[-85.24684,36.31522],[-85.24266,36.31527]]]}},{"type":"Feature","properties":{"kind":"minor-water","name":"East Fork Obey River","ftype":558,"lengthKm":0.71,"hu8":"05130105","pid":"48160337"},"geometry":{"type":"MultiLineString","coordinates":[[[-85.10533,36.23328],[-85.10459,36.2357],[-85.10308,36.23727],[-85.10326,36.23919]]]}},{"type":"Feature","properties":{"kind":"minor-water","name":"Meadow Creek","ftype":460,"lengthKm":1.17,"hu8":"05130105","pid":"48161940"},"geometry":{"type":"MultiLineString","coordinates":[[[-85.17037,36.14929],[-85.17274,36.1512],[-85.17342,36.15258],[-85.17551,36.15491],[-85.17544,36.15675],[-85.17506,36.15728],[-85.174,36.15781]]]}},{"type":"Feature","properties":{"kind":"minor-water","name":"Blaylock Branch","ftype":460,"lengthKm":1.51,"hu8":"05130105","pid":"48162244"},"geometry":{"type":"MultiLineString","coordinates":[[[-85.21756,36.13011],[-85.21719,36.13056],[-85.21689,36.13234],[-85.2152,36.13331],[-85.21525,36.13424],[-85.21171,36.13567],[-85.21012,36.13662],[-85.20939,36.13764],[-85.21002,36.13817],[-85.20854,36.13894],[-85.20791,36.13898]]]}},{"type":"Feature","properties":{"kind":"minor-water","name":"Slate Creek","ftype":460,"lengthKm":0.27,"hu8":"05130105","pid":"48160969"},"geometry":{"type":"MultiLineString","coordinates":[[[-85.03557,36.19496],[-85.03404,36.19525],[-85.03324,36.19619]]]}},{"type":"Feature","properties":{"kind":"minor-water","name":"East Fork Obey River","ftype":558,"lengthKm":0.06,"hu8":"05130105","pid":"48160240"},"geometry":{"type":"MultiLineString","coordinates":[[[-85.08129,36.23741],[-85.0808,36.2371]]]}},{"type":"Feature","properties":{"kind":"minor-water","name":"Hurricane Creek","ftype":460,"lengthKm":0.39,"hu8":"05130105","pid":"48161769"},"geometry":{"type":"MultiLineString","coordinates":[[[-85.09526,36.15394],[-85.09477,36.15448],[-85.09467,36.15575],[-85.09333,36.1569]]]}},{"type":"Feature","properties":{"kind":"minor-water","name":"Wolf Branch","ftype":460,"lengthKm":0.03,"hu8":"05130105","pid":"48160577"},"geometry":{"type":"MultiLineString","coordinates":[[[-85.14913,36.22386],[-85.14885,36.22372]]]}},{"type":"Feature","properties":{"kind":"minor-water","name":"Little Hurricane Creek","ftype":460,"lengthKm":0.73,"hu8":"05130105","pid":"48161797"},"geometry":{"type":"MultiLineString","coordinates":[[[-85.13901,36.15485],[-85.13468,36.15699],[-85.13324,36.15705],[-85.13201,36.15784]]]}},{"type":"Feature","properties":{"kind":"minor-water","name":"Looper Branch","ftype":460,"lengthKm":0.77,"hu8":"05130105","pid":"147450068"},"geometry":{"type":"MultiLineString","coordinates":[[[-85.11957,36.17931],[-85.11753,36.17935],[-85.11492,36.18052],[-85.11354,36.18052],[-85.11293,36.18105],[-85.1126,36.18203]]]}},{"type":"Feature","properties":{"kind":"minor-water","name":"Little Hurricane Creek","ftype":460,"lengthKm":0.5,"hu8":"05130105","pid":"48161257"},"geometry":{"type":"MultiLineString","coordinates":[[[-85.10704,36.18301],[-85.10647,36.18427],[-85.10534,36.18472],[-85.10474,36.18536],[-85.10316,36.18513]]]}},{"type":"Feature","properties":{"kind":"minor-water","name":"East Fork Obey River","ftype":558,"lengthKm":0.13,"hu8":"05130105","pid":"48160468"},"geometry":{"type":"MultiLineString","coordinates":[[[-85.1161,36.22512],[-85.11467,36.22514]]]}},{"type":"Feature","properties":{"kind":"minor-water","name":"Meadow Creek","ftype":558,"lengthKm":0.87,"hu8":"05130105","pid":"48162591"},"geometry":{"type":"MultiLineString","coordinates":[[[-85.19844,36.06317],[-85.19617,36.06509],[-85.19562,36.0667],[-85.19681,36.06956],[-85.19724,36.06987]]]}},{"type":"Feature","properties":{"kind":"minor-water","name":"East Fork Obey River","ftype":558,"lengthKm":0.88,"hu8":"05130105","pid":"48160230"},"geometry":{"type":"MultiLineString","coordinates":[[[-85.08849,36.24145],[-85.08717,36.24181],[-85.08618,36.24129],[-85.08413,36.24086],[-85.08251,36.23936],[-85.08129,36.23741]]]}},{"type":"Feature","properties":{"kind":"minor-water","name":"Dripping Springs Creek","ftype":460,"lengthKm":0.24,"hu8":"05130105","pid":"48162481"},"geometry":{"type":"MultiLineString","coordinates":[[[-85.2223,36.10206],[-85.22022,36.10338]]]}},{"type":"Feature","properties":{"kind":"minor-water","name":"Little Hurricane Creek","ftype":460,"lengthKm":0.18,"hu8":"05130105","pid":"48160793"},"geometry":{"type":"MultiLineString","coordinates":[[[-85.08116,36.20774],[-85.08072,36.20782],[-85.08014,36.20854],[-85.07969,36.2085]]]}},{"type":"Feature","properties":{"kind":"minor-water","name":"Hurricane Creek","ftype":460,"lengthKm":0.08,"hu8":"05130105","pid":"48161333"},"geometry":{"type":"MultiLineString","coordinates":[[[-85.07994,36.17712],[-85.07903,36.17732]]]}},{"type":"Feature","properties":{"kind":"minor-water","name":"Piney Creek","ftype":460,"lengthKm":0.08,"hu8":"05130105","pid":"48162267"},"geometry":{"type":"MultiLineString","coordinates":[[[-85.14761,36.12218],[-85.14689,36.12259]]]}},{"type":"Feature","properties":{"kind":"minor-water","name":"Polebridge Branch","ftype":460,"lengthKm":0.47,"hu8":"05130105","pid":"48161967"},"geometry":{"type":"MultiLineString","coordinates":[[[-85.2416,36.15495],[-85.24058,36.15455],[-85.23887,36.15467],[-85.23803,36.1543],[-85.23663,36.15469]]]}},{"type":"Feature","properties":{"kind":"minor-water","name":"Slate Creek","ftype":460,"lengthKm":0.53,"hu8":"05130105","pid":"48160387"},"geometry":{"type":"MultiLineString","coordinates":[[[-85.03362,36.22367],[-85.03276,36.22403],[-85.03204,36.22381],[-85.03156,36.22486],[-85.03167,36.22555],[-85.03272,36.22574],[-85.03291,36.22644]]]}},{"type":"Feature","properties":{"kind":"minor-water","name":"Bear Branch","ftype":460,"lengthKm":1.2,"hu8":"05130105","pid":"48160440"},"geometry":{"type":"MultiLineString","coordinates":[[[-85.09638,36.22554],[-85.09445,36.22805],[-85.09299,36.22933],[-85.09134,36.23201],[-85.08778,36.23326]]]}},{"type":"Feature","properties":{"kind":"minor-water","name":"Hurricane Creek","ftype":460,"lengthKm":0.28,"hu8":"05130105","pid":"48160580"},"geometry":{"type":"MultiLineString","coordinates":[[[-85.07406,36.21686],[-85.07288,36.2192]]]}},{"type":"Feature","properties":{"kind":"minor-water","name":"Scott Branch","ftype":460,"lengthKm":1.18,"hu8":"05130105","pid":"48159794"},"geometry":{"type":"MultiLineString","coordinates":[[[-85.16441,36.27931],[-85.16412,36.28265],[-85.16457,36.28556],[-85.16514,36.28612],[-85.16586,36.28914],[-85.16572,36.28967]]]}},{"type":"Feature","properties":{"kind":"minor-water","name":"West Fork Obey River","ftype":460,"lengthKm":0.03,"hu8":"05130105","pid":"48159989"},"geometry":{"type":"MultiLineString","coordinates":[[[-85.20773,36.26008],[-85.20747,36.26026]]]}},{"type":"Feature","properties":{"kind":"minor-water","name":"Officer Branch","ftype":460,"lengthKm":0.59,"hu8":"05130105","pid":"48162269"},"geometry":{"type":"MultiLineString","coordinates":[[[-85.24692,36.13118],[-85.24561,36.1314],[-85.24234,36.13276],[-85.24079,36.13286]]]}},{"type":"Feature","properties":{"kind":"minor-water","name":"Piney Creek","ftype":460,"lengthKm":0.94,"hu8":"05130105","pid":"48162280"},"geometry":{"type":"MultiLineString","coordinates":[[[-85.14689,36.12259],[-85.14566,36.12357],[-85.14516,36.12309],[-85.14493,36.1218],[-85.14361,36.12187],[-85.14256,36.12132],[-85.14094,36.12193],[-85.13895,36.12168]]]}},{"type":"Feature","properties":{"kind":"minor-water","name":"Johnson Mill Branch","ftype":460,"lengthKm":0.55,"hu8":"05130105","pid":"48160107"},"geometry":{"type":"MultiLineString","coordinates":[[[-85.01123,36.23603],[-85.01725,36.23701]]]}},{"type":"Feature","properties":{"kind":"minor-water","name":"Meadow Creek","ftype":460,"lengthKm":0.4,"hu8":"05130105","pid":"48162635"},"geometry":{"type":"MultiLineString","coordinates":[[[-85.21034,36.05424],[-85.21082,36.05631],[-85.21031,36.05773]]]}},{"type":"Feature","properties":{"kind":"minor-water","name":"Meadow Creek","ftype":460,"lengthKm":0.3,"hu8":"05130105","pid":"48162556"},"geometry":{"type":"MultiLineString","coordinates":[[[-85.19038,36.07709],[-85.18975,36.07793],[-85.1878,36.07715]]]}},{"type":"Feature","properties":{"kind":"minor-water","name":"Wolf Branch","ftype":460,"lengthKm":0.1,"hu8":"05130105","pid":"48160754"},"geometry":{"type":"MultiLineString","coordinates":[[[-85.13886,36.21487],[-85.13793,36.21437]]]}},{"type":"Feature","properties":{"kind":"minor-water","name":"Hurricane Creek","ftype":558,"lengthKm":0.61,"hu8":"05130105","pid":"48162400"},"geometry":{"type":"MultiLineString","coordinates":[[[-85.14117,36.10908],[-85.14082,36.10867],[-85.14012,36.10866],[-85.13732,36.10941],[-85.13519,36.10825]]]}},{"type":"Feature","properties":{"kind":"minor-water","name":"Cub Creek","ftype":460,"lengthKm":1.04,"hu8":"05130105","pid":"48159701"},"geometry":{"type":"MultiLineString","coordinates":[[[-85.14562,36.28804],[-85.14544,36.2893],[-85.14851,36.29193],[-85.14873,36.2939],[-85.15056,36.29591]]]}},{"type":"Feature","properties":{"kind":"minor-water","name":"Looper Branch","ftype":460,"lengthKm":0.63,"hu8":"05130105","pid":"48161287"},"geometry":{"type":"MultiLineString","coordinates":[[[-85.1126,36.18203],[-85.11161,36.1829],[-85.11054,36.18205],[-85.109,36.18195],[-85.10838,36.18216],[-85.10789,36.18284],[-85.10704,36.18301]]]}},{"type":"Feature","properties":{"kind":"minor-water","name":"Slate Creek","ftype":460,"lengthKm":0.82,"hu8":"05130105","pid":"48161208"},"geometry":{"type":"MultiLineString","coordinates":[[[-85.04944,36.18062],[-85.04878,36.1838],[-85.04768,36.18503],[-85.04739,36.18631],[-85.04659,36.18748]]]}},{"type":"Feature","properties":{"kind":"minor-water","name":"Meadow Creek","ftype":460,"lengthKm":0.33,"hu8":"05130105","pid":"48162479"},"geometry":{"type":"MultiLineString","coordinates":[[[-85.1835,36.09937],[-85.18388,36.09992],[-85.18373,36.10053],[-85.18182,36.10125]]]}},{"type":"Feature","properties":{"kind":"minor-water","name":"East Fork Obey River","ftype":558,"lengthKm":0.28,"hu8":"05130105","pid":"48159631"},"geometry":{"type":"MultiLineString","coordinates":[[[-85.02494,36.28565],[-85.02295,36.28632],[-85.02258,36.28701]]]}},{"type":"Feature","properties":{"kind":"minor-water","name":"Marlow Branch","ftype":460,"lengthKm":0.66,"hu8":"05130105","pid":"48160335"},"geometry":{"type":"MultiLineString","coordinates":[[[-85.02107,36.22755],[-85.02336,36.2275],[-85.02813,36.22623]]]}},{"type":"Feature","properties":{"kind":"minor-water","name":"Little Indian Creek","ftype":460,"lengthKm":0.29,"hu8":"05130105","pid":"48160194"},"geometry":{"type":"MultiLineString","coordinates":[[[-85.11339,36.24337],[-85.1118,36.24269],[-85.11035,36.24266]]]}},{"type":"Feature","properties":{"kind":"minor-water","name":"Whiteoak Branch","ftype":460,"lengthKm":0.52,"hu8":"05130105","pid":"48160718"},"geometry":{"type":"MultiLineString","coordinates":[[[-85.09836,36.2131],[-85.09379,36.21596]]]}},{"type":"Feature","properties":{"kind":"minor-water","name":"Austin Branch","ftype":460,"lengthKm":0.7,"hu8":"05130105","pid":"48161142"},"geometry":{"type":"MultiLineString","coordinates":[[[-85.1546,36.19709],[-85.15163,36.19589],[-85.15039,36.19597],[-85.14896,36.19566],[-85.14734,36.19619]]]}},{"type":"Feature","properties":{"kind":"minor-water","name":"Bartlett Creek","ftype":460,"lengthKm":0.78,"hu8":"05130105","pid":"48162446"},"geometry":{"type":"MultiLineString","coordinates":[[[-85.14522,36.10101],[-85.14222,36.10228],[-85.14039,36.10265],[-85.1387,36.10385],[-85.13818,36.10468]]]}},{"type":"Feature","properties":{"kind":"minor-water","name":"Sunk Cane Branch","ftype":460,"lengthKm":0.47,"hu8":"05130105","pid":"48160374"},"geometry":{"type":"MultiLineString","coordinates":[[[-85.17644,36.23861],[-85.17903,36.23796],[-85.1816,36.23805]]]}},{"type":"Feature","properties":{"kind":"minor-water","name":"Lick Branch","ftype":558,"lengthKm":0,"hu8":"05130105","pid":"48160787"},"geometry":{"type":"MultiLineString","coordinates":[[[-85.12941,36.21247],[-85.12941,36.2125]]]}},{"type":"Feature","properties":{"kind":"minor-water","name":"Dennis Branch","ftype":558,"lengthKm":0.01,"hu8":"05130105","pid":"48160925"},"geometry":{"type":"MultiLineString","coordinates":[[[-85.14213,36.2066],[-85.14206,36.20659]]]}},{"type":"Feature","properties":{"kind":"minor-water","name":"Meadow Creek","ftype":460,"lengthKm":1.39,"hu8":"05130105","pid":"48162155"},"geometry":{"type":"MultiLineString","coordinates":[[[-85.1778,36.13271],[-85.17715,36.13405],[-85.17585,36.13492],[-85.17577,36.1359],[-85.17727,36.1373],[-85.17963,36.13826],[-85.17985,36.1389],[-85.17752,36.13991],[-85.17523,36.13939]]]}},{"type":"Feature","properties":{"kind":"minor-water","name":"Slate Creek","ftype":460,"lengthKm":0.39,"hu8":"05130105","pid":"48160432"},"geometry":{"type":"MultiLineString","coordinates":[[[-85.03178,36.22054],[-85.03243,36.22106],[-85.03362,36.22367]]]}},{"type":"Feature","properties":{"kind":"minor-water","name":"Dennis Branch","ftype":460,"lengthKm":1.52,"hu8":"05130105","pid":"48160928"},"geometry":{"type":"MultiLineString","coordinates":[[[-85.15778,36.21054],[-85.15418,36.20932],[-85.15348,36.20848],[-85.1515,36.20766],[-85.14989,36.20758],[-85.14446,36.20647],[-85.14213,36.2066]]]}},{"type":"Feature","properties":{"kind":"minor-water","name":"Big Laurel Creek","ftype":460,"lengthKm":0.64,"hu8":"05130105","pid":"48159842"},"geometry":{"type":"MultiLineString","coordinates":[[[-85.14691,36.27316],[-85.14443,36.27235],[-85.14323,36.27229],[-85.1402,36.2732]]]}},{"type":"Feature","properties":{"kind":"minor-water","name":"Hurricane Creek","ftype":460,"lengthKm":1.12,"hu8":"05130105","pid":"48161025"},"geometry":{"type":"MultiLineString","coordinates":[[[-85.06859,36.19537],[-85.06945,36.19596],[-85.07083,36.19587],[-85.07129,36.19659],[-85.07123,36.19783],[-85.07332,36.19829],[-85.07259,36.20117],[-85.07299,36.20248]]]}},{"type":"Feature","properties":{"kind":"minor-water","name":"Buck Branch","ftype":460,"lengthKm":1.77,"hu8":"05130105","pid":"48162449"},"geometry":{"type":"MultiLineString","coordinates":[[[-85.20517,36.10643],[-85.20446,36.10712],[-85.20346,36.10746],[-85.2031,36.10823],[-85.20142,36.10976],[-85.19848,36.1115],[-85.19732,36.11162],[-85.19541,36.11102],[-85.1946,36.11123],[-85.19277,36.11249],[-85.1921,36.11332],[-85.18965,36.114]]]}},{"type":"Feature","properties":{"kind":"minor-water","name":"Hurricane Creek","ftype":460,"lengthKm":0.27,"hu8":"05130105","pid":"48161070"},"geometry":{"type":"MultiLineString","coordinates":[[[-85.06783,36.1931],[-85.06773,36.19415],[-85.06859,36.19537]]]}},{"type":"Feature","properties":{"kind":"minor-water","name":"Hurricane Creek","ftype":460,"lengthKm":0.84,"hu8":"05130105","pid":"48161155"},"geometry":{"type":"MultiLineString","coordinates":[[[-85.06676,36.18628],[-85.06557,36.18781],[-85.06552,36.18867],[-85.06634,36.18961],[-85.06652,36.1912],[-85.06783,36.1931]]]}},{"type":"Feature","properties":{"kind":"minor-water","name":"East Fork Obey River","ftype":558,"lengthKm":0.56,"hu8":"05130105","pid":"48159612"},"geometry":{"type":"MultiLineString","coordinates":[[[-85.0229,36.28818],[-85.02315,36.28885],[-85.02263,36.28976],[-85.01946,36.29194]]]}},{"type":"Feature","properties":{"kind":"minor-water","name":"East Fork Obey River","ftype":558,"lengthKm":0.78,"hu8":"05130105","pid":"48160274"},"geometry":{"type":"MultiLineString","coordinates":[[[-85.0808,36.2371],[-85.0782,36.23546],[-85.07755,36.23554],[-85.07618,36.23645],[-85.07338,36.23568]]]}},{"type":"Feature","properties":{"kind":"minor-water","name":"Marlow Branch","ftype":460,"lengthKm":0.45,"hu8":"05130105","pid":"48160345"},"geometry":{"type":"MultiLineString","coordinates":[[[-85.02813,36.22623],[-85.0296,36.22614],[-85.03162,36.22679],[-85.03291,36.22644]]]}},{"type":"Feature","properties":{"kind":"minor-water","name":"Piney Creek","ftype":460,"lengthKm":0.74,"hu8":"05130105","pid":"48162277"},"geometry":{"type":"MultiLineString","coordinates":[[[-85.15398,36.1238],[-85.15099,36.12371],[-85.1508,36.12241],[-85.15038,36.1221],[-85.14896,36.12267],[-85.14761,36.12218]]]}},{"type":"Feature","properties":{"kind":"minor-water","name":"East Fork Obey River","ftype":558,"lengthKm":1.54,"hu8":"05130105","pid":"48161533"},"geometry":{"type":"MultiLineString","coordinates":[[[-85.16418,36.17253],[-85.16231,36.17403],[-85.16216,36.1746],[-85.16285,36.17503],[-85.16526,36.17466],[-85.16592,36.17494],[-85.16605,36.17578],[-85.16534,36.17759],[-85.16544,36.17855],[-85.16598,36.18019],[-85.16748,36.18228]]]}},{"type":"Feature","properties":{"kind":"minor-water","name":"Snap Branch","ftype":558,"lengthKm":0.01,"hu8":"05130105","pid":"48159735"},"geometry":{"type":"MultiLineString","coordinates":[[[-85.04432,36.27641],[-85.04423,36.27641]]]}},{"type":"Feature","properties":{"kind":"minor-water","name":"East Fork Obey River","ftype":558,"lengthKm":0.28,"hu8":"05130105","pid":"48160039"},"geometry":{"type":"MultiLineString","coordinates":[[[-85.05822,36.24316],[-85.05725,36.24411],[-85.05565,36.24392]]]}},{"type":"Feature","properties":{"kind":"minor-water","name":"East Fork Obey River","ftype":558,"lengthKm":0.6,"hu8":"05130105","pid":"48160234"},"geometry":{"type":"MultiLineString","coordinates":[[[-85.10326,36.23919],[-85.10083,36.24082],[-85.09937,36.24342]]]}},{"type":"Feature","properties":{"kind":"minor-water","name":"Little Hurricane Creek","ftype":460,"lengthKm":1.86,"hu8":"05130105","pid":"48161443"},"geometry":{"type":"MultiLineString","coordinates":[[[-85.11407,36.17208],[-85.11215,36.17371],[-85.11031,36.17438],[-85.1071,36.17476],[-85.10624,36.17458],[-85.10555,36.17497],[-85.10567,36.17664],[-85.10674,36.17715],[-85.10691,36.1777],[-85.10629,36.18041],[-85.10686,36.18095],[-85.10672,36.18207],[-85.10704,36.18301]]]}},{"type":"Feature","properties":{"kind":"minor-water","name":"Marlow Branch","ftype":460,"lengthKm":0.47,"hu8":"05130105","pid":"48160324"},"geometry":{"type":"MultiLineString","coordinates":[[[-85.01436,36.22568],[-85.01643,36.22599],[-85.01736,36.22691],[-85.01895,36.22717]]]}},{"type":"Feature","properties":{"kind":"minor-water","name":"Meadow Creek","ftype":460,"lengthKm":0.43,"hu8":"05130105","pid":"48162234"},"geometry":{"type":"MultiLineString","coordinates":[[[-85.18576,36.12805],[-85.18587,36.12935],[-85.18277,36.12974]]]}},{"type":"Feature","properties":{"kind":"minor-water","name":"Whiteoak Branch","ftype":460,"lengthKm":1.62,"hu8":"05130105","pid":"48160495"},"geometry":{"type":"MultiLineString","coordinates":[[[-85.08245,36.22111],[-85.08042,36.22244],[-85.07824,36.2257],[-85.07656,36.2265],[-85.07512,36.22763],[-85.07442,36.22779],[-85.07255,36.22739],[-85.07058,36.22836],[-85.06868,36.22877]]]}},{"type":"Feature","properties":{"kind":"minor-water","name":"Little Hurricane Creek","ftype":460,"lengthKm":0.52,"hu8":"05130105","pid":"48160940"},"geometry":{"type":"MultiLineString","coordinates":[[[-85.08947,36.20113],[-85.08749,36.20278],[-85.08574,36.20282],[-85.08463,36.20323]]]}},{"type":"Feature","properties":{"kind":"minor-water","name":"Whiteoak Branch","ftype":460,"lengthKm":0.39,"hu8":"05130105","pid":"48160144"},"geometry":{"type":"MultiLineString","coordinates":[[[-85.14516,36.24688],[-85.14288,36.24986]]]}},{"type":"Feature","properties":{"kind":"minor-water","name":"Dripping Springs Creek","ftype":460,"lengthKm":1.26,"hu8":"05130105","pid":"48162411"},"geometry":{"type":"MultiLineString","coordinates":[[[-85.2101,36.11376],[-85.20864,36.11398],[-85.20699,36.11496],[-85.20512,36.11658],[-85.20449,36.11769],[-85.20453,36.11914],[-85.20405,36.12014],[-85.20262,36.12008],[-85.20183,36.12058],[-85.20116,36.12054]]]}},{"type":"Feature","properties":{"kind":"minor-water","name":"Lick Branch","ftype":460,"lengthKm":0.61,"hu8":"05130105","pid":"48160960"},"geometry":{"type":"MultiLineString","coordinates":[[[-85.12311,36.19974],[-85.12246,36.20159],[-85.12349,36.20293],[-85.12529,36.20422]]]}},{"type":"Feature","properties":{"kind":"minor-water","name":"Meadow Creek","ftype":558,"lengthKm":0.37,"hu8":"05130105","pid":"48162599"},"geometry":{"type":"MultiLineString","coordinates":[[[-85.20679,36.06288],[-85.20527,36.06393],[-85.20314,36.0639]]]}},{"type":"Feature","properties":{"kind":"minor-water","name":"Flintrock Branch","ftype":460,"lengthKm":1.12,"hu8":"05130105","pid":"48161722"},"geometry":{"type":"MultiLineString","coordinates":[[[-85.12558,36.15681],[-85.12509,36.15774],[-85.12481,36.15965],[-85.12294,36.16042],[-85.12247,36.16091],[-85.12187,36.16213],[-85.12198,36.16373],[-85.12064,36.1653]]]}},{"type":"Feature","properties":{"kind":"minor-water","name":"Hurricane Creek","ftype":460,"lengthKm":0.06,"hu8":"05130105","pid":"48161163"},"geometry":{"type":"MultiLineString","coordinates":[[[-85.06665,36.18579],[-85.06676,36.18628]]]}},{"type":"Feature","properties":{"kind":"minor-water","name":"West Fork Obey River","ftype":460,"lengthKm":0.76,"hu8":"05130105","pid":"48160902"},"geometry":{"type":"MultiLineString","coordinates":[[[-85.20742,36.21435],[-85.20848,36.21561],[-85.20784,36.2189],[-85.20808,36.22007],[-85.20866,36.22075]]]}},{"type":"Feature","properties":{"kind":"minor-water","name":"Officer Branch","ftype":460,"lengthKm":1.2,"hu8":"05130105","pid":"48162134"},"geometry":{"type":"MultiLineString","coordinates":[[[-85.22277,36.14012],[-85.22228,36.14048],[-85.22161,36.14035],[-85.22148,36.13955],[-85.22062,36.14053],[-85.21947,36.14101],[-85.21924,36.14242],[-85.21801,36.14279],[-85.21722,36.14373],[-85.21615,36.14367],[-85.21523,36.1442],[-85.2138,36.14363]]]}},{"type":"Feature","properties":{"kind":"minor-water","name":"Little Indian Creek","ftype":460,"lengthKm":0.52,"hu8":"05130105","pid":"48160110"},"geometry":{"type":"MultiLineString","coordinates":[[[-85.1358,36.24859],[-85.13137,36.24733],[-85.13051,36.24682]]]}},{"type":"Feature","properties":{"kind":"minor-water","name":"Big Laurel Creek","ftype":460,"lengthKm":1.17,"hu8":"05130105","pid":"48159858"},"geometry":{"type":"MultiLineString","coordinates":[[[-85.11909,36.26787],[-85.11465,36.26693],[-85.11412,36.26724],[-85.11403,36.26863],[-85.11296,36.26886],[-85.11219,36.26862],[-85.11135,36.26777],[-85.10853,36.26758]]]}},{"type":"Feature","properties":{"kind":"minor-water","name":"Hurricane Creek","ftype":460,"lengthKm":0.15,"hu8":"05130105","pid":"48161376"},"geometry":{"type":"MultiLineString","coordinates":[[[-85.0855,36.17486],[-85.08397,36.17537]]]}},{"type":"Feature","properties":{"kind":"minor-water","name":"Bullpen Branch","ftype":460,"lengthKm":1.01,"hu8":"05130105","pid":"48162082"},"geometry":{"type":"MultiLineString","coordinates":[[[-85.24159,36.14586],[-85.24003,36.14662],[-85.23899,36.14758],[-85.23628,36.1479],[-85.23497,36.14981],[-85.23289,36.15086]]]}},{"type":"Feature","properties":{"kind":"minor-water","name":"Steward Fork","ftype":460,"lengthKm":0.76,"hu8":"05130105","pid":"48162096"},"geometry":{"type":"MultiLineString","coordinates":[[[-85.1558,36.13697],[-85.1565,36.13778],[-85.16133,36.13999],[-85.16261,36.14094]]]}},{"type":"Feature","properties":{"kind":"minor-water","name":"Dripping Springs Creek","ftype":460,"lengthKm":0.07,"hu8":"05130105","pid":"48162450"},"geometry":{"type":"MultiLineString","coordinates":[[[-85.2135,36.10692],[-85.21291,36.10738]]]}},{"type":"Feature","properties":{"kind":"minor-water","name":"Big Laurel Creek","ftype":460,"lengthKm":1.22,"hu8":"05130105","pid":"48159851"},"geometry":{"type":"MultiLineString","coordinates":[[[-85.10853,36.26758],[-85.10513,36.26806],[-85.10224,36.26759],[-85.10024,36.26804],[-85.09839,36.26689],[-85.09724,36.26745],[-85.09575,36.26754]]]}},{"type":"Feature","properties":{"kind":"minor-water","name":"East Fork Obey River","ftype":460,"lengthKm":0.29,"hu8":"05130105","pid":"48162048"},"geometry":{"type":"MultiLineString","coordinates":[[[-85.21044,36.14574],[-85.2096,36.14522],[-85.20829,36.14545],[-85.20756,36.14514]]]}},{"type":"Feature","properties":{"kind":"minor-water","name":"Big Laurel Creek","ftype":460,"lengthKm":0.03,"hu8":"05130105","pid":"48159826"},"geometry":{"type":"MultiLineString","coordinates":[[[-85.1402,36.2732],[-85.13989,36.27333]]]}},{"type":"Feature","properties":{"kind":"minor-water","name":"Officer Branch","ftype":460,"lengthKm":0.11,"hu8":"05130105","pid":"48162236"},"geometry":{"type":"MultiLineString","coordinates":[[[-85.24079,36.13286],[-85.23969,36.13334]]]}},{"type":"Feature","properties":{"kind":"minor-water","name":"Meadow Creek","ftype":460,"lengthKm":0.18,"hu8":"05130105","pid":"48162522"},"geometry":{"type":"MultiLineString","coordinates":[[[-85.18614,36.08845],[-85.18562,36.09003]]]}},{"type":"Feature","properties":{"kind":"minor-water","name":"East Fork Obey River","ftype":558,"lengthKm":0.22,"hu8":"05130105","pid":"48160676"},"geometry":{"type":"MultiLineString","coordinates":[[[-85.12602,36.21784],[-85.12582,36.2198]]]}},{"type":"Feature","properties":{"kind":"minor-water","name":"East Fork Obey River","ftype":558,"lengthKm":0.44,"hu8":"05130105","pid":"48161167"},"geometry":{"type":"MultiLineString","coordinates":[[[-85.14998,36.19344],[-85.14834,36.19326],[-85.14771,36.19349],[-85.14732,36.19399],[-85.14722,36.19549]]]}},{"type":"Feature","properties":{"kind":"minor-water","name":"Service Branch","ftype":460,"lengthKm":0.7,"hu8":"05130105","pid":"48161403"},"geometry":{"type":"MultiLineString","coordinates":[[[-85.17508,36.1815],[-85.17138,36.18259],[-85.16753,36.18228]]]}},{"type":"Feature","properties":{"kind":"minor-water","name":"Officer Branch","ftype":460,"lengthKm":0.4,"hu8":"05130105","pid":"48162070"},"geometry":{"type":"MultiLineString","coordinates":[[[-85.21367,36.14364],[-85.21231,36.14411],[-85.21151,36.14547],[-85.21044,36.14574]]]}},{"type":"Feature","properties":{"kind":"minor-water","name":"East Fork Obey River","ftype":558,"lengthKm":0.04,"hu8":"05130105","pid":"48160625"},"geometry":{"type":"MultiLineString","coordinates":[[[-85.12496,36.22],[-85.12459,36.22013]]]}},{"type":"Feature","properties":{"kind":"minor-water","name":"Hurricane Creek","ftype":460,"lengthKm":0.42,"hu8":"05130105","pid":"48161830"},"geometry":{"type":"MultiLineString","coordinates":[[[-85.10481,36.15032],[-85.10395,36.15228],[-85.10249,36.15232],[-85.10196,36.1526]]]}},{"type":"Feature","properties":{"kind":"minor-water","name":"Hurricane Creek","ftype":460,"lengthKm":0.41,"hu8":"05130105","pid":"48161595"},"geometry":{"type":"MultiLineString","coordinates":[[[-85.09252,36.16417],[-85.0942,36.1653],[-85.09528,36.16706]]]}},{"type":"Feature","properties":{"kind":"minor-water","name":"East Fork Obey River","ftype":558,"lengthKm":0.34,"hu8":"05130105","pid":"48160569"},"geometry":{"type":"MultiLineString","coordinates":[[[-85.12279,36.22146],[-85.12181,36.22444]]]}},{"type":"Feature","properties":{"kind":"minor-water","name":"Dry Branch","ftype":558,"lengthKm":0.01,"hu8":"05130105","pid":"48159655"},"geometry":{"type":"MultiLineString","coordinates":[[[-85.19557,36.29795],[-85.1955,36.29796]]]}},{"type":"Feature","properties":{"kind":"minor-water","name":"Hurricane Creek","ftype":460,"lengthKm":0.02,"hu8":"05130105","pid":"48160330"},"geometry":{"type":"MultiLineString","coordinates":[[[-85.06678,36.23014],[-85.06682,36.23028]]]}},{"type":"Feature","properties":{"kind":"minor-water","name":"Whiteoak Branch","ftype":460,"lengthKm":0.46,"hu8":"05130105","pid":"48160743"},"geometry":{"type":"MultiLineString","coordinates":[[[-85.10288,36.21149],[-85.0997,36.21312],[-85.09836,36.2131]]]}},{"type":"Feature","properties":{"kind":"minor-water","name":"Cooper Branch","ftype":460,"lengthKm":0.64,"hu8":"05130105","pid":"48161425"},"geometry":{"type":"MultiLineString","coordinates":[[[-85.0674,36.16883],[-85.06731,36.1692],[-85.06792,36.16986],[-85.0677,36.17024],[-85.06693,36.17048],[-85.06724,36.17092],[-85.06714,36.17163],[-85.06857,36.17354]]]}},{"type":"Feature","properties":{"kind":"minor-water","name":"Little Indian Creek","ftype":460,"lengthKm":0.84,"hu8":"05130105","pid":"48160255"},"geometry":{"type":"MultiLineString","coordinates":[[[-85.11035,36.24266],[-85.10935,36.24111],[-85.1078,36.24037],[-85.1056,36.23866],[-85.10336,36.23923]]]}},{"type":"Feature","properties":{"kind":"minor-water","name":"Cooper Branch","ftype":460,"lengthKm":0.3,"hu8":"05130105","pid":"48161464"},"geometry":{"type":"MultiLineString","coordinates":[[[-85.07015,36.16734],[-85.06853,36.16847],[-85.0674,36.16883]]]}},{"type":"Feature","properties":{"kind":"minor-water","name":"Mineral Springs Branch","ftype":460,"lengthKm":1.07,"hu8":"05130105","pid":"48161849"},"geometry":{"type":"MultiLineString","coordinates":[[[-85.22427,36.16285],[-85.21699,36.16231],[-85.21537,36.16156],[-85.21377,36.15973]]]}},{"type":"Feature","properties":{"kind":"minor-water","name":"Wolf Branch","ftype":460,"lengthKm":0.36,"hu8":"05130105","pid":"48160630"},"geometry":{"type":"MultiLineString","coordinates":[[[-85.14885,36.22372],[-85.1457,36.22177]]]}},{"type":"Feature","properties":{"kind":"minor-water","name":"West Fork Obey River","ftype":558,"lengthKm":0.01,"hu8":"05130105","pid":"48159890"},"geometry":{"type":"MultiLineString","coordinates":[[[-85.19967,36.27209],[-85.19954,36.27211]]]}},{"type":"Feature","properties":{"kind":"minor-water","name":"East Fork Obey River","ftype":558,"lengthKm":0.42,"hu8":"05130105","pid":"48159970"},"geometry":{"type":"MultiLineString","coordinates":[[[-85.04707,36.24651],[-85.04599,36.24917],[-85.04642,36.25007]]]}},{"type":"Feature","properties":{"kind":"minor-water","name":"Steward Fork","ftype":460,"lengthKm":0.83,"hu8":"05130105","pid":"48162099"},"geometry":{"type":"MultiLineString","coordinates":[[[-85.14816,36.14071],[-85.1508,36.13913],[-85.15243,36.13874],[-85.15413,36.13725],[-85.1558,36.13697]]]}},{"type":"Feature","properties":{"kind":"minor-water","name":"Marth Branch","ftype":460,"lengthKm":1.01,"hu8":"05130105","pid":"48162211"},"geometry":{"type":"MultiLineString","coordinates":[[[-85.16297,36.13014],[-85.16594,36.12927],[-85.16734,36.12788],[-85.16802,36.12771],[-85.17244,36.12989]]]}},{"type":"Feature","properties":{"kind":"minor-water","name":"Hurricane Creek","ftype":460,"lengthKm":0.15,"hu8":"05130105","pid":"48162371"},"geometry":{"type":"MultiLineString","coordinates":[[[-85.12914,36.11038],[-85.12765,36.11091]]]}},{"type":"Feature","properties":{"kind":"minor-water","name":"Garrison Branch","ftype":460,"lengthKm":1.14,"hu8":"05130105","pid":"48161860"},"geometry":{"type":"MultiLineString","coordinates":[[[-85.24196,36.16995],[-85.24241,36.1695],[-85.2425,36.16826],[-85.2418,36.16641],[-85.23928,36.16345],[-85.23813,36.16269],[-85.23779,36.16197],[-85.23681,36.16152]]]}},{"type":"Feature","properties":{"kind":"minor-water","name":"East Fork Obey River","ftype":558,"lengthKm":0.6,"hu8":"05130105","pid":"48160470"},"geometry":{"type":"MultiLineString","coordinates":[[[-85.11981,36.22934],[-85.11879,36.22904],[-85.11803,36.22839],[-85.1161,36.22512]]]}},{"type":"Feature","properties":{"kind":"minor-water","name":"West Fork Obey River","ftype":558,"lengthKm":0.15,"hu8":"05130105","pid":"48159877"},"geometry":{"type":"MultiLineString","coordinates":[[[-85.19931,36.27282],[-85.19936,36.2742]]]}},{"type":"Feature","properties":{"kind":"minor-water","name":"Lick Hollow Branch","ftype":460,"lengthKm":1.13,"hu8":"05130105","pid":"48160079"},"geometry":{"type":"MultiLineString","coordinates":[[[-85.17555,36.25207],[-85.17728,36.25336],[-85.17978,36.25376],[-85.18052,36.25412],[-85.18241,36.25424],[-85.1841,36.25474],[-85.18483,36.25553],[-85.18566,36.25523],[-85.18655,36.25552]]]}},{"type":"Feature","properties":{"kind":"minor-water","name":"Little Hurricane Creek","ftype":460,"lengthKm":0.71,"hu8":"05130105","pid":"48161005"},"geometry":{"type":"MultiLineString","coordinates":[[[-85.09348,36.19878],[-85.09399,36.19886],[-85.09361,36.20064],[-85.09246,36.20057],[-85.09219,36.19958],[-85.09185,36.19941],[-85.09143,36.20009],[-85.09087,36.20012],[-85.09068,36.20075]]]}},{"type":"Feature","properties":{"kind":"minor-water","name":"Piney Creek","ftype":460,"lengthKm":1.74,"hu8":"05130105","pid":"48162188"},"geometry":{"type":"MultiLineString","coordinates":[[[-85.12965,36.12606],[-85.12846,36.12511],[-85.12683,36.12596],[-85.12609,36.12469],[-85.12126,36.124],[-85.11879,36.12381],[-85.11661,36.12421],[-85.11572,36.12378],[-85.11524,36.12294],[-85.11387,36.1227],[-85.1133,36.12223]]]}},{"type":"Feature","properties":{"kind":"minor-water","name":"Bill Branch","ftype":460,"lengthKm":1.27,"hu8":"05130105","pid":"48161311"},"geometry":{"type":"MultiLineString","coordinates":[[[-85.17329,36.19102],[-85.1718,36.18994],[-85.16795,36.18876],[-85.16137,36.18501]]]}},{"type":"Feature","properties":{"kind":"minor-water","name":"George Branch","ftype":460,"lengthKm":2.42,"hu8":"05130105","pid":"48162517"},"geometry":{"type":"MultiLineString","coordinates":[[[-85.20253,36.09205],[-85.2015,36.09211],[-85.20102,36.09287],[-85.20119,36.09333],[-85.20226,36.09353],[-85.20118,36.0944],[-85.20152,36.09541],[-85.19978,36.09534],[-85.19909,36.09459],[-85.19823,36.0947],[-85.1978,36.09369],[-85.19545,36.09403],[-85.19294,36.09479],[-85.19228,36.09536],[-85.19179,36.09451],[-85.19137,36.09444],[-85.19042,36.0956],[-85.19093,36.0965],[-85.18941,36.09748],[-85.18834,36.09707],[-85.18752,36.09748],[-85.18742,36.09793]]]}},{"type":"Feature","properties":{"kind":"minor-water","name":"Little Indian Creek","ftype":460,"lengthKm":0.82,"hu8":"05130105","pid":"48160055"},"geometry":{"type":"MultiLineString","coordinates":[[[-85.14807,36.25542],[-85.14616,36.25386],[-85.14523,36.2535],[-85.14516,36.25284],[-85.14424,36.25239],[-85.14368,36.25084],[-85.14288,36.24986]]]}},{"type":"Feature","properties":{"kind":"minor-water","name":"East Fork Obey River","ftype":558,"lengthKm":0.28,"hu8":"05130105","pid":"48160993"},"geometry":{"type":"MultiLineString","coordinates":[[[-85.14199,36.20364],[-85.14145,36.20502],[-85.14179,36.20603]]]}},{"type":"Feature","properties":{"kind":"minor-water","name":"Guffy Branch","ftype":460,"lengthKm":0.63,"hu8":"05130105","pid":"48160700"},"geometry":{"type":"MultiLineString","coordinates":[[[-85.05104,36.20997],[-85.0509,36.2117],[-85.04956,36.21342],[-85.04892,36.21524]]]}},{"type":"Feature","properties":{"kind":"minor-water","name":"Little Piney Creek","ftype":460,"lengthKm":0.41,"hu8":"05130105","pid":"48162079"},"geometry":{"type":"MultiLineString","coordinates":[[[-85.12825,36.13778],[-85.12668,36.13737],[-85.12658,36.13701],[-85.12713,36.13615],[-85.12681,36.13575],[-85.12614,36.13562]]]}},{"type":"Feature","properties":{"kind":"minor-water","name":"Meadow Creek","ftype":460,"lengthKm":0.86,"hu8":"05130105","pid":"48162092"},"geometry":{"type":"MultiLineString","coordinates":[[[-85.17523,36.13939],[-85.17484,36.14002],[-85.17697,36.14372],[-85.17932,36.14592]]]}},{"type":"Feature","properties":{"kind":"minor-water","name":"Hurricane Creek","ftype":460,"lengthKm":0.28,"hu8":"05130105","pid":"48160867"},"geometry":{"type":"MultiLineString","coordinates":[[[-85.07461,36.20386],[-85.07419,36.20483],[-85.07413,36.20635]]]}},{"type":"Feature","properties":{"kind":"minor-water","name":"Jack Branch","ftype":460,"lengthKm":0.75,"hu8":"05130105","pid":"48161101"},"geometry":{"type":"MultiLineString","coordinates":[[[-85.10356,36.19367],[-85.09874,36.19537],[-85.09738,36.19547],[-85.09669,36.19618],[-85.09607,36.1963]]]}},{"type":"Feature","properties":{"kind":"minor-water","name":"Long Branch","ftype":460,"lengthKm":2.11,"hu8":"05130105","pid":"48161227"},"geometry":{"type":"MultiLineString","coordinates":[[[-85.1786,36.2086],[-85.17743,36.20583],[-85.17839,36.20332],[-85.17825,36.19919],[-85.17663,36.19641],[-85.17623,36.19458],[-85.17448,36.19298],[-85.17453,36.19249],[-85.17329,36.19102]]]}},{"type":"Feature","properties":{"kind":"minor-water","name":"Mineral Springs Branch","ftype":460,"lengthKm":0.11,"hu8":"05130105","pid":"48161875"},"geometry":{"type":"MultiLineString","coordinates":[[[-85.21377,36.15973],[-85.21348,36.15877]]]}},{"type":"Feature","properties":{"kind":"minor-water","name":"Wolf Branch","ftype":460,"lengthKm":0.05,"hu8":"05130105","pid":"48160530"},"geometry":{"type":"MultiLineString","coordinates":[[[-85.155,36.22655],[-85.15444,36.2264]]]}},{"type":"Feature","properties":{"kind":"minor-water","name":"Officer Branch","ftype":460,"lengthKm":0.25,"hu8":"05130105","pid":"48162201"},"geometry":{"type":"MultiLineString","coordinates":[[[-85.23567,36.1342],[-85.23405,36.13473],[-85.23349,36.13542]]]}},{"type":"Feature","properties":{"kind":"minor-water","name":"Meadow Creek","ftype":460,"lengthKm":0.77,"hu8":"05130105","pid":"48162281"},"geometry":{"type":"MultiLineString","coordinates":[[[-85.18215,36.12417],[-85.18139,36.1249],[-85.18108,36.12591],[-85.18127,36.12643],[-85.18166,36.12664],[-85.18301,36.12637],[-85.18429,36.12667],[-85.18576,36.12805]]]}},{"type":"Feature","properties":{"kind":"minor-water","name":"Hurricane Creek","ftype":460,"lengthKm":0.91,"hu8":"05130105","pid":"48160517"},"geometry":{"type":"MultiLineString","coordinates":[[[-85.07288,36.2192],[-85.07087,36.22373],[-85.07037,36.22401],[-85.06834,36.22416],[-85.0676,36.22525]]]}},{"type":"Feature","properties":{"kind":"minor-water","name":"Whiteoak Branch","ftype":460,"lengthKm":0.87,"hu8":"05130105","pid":"48160619"},"geometry":{"type":"MultiLineString","coordinates":[[[-85.08993,36.21681],[-85.08891,36.21703],[-85.08812,36.21785],[-85.08587,36.2185],[-85.08534,36.21956],[-85.08403,36.22059],[-85.08245,36.22111]]]}},{"type":"Feature","properties":{"kind":"minor-water","name":"Meadow Creek","ftype":460,"lengthKm":0.51,"hu8":"05130105","pid":"48162622"},"geometry":{"type":"MultiLineString","coordinates":[[[-85.21031,36.05773],[-85.21017,36.05854],[-85.20943,36.05937],[-85.20951,36.06016],[-85.20861,36.06087],[-85.2089,36.06178]]]}},{"type":"Feature","properties":{"kind":"minor-water","name":"Cooper Branch","ftype":460,"lengthKm":0.6,"hu8":"05130105","pid":"48161230"},"geometry":{"type":"MultiLineString","coordinates":[[[-85.06645,36.18069],[-85.06636,36.18209],[-85.06694,36.18256],[-85.06706,36.18329],[-85.06638,36.18525],[-85.06665,36.18579]]]}},{"type":"Feature","properties":{"kind":"minor-water","name":"Little Hurricane Creek","ftype":558,"lengthKm":0.25,"hu8":"05130105","pid":"48161813"},"geometry":{"type":"MultiLineString","coordinates":[[[-85.14233,36.15463],[-85.13958,36.1546]]]}},{"type":"Feature","properties":{"kind":"minor-water","name":"Charlie Branch","ftype":460,"lengthKm":0.77,"hu8":"05130105","pid":"48161934"},"geometry":{"type":"MultiLineString","coordinates":[[[-85.1609,36.1485],[-85.16086,36.15192],[-85.15985,36.15532]]]}},{"type":"Feature","properties":{"kind":"minor-water","name":"Sunk Cane Branch","ftype":460,"lengthKm":0.88,"hu8":"05130105","pid":"48160360"},"geometry":{"type":"MultiLineString","coordinates":[[[-85.16716,36.23854],[-85.16756,36.2389],[-85.16943,36.2389],[-85.17013,36.23835],[-85.17475,36.23824],[-85.17644,36.23861]]]}},{"type":"Feature","properties":{"kind":"minor-water","name":"Officer Branch","ftype":460,"lengthKm":0.32,"hu8":"05130105","pid":"48162232"},"geometry":{"type":"MultiLineString","coordinates":[[[-85.23969,36.13334],[-85.23621,36.13403]]]}},{"type":"Feature","properties":{"kind":"minor-water","name":"Little Laurel Creek","ftype":460,"lengthKm":1.02,"hu8":"05130105","pid":"48159716"},"geometry":{"type":"MultiLineString","coordinates":[[[-85.11552,36.29018],[-85.11373,36.28819],[-85.11091,36.28757],[-85.11059,36.28659],[-85.10933,36.28529],[-85.10844,36.28376]]]}},{"type":"Feature","properties":{"kind":"minor-water","name":"East Fork Obey River","ftype":558,"lengthKm":0.25,"hu8":"05130105","pid":"48160379"},"geometry":{"type":"MultiLineString","coordinates":[[[-85.10572,36.23108],[-85.10533,36.23328]]]}},{"type":"Feature","properties":{"kind":"minor-water","name":"Little Hurricane Creek","ftype":460,"lengthKm":0.12,"hu8":"05130105","pid":"48160955"},"geometry":{"type":"MultiLineString","coordinates":[[[-85.09068,36.20075],[-85.08947,36.20113]]]}},{"type":"Feature","properties":{"kind":"minor-water","name":"Austin Branch","ftype":460,"lengthKm":0.37,"hu8":"05130105","pid":"48161117"},"geometry":{"type":"MultiLineString","coordinates":[[[-85.15598,36.20018],[-85.15512,36.19754],[-85.1546,36.19709]]]}},{"type":"Feature","properties":{"kind":"minor-water","name":"East Fork Obey River","ftype":558,"lengthKm":0.26,"hu8":"05130105","pid":"48160000"},"geometry":{"type":"MultiLineString","coordinates":[[[-85.0491,36.24518],[-85.04747,36.24555],[-85.04707,36.24651]]]}},{"type":"Feature","properties":{"kind":"minor-water","name":"West Fork Obey River","ftype":558,"lengthKm":0.68,"hu8":"05130105","pid":"48159757"},"geometry":{"type":"MultiLineString","coordinates":[[[-85.19972,36.28643],[-85.19886,36.28858],[-85.19687,36.28992],[-85.19723,36.29082],[-85.19794,36.29141]]]}},{"type":"Feature","properties":{"kind":"minor-water","name":"Lick Branch","ftype":460,"lengthKm":0.41,"hu8":"05130105","pid":"48160865"},"geometry":{"type":"MultiLineString","coordinates":[[[-85.12825,36.20894],[-85.12942,36.21161],[-85.12941,36.21247]]]}},{"type":"Feature","properties":{"kind":"minor-water","name":"Wolf Branch","ftype":460,"lengthKm":0.76,"hu8":"05130105","pid":"48160737"},"geometry":{"type":"MultiLineString","coordinates":[[[-85.14428,36.21994],[-85.14046,36.21565],[-85.13886,36.21487]]]}},{"type":"Feature","properties":{"kind":"minor-water","name":"Carroll Branch","ftype":460,"lengthKm":0.59,"hu8":"05130105","pid":"48162064"},"geometry":{"type":"MultiLineString","coordinates":[[[-85.18585,36.14215],[-85.18487,36.14221],[-85.18463,36.14294],[-85.18373,36.1431],[-85.18263,36.14451],[-85.18106,36.14495]]]}},{"type":"Feature","properties":{"kind":"minor-water","name":"Little Laurel Creek","ftype":460,"lengthKm":1.05,"hu8":"05130105","pid":"48159625"},"geometry":{"type":"MultiLineString","coordinates":[[[-85.13285,36.30254],[-85.13261,36.30016],[-85.13065,36.29913],[-85.13006,36.29849],[-85.12811,36.29801],[-85.12696,36.29725],[-85.1266,36.29661],[-85.12681,36.29583]]]}},{"type":"Feature","properties":{"kind":"minor-water","name":"Meadow Creek","ftype":460,"lengthKm":0.58,"hu8":"05130105","pid":"48162191"},"geometry":{"type":"MultiLineString","coordinates":[[[-85.18277,36.12974],[-85.17993,36.13057],[-85.1797,36.13123],[-85.1778,36.13271]]]}},{"type":"Feature","properties":{"kind":"minor-water","name":"Austin Branch","ftype":558,"lengthKm":0.01,"hu8":"05130105","pid":"48161126"},"geometry":{"type":"MultiLineString","coordinates":[[[-85.14734,36.19619],[-85.14727,36.1962]]]}},{"type":"Feature","properties":{"kind":"minor-water","name":"Hurricane Creek","ftype":460,"lengthKm":0.44,"hu8":"05130105","pid":"48161363"},"geometry":{"type":"MultiLineString","coordinates":[[[-85.08397,36.17537],[-85.08294,36.17541],[-85.08177,36.17596],[-85.08154,36.17651],[-85.07994,36.17712]]]}},{"type":"Feature","properties":{"kind":"minor-water","name":"Little Hurricane Creek","ftype":460,"lengthKm":0.41,"hu8":"05130105","pid":"48161587"},"geometry":{"type":"MultiLineString","coordinates":[[[-85.118,36.1666],[-85.11735,36.16805],[-85.11556,36.16958]]]}},{"type":"Feature","properties":{"kind":"minor-water","name":"Little Hurricane Creek","ftype":460,"lengthKm":0.46,"hu8":"05130105","pid":"48161635"},"geometry":{"type":"MultiLineString","coordinates":[[[-85.12064,36.1653],[-85.11864,36.16467],[-85.11809,36.16473],[-85.1179,36.16508],[-85.11827,36.16598],[-85.118,36.1666]]]}},{"type":"Feature","properties":{"kind":"minor-water","name":"Big Laurel Creek","ftype":460,"lengthKm":1.02,"hu8":"05130105","pid":"48159833"},"geometry":{"type":"MultiLineString","coordinates":[[[-85.13989,36.27333],[-85.13402,36.27301],[-85.13227,36.27316],[-85.13099,36.27262],[-85.12991,36.27279],[-85.12897,36.27217]]]}},{"type":"Feature","properties":{"kind":"minor-water","name":"West Fork Obey River","ftype":558,"lengthKm":0.14,"hu8":"05130105","pid":"48159984"},"geometry":{"type":"MultiLineString","coordinates":[[[-85.20747,36.26026],[-85.20634,36.26119]]]}},{"type":"Feature","properties":{"kind":"minor-water","name":"Slate Creek","ftype":460,"lengthKm":0.33,"hu8":"05130105","pid":"48160302"},"geometry":{"type":"MultiLineString","coordinates":[[[-85.0399,36.22957],[-85.03801,36.23213]]]}},{"type":"Feature","properties":{"kind":"minor-water","name":"Little Hurricane Creek","ftype":460,"lengthKm":0.98,"hu8":"05130105","pid":"48161945"},"geometry":{"type":"MultiLineString","coordinates":[[[-85.15333,36.14729],[-85.14996,36.15003],[-85.14676,36.1514],[-85.14512,36.15289]]]}},{"type":"Feature","properties":{"kind":"minor-water","name":"Piney Creek","ftype":460,"lengthKm":0.19,"hu8":"05130105","pid":"48162259"},"geometry":{"type":"MultiLineString","coordinates":[[[-85.15592,36.12307],[-85.15398,36.1238]]]}},{"type":"Feature","properties":{"kind":"minor-water","name":"Charlie Branch","ftype":460,"lengthKm":0.02,"hu8":"05130105","pid":"48161732"},"geometry":{"type":"MultiLineString","coordinates":[[[-85.16183,36.16219],[-85.16181,36.16233]]]}},{"type":"Feature","properties":{"kind":"minor-water","name":"East Fork Obey River","ftype":558,"lengthKm":1.17,"hu8":"05130105","pid":"48159675"},"geometry":{"type":"MultiLineString","coordinates":[[[-85.035,36.28057],[-85.03307,36.28292],[-85.02932,36.28561],[-85.02733,36.28604],[-85.02494,36.28565]]]}},{"type":"Feature","properties":{"kind":"minor-water","name":"East Fork Obey River","ftype":558,"lengthKm":1.56,"hu8":"05130105","pid":"48159898"},"geometry":{"type":"MultiLineString","coordinates":[[[-85.03881,36.25705],[-85.03922,36.25849],[-85.0412,36.26181],[-85.04105,36.26305],[-85.04155,36.26363],[-85.04288,36.26732],[-85.0448,36.26999]]]}},{"type":"Feature","properties":{"kind":"minor-water","name":"Hurricane Creek","ftype":460,"lengthKm":0.47,"hu8":"05130105","pid":"48160326"},"geometry":{"type":"MultiLineString","coordinates":[[[-85.06682,36.23028],[-85.06663,36.23187],[-85.06802,36.23426]]]}},{"type":"Feature","properties":{"kind":"minor-water","name":"Mineral Springs Branch","ftype":460,"lengthKm":0.2,"hu8":"05130105","pid":"48161914"},"geometry":{"type":"MultiLineString","coordinates":[[[-85.20083,36.15312],[-85.19866,36.153]]]}},{"type":"Feature","properties":{"kind":"minor-water","name":"Bartlett Creek","ftype":558,"lengthKm":0.31,"hu8":"05130105","pid":"48162423"},"geometry":{"type":"MultiLineString","coordinates":[[[-85.13691,36.1059],[-85.13536,36.10761],[-85.13519,36.10825]]]}},{"type":"Feature","properties":{"kind":"minor-water","name":"Johnson Mill Branch","ftype":460,"lengthKm":0.29,"hu8":"05130105","pid":"48160095"},"geometry":{"type":"MultiLineString","coordinates":[[[-85.01725,36.23701],[-85.01875,36.23728],[-85.01995,36.23821]]]}},{"type":"Feature","properties":{"kind":"minor-water","name":"Hurricane Creek","ftype":460,"lengthKm":1.36,"hu8":"05130105","pid":"48161512"},"geometry":{"type":"MultiLineString","coordinates":[[[-85.09528,36.16706],[-85.095,36.16835],[-85.09308,36.16903],[-85.09223,36.17142],[-85.09131,36.17222],[-85.09026,36.17224],[-85.08736,36.17323],[-85.0855,36.17486]]]}},{"type":"Feature","properties":{"kind":"minor-water","name":"East Fork Obey River","ftype":460,"lengthKm":0.2,"hu8":"05130105","pid":"48161855"},"geometry":{"type":"MultiLineString","coordinates":[[[-85.18843,36.1577],[-85.18643,36.15701]]]}},{"type":"Feature","properties":{"kind":"minor-water","name":"Carroll Branch","ftype":460,"lengthKm":1.29,"hu8":"05130105","pid":"48162151"},"geometry":{"type":"MultiLineString","coordinates":[[[-85.19526,36.13455],[-85.19413,36.13785],[-85.19263,36.13937],[-85.18814,36.14062],[-85.18585,36.14215]]]}},{"type":"Feature","properties":{"kind":"minor-water","name":"East Fork Obey River","ftype":558,"lengthKm":0.57,"hu8":"05130105","pid":"48160760"},"geometry":{"type":"MultiLineString","coordinates":[[[-85.12719,36.21317],[-85.12533,36.21639],[-85.12602,36.21784]]]}},{"type":"Feature","properties":{"kind":"minor-water","name":"East Fork Obey River","ftype":558,"lengthKm":0.64,"hu8":"05130105","pid":"48160202"},"geometry":{"type":"MultiLineString","coordinates":[[[-85.06412,36.23765],[-85.06369,36.23844],[-85.06201,36.23985],[-85.06005,36.24044],[-85.05885,36.24119]]]}},{"type":"Feature","properties":{"kind":"minor-water","name":"Yellow Branch","ftype":460,"lengthKm":2.38,"hu8":"05130105","pid":"48161756"},"geometry":{"type":"MultiLineString","coordinates":[[[-85.22303,36.16744],[-85.21993,36.16607],[-85.21844,36.16637],[-85.21696,36.16598],[-85.21597,36.1663],[-85.2153,36.16691],[-85.21517,36.16919],[-85.2156,36.1699],[-85.21564,36.17181],[-85.21616,36.17311],[-85.21604,36.17462],[-85.21455,36.17701],[-85.21398,36.17901],[-85.21282,36.18051]]]}},{"type":"Feature","properties":{"kind":"minor-water","name":"Cooper Branch","ftype":460,"lengthKm":0.57,"hu8":"05130105","pid":"48161331"},"geometry":{"type":"MultiLineString","coordinates":[[[-85.06676,36.17594],[-85.06556,36.17804],[-85.06621,36.17884],[-85.06645,36.18069]]]}},{"type":"Feature","properties":{"kind":"minor-water","name":"East Fork Obey River","ftype":558,"lengthKm":0.25,"hu8":"05130105","pid":"48160503"},"geometry":{"type":"MultiLineString","coordinates":[[[-85.12181,36.22444],[-85.12326,36.22636]]]}},{"type":"Feature","properties":{"kind":"minor-water","name":"East Fork Obey River","ftype":558,"lengthKm":0.36,"hu8":"05130105","pid":"48161639"},"geometry":{"type":"MultiLineString","coordinates":[[[-85.16751,36.16905],[-85.16629,36.17073],[-85.16515,36.17167]]]}},{"type":"Feature","properties":{"kind":"minor-water","name":"East Fork Obey River","ftype":558,"lengthKm":0.09,"hu8":"05130105","pid":"48159732"},"geometry":{"type":"MultiLineString","coordinates":[[[-85.04423,36.27641],[-85.04405,36.2772]]]}},{"type":"Feature","properties":{"kind":"minor-water","name":"Deep Branch","ftype":558,"lengthKm":0.01,"hu8":"05130105","pid":"48159588"},"geometry":{"type":"MultiLineString","coordinates":[[[-85.01953,36.29205],[-85.01946,36.29194]]]}},{"type":"Feature","properties":{"kind":"minor-water","name":"Lick Hollow Branch","ftype":460,"lengthKm":1.35,"hu8":"05130105","pid":"48160045"},"geometry":{"type":"MultiLineString","coordinates":[[[-85.19405,36.25526],[-85.198,36.25701],[-85.19986,36.2584],[-85.20158,36.25822],[-85.20269,36.25894],[-85.20505,36.2598],[-85.20533,36.2607],[-85.20627,36.26115]]]}},{"type":"Feature","properties":{"kind":"minor-water","name":"Johnson Mill Branch","ftype":460,"lengthKm":0.82,"hu8":"05130105","pid":"48160077"},"geometry":{"type":"MultiLineString","coordinates":[[[-85.01995,36.23821],[-85.02176,36.23877],[-85.02446,36.23825],[-85.02508,36.23897],[-85.02468,36.23999],[-85.02616,36.2402],[-85.02633,36.2406]]]}},{"type":"Feature","properties":{"kind":"minor-water","name":"Whiteoak Branch","ftype":460,"lengthKm":0.53,"hu8":"05130105","pid":"48160263"},"geometry":{"type":"MultiLineString","coordinates":[[[-85.14633,36.24226],[-85.14596,36.24538],[-85.14516,36.24688]]]}},{"type":"Feature","properties":{"kind":"minor-water","name":"Hurricane Creek","ftype":460,"lengthKm":1.54,"hu8":"05130105","pid":"48161325"},"geometry":{"type":"MultiLineString","coordinates":[[[-85.07903,36.17732],[-85.07774,36.17717],[-85.07636,36.1782],[-85.07687,36.17962],[-85.07646,36.18021],[-85.07561,36.18016],[-85.0734,36.17913],[-85.07248,36.17917],[-85.07218,36.17985],[-85.07283,36.18087],[-85.07284,36.18173],[-85.0713,36.18332],[-85.07018,36.18338]]]}},{"type":"Feature","properties":{"kind":"minor-water","name":"West Fork Obey River","ftype":558,"lengthKm":0.88,"hu8":"05130105","pid":"48159721"},"geometry":{"type":"MultiLineString","coordinates":[[[-85.19794,36.29141],[-85.19902,36.29202],[-85.19906,36.29244],[-85.19825,36.29358],[-85.19662,36.29467],[-85.19615,36.29536],[-85.1955,36.29796]]]}},{"type":"Feature","properties":{"kind":"minor-water","name":"Meadow Creek","ftype":460,"lengthKm":0.41,"hu8":"05130105","pid":"48162364"},"geometry":{"type":"MultiLineString","coordinates":[[[-85.18661,36.11709],[-85.18822,36.11711],[-85.18951,36.11747],[-85.19006,36.11871]]]}},{"type":"Feature","properties":{"kind":"minor-water","name":"East Fork Obey River","ftype":558,"lengthKm":1.05,"hu8":"05130105","pid":"48159730"},"geometry":{"type":"MultiLineString","coordinates":[[[-85.04405,36.2772],[-85.04315,36.27753],[-85.04205,36.2766],[-85.03853,36.27711],[-85.03727,36.27804],[-85.035,36.28057]]]}},{"type":"Feature","properties":{"kind":"minor-water","name":"West Fork Obey River","ftype":460,"lengthKm":0.87,"hu8":"05130105","pid":"48160757"},"geometry":{"type":"MultiLineString","coordinates":[[[-85.20866,36.22075],[-85.21162,36.22349],[-85.21314,36.22748]]]}},{"type":"Feature","properties":{"kind":"minor-water","name":"Fond Branch","ftype":460,"lengthKm":1.13,"hu8":"05130105","pid":"48161618"},"geometry":{"type":"MultiLineString","coordinates":[[[-85.14267,36.16749],[-85.13574,36.16861],[-85.1328,36.16816],[-85.13038,36.16863]]]}},{"type":"Feature","properties":{"kind":"minor-water","name":"Pratt Branch","ftype":460,"lengthKm":1.87,"hu8":"05130105","pid":"48159509"},"geometry":{"type":"MultiLineString","coordinates":[[[-84.9927,36.2993],[-84.99359,36.29968],[-84.99528,36.29956],[-84.99676,36.30019],[-85.0007,36.29904],[-85.00177,36.29904],[-85.00284,36.29945],[-85.00412,36.29897],[-85.0072,36.29847],[-85.0106,36.29836],[-85.01179,36.29806],[-85.01247,36.2984]]]}},{"type":"Feature","properties":{"kind":"minor-water","name":"Big Laurel Creek","ftype":558,"lengthKm":0.01,"hu8":"05130105","pid":"48159783"},"geometry":{"type":"MultiLineString","coordinates":[[[-85.04491,36.26997],[-85.0448,36.26999]]]}},{"type":"Feature","properties":{"kind":"minor-water","name":"Slate Creek","ftype":460,"lengthKm":0.34,"hu8":"05130105","pid":"48160768"},"geometry":{"type":"MultiLineString","coordinates":[[[-85.02973,36.2041],[-85.03043,36.20479],[-85.0327,36.20586]]]}},{"type":"Feature","properties":{"kind":"minor-water","name":"Hurricane Creek","ftype":558,"lengthKm":0.23,"hu8":"05130105","pid":"48162394"},"geometry":{"type":"MultiLineString","coordinates":[[[-85.13519,36.10825],[-85.13416,36.10843],[-85.13329,36.10946]]]}},{"type":"Feature","properties":{"kind":"minor-water","name":"Big Laurel Creek","ftype":460,"lengthKm":0.87,"hu8":"05130105","pid":"48159852"},"geometry":{"type":"MultiLineString","coordinates":[[[-85.15602,36.27188],[-85.15332,36.27127],[-85.15054,36.2719],[-85.14816,36.27307],[-85.14691,36.27316]]]}},{"type":"Feature","properties":{"kind":"minor-water","name":"East Fork Obey River","ftype":558,"lengthKm":0.06,"hu8":"05130105","pid":"48160465"},"geometry":{"type":"MultiLineString","coordinates":[[[-85.11467,36.22514],[-85.11407,36.22543]]]}},{"type":"Feature","properties":{"kind":"minor-water","name":"Looper Branch","ftype":460,"lengthKm":0.5,"hu8":"05130105","pid":"147450067"},"geometry":{"type":"MultiLineString","coordinates":[[[-85.12118,36.17516],[-85.12031,36.17607],[-85.12005,36.17855],[-85.11957,36.17931]]]}},{"type":"Feature","properties":{"kind":"minor-water","name":"Cooper Branch","ftype":460,"lengthKm":0.33,"hu8":"05130105","pid":"48161370"},"geometry":{"type":"MultiLineString","coordinates":[[[-85.06857,36.17354],[-85.06858,36.17415],[-85.06676,36.17594]]]}},{"type":"Feature","properties":{"kind":"minor-water","name":"George Branch","ftype":460,"lengthKm":0.87,"hu8":"05130105","pid":"48162527"},"geometry":{"type":"MultiLineString","coordinates":[[[-85.20944,36.0885],[-85.20763,36.08956],[-85.20669,36.09077],[-85.20563,36.0909],[-85.20531,36.09223],[-85.20386,36.09185],[-85.20253,36.09205]]]}},{"type":"Feature","properties":{"kind":"minor-water","name":"Garrison Branch","ftype":460,"lengthKm":1.75,"hu8":"05130105","pid":"48162006"},"geometry":{"type":"MultiLineString","coordinates":[[[-85.22878,36.15334],[-85.22786,36.15305],[-85.22809,36.15206],[-85.22761,36.15163],[-85.2264,36.1517],[-85.22515,36.15304],[-85.22495,36.15132],[-85.22423,36.15119],[-85.22405,36.15231],[-85.2231,36.15242],[-85.22197,36.1514],[-85.22078,36.15154],[-85.21984,36.15052],[-85.21875,36.15235],[-85.21833,36.15252],[-85.21787,36.15231]]]}},{"type":"Feature","properties":{"kind":"minor-water","name":"Charlie Branch","ftype":558,"lengthKm":0.67,"hu8":"05130105","pid":"48161834"},"geometry":{"type":"MultiLineString","coordinates":[[[-85.15985,36.15532],[-85.15989,36.15576],[-85.16167,36.15787],[-85.16213,36.15944],[-85.16203,36.16085]]]}},{"type":"Feature","properties":{"kind":"minor-water","name":"East Fork Obey River","ftype":558,"lengthKm":0.23,"hu8":"05130105","pid":"48160088"},"geometry":{"type":"MultiLineString","coordinates":[[[-85.05885,36.24119],[-85.05822,36.24316]]]}},{"type":"Feature","properties":{"kind":"minor-water","name":"West Fork Obey River","ftype":460,"lengthKm":0.81,"hu8":"05130105","pid":"48161186"},"geometry":{"type":"MultiLineString","coordinates":[[[-85.1927,36.19635],[-85.19193,36.19941],[-85.19253,36.20066],[-85.19165,36.20192],[-85.1916,36.20327]]]}},{"type":"Feature","properties":{"kind":"minor-water","name":"Slate Creek","ftype":460,"lengthKm":0.33,"hu8":"05130105","pid":"48160932"},"geometry":{"type":"MultiLineString","coordinates":[[[-85.03324,36.19619],[-85.03282,36.19712],[-85.0342,36.19874]]]}},{"type":"Feature","properties":{"kind":"minor-water","name":"Little Hurricane Creek","ftype":460,"lengthKm":0.38,"hu8":"05130105","pid":"48161495"},"geometry":{"type":"MultiLineString","coordinates":[[[-85.11556,36.16958],[-85.11373,36.17058],[-85.11424,36.17143],[-85.11407,36.17208]]]}},{"type":"Feature","properties":{"kind":"minor-water","name":"East Fork Obey River","ftype":558,"lengthKm":0.24,"hu8":"05130105","pid":"48161263"},"geometry":{"type":"MultiLineString","coordinates":[[[-85.15687,36.18891],[-85.1562,36.18781],[-85.1553,36.18719]]]}},{"type":"Feature","properties":{"kind":"minor-water","name":"Meadow Creek","ftype":460,"lengthKm":0.36,"hu8":"05130105","pid":"48162352"},"geometry":{"type":"MultiLineString","coordinates":[[[-85.19006,36.11871],[-85.18924,36.11951],[-85.19023,36.12028],[-85.19022,36.1214]]]}},{"type":"Feature","properties":{"kind":"minor-water","name":"Hurricane Creek","ftype":460,"lengthKm":0.35,"hu8":"05130105","pid":"48160384"},"geometry":{"type":"MultiLineString","coordinates":[[[-85.0669,36.22727],[-85.06602,36.22844],[-85.06678,36.23014]]]}},{"type":"Feature","properties":{"kind":"minor-water","name":"Big Laurel Creek","ftype":460,"lengthKm":1.04,"hu8":"05130105","pid":"48159840"},"geometry":{"type":"MultiLineString","coordinates":[[[-85.12897,36.27217],[-85.127,36.27153],[-85.12606,36.27156],[-85.12234,36.26925],[-85.12066,36.26911],[-85.11909,36.26787]]]}},{"type":"Feature","properties":{"kind":"minor-water","name":"Whiteoak Branch","ftype":460,"lengthKm":0.36,"hu8":"05130105","pid":"48160632"},"geometry":{"type":"MultiLineString","coordinates":[[[-85.09379,36.21596],[-85.08993,36.21681]]]}},{"type":"Feature","properties":{"kind":"minor-water","name":"Dennis Branch","ftype":460,"lengthKm":1.28,"hu8":"05130105","pid":"48160908"},"geometry":{"type":"MultiLineString","coordinates":[[[-85.17199,36.21061],[-85.17144,36.21046],[-85.16942,36.21079],[-85.16622,36.21042],[-85.15778,36.21054]]]}},{"type":"Feature","properties":{"kind":"minor-water","name":"Snap Branch","ftype":460,"lengthKm":3.08,"hu8":"05130105","pid":"48159762"},"geometry":{"type":"MultiLineString","coordinates":[[[-85.0741,36.27623],[-85.07188,36.27608],[-85.06901,36.27508],[-85.06692,36.27477],[-85.06682,36.27384],[-85.06606,36.27318],[-85.06461,36.27267],[-85.0629,36.27262],[-85.06091,36.27317],[-85.05999,36.27473],[-85.05639,36.27563],[-85.05343,36.27705],[-85.05099,36.27733],[-85.04748,36.27722],[-85.04615,36.27765],[-85.04432,36.27641]]]}},{"type":"Feature","properties":{"kind":"minor-water","name":"East Fork Obey River","ftype":558,"lengthKm":0.23,"hu8":"05130105","pid":"48160613"},"geometry":{"type":"MultiLineString","coordinates":[[[-85.12459,36.22013],[-85.12345,36.2206],[-85.12279,36.22146]]]}},{"type":"Feature","properties":{"kind":"minor-water","name":"Bill Branch","ftype":460,"lengthKm":1.2,"hu8":"05130105","pid":"48161309"},"geometry":{"type":"MultiLineString","coordinates":[[[-85.18545,36.18721],[-85.18335,36.18794],[-85.18225,36.18876],[-85.17552,36.18967],[-85.17329,36.19102]]]}},{"type":"Feature","properties":{"kind":"minor-water","name":"Scott Branch","ftype":460,"lengthKm":1.75,"hu8":"05130105","pid":"48159707"},"geometry":{"type":"MultiLineString","coordinates":[[[-85.16572,36.28967],[-85.16652,36.29019],[-85.16803,36.29244],[-85.16807,36.2933],[-85.16853,36.29403],[-85.1681,36.29539],[-85.1692,36.2972],[-85.16926,36.29865],[-85.17103,36.3017],[-85.17082,36.30289],[-85.17153,36.30397]]]}},{"type":"Feature","properties":{"kind":"minor-water","name":"Dripping Springs Creek","ftype":460,"lengthKm":0.39,"hu8":"05130105","pid":"48162462"},"geometry":{"type":"MultiLineString","coordinates":[[[-85.21671,36.105],[-85.21556,36.10515],[-85.21495,36.10632],[-85.2135,36.10692]]]}},{"type":"Feature","properties":{"kind":"minor-water","name":"Sandy Branch","ftype":460,"lengthKm":4.52,"hu8":"05130105","pid":"48159724"},"geometry":{"type":"MultiLineString","coordinates":[[[-85.06783,36.28481],[-85.06759,36.28428],[-85.06679,36.28428],[-85.06626,36.28386],[-85.06492,36.28406],[-85.06487,36.28339],[-85.06364,36.28299],[-85.06325,36.28307],[-85.06356,36.28338],[-85.06265,36.28425],[-85.06163,36.28425],[-85.06197,36.28337],[-85.06107,36.28292],[-85.06102,36.28193],[-85.05846,36.28112],[-85.05806,36.28132],[-85.05851,36.28197],[-85.05813,36.28242],[-85.05648,36.28236],[-85.05575,36.28276],[-85.05593,36.28303],[-85.05711,36.28312],[-85.05744,36.28347],[-85.05744,36.28464],[-85.05693,36.28531],[-85.05441,36.28649],[-85.05191,36.28624],[-85.05103,36.28645],[-85.05033,36.28705],[-85.04895,36.28663],[-85.04616,36.2875],[-85.04465,36.28605],[-85.04451,36.28527],[-85.04531,36.28415],[-85.04501,36.2834],[-85.04569,36.28106],[-85.04537,36.27869],[-85.04483,36.27757],[-85.04412,36.27722]]]}},{"type":"Feature","properties":{"kind":"minor-water","name":"Little Indian Creek","ftype":460,"lengthKm":0.23,"hu8":"05130105","pid":"48160139"},"geometry":{"type":"MultiLineString","coordinates":[[[-85.13051,36.24682],[-85.12853,36.24555]]]}},{"type":"Feature","properties":{"kind":"minor-water","name":"Morgan Branch","ftype":460,"lengthKm":1.19,"hu8":"05130105","pid":"48160654"},"geometry":{"type":"MultiLineString","coordinates":[[[-85.10015,36.22307],[-85.10145,36.21887],[-85.10224,36.21798],[-85.10388,36.21734],[-85.10683,36.21805],[-85.10841,36.21793]]]}},{"type":"Feature","properties":{"kind":"minor-water","name":"Hurricane Creek","ftype":460,"lengthKm":0.29,"hu8":"05130105","pid":"48162376"},"geometry":{"type":"MultiLineString","coordinates":[[[-85.13209,36.1101],[-85.13082,36.11066],[-85.12981,36.11071],[-85.12914,36.11038]]]}},{"type":"Feature","properties":{"kind":"minor-water","name":"East Fork Obey River","ftype":558,"lengthKm":0.13,"hu8":"05130105","pid":"48161559"},"geometry":{"type":"MultiLineString","coordinates":[[[-85.16515,36.17167],[-85.16418,36.17253]]]}},{"type":"Feature","properties":{"kind":"minor-water","name":"West Fork Obey River","ftype":460,"lengthKm":1.37,"hu8":"05130105","pid":"48161273"},"geometry":{"type":"MultiLineString","coordinates":[[[-85.20536,36.1915],[-85.20359,36.19315],[-85.20192,36.19369],[-85.1992,36.19353],[-85.19708,36.19481],[-85.19514,36.1949],[-85.19442,36.19614],[-85.1927,36.19635]]]}},{"type":"Feature","properties":{"kind":"minor-water","name":"Garrison Branch","ftype":460,"lengthKm":0.78,"hu8":"05130105","pid":"48161724"},"geometry":{"type":"MultiLineString","coordinates":[[[-85.23987,36.17661],[-85.24064,36.17536],[-85.24063,36.17334],[-85.24185,36.17101],[-85.24196,36.16995]]]}},{"type":"Feature","properties":{"kind":"minor-water","name":"Meadow Creek","ftype":460,"lengthKm":1.13,"hu8":"05130105","pid":"48162520"},"geometry":{"type":"MultiLineString","coordinates":[[[-85.18562,36.09003],[-85.1864,36.09239],[-85.18628,36.09303],[-85.18481,36.09375],[-85.18354,36.09384],[-85.18352,36.09492],[-85.18436,36.09638],[-85.18231,36.09748]]]}},{"type":"Feature","properties":{"kind":"minor-water","name":"Blaylock Branch","ftype":460,"lengthKm":0.92,"hu8":"05130105","pid":"48162108"},"geometry":{"type":"MultiLineString","coordinates":[[[-85.20759,36.13949],[-85.20817,36.13985],[-85.20934,36.13975],[-85.20951,36.14007],[-85.20882,36.14111],[-85.20939,36.14157],[-85.2084,36.14191],[-85.20861,36.14274],[-85.20798,36.14331],[-85.20833,36.144],[-85.20756,36.14514]]]}},{"type":"Feature","properties":{"kind":"minor-water","name":"East Fork Obey River","ftype":558,"lengthKm":1.69,"hu8":"05130105","pid":"48161807"},"geometry":{"type":"MultiLineString","coordinates":[[[-85.174,36.15781],[-85.17279,36.15958],[-85.1726,36.16058],[-85.17313,36.16117],[-85.17592,36.16239],[-85.17656,36.1634],[-85.1725,36.16459],[-85.17065,36.16663],[-85.16886,36.16762]]]}},{"type":"Feature","properties":{"kind":"minor-water","name":"Morgan Branch","ftype":558,"lengthKm":0.02,"hu8":"05130105","pid":"48160475"},"geometry":{"type":"MultiLineString","coordinates":[[[-85.11469,36.22498],[-85.11467,36.22514]]]}},{"type":"Feature","properties":{"kind":"minor-water","name":"Hurricane Creek","ftype":460,"lengthKm":2.28,"hu8":"05130105","pid":"48162458"},"geometry":{"type":"MultiLineString","coordinates":[[[-85.16324,36.10054],[-85.16124,36.10249],[-85.15738,36.10349],[-85.15352,36.1037],[-85.14995,36.10507],[-85.14922,36.10466],[-85.14743,36.10667],[-85.14668,36.10682],[-85.14628,36.10621],[-85.14544,36.1074],[-85.14454,36.10737],[-85.14375,36.10904]]]}},{"type":"Feature","properties":{"kind":"minor-water","name":"Flintrock Branch","ftype":460,"lengthKm":1.35,"hu8":"05130105","pid":"48161767"},"geometry":{"type":"MultiLineString","coordinates":[[[-85.12235,36.14709],[-85.12213,36.14778],[-85.12268,36.15072],[-85.12157,36.15183],[-85.12118,36.15376],[-85.12332,36.15544],[-85.12379,36.15657],[-85.12558,36.15681]]]}},{"type":"Feature","properties":{"kind":"minor-water","name":"Little Indian Creek","ftype":460,"lengthKm":0.38,"hu8":"05130105","pid":"48160153"},"geometry":{"type":"MultiLineString","coordinates":[[[-85.12853,36.24555],[-85.12776,36.24517],[-85.12445,36.24468]]]}},{"type":"Feature","properties":{"kind":"minor-water","name":"East Fork Obey River","ftype":558,"lengthKm":0.74,"hu8":"05130105","pid":"48160892"},"geometry":{"type":"MultiLineString","coordinates":[[[-85.14187,36.20848],[-85.1419,36.20942],[-85.14137,36.21019],[-85.13844,36.21046],[-85.13564,36.21131]]]}},{"type":"Feature","properties":{"kind":"minor-water","name":"Lick Hollow Branch","ftype":558,"lengthKm":0.01,"hu8":"05130105","pid":"48159964"},"geometry":{"type":"MultiLineString","coordinates":[[[-85.20627,36.26115],[-85.20634,36.26119]]]}},{"type":"Feature","properties":{"kind":"minor-water","name":"Deep Branch","ftype":460,"lengthKm":1.41,"hu8":"05130105","pid":"48159582"},"geometry":{"type":"MultiLineString","coordinates":[[[-85.03325,36.2967],[-85.03208,36.29573],[-85.03085,36.29613],[-85.02966,36.29614],[-85.02718,36.29471],[-85.02405,36.29389],[-85.02257,36.29378],[-85.01953,36.29205]]]}},{"type":"Feature","properties":{"kind":"minor-water","name":"Bear Branch","ftype":558,"lengthKm":0.01,"hu8":"05130105","pid":"48160247"},"geometry":{"type":"MultiLineString","coordinates":[[[-85.08088,36.23701],[-85.0808,36.2371]]]}},{"type":"Feature","properties":{"kind":"minor-water","name":"East Fork Obey River","ftype":558,"lengthKm":0.74,"hu8":"05130105","pid":"48159775"},"geometry":{"type":"MultiLineString","coordinates":[[[-85.0448,36.26999],[-85.04534,36.27125],[-85.04464,36.27217],[-85.04419,36.27358],[-85.04423,36.27641]]]}},{"type":"Feature","properties":{"kind":"minor-water","name":"Meadow Creek","ftype":460,"lengthKm":0.37,"hu8":"05130105","pid":"48162638"},"geometry":{"type":"MultiLineString","coordinates":[[[-85.2117,36.05108],[-85.21124,36.05272],[-85.21034,36.05424]]]}},{"type":"Feature","properties":{"kind":"minor-water","name":"East Fork Obey River","ftype":558,"lengthKm":0.13,"hu8":"05130105","pid":"48160833"},"geometry":{"type":"MultiLineString","coordinates":[[[-85.13564,36.21131],[-85.13427,36.21175]]]}},{"type":"Feature","properties":{"kind":"minor-water","name":"Little Hurricane Creek","ftype":460,"lengthKm":0.55,"hu8":"05130105","pid":"48161120"},"geometry":{"type":"MultiLineString","coordinates":[[[-85.09149,36.19123],[-85.09173,36.19281],[-85.08954,36.19567]]]}},{"type":"Feature","properties":{"kind":"minor-water","name":"Meadow Creek","ftype":460,"lengthKm":0.09,"hu8":"05130105","pid":"48162553"},"geometry":{"type":"MultiLineString","coordinates":[[[-85.1878,36.07715],[-85.1873,36.07693],[-85.18686,36.07708]]]}},{"type":"Feature","properties":{"kind":"minor-water","name":"Little Laurel Creek","ftype":460,"lengthKm":2,"hu8":"05130105","pid":"48159821"},"geometry":{"type":"MultiLineString","coordinates":[[[-85.10844,36.28376],[-85.10852,36.28315],[-85.10709,36.28106],[-85.10377,36.27812],[-85.1039,36.27685],[-85.10431,36.27652],[-85.10406,36.27575],[-85.10219,36.27393],[-85.1007,36.2708],[-85.1001,36.27022],[-85.09954,36.27013],[-85.09794,36.27091]]]}},{"type":"Feature","properties":{"kind":"minor-water","name":"Polebridge Branch","ftype":460,"lengthKm":0.62,"hu8":"05130105","pid":"48162021"},"geometry":{"type":"MultiLineString","coordinates":[[[-85.25073,36.15196],[-85.24703,36.15365],[-85.24643,36.15432],[-85.2448,36.15458]]]}},{"type":"Feature","properties":{"kind":"minor-water","name":"Garrison Branch","ftype":460,"lengthKm":1.68,"hu8":"05130105","pid":"48162039"},"geometry":{"type":"MultiLineString","coordinates":[[[-85.21787,36.15231],[-85.21646,36.15111],[-85.21463,36.15081],[-85.2132,36.14975],[-85.21192,36.14795],[-85.21095,36.14785],[-85.20927,36.14897],[-85.20881,36.14891],[-85.20859,36.14836],[-85.20737,36.14849],[-85.2086,36.14698],[-85.21019,36.14615],[-85.21044,36.14574]]]}},{"type":"Feature","properties":{"kind":"minor-water","name":"Hurricane Creek","ftype":460,"lengthKm":0.3,"hu8":"05130105","pid":"48161719"},"geometry":{"type":"MultiLineString","coordinates":[[[-85.09333,36.1569],[-85.0934,36.15756],[-85.09431,36.15788],[-85.09508,36.15892]]]}},{"type":"Feature","properties":{"kind":"minor-water","name":"Wolf Branch","ftype":558,"lengthKm":0,"hu8":"05130105","pid":"48160818"},"geometry":{"type":"MultiLineString","coordinates":[[[-85.13427,36.21179],[-85.13427,36.21175]]]}},{"type":"Feature","properties":{"kind":"minor-water","name":"Wolf Branch","ftype":460,"lengthKm":0.46,"hu8":"05130105","pid":"48160812"},"geometry":{"type":"MultiLineString","coordinates":[[[-85.13793,36.21437],[-85.13777,36.21376],[-85.13447,36.21225],[-85.13427,36.21179]]]}},{"type":"Feature","properties":{"kind":"minor-water","name":"Service Branch","ftype":460,"lengthKm":2,"hu8":"05130105","pid":"48161625"},"geometry":{"type":"MultiLineString","coordinates":[[[-85.19159,36.17159],[-85.18656,36.17142],[-85.18516,36.17176],[-85.17698,36.17898],[-85.17508,36.1815]]]}},{"type":"Feature","properties":{"kind":"minor-water","name":"Slate Creek","ftype":558,"lengthKm":0.01,"hu8":"05130105","pid":"48159967"},"geometry":{"type":"MultiLineString","coordinates":[[[-85.047,36.24652],[-85.04707,36.24651]]]}},{"type":"Feature","properties":{"kind":"minor-water","name":"Hurricane Creek","ftype":460,"lengthKm":0.07,"hu8":"05130105","pid":"48160809"},"geometry":{"type":"MultiLineString","coordinates":[[[-85.07413,36.20635],[-85.07366,36.20681]]]}},{"type":"Feature","properties":{"kind":"minor-water","name":"Hurricane Creek","ftype":460,"lengthKm":0.94,"hu8":"05130105","pid":"48161703"},"geometry":{"type":"MultiLineString","coordinates":[[[-85.09508,36.15892],[-85.09482,36.15973],[-85.0923,36.16126],[-85.09281,36.16181],[-85.09433,36.16183],[-85.09472,36.1621],[-85.09427,36.16287],[-85.09252,36.16417]]]}},{"type":"Feature","properties":{"kind":"minor-water","name":"East Fork Obey River","ftype":460,"lengthKm":0.37,"hu8":"05130105","pid":"48161992"},"geometry":{"type":"MultiLineString","coordinates":[[[-85.19889,36.14989],[-85.19814,36.15108],[-85.19866,36.153]]]}},{"type":"Feature","properties":{"kind":"minor-water","name":"Cobb Creek","ftype":460,"lengthKm":1.94,"hu8":"05130105","pid":"48159663"},"geometry":{"type":"MultiLineString","coordinates":[[[-84.99105,36.27808],[-84.99169,36.27918],[-84.99295,36.27948],[-84.99244,36.28016],[-84.99295,36.28078],[-84.99582,36.2796],[-84.99605,36.28109],[-84.99676,36.28223],[-84.99751,36.28269],[-84.99947,36.28258],[-85.00092,36.28176],[-85.00343,36.28323],[-85.00499,36.28357],[-85.00586,36.28341]]]}},{"type":"Feature","properties":{"kind":"minor-water","name":"Wolf Branch","ftype":460,"lengthKm":0.98,"hu8":"05130105","pid":"48160525"},"geometry":{"type":"MultiLineString","coordinates":[[[-85.16143,36.23359],[-85.16093,36.23278],[-85.15974,36.23193],[-85.158,36.22947],[-85.155,36.22655]]]}},{"type":"Feature","properties":{"kind":"minor-water","name":"Hurricane Creek","ftype":460,"lengthKm":0.21,"hu8":"05130105","pid":"48160882"},"geometry":{"type":"MultiLineString","coordinates":[[[-85.07299,36.20248],[-85.07461,36.20386]]]}},{"type":"Feature","properties":{"kind":"minor-water","name":"Service Branch","ftype":460,"lengthKm":0.53,"hu8":"05130105","pid":"48161628"},"geometry":{"type":"MultiLineString","coordinates":[[[-85.19722,36.17184],[-85.19656,36.17226],[-85.1954,36.17241],[-85.19159,36.17159]]]}},{"type":"Feature","properties":{"kind":"minor-water","name":"Little Indian Creek","ftype":460,"lengthKm":0.38,"hu8":"05130105","pid":"48160179"},"geometry":{"type":"MultiLineString","coordinates":[[[-85.12397,36.24453],[-85.11988,36.24365]]]}},{"type":"Feature","properties":{"kind":"minor-water","name":"Little Hurricane Creek","ftype":558,"lengthKm":0.25,"hu8":"05130105","pid":"48161867"},"geometry":{"type":"MultiLineString","coordinates":[[[-85.14454,36.15325],[-85.14356,36.15409],[-85.14233,36.15463]]]}},{"type":"Feature","properties":{"kind":"minor-water","name":"Lick Hollow Branch","ftype":460,"lengthKm":1.36,"hu8":"05130105","pid":"48160220"},"geometry":{"type":"MultiLineString","coordinates":[[[-85.16617,36.24901],[-85.16687,36.24865],[-85.16842,36.24642],[-85.16979,36.24608],[-85.17447,36.24946],[-85.17555,36.25207]]]}},{"type":"Feature","properties":{"kind":"minor-water","name":"Hurricane Creek","ftype":460,"lengthKm":0.48,"hu8":"05130105","pid":"48161201"},"geometry":{"type":"MultiLineString","coordinates":[[[-85.07018,36.18338],[-85.06841,36.18348],[-85.06789,36.1848],[-85.06699,36.18526],[-85.06665,36.18579]]]}},{"type":"Feature","properties":{"kind":"minor-water","name":"Rocky Branch","ftype":460,"lengthKm":0.31,"hu8":"05130105","pid":"48161023"},"geometry":{"type":"MultiLineString","coordinates":[[[-85.06517,36.19521],[-85.06679,36.19548],[-85.06859,36.19537]]]}},{"type":"Feature","properties":{"kind":"minor-water","name":"Little Laurel Creek","ftype":460,"lengthKm":0.43,"hu8":"05130105","pid":"48159660"},"geometry":{"type":"MultiLineString","coordinates":[[[-85.11988,36.29169],[-85.11799,36.29064],[-85.11552,36.29018]]]}},{"type":"Feature","properties":{"kind":"minor-water","name":"West Fork Obey River","ftype":460,"lengthKm":1.78,"hu8":"05130105","pid":"48161429"},"geometry":{"type":"MultiLineString","coordinates":[[[-85.21596,36.18202],[-85.21605,36.18337],[-85.21521,36.18471],[-85.21548,36.1857],[-85.21455,36.18602],[-85.21391,36.18669],[-85.21323,36.18859],[-85.21313,36.19003],[-85.21096,36.19167],[-85.20993,36.19186],[-85.20846,36.19147],[-85.20701,36.19167],[-85.20536,36.1915]]]}},{"type":"Feature","properties":{"kind":"minor-water","name":"Little Piney Creek","ftype":558,"lengthKm":0.19,"hu8":"05130105","pid":"48162055"},"geometry":{"type":"MultiLineString","coordinates":[[[-85.13198,36.1382],[-85.12992,36.13769]]]}},{"type":"Feature","properties":{"kind":"minor-water","name":"Meadow Creek","ftype":558,"lengthKm":0.16,"hu8":"05130105","pid":"48162420"},"geometry":{"type":"MultiLineString","coordinates":[[[-85.17695,36.11006],[-85.17693,36.11149]]]}},{"type":"Feature","properties":{"kind":"minor-water","name":"Cobb Creek","ftype":558,"lengthKm":0.01,"hu8":"05130105","pid":"48159549"},"geometry":{"type":"MultiLineString","coordinates":[[[-85.01306,36.29523],[-85.0132,36.29527]]]}},{"type":"Feature","properties":{"kind":"minor-water","name":"East Fork Obey River","ftype":460,"lengthKm":0.12,"hu8":"05130105","pid":"48161870"},"geometry":{"type":"MultiLineString","coordinates":[[[-85.18906,36.15676],[-85.18843,36.1577]]]}},{"type":"Feature","properties":{"kind":"minor-water","name":"Officer Branch","ftype":460,"lengthKm":0.01,"hu8":"05130105","pid":"48162072"},"geometry":{"type":"MultiLineString","coordinates":[[[-85.2138,36.14363],[-85.21367,36.14364]]]}},{"type":"Feature","properties":{"kind":"minor-water","name":"Sandy Branch","ftype":460,"lengthKm":2.81,"hu8":"05130105","pid":"48159666"},"geometry":{"type":"MultiLineString","coordinates":[[[-85.09208,36.28803],[-85.0894,36.28812],[-85.08859,36.28846],[-85.08791,36.2884],[-85.08744,36.28877],[-85.08568,36.2884],[-85.08553,36.28893],[-85.08422,36.28859],[-85.08247,36.28915],[-85.08078,36.28863],[-85.07765,36.29002],[-85.07406,36.28967],[-85.07247,36.28982],[-85.06881,36.28809],[-85.06788,36.28839],[-85.06763,36.28823],[-85.06697,36.2868],[-85.06783,36.28481]]]}},{"type":"Feature","properties":{"kind":"minor-water","name":"Johnson Mill Branch","ftype":460,"lengthKm":2.61,"hu8":"05130105","pid":"48160064"},"geometry":{"type":"MultiLineString","coordinates":[[[-85.02862,36.2393],[-85.02928,36.23915],[-85.0304,36.23987],[-85.0293,36.24062],[-85.02959,36.24105],[-85.02947,36.24197],[-85.03044,36.24183],[-85.0311,36.24109],[-85.03169,36.24104],[-85.032,36.24153],[-85.03108,36.24308],[-85.03266,36.24309],[-85.033,36.24416],[-85.03457,36.24392],[-85.03413,36.24505],[-85.03441,36.24543],[-85.03837,36.24611],[-85.03817,36.24696],[-85.03842,36.24733],[-85.0394,36.24706],[-85.04192,36.24556],[-85.04365,36.24504]]]}},{"type":"Feature","properties":{"kind":"minor-water","name":"East Fork Obey River","ftype":558,"lengthKm":1.26,"hu8":"05130105","pid":"48161259"},"geometry":{"type":"MultiLineString","coordinates":[[[-85.1553,36.18719],[-85.1536,36.18803],[-85.15295,36.18923],[-85.1534,36.19009],[-85.15523,36.19127],[-85.15538,36.19228],[-85.15354,36.19305],[-85.14998,36.19344]]]}},{"type":"Feature","properties":{"kind":"minor-water","name":"West Fork Obey River","ftype":558,"lengthKm":0.91,"hu8":"05130105","pid":"48159651"},"geometry":{"type":"MultiLineString","coordinates":[[[-85.1955,36.29796],[-85.19544,36.29953],[-85.19354,36.30134],[-85.19333,36.30253],[-85.19169,36.30524]]]}},{"type":"Feature","properties":{"kind":"minor-water","name":"Little Hurricane Creek","ftype":460,"lengthKm":0.52,"hu8":"05130105","pid":"48160875"},"geometry":{"type":"MultiLineString","coordinates":[[[-85.08318,36.20354],[-85.08186,36.20622],[-85.08196,36.20705],[-85.08116,36.20774]]]}},{"type":"Feature","properties":{"kind":"minor-water","name":"Cub Creek","ftype":460,"lengthKm":2.31,"hu8":"05130105","pid":"48159646"},"geometry":{"type":"MultiLineString","coordinates":[[[-85.15056,36.29591],[-85.15119,36.2965],[-85.15196,36.29668],[-85.1525,36.29755],[-85.15349,36.29787],[-85.15422,36.29905],[-85.1551,36.29929],[-85.15532,36.30004],[-85.15854,36.30111],[-85.16049,36.30289],[-85.16143,36.30302],[-85.1629,36.30397],[-85.1645,36.30378],[-85.16602,36.30424],[-85.16821,36.30435],[-85.16949,36.30411],[-85.17063,36.3043],[-85.17153,36.30397]]]}},{"type":"Feature","properties":{"kind":"minor-water","name":"East Fork Obey River","ftype":558,"lengthKm":1.01,"hu8":"05130105","pid":"48161122"},"geometry":{"type":"MultiLineString","coordinates":[[[-85.14727,36.1962],[-85.14689,36.19925],[-85.1457,36.19976],[-85.14361,36.20142],[-85.14199,36.20364]]]}},{"type":"Feature","properties":{"kind":"minor-water","name":"Sandy Branch","ftype":558,"lengthKm":0.01,"hu8":"05130105","pid":"48159727"},"geometry":{"type":"MultiLineString","coordinates":[[[-85.04412,36.27722],[-85.04405,36.2772]]]}},{"type":"Feature","properties":{"kind":"minor-water","name":"Little Hurricane Creek","ftype":460,"lengthKm":0.77,"hu8":"05130105","pid":"48161216"},"geometry":{"type":"MultiLineString","coordinates":[[[-85.10316,36.18513],[-85.10253,36.18551],[-85.10235,36.18666],[-85.09983,36.18705],[-85.09773,36.187],[-85.09609,36.18745]]]}},{"type":"Feature","properties":{"kind":"minor-water","name":"West Fork Obey River","ftype":460,"lengthKm":0.35,"hu8":"05130105","pid":"48161448"},"geometry":{"type":"MultiLineString","coordinates":[[[-85.21282,36.18051],[-85.21403,36.18169],[-85.21477,36.18202],[-85.21596,36.18202]]]}},{"type":"Feature","properties":{"kind":"minor-water","name":"Little Indian Creek","ftype":460,"lengthKm":0.57,"hu8":"05130105","pid":"48159959"},"geometry":{"type":"MultiLineString","coordinates":[[[-85.1661,36.25866],[-85.16523,36.25895],[-85.1638,36.25879],[-85.16224,36.25911],[-85.16032,36.25794]]]}},{"type":"Feature","properties":{"kind":"minor-water","name":"East Fork Obey River","ftype":558,"lengthKm":0.08,"hu8":"05130105","pid":"48160638"},"geometry":{"type":"MultiLineString","coordinates":[[[-85.12582,36.2198],[-85.12496,36.22]]]}},{"type":"Feature","properties":{"kind":"minor-water","name":"East Fork Obey River","ftype":558,"lengthKm":0.45,"hu8":"05130105","pid":"48160815"},"geometry":{"type":"MultiLineString","coordinates":[[[-85.13427,36.21175],[-85.13246,36.21229],[-85.12941,36.2125]]]}},{"type":"Feature","properties":{"kind":"minor-water","name":"East Fork Obey River","ftype":558,"lengthKm":1.15,"hu8":"05130105","pid":"48159949"},"geometry":{"type":"MultiLineString","coordinates":[[[-85.04642,36.25007],[-85.04679,36.2516],[-85.04609,36.2531],[-85.04427,36.25432],[-85.04001,36.25609],[-85.03881,36.25705]]]}},{"type":"Feature","properties":{"kind":"minor-water","name":"Dripping Springs Creek","ftype":460,"lengthKm":1.2,"hu8":"05130105","pid":"48162497"},"geometry":{"type":"MultiLineString","coordinates":[[[-85.23441,36.09919],[-85.23375,36.10005],[-85.23289,36.1004],[-85.22969,36.10023],[-85.22697,36.10134],[-85.22494,36.1016],[-85.22385,36.1021],[-85.2223,36.10206]]]}},{"type":"Feature","properties":{"kind":"minor-water","name":"Meadow Creek","ftype":558,"lengthKm":1.1,"hu8":"05130105","pid":"48162403"},"geometry":{"type":"MultiLineString","coordinates":[[[-85.17693,36.11149],[-85.1773,36.11214],[-85.1783,36.11261],[-85.17952,36.11236],[-85.1807,36.11273],[-85.18162,36.11384],[-85.18475,36.11401],[-85.1858,36.11615]]]}},{"type":"Feature","properties":{"kind":"minor-water","name":"East Fork Obey River","ftype":558,"lengthKm":0.58,"hu8":"05130105","pid":"48160276"},"geometry":{"type":"MultiLineString","coordinates":[[[-85.06803,36.23435],[-85.06433,36.23569],[-85.06412,36.23765]]]}},{"type":"Feature","properties":{"kind":"minor-water","name":"Little Hurricane Creek","ftype":460,"lengthKm":0.3,"hu8":"05130105","pid":"48161146"},"geometry":{"type":"MultiLineString","coordinates":[[[-85.09411,36.18967],[-85.09182,36.1907],[-85.09149,36.19123]]]}},{"type":"Feature","properties":{"kind":"minor-water","name":"East Fork Obey River","ftype":558,"lengthKm":0.13,"hu8":"05130105","pid":"48159620"},"geometry":{"type":"MultiLineString","coordinates":[[[-85.02258,36.28701],[-85.0229,36.28818]]]}},{"type":"Feature","properties":{"kind":"minor-water","name":"Meadow Creek","ftype":460,"lengthKm":0.25,"hu8":"05130105","pid":"48162486"},"geometry":{"type":"MultiLineString","coordinates":[[[-85.18231,36.09748],[-85.18238,36.09829],[-85.1835,36.09937]]]}},{"type":"Feature","properties":{"kind":"minor-water","name":"Hurricane Creek","ftype":460,"lengthKm":0.71,"hu8":"05130105","pid":"48161783"},"geometry":{"type":"MultiLineString","coordinates":[[[-85.10196,36.1526],[-85.10023,36.15274],[-85.09898,36.15389],[-85.09685,36.15476],[-85.09526,36.15394]]]}},{"type":"Feature","properties":{"kind":"minor-water","name":"Marth Branch","ftype":460,"lengthKm":0.31,"hu8":"05130105","pid":"48162176"},"geometry":{"type":"MultiLineString","coordinates":[[[-85.17244,36.12989],[-85.17525,36.13157]]]}},{"type":"Feature","properties":{"kind":"minor-water","name":"Slate Creek","ftype":460,"lengthKm":1.83,"hu8":"05130105","pid":"48160268"},"geometry":{"type":"MultiLineString","coordinates":[[[-85.03801,36.23213],[-85.03889,36.23308],[-85.03797,36.23449],[-85.03882,36.23519],[-85.03969,36.23836],[-85.03884,36.23978],[-85.03823,36.24162],[-85.03832,36.24231],[-85.0391,36.2431],[-85.04211,36.24443],[-85.04319,36.24459],[-85.04365,36.24504]]]}},{"type":"Feature","properties":{"kind":"minor-water","name":"Dripping Springs Creek","ftype":460,"lengthKm":0.37,"hu8":"05130105","pid":"48162469"},"geometry":{"type":"MultiLineString","coordinates":[[[-85.22022,36.10338],[-85.21822,36.10458],[-85.21671,36.105]]]}},{"type":"Feature","properties":{"kind":"minor-water","name":"Charlie Branch","ftype":460,"lengthKm":1.01,"hu8":"05130105","pid":"48161727"},"geometry":{"type":"MultiLineString","coordinates":[[[-85.16181,36.16233],[-85.16161,36.1636],[-85.16265,36.16469],[-85.16337,36.16711],[-85.16466,36.16817],[-85.16746,36.16903]]]}},{"type":"Feature","properties":{"kind":"minor-water","name":"Hurricane Creek","ftype":460,"lengthKm":0.25,"hu8":"05130105","pid":"48162246"},"geometry":{"type":"MultiLineString","coordinates":[[[-85.11532,36.1207],[-85.11366,36.1217],[-85.1133,36.12223]]]}},{"type":"Feature","properties":{"kind":"minor-water","name":"Garrison Branch","ftype":558,"lengthKm":0.04,"hu8":"05130105","pid":"48161974"},"geometry":{"type":"MultiLineString","coordinates":[[[-85.22915,36.15347],[-85.22878,36.15334]]]}},{"type":"Feature","properties":{"kind":"minor-water","name":"East Fork Obey River","ftype":558,"lengthKm":0.69,"hu8":"05130105","pid":"48159585"},"geometry":{"type":"MultiLineString","coordinates":[[[-85.01946,36.29194],[-85.01674,36.29408],[-85.01402,36.29476],[-85.0132,36.29527]]]}},{"type":"Feature","properties":{"kind":"minor-water","name":"Little Laurel Creek","ftype":460,"lengthKm":0.5,"hu8":"05130105","pid":"48159846"},"geometry":{"type":"MultiLineString","coordinates":[[[-85.09794,36.27091],[-85.09709,36.2702],[-85.09749,36.26881],[-85.09732,36.26823],[-85.09682,36.2678],[-85.09575,36.26754]]]}},{"type":"Feature","properties":{"kind":"minor-water","name":"Meadow Creek","ftype":460,"lengthKm":0.59,"hu8":"05130105","pid":"48162651"},"geometry":{"type":"MultiLineString","coordinates":[[[-85.213,36.0459],[-85.21235,36.04963],[-85.2117,36.05108]]]}},{"type":"Feature","properties":{"kind":"minor-water","name":"Slate Creek","ftype":460,"lengthKm":0.7,"hu8":"05130105","pid":"48160659"},"geometry":{"type":"MultiLineString","coordinates":[[[-85.03139,36.2103],[-85.03173,36.21259],[-85.03287,36.21318],[-85.03204,36.21493],[-85.03258,36.21589]]]}},{"type":"Feature","properties":{"kind":"minor-water","name":"East Fork Obey River","ftype":460,"lengthKm":0.64,"hu8":"05130105","pid":"48162028"},"geometry":{"type":"MultiLineString","coordinates":[[[-85.20403,36.14698],[-85.20288,36.14684],[-85.20226,36.14848],[-85.20048,36.14896],[-85.19889,36.14989]]]}},{"type":"Feature","properties":{"kind":"minor-water","name":"Piney Creek","ftype":558,"lengthKm":0.62,"hu8":"05130105","pid":"48162264"},"geometry":{"type":"MultiLineString","coordinates":[[[-85.13432,36.1223],[-85.1335,36.12253],[-85.13247,36.12233],[-85.13196,36.12263],[-85.13228,36.12324],[-85.13383,36.12344],[-85.13232,36.12441]]]}},{"type":"Feature","properties":{"kind":"minor-water","name":"Meadow Creek","ftype":460,"lengthKm":1.04,"hu8":"05130105","pid":"48162320"},"geometry":{"type":"MultiLineString","coordinates":[[[-85.19022,36.1214],[-85.18929,36.12209],[-85.18804,36.12152],[-85.18727,36.12156],[-85.18802,36.12294],[-85.18739,36.12344],[-85.18443,36.12423],[-85.18215,36.12417]]]}},{"type":"Feature","properties":{"kind":"minor-water","name":"Slate Creek","ftype":460,"lengthKm":1.55,"hu8":"05130105","pid":"48161110"},"geometry":{"type":"MultiLineString","coordinates":[[[-85.04659,36.18748],[-85.046,36.19028],[-85.04419,36.19061],[-85.04143,36.19177],[-85.03933,36.19194],[-85.03832,36.19291],[-85.03848,36.1937],[-85.03768,36.19504],[-85.03662,36.19527],[-85.03557,36.19496]]]}},{"type":"Feature","properties":{"kind":"minor-water","name":"Mineral Springs Branch","ftype":460,"lengthKm":0.09,"hu8":"05130105","pid":"48161885"},"geometry":{"type":"MultiLineString","coordinates":[[[-85.21348,36.15877],[-85.21271,36.15831]]]}},{"type":"Feature","properties":{"kind":"minor-water","name":"Dry Branch","ftype":460,"lengthKm":2.47,"hu8":"05130105","pid":"48159684"},"geometry":{"type":"MultiLineString","coordinates":[[[-85.21926,36.29693],[-85.21609,36.29815],[-85.21472,36.29775],[-85.2138,36.29782],[-85.213,36.29901],[-85.21033,36.30009],[-85.20933,36.30127],[-85.20489,36.30169],[-85.20298,36.30153],[-85.1998,36.3005],[-85.19813,36.2997],[-85.19647,36.29825],[-85.19557,36.29795]]]}},{"type":"Feature","properties":{"kind":"minor-water","name":"Meadow Creek","ftype":460,"lengthKm":0.45,"hu8":"05130105","pid":"48162533"},"geometry":{"type":"MultiLineString","coordinates":[[[-85.18621,36.08473],[-85.18677,36.08527],[-85.18624,36.08575],[-85.18614,36.08845]]]}},{"type":"Feature","properties":{"kind":"minor-water","name":"East Fork Obey River","ftype":558,"lengthKm":1.07,"hu8":"05130105","pid":"48159500"},"geometry":{"type":"MultiLineString","coordinates":[[[-85.01258,36.29841],[-85.01157,36.30121],[-85.01132,36.3041],[-85.01177,36.30468],[-85.0132,36.30534],[-85.01354,36.30709]]]}},{"type":"Feature","properties":{"kind":"minor-water","name":"Hurricane Creek","ftype":460,"lengthKm":0.75,"hu8":"05130105","pid":"48160800"},"geometry":{"type":"MultiLineString","coordinates":[[[-85.07366,36.20681],[-85.07227,36.20978],[-85.07307,36.21081],[-85.07302,36.2118],[-85.07446,36.21258]]]}},{"type":"Feature","properties":{"kind":"minor-water","name":"Panther Branch","ftype":460,"lengthKm":3.89,"hu8":"05130105","pid":"48159551"},"geometry":{"type":"MultiLineString","coordinates":[[[-85.05204,36.2986],[-85.05004,36.30117],[-85.04872,36.30173],[-85.04784,36.30254],[-85.04694,36.30241],[-85.0461,36.30293],[-85.04555,36.3044],[-85.04367,36.30487],[-85.04288,36.30558],[-85.04165,36.30611],[-85.04085,36.30723],[-85.03938,36.3076],[-85.03915,36.30892],[-85.03816,36.30994],[-85.0372,36.31014],[-85.03679,36.31218],[-85.03555,36.31316],[-85.03478,36.3145],[-85.03332,36.31503],[-85.03282,36.31552],[-85.0307,36.31612],[-85.02918,36.31718],[-85.02824,36.31865],[-85.02576,36.31959],[-85.0244,36.32055],[-85.02348,36.32167]]]}},{"type":"Feature","properties":{"kind":"minor-water","name":"Wolf Branch","ftype":460,"lengthKm":0.01,"hu8":"05130105","pid":"48160572"},"geometry":{"type":"MultiLineString","coordinates":[[[-85.14925,36.22392],[-85.14913,36.22386]]]}},{"type":"Feature","properties":{"kind":"minor-water","name":"West Fork Obey River","ftype":460,"lengthKm":0.43,"hu8":"05130105","pid":"48161510"},"geometry":{"type":"MultiLineString","coordinates":[[[-85.19985,36.17663],[-85.2035,36.17748],[-85.20425,36.17807]]]}},{"type":"Feature","properties":{"kind":"minor-water","name":"Little Hurricane Creek","ftype":460,"lengthKm":0.16,"hu8":"05130105","pid":"48161621"},"geometry":{"type":"MultiLineString","coordinates":[[[-85.12198,36.16623],[-85.12064,36.1653]]]}},{"type":"Feature","properties":{"kind":"minor-water","name":"Hurricane Creek","ftype":460,"lengthKm":0.62,"hu8":"05130105","pid":"48161905"},"geometry":{"type":"MultiLineString","coordinates":[[[-85.10611,36.146],[-85.10518,36.14613],[-85.1049,36.14647],[-85.10514,36.14699],[-85.10494,36.14861],[-85.1055,36.14937],[-85.10466,36.1498],[-85.10481,36.15032]]]}},{"type":"Feature","properties":{"kind":"minor-water","name":"West Fork Obey River","ftype":460,"lengthKm":0.75,"hu8":"05130105","pid":"48160646"},"geometry":{"type":"MultiLineString","coordinates":[[[-85.21314,36.22748],[-85.21516,36.22871],[-85.21816,36.22959],[-85.22006,36.23108]]]}},{"type":"Feature","properties":{"kind":"minor-water","name":"West Fork Obey River","ftype":558,"lengthKm":0.61,"hu8":"05130105","pid":"48159799"},"geometry":{"type":"MultiLineString","coordinates":[[[-85.19788,36.28141],[-85.19993,36.28451],[-85.20004,36.2857],[-85.19972,36.28643]]]}},{"type":"Feature","properties":{"kind":"minor-water","name":"East Fork Obey River","ftype":558,"lengthKm":0.61,"hu8":"05130105","pid":"48160011"},"geometry":{"type":"MultiLineString","coordinates":[[[-85.05565,36.24392],[-85.05376,36.24413],[-85.05014,36.24522],[-85.0491,36.24518]]]}},{"type":"Feature","properties":{"kind":"minor-water","name":"Whiteoak Branch","ftype":460,"lengthKm":0.79,"hu8":"05130105","pid":"48160321"},"geometry":{"type":"MultiLineString","coordinates":[[[-85.14069,36.2373],[-85.14193,36.23782],[-85.14306,36.23893],[-85.14484,36.2396],[-85.14568,36.24161],[-85.14633,36.24226]]]}},{"type":"Feature","properties":{"kind":"minor-water","name":"Austin Branch","ftype":460,"lengthKm":1.22,"hu8":"05130105","pid":"48161081"},"geometry":{"type":"MultiLineString","coordinates":[[[-85.16593,36.20631],[-85.16393,36.20605],[-85.16132,36.20405],[-85.15711,36.20282],[-85.15624,36.20152],[-85.15598,36.20018]]]}},{"type":"Feature","properties":{"kind":"minor-water","name":"Garrison Branch","ftype":460,"lengthKm":0.44,"hu8":"05130105","pid":"48161980"},"geometry":{"type":"MultiLineString","coordinates":[[[-85.23663,36.15469],[-85.23556,36.15466],[-85.23485,36.1539],[-85.23419,36.15372],[-85.23304,36.15362],[-85.2324,36.15407]]]}},{"type":"Feature","properties":{"kind":"minor-water","name":"Charlie Branch","ftype":558,"lengthKm":0.09,"hu8":"05130105","pid":"48161750"},"geometry":{"type":"MultiLineString","coordinates":[[[-85.16203,36.16085],[-85.16162,36.16104],[-85.16194,36.16142]]]}},{"type":"Feature","properties":{"kind":"minor-water","name":"Bullpen Branch","ftype":558,"lengthKm":0.6,"hu8":"05130105","pid":"48162119"},"geometry":{"type":"MultiLineString","coordinates":[[[-85.24707,36.14285],[-85.24159,36.14586]]]}},{"type":"Feature","properties":{"kind":"minor-water","name":"East Fork Obey River","ftype":460,"lengthKm":1.09,"hu8":"05130105","pid":"48161912"},"geometry":{"type":"MultiLineString","coordinates":[[[-85.19866,36.153],[-85.19475,36.15499],[-85.19419,36.1549],[-85.19344,36.15417],[-85.1929,36.15413],[-85.19194,36.15551],[-85.18906,36.15676]]]}},{"type":"Feature","properties":{"kind":"minor-water","name":"Blaylock Branch","ftype":460,"lengthKm":0.06,"hu8":"05130105","pid":"48162126"},"geometry":{"type":"MultiLineString","coordinates":[[[-85.20791,36.13898],[-85.20759,36.13949]]]}},{"type":"Feature","properties":{"kind":"minor-water","name":"Officer Branch","ftype":460,"lengthKm":0.31,"hu8":"05130105","pid":"48162144"},"geometry":{"type":"MultiLineString","coordinates":[[[-85.22477,36.13797],[-85.22312,36.13909],[-85.22277,36.14012]]]}},{"type":"Feature","properties":{"kind":"minor-water","name":"Galer Branch","ftype":460,"lengthKm":1.25,"hu8":"05130105","pid":"48161173"},"geometry":{"type":"MultiLineString","coordinates":[[[-85.05395,36.1871],[-85.05542,36.18719],[-85.05651,36.18593],[-85.05721,36.18558],[-85.06137,36.18524],[-85.06392,36.18548],[-85.06676,36.18628]]]}},{"type":"Feature","properties":{"kind":"minor-water","name":"Little Hurricane Creek","ftype":460,"lengthKm":1.33,"hu8":"05130105","pid":"48161759"},"geometry":{"type":"MultiLineString","coordinates":[[[-85.13201,36.15784],[-85.13086,36.15944],[-85.12817,36.16173],[-85.12558,36.16488],[-85.12198,36.16623]]]}},{"type":"Feature","properties":{"kind":"minor-water","name":"Slate Creek","ftype":460,"lengthKm":0.78,"hu8":"05130105","pid":"48160888"},"geometry":{"type":"MultiLineString","coordinates":[[[-85.0342,36.19874],[-85.03246,36.20003],[-85.03084,36.2006],[-85.03029,36.20153],[-85.02973,36.2041]]]}},{"type":"Feature","properties":{"kind":"minor-water","name":"East Fork Obey River","ftype":558,"lengthKm":0.6,"hu8":"05130105","pid":"48160217"},"geometry":{"type":"MultiLineString","coordinates":[[[-85.09354,36.23997],[-85.09177,36.23948],[-85.08975,36.23956],[-85.08884,36.24025],[-85.08849,36.24145]]]}},{"type":"Feature","properties":{"kind":"minor-water","name":"Bullpen Branch","ftype":558,"lengthKm":0.09,"hu8":"05130105","pid":"48162015"},"geometry":{"type":"MultiLineString","coordinates":[[[-85.23289,36.15086],[-85.23243,36.15155]]]}},{"type":"Feature","properties":{"kind":"minor-water","name":"Marth Branch","ftype":460,"lengthKm":0.26,"hu8":"05130105","pid":"48162160"},"geometry":{"type":"MultiLineString","coordinates":[[[-85.17525,36.13157],[-85.1778,36.13271]]]}},{"type":"Feature","properties":{"kind":"minor-water","name":"Dripping Springs Creek","ftype":460,"lengthKm":0.39,"hu8":"05130105","pid":"48162324"},"geometry":{"type":"MultiLineString","coordinates":[[[-85.19436,36.12212],[-85.19341,36.12224],[-85.19022,36.1214]]]}},{"type":"Feature","properties":{"kind":"minor-water","name":"West Fork Obey River","ftype":460,"lengthKm":0.45,"hu8":"05130105","pid":"48161473"},"geometry":{"type":"MultiLineString","coordinates":[[[-85.20824,36.1791],[-85.20965,36.1791],[-85.21282,36.18051]]]}},{"type":"Feature","properties":{"kind":"minor-water","name":"Wolf Branch","ftype":460,"lengthKm":0.24,"hu8":"05130105","pid":"48160671"},"geometry":{"type":"MultiLineString","coordinates":[[[-85.1457,36.22177],[-85.14428,36.21994]]]}},{"type":"Feature","properties":{"kind":"minor-water","name":"Little Indian Creek","ftype":460,"lengthKm":1.3,"hu8":"05130105","pid":"48159972"},"geometry":{"type":"MultiLineString","coordinates":[[[-85.16032,36.25794],[-85.15845,36.25872],[-85.1572,36.25862],[-85.15609,36.25892],[-85.15438,36.25882],[-85.15333,36.25843],[-85.15241,36.25861],[-85.1515,36.25833],[-85.1513,36.2579],[-85.1507,36.25784],[-85.14898,36.25663],[-85.14807,36.25542]]]}},{"type":"Feature","properties":{"kind":"minor-water","name":"East Fork Obey River","ftype":558,"lengthKm":0.22,"hu8":"05130105","pid":"48160426"},"geometry":{"type":"MultiLineString","coordinates":[[[-85.12216,36.22887],[-85.11981,36.22934]]]}},{"type":"Feature","properties":{"kind":"minor-water","name":"Meadow Creek","ftype":558,"lengthKm":0.43,"hu8":"05130105","pid":"48162593"},"geometry":{"type":"MultiLineString","coordinates":[[[-85.20314,36.0639],[-85.2004,36.0637],[-85.19844,36.06317]]]}},{"type":"Feature","properties":{"kind":"minor-water","name":"Polebridge Branch","ftype":460,"lengthKm":0.29,"hu8":"05130105","pid":"48161985"},"geometry":{"type":"MultiLineString","coordinates":[[[-85.2448,36.15458],[-85.2416,36.15495]]]}},{"type":"Feature","properties":{"kind":"minor-water","name":"East Fork Obey River","ftype":558,"lengthKm":0.53,"hu8":"05130105","pid":"48160210"},"geometry":{"type":"MultiLineString","coordinates":[[[-85.09703,36.24333],[-85.09668,36.2429],[-85.09533,36.24251],[-85.09479,36.24086],[-85.09354,36.23997]]]}},{"type":"Feature","properties":{"kind":"minor-water","name":"Blaylock Branch","ftype":460,"lengthKm":0.88,"hu8":"05130105","pid":"48162311"},"geometry":{"type":"MultiLineString","coordinates":[[[-85.22395,36.12425],[-85.22306,36.12586],[-85.21995,36.12775],[-85.21756,36.13011]]]}},{"type":"Feature","properties":{"kind":"minor-water","name":"Meadow Creek","ftype":460,"lengthKm":1.09,"hu8":"05130105","pid":"48162551"},"geometry":{"type":"MultiLineString","coordinates":[[[-85.18686,36.07708],[-85.18679,36.07748],[-85.18853,36.07977],[-85.18951,36.08017],[-85.18929,36.08083],[-85.18961,36.08145],[-85.18914,36.0821],[-85.18734,36.08281],[-85.18621,36.08473]]]}},{"type":"Feature","properties":{"kind":"minor-water","name":"Buck Branch","ftype":558,"lengthKm":0.29,"hu8":"05130105","pid":"48162379"},"geometry":{"type":"MultiLineString","coordinates":[[[-85.18809,36.11433],[-85.1867,36.11577],[-85.1858,36.11615]]]}},{"type":"Feature","properties":{"kind":"minor-water","name":"Slate Creek","ftype":460,"lengthKm":0.99,"hu8":"05130105","pid":"48160367"},"geometry":{"type":"MultiLineString","coordinates":[[[-85.03291,36.22644],[-85.03364,36.22665],[-85.03584,36.22576],[-85.03822,36.22545],[-85.0399,36.22957]]]}},{"type":"Feature","properties":{"kind":"minor-water","name":"Charlie Branch","ftype":460,"lengthKm":0.09,"hu8":"05130105","pid":"48161748"},"geometry":{"type":"MultiLineString","coordinates":[[[-85.16194,36.16142],[-85.16183,36.16219]]]}},{"type":"Feature","properties":{"kind":"minor-water","name":"Marlow Branch","ftype":558,"lengthKm":0.19,"hu8":"05130105","pid":"48160307"},"geometry":{"type":"MultiLineString","coordinates":[[[-85.01895,36.22717],[-85.02107,36.22755]]]}},{"type":"Feature","properties":{"kind":"minor-water","name":"East Fork Obey River","ftype":558,"lengthKm":0.08,"hu8":"05130105","pid":"48161139"},"geometry":{"type":"MultiLineString","coordinates":[[[-85.14722,36.19549],[-85.14727,36.1962]]]}},{"type":"Feature","properties":{"kind":"minor-water","name":"East Fork Obey River","ftype":558,"lengthKm":0.58,"hu8":"05130105","pid":"48161250"},"geometry":{"type":"MultiLineString","coordinates":[[[-85.16078,36.18823],[-85.15949,36.19015],[-85.15888,36.19047],[-85.15759,36.19019],[-85.15687,36.18891]]]}},{"type":"Feature","properties":{"kind":"minor-water","name":"Garrison Branch","ftype":558,"lengthKm":0.59,"hu8":"05130105","pid":"48162012"},"geometry":{"type":"MultiLineString","coordinates":[[[-85.23243,36.15155],[-85.23048,36.15134],[-85.22964,36.15216],[-85.23053,36.15284],[-85.23061,36.15328],[-85.22915,36.15347]]]}},{"type":"Feature","properties":{"kind":"minor-water","name":"Guffy Branch","ftype":460,"lengthKm":1.25,"hu8":"05130105","pid":"48160414"},"geometry":{"type":"MultiLineString","coordinates":[[[-85.05519,36.22331],[-85.05563,36.22489],[-85.05697,36.22583],[-85.06408,36.22691],[-85.06637,36.22697],[-85.0669,36.22727]]]}},{"type":"Feature","properties":{"kind":"minor-water","name":"George Branch","ftype":460,"lengthKm":1.52,"hu8":"05130105","pid":"48162530"},"geometry":{"type":"MultiLineString","coordinates":[[[-85.22432,36.08949],[-85.22147,36.08908],[-85.2194,36.08955],[-85.21823,36.08812],[-85.21696,36.08832],[-85.21538,36.08748],[-85.21451,36.08774],[-85.21431,36.08832],[-85.20944,36.0885]]]}},{"type":"Feature","properties":{"kind":"minor-water","name":"Little Indian Creek","ftype":460,"lengthKm":0.05,"hu8":"05130105","pid":"48160165"},"geometry":{"type":"MultiLineString","coordinates":[[[-85.12445,36.24468],[-85.12397,36.24453]]]}},{"type":"Feature","properties":{"kind":"minor-water","name":"West Fork Obey River","ftype":558,"lengthKm":0.9,"hu8":"05130105","pid":"48159962"},"geometry":{"type":"MultiLineString","coordinates":[[[-85.20634,36.26119],[-85.20549,36.26203],[-85.2049,36.26208],[-85.20338,36.26487],[-85.20418,36.2672],[-85.20413,36.2683]]]}},{"type":"Feature","properties":{"kind":"minor-water","name":"Little Indian Creek","ftype":460,"lengthKm":0.79,"hu8":"05130105","pid":"48160073"},"geometry":{"type":"MultiLineString","coordinates":[[[-85.14288,36.24986],[-85.14231,36.25006],[-85.14191,36.25067],[-85.14035,36.2512],[-85.13937,36.25049],[-85.13819,36.25022],[-85.1358,36.24859]]]}},{"type":"Feature","properties":{"kind":"minor-water","name":"Cooper Branch","ftype":558,"lengthKm":0.16,"hu8":"05130105","pid":"{F3EF48EB-0B3D-400C-9329-CE59D5190279}"},"geometry":{"type":"MultiLineString","coordinates":[[[-85.07195,36.1672],[-85.07015,36.16734]]]}},{"type":"Feature","properties":{"kind":"minor-water","name":"Cooper Branch","ftype":558,"lengthKm":0.08,"hu8":"05130105","pid":"{351762FF-A1A5-4BC8-ADDE-2595E7C8C549}"},"geometry":{"type":"MultiLineString","coordinates":[[[-85.0728,36.16723],[-85.07195,36.1672]]]}},{"type":"Feature","properties":{"kind":"minor-water","name":"Little Hurricane Creek","ftype":460,"lengthKm":0.07,"hu8":"05130105","pid":"{C1155344-3A42-41DF-8933-5BF17877E607}"},"geometry":{"type":"MultiLineString","coordinates":[[[-85.14512,36.15289],[-85.14454,36.15325]]]}},{"type":"Feature","properties":{"kind":"minor-water","name":"Little Hurricane Creek","ftype":460,"lengthKm":0.06,"hu8":"05130105","pid":"{C3FFF4D0-D59B-4AEB-9F20-4FC264B5B463}"},"geometry":{"type":"MultiLineString","coordinates":[[[-85.13958,36.1546],[-85.13901,36.15485]]]}},{"type":"Feature","properties":{"kind":"minor-water","name":"Fond Branch","ftype":460,"lengthKm":0.4,"hu8":"05130105","pid":"{7391839B-DBC1-45B6-A63E-93BB1363AF60}"},"geometry":{"type":"MultiLineString","coordinates":[[[-85.12512,36.16871],[-85.12354,36.16711],[-85.12198,36.16623]]]}},{"type":"Feature","properties":{"kind":"minor-water","name":"Little Piney Creek","ftype":558,"lengthKm":0.95,"hu8":"05130105","pid":"{F6FBE818-55A6-4833-87AA-7CF2F7DF7517}"},"geometry":{"type":"MultiLineString","coordinates":[[[-85.14075,36.13692],[-85.14026,36.13573],[-85.13947,36.1356],[-85.13396,36.13705],[-85.13198,36.1382]]]}},{"type":"Feature","properties":{"kind":"minor-water","name":"Little Piney Creek","ftype":460,"lengthKm":0.15,"hu8":"05130105","pid":"{22579D52-D89D-48B8-9443-B9078B3E9EEB}"},"geometry":{"type":"MultiLineString","coordinates":[[[-85.12992,36.13769],[-85.12825,36.13778]]]}},{"type":"Feature","properties":{"kind":"minor-water","name":"Hurricane Creek","ftype":558,"lengthKm":0.13,"hu8":"05130105","pid":"{3209FED2-58AD-4DBE-BAE4-8FDEE9C9A4DA}"},"geometry":{"type":"MultiLineString","coordinates":[[[-85.13329,36.10946],[-85.13209,36.1101]]]}},{"type":"Feature","properties":{"kind":"minor-water","name":"Fond Branch","ftype":558,"lengthKm":0.49,"hu8":"05130105","pid":"{4A2144A5-8000-4123-BBDE-A86165E5540B}"},"geometry":{"type":"MultiLineString","coordinates":[[[-85.13038,36.16863],[-85.12748,36.16924],[-85.12581,36.16908],[-85.12512,36.16871]]]}},{"type":"Feature","properties":{"kind":"minor-water","name":"Hurricane Creek","ftype":460,"lengthKm":0.29,"hu8":"05130105","pid":"{394880EC-1BD9-4224-B935-BE3BCFA737D0}"},"geometry":{"type":"MultiLineString","coordinates":[[[-85.14375,36.10904],[-85.14202,36.10985],[-85.14117,36.10908]]]}},{"type":"Feature","properties":{"kind":"minor-water","name":"Bartlett Creek","ftype":558,"lengthKm":0.18,"hu8":"05130105","pid":"{3C25BC0E-0204-496E-B609-3D9535FD16A4}"},"geometry":{"type":"MultiLineString","coordinates":[[[-85.13818,36.10468],[-85.13691,36.1059]]]}},{"type":"Feature","properties":{"kind":"minor-water","name":"Buck Branch","ftype":558,"lengthKm":0.14,"hu8":"05130105","pid":"{6C8CDEF9-2E75-4C7D-AF78-CAE747C18B4C}"},"geometry":{"type":"MultiLineString","coordinates":[[[-85.18965,36.114],[-85.18809,36.11433]]]}},{"type":"Feature","properties":{"kind":"minor-water","name":"Piney Creek","ftype":460,"lengthKm":0.26,"hu8":"05130105","pid":"{89EBF705-B28A-4E1C-8C6D-E7F3BD16BDE5}"},"geometry":{"type":"MultiLineString","coordinates":[[[-85.13895,36.12168],[-85.13767,36.12135],[-85.13611,36.12148]]]}},{"type":"Feature","properties":{"kind":"minor-water","name":"Piney Creek","ftype":460,"lengthKm":0.02,"hu8":"05130105","pid":"{90270547-9FCE-4963-899A-A2C6D3ECFB9F}"},"geometry":{"type":"MultiLineString","coordinates":[[[-85.13457,36.12222],[-85.13432,36.1223]]]}},{"type":"Feature","properties":{"kind":"minor-water","name":"Piney Creek","ftype":558,"lengthKm":0.16,"hu8":"05130105","pid":"{936DE20C-8DFE-429D-B5F8-10158825FFAB}"},"geometry":{"type":"MultiLineString","coordinates":[[[-85.13611,36.12148],[-85.13457,36.12222]]]}},{"type":"Feature","properties":{"kind":"minor-water","name":"Meadow Creek","ftype":460,"lengthKm":0.23,"hu8":"05130105","pid":"{7DF344FC-8924-468E-BD89-A4D185F9909D}"},"geometry":{"type":"MultiLineString","coordinates":[[[-85.18182,36.10125],[-85.1809,36.10191],[-85.18102,36.10302]]]}},{"type":"Feature","properties":{"kind":"minor-water","name":"Meadow Creek","ftype":558,"lengthKm":0.13,"hu8":"05130105","pid":"{ED55F497-38B4-4265-AD8F-BDED809331F2}"},"geometry":{"type":"MultiLineString","coordinates":[[[-85.1858,36.11615],[-85.18661,36.11709]]]}},{"type":"Feature","properties":{"kind":"minor-water","name":"Mill Hardy Branch","ftype":460,"lengthKm":0.4,"hu8":"05130106","pid":"136968205"},"geometry":{"type":"MultiLineString","coordinates":[[[-85.43104,36.29288],[-85.43244,36.29271],[-85.43268,36.29212],[-85.43485,36.29149]]]}},{"type":"Feature","properties":{"kind":"minor-water","name":"Little Mill Creek","ftype":460,"lengthKm":1.84,"hu8":"05130106","pid":"136972908"},"geometry":{"type":"MultiLineString","coordinates":[[[-85.47722,36.282],[-85.4761,36.28337],[-85.476,36.28406],[-85.47786,36.28528],[-85.47766,36.28625],[-85.47868,36.28675],[-85.47888,36.28801],[-85.48004,36.2888],[-85.47925,36.29043],[-85.48012,36.29195],[-85.47914,36.29277],[-85.48047,36.29357],[-85.48024,36.29551]]]}},{"type":"Feature","properties":{"kind":"minor-water","name":"Little Mill Creek","ftype":460,"lengthKm":1.18,"hu8":"05130106","pid":"136968157"},"geometry":{"type":"MultiLineString","coordinates":[[[-85.47805,36.25132],[-85.47775,36.25348],[-85.47643,36.25534],[-85.476,36.25655],[-85.47509,36.25721],[-85.47435,36.25984],[-85.47363,36.26108]]]}},{"type":"Feature","properties":{"kind":"minor-water","name":"Little Mill Creek","ftype":460,"lengthKm":0.1,"hu8":"05130106","pid":"136972910"},"geometry":{"type":"MultiLineString","coordinates":[[[-85.47759,36.28113],[-85.47722,36.282]]]}},{"type":"Feature","properties":{"kind":"minor-water","name":"Moody Branch","ftype":558,"lengthKm":0.01,"hu8":"05130106","pid":"136975681"},"geometry":{"type":"MultiLineString","coordinates":[[[-85.45193,36.29518],[-85.45199,36.29512]]]}},{"type":"Feature","properties":{"kind":"minor-water","name":"Danner Branch","ftype":460,"lengthKm":1.12,"hu8":"05130106","pid":"136968199"},"geometry":{"type":"MultiLineString","coordinates":[[[-85.39206,36.28195],[-85.39301,36.28123],[-85.39957,36.27989],[-85.40085,36.27853],[-85.4032,36.27845]]]}},{"type":"Feature","properties":{"kind":"minor-water","name":"Little Mill Creek","ftype":558,"lengthKm":0.04,"hu8":"05130106","pid":"136976347"},"geometry":{"type":"MultiLineString","coordinates":[[[-85.47363,36.26108],[-85.47367,36.26147]]]}},{"type":"Feature","properties":{"kind":"minor-water","name":"Turkey Creek","ftype":460,"lengthKm":0.95,"hu8":"05130106","pid":"136971675"},"geometry":{"type":"MultiLineString","coordinates":[[[-85.41939,36.21014],[-85.41837,36.21018],[-85.41847,36.21084],[-85.41783,36.21122],[-85.41701,36.21435],[-85.41472,36.21702]]]}},{"type":"Feature","properties":{"kind":"minor-water","name":"Spring Creek","ftype":460,"lengthKm":1.26,"hu8":"05130106","pid":"136971861"},"geometry":{"type":"MultiLineString","coordinates":[[[-85.3799,36.2157],[-85.37898,36.21763],[-85.37902,36.21995],[-85.37814,36.22102],[-85.37847,36.22126],[-85.37804,36.22187],[-85.37821,36.22258],[-85.37667,36.22325],[-85.37741,36.22483],[-85.37649,36.22494]]]}},{"type":"Feature","properties":{"kind":"minor-water","name":"Spring Creek","ftype":558,"lengthKm":1.33,"hu8":"05130106","pid":"136975527"},"geometry":{"type":"MultiLineString","coordinates":[[[-85.45936,36.29814],[-85.46182,36.29894],[-85.46267,36.29954],[-85.46305,36.30022],[-85.46329,36.30248],[-85.46308,36.30301],[-85.46249,36.3032],[-85.45925,36.30215],[-85.45861,36.30295],[-85.45873,36.30398]]]}},{"type":"Feature","properties":{"kind":"minor-water","name":"Spring Creek","ftype":558,"lengthKm":0.85,"hu8":"05130106","pid":"136975528"},"geometry":{"type":"MultiLineString","coordinates":[[[-85.45642,36.29379],[-85.45627,36.29299],[-85.45664,36.29265],[-85.45798,36.29336],[-85.45848,36.29496],[-85.45862,36.29754],[-85.45936,36.29814]]]}},{"type":"Feature","properties":{"kind":"minor-water","name":"Spring Creek","ftype":460,"lengthKm":0.59,"hu8":"05130106","pid":"136971853"},"geometry":{"type":"MultiLineString","coordinates":[[[-85.38339,36.23187],[-85.38486,36.23298],[-85.38678,36.23636]]]}},{"type":"Feature","properties":{"kind":"minor-water","name":"Hurricane Creek","ftype":460,"lengthKm":4.29,"hu8":"05130106","pid":"136972928"},"geometry":{"type":"MultiLineString","coordinates":[[[-85.34494,36.21789],[-85.34594,36.21846],[-85.34837,36.21902],[-85.34938,36.22026],[-85.34784,36.22423],[-85.3496,36.22499],[-85.35096,36.2246],[-85.35215,36.22509],[-85.35229,36.22544],[-85.3528,36.22476],[-85.35407,36.22517],[-85.35567,36.22478],[-85.35672,36.22588],[-85.35746,36.22566],[-85.35772,36.22521],[-85.35837,36.22534],[-85.35927,36.225],[-85.35997,36.22527],[-85.36016,36.22475],[-85.36122,36.22446],[-85.36186,36.22475],[-85.36194,36.2252],[-85.3625,36.22449],[-85.3622,36.22398],[-85.36325,36.22429],[-85.36419,36.22357],[-85.36827,36.22364],[-85.36851,36.223],[-85.36902,36.22292],[-85.36944,36.22322],[-85.37061,36.22253],[-85.3716,36.22239],[-85.37291,36.22255],[-85.37304,36.22314],[-85.37433,36.22304],[-85.37649,36.22494]]]}},{"type":"Feature","properties":{"kind":"minor-water","name":"Moody Branch","ftype":460,"lengthKm":1.12,"hu8":"05130106","pid":"136968213"},"geometry":{"type":"MultiLineString","coordinates":[[[-85.44432,36.30219],[-85.44523,36.30152],[-85.44592,36.3001],[-85.44742,36.2992],[-85.44761,36.29772],[-85.44926,36.29746],[-85.45064,36.296],[-85.45193,36.29518]]]}},{"type":"Feature","properties":{"kind":"minor-water","name":"Turkey Creek","ftype":460,"lengthKm":0.18,"hu8":"05130106","pid":"136972924"},"geometry":{"type":"MultiLineString","coordinates":[[[-85.41472,36.21702],[-85.41288,36.21768]]]}},{"type":"Feature","properties":{"kind":"minor-water","name":"Bear Creek","ftype":460,"lengthKm":1.95,"hu8":"05130106","pid":"136972131"},"geometry":{"type":"MultiLineString","coordinates":[[[-85.45358,36.20398],[-85.45183,36.20582],[-85.45165,36.2074],[-85.45237,36.20929],[-85.45114,36.21048],[-85.45087,36.21162],[-85.45106,36.21355],[-85.45155,36.21436],[-85.45288,36.21469],[-85.45327,36.21526],[-85.45325,36.21692],[-85.45394,36.21954]]]}},{"type":"Feature","properties":{"kind":"minor-water","name":"Mill Hardy Branch","ftype":460,"lengthKm":2.3,"hu8":"05130106","pid":"136968209"},"geometry":{"type":"MultiLineString","coordinates":[[[-85.41235,36.30201],[-85.41422,36.30296],[-85.41594,36.3034],[-85.41678,36.30398],[-85.41745,36.30403],[-85.42104,36.30214],[-85.42145,36.30083],[-85.42253,36.30004],[-85.42247,36.2993],[-85.42387,36.29823],[-85.4263,36.29441],[-85.42807,36.29363],[-85.43033,36.29383]]]}},{"type":"Feature","properties":{"kind":"minor-water","name":"Spring Creek","ftype":460,"lengthKm":0.7,"hu8":"05130106","pid":"136971859"},"geometry":{"type":"MultiLineString","coordinates":[[[-85.37649,36.22494],[-85.37679,36.22665],[-85.37656,36.22699],[-85.37793,36.22799],[-85.37794,36.22853],[-85.37903,36.22832],[-85.37897,36.22901],[-85.37949,36.22935]]]}},{"type":"Feature","properties":{"kind":"minor-water","name":"Boles Branch","ftype":460,"lengthKm":1.12,"hu8":"05130106","pid":"136968189"},"geometry":{"type":"MultiLineString","coordinates":[[[-85.37497,36.24579],[-85.37592,36.24477],[-85.37601,36.24395],[-85.37691,36.24254],[-85.37735,36.24242],[-85.37774,36.24167],[-85.38099,36.23843],[-85.38211,36.23786]]]}},{"type":"Feature","properties":{"kind":"minor-water","name":"Spring Creek","ftype":460,"lengthKm":0.02,"hu8":"05130106","pid":"136971857"},"geometry":{"type":"MultiLineString","coordinates":[[[-85.37949,36.22935],[-85.37964,36.22942]]]}},{"type":"Feature","properties":{"kind":"minor-water","name":"Danner Branch","ftype":460,"lengthKm":3.02,"hu8":"05130106","pid":"136968195"},"geometry":{"type":"MultiLineString","coordinates":[[[-85.41345,36.28408],[-85.41623,36.28406],[-85.41791,36.28439],[-85.41955,36.28387],[-85.42221,36.28374],[-85.42456,36.28405],[-85.42629,36.28359],[-85.42709,36.28457],[-85.42786,36.28354],[-85.42899,36.28278],[-85.43079,36.28346],[-85.43425,36.28338],[-85.43682,36.2844],[-85.43959,36.28487],[-85.4391,36.28622],[-85.43674,36.28802]]]}},{"type":"Feature","properties":{"kind":"minor-water","name":"Bear Creek","ftype":460,"lengthKm":1.14,"hu8":"05130106","pid":"136972127"},"geometry":{"type":"MultiLineString","coordinates":[[[-85.45332,36.23133],[-85.45345,36.23169],[-85.45296,36.2322],[-85.45113,36.23287],[-85.4505,36.23346],[-85.44893,36.238],[-85.44826,36.23858],[-85.44676,36.2391]]]}},{"type":"Feature","properties":{"kind":"minor-water","name":"Turkey Creek","ftype":460,"lengthKm":0.07,"hu8":"05130106","pid":"136972922"},"geometry":{"type":"MultiLineString","coordinates":[[[-85.41288,36.21768],[-85.4125,36.2182]]]}},{"type":"Feature","properties":{"kind":"minor-water","name":"Mill Creek","ftype":460,"lengthKm":2.62,"hu8":"05130106","pid":"136967526"},"geometry":{"type":"MultiLineString","coordinates":[[[-85.47813,36.24003],[-85.4793,36.24224],[-85.48099,36.24359],[-85.48226,36.24348],[-85.48441,36.24161],[-85.49133,36.24155],[-85.49312,36.24186],[-85.49791,36.24545],[-85.49997,36.24838]]]}},{"type":"Feature","properties":{"kind":"minor-water","name":"Spring Creek","ftype":558,"lengthKm":0.73,"hu8":"05130106","pid":"136975529"},"geometry":{"type":"MultiLineString","coordinates":[[[-85.45199,36.29512],[-85.45392,36.29641],[-85.45562,36.2965],[-85.45681,36.29562],[-85.45642,36.29379]]]}},{"type":"Feature","properties":{"kind":"minor-water","name":"Spring Creek","ftype":558,"lengthKm":1.08,"hu8":"05130106","pid":"136975531"},"geometry":{"type":"MultiLineString","coordinates":[[[-85.43492,36.29147],[-85.43565,36.29204],[-85.43636,36.29182],[-85.43696,36.28993],[-85.4383,36.2908],[-85.43933,36.29109],[-85.44286,36.28981],[-85.444,36.28968]]]}},{"type":"Feature","properties":{"kind":"minor-water","name":"Spring Creek","ftype":558,"lengthKm":1.51,"hu8":"05130106","pid":"136975536"},"geometry":{"type":"MultiLineString","coordinates":[[[-85.41157,36.25086],[-85.41228,36.25146],[-85.41284,36.25271],[-85.41163,36.25502],[-85.41276,36.25701],[-85.41384,36.25818],[-85.41395,36.259],[-85.41364,36.25972],[-85.41058,36.26247]]]}},{"type":"Feature","properties":{"kind":"minor-water","name":"Mill Creek","ftype":460,"lengthKm":3.78,"hu8":"05130106","pid":"136972276"},"geometry":{"type":"MultiLineString","coordinates":[[[-85.50097,36.27681],[-85.50028,36.27823],[-85.49798,36.27969],[-85.49708,36.28075],[-85.49739,36.28298],[-85.4971,36.28393],[-85.496,36.28415],[-85.4952,36.28328],[-85.49457,36.28351],[-85.49424,36.28697],[-85.49215,36.28739],[-85.49076,36.28644],[-85.48964,36.28848],[-85.48838,36.28746],[-85.48804,36.28749],[-85.48867,36.28903],[-85.48641,36.29172],[-85.48589,36.29184],[-85.48514,36.29098],[-85.48478,36.29107],[-85.48262,36.29358],[-85.48024,36.29551]]]}},{"type":"Feature","properties":{"kind":"minor-water","name":"Spring Creek","ftype":558,"lengthKm":3.4,"hu8":"05130106","pid":"136975533"},"geometry":{"type":"MultiLineString","coordinates":[[[-85.43886,36.27259],[-85.43919,36.27436],[-85.43889,36.275],[-85.43948,36.27621],[-85.43839,36.2774],[-85.43821,36.27849],[-85.43878,36.27856],[-85.44034,36.27769],[-85.44171,36.27738],[-85.44342,36.27974],[-85.44546,36.28179],[-85.44553,36.28258],[-85.44527,36.28321],[-85.44458,36.28332],[-85.44294,36.28175],[-85.44197,36.28176],[-85.44134,36.2829],[-85.44016,36.28871],[-85.43936,36.28919],[-85.43761,36.28929],[-85.43668,36.28803]]]}},{"type":"Feature","properties":{"kind":"minor-water","name":"Spring Creek","ftype":558,"lengthKm":0.9,"hu8":"05130106","pid":"136975534"},"geometry":{"type":"MultiLineString","coordinates":[[[-85.43116,36.26934],[-85.43262,36.27042],[-85.43531,36.27169],[-85.43614,36.27259],[-85.43822,36.27172],[-85.43886,36.27259]]]}},{"type":"Feature","properties":{"kind":"minor-water","name":"Bear Creek","ftype":558,"lengthKm":0.01,"hu8":"05130106","pid":"136975632"},"geometry":{"type":"MultiLineString","coordinates":[[[-85.4312,36.26928],[-85.43116,36.26934]]]}},{"type":"Feature","properties":{"kind":"minor-water","name":"Mill Hardy Branch","ftype":558,"lengthKm":0.01,"hu8":"05130106","pid":"136975679"},"geometry":{"type":"MultiLineString","coordinates":[[[-85.43485,36.29149],[-85.43492,36.29147]]]}},{"type":"Feature","properties":{"kind":"minor-water","name":"Sulphur Branch","ftype":460,"lengthKm":1.49,"hu8":"05130106","pid":"136967443"},"geometry":{"type":"MultiLineString","coordinates":[[[-85.37497,36.29301],[-85.376,36.29486],[-85.37588,36.29578],[-85.37648,36.29615],[-85.37719,36.29782],[-85.37825,36.29838],[-85.37845,36.29894],[-85.37944,36.29876],[-85.38055,36.29995],[-85.38069,36.30058],[-85.37958,36.30224],[-85.37977,36.30386]]]}},{"type":"Feature","properties":{"kind":"minor-water","name":"Spring Creek","ftype":460,"lengthKm":1.91,"hu8":"05130106","pid":"136971865"},"geometry":{"type":"MultiLineString","coordinates":[[[-85.36246,36.2063],[-85.36258,36.20676],[-85.3638,36.20724],[-85.36469,36.20717],[-85.36604,36.2076],[-85.36811,36.20901],[-85.36906,36.20896],[-85.37062,36.20952],[-85.37227,36.21195],[-85.37432,36.2131],[-85.37523,36.21416],[-85.37574,36.21416],[-85.37667,36.21357],[-85.37895,36.21408]]]}},{"type":"Feature","properties":{"kind":"minor-water","name":"Roaring River","ftype":460,"lengthKm":8.73,"hu8":"05130106","pid":"136972936"},"geometry":{"type":"MultiLineString","coordinates":[[[-85.33593,36.27205],[-85.33518,36.27247],[-85.33473,36.27319],[-85.33456,36.27482],[-85.33379,36.27566],[-85.33479,36.27736],[-85.33474,36.27902],[-85.33427,36.28005],[-85.33537,36.28098],[-85.33487,36.28227],[-85.3351,36.28386],[-85.33444,36.28468],[-85.33465,36.28671],[-85.33312,36.28912],[-85.33373,36.28984],[-85.3351,36.28859],[-85.33625,36.28887],[-85.33474,36.29074],[-85.33426,36.29217],[-85.33475,36.29356],[-85.3369,36.2949],[-85.33748,36.29577],[-85.33758,36.29716],[-85.33676,36.29791],[-85.33709,36.29859],[-85.33596,36.29938],[-85.33631,36.30059],[-85.33601,36.30139],[-85.33815,36.30497],[-85.33929,36.30575],[-85.33984,36.30564],[-85.34046,36.306],[-85.34107,36.30584],[-85.34152,36.3064],[-85.3414,36.30807],[-85.33936,36.30975],[-85.34004,36.31048],[-85.34008,36.31134],[-85.3411,36.31225],[-85.33926,36.31391],[-85.34024,36.31651],[-85.33966,36.31793],[-85.34219,36.31927],[-85.34386,36.3195],[-85.34474,36.32008],[-85.34429,36.32158],[-85.34343,36.32284],[-85.34346,36.32345],[-85.34493,36.32353],[-85.34629,36.32322],[-85.34679,36.32379],[-85.34478,36.3268],[-85.34754,36.32805],[-85.34837,36.32892],[-85.34985,36.32966],[-85.34998,36.33041]]]}},{"type":"Feature","properties":{"kind":"minor-water","name":"Sulphur Branch","ftype":460,"lengthKm":1.14,"hu8":"05130106","pid":"136972068"},"geometry":{"type":"MultiLineString","coordinates":[[[-85.37265,36.28361],[-85.37312,36.28532],[-85.37267,36.28607],[-85.37278,36.28759],[-85.37361,36.28892],[-85.3746,36.28929],[-85.37431,36.29107],[-85.37497,36.29301]]]}},{"type":"Feature","properties":{"kind":"minor-water","name":"Bear Creek","ftype":460,"lengthKm":0.7,"hu8":"05130106","pid":"136972125"},"geometry":{"type":"MultiLineString","coordinates":[[[-85.44676,36.2391],[-85.44635,36.23945],[-85.44532,36.23933],[-85.44446,36.23979],[-85.44432,36.2406],[-85.44496,36.24253],[-85.44429,36.24378]]]}},{"type":"Feature","properties":{"kind":"minor-water","name":"Bear Creek","ftype":460,"lengthKm":1.6,"hu8":"05130106","pid":"136972129"},"geometry":{"type":"MultiLineString","coordinates":[[[-85.45394,36.21954],[-85.45343,36.2211],[-85.45407,36.2222],[-85.45403,36.22304],[-85.45056,36.22747],[-85.45105,36.22875],[-85.45064,36.22922],[-85.45079,36.22963],[-85.45143,36.23015],[-85.45217,36.23004],[-85.45261,36.23059],[-85.45253,36.23105],[-85.45332,36.23133]]]}},{"type":"Feature","properties":{"kind":"minor-water","name":"Little Mill Creek","ftype":460,"lengthKm":0.75,"hu8":"05130106","pid":"136972914"},"geometry":{"type":"MultiLineString","coordinates":[[[-85.47367,36.26147],[-85.47451,36.26286],[-85.47593,36.26403],[-85.47741,36.26593],[-85.47728,36.26723]]]}},{"type":"Feature","properties":{"kind":"minor-water","name":"Spring Creek","ftype":460,"lengthKm":2.48,"hu8":"05130106","pid":"136971848"},"geometry":{"type":"MultiLineString","coordinates":[[[-85.39392,36.24969],[-85.39523,36.24928],[-85.39865,36.24715],[-85.39979,36.24698],[-85.40143,36.24898],[-85.40467,36.2498],[-85.40496,36.25018],[-85.40642,36.25065],[-85.40762,36.25227],[-85.40745,36.25441],[-85.40836,36.25479],[-85.40995,36.25396],[-85.41096,36.25109],[-85.41157,36.25086]]]}},{"type":"Feature","properties":{"kind":"minor-water","name":"Spring Creek","ftype":558,"lengthKm":4.03,"hu8":"05130106","pid":"136975535"},"geometry":{"type":"MultiLineString","coordinates":[[[-85.41058,36.26247],[-85.41033,36.26357],[-85.41144,36.26473],[-85.41277,36.2652],[-85.41646,36.26564],[-85.42059,36.26743],[-85.42297,36.26916],[-85.424,36.2712],[-85.42275,36.27461],[-85.42292,36.27571],[-85.42371,36.27652],[-85.42625,36.27637],[-85.42681,36.27568],[-85.42532,36.27387],[-85.42507,36.27306],[-85.42588,36.26937],[-85.4267,36.26792],[-85.42782,36.26784],[-85.43116,36.26934]]]}},{"type":"Feature","properties":{"kind":"minor-water","name":"Boles Branch","ftype":460,"lengthKm":0.57,"hu8":"05130106","pid":"136972930"},"geometry":{"type":"MultiLineString","coordinates":[[[-85.37497,36.25023],[-85.37417,36.24974],[-85.37422,36.24825],[-85.37378,36.2469],[-85.37497,36.24579]]]}},{"type":"Feature","properties":{"kind":"minor-water","name":"Little Mill Creek","ftype":460,"lengthKm":1.62,"hu8":"05130106","pid":"136972912"},"geometry":{"type":"MultiLineString","coordinates":[[[-85.47728,36.26723],[-85.47643,36.26991],[-85.47694,36.2717],[-85.47781,36.27264],[-85.47683,36.27529],[-85.47712,36.27661],[-85.47662,36.27722],[-85.47759,36.28113]]]}},{"type":"Feature","properties":{"kind":"minor-water","name":"Spring Creek","ftype":460,"lengthKm":0.66,"hu8":"05130106","pid":"136971855"},"geometry":{"type":"MultiLineString","coordinates":[[[-85.37964,36.22942],[-85.38003,36.22993],[-85.37972,36.23015],[-85.37995,36.23054],[-85.37954,36.23086],[-85.37959,36.23153],[-85.38,36.23196],[-85.38269,36.23234],[-85.38339,36.23187]]]}},{"type":"Feature","properties":{"kind":"minor-water","name":"Talent Branch","ftype":460,"lengthKm":2.92,"hu8":"05130106","pid":"136968183"},"geometry":{"type":"MultiLineString","coordinates":[[[-85.3838,36.19126],[-85.38391,36.19263],[-85.38304,36.19505],[-85.38253,36.19752],[-85.38263,36.19884],[-85.38348,36.19977],[-85.38462,36.20035],[-85.38526,36.20255],[-85.38512,36.2034],[-85.38606,36.20446],[-85.38509,36.20481],[-85.38458,36.20562],[-85.38491,36.20641],[-85.38259,36.21052],[-85.37967,36.2132],[-85.37915,36.2133],[-85.37895,36.21408]]]}},{"type":"Feature","properties":{"kind":"minor-water","name":"Sulphur Branch","ftype":558,"lengthKm":0.08,"hu8":"05130106","pid":"136976166"},"geometry":{"type":"MultiLineString","coordinates":[[[-85.37201,36.2831],[-85.37265,36.28361]]]}},{"type":"Feature","properties":{"kind":"minor-water","name":"Kuykendall Branch","ftype":460,"lengthKm":2.49,"hu8":"05130106","pid":"136968061"},"geometry":{"type":"MultiLineString","coordinates":[[[-85.48497,36.21769],[-85.48508,36.2158],[-85.4889,36.21325],[-85.49098,36.21049],[-85.49236,36.21014],[-85.49353,36.21021],[-85.49792,36.20834],[-85.49933,36.20814],[-85.50208,36.20868],[-85.50455,36.20837],[-85.50643,36.20908]]]}},{"type":"Feature","properties":{"kind":"minor-water","name":"Spring Creek","ftype":558,"lengthKm":0.62,"hu8":"05130106","pid":"136975532"},"geometry":{"type":"MultiLineString","coordinates":[[[-85.43668,36.28803],[-85.43609,36.28719],[-85.43547,36.28756],[-85.43488,36.29],[-85.43492,36.29147]]]}},{"type":"Feature","properties":{"kind":"minor-water","name":"Boles Branch","ftype":460,"lengthKm":0.46,"hu8":"05130106","pid":"136968185"},"geometry":{"type":"MultiLineString","coordinates":[[[-85.38211,36.23786],[-85.38516,36.23645],[-85.38678,36.23636]]]}},{"type":"Feature","properties":{"kind":"minor-water","name":"Boles Branch","ftype":460,"lengthKm":0.66,"hu8":"05130106","pid":"136968187"},"geometry":{"type":"MultiLineString","coordinates":[[[-85.37566,36.25507],[-85.37679,36.25345],[-85.3771,36.25199],[-85.3763,36.25078],[-85.37497,36.25023]]]}},{"type":"Feature","properties":{"kind":"minor-water","name":"Bear Creek","ftype":460,"lengthKm":1.1,"hu8":"05130106","pid":"136972133"},"geometry":{"type":"MultiLineString","coordinates":[[[-85.45645,36.19455],[-85.45599,36.19492],[-85.45592,36.19607],[-85.45483,36.19798],[-85.45468,36.20126],[-85.45358,36.20398]]]}},{"type":"Feature","properties":{"kind":"minor-water","name":"Spring Creek","ftype":460,"lengthKm":2.25,"hu8":"05130106","pid":"136971851"},"geometry":{"type":"MultiLineString","coordinates":[[[-85.38678,36.23636],[-85.38725,36.23774],[-85.38811,36.23766],[-85.38889,36.23718],[-85.38979,36.23946],[-85.38946,36.24089],[-85.38648,36.24414],[-85.3867,36.24589],[-85.38959,36.24756],[-85.3899,36.249],[-85.39392,36.24969]]]}},{"type":"Feature","properties":{"kind":"minor-water","name":"Turkey Creek","ftype":460,"lengthKm":0.97,"hu8":"05130106","pid":"136972916"},"geometry":{"type":"MultiLineString","coordinates":[[[-85.40863,36.24257],[-85.40849,36.24333],[-85.40914,36.24427],[-85.41157,36.25086]]]}},{"type":"Feature","properties":{"kind":"minor-water","name":"Spring Creek","ftype":460,"lengthKm":0.21,"hu8":"05130106","pid":"136971863"},"geometry":{"type":"MultiLineString","coordinates":[[[-85.37895,36.21408],[-85.37941,36.21437],[-85.3799,36.2157]]]}},{"type":"Feature","properties":{"kind":"minor-water","name":"Bear Creek","ftype":460,"lengthKm":1.08,"hu8":"05130106","pid":"136972121"},"geometry":{"type":"MultiLineString","coordinates":[[[-85.43889,36.24942],[-85.43598,36.24935],[-85.43621,36.25106],[-85.43694,36.25208],[-85.4365,36.25274],[-85.43648,36.25364],[-85.43493,36.25473],[-85.43348,36.25498]]]}},{"type":"Feature","properties":{"kind":"minor-water","name":"Bear Creek","ftype":460,"lengthKm":1.5,"hu8":"05130106","pid":"136972119"},"geometry":{"type":"MultiLineString","coordinates":[[[-85.43348,36.25498],[-85.43296,36.25547],[-85.43303,36.25632],[-85.43362,36.25728],[-85.43382,36.25887],[-85.43467,36.2609],[-85.43571,36.2623],[-85.4362,36.26409],[-85.43559,36.26584],[-85.4347,36.26629],[-85.43341,36.26641]]]}},{"type":"Feature","properties":{"kind":"minor-water","name":"Turkey Creek","ftype":460,"lengthKm":1.91,"hu8":"05130106","pid":"136972920"},"geometry":{"type":"MultiLineString","coordinates":[[[-85.4125,36.2182],[-85.41072,36.22127],[-85.41074,36.22224],[-85.41028,36.22253],[-85.41026,36.22295],[-85.40972,36.22302],[-85.4079,36.22609],[-85.40838,36.227],[-85.40729,36.23017],[-85.40787,36.23161],[-85.4069,36.23373]]]}},{"type":"Feature","properties":{"kind":"minor-water","name":"Mill Hardy Branch","ftype":460,"lengthKm":0.12,"hu8":"05130106","pid":"136968207"},"geometry":{"type":"MultiLineString","coordinates":[[[-85.43033,36.29383],[-85.43104,36.29288]]]}},{"type":"Feature","properties":{"kind":"minor-water","name":"Bear Creek","ftype":460,"lengthKm":1.09,"hu8":"05130106","pid":"136972123"},"geometry":{"type":"MultiLineString","coordinates":[[[-85.44429,36.24378],[-85.44451,36.24556],[-85.44355,36.24584],[-85.44137,36.24513],[-85.44069,36.24735],[-85.4407,36.24846],[-85.43985,36.24928],[-85.43889,36.24942]]]}},{"type":"Feature","properties":{"kind":"minor-water","name":"Danner Branch","ftype":460,"lengthKm":1.21,"hu8":"05130106","pid":"136968197"},"geometry":{"type":"MultiLineString","coordinates":[[[-85.4032,36.27845],[-85.40586,36.27835],[-85.40925,36.27974],[-85.4102,36.28043],[-85.41202,36.28338],[-85.41345,36.28408]]]}},{"type":"Feature","properties":{"kind":"minor-water","name":"Bear Creek","ftype":460,"lengthKm":0.39,"hu8":"05130106","pid":"136972117"},"geometry":{"type":"MultiLineString","coordinates":[[[-85.43341,36.26641],[-85.43246,36.26682],[-85.4312,36.26928]]]}},{"type":"Feature","properties":{"kind":"minor-water","name":"Spring Creek","ftype":558,"lengthKm":1.12,"hu8":"05130106","pid":"136975530"},"geometry":{"type":"MultiLineString","coordinates":[[[-85.444,36.28968],[-85.44616,36.29028],[-85.44695,36.29077],[-85.44708,36.29141],[-85.44659,36.29294],[-85.44714,36.29371],[-85.44971,36.29378],[-85.45199,36.29512]]]}},{"type":"Feature","properties":{"kind":"minor-water","name":"Spring Creek","ftype":460,"lengthKm":2.12,"hu8":"05130106","pid":"136971867"},"geometry":{"type":"MultiLineString","coordinates":[[[-85.35148,36.19236],[-85.35233,36.19665],[-85.35229,36.19906],[-85.35293,36.20018],[-85.35411,36.20112],[-85.35532,36.2033],[-85.35683,36.20426],[-85.35798,36.20545],[-85.35885,36.20538],[-85.36045,36.20583],[-85.3616,36.2055],[-85.36177,36.2061],[-85.36246,36.2063]]]}},{"type":"Feature","properties":{"kind":"minor-water","name":"Mill Creek","ftype":460,"lengthKm":0.95,"hu8":"05130106","pid":"136972274"},"geometry":{"type":"MultiLineString","coordinates":[[[-85.48024,36.29551],[-85.47915,36.29662],[-85.47898,36.29748],[-85.47764,36.29907],[-85.47691,36.30054],[-85.47544,36.30106],[-85.47577,36.30252]]]}},{"type":"Feature","properties":{"kind":"minor-water","name":"Turkey Creek","ftype":460,"lengthKm":1.08,"hu8":"05130106","pid":"136972918"},"geometry":{"type":"MultiLineString","coordinates":[[[-85.4069,36.23373],[-85.4072,36.23564],[-85.40654,36.23606],[-85.40731,36.2369],[-85.40677,36.23823],[-85.40757,36.23985],[-85.40824,36.24043],[-85.40863,36.24257]]]}},{"type":"Feature","properties":{"kind":"minor-water","name":"Turkey Creek","ftype":460,"lengthKm":1.02,"hu8":"05130106","pid":"136971585"},"geometry":{"type":"MultiLineString","coordinates":[[[-85.42909,36.21027],[-85.42738,36.2092],[-85.42287,36.20989],[-85.42215,36.20987],[-85.42132,36.20937],[-85.42,36.21034],[-85.41949,36.21051],[-85.41939,36.21014]]]}},{"type":"Feature","properties":{"kind":"minor-water","name":"Danner Branch","ftype":558,"lengthKm":0.01,"hu8":"05130106","pid":"136975677"},"geometry":{"type":"MultiLineString","coordinates":[[[-85.43674,36.28802],[-85.43668,36.28803]]]}},{"type":"Feature","properties":{"kind":"minor-water","name":"Lick Branch","ftype":460,"lengthKm":0.72,"hu8":"05130108","pid":"136986033"},"geometry":{"type":"MultiLineString","coordinates":[[[-85.14715,35.91922],[-85.14572,35.91768],[-85.14482,35.91746],[-85.14161,35.9183],[-85.1408,35.91912]]]}},{"type":"Feature","properties":{"kind":"minor-water","name":"Wilkerson Creek","ftype":460,"lengthKm":0.77,"hu8":"05130108","pid":"136986105"},"geometry":{"type":"MultiLineString","coordinates":[[[-85.24997,35.99004],[-85.24903,35.99162],[-85.24747,35.99214],[-85.24716,35.99251],[-85.24297,35.99278]]]}},{"type":"Feature","properties":{"kind":"minor-water","name":"Dry Fork","ftype":460,"lengthKm":2.14,"hu8":"05130108","pid":"136983657"},"geometry":{"type":"MultiLineString","coordinates":[[[-85.46398,35.70581],[-85.46264,35.70711],[-85.46215,35.70934],[-85.45755,35.71246],[-85.45508,35.71541],[-85.45252,35.71586],[-85.45117,35.7156],[-85.44704,35.71684]]]}},{"type":"Feature","properties":{"kind":"minor-water","name":"Cane Creek","ftype":460,"lengthKm":2.83,"hu8":"05130108","pid":"136990632"},"geometry":{"type":"MultiLineString","coordinates":[[[-85.3367,35.58867],[-85.33438,35.58818],[-85.33359,35.58858],[-85.33276,35.58997],[-85.3303,35.58953],[-85.32996,35.58966],[-85.32974,35.59039],[-85.32805,35.59017],[-85.32767,35.59054],[-85.32713,35.59053],[-85.32787,35.59198],[-85.32764,35.59239],[-85.32665,35.59268],[-85.32461,35.59206],[-85.3236,35.59237],[-85.32276,35.59326],[-85.32169,35.59304],[-85.32011,35.59316],[-85.31861,35.5928],[-85.31747,35.59281],[-85.31594,35.59326],[-85.31626,35.59415],[-85.31828,35.59387],[-85.31881,35.59459]]]}},{"type":"Feature","properties":{"kind":"minor-water","name":"East Fork Little Cane Creek","ftype":558,"lengthKm":0.37,"hu8":"05130108","pid":"136994523"},"geometry":{"type":"MultiLineString","coordinates":[[[-85.18613,35.81589],[-85.18577,35.81257]]]}},{"type":"Feature","properties":{"kind":"minor-water","name":"Whiteoak Creek","ftype":460,"lengthKm":0.1,"hu8":"05130108","pid":"136990847"},"geometry":{"type":"MultiLineString","coordinates":[[[-85.19816,35.97005],[-85.19806,35.9696],[-85.19749,35.96964]]]}},{"type":"Feature","properties":{"kind":"minor-water","name":"Whiteside Branch","ftype":460,"lengthKm":0.75,"hu8":"05130108","pid":"136991232"},"geometry":{"type":"MultiLineString","coordinates":[[[-85.24284,35.71063],[-85.24358,35.71078],[-85.24469,35.70967],[-85.24558,35.70933],[-85.2464,35.7097],[-85.24651,35.70909],[-85.24749,35.70848],[-85.24852,35.70821],[-85.24923,35.70852]]]}},{"type":"Feature","properties":{"kind":"minor-water","name":"Caney Fork","ftype":460,"lengthKm":0.9,"hu8":"05130108","pid":"136991441"},"geometry":{"type":"MultiLineString","coordinates":[[[-85.16067,35.9791],[-85.16188,35.97748],[-85.162,35.97594],[-85.16043,35.97364],[-85.15841,35.97248]]]}},{"type":"Feature","properties":{"kind":"minor-water","name":"Green Sea Branch","ftype":460,"lengthKm":0.46,"hu8":"05130108","pid":"136991660"},"geometry":{"type":"MultiLineString","coordinates":[[[-85.48822,35.57368],[-85.48882,35.57377],[-85.48894,35.57327],[-85.48965,35.57319],[-85.49117,35.57238],[-85.49184,35.57142]]]}},{"type":"Feature","properties":{"kind":"minor-water","name":"Potts Creek","ftype":460,"lengthKm":0.24,"hu8":"05130108","pid":"136992978"},"geometry":{"type":"MultiLineString","coordinates":[[[-85.14894,35.87534],[-85.15042,35.87563],[-85.15124,35.87629]]]}},{"type":"Feature","properties":{"kind":"minor-water","name":"Dry Fork","ftype":460,"lengthKm":0.55,"hu8":"05130108","pid":"136983642"},"geometry":{"type":"MultiLineString","coordinates":[[[-85.42616,35.72375],[-85.42482,35.72447],[-85.42379,35.7256],[-85.42232,35.72574],[-85.42127,35.72634]]]}},{"type":"Feature","properties":{"kind":"minor-water","name":"Green Sea Branch","ftype":460,"lengthKm":0.54,"hu8":"05130108","pid":"136992948"},"geometry":{"type":"MultiLineString","coordinates":[[[-85.46972,35.57516],[-85.46984,35.57604],[-85.47074,35.57631],[-85.47093,35.5771],[-85.47248,35.57804],[-85.47283,35.5788]]]}},{"type":"Feature","properties":{"kind":"minor-water","name":"Suggs Branch","ftype":460,"lengthKm":3.46,"hu8":"05130108","pid":"136985674"},"geometry":{"type":"MultiLineString","coordinates":[[[-85.33694,35.79505],[-85.33724,35.80122],[-85.33799,35.80187],[-85.33843,35.80295],[-85.33904,35.80344],[-85.34109,35.80409],[-85.34258,35.80435],[-85.34374,35.8042],[-85.34489,35.80479],[-85.34581,35.80601],[-85.35016,35.80802],[-85.35352,35.81201],[-85.35384,35.81405],[-85.35435,35.81496],[-85.35424,35.81668],[-85.35507,35.81865]]]}},{"type":"Feature","properties":{"kind":"minor-water","name":"Polly Branch","ftype":460,"lengthKm":1.81,"hu8":"05130108","pid":"136986308"},"geometry":{"type":"MultiLineString","coordinates":[[[-85.28787,35.88119],[-85.28653,35.8799],[-85.28522,35.87947],[-85.28477,35.87863],[-85.28408,35.8785],[-85.28268,35.87704],[-85.28169,35.87681],[-85.28214,35.8761],[-85.28192,35.87566],[-85.28216,35.87506],[-85.28104,35.87491],[-85.28058,35.87411],[-85.2798,35.87405],[-85.28016,35.87331],[-85.27981,35.87283],[-85.28009,35.87227],[-85.27849,35.87123],[-85.27926,35.87012]]]}},{"type":"Feature","properties":{"kind":"minor-water","name":"Indian Camp Branch","ftype":460,"lengthKm":1.53,"hu8":"05130108","pid":"136986497"},"geometry":{"type":"MultiLineString","coordinates":[[[-85.41848,35.70626],[-85.41798,35.70632],[-85.41641,35.7077],[-85.41559,35.71153],[-85.41366,35.7136],[-85.40993,35.71443],[-85.40804,35.71538]]]}},{"type":"Feature","properties":{"kind":"minor-water","name":"Long Branch","ftype":460,"lengthKm":0.82,"hu8":"05130108","pid":"136985743"},"geometry":{"type":"MultiLineString","coordinates":[[[-85.29415,35.73011],[-85.29293,35.72969],[-85.29027,35.72953],[-85.28839,35.72796],[-85.28609,35.7274]]]}},{"type":"Feature","properties":{"kind":"minor-water","name":"Fox Thicket Creek","ftype":460,"lengthKm":0.52,"hu8":"05130108","pid":"136990642"},"geometry":{"type":"MultiLineString","coordinates":[[[-85.38311,35.56025],[-85.38214,35.56011],[-85.38138,35.56062],[-85.38204,35.56114],[-85.38243,35.56064],[-85.38266,35.56074],[-85.38301,35.56168],[-85.38236,35.56189]]]}},{"type":"Feature","properties":{"kind":"minor-water","name":"Laurel Creek","ftype":460,"lengthKm":1.18,"hu8":"05130108","pid":"136990697"},"geometry":{"type":"MultiLineString","coordinates":[[[-85.15837,35.84824],[-85.15898,35.85069],[-85.15868,35.85169],[-85.15808,35.85225],[-85.15808,35.85284],[-85.15862,35.85333],[-85.15978,35.85331],[-85.1604,35.85373],[-85.15859,35.8552],[-85.15835,35.85661]]]}},{"type":"Feature","properties":{"kind":"minor-water","name":"Glade Creek","ftype":460,"lengthKm":5.77,"hu8":"05130108","pid":"136991164"},"geometry":{"type":"MultiLineString","coordinates":[[[-85.26945,36.01147],[-85.26984,36.01172],[-85.27129,36.01148],[-85.27365,36.01193],[-85.27673,36.01137],[-85.27749,36.01092],[-85.27766,36.00996],[-85.28005,36.00873],[-85.28102,36.00873],[-85.28187,36.00982],[-85.28304,36.00912],[-85.28311,36.00845],[-85.2837,36.00863],[-85.284,36.0091],[-85.28457,36.00899],[-85.28462,36.00815],[-85.28501,36.00789],[-85.28602,36.00807],[-85.28644,36.00888],[-85.28795,36.00948],[-85.2884,36.00918],[-85.28814,36.00835],[-85.28872,36.00751],[-85.28993,36.00818],[-85.29087,36.0082],[-85.29186,36.00897],[-85.29293,36.01048],[-85.29412,36.01031],[-85.2944,36.00964],[-85.29574,36.00922],[-85.29583,36.01036],[-85.29675,36.01114],[-85.29849,36.01194],[-85.30002,36.01222],[-85.30156,36.01327],[-85.30226,36.01334],[-85.30488,36.01542],[-85.30754,36.01619],[-85.30951,36.01627],[-85.3112,36.01584],[-85.31332,36.01584],[-85.31525,36.015],[-85.31827,36.01671]]]}},{"type":"Feature","properties":{"kind":"minor-water","name":"Big Branch","ftype":460,"lengthKm":0.12,"hu8":"05130108","pid":"136991292"},"geometry":{"type":"MultiLineString","coordinates":[[[-85.1257,35.74068],[-85.12564,35.74175]]]}},{"type":"Feature","properties":{"kind":"minor-water","name":"Pokepatch Creek","ftype":460,"lengthKm":0.35,"hu8":"05130108","pid":"136991494"},"geometry":{"type":"MultiLineString","coordinates":[[[-85.21768,35.94956],[-85.21634,35.9494],[-85.21501,35.94997],[-85.21397,35.95002]]]}},{"type":"Feature","properties":{"kind":"minor-water","name":"Bills Branch","ftype":558,"lengthKm":0.51,"hu8":"05130108","pid":"136994839"},"geometry":{"type":"MultiLineString","coordinates":[[[-85.36115,35.60319],[-85.36001,35.60395],[-85.35934,35.60361],[-85.35781,35.60381],[-85.35622,35.60454]]]}},{"type":"Feature","properties":{"kind":"minor-water","name":"Lick Branch","ftype":460,"lengthKm":0.85,"hu8":"05130108","pid":"136986053"},"geometry":{"type":"MultiLineString","coordinates":[[[-85.13753,35.93118],[-85.13713,35.93135],[-85.13666,35.93277],[-85.13563,35.93338],[-85.13489,35.93456],[-85.13428,35.93472],[-85.13237,35.93722]]]}},{"type":"Feature","properties":{"kind":"minor-water","name":"Camps Gulf Branch","ftype":460,"lengthKm":1.56,"hu8":"05130108","pid":"136986678"},"geometry":{"type":"MultiLineString","coordinates":[[[-85.3363,35.73062],[-85.33818,35.73124],[-85.34059,35.73153],[-85.34168,35.7312],[-85.34232,35.73034],[-85.34339,35.73031],[-85.34498,35.73194],[-85.34674,35.73281],[-85.34767,35.73373],[-85.34957,35.73491],[-85.3504,35.7349]]]}},{"type":"Feature","properties":{"kind":"minor-water","name":"Nails Creek","ftype":460,"lengthKm":0.34,"hu8":"05130108","pid":"136991287"},"geometry":{"type":"MultiLineString","coordinates":[[[-85.12088,35.75755],[-85.12061,35.75938],[-85.12124,35.75941],[-85.12173,35.76004]]]}},{"type":"Feature","properties":{"kind":"minor-water","name":"Henderson Branch","ftype":460,"lengthKm":0.31,"hu8":"05130108","pid":"136991357"},"geometry":{"type":"MultiLineString","coordinates":[[[-85.15895,35.82211],[-85.15558,35.82153]]]}},{"type":"Feature","properties":{"kind":"minor-water","name":"Bee Creek","ftype":460,"lengthKm":0.98,"hu8":"05130108","pid":"136990677"},"geometry":{"type":"MultiLineString","coordinates":[[[-85.12251,35.77039],[-85.12349,35.76853],[-85.12577,35.76753],[-85.1266,35.76674],[-85.12845,35.76664],[-85.12978,35.76547],[-85.12991,35.76495]]]}},{"type":"Feature","properties":{"kind":"minor-water","name":"Laurel Creek","ftype":460,"lengthKm":0.13,"hu8":"05130108","pid":"136990695"},"geometry":{"type":"MultiLineString","coordinates":[[[-85.1582,35.8572],[-85.15793,35.85831]]]}},{"type":"Feature","properties":{"kind":"minor-water","name":"Bridge Creek","ftype":460,"lengthKm":1.12,"hu8":"05130108","pid":"136990919"},"geometry":{"type":"MultiLineString","coordinates":[[[-85.24672,36.04798],[-85.24773,36.04676],[-85.24739,36.04645],[-85.2464,36.04636],[-85.24627,36.04603],[-85.24843,36.0448],[-85.24798,36.04362],[-85.24846,36.04285],[-85.24873,36.04079],[-85.24922,36.04016]]]}},{"type":"Feature","properties":{"kind":"minor-water","name":"Calfkiller River","ftype":558,"lengthKm":0.57,"hu8":"05130108","pid":"136993463"},"geometry":{"type":"MultiLineString","coordinates":[[[-85.32738,36.05619],[-85.32877,36.05604],[-85.3292,36.05499],[-85.32995,36.05459],[-85.33108,36.05483],[-85.33229,36.0556]]]}},{"type":"Feature","properties":{"kind":"minor-water","name":"Calfkiller River","ftype":558,"lengthKm":1.17,"hu8":"05130108","pid":"136993456"},"geometry":{"type":"MultiLineString","coordinates":[[[-85.38428,35.98739],[-85.38517,35.98751],[-85.38728,35.98868],[-85.39002,35.9892],[-85.39118,35.9909],[-85.39345,35.99015],[-85.39483,35.99118]]]}},{"type":"Feature","properties":{"kind":"minor-water","name":"Yellow Cliff Creek","ftype":558,"lengthKm":0.21,"hu8":"05130108","pid":"136993920"},"geometry":{"type":"MultiLineString","coordinates":[[[-85.23027,36.02043],[-85.23265,36.02056]]]}},{"type":"Feature","properties":{"kind":"minor-water","name":"Dry Fork","ftype":460,"lengthKm":1.06,"hu8":"05130108","pid":"136983611"},"geometry":{"type":"MultiLineString","coordinates":[[[-85.40679,35.7398],[-85.40121,35.74146],[-85.39668,35.74064],[-85.39562,35.74097]]]}},{"type":"Feature","properties":{"kind":"minor-water","name":"Bradden Creek","ftype":460,"lengthKm":2.52,"hu8":"05130108","pid":"136990904"},"geometry":{"type":"MultiLineString","coordinates":[[[-85.28459,35.7001],[-85.28574,35.70075],[-85.28541,35.70129],[-85.28394,35.70197],[-85.28254,35.70197],[-85.28129,35.70307],[-85.28023,35.70352],[-85.27941,35.70352],[-85.27799,35.70446],[-85.2766,35.70398],[-85.2749,35.70492],[-85.27117,35.70418],[-85.26941,35.70482],[-85.2677,35.70648],[-85.26825,35.70762],[-85.26788,35.70836],[-85.26805,35.70902],[-85.26677,35.70981]]]}},{"type":"Feature","properties":{"kind":"minor-water","name":"Whiteside Branch","ftype":460,"lengthKm":0.28,"hu8":"05130108","pid":"136991234"},"geometry":{"type":"MultiLineString","coordinates":[[[-85.2403,35.71169],[-85.24182,35.71114],[-85.24225,35.71055],[-85.24284,35.71063]]]}},{"type":"Feature","properties":{"kind":"minor-water","name":"Jumping Branch","ftype":460,"lengthKm":0.88,"hu8":"05130108","pid":"136991345"},"geometry":{"type":"MultiLineString","coordinates":[[[-85.18624,35.85739],[-85.18576,35.85812],[-85.18646,35.85873],[-85.18642,35.85999],[-85.18598,35.86106],[-85.18498,35.86162],[-85.18431,35.86345],[-85.18541,35.86384]]]}},{"type":"Feature","properties":{"kind":"minor-water","name":"Meadow Creek","ftype":460,"lengthKm":0.62,"hu8":"05130108","pid":"136990731"},"geometry":{"type":"MultiLineString","coordinates":[[[-85.0906,35.90859],[-85.09245,35.90898],[-85.09444,35.90792],[-85.09562,35.9068],[-85.09638,35.90677]]]}},{"type":"Feature","properties":{"kind":"minor-water","name":"Hughes Creek","ftype":460,"lengthKm":0.33,"hu8":"05130108","pid":"136991424"},"geometry":{"type":"MultiLineString","coordinates":[[[-85.12108,35.93936],[-85.12154,35.93989],[-85.12152,35.94051],[-85.12202,35.94062],[-85.12263,35.94179]]]}},{"type":"Feature","properties":{"kind":"minor-water","name":"Maple Branch","ftype":460,"lengthKm":0.25,"hu8":"05130108","pid":"136991482"},"geometry":{"type":"MultiLineString","coordinates":[[[-85.23404,35.98288],[-85.23249,35.98473]]]}},{"type":"Feature","properties":{"kind":"minor-water","name":"Hood Branch","ftype":460,"lengthKm":0.87,"hu8":"05130108","pid":"136992950"},"geometry":{"type":"MultiLineString","coordinates":[[[-85.12823,35.9779],[-85.12869,35.97803],[-85.13004,35.97755],[-85.13422,35.97688],[-85.13524,35.97562],[-85.13654,35.97488]]]}},{"type":"Feature","properties":{"kind":"minor-water","name":"Big Lost Creek","ftype":558,"lengthKm":0.31,"hu8":"05130108","pid":"136994215"},"geometry":{"type":"MultiLineString","coordinates":[[[-85.31109,35.94327],[-85.31179,35.94278],[-85.31229,35.94124],[-85.31212,35.94078]]]}},{"type":"Feature","properties":{"kind":"minor-water","name":"Little Laurel Creek","ftype":460,"lengthKm":0.37,"hu8":"05130108","pid":"136992680"},"geometry":{"type":"MultiLineString","coordinates":[[[-85.09287,35.83769],[-85.09399,35.83537],[-85.09484,35.83486]]]}},{"type":"Feature","properties":{"kind":"minor-water","name":"Buck Creek","ftype":460,"lengthKm":0.71,"hu8":"05130108","pid":"136989756"},"geometry":{"type":"MultiLineString","coordinates":[[[-85.26875,35.97168],[-85.27018,35.97118],[-85.27102,35.9718],[-85.27195,35.97189],[-85.27243,35.97303],[-85.27409,35.97483]]]}},{"type":"Feature","properties":{"kind":"minor-water","name":"Bee Creek","ftype":460,"lengthKm":0.14,"hu8":"05130108","pid":"136990668"},"geometry":{"type":"MultiLineString","coordinates":[[[-85.18142,35.7619],[-85.18293,35.76161]]]}},{"type":"Feature","properties":{"kind":"minor-water","name":"Beaverdam Creek","ftype":460,"lengthKm":1.39,"hu8":"05130108","pid":"136990891"},"geometry":{"type":"MultiLineString","coordinates":[[[-85.21022,35.69589],[-85.20977,35.69774],[-85.21015,35.69878],[-85.21104,35.69922],[-85.21112,35.69974],[-85.20987,35.70081],[-85.20896,35.70097],[-85.20809,35.7005],[-85.20735,35.70171],[-85.20432,35.70284],[-85.2031,35.70298]]]}},{"type":"Feature","properties":{"kind":"minor-water","name":"Samples Fork","ftype":460,"lengthKm":1.99,"hu8":"05130108","pid":"136991093"},"geometry":{"type":"MultiLineString","coordinates":[[[-85.49143,35.61132],[-85.49199,35.61166],[-85.49202,35.61225],[-85.49067,35.61325],[-85.49069,35.61361],[-85.49203,35.61455],[-85.49187,35.61536],[-85.49403,35.61606],[-85.49377,35.61677],[-85.49273,35.617],[-85.49304,35.61806],[-85.49584,35.61808],[-85.49631,35.61652],[-85.49708,35.61675],[-85.49751,35.61771],[-85.50038,35.61691]]]}},{"type":"Feature","properties":{"kind":"minor-water","name":"Yellow Cliff Creek","ftype":460,"lengthKm":2.6,"hu8":"05130108","pid":"136991166"},"geometry":{"type":"MultiLineString","coordinates":[[[-85.24997,36.02236],[-85.2518,36.02292],[-85.25272,36.02269],[-85.25349,36.02323],[-85.25593,36.02398],[-85.25607,36.02419],[-85.25456,36.02452],[-85.2565,36.02554],[-85.25821,36.02504],[-85.25833,36.02587],[-85.25893,36.02564],[-85.25982,36.02577],[-85.2614,36.027],[-85.26218,36.02697],[-85.26409,36.02787],[-85.26574,36.02826],[-85.26741,36.03129],[-85.26736,36.03243],[-85.26837,36.03321]]]}},{"type":"Feature","properties":{"kind":"minor-water","name":"Devil Creek","ftype":460,"lengthKm":0.27,"hu8":"05130108","pid":"136991171"},"geometry":{"type":"MultiLineString","coordinates":[[[-85.22579,36.04842],[-85.22749,36.04753],[-85.22843,36.04749]]]}},{"type":"Feature","properties":{"kind":"minor-water","name":"Millsea Branch","ftype":460,"lengthKm":0.84,"hu8":"05130108","pid":"136992928"},"geometry":{"type":"MultiLineString","coordinates":[[[-85.24383,35.89981],[-85.24402,35.8994],[-85.24327,35.89858],[-85.2432,35.89796],[-85.24484,35.89599],[-85.24461,35.89572],[-85.24512,35.89301]]]}},{"type":"Feature","properties":{"kind":"minor-water","name":"Watterman Branch","ftype":460,"lengthKm":0.03,"hu8":"05130108","pid":"136991224"},"geometry":{"type":"MultiLineString","coordinates":[[[-85.24641,35.67861],[-85.24671,35.67867]]]}},{"type":"Feature","properties":{"kind":"minor-water","name":"Caney Fork","ftype":460,"lengthKm":0.52,"hu8":"05130108","pid":"136991462"},"geometry":{"type":"MultiLineString","coordinates":[[[-85.18857,36.01697],[-85.18923,36.01673],[-85.19042,36.01361],[-85.19111,36.01296]]]}},{"type":"Feature","properties":{"kind":"minor-water","name":"Calfkiller River","ftype":558,"lengthKm":0.54,"hu8":"05130108","pid":"136993459"},"geometry":{"type":"MultiLineString","coordinates":[[[-85.36238,36.01144],[-85.36297,36.01088],[-85.36303,36.00979],[-85.36182,36.00691]]]}},{"type":"Feature","properties":{"kind":"minor-water","name":"Dry Fork","ftype":460,"lengthKm":0.93,"hu8":"05130108","pid":"136983743"},"geometry":{"type":"MultiLineString","coordinates":[[[-85.4743,35.64062],[-85.47677,35.64412],[-85.47741,35.64637],[-85.47891,35.64802]]]}},{"type":"Feature","properties":{"kind":"minor-water","name":"Piney Creek","ftype":460,"lengthKm":3.03,"hu8":"05130108","pid":"136990601"},"geometry":{"type":"MultiLineString","coordinates":[[[-85.43842,35.64191],[-85.43693,35.64232],[-85.43435,35.6422],[-85.43158,35.64124],[-85.43068,35.64184],[-85.43062,35.64265],[-85.43019,35.64317],[-85.4282,35.64336],[-85.42722,35.64392],[-85.42717,35.64462],[-85.42786,35.64545],[-85.4282,35.64546],[-85.42878,35.64464],[-85.42965,35.64567],[-85.42877,35.64661],[-85.42742,35.64646],[-85.42677,35.6481],[-85.42825,35.64907],[-85.43018,35.64914],[-85.43092,35.64976],[-85.43076,35.65026],[-85.43022,35.65059],[-85.42824,35.65077],[-85.42873,35.6523]]]}},{"type":"Feature","properties":{"kind":"minor-water","name":"Little Laurel Creek","ftype":460,"lengthKm":1.57,"hu8":"05130108","pid":"136990251"},"geometry":{"type":"MultiLineString","coordinates":[[[-85.16471,35.8111],[-85.16493,35.8081],[-85.16303,35.80594],[-85.16223,35.80431],[-85.16085,35.80333],[-85.16043,35.80257],[-85.16032,35.8016],[-85.16096,35.80067],[-85.16018,35.79842]]]}},{"type":"Feature","properties":{"kind":"minor-water","name":"Buck Creek","ftype":460,"lengthKm":0.87,"hu8":"05130108","pid":"136990410"},"geometry":{"type":"MultiLineString","coordinates":[[[-85.27409,35.97483],[-85.27438,35.97773],[-85.27509,35.97943],[-85.27862,35.98075]]]}},{"type":"Feature","properties":{"kind":"minor-water","name":"Twin Branch","ftype":460,"lengthKm":0.52,"hu8":"05130108","pid":"136985333"},"geometry":{"type":"MultiLineString","coordinates":[[[-85.32556,35.9912],[-85.32975,35.99092],[-85.3312,35.99041]]]}},{"type":"Feature","properties":{"kind":"minor-water","name":"Sawmill Branch","ftype":460,"lengthKm":1.8,"hu8":"05130108","pid":"136985987"},"geometry":{"type":"MultiLineString","coordinates":[[[-85.13193,35.86228],[-85.13392,35.86159],[-85.14248,35.86048],[-85.14501,35.85936],[-85.14712,35.85915],[-85.14943,35.85733],[-85.15025,35.85707]]]}},{"type":"Feature","properties":{"kind":"minor-water","name":"Bradbury Branch","ftype":460,"lengthKm":0.45,"hu8":"05130108","pid":"136990068"},"geometry":{"type":"MultiLineString","coordinates":[[[-85.1705,35.923],[-85.17185,35.92205],[-85.1747,35.92095]]]}},{"type":"Feature","properties":{"kind":"minor-water","name":"East Fork Little Cane Creek","ftype":460,"lengthKm":2.97,"hu8":"05130108","pid":"136991326"},"geometry":{"type":"MultiLineString","coordinates":[[[-85.18837,35.79576],[-85.1891,35.79436],[-85.18856,35.79355],[-85.18894,35.79257],[-85.19078,35.79028],[-85.19162,35.79036],[-85.19266,35.78992],[-85.19399,35.78998],[-85.19438,35.78861],[-85.19678,35.78766],[-85.19708,35.78705],[-85.19756,35.78706],[-85.19796,35.7876],[-85.19847,35.7876],[-85.19876,35.78724],[-85.19824,35.78654],[-85.19844,35.78619],[-85.19895,35.78625],[-85.19918,35.78679],[-85.20003,35.78676],[-85.20096,35.78719],[-85.2024,35.78559],[-85.20396,35.78726],[-85.2045,35.78737],[-85.20593,35.78694],[-85.20599,35.78809],[-85.20662,35.78837],[-85.20718,35.78819]]]}},{"type":"Feature","properties":{"kind":"minor-water","name":"Wilkerson Creek","ftype":460,"lengthKm":0.28,"hu8":"05130108","pid":"136991459"},"geometry":{"type":"MultiLineString","coordinates":[[[-85.2513,35.98786],[-85.25108,35.98874],[-85.24997,35.99004]]]}},{"type":"Feature","properties":{"kind":"minor-water","name":"Meadow Creek","ftype":460,"lengthKm":1.38,"hu8":"05130108","pid":"136992986"},"geometry":{"type":"MultiLineString","coordinates":[[[-85.38798,35.58504],[-85.38737,35.58512],[-85.38607,35.58794],[-85.38534,35.58836],[-85.38383,35.58861],[-85.38357,35.58904],[-85.38274,35.58892],[-85.38169,35.58972],[-85.38018,35.58988],[-85.37968,35.58943],[-85.37811,35.58921],[-85.37727,35.58949],[-85.37671,35.589]]]}},{"type":"Feature","properties":{"kind":"minor-water","name":"Meadow Creek","ftype":460,"lengthKm":0.99,"hu8":"05130108","pid":"136992989"},"geometry":{"type":"MultiLineString","coordinates":[[[-85.37354,35.59127],[-85.37201,35.59189],[-85.37053,35.59156],[-85.36974,35.59197],[-85.36791,35.5912],[-85.36533,35.59125],[-85.36435,35.59072],[-85.36344,35.59083]]]}},{"type":"Feature","properties":{"kind":"minor-water","name":"Davidson Cove","ftype":460,"lengthKm":3.19,"hu8":"05130108","pid":"136983987"},"geometry":{"type":"MultiLineString","coordinates":[[[-85.27759,36.08544],[-85.27874,36.08437],[-85.28035,36.08386],[-85.28841,36.08422],[-85.29009,36.08358],[-85.29232,36.08365],[-85.29311,36.08338],[-85.29567,36.08407],[-85.29634,36.08499],[-85.29801,36.08567],[-85.29882,36.08548],[-85.30035,36.08447],[-85.30284,36.08512],[-85.30506,36.0846],[-85.3067,36.08474],[-85.30817,36.0843],[-85.31028,36.08461]]]}},{"type":"Feature","properties":{"kind":"minor-water","name":"Lick Branch","ftype":460,"lengthKm":1.05,"hu8":"05130108","pid":"136986043"},"geometry":{"type":"MultiLineString","coordinates":[[[-85.1408,35.91912],[-85.1404,35.9197],[-85.1403,35.92332],[-85.1409,35.92577],[-85.14019,35.92743],[-85.14046,35.92828]]]}},{"type":"Feature","properties":{"kind":"minor-water","name":"Caney Fork","ftype":558,"lengthKm":0.16,"hu8":"05130108","pid":"136994052"},"geometry":{"type":"MultiLineString","coordinates":[[[-85.38277,35.81974],[-85.38269,35.82022],[-85.38341,35.82101]]]}},{"type":"Feature","properties":{"kind":"minor-water","name":"Suggs Branch","ftype":558,"lengthKm":0.02,"hu8":"05130108","pid":"136994060"},"geometry":{"type":"MultiLineString","coordinates":[[[-85.35507,35.81865],[-85.35523,35.81874]]]}},{"type":"Feature","properties":{"kind":"minor-water","name":"Camps Gulf Branch","ftype":460,"lengthKm":0.36,"hu8":"05130108","pid":"136986673"},"geometry":{"type":"MultiLineString","coordinates":[[[-85.3504,35.7349],[-85.35283,35.73508],[-85.3535,35.73481],[-85.35426,35.73502]]]}},{"type":"Feature","properties":{"kind":"minor-water","name":"Mitchell Branch","ftype":460,"lengthKm":1.57,"hu8":"05130108","pid":"136986712"},"geometry":{"type":"MultiLineString","coordinates":[[[-85.33654,35.7515],[-85.33868,35.75122],[-85.33968,35.7505],[-85.33986,35.74993],[-85.34113,35.74935],[-85.34171,35.74857],[-85.34197,35.74726],[-85.34268,35.74665],[-85.3438,35.74444],[-85.34373,35.74244],[-85.34428,35.74191],[-85.34584,35.74145]]]}},{"type":"Feature","properties":{"kind":"minor-water","name":"Rogers Creek","ftype":460,"lengthKm":0.68,"hu8":"05130108","pid":"136985927"},"geometry":{"type":"MultiLineString","coordinates":[[[-85.23224,35.8641],[-85.23284,35.86326],[-85.23385,35.86303],[-85.23492,35.86235],[-85.23553,35.86077],[-85.23492,35.85928]]]}},{"type":"Feature","properties":{"kind":"minor-water","name":"Puncheoncamp Creek","ftype":460,"lengthKm":0.87,"hu8":"05130108","pid":"136991074"},"geometry":{"type":"MultiLineString","coordinates":[[[-85.23628,35.85048],[-85.23723,35.85245],[-85.23805,35.85323],[-85.23802,35.8547],[-85.24069,35.85713]]]}},{"type":"Feature","properties":{"kind":"minor-water","name":"Cane Creek","ftype":460,"lengthKm":1.12,"hu8":"05130108","pid":"136990619"},"geometry":{"type":"MultiLineString","coordinates":[[[-85.34349,35.64737],[-85.34495,35.64883],[-85.34511,35.64936],[-85.34473,35.65071],[-85.34319,35.65212],[-85.34325,35.65312],[-85.34575,35.65381],[-85.34638,35.65494]]]}},{"type":"Feature","properties":{"kind":"minor-water","name":"Beam Creek","ftype":460,"lengthKm":0.76,"hu8":"05130108","pid":"136990740"},"geometry":{"type":"MultiLineString","coordinates":[[[-85.14185,36.00763],[-85.14175,36.00688],[-85.13941,36.00625],[-85.13933,36.00591],[-85.13983,36.00533],[-85.13929,36.00459],[-85.13666,36.00485]]]}},{"type":"Feature","properties":{"kind":"minor-water","name":"Post Oak Creek","ftype":460,"lengthKm":2.14,"hu8":"05130108","pid":"136991139"},"geometry":{"type":"MultiLineString","coordinates":[[[-85.42474,36.08034],[-85.42543,36.07829],[-85.42719,36.07647],[-85.42822,36.07413],[-85.4319,36.07126],[-85.43124,36.07039],[-85.43234,36.07003],[-85.43573,36.06802],[-85.43642,36.06747],[-85.43661,36.0664],[-85.43732,36.06566]]]}},{"type":"Feature","properties":{"kind":"minor-water","name":"Mill Creek","ftype":460,"lengthKm":0.87,"hu8":"05130108","pid":"136991188"},"geometry":{"type":"MultiLineString","coordinates":[[[-85.34586,36.09118],[-85.34139,36.0895],[-85.34071,36.08968],[-85.33967,36.09067],[-85.33729,36.09049]]]}},{"type":"Feature","properties":{"kind":"minor-water","name":"Wilkerson Creek","ftype":460,"lengthKm":0.11,"hu8":"05130108","pid":"136991456"},"geometry":{"type":"MultiLineString","coordinates":[[[-85.23464,35.99253],[-85.2344,35.99209],[-85.23382,35.9921]]]}},{"type":"Feature","properties":{"kind":"minor-water","name":"Cane Creek","ftype":558,"lengthKm":0.3,"hu8":"05130108","pid":"136994628"},"geometry":{"type":"MultiLineString","coordinates":[[[-85.40225,35.78771],[-85.40262,35.78842],[-85.40427,35.78975]]]}},{"type":"Feature","properties":{"kind":"minor-water","name":"Piney Creek","ftype":460,"lengthKm":0.29,"hu8":"05130108","pid":"136992961"},"geometry":{"type":"MultiLineString","coordinates":[[[-85.20542,35.82535],[-85.2059,35.82657],[-85.20586,35.82787]]]}},{"type":"Feature","properties":{"kind":"minor-water","name":"Potts Creek","ftype":460,"lengthKm":0.34,"hu8":"05130108","pid":"136992975"},"geometry":{"type":"MultiLineString","coordinates":[[[-85.15295,35.87896],[-85.15374,35.87912],[-85.15414,35.87874],[-85.15498,35.8786],[-85.15584,35.87954]]]}},{"type":"Feature","properties":{"kind":"minor-water","name":"Walling Mill Creek","ftype":558,"lengthKm":0.07,"hu8":"05130108","pid":"136994788"},"geometry":{"type":"MultiLineString","coordinates":[[[-85.32786,35.69949],[-85.32774,35.69888]]]}},{"type":"Feature","properties":{"kind":"minor-water","name":"Dark Hollow Branch","ftype":460,"lengthKm":2.91,"hu8":"05130108","pid":"136985477"},"geometry":{"type":"MultiLineString","coordinates":[[[-85.30323,36.0621],[-85.30243,36.06045],[-85.30347,36.0592],[-85.30744,36.05779],[-85.31177,36.05756],[-85.31436,36.05645],[-85.31591,36.05698],[-85.31781,36.05666],[-85.31889,36.05615],[-85.31906,36.05431],[-85.31949,36.05389],[-85.32098,36.05359],[-85.32212,36.05401],[-85.32332,36.05386],[-85.32733,36.05613]]]}},{"type":"Feature","properties":{"kind":"minor-water","name":"Caney Fork","ftype":558,"lengthKm":1.48,"hu8":"05130108","pid":"136994020"},"geometry":{"type":"MultiLineString","coordinates":[[[-85.21733,35.8782],[-85.21986,35.87885],[-85.22056,35.87878],[-85.2219,35.87803],[-85.22332,35.87668],[-85.22444,35.87643],[-85.22517,35.87736],[-85.22408,35.87961],[-85.22407,35.88053],[-85.22485,35.88097],[-85.2265,35.88107]]]}},{"type":"Feature","properties":{"kind":"minor-water","name":"Caney Fork","ftype":558,"lengthKm":0.07,"hu8":"05130108","pid":"136994035"},"geometry":{"type":"MultiLineString","coordinates":[[[-85.18595,35.90676],[-85.18629,35.90617]]]}},{"type":"Feature","properties":{"kind":"minor-water","name":"Caney Fork","ftype":558,"lengthKm":0.14,"hu8":"05130108","pid":"136994093"},"geometry":{"type":"MultiLineString","coordinates":[[[-85.3059,35.82851],[-85.3072,35.82921]]]}},{"type":"Feature","properties":{"kind":"minor-water","name":"Glade Creek","ftype":558,"lengthKm":0.58,"hu8":"05130108","pid":"136994002"},"geometry":{"type":"MultiLineString","coordinates":[[[-85.26577,35.74241],[-85.26624,35.74271],[-85.26771,35.74238],[-85.26831,35.74256],[-85.26994,35.74518]]]}},{"type":"Feature","properties":{"kind":"minor-water","name":"Caney Fork","ftype":558,"lengthKm":1.58,"hu8":"05130108","pid":"136994011"},"geometry":{"type":"MultiLineString","coordinates":[[[-85.24872,35.85471],[-85.24865,35.85326],[-85.25019,35.85198],[-85.25062,35.85092],[-85.25016,35.8447],[-85.25075,35.84261],[-85.25068,35.84112]]]}},{"type":"Feature","properties":{"kind":"minor-water","name":"Beam Creek","ftype":460,"lengthKm":1.01,"hu8":"05130108","pid":"136983772"},"geometry":{"type":"MultiLineString","coordinates":[[[-85.13711,35.98259],[-85.13685,35.9823],[-85.1373,35.9816],[-85.1383,35.98109],[-85.13774,35.98054],[-85.13842,35.97945],[-85.13779,35.97908],[-85.13793,35.97831],[-85.1389,35.97788],[-85.13938,35.97719],[-85.14039,35.97709],[-85.14136,35.97631]]]}},{"type":"Feature","properties":{"kind":"minor-water","name":"Keener Branch","ftype":460,"lengthKm":0.03,"hu8":"05130108","pid":"136992465"},"geometry":{"type":"MultiLineString","coordinates":[[[-85.26134,35.75007],[-85.26115,35.75029]]]}},{"type":"Feature","properties":{"kind":"minor-water","name":"Clifty Creek","ftype":460,"lengthKm":1.4,"hu8":"05130108","pid":"136990745"},"geometry":{"type":"MultiLineString","coordinates":[[[-85.2731,35.90354],[-85.27199,35.90318],[-85.2714,35.90264],[-85.27136,35.90134],[-85.27069,35.90096],[-85.2708,35.90045],[-85.26961,35.89914],[-85.2679,35.89889],[-85.26536,35.89772],[-85.26418,35.89642],[-85.2625,35.89602]]]}},{"type":"Feature","properties":{"kind":"minor-water","name":"Puncheoncamp Creek","ftype":460,"lengthKm":0.09,"hu8":"05130108","pid":"136991081"},"geometry":{"type":"MultiLineString","coordinates":[[[-85.21583,35.83531],[-85.21668,35.83495]]]}},{"type":"Feature","properties":{"kind":"minor-water","name":"Samples Fork","ftype":460,"lengthKm":0.43,"hu8":"05130108","pid":"136991095"},"geometry":{"type":"MultiLineString","coordinates":[[[-85.47679,35.60483],[-85.47822,35.60548],[-85.4812,35.60481]]]}},{"type":"Feature","properties":{"kind":"minor-water","name":"Thompson Creek","ftype":460,"lengthKm":0.41,"hu8":"05130108","pid":"136991202"},"geometry":{"type":"MultiLineString","coordinates":[[[-85.22501,35.6475],[-85.22608,35.64779],[-85.22833,35.64916],[-85.22898,35.64911]]]}},{"type":"Feature","properties":{"kind":"minor-water","name":"Brush Creek","ftype":460,"lengthKm":1.45,"hu8":"05130108","pid":"136991283"},"geometry":{"type":"MultiLineString","coordinates":[[[-85.13192,35.76048],[-85.13278,35.76116],[-85.13299,35.76211],[-85.13349,35.76267],[-85.13554,35.76288],[-85.13758,35.76407],[-85.13847,35.76423],[-85.14498,35.76704]]]}},{"type":"Feature","properties":{"kind":"minor-water","name":"Caney Fork","ftype":460,"lengthKm":0.25,"hu8":"05130108","pid":"136991436"},"geometry":{"type":"MultiLineString","coordinates":[[[-85.15968,35.97048],[-85.16098,35.96975],[-85.16146,35.96884]]]}},{"type":"Feature","properties":{"kind":"minor-water","name":"Duncan Creek","ftype":558,"lengthKm":0.05,"hu8":"05130108","pid":"136993903"},"geometry":{"type":"MultiLineString","coordinates":[[[-85.21773,36.02558],[-85.21723,36.02537]]]}},{"type":"Feature","properties":{"kind":"minor-water","name":"Caney Fork","ftype":558,"lengthKm":0.01,"hu8":"05130108","pid":"136994087"},"geometry":{"type":"MultiLineString","coordinates":[[[-85.38341,35.82101],[-85.38351,35.82104]]]}},{"type":"Feature","properties":{"kind":"minor-water","name":"Beaverdam Creek","ftype":460,"lengthKm":1.77,"hu8":"05130108","pid":"136990890"},"geometry":{"type":"MultiLineString","coordinates":[[[-85.2031,35.70298],[-85.20242,35.70488],[-85.20372,35.7048],[-85.20409,35.70593],[-85.2046,35.70632],[-85.20945,35.70658],[-85.2095,35.70769],[-85.20785,35.70811],[-85.20763,35.70848],[-85.20981,35.71003],[-85.21165,35.71031],[-85.21143,35.71071]]]}},{"type":"Feature","properties":{"kind":"minor-water","name":"Blue Spring Creek","ftype":460,"lengthKm":2.62,"hu8":"05130108","pid":"136992012"},"geometry":{"type":"MultiLineString","coordinates":[[[-85.32301,35.95029],[-85.32452,35.95024],[-85.32562,35.95088],[-85.32724,35.95117],[-85.32829,35.95228],[-85.32977,35.95276],[-85.33057,35.95242],[-85.33107,35.95287],[-85.33201,35.95241],[-85.33284,35.95276],[-85.3343,35.95242],[-85.33576,35.95129],[-85.33592,35.95079],[-85.33722,35.95047],[-85.33788,35.94972],[-85.33803,35.94891],[-85.34116,35.94763],[-85.34551,35.94692],[-85.34744,35.94725]]]}},{"type":"Feature","properties":{"kind":"minor-water","name":"Big Branch","ftype":460,"lengthKm":0.24,"hu8":"05130108","pid":"136991289"},"geometry":{"type":"MultiLineString","coordinates":[[[-85.12551,35.74643],[-85.12437,35.74746],[-85.12431,35.74788],[-85.12392,35.74794]]]}},{"type":"Feature","properties":{"kind":"minor-water","name":"Sandy Creek","ftype":460,"lengthKm":0.92,"hu8":"05130108","pid":"136991476"},"geometry":{"type":"MultiLineString","coordinates":[[[-85.22992,36.00536],[-85.22934,36.0049],[-85.22796,36.0049],[-85.22764,36.00445],[-85.22686,36.00461],[-85.22429,36.00392],[-85.22293,36.00166],[-85.22233,36.00126]]]}},{"type":"Feature","properties":{"kind":"minor-water","name":"Calfkiller River","ftype":558,"lengthKm":4.22,"hu8":"05130108","pid":"136993455"},"geometry":{"type":"MultiLineString","coordinates":[[[-85.39483,35.99118],[-85.39546,35.99124],[-85.39588,35.99073],[-85.39504,35.98879],[-85.39533,35.98801],[-85.39674,35.98746],[-85.39925,35.98747],[-85.4,35.98684],[-85.39992,35.98609],[-85.39934,35.98557],[-85.39581,35.98469],[-85.39489,35.98406],[-85.3952,35.98291],[-85.39728,35.98232],[-85.39895,35.98227],[-85.40138,35.98295],[-85.40298,35.98513],[-85.40388,35.98562],[-85.40785,35.98503],[-85.41367,35.98546],[-85.41555,35.98344],[-85.41626,35.98377],[-85.41764,35.98548],[-85.41843,35.98552],[-85.41911,35.98505]]]}},{"type":"Feature","properties":{"kind":"minor-water","name":"Caney Fork","ftype":558,"lengthKm":0.04,"hu8":"05130108","pid":"136994027"},"geometry":{"type":"MultiLineString","coordinates":[[[-85.19411,35.89681],[-85.19446,35.89701]]]}},{"type":"Feature","properties":{"kind":"minor-water","name":"Glade Creek","ftype":460,"lengthKm":0.41,"hu8":"05130108","pid":"136985358"},"geometry":{"type":"MultiLineString","coordinates":[[[-85.26566,35.99962],[-85.26479,35.99999],[-85.26415,36.00073],[-85.26532,36.00249]]]}},{"type":"Feature","properties":{"kind":"minor-water","name":"Fall Creek","ftype":460,"lengthKm":0.09,"hu8":"05130108","pid":"136990434"},"geometry":{"type":"MultiLineString","coordinates":[[[-85.38976,35.64616],[-85.38911,35.64683]]]}},{"type":"Feature","properties":{"kind":"minor-water","name":"Bob Creek","ftype":460,"lengthKm":1.41,"hu8":"05130108","pid":"136990644"},"geometry":{"type":"MultiLineString","coordinates":[[[-85.4004,35.5579],[-85.39796,35.55841],[-85.39397,35.5583],[-85.38834,35.55634],[-85.38569,35.55742]]]}},{"type":"Feature","properties":{"kind":"minor-water","name":"Cane Creek","ftype":558,"lengthKm":0.67,"hu8":"05130108","pid":"136994770"},"geometry":{"type":"MultiLineString","coordinates":[[[-85.37616,35.69411],[-85.37609,35.70017]]]}},{"type":"Feature","properties":{"kind":"minor-water","name":"Samples Fork","ftype":460,"lengthKm":2.16,"hu8":"05130108","pid":"136991101"},"geometry":{"type":"MultiLineString","coordinates":[[[-85.45513,35.58983],[-85.45265,35.59283],[-85.45083,35.59421],[-85.45225,35.59604],[-85.45239,35.59776],[-85.45337,35.59915],[-85.45256,35.60294],[-85.4535,35.60394],[-85.45376,35.60557],[-85.45555,35.60613]]]}},{"type":"Feature","properties":{"kind":"minor-water","name":"Deer Hollow Branch","ftype":460,"lengthKm":0.6,"hu8":"05130108","pid":"136991339"},"geometry":{"type":"MultiLineString","coordinates":[[[-85.21241,35.85254],[-85.21203,35.85115],[-85.21439,35.84913],[-85.21586,35.84912]]]}},{"type":"Feature","properties":{"kind":"minor-water","name":"Henderson Branch","ftype":460,"lengthKm":0.57,"hu8":"05130108","pid":"136991354"},"geometry":{"type":"MultiLineString","coordinates":[[[-85.14905,35.8225],[-85.14834,35.82476],[-85.14725,35.82502],[-85.14627,35.82668]]]}},{"type":"Feature","properties":{"kind":"minor-water","name":"West Fork Creek","ftype":460,"lengthKm":0.41,"hu8":"05130108","pid":"136992923"},"geometry":{"type":"MultiLineString","coordinates":[[[-85.24672,35.95276],[-85.24632,35.95184],[-85.24688,35.95119],[-85.24711,35.95013],[-85.24685,35.94977],[-85.24632,35.94973]]]}},{"type":"Feature","properties":{"kind":"minor-water","name":"Gentry Creek","ftype":460,"lengthKm":0.67,"hu8":"05130108","pid":"136992957"},"geometry":{"type":"MultiLineString","coordinates":[[[-85.15539,35.90526],[-85.15682,35.9053],[-85.15776,35.90582],[-85.1626,35.90584]]]}},{"type":"Feature","properties":{"kind":"minor-water","name":"Caney Fork","ftype":558,"lengthKm":0.11,"hu8":"05130108","pid":"136993873"},"geometry":{"type":"MultiLineString","coordinates":[[[-85.158,36.04546],[-85.15858,36.04459]]]}},{"type":"Feature","properties":{"kind":"minor-water","name":"Caney Fork","ftype":558,"lengthKm":0.25,"hu8":"05130108","pid":"136994088"},"geometry":{"type":"MultiLineString","coordinates":[[[-85.40535,35.83071],[-85.40551,35.8315],[-85.4072,35.83208]]]}},{"type":"Feature","properties":{"kind":"minor-water","name":"Calfkiller River","ftype":558,"lengthKm":0.34,"hu8":"05130108","pid":"136994153"},"geometry":{"type":"MultiLineString","coordinates":[[[-85.41705,35.96581],[-85.41332,35.96563]]]}},{"type":"Feature","properties":{"kind":"minor-water","name":"Caney Fork","ftype":558,"lengthKm":4.72,"hu8":"05130108","pid":"136994574"},"geometry":{"type":"MultiLineString","coordinates":[[[-85.44519,35.81918],[-85.44773,35.82108],[-85.44909,35.82152],[-85.45188,35.82075],[-85.45464,35.82037],[-85.46038,35.82175],[-85.4635,35.82201],[-85.46495,35.82127],[-85.46532,35.8203],[-85.46521,35.81917],[-85.46402,35.81703],[-85.46398,35.81552],[-85.46486,35.81465],[-85.46636,35.81447],[-85.4687,35.81509],[-85.46992,35.81596],[-85.47143,35.82008],[-85.47247,35.82165],[-85.47338,35.82242],[-85.4745,35.82261],[-85.47543,35.82236],[-85.47995,35.81974]]]}},{"type":"Feature","properties":{"kind":"minor-water","name":"Bee Creek","ftype":558,"lengthKm":1.1,"hu8":"05130108","pid":"136994683"},"geometry":{"type":"MultiLineString","coordinates":[[[-85.22425,35.76187],[-85.22349,35.7626],[-85.22355,35.76364],[-85.22597,35.76482],[-85.2267,35.76594],[-85.22655,35.76638],[-85.22594,35.76666],[-85.22358,35.76709],[-85.22303,35.76776],[-85.22318,35.76829]]]}},{"type":"Feature","properties":{"kind":"minor-water","name":"Duncan Creek","ftype":558,"lengthKm":0.5,"hu8":"05130108","pid":"136993914"},"geometry":{"type":"MultiLineString","coordinates":[[[-85.21107,36.01595],[-85.21071,36.01427],[-85.21113,36.01263],[-85.21073,36.01153]]]}},{"type":"Feature","properties":{"kind":"minor-water","name":"Hughes Creek","ftype":460,"lengthKm":0.27,"hu8":"05130108","pid":"136991420"},"geometry":{"type":"MultiLineString","coordinates":[[[-85.13519,35.94878],[-85.1356,35.94971],[-85.13538,35.95118]]]}},{"type":"Feature","properties":{"kind":"minor-water","name":"Polebridge Creek","ftype":460,"lengthKm":1.42,"hu8":"05130108","pid":"136984183"},"geometry":{"type":"MultiLineString","coordinates":[[[-85.2636,35.63683],[-85.26635,35.63257],[-85.26726,35.629],[-85.26671,35.62754],[-85.26593,35.62701],[-85.26574,35.6262],[-85.2661,35.62507]]]}},{"type":"Feature","properties":{"kind":"minor-water","name":"Coalbank Creek","ftype":460,"lengthKm":0.63,"hu8":"05130108","pid":"136992691"},"geometry":{"type":"MultiLineString","coordinates":[[[-85.21366,35.68293],[-85.21226,35.68227],[-85.21061,35.68256],[-85.20963,35.68237],[-85.2082,35.68158],[-85.20843,35.68125],[-85.20806,35.68109]]]}},{"type":"Feature","properties":{"kind":"minor-water","name":"Samples Fork","ftype":460,"lengthKm":0.03,"hu8":"05130108","pid":"136991096"},"geometry":{"type":"MultiLineString","coordinates":[[[-85.47653,35.6047],[-85.47679,35.60483]]]}},{"type":"Feature","properties":{"kind":"minor-water","name":"Dry Fork","ftype":460,"lengthKm":0.4,"hu8":"05130108","pid":"136983683"},"geometry":{"type":"MultiLineString","coordinates":[[[-85.49139,35.69183],[-85.48948,35.69333],[-85.48775,35.69353]]]}},{"type":"Feature","properties":{"kind":"minor-water","name":"Dugger Branch","ftype":460,"lengthKm":1.43,"hu8":"05130108","pid":"136984193"},"geometry":{"type":"MultiLineString","coordinates":[[[-85.18465,35.82776],[-85.1853,35.82776],[-85.18829,35.82951],[-85.19028,35.83003],[-85.19194,35.83142],[-85.19341,35.83194],[-85.1952,35.8337],[-85.19585,35.83506],[-85.19661,35.8353]]]}},{"type":"Feature","properties":{"kind":"minor-water","name":"Meadow Creek","ftype":460,"lengthKm":1.27,"hu8":"05130108","pid":"136991041"},"geometry":{"type":"MultiLineString","coordinates":[[[-85.35354,35.61448],[-85.35402,35.61487],[-85.35529,35.61466],[-85.35613,35.61537],[-85.35521,35.61703],[-85.35436,35.61751],[-85.35376,35.61748],[-85.35382,35.61845],[-85.35329,35.61906],[-85.35362,35.62074],[-85.35487,35.62123],[-85.35452,35.62234]]]}},{"type":"Feature","properties":{"kind":"minor-water","name":"Cummings Cove Branch","ftype":460,"lengthKm":2.22,"hu8":"05130108","pid":"136991107"},"geometry":{"type":"MultiLineString","coordinates":[[[-85.47652,35.78356],[-85.47501,35.78413],[-85.47446,35.78532],[-85.4728,35.78655],[-85.47187,35.7899],[-85.47152,35.79341],[-85.46866,35.79684],[-85.46592,35.79799],[-85.46452,35.79727],[-85.46442,35.79672]]]}},{"type":"Feature","properties":{"kind":"minor-water","name":"Thompson Creek","ftype":460,"lengthKm":0.37,"hu8":"05130108","pid":"136991200"},"geometry":{"type":"MultiLineString","coordinates":[[[-85.23334,35.65136],[-85.23462,35.65248],[-85.23552,35.65413]]]}},{"type":"Feature","properties":{"kind":"minor-water","name":"Calfkiller River","ftype":558,"lengthKm":2.79,"hu8":"05130108","pid":"136993454"},"geometry":{"type":"MultiLineString","coordinates":[[[-85.41911,35.98505],[-85.41946,35.98285],[-85.42211,35.98056],[-85.42243,35.97981],[-85.422,35.97939],[-85.41909,35.97876],[-85.41813,35.97787],[-85.41807,35.97692],[-85.41875,35.97484],[-85.41865,35.97336],[-85.41549,35.97008],[-85.41513,35.96935],[-85.41572,35.96791],[-85.41807,35.96651],[-85.41789,35.96586],[-85.41705,35.96581]]]}},{"type":"Feature","properties":{"kind":"minor-water","name":"Caney Fork","ftype":558,"lengthKm":0.27,"hu8":"05130108","pid":"136994026"},"geometry":{"type":"MultiLineString","coordinates":[[[-85.19446,35.89701],[-85.19632,35.89674],[-85.1974,35.89705]]]}},{"type":"Feature","properties":{"kind":"minor-water","name":"Cane Creek","ftype":558,"lengthKm":1.97,"hu8":"05130108","pid":"136994620"},"geometry":{"type":"MultiLineString","coordinates":[[[-85.42907,35.80386],[-85.42986,35.80411],[-85.43249,35.8059],[-85.43476,35.80667],[-85.4349,35.80767],[-85.43535,35.80813],[-85.43853,35.8068],[-85.43946,35.80684],[-85.4399,35.80845],[-85.43813,35.81008],[-85.43783,35.81074],[-85.43823,35.81115],[-85.43899,35.81129],[-85.44064,35.81103]]]}},{"type":"Feature","properties":{"kind":"minor-water","name":"Beaverdam Creek","ftype":460,"lengthKm":0.6,"hu8":"05130108","pid":"136993020"},"geometry":{"type":"MultiLineString","coordinates":[[[-85.1969,35.68667],[-85.1981,35.68873],[-85.19921,35.68843],[-85.19987,35.6875],[-85.20113,35.68727]]]}},{"type":"Feature","properties":{"kind":"minor-water","name":"Mount Pleasant Branch","ftype":460,"lengthKm":0.95,"hu8":"05130108","pid":"136984163"},"geometry":{"type":"MultiLineString","coordinates":[[[-85.44685,35.69653],[-85.44548,35.69711],[-85.44519,35.69936],[-85.44545,35.69972],[-85.44666,35.70001],[-85.44656,35.7014],[-85.44742,35.70247],[-85.44729,35.70336]]]}},{"type":"Feature","properties":{"kind":"minor-water","name":"Deadtimber Branch","ftype":460,"lengthKm":1.52,"hu8":"05130108","pid":"136985892"},"geometry":{"type":"MultiLineString","coordinates":[[[-85.25341,35.79402],[-85.25191,35.79183],[-85.25163,35.79014],[-85.25045,35.78762],[-85.24963,35.78675],[-85.24957,35.78582],[-85.24849,35.78476],[-85.24805,35.78316],[-85.24625,35.78218]]]}},{"type":"Feature","properties":{"kind":"minor-water","name":"Big Lost Creek","ftype":460,"lengthKm":0.28,"hu8":"05130108","pid":"136988371"},"geometry":{"type":"MultiLineString","coordinates":[[[-85.30869,35.94482],[-85.30963,35.94455],[-85.31109,35.94327]]]}},{"type":"Feature","properties":{"kind":"minor-water","name":"Little Cane Creek","ftype":460,"lengthKm":0.28,"hu8":"05130108","pid":"136991319"},"geometry":{"type":"MultiLineString","coordinates":[[[-85.22725,35.77867],[-85.2286,35.77864],[-85.23007,35.77786]]]}},{"type":"Feature","properties":{"kind":"minor-water","name":"Piney Creek","ftype":460,"lengthKm":1.08,"hu8":"05130108","pid":"136990606"},"geometry":{"type":"MultiLineString","coordinates":[[[-85.43965,35.61192],[-85.44109,35.61339],[-85.44139,35.61507],[-85.43947,35.61979],[-85.43947,35.62098]]]}},{"type":"Feature","properties":{"kind":"minor-water","name":"Bridge Creek","ftype":460,"lengthKm":0.35,"hu8":"05130108","pid":"136990917"},"geometry":{"type":"MultiLineString","coordinates":[[[-85.24754,36.05061],[-85.24794,36.04919],[-85.24715,36.04891],[-85.24672,36.04798]]]}},{"type":"Feature","properties":{"kind":"minor-water","name":"Millstone Branch","ftype":460,"lengthKm":2.24,"hu8":"05130108","pid":"136991046"},"geometry":{"type":"MultiLineString","coordinates":[[[-85.42574,35.77615],[-85.42305,35.77729],[-85.42209,35.77877],[-85.419,35.77911],[-85.41709,35.78068],[-85.41179,35.78166],[-85.41062,35.78141],[-85.40987,35.78078],[-85.40802,35.78089],[-85.40707,35.78124],[-85.40636,35.78244],[-85.40517,35.78262],[-85.40484,35.78242]]]}},{"type":"Feature","properties":{"kind":"minor-water","name":"Perry Creek","ftype":460,"lengthKm":0.15,"hu8":"05130108","pid":"136991388"},"geometry":{"type":"MultiLineString","coordinates":[[[-85.11104,35.86185],[-85.11161,35.86057]]]}},{"type":"Feature","properties":{"kind":"minor-water","name":"Hughes Creek","ftype":460,"lengthKm":0.26,"hu8":"05130108","pid":"136991428"},"geometry":{"type":"MultiLineString","coordinates":[[[-85.12103,35.92737],[-85.12232,35.92949]]]}},{"type":"Feature","properties":{"kind":"minor-water","name":"Rockhouse Creek","ftype":460,"lengthKm":0.31,"hu8":"05130108","pid":"136991569"},"geometry":{"type":"MultiLineString","coordinates":[[[-85.32148,35.67755],[-85.32205,35.67807],[-85.32253,35.67804],[-85.32285,35.67784],[-85.32296,35.67705],[-85.32356,35.67668]]]}},{"type":"Feature","properties":{"kind":"minor-water","name":"Little Lost Creek","ftype":460,"lengthKm":1.3,"hu8":"05130108","pid":"136992316"},"geometry":{"type":"MultiLineString","coordinates":[[[-85.35935,35.91762],[-85.35815,35.91717],[-85.35618,35.91708],[-85.35308,35.91557],[-85.35166,35.91522],[-85.3509,35.91561],[-85.34982,35.91553],[-85.34735,35.91415],[-85.34636,35.91426]]]}},{"type":"Feature","properties":{"kind":"minor-water","name":"Green Sea Branch","ftype":460,"lengthKm":0.48,"hu8":"05130108","pid":"136992971"},"geometry":{"type":"MultiLineString","coordinates":[[[-85.456,35.56675],[-85.45884,35.5664],[-85.4611,35.56701]]]}},{"type":"Feature","properties":{"kind":"minor-water","name":"Stamps Hollow Creek","ftype":558,"lengthKm":0.36,"hu8":"05130108","pid":"136993396"},"geometry":{"type":"MultiLineString","coordinates":[[[-85.2677,36.13751],[-85.26942,36.13732],[-85.2697,36.13671],[-85.26881,36.13615],[-85.26899,36.1359]]]}},{"type":"Feature","properties":{"kind":"minor-water","name":"Calfkiller River","ftype":558,"lengthKm":0.05,"hu8":"05130108","pid":"136994596"},"geometry":{"type":"MultiLineString","coordinates":[[[-85.4801,35.82013],[-85.47995,35.81974]]]}},{"type":"Feature","properties":{"kind":"minor-water","name":"Bee Creek","ftype":558,"lengthKm":0.1,"hu8":"05130108","pid":"136994689"},"geometry":{"type":"MultiLineString","coordinates":[[[-85.22099,35.75284],[-85.22161,35.75206]]]}},{"type":"Feature","properties":{"kind":"minor-water","name":"Buck Creek","ftype":460,"lengthKm":2,"hu8":"05130108","pid":"136991161"},"geometry":{"type":"MultiLineString","coordinates":[[[-85.28253,35.98543],[-85.28403,35.9869],[-85.28379,35.9878],[-85.28508,35.98906],[-85.28441,35.98988],[-85.28584,35.99147],[-85.28709,35.99229],[-85.28742,35.99401],[-85.28636,35.99539],[-85.28686,35.99581],[-85.28839,35.9962],[-85.28765,35.99725],[-85.28907,35.99784],[-85.28867,35.99871],[-85.28907,35.9992]]]}},{"type":"Feature","properties":{"kind":"minor-water","name":"Whiteoak Creek","ftype":460,"lengthKm":0.56,"hu8":"05130108","pid":"136990849"},"geometry":{"type":"MultiLineString","coordinates":[[[-85.1947,35.96829],[-85.1924,35.96531],[-85.19174,35.96393]]]}},{"type":"Feature","properties":{"kind":"minor-water","name":"Little Beaverdam Creek","ftype":460,"lengthKm":0.38,"hu8":"05130108","pid":"136991273"},"geometry":{"type":"MultiLineString","coordinates":[[[-85.13884,35.72619],[-85.1413,35.72629],[-85.142,35.72663],[-85.14288,35.72627]]]}},{"type":"Feature","properties":{"kind":"minor-water","name":"Maple Branch","ftype":460,"lengthKm":0.06,"hu8":"05130108","pid":"136991483"},"geometry":{"type":"MultiLineString","coordinates":[[[-85.23412,35.98237],[-85.23404,35.98288]]]}},{"type":"Feature","properties":{"kind":"minor-water","name":"Longrock Branch","ftype":460,"lengthKm":2.43,"hu8":"05130108","pid":"136991664"},"geometry":{"type":"MultiLineString","coordinates":[[[-85.49377,35.59072],[-85.49457,35.59169],[-85.49479,35.593],[-85.49411,35.59507],[-85.49396,35.59718],[-85.49293,35.59964],[-85.49345,35.60042],[-85.49361,35.60197],[-85.49393,35.60202],[-85.49418,35.6032],[-85.49376,35.60561],[-85.4931,35.6067],[-85.49302,35.60889],[-85.49143,35.61132]]]}},{"type":"Feature","properties":{"kind":"minor-water","name":"Duncan Creek","ftype":558,"lengthKm":0.18,"hu8":"05130108","pid":"136993913"},"geometry":{"type":"MultiLineString","coordinates":[[[-85.20983,36.01725],[-85.21107,36.01595]]]}},{"type":"Feature","properties":{"kind":"minor-water","name":"Pokepatch Creek","ftype":460,"lengthKm":1.66,"hu8":"05130108","pid":"136991497"},"geometry":{"type":"MultiLineString","coordinates":[[[-85.1941,35.95054],[-85.19376,35.95021],[-85.19401,35.94946],[-85.19375,35.94912],[-85.1925,35.94924],[-85.19049,35.94844],[-85.18882,35.94695],[-85.18751,35.94668],[-85.18751,35.94568],[-85.18625,35.94563],[-85.18542,35.9452],[-85.18492,35.94532],[-85.18404,35.94452],[-85.18186,35.94452],[-85.18061,35.94372]]]}},{"type":"Feature","properties":{"kind":"minor-water","name":"Big Branch","ftype":460,"lengthKm":0.21,"hu8":"05130108","pid":"136992937"},"geometry":{"type":"MultiLineString","coordinates":[[[-85.17438,35.93348],[-85.1758,35.93353],[-85.17666,35.93319]]]}},{"type":"Feature","properties":{"kind":"minor-water","name":"Bee Creek","ftype":558,"lengthKm":1.19,"hu8":"05130108","pid":"136994693"},"geometry":{"type":"MultiLineString","coordinates":[[[-85.19385,35.76446],[-85.19562,35.76247],[-85.19637,35.76211],[-85.19688,35.76211],[-85.19894,35.76316],[-85.19966,35.76297],[-85.20054,35.76141],[-85.19945,35.75954],[-85.19968,35.75882]]]}},{"type":"Feature","properties":{"kind":"minor-water","name":"Beaverdam Creek","ftype":460,"lengthKm":0.46,"hu8":"05130108","pid":"136993028"},"geometry":{"type":"MultiLineString","coordinates":[[[-85.19069,35.6793],[-85.19131,35.67939],[-85.19194,35.68028],[-85.19312,35.68085],[-85.19329,35.68146],[-85.19433,35.68154]]]}},{"type":"Feature","properties":{"kind":"minor-water","name":"Dry Fork","ftype":460,"lengthKm":0.02,"hu8":"05130108","pid":"136983688"},"geometry":{"type":"MultiLineString","coordinates":[[[-85.49981,35.68498],[-85.49998,35.68506]]]}},{"type":"Feature","properties":{"kind":"minor-water","name":"Brush Creek","ftype":460,"lengthKm":0.74,"hu8":"05130108","pid":"136991284"},"geometry":{"type":"MultiLineString","coordinates":[[[-85.14568,35.74322],[-85.14517,35.74425],[-85.14347,35.74516],[-85.14192,35.74709],[-85.14055,35.74824]]]}},{"type":"Feature","properties":{"kind":"minor-water","name":"Caney Fork","ftype":460,"lengthKm":0.22,"hu8":"05130108","pid":"136991464"},"geometry":{"type":"MultiLineString","coordinates":[[[-85.18554,36.0201],[-85.18494,36.01893],[-85.18527,36.01825]]]}},{"type":"Feature","properties":{"kind":"minor-water","name":"West Fork Creek","ftype":460,"lengthKm":0.87,"hu8":"05130108","pid":"136991515"},"geometry":{"type":"MultiLineString","coordinates":[[[-85.24078,35.93842],[-85.23935,35.93771],[-85.23914,35.93711],[-85.23742,35.9379],[-85.23449,35.93725],[-85.23227,35.93724]]]}},{"type":"Feature","properties":{"kind":"minor-water","name":"Little Laurel Creek","ftype":460,"lengthKm":0.31,"hu8":"05130108","pid":"136992621"},"geometry":{"type":"MultiLineString","coordinates":[[[-85.10889,35.8397],[-85.11231,35.83997]]]}},{"type":"Feature","properties":{"kind":"minor-water","name":"Falling Water River","ftype":558,"lengthKm":3.21,"hu8":"05130108","pid":"136993401"},"geometry":{"type":"MultiLineString","coordinates":[[[-85.43146,36.1306],[-85.4332,36.12877],[-85.43421,36.12853],[-85.43975,36.12929],[-85.44322,36.13061],[-85.44512,36.12999],[-85.44564,36.12904],[-85.44289,36.12647],[-85.44366,36.12488],[-85.44648,36.12495],[-85.44666,36.12285],[-85.44572,36.12088],[-85.44371,36.12035],[-85.4431,36.11982],[-85.44368,36.11851]]]}},{"type":"Feature","properties":{"kind":"minor-water","name":"Glade Creek","ftype":558,"lengthKm":0.34,"hu8":"05130108","pid":"136994006"},"geometry":{"type":"MultiLineString","coordinates":[[[-85.26501,35.71783],[-85.26476,35.71867],[-85.26323,35.71843],[-85.26244,35.71916]]]}},{"type":"Feature","properties":{"kind":"minor-water","name":"Cooper Creek","ftype":558,"lengthKm":0.02,"hu8":"05130108","pid":"136994130"},"geometry":{"type":"MultiLineString","coordinates":[[[-85.21147,35.89829],[-85.21155,35.89812]]]}},{"type":"Feature","properties":{"kind":"minor-water","name":"Meadow Creek","ftype":460,"lengthKm":1.66,"hu8":"05130108","pid":"136992995"},"geometry":{"type":"MultiLineString","coordinates":[[[-85.35281,35.59132],[-85.35239,35.59213],[-85.35081,35.59242],[-85.35019,35.59317],[-85.35161,35.59419],[-85.35127,35.59533],[-85.35054,35.59582],[-85.3514,35.59635],[-85.35126,35.59718],[-85.35212,35.59773],[-85.3513,35.59838],[-85.35141,35.59894],[-85.35193,35.59928],[-85.35337,35.59886],[-85.35406,35.5992],[-85.354,35.60006],[-85.35337,35.60088]]]}},{"type":"Feature","properties":{"kind":"minor-water","name":"Fox Thicket Creek","ftype":460,"lengthKm":0.46,"hu8":"05130108","pid":"136992996"},"geometry":{"type":"MultiLineString","coordinates":[[[-85.39378,35.56575],[-85.39268,35.5653],[-85.39211,35.5644],[-85.3895,35.56482]]]}},{"type":"Feature","properties":{"kind":"minor-water","name":"Durham Branch","ftype":460,"lengthKm":1.38,"hu8":"05130108","pid":"136993023"},"geometry":{"type":"MultiLineString","coordinates":[[[-85.29128,35.58285],[-85.29212,35.58614],[-85.29265,35.58626],[-85.29361,35.58584],[-85.2942,35.58608],[-85.2953,35.58842],[-85.2965,35.58869],[-85.29698,35.58932],[-85.29711,35.59146],[-85.2976,35.59212]]]}},{"type":"Feature","properties":{"kind":"minor-water","name":"Burtons Branch","ftype":460,"lengthKm":1.02,"hu8":"05130108","pid":"136988349"},"geometry":{"type":"MultiLineString","coordinates":[[[-85.48248,36.18503],[-85.4803,36.1834],[-85.47214,36.18179]]]}},{"type":"Feature","properties":{"kind":"minor-water","name":"East Fork Little Cane Creek","ftype":460,"lengthKm":0.07,"hu8":"05130108","pid":"136991329"},"geometry":{"type":"MultiLineString","coordinates":[[[-85.18891,35.79624],[-85.18837,35.79576]]]}},{"type":"Feature","properties":{"kind":"minor-water","name":"Clifty Creek","ftype":460,"lengthKm":0.97,"hu8":"05130108","pid":"136990746"},"geometry":{"type":"MultiLineString","coordinates":[[[-85.2625,35.89602],[-85.26186,35.8943],[-85.2628,35.89291],[-85.26422,35.89256],[-85.26342,35.89158],[-85.26355,35.88916],[-85.26306,35.88873]]]}},{"type":"Feature","properties":{"kind":"minor-water","name":"Lost Creek","ftype":460,"lengthKm":0.9,"hu8":"05130108","pid":"136991988"},"geometry":{"type":"MultiLineString","coordinates":[[[-85.34605,35.88608],[-85.34609,35.88556],[-85.34461,35.88266],[-85.34329,35.88194],[-85.34348,35.88072],[-85.34227,35.87905]]]}},{"type":"Feature","properties":{"kind":"minor-water","name":"Little Laurel Creek","ftype":558,"lengthKm":0.81,"hu8":"05130108","pid":"136994422"},"geometry":{"type":"MultiLineString","coordinates":[[[-85.11231,35.83997],[-85.11591,35.84055],[-85.11865,35.84208],[-85.11884,35.84258],[-85.11966,35.84288],[-85.11971,35.84324]]]}},{"type":"Feature","properties":{"kind":"minor-water","name":"Duncan Creek","ftype":558,"lengthKm":0.28,"hu8":"05130108","pid":"136993917"},"geometry":{"type":"MultiLineString","coordinates":[[[-85.21073,36.01153],[-85.20847,36.0098]]]}},{"type":"Feature","properties":{"kind":"minor-water","name":"Caney Fork","ftype":558,"lengthKm":1.24,"hu8":"05130108","pid":"136994577"},"geometry":{"type":"MultiLineString","coordinates":[[[-85.49087,35.81417],[-85.49484,35.81299],[-85.49752,35.81131],[-85.49806,35.81009],[-85.49751,35.80771],[-85.49793,35.80648]]]}},{"type":"Feature","properties":{"kind":"minor-water","name":"Haskens Branch","ftype":558,"lengthKm":0.01,"hu8":"05130108","pid":"136994068"},"geometry":{"type":"MultiLineString","coordinates":[[[-85.26808,35.79616],[-85.26817,35.79616]]]}},{"type":"Feature","properties":{"kind":"minor-water","name":"Perry Creek","ftype":558,"lengthKm":0.04,"hu8":"05130108","pid":"136994355"},"geometry":{"type":"MultiLineString","coordinates":[[[-85.11086,35.86221],[-85.11104,35.86185]]]}},{"type":"Feature","properties":{"kind":"minor-water","name":"Hunter Cove","ftype":460,"lengthKm":0.88,"hu8":"05130108","pid":"136989611"},"geometry":{"type":"MultiLineString","coordinates":[[[-85.3979,36.08122],[-85.39865,36.08345],[-85.39969,36.08498],[-85.40337,36.08737]]]}},{"type":"Feature","properties":{"kind":"minor-water","name":"Barnes Creek","ftype":460,"lengthKm":0.94,"hu8":"05130108","pid":"136991394"},"geometry":{"type":"MultiLineString","coordinates":[[[-85.12361,35.86035],[-85.12552,35.85844],[-85.12643,35.85608],[-85.12757,35.85647],[-85.12806,35.85587],[-85.12876,35.85573],[-85.12878,35.85515],[-85.12941,35.85481]]]}},{"type":"Feature","properties":{"kind":"minor-water","name":"Perry Creek","ftype":460,"lengthKm":0.18,"hu8":"05130108","pid":"136991389"},"geometry":{"type":"MultiLineString","coordinates":[[[-85.11161,35.86057],[-85.11193,35.85898]]]}},{"type":"Feature","properties":{"kind":"minor-water","name":"Glade Creek","ftype":460,"lengthKm":1.28,"hu8":"05130108","pid":"136990652"},"geometry":{"type":"MultiLineString","coordinates":[[[-85.25687,35.67449],[-85.2565,35.67509],[-85.25461,35.67415],[-85.2537,35.67427],[-85.25304,35.67468],[-85.25335,35.67536],[-85.25272,35.67579],[-85.25203,35.67711],[-85.24895,35.67862],[-85.24766,35.67887],[-85.24671,35.67867]]]}},{"type":"Feature","properties":{"kind":"minor-water","name":"Potts Creek","ftype":460,"lengthKm":1.33,"hu8":"05130108","pid":"136991069"},"geometry":{"type":"MultiLineString","coordinates":[[[-85.16797,35.88173],[-85.16953,35.88226],[-85.17108,35.88354],[-85.17377,35.88389],[-85.17427,35.88433],[-85.17709,35.88423],[-85.1784,35.88489],[-85.18009,35.88426],[-85.18113,35.88469]]]}},{"type":"Feature","properties":{"kind":"minor-water","name":"Henderson Branch","ftype":460,"lengthKm":1.25,"hu8":"05130108","pid":"136991353"},"geometry":{"type":"MultiLineString","coordinates":[[[-85.14627,35.82668],[-85.14848,35.82923],[-85.14668,35.83126],[-85.14515,35.83399],[-85.14413,35.83461],[-85.1448,35.83523],[-85.14448,35.836]]]}},{"type":"Feature","properties":{"kind":"minor-water","name":"Calfkiller River","ftype":558,"lengthKm":5.81,"hu8":"05130108","pid":"136993462"},"geometry":{"type":"MultiLineString","coordinates":[[[-85.33229,36.0556],[-85.33265,36.05548],[-85.33265,36.05503],[-85.33135,36.05369],[-85.33096,36.05253],[-85.32798,36.05068],[-85.32921,36.0484],[-85.3276,36.04772],[-85.32614,36.04661],[-85.32619,36.04529],[-85.32862,36.04488],[-85.32919,36.04441],[-85.32874,36.04374],[-85.32633,36.04237],[-85.32592,36.0415],[-85.32642,36.0411],[-85.32977,36.04026],[-85.33226,36.03864],[-85.33188,36.03625],[-85.33336,36.03395],[-85.33265,36.03343],[-85.32991,36.03362],[-85.32966,36.03322],[-85.32986,36.03251],[-85.33255,36.03181],[-85.33703,36.03144],[-85.3374,36.03103],[-85.33654,36.02957],[-85.3347,36.02813],[-85.33194,36.02957],[-85.33075,36.02938],[-85.32913,36.02666]]]}},{"type":"Feature","properties":{"kind":"minor-water","name":"Cane Creek","ftype":558,"lengthKm":0.03,"hu8":"05130108","pid":"136994642"},"geometry":{"type":"MultiLineString","coordinates":[[[-85.38683,35.7147],[-85.38682,35.71493]]]}},{"type":"Feature","properties":{"kind":"minor-water","name":"Lick Branch","ftype":460,"lengthKm":0.35,"hu8":"05130108","pid":"136986038"},"geometry":{"type":"MultiLineString","coordinates":[[[-85.14046,35.92828],[-85.13836,35.93098]]]}},{"type":"Feature","properties":{"kind":"minor-water","name":"Piney Creek","ftype":460,"lengthKm":2.37,"hu8":"05130108","pid":"136990596"},"geometry":{"type":"MultiLineString","coordinates":[[[-85.40552,35.67106],[-85.40541,35.67021],[-85.40492,35.66997],[-85.40412,35.66811],[-85.40335,35.66821],[-85.40281,35.66957],[-85.40201,35.66948],[-85.4014,35.66772],[-85.39877,35.6661],[-85.39817,35.66379],[-85.39748,35.66377],[-85.39481,35.66519],[-85.39297,35.66399],[-85.38997,35.6641],[-85.38934,35.66328]]]}},{"type":"Feature","properties":{"kind":"minor-water","name":"Calfkiller River","ftype":460,"lengthKm":0.45,"hu8":"05130108","pid":"136990755"},"geometry":{"type":"MultiLineString","coordinates":[[[-85.32587,36.08349],[-85.32521,36.08148],[-85.32438,36.08094],[-85.32463,36.08034],[-85.32435,36.07993]]]}},{"type":"Feature","properties":{"kind":"minor-water","name":"West Fork Little Cane Creek","ftype":460,"lengthKm":0.11,"hu8":"05130108","pid":"136985877"},"geometry":{"type":"MultiLineString","coordinates":[[[-85.2072,35.80179],[-85.20811,35.80114]]]}},{"type":"Feature","properties":{"kind":"minor-water","name":"Cleghorn Creek","ftype":558,"lengthKm":0.84,"hu8":"05130108","pid":"136993403"},"geometry":{"type":"MultiLineString","coordinates":[[[-85.42325,36.12846],[-85.42478,36.12857],[-85.4268,36.12971],[-85.42872,36.1292],[-85.43012,36.13032],[-85.43146,36.1306]]]}},{"type":"Feature","properties":{"kind":"minor-water","name":"Barnes Creek","ftype":460,"lengthKm":0.61,"hu8":"05130108","pid":"136991393"},"geometry":{"type":"MultiLineString","coordinates":[[[-85.12941,35.85481],[-85.12987,35.85479],[-85.13013,35.85422],[-85.13087,35.8542],[-85.13149,35.85217],[-85.13332,35.85116]]]}},{"type":"Feature","properties":{"kind":"minor-water","name":"Caney Fork","ftype":460,"lengthKm":0.72,"hu8":"05130108","pid":"136991445"},"geometry":{"type":"MultiLineString","coordinates":[[[-85.17457,35.98768],[-85.17149,35.9899],[-85.16765,35.98977]]]}},{"type":"Feature","properties":{"kind":"minor-water","name":"Wilkerson Creek","ftype":460,"lengthKm":0.31,"hu8":"05130108","pid":"136991454"},"geometry":{"type":"MultiLineString","coordinates":[[[-85.24297,35.99278],[-85.24188,35.99309],[-85.23976,35.99235]]]}},{"type":"Feature","properties":{"kind":"minor-water","name":"Caney Fork","ftype":558,"lengthKm":0.35,"hu8":"05130108","pid":"136993985"},"geometry":{"type":"MultiLineString","coordinates":[[[-85.29557,35.82871],[-85.29639,35.82838],[-85.29819,35.82646]]]}},{"type":"Feature","properties":{"kind":"minor-water","name":"Bee Creek","ftype":558,"lengthKm":0.39,"hu8":"05130108","pid":"136994685"},"geometry":{"type":"MultiLineString","coordinates":[[[-85.22199,35.75878],[-85.22174,35.75918],[-85.22209,35.75962],[-85.22438,35.76015],[-85.22494,35.76053]]]}},{"type":"Feature","properties":{"kind":"minor-water","name":"Cleghorn Creek","ftype":460,"lengthKm":0.55,"hu8":"05130108","pid":"136992849"},"geometry":{"type":"MultiLineString","coordinates":[[[-85.40503,36.12817],[-85.4054,36.12857],[-85.40776,36.12902],[-85.40887,36.12891],[-85.40996,36.12938],[-85.4106,36.12917]]]}},{"type":"Feature","properties":{"kind":"minor-water","name":"Hood Branch","ftype":460,"lengthKm":0.53,"hu8":"05130108","pid":"136992947"},"geometry":{"type":"MultiLineString","coordinates":[[[-85.13654,35.97488],[-85.13723,35.97445],[-85.1388,35.97466],[-85.13992,35.97422],[-85.14088,35.97443],[-85.14156,35.97369]]]}},{"type":"Feature","properties":{"kind":"minor-water","name":"Beam Creek","ftype":460,"lengthKm":1.53,"hu8":"05130108","pid":"136990735"},"geometry":{"type":"MultiLineString","coordinates":[[[-85.14635,35.96202],[-85.14715,35.96171],[-85.14868,35.96187],[-85.1495,35.96159],[-85.14969,35.96117],[-85.14894,35.9602],[-85.14943,35.95956],[-85.15052,35.95972],[-85.15268,35.9609],[-85.15425,35.96104],[-85.15473,35.9602],[-85.15384,35.95884],[-85.15593,35.95785]]]}},{"type":"Feature","properties":{"kind":"minor-water","name":"Bradden Creek","ftype":460,"lengthKm":1.94,"hu8":"05130108","pid":"136990910"},"geometry":{"type":"MultiLineString","coordinates":[[[-85.29229,35.66192],[-85.29177,35.6629],[-85.29109,35.66313],[-85.29028,35.66531],[-85.28893,35.66676],[-85.28728,35.66745],[-85.28589,35.66933],[-85.28421,35.67005],[-85.2835,35.6709],[-85.28235,35.67308],[-85.28253,35.67611]]]}},{"type":"Feature","properties":{"kind":"minor-water","name":"Panter Creek","ftype":460,"lengthKm":0.38,"hu8":"05130108","pid":"136991210"},"geometry":{"type":"MultiLineString","coordinates":[[[-85.22405,35.66241],[-85.22466,35.66251],[-85.22516,35.66191],[-85.22646,35.66165],[-85.22763,35.66213]]]}},{"type":"Feature","properties":{"kind":"minor-water","name":"Wilkerson Creek","ftype":460,"lengthKm":1.72,"hu8":"05130108","pid":"136991450"},"geometry":{"type":"MultiLineString","coordinates":[[[-85.21228,35.99539],[-85.21099,35.99518],[-85.20986,35.99403],[-85.20822,35.99309],[-85.20756,35.99296],[-85.20651,35.99379],[-85.20549,35.99294],[-85.20334,35.99231],[-85.20035,35.99028],[-85.19784,35.98755]]]}},{"type":"Feature","properties":{"kind":"minor-water","name":"Gardner Creek","ftype":460,"lengthKm":1.65,"hu8":"05130108","pid":"136991548"},"geometry":{"type":"MultiLineString","coordinates":[[[-85.31801,35.55321],[-85.31892,35.55602],[-85.31987,35.55754],[-85.3197,35.55861],[-85.31937,35.55914],[-85.31616,35.56024],[-85.31496,35.5612],[-85.31425,35.56301],[-85.31462,35.56409],[-85.31568,35.56506]]]}},{"type":"Feature","properties":{"kind":"minor-water","name":"Cleghorn Creek","ftype":460,"lengthKm":0.99,"hu8":"05130108","pid":"136992847"},"geometry":{"type":"MultiLineString","coordinates":[[[-85.41592,36.12581],[-85.41657,36.12646],[-85.4173,36.12809],[-85.41882,36.12858],[-85.41913,36.1295],[-85.41964,36.12988],[-85.42109,36.12976],[-85.42215,36.12868],[-85.42325,36.12846]]]}},{"type":"Feature","properties":{"kind":"minor-water","name":"England Cove","ftype":558,"lengthKm":0.01,"hu8":"05130108","pid":"136993465"},"geometry":{"type":"MultiLineString","coordinates":[[[-85.32903,36.02669],[-85.32913,36.02666]]]}},{"type":"Feature","properties":{"kind":"minor-water","name":"Little Laurel Creek","ftype":460,"lengthKm":0.34,"hu8":"05130108","pid":"136992679"},"geometry":{"type":"MultiLineString","coordinates":[[[-85.09484,35.83486],[-85.09656,35.83212]]]}},{"type":"Feature","properties":{"kind":"minor-water","name":"Camp Creek","ftype":460,"lengthKm":1.61,"hu8":"05130108","pid":"136986628"},"geometry":{"type":"MultiLineString","coordinates":[[[-85.31478,35.65933],[-85.31888,35.65814],[-85.32197,35.655],[-85.32312,35.65495],[-85.32683,35.65367],[-85.33014,35.65426]]]}},{"type":"Feature","properties":{"kind":"minor-water","name":"West Fork Little Cane Creek","ftype":460,"lengthKm":0.71,"hu8":"05130108","pid":"136985862"},"geometry":{"type":"MultiLineString","coordinates":[[[-85.21822,35.81502],[-85.21715,35.81471],[-85.21279,35.8106]]]}},{"type":"Feature","properties":{"kind":"minor-water","name":"Caney Fork","ftype":460,"lengthKm":0.33,"hu8":"05130108","pid":"136986149"},"geometry":{"type":"MultiLineString","coordinates":[[[-85.17295,36.03538],[-85.17381,36.03478],[-85.17501,36.03572],[-85.17591,36.0356]]]}},{"type":"Feature","properties":{"kind":"minor-water","name":"Tantrough Creek","ftype":460,"lengthKm":2.05,"hu8":"05130108","pid":"136991432"},"geometry":{"type":"MultiLineString","coordinates":[[[-85.12396,35.96351],[-85.12423,35.96401],[-85.12511,35.96379],[-85.12565,35.9641],[-85.12706,35.96361],[-85.12923,35.96419],[-85.13083,35.96417],[-85.13335,35.96506],[-85.1346,35.96509],[-85.1354,35.96561],[-85.13554,35.96537],[-85.13708,35.96537],[-85.13748,35.96487],[-85.13829,35.96498],[-85.13834,35.96448],[-85.13995,35.96401],[-85.14046,35.96348],[-85.14181,35.96322],[-85.14257,35.96268],[-85.14282,35.96183]]]}},{"type":"Feature","properties":{"kind":"minor-water","name":"Frey Branch","ftype":460,"lengthKm":1.04,"hu8":"05130108","pid":"136991492"},"geometry":{"type":"MultiLineString","coordinates":[[[-85.21301,35.97315],[-85.21139,35.97431],[-85.20732,35.975],[-85.20523,35.97639],[-85.20384,35.97815]]]}},{"type":"Feature","properties":{"kind":"minor-water","name":"West Fork Creek","ftype":460,"lengthKm":0.38,"hu8":"05130108","pid":"136991509"},"geometry":{"type":"MultiLineString","coordinates":[[[-85.21281,35.92403],[-85.21207,35.92311],[-85.21095,35.92354],[-85.20959,35.92279]]]}},{"type":"Feature","properties":{"kind":"minor-water","name":"Cane Creek","ftype":460,"lengthKm":0.66,"hu8":"05130108","pid":"136990616"},"geometry":{"type":"MultiLineString","coordinates":[[[-85.34917,35.66364],[-85.34856,35.66472],[-85.34913,35.66518],[-85.34925,35.66686],[-85.35097,35.66735],[-85.35209,35.66728]]]}},{"type":"Feature","properties":{"kind":"minor-water","name":"Simmons Creek","ftype":460,"lengthKm":0.71,"hu8":"05130108","pid":"136991194"},"geometry":{"type":"MultiLineString","coordinates":[[[-85.29424,35.77101],[-85.29335,35.77088],[-85.29209,35.77132],[-85.29083,35.76971],[-85.29021,35.77042],[-85.28939,35.77022],[-85.28814,35.77055]]]}},{"type":"Feature","properties":{"kind":"minor-water","name":"Pole Bridge Branch","ftype":460,"lengthKm":0.3,"hu8":"05130108","pid":"136989770"},"geometry":{"type":"MultiLineString","coordinates":[[[-85.30837,35.90451],[-85.30982,35.90425],[-85.31053,35.90367],[-85.3112,35.90403]]]}},{"type":"Feature","properties":{"kind":"minor-water","name":"Durham Branch","ftype":460,"lengthKm":1.09,"hu8":"05130108","pid":"136992825"},"geometry":{"type":"MultiLineString","coordinates":[[[-85.28586,35.57036],[-85.28556,35.57168],[-85.28621,35.57335],[-85.28981,35.57717],[-85.28972,35.57903]]]}},{"type":"Feature","properties":{"kind":"minor-water","name":"Millsea Branch","ftype":460,"lengthKm":0.83,"hu8":"05130108","pid":"136992927"},"geometry":{"type":"MultiLineString","coordinates":[[[-85.24258,35.90688],[-85.24252,35.90624],[-85.24373,35.90349],[-85.24298,35.90093],[-85.24383,35.89981]]]}},{"type":"Feature","properties":{"kind":"minor-water","name":"Short Creek","ftype":460,"lengthKm":0.6,"hu8":"05130108","pid":"136992934"},"geometry":{"type":"MultiLineString","coordinates":[[[-85.24409,35.83912],[-85.24617,35.84047],[-85.2483,35.84031],[-85.24997,35.84091]]]}},{"type":"Feature","properties":{"kind":"minor-water","name":"Rocky River","ftype":460,"lengthKm":0.26,"hu8":"05130108","pid":"136991646"},"geometry":{"type":"MultiLineString","coordinates":[[[-85.48945,35.56514],[-85.49004,35.56569],[-85.49195,35.56624]]]}},{"type":"Feature","properties":{"kind":"minor-water","name":"Dry Fork","ftype":460,"lengthKm":0.13,"hu8":"05130108","pid":"136983708"},"geometry":{"type":"MultiLineString","coordinates":[[[-85.49997,35.67697],[-85.49946,35.677],[-85.49998,35.67757]]]}},{"type":"Feature","properties":{"kind":"minor-water","name":"Burtons Branch","ftype":460,"lengthKm":3.26,"hu8":"05130108","pid":"136988350"},"geometry":{"type":"MultiLineString","coordinates":[[[-85.47214,36.18179],[-85.46631,36.18098],[-85.46543,36.18043],[-85.46355,36.17819],[-85.46189,36.17518],[-85.46192,36.1747],[-85.45965,36.17245],[-85.45896,36.1708],[-85.4585,36.17031],[-85.45791,36.17022],[-85.45882,36.16506],[-85.45846,36.16332],[-85.45649,36.16235],[-85.45497,36.1608],[-85.45498,36.16024]]]}},{"type":"Feature","properties":{"kind":"minor-water","name":"Caney Fork","ftype":460,"lengthKm":0.84,"hu8":"05130108","pid":"136991442"},"geometry":{"type":"MultiLineString","coordinates":[[[-85.15841,35.97248],[-85.15484,35.97057],[-85.15547,35.97026],[-85.15781,35.97067],[-85.15968,35.97048]]]}},{"type":"Feature","properties":{"kind":"minor-water","name":"Sapp Branch","ftype":460,"lengthKm":1.17,"hu8":"05130108","pid":"136991340"},"geometry":{"type":"MultiLineString","coordinates":[[[-85.20465,35.8788],[-85.20447,35.87941],[-85.20365,35.88016],[-85.2014,35.88144],[-85.19917,35.88328],[-85.19854,35.88448],[-85.1952,35.88497]]]}},{"type":"Feature","properties":{"kind":"minor-water","name":"Stone Cove","ftype":460,"lengthKm":2.34,"hu8":"05130108","pid":"136990944"},"geometry":{"type":"MultiLineString","coordinates":[[[-85.44554,36.01651],[-85.44559,36.01583],[-85.44455,36.0155],[-85.44271,36.01425],[-85.44323,36.01333],[-85.44302,36.01302],[-85.43903,36.01194],[-85.43792,36.01138],[-85.43734,36.01144],[-85.43617,36.01081],[-85.43679,36.00804],[-85.43629,36.00767],[-85.43563,36.00832],[-85.43503,36.00838],[-85.43392,36.00661],[-85.43283,36.00665],[-85.43321,36.00529],[-85.43278,36.00421]]]}},{"type":"Feature","properties":{"kind":"minor-water","name":"Henderson Branch","ftype":460,"lengthKm":0.22,"hu8":"05130108","pid":"136991358"},"geometry":{"type":"MultiLineString","coordinates":[[[-85.15558,35.82153],[-85.15329,35.82079]]]}},{"type":"Feature","properties":{"kind":"minor-water","name":"Farmers Creek","ftype":460,"lengthKm":0.32,"hu8":"05130108","pid":"136990710"},"geometry":{"type":"MultiLineString","coordinates":[[[-85.13183,35.81782],[-85.13114,35.81951],[-85.13038,35.82044]]]}},{"type":"Feature","properties":{"kind":"minor-water","name":"Barnes Hollow Branch","ftype":460,"lengthKm":3.45,"hu8":"05130108","pid":"136991143"},"geometry":{"type":"MultiLineString","coordinates":[[[-85.33927,36.16946],[-85.33991,36.16832],[-85.34176,36.16659],[-85.34321,36.16622],[-85.34505,36.16637],[-85.34961,36.16582],[-85.35138,36.16462],[-85.35378,36.16355],[-85.35591,36.16323],[-85.36504,36.16361],[-85.36768,36.16508],[-85.37408,36.16602]]]}},{"type":"Feature","properties":{"kind":"minor-water","name":"Buck Creek","ftype":460,"lengthKm":0.23,"hu8":"05130108","pid":"136991162"},"geometry":{"type":"MultiLineString","coordinates":[[[-85.28123,35.98389],[-85.28114,35.98457],[-85.28253,35.98543]]]}},{"type":"Feature","properties":{"kind":"minor-water","name":"Bee Creek","ftype":558,"lengthKm":0.95,"hu8":"05130108","pid":"136994688"},"geometry":{"type":"MultiLineString","coordinates":[[[-85.21192,35.7535],[-85.21544,35.75271],[-85.21736,35.75398],[-85.21887,35.7542],[-85.22044,35.75365],[-85.22099,35.75284]]]}},{"type":"Feature","properties":{"kind":"minor-water","name":"Piney Creek","ftype":460,"lengthKm":1.01,"hu8":"05130108","pid":"136992964"},"geometry":{"type":"MultiLineString","coordinates":[[[-85.20133,35.81778],[-85.20212,35.81968],[-85.2016,35.82164],[-85.20219,35.82332],[-85.20384,35.82411],[-85.20542,35.82535]]]}},{"type":"Feature","properties":{"kind":"minor-water","name":"Caney Fork","ftype":558,"lengthKm":2.24,"hu8":"05130108","pid":"136994039"},"geometry":{"type":"MultiLineString","coordinates":[[[-85.18511,35.93558],[-85.18643,35.93446],[-85.18683,35.93173],[-85.18651,35.93104],[-85.18535,35.93009],[-85.18542,35.92937],[-85.18661,35.92895],[-85.18817,35.92973],[-85.18997,35.9299],[-85.19061,35.92911],[-85.19075,35.9282],[-85.19032,35.92773],[-85.18863,35.92724],[-85.18856,35.9263],[-85.1892,35.9259],[-85.1913,35.92603],[-85.19292,35.92469]]]}},{"type":"Feature","properties":{"kind":"minor-water","name":"Long Branch","ftype":558,"lengthKm":0.01,"hu8":"05130108","pid":"136994065"},"geometry":{"type":"MultiLineString","coordinates":[[[-85.26806,35.72311],[-85.26794,35.7231]]]}},{"type":"Feature","properties":{"kind":"minor-water","name":"Devil Creek","ftype":460,"lengthKm":0.38,"hu8":"05130108","pid":"136991170"},"geometry":{"type":"MultiLineString","coordinates":[[[-85.22843,36.04749],[-85.23144,36.04573],[-85.23165,36.04532]]]}},{"type":"Feature","properties":{"kind":"minor-water","name":"Thompson Creek","ftype":460,"lengthKm":0.5,"hu8":"05130108","pid":"136991204"},"geometry":{"type":"MultiLineString","coordinates":[[[-85.21383,35.65118],[-85.21488,35.65074],[-85.21679,35.65097],[-85.21721,35.65134],[-85.21816,35.6513],[-85.21889,35.65165]]]}},{"type":"Feature","properties":{"kind":"minor-water","name":"Davidson Cove","ftype":460,"lengthKm":1.91,"hu8":"05130108","pid":"136985492"},"geometry":{"type":"MultiLineString","coordinates":[[[-85.25759,36.09465],[-85.26095,36.09465],[-85.26337,36.09323],[-85.26407,36.09225],[-85.26576,36.0919],[-85.26839,36.09086],[-85.26893,36.09132],[-85.26981,36.0912],[-85.27128,36.08999],[-85.272,36.09032],[-85.27252,36.09016],[-85.27316,36.08901],[-85.27373,36.08925],[-85.27425,36.08873],[-85.2748,36.08904]]]}},{"type":"Feature","properties":{"kind":"minor-water","name":"Steep Hollow Branch","ftype":460,"lengthKm":0.45,"hu8":"05130108","pid":"136986342"},"geometry":{"type":"MultiLineString","coordinates":[[[-85.27013,35.84402],[-85.27358,35.84371],[-85.27492,35.84304]]]}},{"type":"Feature","properties":{"kind":"minor-water","name":"Walling Mill Creek","ftype":460,"lengthKm":1.53,"hu8":"05130108","pid":"136990433"},"geometry":{"type":"MultiLineString","coordinates":[[[-85.32953,35.69395],[-85.33067,35.69411],[-85.33124,35.69458],[-85.332,35.6943],[-85.33239,35.69369],[-85.33295,35.69411],[-85.33447,35.69422],[-85.33568,35.69333],[-85.33663,35.69305],[-85.3374,35.69207],[-85.33751,35.69131],[-85.33891,35.69074],[-85.34019,35.69132],[-85.34053,35.69073],[-85.34137,35.69069],[-85.3415,35.69001],[-85.34188,35.68979]]]}},{"type":"Feature","properties":{"kind":"minor-water","name":"Pineorchard Creek","ftype":460,"lengthKm":0.85,"hu8":"05130108","pid":"136991560"},"geometry":{"type":"MultiLineString","coordinates":[[[-85.29159,35.65162],[-85.2939,35.64956],[-85.29508,35.64799],[-85.29565,35.64602],[-85.29654,35.64536]]]}},{"type":"Feature","properties":{"kind":"minor-water","name":"Whiteoak Creek","ftype":460,"lengthKm":0.31,"hu8":"05130108","pid":"136990848"},"geometry":{"type":"MultiLineString","coordinates":[[[-85.19749,35.96964],[-85.19603,35.96943],[-85.1947,35.96829]]]}},{"type":"Feature","properties":{"kind":"minor-water","name":"Beaverdam Creek","ftype":460,"lengthKm":0.83,"hu8":"05130108","pid":"136990885"},"geometry":{"type":"MultiLineString","coordinates":[[[-85.20898,35.71363],[-85.20837,35.71423],[-85.20861,35.71497],[-85.20732,35.71583],[-85.20709,35.71716],[-85.20758,35.71791],[-85.20604,35.7186],[-85.20488,35.71875]]]}},{"type":"Feature","properties":{"kind":"minor-water","name":"Cane Creek","ftype":558,"lengthKm":1.69,"hu8":"05130108","pid":"136994641"},"geometry":{"type":"MultiLineString","coordinates":[[[-85.38682,35.71493],[-85.38564,35.71777],[-85.38696,35.72105],[-85.38706,35.72266],[-85.38671,35.72401],[-85.39141,35.72598],[-85.39175,35.72662],[-85.39158,35.72738]]]}},{"type":"Feature","properties":{"kind":"minor-water","name":"Piney Creek","ftype":558,"lengthKm":0.01,"hu8":"05130108","pid":"136994773"},"geometry":{"type":"MultiLineString","coordinates":[[[-85.36821,35.68612],[-85.36815,35.68618]]]}},{"type":"Feature","properties":{"kind":"minor-water","name":"Caney Fork","ftype":558,"lengthKm":0.03,"hu8":"05130108","pid":"136994591"},"geometry":{"type":"MultiLineString","coordinates":[[[-85.43877,35.8155],[-85.43912,35.81549]]]}},{"type":"Feature","properties":{"kind":"minor-water","name":"Big Branch","ftype":460,"lengthKm":0.56,"hu8":"05130108","pid":"136992946"},"geometry":{"type":"MultiLineString","coordinates":[[[-85.15956,35.92316],[-85.16164,35.92514],[-85.1626,35.92746]]]}},{"type":"Feature","properties":{"kind":"minor-water","name":"Laurel Creek","ftype":460,"lengthKm":0.38,"hu8":"05130108","pid":"136990685"},"geometry":{"type":"MultiLineString","coordinates":[[[-85.18636,35.88566],[-85.18682,35.88606],[-85.18865,35.88594],[-85.18884,35.88661],[-85.18832,35.88718]]]}},{"type":"Feature","properties":{"kind":"minor-water","name":"Devil Creek","ftype":460,"lengthKm":0.13,"hu8":"05130108","pid":"136985383"},"geometry":{"type":"MultiLineString","coordinates":[[[-85.24876,36.03904],[-85.24922,36.04016]]]}},{"type":"Feature","properties":{"kind":"minor-water","name":"Walling Mill Creek","ftype":460,"lengthKm":0.63,"hu8":"05130108","pid":"136990120"},"geometry":{"type":"MultiLineString","coordinates":[[[-85.32774,35.69888],[-85.32828,35.6974],[-85.32802,35.6967],[-85.32874,35.6964],[-85.32913,35.69528],[-85.32985,35.69461],[-85.32953,35.69395]]]}},{"type":"Feature","properties":{"kind":"minor-water","name":"Meadow Creek","ftype":460,"lengthKm":0.94,"hu8":"05130108","pid":"136990732"},"geometry":{"type":"MultiLineString","coordinates":[[[-85.08281,35.90418],[-85.08451,35.90439],[-85.08534,35.90488],[-85.08634,35.90573],[-85.08718,35.90748],[-85.08808,35.90749],[-85.08869,35.90813],[-85.08946,35.90813],[-85.0906,35.90859]]]}},{"type":"Feature","properties":{"kind":"minor-water","name":"Granny Branch","ftype":460,"lengthKm":0.09,"hu8":"05130108","pid":"136991348"},"geometry":{"type":"MultiLineString","coordinates":[[[-85.1948,35.85352],[-85.19453,35.85432]]]}},{"type":"Feature","properties":{"kind":"minor-water","name":"Sandy Creek","ftype":460,"lengthKm":0.35,"hu8":"05130108","pid":"136991477"},"geometry":{"type":"MultiLineString","coordinates":[[[-85.22233,36.00126],[-85.22101,36.00108],[-85.22076,36.00148],[-85.22012,36.00177],[-85.21965,36.0016],[-85.21924,36.00206]]]}},{"type":"Feature","properties":{"kind":"minor-water","name":"Pineorchard Creek","ftype":460,"lengthKm":0.09,"hu8":"05130108","pid":"136991561"},"geometry":{"type":"MultiLineString","coordinates":[[[-85.29654,35.64536],[-85.2965,35.64452]]]}},{"type":"Feature","properties":{"kind":"minor-water","name":"Rockhouse Creek","ftype":460,"lengthKm":0.71,"hu8":"05130108","pid":"136991568"},"geometry":{"type":"MultiLineString","coordinates":[[[-85.32356,35.67668],[-85.32538,35.67689],[-85.32623,35.67599],[-85.32759,35.67561],[-85.32782,35.67438],[-85.32882,35.67336]]]}},{"type":"Feature","properties":{"kind":"minor-water","name":"Puncheoncamp Creek","ftype":460,"lengthKm":0.99,"hu8":"05130108","pid":"136991076"},"geometry":{"type":"MultiLineString","coordinates":[[[-85.2294,35.84001],[-85.22946,35.84098],[-85.22987,35.84161],[-85.23149,35.84278],[-85.23247,35.84298],[-85.23355,35.84387],[-85.23442,35.84613],[-85.23386,35.84703]]]}},{"type":"Feature","properties":{"kind":"minor-water","name":"Wheeler Branch","ftype":460,"lengthKm":0.8,"hu8":"05130108","pid":"136991218"},"geometry":{"type":"MultiLineString","coordinates":[[[-85.23251,35.67569],[-85.23418,35.67493],[-85.23471,35.67505],[-85.2356,35.67413],[-85.23614,35.67407],[-85.23597,35.67374],[-85.23657,35.67364],[-85.23682,35.6731],[-85.23618,35.67247],[-85.23688,35.67218],[-85.23696,35.67146]]]}},{"type":"Feature","properties":{"kind":"minor-water","name":"Little Laurel Creek","ftype":460,"lengthKm":0.21,"hu8":"05130108","pid":"136991375"},"geometry":{"type":"MultiLineString","coordinates":[[[-85.12357,35.84048],[-85.12577,35.84]]]}},{"type":"Feature","properties":{"kind":"minor-water","name":"Beam Creek","ftype":460,"lengthKm":1.29,"hu8":"05130108","pid":"136983787"},"geometry":{"type":"MultiLineString","coordinates":[[[-85.13666,36.00485],[-85.13691,36.00362],[-85.1379,36.00274],[-85.1375,36.00248],[-85.136,36.00243],[-85.13697,36.00017],[-85.13679,35.9994],[-85.13761,35.99838],[-85.13842,35.99836],[-85.13904,35.99777],[-85.13826,35.99727],[-85.13901,35.99656]]]}},{"type":"Feature","properties":{"kind":"minor-water","name":"Flowing Well Branch","ftype":460,"lengthKm":2.05,"hu8":"05130108","pid":"136984058"},"geometry":{"type":"MultiLineString","coordinates":[[[-85.30343,35.78836],[-85.30569,35.79025],[-85.30536,35.79185],[-85.30617,35.79289],[-85.30894,35.79445],[-85.31022,35.7945],[-85.31027,35.79501],[-85.31221,35.79564],[-85.3128,35.79631],[-85.31382,35.79642],[-85.31415,35.79732],[-85.31521,35.79707],[-85.31588,35.79745],[-85.31589,35.79811],[-85.31705,35.79771],[-85.31742,35.79839],[-85.31788,35.79853]]]}},{"type":"Feature","properties":{"kind":"minor-water","name":"Harrison Gulf Branch","ftype":460,"lengthKm":0.85,"hu8":"05130108","pid":"136990072"},"geometry":{"type":"MultiLineString","coordinates":[[[-85.34952,35.70319],[-85.34974,35.70287],[-85.34856,35.70073],[-85.3492,35.69941],[-85.34885,35.69844],[-85.34879,35.69598]]]}},{"type":"Feature","properties":{"kind":"minor-water","name":"Clifty Creek","ftype":460,"lengthKm":1.45,"hu8":"05130108","pid":"136990747"},"geometry":{"type":"MultiLineString","coordinates":[[[-85.26306,35.88873],[-85.2618,35.88836],[-85.26061,35.88737],[-85.25911,35.88786],[-85.25765,35.88766],[-85.25707,35.88806],[-85.25703,35.8893],[-85.25625,35.8896],[-85.25507,35.88808],[-85.25334,35.88801],[-85.25147,35.88633]]]}},{"type":"Feature","properties":{"kind":"minor-water","name":"Clifty Creek","ftype":460,"lengthKm":2.94,"hu8":"05130108","pid":"136990752"},"geometry":{"type":"MultiLineString","coordinates":[[[-85.27119,35.94426],[-85.2697,35.94297],[-85.26946,35.94171],[-85.27027,35.94063],[-85.27001,35.9393],[-85.27135,35.93779],[-85.27062,35.93689],[-85.27039,35.93588],[-85.27097,35.9337],[-85.27006,35.93237],[-85.26858,35.93131],[-85.26931,35.93032],[-85.26965,35.92886],[-85.27083,35.9277],[-85.27161,35.9259],[-85.27326,35.92659],[-85.27806,35.92616]]]}},{"type":"Feature","properties":{"kind":"minor-water","name":"Buck Creek","ftype":460,"lengthKm":3.14,"hu8":"05130108","pid":"136991160"},"geometry":{"type":"MultiLineString","coordinates":[[[-85.28907,35.9992],[-85.29103,36.0003],[-85.29116,36.00109],[-85.29194,36.00136],[-85.29239,36.00226],[-85.29592,36.00298],[-85.29668,36.00385],[-85.29821,36.00481],[-85.29978,36.00484],[-85.30224,36.00551],[-85.30323,36.00501],[-85.30446,36.00517],[-85.30756,36.00654],[-85.30902,36.0081],[-85.31103,36.00821],[-85.31201,36.00769],[-85.31258,36.00776],[-85.31439,36.00906],[-85.31556,36.00944],[-85.3169,36.01125]]]}},{"type":"Feature","properties":{"kind":"minor-water","name":"Duncan Creek","ftype":460,"lengthKm":0.28,"hu8":"05130108","pid":"136989818"},"geometry":{"type":"MultiLineString","coordinates":[[[-85.22083,36.0253],[-85.21845,36.0257],[-85.21773,36.02558]]]}},{"type":"Feature","properties":{"kind":"minor-water","name":"Duncan Creek","ftype":460,"lengthKm":0.45,"hu8":"05130108","pid":"136989879"},"geometry":{"type":"MultiLineString","coordinates":[[[-85.20595,36.00553],[-85.20423,36.00438],[-85.20405,36.00382],[-85.20274,36.00259]]]}},{"type":"Feature","properties":{"kind":"minor-water","name":"Gentry Creek","ftype":460,"lengthKm":0.93,"hu8":"05130108","pid":"136991409"},"geometry":{"type":"MultiLineString","coordinates":[[[-85.17906,35.90821],[-85.1795,35.90781],[-85.18037,35.90844],[-85.18174,35.90864],[-85.18241,35.90933],[-85.18298,35.90937],[-85.18342,35.90899],[-85.18374,35.90772],[-85.18525,35.90639],[-85.1862,35.90614]]]}},{"type":"Feature","properties":{"kind":"minor-water","name":"Laurel Creek","ftype":460,"lengthKm":1.45,"hu8":"05130108","pid":"136991691"},"geometry":{"type":"MultiLineString","coordinates":[[[-85.48632,35.73129],[-85.48704,35.73245],[-85.48831,35.73309],[-85.49185,35.7339],[-85.49338,35.73363],[-85.49374,35.73317],[-85.49522,35.73321],[-85.49656,35.73469],[-85.49981,35.73515]]]}},{"type":"Feature","properties":{"kind":"minor-water","name":"Bee Creek","ftype":558,"lengthKm":0.77,"hu8":"05130108","pid":"136993997"},"geometry":{"type":"MultiLineString","coordinates":[[[-85.25431,35.76529],[-85.25343,35.76661],[-85.25399,35.76802],[-85.25616,35.7683],[-85.25729,35.7703]]]}},{"type":"Feature","properties":{"kind":"minor-water","name":"Caney Fork","ftype":558,"lengthKm":2.61,"hu8":"05130108","pid":"136994094"},"geometry":{"type":"MultiLineString","coordinates":[[[-85.41839,35.82381],[-85.41878,35.82094],[-85.41944,35.81898],[-85.42055,35.81783],[-85.42293,35.81634],[-85.4247,35.81624],[-85.42832,35.81786],[-85.43055,35.81857],[-85.43247,35.81883],[-85.43375,35.81846],[-85.43658,35.81597],[-85.43877,35.8155]]]}},{"type":"Feature","properties":{"kind":"minor-water","name":"Mitchell Branch","ftype":460,"lengthKm":0.88,"hu8":"05130108","pid":"136986707"},"geometry":{"type":"MultiLineString","coordinates":[[[-85.34584,35.74145],[-85.34583,35.74037],[-85.34714,35.73775],[-85.35016,35.73575],[-85.3504,35.7349]]]}},{"type":"Feature","properties":{"kind":"minor-water","name":"Caney Fork","ftype":460,"lengthKm":0.39,"hu8":"05130108","pid":"136992005"},"geometry":{"type":"MultiLineString","coordinates":[[[-85.18302,36.0024],[-85.18383,36.00168],[-85.18309,36.00111],[-85.18224,35.99959]]]}},{"type":"Feature","properties":{"kind":"minor-water","name":"Bee Creek","ftype":558,"lengthKm":0.18,"hu8":"05130108","pid":"136994684"},"geometry":{"type":"MultiLineString","coordinates":[[[-85.22494,35.76053],[-85.22501,35.76134],[-85.22425,35.76187]]]}},{"type":"Feature","properties":{"kind":"minor-water","name":"Caney Fork","ftype":558,"lengthKm":2.16,"hu8":"05130108","pid":"136994018"},"geometry":{"type":"MultiLineString","coordinates":[[[-85.21528,35.89884],[-85.21616,35.8965],[-85.2153,35.89556],[-85.21525,35.89489],[-85.21592,35.89363],[-85.21728,35.89322],[-85.21793,35.89265],[-85.21809,35.89189],[-85.21769,35.89083],[-85.21678,35.88992],[-85.21591,35.88965],[-85.21264,35.89003],[-85.2113,35.88976],[-85.20756,35.88683]]]}},{"type":"Feature","properties":{"kind":"minor-water","name":"Cane Creek","ftype":558,"lengthKm":3.6,"hu8":"05130108","pid":"136994621"},"geometry":{"type":"MultiLineString","coordinates":[[[-85.40917,35.79879],[-85.40972,35.79933],[-85.41135,35.80004],[-85.41343,35.80036],[-85.41541,35.80021],[-85.41654,35.80061],[-85.41739,35.80185],[-85.41649,35.8032],[-85.41751,35.80433],[-85.41993,35.80445],[-85.42213,35.80343],[-85.42312,35.80347],[-85.42445,35.807],[-85.42341,35.80756],[-85.42109,35.80729],[-85.42065,35.80786],[-85.42114,35.8085],[-85.42356,35.80837],[-85.42533,35.80793],[-85.42687,35.80646],[-85.42816,35.80441],[-85.42907,35.80386]]]}},{"type":"Feature","properties":{"kind":"minor-water","name":"Dry Fork","ftype":460,"lengthKm":1.32,"hu8":"05130108","pid":"136983758"},"geometry":{"type":"MultiLineString","coordinates":[[[-85.46356,35.62507],[-85.46354,35.62604],[-85.46492,35.6271],[-85.46512,35.62805],[-85.46751,35.62959],[-85.4676,35.63264],[-85.46843,35.63403],[-85.46976,35.63479]]]}},{"type":"Feature","properties":{"kind":"minor-water","name":"Bridge Creek","ftype":460,"lengthKm":0.1,"hu8":"05130108","pid":"136991174"},"geometry":{"type":"MultiLineString","coordinates":[[[-85.24997,36.0974],[-85.24997,36.09649]]]}},{"type":"Feature","properties":{"kind":"minor-water","name":"Calfkiller River","ftype":558,"lengthKm":1.33,"hu8":"05130108","pid":"136993464"},"geometry":{"type":"MultiLineString","coordinates":[[[-85.32066,36.06671],[-85.32236,36.06351],[-85.32672,36.05809],[-85.32671,36.0571],[-85.32738,36.05619]]]}},{"type":"Feature","properties":{"kind":"minor-water","name":"Caney Fork","ftype":558,"lengthKm":2.1,"hu8":"05130108","pid":"136993974"},"geometry":{"type":"MultiLineString","coordinates":[[[-85.35523,35.81874],[-85.35751,35.8177],[-85.36021,35.81773],[-85.36118,35.81621],[-85.36053,35.81462],[-85.362,35.81399],[-85.36316,35.81393],[-85.36535,35.813],[-85.37061,35.81221],[-85.37377,35.8123]]]}},{"type":"Feature","properties":{"kind":"minor-water","name":"Piney Creek","ftype":460,"lengthKm":0.14,"hu8":"05130108","pid":"136990600"},"geometry":{"type":"MultiLineString","coordinates":[[[-85.42873,35.6523],[-85.42907,35.65357]]]}},{"type":"Feature","properties":{"kind":"minor-water","name":"Caney Fork","ftype":460,"lengthKm":1.31,"hu8":"05130108","pid":"136991460"},"geometry":{"type":"MultiLineString","coordinates":[[[-85.18213,35.99561],[-85.18124,35.99156],[-85.18037,35.99107],[-85.1789,35.99139],[-85.17775,35.99115],[-85.17744,35.98939],[-85.17457,35.98768]]]}},{"type":"Feature","properties":{"kind":"minor-water","name":"Turkey Creek","ftype":460,"lengthKm":2.75,"hu8":"05130108","pid":"136991550"},"geometry":{"type":"MultiLineString","coordinates":[[[-85.32206,35.58012],[-85.32082,35.57907],[-85.31956,35.57905],[-85.31656,35.58133],[-85.31466,35.58089],[-85.31228,35.58181],[-85.30998,35.58214],[-85.30895,35.58357],[-85.30884,35.58436],[-85.30821,35.58484],[-85.30817,35.58621],[-85.30737,35.58668],[-85.30754,35.58704],[-85.30713,35.58772],[-85.30587,35.58843],[-85.3068,35.58946],[-85.30558,35.59013],[-85.30534,35.59121],[-85.30413,35.59229],[-85.30432,35.59275]]]}},{"type":"Feature","properties":{"kind":"minor-water","name":"Scuffle Creek","ftype":460,"lengthKm":2.27,"hu8":"05130108","pid":"136991179"},"geometry":{"type":"MultiLineString","coordinates":[[[-85.26582,36.06155],[-85.26604,36.05984],[-85.26795,36.05865],[-85.26865,36.05858],[-85.2691,36.05784],[-85.2685,36.05741],[-85.26874,36.05677],[-85.26796,36.05647],[-85.26811,36.05579],[-85.26899,36.05553],[-85.26886,36.0551],[-85.26948,36.05463],[-85.26842,36.05426],[-85.26798,36.05336],[-85.2679,36.05285],[-85.26841,36.05238],[-85.2682,36.05171],[-85.27077,36.05142],[-85.2723,36.04923],[-85.27364,36.04831],[-85.27482,36.04796]]]}},{"type":"Feature","properties":{"kind":"minor-water","name":"West Fork Little Cane Creek","ftype":460,"lengthKm":0.1,"hu8":"05130108","pid":"136991330"},"geometry":{"type":"MultiLineString","coordinates":[[[-85.20755,35.78906],[-85.20718,35.78819]]]}},{"type":"Feature","properties":{"kind":"minor-water","name":"Caney Fork","ftype":460,"lengthKm":0.16,"hu8":"05130108","pid":"136991444"},"geometry":{"type":"MultiLineString","coordinates":[[[-85.16506,35.98967],[-85.16362,35.98877]]]}},{"type":"Feature","properties":{"kind":"minor-water","name":"Lost Creek","ftype":460,"lengthKm":1.58,"hu8":"05130108","pid":"136992902"},"geometry":{"type":"MultiLineString","coordinates":[[[-85.34222,35.87665],[-85.34262,35.87568],[-85.34675,35.87319],[-85.34748,35.87225],[-85.34921,35.87151],[-85.35163,35.87161],[-85.35335,35.87071],[-85.35498,35.87039],[-85.35603,35.8694]]]}},{"type":"Feature","properties":{"kind":"minor-water","name":"Clifty Creek","ftype":558,"lengthKm":0.01,"hu8":"05130108","pid":"136994048"},"geometry":{"type":"MultiLineString","coordinates":[[[-85.24528,35.87673],[-85.24521,35.87663]]]}},{"type":"Feature","properties":{"kind":"minor-water","name":"Farmers Creek","ftype":460,"lengthKm":0.1,"hu8":"05130108","pid":"136993016"},"geometry":{"type":"MultiLineString","coordinates":[[[-85.10331,35.81735],[-85.10411,35.81679]]]}},{"type":"Feature","properties":{"kind":"minor-water","name":"Moore Creek","ftype":558,"lengthKm":0.02,"hu8":"05130108","pid":"136994056"},"geometry":{"type":"MultiLineString","coordinates":[[[-85.3738,35.81211],[-85.37377,35.8123]]]}},{"type":"Feature","properties":{"kind":"minor-water","name":"Potts Creek","ftype":558,"lengthKm":0.15,"hu8":"05130108","pid":"136994318"},"geometry":{"type":"MultiLineString","coordinates":[[[-85.18113,35.88469],[-85.18271,35.88503]]]}},{"type":"Feature","properties":{"kind":"minor-water","name":"Dry Fork","ftype":460,"lengthKm":1.59,"hu8":"05130108","pid":"136983668"},"geometry":{"type":"MultiLineString","coordinates":[[[-85.48775,35.69353],[-85.48811,35.69477],[-85.48629,35.69799],[-85.48546,35.69874],[-85.48426,35.69742],[-85.48336,35.69735],[-85.48173,35.69832],[-85.47666,35.69662]]]}},{"type":"Feature","properties":{"kind":"minor-water","name":"Little Double Branch","ftype":460,"lengthKm":0.28,"hu8":"05130108","pid":"136986767"},"geometry":{"type":"MultiLineString","coordinates":[[[-85.49721,35.77111],[-85.49785,35.77115],[-85.49998,35.77214]]]}},{"type":"Feature","properties":{"kind":"minor-water","name":"Laurel Creek","ftype":460,"lengthKm":0.46,"hu8":"05130108","pid":"136990693"},"geometry":{"type":"MultiLineString","coordinates":[[[-85.16688,35.86127],[-85.16753,35.86172],[-85.16822,35.86173],[-85.16948,35.85998],[-85.17042,35.85965]]]}},{"type":"Feature","properties":{"kind":"minor-water","name":"Meadow Creek","ftype":460,"lengthKm":0.73,"hu8":"05130108","pid":"136990727"},"geometry":{"type":"MultiLineString","coordinates":[[[-85.10794,35.90832],[-85.10904,35.90818],[-85.1099,35.9072],[-85.11076,35.90702],[-85.11084,35.90591],[-85.11237,35.90529],[-85.1139,35.90519]]]}},{"type":"Feature","properties":{"kind":"minor-water","name":"Big Laurel Creek","ftype":460,"lengthKm":2.99,"hu8":"05130108","pid":"136990894"},"geometry":{"type":"MultiLineString","coordinates":[[[-85.29749,35.88373],[-85.29798,35.88233],[-85.29727,35.88085],[-85.29761,35.8803],[-85.29748,35.87933],[-85.29808,35.87852],[-85.29689,35.87791],[-85.29614,35.87704],[-85.29573,35.87588],[-85.29497,35.87557],[-85.29504,35.87507],[-85.29449,35.8748],[-85.2952,35.87325],[-85.29448,35.87189],[-85.29497,35.87118],[-85.29451,35.86928],[-85.29494,35.86888],[-85.29437,35.86854],[-85.29495,35.86807],[-85.29517,35.86606],[-85.29578,35.86509],[-85.29539,35.86475],[-85.29576,35.86364],[-85.29657,35.86297],[-85.29675,35.86217],[-85.29843,35.86056]]]}},{"type":"Feature","properties":{"kind":"minor-water","name":"Piney Creek","ftype":460,"lengthKm":2.24,"hu8":"05130108","pid":"136990615"},"geometry":{"type":"MultiLineString","coordinates":[[[-85.40742,35.56338],[-85.40867,35.56559],[-85.41074,35.56733],[-85.41138,35.56896],[-85.41313,35.5695],[-85.414,35.57125],[-85.41482,35.57206],[-85.41337,35.57243],[-85.41335,35.57411],[-85.4095,35.57722],[-85.40835,35.57874]]]}},{"type":"Feature","properties":{"kind":"minor-water","name":"Puncheoncamp Creek","ftype":460,"lengthKm":0.42,"hu8":"05130108","pid":"136991077"},"geometry":{"type":"MultiLineString","coordinates":[[[-85.22647,35.83725],[-85.227,35.83826],[-85.2285,35.83893],[-85.2294,35.84001]]]}},{"type":"Feature","properties":{"kind":"minor-water","name":"Bee Creek","ftype":460,"lengthKm":0.34,"hu8":"05130108","pid":"136990680"},"geometry":{"type":"MultiLineString","coordinates":[[[-85.10584,35.78798],[-85.10581,35.7869],[-85.10623,35.78611],[-85.10561,35.78507]]]}},{"type":"Feature","properties":{"kind":"minor-water","name":"Jack Branch","ftype":460,"lengthKm":0.6,"hu8":"05130108","pid":"136985753"},"geometry":{"type":"MultiLineString","coordinates":[[[-85.29001,35.69975],[-85.28744,35.69913],[-85.28652,35.69861],[-85.28591,35.69957],[-85.28459,35.7001]]]}},{"type":"Feature","properties":{"kind":"minor-water","name":"Brush Creek","ftype":460,"lengthKm":0.12,"hu8":"05130108","pid":"136985818"},"geometry":{"type":"MultiLineString","coordinates":[[[-85.13253,35.75614],[-85.13146,35.7568]]]}},{"type":"Feature","properties":{"kind":"minor-water","name":"England Cove","ftype":460,"lengthKm":1.46,"hu8":"05130108","pid":"136990915"},"geometry":{"type":"MultiLineString","coordinates":[[[-85.26837,36.03321],[-85.26969,36.03418],[-85.27074,36.03414],[-85.27234,36.03463],[-85.27379,36.03668],[-85.27652,36.03695],[-85.27814,36.03857],[-85.27908,36.03883],[-85.28069,36.03861],[-85.28128,36.0391]]]}},{"type":"Feature","properties":{"kind":"minor-water","name":"Fall Creek","ftype":460,"lengthKm":0.28,"hu8":"05130108","pid":"136990993"},"geometry":{"type":"MultiLineString","coordinates":[[[-85.3557,35.66615],[-85.35569,35.66715],[-85.35432,35.66815]]]}},{"type":"Feature","properties":{"kind":"minor-water","name":"Devil Creek","ftype":460,"lengthKm":0.89,"hu8":"05130108","pid":"136991168"},"geometry":{"type":"MultiLineString","coordinates":[[[-85.23538,36.0403],[-85.23616,36.04009],[-85.2371,36.04045],[-85.23766,36.04005],[-85.23877,36.04015],[-85.24021,36.03983],[-85.24078,36.03922],[-85.24336,36.03916],[-85.24383,36.03835]]]}},{"type":"Feature","properties":{"kind":"minor-water","name":"Whiteside Branch","ftype":460,"lengthKm":0.07,"hu8":"05130108","pid":"136991231"},"geometry":{"type":"MultiLineString","coordinates":[[[-85.24923,35.70852],[-85.24997,35.7085]]]}},{"type":"Feature","properties":{"kind":"minor-water","name":"Fox Hollow Branch","ftype":460,"lengthKm":0.78,"hu8":"05130108","pid":"136991415"},"geometry":{"type":"MultiLineString","coordinates":[[[-85.14869,35.94161],[-85.14855,35.94249],[-85.14918,35.94344],[-85.15213,35.94537],[-85.15259,35.94613],[-85.1539,35.94656]]]}},{"type":"Feature","properties":{"kind":"minor-water","name":"Wilkerson Creek","ftype":460,"lengthKm":0.26,"hu8":"05130108","pid":"136991449"},"geometry":{"type":"MultiLineString","coordinates":[[[-85.21487,35.99592],[-85.21343,35.99513],[-85.21228,35.99539]]]}},{"type":"Feature","properties":{"kind":"minor-water","name":"Mud Branch","ftype":460,"lengthKm":1.11,"hu8":"05130108","pid":"136991502"},"geometry":{"type":"MultiLineString","coordinates":[[[-85.21488,35.9406],[-85.21295,35.94165],[-85.21134,35.94177],[-85.20678,35.94053],[-85.20559,35.94045],[-85.20378,35.93926]]]}},{"type":"Feature","properties":{"kind":"minor-water","name":"West Fork Creek","ftype":460,"lengthKm":0.22,"hu8":"05130108","pid":"136991508"},"geometry":{"type":"MultiLineString","coordinates":[[[-85.21513,35.92418],[-85.21388,35.92433],[-85.21281,35.92403]]]}},{"type":"Feature","properties":{"kind":"minor-water","name":"Raccoon Creek","ftype":460,"lengthKm":0.74,"hu8":"05130108","pid":"136993006"},"geometry":{"type":"MultiLineString","coordinates":[[[-85.14715,35.78008],[-85.14819,35.7799],[-85.14829,35.7793],[-85.15024,35.77871],[-85.15159,35.77884],[-85.15245,35.77837],[-85.15417,35.77899]]]}},{"type":"Feature","properties":{"kind":"minor-water","name":"Farmers Creek","ftype":460,"lengthKm":0.67,"hu8":"05130108","pid":"136993012"},"geometry":{"type":"MultiLineString","coordinates":[[[-85.10883,35.81395],[-85.11471,35.81287],[-85.1161,35.81285]]]}},{"type":"Feature","properties":{"kind":"minor-water","name":"Caney Fork","ftype":558,"lengthKm":0.13,"hu8":"05130108","pid":"136993978"},"geometry":{"type":"MultiLineString","coordinates":[[[-85.33697,35.82749],[-85.3381,35.82671]]]}},{"type":"Feature","properties":{"kind":"minor-water","name":"Beaverdam Creek","ftype":460,"lengthKm":0.24,"hu8":"05130108","pid":"136990880"},"geometry":{"type":"MultiLineString","coordinates":[[[-85.19865,35.74246],[-85.20104,35.74336]]]}},{"type":"Feature","properties":{"kind":"minor-water","name":"Maple Branch","ftype":460,"lengthKm":0.35,"hu8":"05130108","pid":"136991485"},"geometry":{"type":"MultiLineString","coordinates":[[[-85.23249,35.98473],[-85.23084,35.98593],[-85.2292,35.98612]]]}},{"type":"Feature","properties":{"kind":"minor-water","name":"Pokepatch Creek","ftype":460,"lengthKm":0.12,"hu8":"05130108","pid":"136991499"},"geometry":{"type":"MultiLineString","coordinates":[[[-85.21888,35.94912],[-85.21768,35.94956]]]}},{"type":"Feature","properties":{"kind":"minor-water","name":"Dark Hollow Branch","ftype":558,"lengthKm":0.01,"hu8":"05130108","pid":"136994062"},"geometry":{"type":"MultiLineString","coordinates":[[[-85.30037,35.82402],[-85.30047,35.82412]]]}},{"type":"Feature","properties":{"kind":"minor-water","name":"Wheeler Branch","ftype":460,"lengthKm":0.74,"hu8":"05130108","pid":"136991223"},"geometry":{"type":"MultiLineString","coordinates":[[[-85.21937,35.67815],[-85.22092,35.67742],[-85.22266,35.67745],[-85.22575,35.67633],[-85.22695,35.67666]]]}},{"type":"Feature","properties":{"kind":"minor-water","name":"Glade Creek","ftype":460,"lengthKm":1.1,"hu8":"05130108","pid":"136990651"},"geometry":{"type":"MultiLineString","coordinates":[[[-85.24671,35.67867],[-85.24685,35.67941],[-85.24819,35.6794],[-85.24882,35.67979],[-85.2491,35.68141],[-85.24821,35.6826],[-85.24838,35.68338],[-85.24999,35.68415],[-85.25258,35.68407]]]}},{"type":"Feature","properties":{"kind":"minor-water","name":"Little Beaverdam Creek","ftype":460,"lengthKm":0.76,"hu8":"05130108","pid":"136991269"},"geometry":{"type":"MultiLineString","coordinates":[[[-85.1621,35.72011],[-85.16333,35.72111],[-85.16452,35.72081],[-85.16493,35.72041],[-85.16533,35.7207],[-85.16523,35.72118],[-85.1683,35.72099],[-85.16839,35.72146]]]}},{"type":"Feature","properties":{"kind":"minor-water","name":"Fox Thicket Creek","ftype":460,"lengthKm":1.19,"hu8":"05130108","pid":"136992577"},"geometry":{"type":"MultiLineString","coordinates":[[[-85.40448,35.563],[-85.40428,35.5645],[-85.40273,35.56566],[-85.39911,35.56618],[-85.39604,35.56571],[-85.39486,35.56604],[-85.39378,35.56575]]]}},{"type":"Feature","properties":{"kind":"minor-water","name":"Calfkiller River","ftype":558,"lengthKm":3.86,"hu8":"05130108","pid":"136993461"},"geometry":{"type":"MultiLineString","coordinates":[[[-85.32913,36.02666],[-85.32976,36.02506],[-85.32929,36.0241],[-85.32945,36.02362],[-85.3312,36.02352],[-85.33322,36.02548],[-85.33372,36.02558],[-85.33509,36.02523],[-85.33667,36.02338],[-85.33767,36.02348],[-85.33824,36.02312],[-85.33788,36.02137],[-85.33576,36.01739],[-85.33587,36.01619],[-85.33645,36.01566],[-85.34065,36.01423],[-85.34123,36.01436],[-85.34227,36.01397],[-85.34773,36.01478],[-85.34834,36.01438],[-85.34952,36.01248],[-85.35191,36.0123]]]}},{"type":"Feature","properties":{"kind":"minor-water","name":"Mount Pleasant Branch","ftype":460,"lengthKm":2.21,"hu8":"05130108","pid":"136984173"},"geometry":{"type":"MultiLineString","coordinates":[[[-85.45546,35.67663],[-85.45501,35.67739],[-85.45425,35.67766],[-85.4545,35.67867],[-85.45365,35.67921],[-85.45316,35.68114],[-85.45316,35.6817],[-85.45392,35.682],[-85.45403,35.68277],[-85.45299,35.68371],[-85.45384,35.68493],[-85.45282,35.68493],[-85.4513,35.68643],[-85.45043,35.68637],[-85.44768,35.68774],[-85.44695,35.6883],[-85.44639,35.68984],[-85.4455,35.6909]]]}},{"type":"Feature","properties":{"kind":"minor-water","name":"Yellow Cliff Creek","ftype":460,"lengthKm":0.06,"hu8":"05130108","pid":"136985368"},"geometry":{"type":"MultiLineString","coordinates":[[[-85.24934,36.02227],[-85.24997,36.02236]]]}},{"type":"Feature","properties":{"kind":"minor-water","name":"Mitchell Branch","ftype":460,"lengthKm":0.12,"hu8":"05130108","pid":"136986717"},"geometry":{"type":"MultiLineString","coordinates":[[[-85.33555,35.7522],[-85.33654,35.7515]]]}},{"type":"Feature","properties":{"kind":"minor-water","name":"Falling Water River","ftype":460,"lengthKm":2.62,"hu8":"05130108","pid":"136990764"},"geometry":{"type":"MultiLineString","coordinates":[[[-85.38267,36.15889],[-85.38363,36.15907],[-85.38471,36.15877],[-85.38692,36.15669],[-85.38881,36.15645],[-85.39004,36.15423],[-85.39119,36.15366],[-85.3941,36.15334],[-85.39646,36.15405],[-85.39866,36.15362],[-85.3994,36.15298],[-85.40019,36.15142],[-85.40158,36.1512],[-85.40275,36.15017],[-85.40428,36.14943],[-85.4046,36.14818]]]}},{"type":"Feature","properties":{"kind":"minor-water","name":"Stamps Hollow Creek","ftype":460,"lengthKm":0.56,"hu8":"05130108","pid":"136990760"},"geometry":{"type":"MultiLineString","coordinates":[[[-85.28952,36.11388],[-85.29087,36.11374],[-85.29139,36.11333],[-85.29218,36.11357],[-85.29311,36.11311],[-85.29434,36.11339],[-85.29527,36.11318]]]}},{"type":"Feature","properties":{"kind":"minor-water","name":"Blue Spring Creek","ftype":460,"lengthKm":1.31,"hu8":"05130108","pid":"136990899"},"geometry":{"type":"MultiLineString","coordinates":[[[-85.39087,35.96285],[-85.3921,35.96279],[-85.39361,35.96168],[-85.39372,35.96103],[-85.39442,35.96085],[-85.3945,35.96015],[-85.39529,35.95899],[-85.39935,35.95992],[-85.39999,35.9612],[-85.40132,35.96104]]]}},{"type":"Feature","properties":{"kind":"minor-water","name":"Mill Creek","ftype":460,"lengthKm":1.47,"hu8":"05130108","pid":"136991190"},"geometry":{"type":"MultiLineString","coordinates":[[[-85.36068,36.08928],[-85.35946,36.08948],[-85.3581,36.08901],[-85.35711,36.0893],[-85.35505,36.08916],[-85.35396,36.08948],[-85.35295,36.08878],[-85.35172,36.08913],[-85.34992,36.08904],[-85.3476,36.09071],[-85.34586,36.09118]]]}},{"type":"Feature","properties":{"kind":"minor-water","name":"Slaytons Fork","ftype":460,"lengthKm":0.54,"hu8":"05130108","pid":"136991532"},"geometry":{"type":"MultiLineString","coordinates":[[[-85.37243,35.61776],[-85.36653,35.61865]]]}},{"type":"Feature","properties":{"kind":"minor-water","name":"Beaverdam Creek","ftype":460,"lengthKm":0.72,"hu8":"05130108","pid":"136993024"},"geometry":{"type":"MultiLineString","coordinates":[[[-85.19433,35.68154],[-85.19408,35.68239],[-85.19486,35.68352],[-85.19521,35.68384],[-85.19591,35.68359],[-85.19632,35.68387],[-85.1969,35.68667]]]}},{"type":"Feature","properties":{"kind":"minor-water","name":"Cooper Creek","ftype":460,"lengthKm":0.15,"hu8":"05130108","pid":"136992932"},"geometry":{"type":"MultiLineString","coordinates":[[[-85.21743,35.91106],[-85.21581,35.91083]]]}},{"type":"Feature","properties":{"kind":"minor-water","name":"Bouldin Branch","ftype":460,"lengthKm":1.01,"hu8":"05130108","pid":"136992951"},"geometry":{"type":"MultiLineString","coordinates":[[[-85.44592,35.58857],[-85.44622,35.58956],[-85.447,35.59048],[-85.44506,35.592],[-85.44363,35.59397],[-85.44237,35.59479],[-85.44213,35.59589]]]}},{"type":"Feature","properties":{"kind":"minor-water","name":"Brady Branch","ftype":558,"lengthKm":0.6,"hu8":"05130108","pid":"136993406"},"geometry":{"type":"MultiLineString","coordinates":[[[-85.24837,36.12384],[-85.25061,36.12381],[-85.25216,36.12438],[-85.25359,36.12534],[-85.25348,36.12579],[-85.25376,36.12582]]]}},{"type":"Feature","properties":{"kind":"minor-water","name":"Mount Pleasant Branch","ftype":460,"lengthKm":0.88,"hu8":"05130108","pid":"136984167"},"geometry":{"type":"MultiLineString","coordinates":[[[-85.4455,35.6909],[-85.44522,35.69188],[-85.44648,35.69242],[-85.44669,35.69286],[-85.44575,35.69457],[-85.445,35.69513],[-85.44519,35.69541],[-85.44655,35.69538],[-85.44685,35.69653]]]}},{"type":"Feature","properties":{"kind":"minor-water","name":"Turkey Cot Cove","ftype":460,"lengthKm":1.93,"hu8":"05130108","pid":"136984342"},"geometry":{"type":"MultiLineString","coordinates":[[[-85.43536,35.74849],[-85.43383,35.74885],[-85.43169,35.74827],[-85.43023,35.74851],[-85.42992,35.74979],[-85.42922,35.7507],[-85.42695,35.75141],[-85.42561,35.75259],[-85.42336,35.75352],[-85.42216,35.75471],[-85.42021,35.75546],[-85.41922,35.75697]]]}},{"type":"Feature","properties":{"kind":"minor-water","name":"Piney Creek","ftype":460,"lengthKm":3,"hu8":"05130108","pid":"136990593"},"geometry":{"type":"MultiLineString","coordinates":[[[-85.3854,35.66109],[-85.38416,35.66061],[-85.38328,35.66104],[-85.38363,35.66188],[-85.38508,35.66199],[-85.38549,35.66262],[-85.38521,35.66311],[-85.38338,35.66427],[-85.38327,35.66479],[-85.38372,35.66537],[-85.38592,35.6656],[-85.38608,35.66595],[-85.38567,35.66663],[-85.38214,35.66719],[-85.38104,35.66682],[-85.38071,35.66696],[-85.38035,35.66829],[-85.37961,35.66833],[-85.37846,35.66789],[-85.37789,35.66818],[-85.37824,35.66942],[-85.37885,35.66989],[-85.3807,35.66968],[-85.3816,35.66886],[-85.38212,35.66877],[-85.38261,35.66969],[-85.38246,35.67075],[-85.38351,35.67085]]]}},{"type":"Feature","properties":{"kind":"minor-water","name":"Piney Creek","ftype":460,"lengthKm":1.23,"hu8":"05130108","pid":"136990611"},"geometry":{"type":"MultiLineString","coordinates":[[[-85.40777,35.59694],[-85.41145,35.59781],[-85.41299,35.5999],[-85.41386,35.59893],[-85.41515,35.5983],[-85.41556,35.59865],[-85.41565,35.59948],[-85.4178,35.59988]]]}},{"type":"Feature","properties":{"kind":"minor-water","name":"Meadow Creek","ftype":460,"lengthKm":0.14,"hu8":"05130108","pid":"136991044"},"geometry":{"type":"MultiLineString","coordinates":[[[-85.35261,35.61355],[-85.35301,35.61424],[-85.35354,35.61448]]]}},{"type":"Feature","properties":{"kind":"minor-water","name":"Pineorchard Creek","ftype":460,"lengthKm":1.74,"hu8":"05130108","pid":"136991562"},"geometry":{"type":"MultiLineString","coordinates":[[[-85.2965,35.64452],[-85.29673,35.64403],[-85.2965,35.64188],[-85.29542,35.63843],[-85.29664,35.6374],[-85.29774,35.63533],[-85.29785,35.63426],[-85.29727,35.63306],[-85.29745,35.63253],[-85.29659,35.63167],[-85.29648,35.62999]]]}},{"type":"Feature","properties":{"kind":"minor-water","name":"Salton Creek","ftype":460,"lengthKm":0.53,"hu8":"05130108","pid":"136991296"},"geometry":{"type":"MultiLineString","coordinates":[[[-85.11668,35.75506],[-85.11762,35.75508],[-85.11789,35.75481],[-85.11825,35.75499],[-85.12088,35.75755]]]}},{"type":"Feature","properties":{"kind":"minor-water","name":"Pineorchard Creek","ftype":460,"lengthKm":0.02,"hu8":"05130108","pid":"136991558"},"geometry":{"type":"MultiLineString","coordinates":[[[-85.29988,35.62253],[-85.30011,35.62244]]]}},{"type":"Feature","properties":{"kind":"minor-water","name":"Big Branch","ftype":460,"lengthKm":0.87,"hu8":"05130108","pid":"136992938"},"geometry":{"type":"MultiLineString","coordinates":[[[-85.16556,35.93179],[-85.16685,35.93277],[-85.17099,35.93409],[-85.17438,35.93348]]]}},{"type":"Feature","properties":{"kind":"minor-water","name":"Puncheoncamp Creek","ftype":460,"lengthKm":0.21,"hu8":"05130108","pid":"136992959"},"geometry":{"type":"MultiLineString","coordinates":[[[-85.20586,35.82787],[-85.20637,35.82833],[-85.20791,35.82825]]]}},{"type":"Feature","properties":{"kind":"minor-water","name":"Big Lost Creek","ftype":558,"lengthKm":0.05,"hu8":"05130108","pid":"136994226"},"geometry":{"type":"MultiLineString","coordinates":[[[-85.31015,35.93406],[-85.30971,35.93375]]]}},{"type":"Feature","properties":{"kind":"minor-water","name":"Cane Creek","ftype":558,"lengthKm":1.72,"hu8":"05130108","pid":"136994639"},"geometry":{"type":"MultiLineString","coordinates":[[[-85.39087,35.72808],[-85.39236,35.72986],[-85.39267,35.73285],[-85.39342,35.73353],[-85.39372,35.73445],[-85.39358,35.73532],[-85.39233,35.73563],[-85.39203,35.73774],[-85.39264,35.73886],[-85.3955,35.74099]]]}},{"type":"Feature","properties":{"kind":"minor-water","name":"Cane Creek","ftype":558,"lengthKm":0.1,"hu8":"05130108","pid":"136994640"},"geometry":{"type":"MultiLineString","coordinates":[[[-85.39158,35.72738],[-85.39087,35.72808]]]}},{"type":"Feature","properties":{"kind":"minor-water","name":"Beaverdam Branch","ftype":460,"lengthKm":0.28,"hu8":"05130108","pid":"136986458"},"geometry":{"type":"MultiLineString","coordinates":[[[-85.47672,35.67885],[-85.47496,35.67919],[-85.47452,35.67896],[-85.47395,35.67942]]]}},{"type":"Feature","properties":{"kind":"minor-water","name":"Brady Branch","ftype":460,"lengthKm":0.84,"hu8":"05130108","pid":"136985502"},"geometry":{"type":"MultiLineString","coordinates":[[[-85.27201,36.12352],[-85.2735,36.12313],[-85.27621,36.12377],[-85.28097,36.12268]]]}},{"type":"Feature","properties":{"kind":"minor-water","name":"Bridge Creek","ftype":460,"lengthKm":0.04,"hu8":"05130108","pid":"136990920"},"geometry":{"type":"MultiLineString","coordinates":[[[-85.24731,36.06518],[-85.24725,36.0648]]]}},{"type":"Feature","properties":{"kind":"minor-water","name":"Whetstone Creek","ftype":460,"lengthKm":1.3,"hu8":"05130108","pid":"136991181"},"geometry":{"type":"MultiLineString","coordinates":[[[-85.27243,36.10606],[-85.27502,36.10643],[-85.27571,36.10724],[-85.27782,36.10698],[-85.28126,36.10739],[-85.28309,36.10888],[-85.28355,36.11075]]]}},{"type":"Feature","properties":{"kind":"minor-water","name":"East Fork Little Cane Creek","ftype":460,"lengthKm":0.74,"hu8":"05130108","pid":"136991328"},"geometry":{"type":"MultiLineString","coordinates":[[[-85.18735,35.80239],[-85.18823,35.80099],[-85.18787,35.79909],[-85.18866,35.79814],[-85.18847,35.79677],[-85.18891,35.79624]]]}},{"type":"Feature","properties":{"kind":"minor-water","name":"Pokepatch Creek","ftype":460,"lengthKm":1.57,"hu8":"05130108","pid":"136991498"},"geometry":{"type":"MultiLineString","coordinates":[[[-85.2343,35.95308],[-85.23225,35.95254],[-85.23143,35.95169],[-85.22829,35.95058],[-85.22535,35.94871],[-85.22293,35.94858],[-85.22103,35.94943],[-85.21888,35.94912]]]}},{"type":"Feature","properties":{"kind":"minor-water","name":"Caney Fork","ftype":460,"lengthKm":0.33,"hu8":"05130108","pid":"136989963"},"geometry":{"type":"MultiLineString","coordinates":[[[-85.15858,36.04459],[-85.15853,36.04377],[-85.15894,36.04294],[-85.16015,36.04218]]]}},{"type":"Feature","properties":{"kind":"minor-water","name":"Caney Fork","ftype":558,"lengthKm":0.45,"hu8":"05130108","pid":"136994013"},"geometry":{"type":"MultiLineString","coordinates":[[[-85.25544,35.86351],[-85.25559,35.86279],[-85.25529,35.86241],[-85.25218,35.86101]]]}},{"type":"Feature","properties":{"kind":"minor-water","name":"Coalbank Creek","ftype":460,"lengthKm":0.23,"hu8":"05130108","pid":"136992728"},"geometry":{"type":"MultiLineString","coordinates":[[[-85.20806,35.68109],[-85.2062,35.68105],[-85.20567,35.68138]]]}},{"type":"Feature","properties":{"kind":"minor-water","name":"Bee Creek","ftype":558,"lengthKm":0.76,"hu8":"05130108","pid":"136994695"},"geometry":{"type":"MultiLineString","coordinates":[[[-85.18597,35.76339],[-85.18733,35.76389],[-85.18783,35.76511],[-85.18975,35.76505],[-85.1915,35.76611],[-85.19273,35.76614]]]}},{"type":"Feature","properties":{"kind":"minor-water","name":"Cane Creek","ftype":558,"lengthKm":0.1,"hu8":"05130108","pid":"136994565"},"geometry":{"type":"MultiLineString","coordinates":[[[-85.44074,35.811],[-85.44135,35.8117]]]}},{"type":"Feature","properties":{"kind":"minor-water","name":"Bee Creek","ftype":558,"lengthKm":0.64,"hu8":"05130108","pid":"136994691"},"geometry":{"type":"MultiLineString","coordinates":[[[-85.20133,35.75498],[-85.20191,35.7542],[-85.20445,35.75421],[-85.20746,35.75288]]]}},{"type":"Feature","properties":{"kind":"minor-water","name":"Duncan Creek","ftype":460,"lengthKm":2.25,"hu8":"05130108","pid":"136989894"},"geometry":{"type":"MultiLineString","coordinates":[[[-85.20274,36.00259],[-85.20055,36.00113],[-85.20043,36.00032],[-85.19986,35.99983],[-85.19845,35.99951],[-85.19679,35.99956],[-85.19518,35.99845],[-85.19447,35.99728],[-85.19203,35.99604],[-85.18939,35.99548],[-85.18716,35.99648],[-85.18598,35.99598],[-85.18472,35.9962],[-85.18213,35.99561]]]}},{"type":"Feature","properties":{"kind":"minor-water","name":"Plum Creek","ftype":460,"lengthKm":0.97,"hu8":"05130108","pid":"136991192"},"geometry":{"type":"MultiLineString","coordinates":[[[-85.39635,35.99726],[-85.39636,35.99678],[-85.39784,35.99531],[-85.39795,35.99471],[-85.39687,35.99432],[-85.39593,35.99478],[-85.39551,35.99466],[-85.39482,35.99327],[-85.39506,35.99198],[-85.39478,35.99126]]]}},{"type":"Feature","properties":{"kind":"minor-water","name":"Big Branch","ftype":460,"lengthKm":0.19,"hu8":"05130108","pid":"136991290"},"geometry":{"type":"MultiLineString","coordinates":[[[-85.12532,35.74474],[-85.12551,35.74643]]]}},{"type":"Feature","properties":{"kind":"minor-water","name":"Bills Branch","ftype":460,"lengthKm":1.27,"hu8":"05130108","pid":"136992543"},"geometry":{"type":"MultiLineString","coordinates":[[[-85.37293,35.5985],[-85.37195,35.59961],[-85.36953,35.60052],[-85.36832,35.60134],[-85.36624,35.60128],[-85.3639,35.60295],[-85.36248,35.60267],[-85.36115,35.60319]]]}},{"type":"Feature","properties":{"kind":"minor-water","name":"Little Laurel Creek","ftype":460,"lengthKm":1.45,"hu8":"05130108","pid":"136992998"},"geometry":{"type":"MultiLineString","coordinates":[[[-85.16504,35.79561],[-85.16509,35.79523],[-85.16423,35.79505],[-85.16393,35.79401],[-85.16558,35.79284],[-85.16619,35.79134],[-85.16577,35.79036],[-85.16698,35.79011],[-85.16731,35.78968],[-85.16847,35.78983],[-85.16925,35.78818],[-85.17009,35.78799],[-85.17085,35.78725],[-85.17156,35.78714]]]}},{"type":"Feature","properties":{"kind":"minor-water","name":"Raccoon Creek","ftype":460,"lengthKm":0.48,"hu8":"05130108","pid":"136991313"},"geometry":{"type":"MultiLineString","coordinates":[[[-85.15417,35.77899],[-85.15592,35.7794],[-85.15763,35.77861],[-85.15904,35.77908]]]}},{"type":"Feature","properties":{"kind":"minor-water","name":"Perry Creek","ftype":460,"lengthKm":0.22,"hu8":"05130108","pid":"136991390"},"geometry":{"type":"MultiLineString","coordinates":[[[-85.10196,35.87386],[-85.10266,35.87195]]]}},{"type":"Feature","properties":{"kind":"minor-water","name":"Pineorchard Creek","ftype":460,"lengthKm":0.58,"hu8":"05130108","pid":"136991556"},"geometry":{"type":"MultiLineString","coordinates":[[[-85.31379,35.62297],[-85.31504,35.62312],[-85.3174,35.62196],[-85.31968,35.62264]]]}},{"type":"Feature","properties":{"kind":"minor-water","name":"Pineorchard Creek","ftype":460,"lengthKm":1.45,"hu8":"05130108","pid":"136991557"},"geometry":{"type":"MultiLineString","coordinates":[[[-85.30011,35.62244],[-85.30104,35.62231],[-85.30215,35.62293],[-85.30477,35.62331],[-85.31007,35.62356],[-85.31097,35.62167],[-85.31151,35.62213],[-85.31379,35.62297]]]}},{"type":"Feature","properties":{"kind":"minor-water","name":"Fall Creek","ftype":558,"lengthKm":1.11,"hu8":"05130108","pid":"136994825"},"geometry":{"type":"MultiLineString","coordinates":[[[-85.36486,35.65309],[-85.36054,35.6604],[-85.35888,35.66172]]]}},{"type":"Feature","properties":{"kind":"minor-water","name":"Frey Branch","ftype":558,"lengthKm":0.04,"hu8":"05130108","pid":"136993951"},"geometry":{"type":"MultiLineString","coordinates":[[[-85.20399,35.98169],[-85.20408,35.98201]]]}},{"type":"Feature","properties":{"kind":"minor-water","name":"Cane Creek","ftype":558,"lengthKm":0.13,"hu8":"05130108","pid":"136994776"},"geometry":{"type":"MultiLineString","coordinates":[[[-85.35423,35.66816],[-85.35432,35.66936]]]}},{"type":"Feature","properties":{"kind":"minor-water","name":"Caney Fork","ftype":460,"lengthKm":0.58,"hu8":"05130108","pid":"136986139"},"geometry":{"type":"MultiLineString","coordinates":[[[-85.18185,36.02902],[-85.1821,36.02515],[-85.18164,36.02385]]]}},{"type":"Feature","properties":{"kind":"minor-water","name":"Sandy Branch","ftype":460,"lengthKm":0.99,"hu8":"05130108","pid":"136986728"},"geometry":{"type":"MultiLineString","coordinates":[[[-85.34367,35.75801],[-85.3435,35.75731],[-85.34425,35.755],[-85.34526,35.75318],[-85.34535,35.75183],[-85.34648,35.75028],[-85.3465,35.74962]]]}},{"type":"Feature","properties":{"kind":"minor-water","name":"Bee Creek","ftype":558,"lengthKm":2.79,"hu8":"05130108","pid":"136993990"},"geometry":{"type":"MultiLineString","coordinates":[[[-85.27735,35.80699],[-85.27732,35.80968],[-85.27613,35.81008],[-85.27467,35.81007],[-85.2739,35.81108],[-85.27168,35.81234],[-85.2707,35.81358],[-85.27028,35.81499],[-85.26806,35.817],[-85.26554,35.82044],[-85.26509,35.8224],[-85.26686,35.82633],[-85.26609,35.8271]]]}},{"type":"Feature","properties":{"kind":"minor-water","name":"Bee Creek","ftype":460,"lengthKm":0.17,"hu8":"05130108","pid":"136990682"},"geometry":{"type":"MultiLineString","coordinates":[[[-85.10561,35.78507],[-85.10635,35.78452],[-85.1066,35.78379]]]}},{"type":"Feature","properties":{"kind":"minor-water","name":"Bee Creek","ftype":460,"lengthKm":0.15,"hu8":"05130108","pid":"136993034"},"geometry":{"type":"MultiLineString","coordinates":[[[-85.10489,35.78914],[-85.10584,35.78798]]]}},{"type":"Feature","properties":{"kind":"minor-water","name":"Dry Fork","ftype":460,"lengthKm":0.15,"hu8":"05130108","pid":"136983697"},"geometry":{"type":"MultiLineString","coordinates":[[[-85.49953,35.68183],[-85.49922,35.6824],[-85.49997,35.68279]]]}},{"type":"Feature","properties":{"kind":"minor-water","name":"Gunstock Branch","ftype":460,"lengthKm":0.82,"hu8":"05130108","pid":"136986327"},"geometry":{"type":"MultiLineString","coordinates":[[[-85.26833,35.84839],[-85.26739,35.84802],[-85.26639,35.84707],[-85.265,35.84756],[-85.2635,35.84714],[-85.26225,35.84534],[-85.26142,35.8455]]]}},{"type":"Feature","properties":{"kind":"minor-water","name":"Turkey Cot Cove","ftype":460,"lengthKm":0.21,"hu8":"05130108","pid":"136984347"},"geometry":{"type":"MultiLineString","coordinates":[[[-85.41922,35.75697],[-85.41846,35.75757],[-85.41781,35.7567]]]}},{"type":"Feature","properties":{"kind":"minor-water","name":"Little Whetstone Branch","ftype":460,"lengthKm":2.28,"hu8":"05130108","pid":"136986507"},"geometry":{"type":"MultiLineString","coordinates":[[[-85.41073,35.7011],[-85.40572,35.70312],[-85.40268,35.70239],[-85.40121,35.70153],[-85.3965,35.70022],[-85.39558,35.69952],[-85.39502,35.69958],[-85.39412,35.70025],[-85.39189,35.7006],[-85.3893,35.7002],[-85.38761,35.70056]]]}},{"type":"Feature","properties":{"kind":"minor-water","name":"Cane Creek","ftype":460,"lengthKm":0.92,"hu8":"05130108","pid":"136990617"},"geometry":{"type":"MultiLineString","coordinates":[[[-85.34603,35.66197],[-85.3471,35.66146],[-85.3469,35.66007],[-85.34765,35.65991],[-85.34991,35.66087],[-85.35103,35.6622],[-85.35112,35.66275],[-85.35009,35.66325]]]}},{"type":"Feature","properties":{"kind":"minor-water","name":"Doe Creek","ftype":460,"lengthKm":1.47,"hu8":"05130108","pid":"136990965"},"geometry":{"type":"MultiLineString","coordinates":[[[-85.30657,35.95888],[-85.30711,35.9599],[-85.31264,35.96238],[-85.3127,35.96303],[-85.31353,35.96364],[-85.31345,35.96409],[-85.31413,35.96473],[-85.31398,35.96669],[-85.31501,35.96824],[-85.31546,35.96839]]]}},{"type":"Feature","properties":{"kind":"minor-water","name":"Burnt Field Branch","ftype":460,"lengthKm":0.63,"hu8":"05130108","pid":"136991349"},"geometry":{"type":"MultiLineString","coordinates":[[[-85.19886,35.85857],[-85.19726,35.85696],[-85.19668,35.85558],[-85.19453,35.85432]]]}},{"type":"Feature","properties":{"kind":"minor-water","name":"Caney Fork","ftype":460,"lengthKm":0.26,"hu8":"05130108","pid":"136991438"},"geometry":{"type":"MultiLineString","coordinates":[[[-85.16362,35.98877],[-85.16307,35.98861],[-85.16223,35.98689]]]}},{"type":"Feature","properties":{"kind":"minor-water","name":"Caney Fork","ftype":460,"lengthKm":0.87,"hu8":"05130108","pid":"136991439"},"geometry":{"type":"MultiLineString","coordinates":[[[-85.16223,35.98689],[-85.16097,35.98506],[-85.1601,35.98291],[-85.1605,35.97947]]]}},{"type":"Feature","properties":{"kind":"minor-water","name":"Sandy Creek","ftype":460,"lengthKm":0.21,"hu8":"05130108","pid":"136991475"},"geometry":{"type":"MultiLineString","coordinates":[[[-85.23218,36.00506],[-85.23124,36.00493],[-85.22992,36.00536]]]}},{"type":"Feature","properties":{"kind":"minor-water","name":"Caney Fork","ftype":558,"lengthKm":1.1,"hu8":"05130108","pid":"136994040"},"geometry":{"type":"MultiLineString","coordinates":[[[-85.17675,35.93316],[-85.17683,35.93249],[-85.17749,35.93202],[-85.18256,35.93231],[-85.18323,35.93297],[-85.18333,35.93492],[-85.18511,35.93558]]]}},{"type":"Feature","properties":{"kind":"minor-water","name":"Caney Fork","ftype":558,"lengthKm":1.2,"hu8":"05130108","pid":"136994576"},"geometry":{"type":"MultiLineString","coordinates":[[[-85.47995,35.81974],[-85.4811,35.819],[-85.48271,35.81861],[-85.48461,35.81769],[-85.48583,35.81629],[-85.48741,35.8151],[-85.49087,35.81417]]]}},{"type":"Feature","properties":{"kind":"minor-water","name":"Piney Creek","ftype":460,"lengthKm":1.45,"hu8":"05130108","pid":"136990591"},"geometry":{"type":"MultiLineString","coordinates":[[[-85.37949,35.67997],[-85.37828,35.68057],[-85.37299,35.68078],[-85.36984,35.68188],[-85.36889,35.6832],[-85.36816,35.68364],[-85.36848,35.68522],[-85.36821,35.68612]]]}},{"type":"Feature","properties":{"kind":"minor-water","name":"Cane Creek","ftype":460,"lengthKm":0.12,"hu8":"05130108","pid":"136990625"},"geometry":{"type":"MultiLineString","coordinates":[[[-85.32658,35.62529],[-85.32712,35.62624]]]}},{"type":"Feature","properties":{"kind":"minor-water","name":"Glade Creek","ftype":460,"lengthKm":0.39,"hu8":"05130108","pid":"136990661"},"geometry":{"type":"MultiLineString","coordinates":[[[-85.24206,35.64097],[-85.24204,35.64133],[-85.24152,35.64155],[-85.24183,35.64178],[-85.24152,35.64201],[-85.24166,35.64245],[-85.24111,35.64286],[-85.24116,35.64323],[-85.24055,35.64346]]]}},{"type":"Feature","properties":{"kind":"minor-water","name":"Henderson Branch","ftype":460,"lengthKm":0.73,"hu8":"05130108","pid":"136991352"},"geometry":{"type":"MultiLineString","coordinates":[[[-85.14448,35.836],[-85.14184,35.83778],[-85.14117,35.83865],[-85.14148,35.83995],[-85.1428,35.84091]]]}},{"type":"Feature","properties":{"kind":"minor-water","name":"Watterman Branch","ftype":460,"lengthKm":1.32,"hu8":"05130108","pid":"136991225"},"geometry":{"type":"MultiLineString","coordinates":[[[-85.23625,35.68435],[-85.24052,35.6822],[-85.24135,35.68106],[-85.24182,35.68086],[-85.24353,35.678],[-85.24455,35.67776],[-85.24548,35.67818],[-85.24572,35.67874],[-85.24641,35.67861]]]}},{"type":"Feature","properties":{"kind":"minor-water","name":"Puncheoncamp Creek","ftype":460,"lengthKm":0.47,"hu8":"05130108","pid":"136991075"},"geometry":{"type":"MultiLineString","coordinates":[[[-85.23386,35.84703],[-85.23537,35.84861],[-85.23519,35.84944],[-85.2355,35.84994],[-85.23628,35.85048]]]}},{"type":"Feature","properties":{"kind":"minor-water","name":"Barnes Creek","ftype":460,"lengthKm":0.98,"hu8":"05130108","pid":"136991392"},"geometry":{"type":"MultiLineString","coordinates":[[[-85.13478,35.84912],[-85.1346,35.84861],[-85.13593,35.8465],[-85.13539,35.8447],[-85.13818,35.84136]]]}},{"type":"Feature","properties":{"kind":"minor-water","name":"Caney Fork","ftype":460,"lengthKm":0.04,"hu8":"05130108","pid":"136991440"},"geometry":{"type":"MultiLineString","coordinates":[[[-85.1605,35.97947],[-85.16067,35.9791]]]}},{"type":"Feature","properties":{"kind":"minor-water","name":"Wilkerson Creek","ftype":460,"lengthKm":0.16,"hu8":"05130108","pid":"136991453"},"geometry":{"type":"MultiLineString","coordinates":[[[-85.21541,35.99508],[-85.21574,35.99572],[-85.21487,35.99592]]]}},{"type":"Feature","properties":{"kind":"minor-water","name":"West Fork Creek","ftype":460,"lengthKm":0.46,"hu8":"05130108","pid":"136991505"},"geometry":{"type":"MultiLineString","coordinates":[[[-85.22673,35.92889],[-85.22634,35.92875],[-85.22591,35.92918],[-85.22493,35.92942],[-85.22393,35.92879],[-85.22316,35.92947],[-85.22261,35.92952]]]}},{"type":"Feature","properties":{"kind":"minor-water","name":"Green Sea Branch","ftype":460,"lengthKm":0.37,"hu8":"05130108","pid":"136991652"},"geometry":{"type":"MultiLineString","coordinates":[[[-85.49184,35.57142],[-85.49235,35.57087],[-85.49403,35.57048],[-85.49546,35.57081]]]}},{"type":"Feature","properties":{"kind":"minor-water","name":"Little Beaverdam Creek","ftype":460,"lengthKm":0.39,"hu8":"05130108","pid":"136991268"},"geometry":{"type":"MultiLineString","coordinates":[[[-85.16839,35.72146],[-85.17012,35.72267],[-85.17204,35.7231]]]}},{"type":"Feature","properties":{"kind":"minor-water","name":"Bee Creek","ftype":558,"lengthKm":0.62,"hu8":"05130108","pid":"136994678"},"geometry":{"type":"MultiLineString","coordinates":[[[-85.23693,35.77384],[-85.23776,35.77377],[-85.23842,35.77287],[-85.23987,35.77242],[-85.24033,35.77096],[-85.23927,35.77023]]]}},{"type":"Feature","properties":{"kind":"minor-water","name":"Farmers Creek","ftype":460,"lengthKm":0.24,"hu8":"05130108","pid":"136993013"},"geometry":{"type":"MultiLineString","coordinates":[[[-85.10615,35.8141],[-85.10883,35.81395]]]}},{"type":"Feature","properties":{"kind":"minor-water","name":"Farmers Creek","ftype":460,"lengthKm":0.7,"hu8":"05130108","pid":"136993011"},"geometry":{"type":"MultiLineString","coordinates":[[[-85.1161,35.81285],[-85.11851,35.81187],[-85.11879,35.81043],[-85.12051,35.80822]]]}},{"type":"Feature","properties":{"kind":"minor-water","name":"Haskens Branch","ftype":460,"lengthKm":1.78,"hu8":"05130108","pid":"136985912"},"geometry":{"type":"MultiLineString","coordinates":[[[-85.24018,35.8128],[-85.24065,35.81166],[-85.24054,35.80981],[-85.23989,35.80818],[-85.23873,35.8074],[-85.23815,35.8064],[-85.23854,35.80528],[-85.24049,35.80463],[-85.24159,35.80476],[-85.24315,35.80566],[-85.24501,35.80604],[-85.24641,35.80697],[-85.24711,35.807]]]}},{"type":"Feature","properties":{"kind":"minor-water","name":"Meadow Creek","ftype":460,"lengthKm":0.78,"hu8":"05130108","pid":"136991042"},"geometry":{"type":"MultiLineString","coordinates":[[[-85.33809,35.63394],[-85.33668,35.63453],[-85.33409,35.63439],[-85.33382,35.63492],[-85.33311,35.63511],[-85.33289,35.63586],[-85.33167,35.63723]]]}},{"type":"Feature","properties":{"kind":"minor-water","name":"Samples Fork","ftype":460,"lengthKm":1.78,"hu8":"05130108","pid":"136991094"},"geometry":{"type":"MultiLineString","coordinates":[[[-85.4812,35.60481],[-85.48282,35.60638],[-85.4839,35.60663],[-85.48569,35.60651],[-85.48549,35.6081],[-85.4859,35.60863],[-85.48828,35.60798],[-85.48826,35.61056],[-85.48883,35.6106],[-85.48985,35.60971],[-85.49036,35.60964],[-85.49057,35.60996],[-85.49008,35.61087],[-85.4906,35.61135],[-85.49143,35.61132]]]}},{"type":"Feature","properties":{"kind":"minor-water","name":"Panter Creek","ftype":460,"lengthKm":0.04,"hu8":"05130108","pid":"136991212"},"geometry":{"type":"MultiLineString","coordinates":[[[-85.22211,35.66198],[-85.22257,35.66213]]]}},{"type":"Feature","properties":{"kind":"minor-water","name":"Whiteside Branch","ftype":460,"lengthKm":0.51,"hu8":"05130108","pid":"136991236"},"geometry":{"type":"MultiLineString","coordinates":[[[-85.23271,35.71656],[-85.23635,35.71382],[-85.23624,35.71329]]]}},{"type":"Feature","properties":{"kind":"minor-water","name":"Bouldin Branch","ftype":460,"lengthKm":1.42,"hu8":"05130108","pid":"136992472"},"geometry":{"type":"MultiLineString","coordinates":[[[-85.44377,35.57948],[-85.44601,35.58245],[-85.44658,35.5828],[-85.44776,35.58292],[-85.45006,35.58508],[-85.44926,35.58602],[-85.44683,35.58754],[-85.44592,35.58857]]]}},{"type":"Feature","properties":{"kind":"minor-water","name":"Caney Fork","ftype":460,"lengthKm":1.42,"hu8":"05130108","pid":"136991437"},"geometry":{"type":"MultiLineString","coordinates":[[[-85.16146,35.96884],[-85.15919,35.96729],[-85.15912,35.96653],[-85.15995,35.9647],[-85.15803,35.9606],[-85.15593,35.95785]]]}},{"type":"Feature","properties":{"kind":"minor-water","name":"Cooper Creek","ftype":460,"lengthKm":0.65,"hu8":"05130108","pid":"136992931"},"geometry":{"type":"MultiLineString","coordinates":[[[-85.22374,35.91215],[-85.22282,35.91147],[-85.22211,35.91149],[-85.2218,35.91118],[-85.22133,35.91149],[-85.22007,35.91147],[-85.21884,35.91103],[-85.2183,35.91126],[-85.21743,35.91106]]]}},{"type":"Feature","properties":{"kind":"minor-water","name":"Camps Gulf Branch","ftype":460,"lengthKm":1.28,"hu8":"05130108","pid":"136986653"},"geometry":{"type":"MultiLineString","coordinates":[[[-85.37578,35.74803],[-85.37709,35.74933],[-85.3781,35.74935],[-85.37892,35.74871],[-85.3799,35.74945],[-85.38306,35.74906],[-85.38542,35.74966],[-85.38668,35.74927],[-85.38802,35.75007]]]}},{"type":"Feature","properties":{"kind":"minor-water","name":"Rockhouse Creek","ftype":460,"lengthKm":1.31,"hu8":"05130108","pid":"136986638"},"geometry":{"type":"MultiLineString","coordinates":[[[-85.30994,35.67387],[-85.31063,35.67428],[-85.31242,35.67458],[-85.31318,35.67517],[-85.31351,35.67594],[-85.31445,35.67645],[-85.31699,35.67663],[-85.31806,35.67629],[-85.31972,35.67703],[-85.32074,35.67639],[-85.32123,35.67666],[-85.32148,35.67755]]]}},{"type":"Feature","properties":{"kind":"minor-water","name":"Buck Creek","ftype":460,"lengthKm":1.26,"hu8":"05130108","pid":"136991158"},"geometry":{"type":"MultiLineString","coordinates":[[[-85.31827,36.01671],[-85.31854,36.0181],[-85.31925,36.01879],[-85.31936,36.01958],[-85.32016,36.02029],[-85.31996,36.02198],[-85.32081,36.02284],[-85.3202,36.02338],[-85.32078,36.02385],[-85.3209,36.02514],[-85.32147,36.02557],[-85.32291,36.02539]]]}},{"type":"Feature","properties":{"kind":"minor-water","name":"Brady Branch","ftype":460,"lengthKm":1.8,"hu8":"05130108","pid":"136991183"},"geometry":{"type":"MultiLineString","coordinates":[[[-85.25376,36.12582],[-85.25518,36.12783],[-85.25924,36.1281],[-85.2633,36.12892],[-85.26766,36.12786],[-85.26867,36.12645],[-85.27023,36.12506]]]}},{"type":"Feature","properties":{"kind":"minor-water","name":"Lost Creek","ftype":460,"lengthKm":1.05,"hu8":"05130108","pid":"136992901"},"geometry":{"type":"MultiLineString","coordinates":[[[-85.35603,35.8694],[-85.35655,35.86829],[-85.35736,35.86755],[-85.35828,35.86691],[-85.35988,35.86639],[-85.36049,35.86556],[-85.35983,35.86447],[-85.3589,35.86399],[-85.35897,35.86345],[-85.3598,35.86242]]]}},{"type":"Feature","properties":{"kind":"minor-water","name":"Little Lost Creek","ftype":460,"lengthKm":2.84,"hu8":"05130108","pid":"136992325"},"geometry":{"type":"MultiLineString","coordinates":[[[-85.34059,35.9105],[-85.34059,35.90823],[-85.34015,35.90766],[-85.33921,35.90779],[-85.33896,35.90719],[-85.34015,35.90691],[-85.34049,35.90646],[-85.3388,35.90605],[-85.33727,35.90504],[-85.33927,35.90311],[-85.33866,35.90225],[-85.33875,35.9018],[-85.33912,35.90149],[-85.34185,35.9011],[-85.34306,35.89968],[-85.3444,35.89965],[-85.34614,35.89872],[-85.34737,35.89851],[-85.34817,35.89812],[-85.34925,35.8967],[-85.34985,35.89686],[-85.35138,35.896]]]}},{"type":"Feature","properties":{"kind":"minor-water","name":"Caney Fork","ftype":558,"lengthKm":1.93,"hu8":"05130108","pid":"136994044"},"geometry":{"type":"MultiLineString","coordinates":[[[-85.1603,35.95247],[-85.16253,35.95043],[-85.16266,35.94926],[-85.16334,35.94849],[-85.1714,35.9441],[-85.17302,35.94368],[-85.17688,35.94454]]]}},{"type":"Feature","properties":{"kind":"minor-water","name":"Bee Creek","ftype":558,"lengthKm":0.78,"hu8":"05130108","pid":"136993991"},"geometry":{"type":"MultiLineString","coordinates":[[[-85.2765,35.80013],[-85.27698,35.80179],[-85.27688,35.80389],[-85.27756,35.80523],[-85.27735,35.80699]]]}},{"type":"Feature","properties":{"kind":"minor-water","name":"Dry Creek","ftype":558,"lengthKm":0.02,"hu8":"05130108","pid":"136994053"},"geometry":{"type":"MultiLineString","coordinates":[[[-85.38332,35.82119],[-85.38341,35.82101]]]}},{"type":"Feature","properties":{"kind":"minor-water","name":"Caney Fork","ftype":558,"lengthKm":0.73,"hu8":"05130108","pid":"136994036"},"geometry":{"type":"MultiLineString","coordinates":[[[-85.19409,35.9241],[-85.19467,35.9236],[-85.19451,35.92285],[-85.19179,35.92132],[-85.189,35.92032]]]}},{"type":"Feature","properties":{"kind":"minor-water","name":"Cane Creek","ftype":558,"lengthKm":0.02,"hu8":"05130108","pid":"136994766"},"geometry":{"type":"MultiLineString","coordinates":[[[-85.38071,35.70864],[-85.38096,35.7087]]]}},{"type":"Feature","properties":{"kind":"minor-water","name":"Little Laurel Creek","ftype":460,"lengthKm":0.59,"hu8":"05130108","pid":"136990705"},"geometry":{"type":"MultiLineString","coordinates":[[[-85.12762,35.83922],[-85.13147,35.83948],[-85.132,35.83985],[-85.1322,35.84068],[-85.13302,35.84108]]]}},{"type":"Feature","properties":{"kind":"minor-water","name":"Beam Creek","ftype":460,"lengthKm":0.31,"hu8":"05130108","pid":"136983777"},"geometry":{"type":"MultiLineString","coordinates":[[[-85.13901,35.99656],[-85.1397,35.99576],[-85.13951,35.99462],[-85.13976,35.99395]]]}},{"type":"Feature","properties":{"kind":"minor-water","name":"Piney Creek","ftype":460,"lengthKm":0.29,"hu8":"05130108","pid":"136990161"},"geometry":{"type":"MultiLineString","coordinates":[[[-85.20062,35.81521],[-85.20133,35.81778]]]}},{"type":"Feature","properties":{"kind":"minor-water","name":"Lick Branch","ftype":460,"lengthKm":2.13,"hu8":"05130108","pid":"136990408"},"geometry":{"type":"MultiLineString","coordinates":[[[-85.48635,35.70898],[-85.48568,35.70969],[-85.48544,35.7112],[-85.48454,35.7124],[-85.48413,35.71392],[-85.48459,35.71602],[-85.48559,35.71831],[-85.48413,35.72022],[-85.48343,35.72468],[-85.48169,35.72548],[-85.48209,35.72623]]]}},{"type":"Feature","properties":{"kind":"minor-water","name":"Jack Branch","ftype":460,"lengthKm":0.64,"hu8":"05130108","pid":"136990449"},"geometry":{"type":"MultiLineString","coordinates":[[[-85.29696,35.69981],[-85.29595,35.69969],[-85.29494,35.70006],[-85.29325,35.69972],[-85.29001,35.69975]]]}},{"type":"Feature","properties":{"kind":"minor-water","name":"Baltimore Branch","ftype":460,"lengthKm":2.74,"hu8":"05130108","pid":"136990582"},"geometry":{"type":"MultiLineString","coordinates":[[[-85.49428,35.53279],[-85.49464,35.53421],[-85.49401,35.53509],[-85.49286,35.53871],[-85.49173,35.54066],[-85.49238,35.54293],[-85.49224,35.54579],[-85.4928,35.54651],[-85.4921,35.54869],[-85.49327,35.54974],[-85.49336,35.55144],[-85.49555,35.55406],[-85.49646,35.55451],[-85.49751,35.55457]]]}},{"type":"Feature","properties":{"kind":"minor-water","name":"Piney Creek","ftype":460,"lengthKm":0.27,"hu8":"05130108","pid":"136990613"},"geometry":{"type":"MultiLineString","coordinates":[[[-85.40745,35.5821],[-85.40654,35.58261],[-85.40578,35.58401]]]}},{"type":"Feature","properties":{"kind":"minor-water","name":"Cane Creek","ftype":460,"lengthKm":0.67,"hu8":"05130108","pid":"136990627"},"geometry":{"type":"MultiLineString","coordinates":[[[-85.31968,35.62264],[-85.3208,35.62334],[-85.32176,35.62571],[-85.32469,35.62596]]]}},{"type":"Feature","properties":{"kind":"minor-water","name":"Millstone Branch","ftype":460,"lengthKm":2.34,"hu8":"05130108","pid":"136992906"},"geometry":{"type":"MultiLineString","coordinates":[[[-85.4393,35.76059],[-85.43841,35.76091],[-85.43785,35.76153],[-85.43686,35.7614],[-85.43543,35.76196],[-85.43502,35.76255],[-85.43399,35.76287],[-85.43257,35.76476],[-85.43136,35.76532],[-85.43118,35.76586],[-85.42984,35.76673],[-85.42971,35.76748],[-85.43007,35.76804],[-85.42812,35.77054],[-85.42736,35.77219],[-85.42767,35.77299],[-85.42574,35.77615]]]}},{"type":"Feature","properties":{"kind":"minor-water","name":"Oldfield Branch","ftype":460,"lengthKm":1.46,"hu8":"05130108","pid":"136992949"},"geometry":{"type":"MultiLineString","coordinates":[[[-85.242,35.79142],[-85.24019,35.78839],[-85.23905,35.78785],[-85.23839,35.78699],[-85.23726,35.78651],[-85.23706,35.78513],[-85.2362,35.78555],[-85.23378,35.78508],[-85.23132,35.78366]]]}},{"type":"Feature","properties":{"kind":"minor-water","name":"Cleghorn Creek","ftype":460,"lengthKm":0.66,"hu8":"05130108","pid":"136992848"},"geometry":{"type":"MultiLineString","coordinates":[[[-85.4106,36.12917],[-85.41126,36.12866],[-85.41326,36.12854],[-85.41518,36.12706],[-85.41554,36.12599],[-85.41592,36.12581]]]}},{"type":"Feature","properties":{"kind":"minor-water","name":"Caney Fork","ftype":558,"lengthKm":1.08,"hu8":"05130108","pid":"136994025"},"geometry":{"type":"MultiLineString","coordinates":[[[-85.1974,35.89705],[-85.2022,35.8984],[-85.20605,35.89792],[-85.2091,35.8979]]]}},{"type":"Feature","properties":{"kind":"minor-water","name":"Calfkiller River","ftype":558,"lengthKm":0.42,"hu8":"05130108","pid":"136994158"},"geometry":{"type":"MultiLineString","coordinates":[[[-85.47573,35.91264],[-85.47619,35.91255],[-85.47686,35.91177],[-85.47918,35.91193],[-85.47959,35.91149]]]}},{"type":"Feature","properties":{"kind":"minor-water","name":"East Fork Little Cane Creek","ftype":460,"lengthKm":0.9,"hu8":"05130108","pid":"136985857"},"geometry":{"type":"MultiLineString","coordinates":[[[-85.18577,35.81257],[-85.18551,35.81127],[-85.18666,35.80864],[-85.18786,35.80703],[-85.18762,35.80608],[-85.18667,35.8052]]]}},{"type":"Feature","properties":{"kind":"minor-water","name":"Whiteoak Branch","ftype":460,"lengthKm":0.32,"hu8":"05130108","pid":"136985413"},"geometry":{"type":"MultiLineString","coordinates":[[[-85.22272,36.03329],[-85.22575,36.03476]]]}},{"type":"Feature","properties":{"kind":"minor-water","name":"Cooper Creek","ftype":460,"lengthKm":1.14,"hu8":"05130108","pid":"136989927"},"geometry":{"type":"MultiLineString","coordinates":[[[-85.23386,35.91519],[-85.23196,35.91433],[-85.23033,35.91267],[-85.22967,35.91298],[-85.2276,35.91307],[-85.2255,35.91134],[-85.22374,35.91215]]]}},{"type":"Feature","properties":{"kind":"minor-water","name":"Dark Hollow Branch","ftype":460,"lengthKm":0.91,"hu8":"05130108","pid":"136985683"},"geometry":{"type":"MultiLineString","coordinates":[[[-85.29682,35.81719],[-85.29623,35.81814],[-85.29623,35.81927],[-85.29688,35.81979],[-85.29746,35.82121],[-85.29851,35.82204],[-85.29875,35.82271],[-85.30037,35.82402]]]}},{"type":"Feature","properties":{"kind":"minor-water","name":"Little Beaverdam Creek","ftype":460,"lengthKm":1.21,"hu8":"05130108","pid":"136991266"},"geometry":{"type":"MultiLineString","coordinates":[[[-85.17372,35.72046],[-85.17461,35.72035],[-85.17597,35.72076],[-85.1771,35.71995],[-85.17869,35.72033],[-85.17969,35.72097],[-85.17983,35.72162],[-85.18303,35.7223],[-85.18369,35.72429]]]}},{"type":"Feature","properties":{"kind":"minor-water","name":"Beaverdam Creek","ftype":460,"lengthKm":0.47,"hu8":"05130108","pid":"136990893"},"geometry":{"type":"MultiLineString","coordinates":[[[-85.20113,35.68727],[-85.20204,35.68894],[-85.20175,35.68994],[-85.20244,35.69064],[-85.20233,35.69111]]]}},{"type":"Feature","properties":{"kind":"minor-water","name":"Frey Branch","ftype":558,"lengthKm":0.43,"hu8":"05130108","pid":"136993952"},"geometry":{"type":"MultiLineString","coordinates":[[[-85.20384,35.97815],[-85.20346,35.97862],[-85.20339,35.98043],[-85.20354,35.98145],[-85.20399,35.98169]]]}},{"type":"Feature","properties":{"kind":"minor-water","name":"Caney Fork","ftype":558,"lengthKm":0.7,"hu8":"05130108","pid":"136994017"},"geometry":{"type":"MultiLineString","coordinates":[[[-85.23066,35.87389],[-85.23185,35.87456],[-85.23386,35.8773],[-85.23617,35.87774]]]}},{"type":"Feature","properties":{"kind":"minor-water","name":"Little Laurel Creek","ftype":460,"lengthKm":1.86,"hu8":"05130108","pid":"136992990"},"geometry":{"type":"MultiLineString","coordinates":[[[-85.18895,35.77581],[-85.18943,35.7753],[-85.18872,35.77397],[-85.19033,35.7731],[-85.19057,35.7723],[-85.18961,35.77157],[-85.1898,35.77088],[-85.18845,35.77102],[-85.18928,35.76866],[-85.18761,35.76845],[-85.18754,35.76693],[-85.18685,35.76659],[-85.18583,35.76492],[-85.18597,35.76339]]]}},{"type":"Feature","properties":{"kind":"minor-water","name":"Brush Creek","ftype":460,"lengthKm":0.19,"hu8":"05130108","pid":"136985808"},"geometry":{"type":"MultiLineString","coordinates":[[[-85.13953,35.75007],[-85.13871,35.75167]]]}},{"type":"Feature","properties":{"kind":"minor-water","name":"Polly Branch","ftype":460,"lengthKm":1.32,"hu8":"05130108","pid":"136986312"},"geometry":{"type":"MultiLineString","coordinates":[[[-85.27926,35.87012],[-85.27877,35.86962],[-85.27804,35.8697],[-85.2776,35.86839],[-85.27664,35.86847],[-85.27544,35.86802],[-85.27482,35.86737],[-85.27398,35.86786],[-85.27337,35.86673],[-85.27189,35.86564],[-85.27055,35.86561],[-85.2696,35.86488],[-85.26872,35.86466]]]}},{"type":"Feature","properties":{"kind":"minor-water","name":"Dry Fork","ftype":460,"lengthKm":1.24,"hu8":"05130108","pid":"136983637"},"geometry":{"type":"MultiLineString","coordinates":[[[-85.43843,35.71531],[-85.43582,35.71885],[-85.43446,35.71905],[-85.43304,35.72189],[-85.42997,35.72323]]]}},{"type":"Feature","properties":{"kind":"minor-water","name":"Dry Fork","ftype":460,"lengthKm":0.12,"hu8":"05130108","pid":"136983748"},"geometry":{"type":"MultiLineString","coordinates":[[[-85.4735,35.63979],[-85.4743,35.64062]]]}},{"type":"Feature","properties":{"kind":"minor-water","name":"Hickory Valley Branch","ftype":460,"lengthKm":0.99,"hu8":"05130108","pid":"136985639"},"geometry":{"type":"MultiLineString","coordinates":[[[-85.4067,35.88212],[-85.40766,35.88153],[-85.40788,35.87957],[-85.40892,35.87874],[-85.40962,35.8774],[-85.41026,35.87409]]]}},{"type":"Feature","properties":{"kind":"minor-water","name":"Cowen Branch","ftype":460,"lengthKm":0.53,"hu8":"05130108","pid":"136990307"},"geometry":{"type":"MultiLineString","coordinates":[[[-85.15823,35.75007],[-85.15922,35.75055],[-85.16051,35.75072],[-85.16138,35.75162],[-85.16324,35.75227]]]}},{"type":"Feature","properties":{"kind":"minor-water","name":"Glade Creek","ftype":460,"lengthKm":1.29,"hu8":"05130108","pid":"136990646"},"geometry":{"type":"MultiLineString","coordinates":[[[-85.26532,35.71112],[-85.2664,35.71078],[-85.26682,35.71093],[-85.26622,35.71196],[-85.2664,35.71304],[-85.26588,35.71346],[-85.26424,35.7137],[-85.26459,35.71482],[-85.26296,35.71584],[-85.26255,35.71659],[-85.26291,35.71712],[-85.26423,35.71733],[-85.26501,35.71783]]]}},{"type":"Feature","properties":{"kind":"minor-water","name":"Blue Spring Creek","ftype":460,"lengthKm":1.08,"hu8":"05130108","pid":"136990900"},"geometry":{"type":"MultiLineString","coordinates":[[[-85.386,35.95732],[-85.38914,35.95797],[-85.3897,35.95844],[-85.38915,35.95924],[-85.38859,35.95936],[-85.38993,35.96073],[-85.39105,35.96127],[-85.39008,35.96227],[-85.39029,35.96273],[-85.39087,35.96285]]]}},{"type":"Feature","properties":{"kind":"minor-water","name":"England Cove","ftype":460,"lengthKm":2.22,"hu8":"05130108","pid":"136990913"},"geometry":{"type":"MultiLineString","coordinates":[[[-85.29649,36.02917],[-85.29945,36.02816],[-85.30047,36.02716],[-85.30216,36.02684],[-85.30309,36.02549],[-85.3046,36.02494],[-85.30869,36.02212],[-85.30952,36.02198],[-85.3118,36.0223],[-85.31629,36.0218],[-85.31683,36.02215],[-85.31703,36.02275]]]}},{"type":"Feature","properties":{"kind":"minor-water","name":"Panter Creek","ftype":460,"lengthKm":0.78,"hu8":"05130108","pid":"136991214"},"geometry":{"type":"MultiLineString","coordinates":[[[-85.21331,35.66612],[-85.21413,35.66604],[-85.21454,35.66562],[-85.21434,35.66532],[-85.21605,35.66474],[-85.21697,35.66396],[-85.22042,35.66319]]]}},{"type":"Feature","properties":{"kind":"minor-water","name":"Baltimore Branch","ftype":460,"lengthKm":0.61,"hu8":"05130108","pid":"136990581"},"geometry":{"type":"MultiLineString","coordinates":[[[-85.49751,35.55457],[-85.49715,35.55604],[-85.49541,35.55722],[-85.49548,35.55885],[-85.49608,35.55912]]]}},{"type":"Feature","properties":{"kind":"minor-water","name":"Hughes Creek","ftype":460,"lengthKm":0.76,"hu8":"05130108","pid":"136991423"},"geometry":{"type":"MultiLineString","coordinates":[[[-85.12263,35.94179],[-85.12378,35.94277],[-85.12637,35.94405],[-85.12701,35.94397],[-85.12829,35.94524],[-85.12928,35.94546]]]}},{"type":"Feature","properties":{"kind":"minor-water","name":"Caney Fork","ftype":460,"lengthKm":0.24,"hu8":"05130108","pid":"136991443"},"geometry":{"type":"MultiLineString","coordinates":[[[-85.16765,35.98977],[-85.16611,35.9899],[-85.16506,35.98967]]]}},{"type":"Feature","properties":{"kind":"minor-water","name":"Sandy Creek","ftype":460,"lengthKm":1.24,"hu8":"05130108","pid":"136991473"},"geometry":{"type":"MultiLineString","coordinates":[[[-85.23277,36.01581],[-85.23535,36.01455],[-85.23815,36.01264],[-85.23929,36.01145],[-85.24019,36.00966],[-85.23898,36.00761]]]}},{"type":"Feature","properties":{"kind":"minor-water","name":"Caney Fork","ftype":558,"lengthKm":3.05,"hu8":"05130108","pid":"136993968"},"geometry":{"type":"MultiLineString","coordinates":[[[-85.38351,35.82104],[-85.38508,35.822],[-85.38861,35.82219],[-85.38974,35.822],[-85.39159,35.82109],[-85.39306,35.82253],[-85.39436,35.82498],[-85.39176,35.82692],[-85.39147,35.82762],[-85.39178,35.82796],[-85.39519,35.8289],[-85.39639,35.8289],[-85.3974,35.82847],[-85.39841,35.82859],[-85.40193,35.82934],[-85.40535,35.83071]]]}},{"type":"Feature","properties":{"kind":"minor-water","name":"Caney Fork","ftype":558,"lengthKm":0.8,"hu8":"05130108","pid":"136994012"},"geometry":{"type":"MultiLineString","coordinates":[[[-85.25218,35.86101],[-85.25042,35.85961],[-85.25016,35.85694],[-85.24872,35.85471]]]}},{"type":"Feature","properties":{"kind":"minor-water","name":"Gunstock Branch","ftype":558,"lengthKm":0.09,"hu8":"05130108","pid":"136994445"},"geometry":{"type":"MultiLineString","coordinates":[[[-85.26142,35.8455],[-85.2605,35.84516]]]}},{"type":"Feature","properties":{"kind":"minor-water","name":"Wildcat Creek","ftype":460,"lengthKm":0.02,"hu8":"05130108","pid":"136983898"},"geometry":{"type":"MultiLineString","coordinates":[[[-85.39518,35.9285],[-85.39538,35.92864]]]}},{"type":"Feature","properties":{"kind":"minor-water","name":"Mill Branch","ftype":460,"lengthKm":4.24,"hu8":"05130108","pid":"136986697"},"geometry":{"type":"MultiLineString","coordinates":[[[-85.3273,35.71382],[-85.32913,35.71497],[-85.33041,35.71872],[-85.33197,35.71897],[-85.33371,35.71968],[-85.33611,35.71936],[-85.33842,35.71853],[-85.3388,35.71876],[-85.33943,35.71849],[-85.34065,35.71869],[-85.3421,35.71827],[-85.34289,35.7176],[-85.34495,35.71757],[-85.34735,35.71843],[-85.3477,35.71886],[-85.34735,35.71986],[-85.34784,35.71989],[-85.3482,35.72051],[-85.34951,35.72089],[-85.34987,35.72175],[-85.35075,35.72184],[-85.35073,35.72266],[-85.35154,35.7232],[-85.35158,35.72368],[-85.35242,35.72396],[-85.35227,35.72583],[-85.35151,35.72686],[-85.35133,35.72924],[-85.35355,35.73254]]]}},{"type":"Feature","properties":{"kind":"minor-water","name":"Twin Branch","ftype":460,"lengthKm":1.38,"hu8":"05130108","pid":"136985338"},"geometry":{"type":"MultiLineString","coordinates":[[[-85.31148,35.98761],[-85.31633,35.98798],[-85.3179,35.98874],[-85.3183,35.98923],[-85.31988,35.98943],[-85.32079,35.99024],[-85.32226,35.99082],[-85.32556,35.9912]]]}},{"type":"Feature","properties":{"kind":"minor-water","name":"Brush Creek","ftype":460,"lengthKm":0.77,"hu8":"05130108","pid":"136985813"},"geometry":{"type":"MultiLineString","coordinates":[[[-85.13871,35.75167],[-85.1357,35.75295],[-85.13533,35.75363],[-85.13449,35.7541],[-85.13253,35.75614]]]}},{"type":"Feature","properties":{"kind":"minor-water","name":"Old Cabin Branch","ftype":460,"lengthKm":1.19,"hu8":"05130108","pid":"136989945"},"geometry":{"type":"MultiLineString","coordinates":[[[-85.29372,35.80748],[-85.29291,35.80844],[-85.29271,35.80922],[-85.2953,35.81442],[-85.29574,35.81471],[-85.29626,35.81676],[-85.29682,35.81719]]]}},{"type":"Feature","properties":{"kind":"minor-water","name":"Keener Branch","ftype":460,"lengthKm":0.72,"hu8":"05130108","pid":"136990156"},"geometry":{"type":"MultiLineString","coordinates":[[[-85.25597,35.74562],[-85.25825,35.74848],[-85.26107,35.74963],[-85.26134,35.75007]]]}},{"type":"Feature","properties":{"kind":"minor-water","name":"Beam Creek","ftype":460,"lengthKm":0.71,"hu8":"05130108","pid":"136990739"},"geometry":{"type":"MultiLineString","coordinates":[[[-85.14034,36.01225],[-85.13903,36.01098],[-85.13884,36.01031],[-85.13985,36.00847],[-85.14121,36.00841],[-85.14185,36.00763]]]}},{"type":"Feature","properties":{"kind":"minor-water","name":"Spring Creek","ftype":460,"lengthKm":2.34,"hu8":"05130108","pid":"136990815"},"geometry":{"type":"MultiLineString","coordinates":[[[-85.29745,35.76024],[-85.29776,35.76094],[-85.29733,35.76159],[-85.29781,35.76327],[-85.29761,35.76392],[-85.29675,35.76375],[-85.29573,35.76406],[-85.29364,35.7652],[-85.29317,35.76454],[-85.29084,35.76361],[-85.29019,35.76452],[-85.28897,35.76462],[-85.28766,35.76619],[-85.28635,35.76624],[-85.28689,35.76789],[-85.28797,35.7683],[-85.28814,35.76904],[-85.28741,35.7696],[-85.28829,35.77001],[-85.28814,35.77055]]]}},{"type":"Feature","properties":{"kind":"minor-water","name":"Puncheoncamp Creek","ftype":460,"lengthKm":0.29,"hu8":"05130108","pid":"136991079"},"geometry":{"type":"MultiLineString","coordinates":[[[-85.22183,35.83389],[-85.22283,35.83455],[-85.22462,35.83511]]]}},{"type":"Feature","properties":{"kind":"minor-water","name":"Bridge Creek","ftype":460,"lengthKm":0.83,"hu8":"05130108","pid":"136991177"},"geometry":{"type":"MultiLineString","coordinates":[[[-85.24862,36.08551],[-85.24776,36.08407],[-85.24764,36.08326],[-85.24593,36.08162],[-85.24584,36.08115],[-85.24484,36.08062],[-85.24437,36.07923]]]}},{"type":"Feature","properties":{"kind":"minor-water","name":"East Fork Little Cane Creek","ftype":460,"lengthKm":0.4,"hu8":"05130108","pid":"136991325"},"geometry":{"type":"MultiLineString","coordinates":[[[-85.18906,35.81823],[-85.18798,35.81809],[-85.18742,35.81773],[-85.18613,35.81589]]]}},{"type":"Feature","properties":{"kind":"minor-water","name":"Mud Branch","ftype":460,"lengthKm":0.14,"hu8":"05130108","pid":"136991503"},"geometry":{"type":"MultiLineString","coordinates":[[[-85.20378,35.93926],[-85.20267,35.93834]]]}},{"type":"Feature","properties":{"kind":"minor-water","name":"Bee Creek","ftype":460,"lengthKm":1.19,"hu8":"05130108","pid":"136990672"},"geometry":{"type":"MultiLineString","coordinates":[[[-85.16064,35.76669],[-85.1622,35.76622],[-85.163,35.7656],[-85.1629,35.7651],[-85.16164,35.76442],[-85.16336,35.76274],[-85.16552,35.76238],[-85.16734,35.76107],[-85.16826,35.76081]]]}},{"type":"Feature","properties":{"kind":"minor-water","name":"Bee Creek","ftype":460,"lengthKm":1.2,"hu8":"05130108","pid":"136990675"},"geometry":{"type":"MultiLineString","coordinates":[[[-85.13515,35.77049],[-85.13579,35.77052],[-85.13626,35.76993],[-85.13572,35.76957],[-85.13609,35.76914],[-85.13556,35.76869],[-85.13601,35.76843],[-85.13809,35.76876],[-85.14118,35.77051],[-85.142,35.77011],[-85.14336,35.76857]]]}},{"type":"Feature","properties":{"kind":"minor-water","name":"Caney Fork","ftype":460,"lengthKm":0.89,"hu8":"05130108","pid":"136992003"},"geometry":{"type":"MultiLineString","coordinates":[[[-85.19211,36.0097],[-85.19196,36.00918],[-85.1905,36.0082],[-85.18994,36.00845],[-85.18968,36.00913],[-85.18781,36.00945],[-85.18512,36.00714]]]}},{"type":"Feature","properties":{"kind":"minor-water","name":"Blue Spring Creek","ftype":460,"lengthKm":0.25,"hu8":"05130108","pid":"136992011"},"geometry":{"type":"MultiLineString","coordinates":[[[-85.34744,35.94725],[-85.34968,35.94864]]]}},{"type":"Feature","properties":{"kind":"minor-water","name":"Perry Branch","ftype":460,"lengthKm":0.13,"hu8":"05130108","pid":"136992921"},"geometry":{"type":"MultiLineString","coordinates":[[[-85.39312,35.76714],[-85.39444,35.76669]]]}},{"type":"Feature","properties":{"kind":"minor-water","name":"Bee Creek","ftype":558,"lengthKm":0.54,"hu8":"05130108","pid":"136994692"},"geometry":{"type":"MultiLineString","coordinates":[[[-85.19968,35.75882],[-85.20203,35.75729],[-85.20133,35.75498]]]}},{"type":"Feature","properties":{"kind":"minor-water","name":"Caney Fork","ftype":558,"lengthKm":0.04,"hu8":"05130108","pid":"136993970"},"geometry":{"type":"MultiLineString","coordinates":[[[-85.38257,35.81944],[-85.38277,35.81974]]]}},{"type":"Feature","properties":{"kind":"minor-water","name":"Cane Creek","ftype":558,"lengthKm":0.09,"hu8":"05130108","pid":"136994629"},"geometry":{"type":"MultiLineString","coordinates":[[[-85.40189,35.78697],[-85.40225,35.78771]]]}},{"type":"Feature","properties":{"kind":"minor-water","name":"Perry Branch","ftype":558,"lengthKm":0.01,"hu8":"05130108","pid":"136994663"},"geometry":{"type":"MultiLineString","coordinates":[[[-85.39444,35.76669],[-85.39448,35.76661]]]}},{"type":"Feature","properties":{"kind":"minor-water","name":"Laurel Creek","ftype":460,"lengthKm":0.36,"hu8":"05130108","pid":"136990698"},"geometry":{"type":"MultiLineString","coordinates":[[[-85.15945,35.84516],[-85.15835,35.84757],[-85.15837,35.84824]]]}},{"type":"Feature","properties":{"kind":"minor-water","name":"Meadow Creek","ftype":460,"lengthKm":0.15,"hu8":"05130108","pid":"136990715"},"geometry":{"type":"MultiLineString","coordinates":[[[-85.16918,35.89094],[-85.17017,35.8909],[-85.17066,35.89055]]]}},{"type":"Feature","properties":{"kind":"minor-water","name":"Falling Water River","ftype":460,"lengthKm":0.71,"hu8":"05130108","pid":"136990769"},"geometry":{"type":"MultiLineString","coordinates":[[[-85.33026,36.1576],[-85.33178,36.15756],[-85.33347,36.15841],[-85.33493,36.15863],[-85.33625,36.15922],[-85.33712,36.16006]]]}},{"type":"Feature","properties":{"kind":"minor-water","name":"Flat Rock Branch","ftype":460,"lengthKm":0.26,"hu8":"05130108","pid":"136991565"},"geometry":{"type":"MultiLineString","coordinates":[[[-85.3132,35.62507],[-85.31291,35.62404],[-85.31379,35.62297]]]}},{"type":"Feature","properties":{"kind":"minor-water","name":"Flat Creek","ftype":460,"lengthKm":1.21,"hu8":"05130108","pid":"136992657"},"geometry":{"type":"MultiLineString","coordinates":[[[-85.2668,35.64433],[-85.26404,35.64515],[-85.2633,35.64646],[-85.26127,35.6477],[-85.26115,35.64844],[-85.25979,35.64913],[-85.25955,35.65013],[-85.25857,35.65062],[-85.25805,35.65147]]]}},{"type":"Feature","properties":{"kind":"minor-water","name":"Cowen Branch","ftype":460,"lengthKm":0.23,"hu8":"05130108","pid":"136993004"},"geometry":{"type":"MultiLineString","coordinates":[[[-85.17493,35.75029],[-85.17734,35.75095]]]}},{"type":"Feature","properties":{"kind":"minor-water","name":"Bee Branch","ftype":460,"lengthKm":2.57,"hu8":"05130108","pid":"136986322"},"geometry":{"type":"MultiLineString","coordinates":[[[-85.2762,35.85502],[-85.27563,35.8551],[-85.2721,35.85748],[-85.27085,35.85763],[-85.26852,35.85864],[-85.26722,35.85858],[-85.26679,35.85797],[-85.26588,35.85753],[-85.26493,35.85814],[-85.26311,35.85771],[-85.26234,35.85817],[-85.26169,35.85763],[-85.26138,35.85799],[-85.26032,35.85809],[-85.2593,35.85877],[-85.25566,35.85871],[-85.25399,35.85898],[-85.25222,35.86092]]]}},{"type":"Feature","properties":{"kind":"minor-water","name":"Harrison Gulf Branch","ftype":460,"lengthKm":0.91,"hu8":"05130108","pid":"136990426"},"geometry":{"type":"MultiLineString","coordinates":[[[-85.34879,35.69598],[-85.34958,35.69483],[-85.3492,35.69473],[-85.3496,35.69372],[-85.35036,35.69357],[-85.35098,35.69298],[-85.35183,35.693],[-85.35442,35.6903]]]}},{"type":"Feature","properties":{"kind":"minor-water","name":"Cane Creek","ftype":460,"lengthKm":0.47,"hu8":"05130108","pid":"136990622"},"geometry":{"type":"MultiLineString","coordinates":[[[-85.33167,35.63723],[-85.33325,35.63976],[-85.33307,35.64059],[-85.33353,35.64103]]]}},{"type":"Feature","properties":{"kind":"minor-water","name":"Oldfield Branch","ftype":460,"lengthKm":0.6,"hu8":"05130108","pid":"136990100"},"geometry":{"type":"MultiLineString","coordinates":[[[-85.24623,35.79543],[-85.24431,35.7944],[-85.242,35.79142]]]}},{"type":"Feature","properties":{"kind":"minor-water","name":"Cane Creek","ftype":460,"lengthKm":1.35,"hu8":"05130108","pid":"136990636"},"geometry":{"type":"MultiLineString","coordinates":[[[-85.34908,35.56137],[-85.34825,35.5623],[-85.34756,35.56453],[-85.34503,35.56523],[-85.34568,35.5671],[-85.34444,35.56759],[-85.34392,35.56837],[-85.34072,35.56854]]]}},{"type":"Feature","properties":{"kind":"minor-water","name":"Panter Creek","ftype":460,"lengthKm":0.88,"hu8":"05130108","pid":"136991207"},"geometry":{"type":"MultiLineString","coordinates":[[[-85.23161,35.66162],[-85.23323,35.66166],[-85.23303,35.66075],[-85.23445,35.66053],[-85.23547,35.65863],[-85.23628,35.65821],[-85.23623,35.65769],[-85.23751,35.65724]]]}},{"type":"Feature","properties":{"kind":"minor-water","name":"Glade Creek","ftype":460,"lengthKm":1.06,"hu8":"05130108","pid":"136990653"},"geometry":{"type":"MultiLineString","coordinates":[[[-85.25187,35.66753],[-85.25216,35.66802],[-85.25186,35.66878],[-85.25311,35.6701],[-85.25247,35.67169],[-85.25596,35.67289],[-85.25653,35.67339],[-85.25687,35.67449]]]}},{"type":"Feature","properties":{"kind":"minor-water","name":"Bee Creek","ftype":460,"lengthKm":0.95,"hu8":"05130108","pid":"136990669"},"geometry":{"type":"MultiLineString","coordinates":[[[-85.17366,35.76314],[-85.17443,35.76311],[-85.17589,35.76237],[-85.17906,35.76385],[-85.17937,35.76348],[-85.17904,35.76251],[-85.18047,35.76251],[-85.18142,35.7619]]]}},{"type":"Feature","properties":{"kind":"minor-water","name":"Laurel Creek","ftype":460,"lengthKm":0.44,"hu8":"05130108","pid":"136990686"},"geometry":{"type":"MultiLineString","coordinates":[[[-85.18559,35.88264],[-85.18716,35.88321],[-85.18636,35.88566]]]}},{"type":"Feature","properties":{"kind":"minor-water","name":"Town Creek","ftype":558,"lengthKm":0.02,"hu8":"05130108","pid":"136994157"},"geometry":{"type":"MultiLineString","coordinates":[[[-85.47849,35.9225],[-85.47839,35.92232]]]}},{"type":"Feature","properties":{"kind":"minor-water","name":"Buck Creek","ftype":460,"lengthKm":0.17,"hu8":"05130108","pid":"136991163"},"geometry":{"type":"MultiLineString","coordinates":[[[-85.28089,35.9824],[-85.28123,35.98389]]]}},{"type":"Feature","properties":{"kind":"minor-water","name":"Bridge Creek","ftype":460,"lengthKm":0.28,"hu8":"05130108","pid":"136991175"},"geometry":{"type":"MultiLineString","coordinates":[[[-85.24997,36.09548],[-85.24997,36.093]]]}},{"type":"Feature","properties":{"kind":"minor-water","name":"Hill Branch","ftype":460,"lengthKm":0.9,"hu8":"05130108","pid":"136991551"},"geometry":{"type":"MultiLineString","coordinates":[[[-85.27889,35.59003],[-85.2808,35.5912],[-85.28177,35.59142],[-85.2825,35.59338],[-85.28564,35.59446],[-85.28602,35.59483]]]}},{"type":"Feature","properties":{"kind":"minor-water","name":"Halfmile Branch","ftype":460,"lengthKm":0.56,"hu8":"05130108","pid":"136992439"},"geometry":{"type":"MultiLineString","coordinates":[[[-85.15124,35.91469],[-85.15291,35.91417],[-85.15734,35.91406]]]}},{"type":"Feature","properties":{"kind":"minor-water","name":"Potts Creek","ftype":460,"lengthKm":0.35,"hu8":"05130108","pid":"136992977"},"geometry":{"type":"MultiLineString","coordinates":[[[-85.15124,35.87629],[-85.15189,35.87714],[-85.1522,35.87847],[-85.15295,35.87896]]]}},{"type":"Feature","properties":{"kind":"minor-water","name":"Caney Fork","ftype":558,"lengthKm":0.01,"hu8":"05130108","pid":"136994099"},"geometry":{"type":"MultiLineString","coordinates":[[[-85.3072,35.82921],[-85.30723,35.82932]]]}},{"type":"Feature","properties":{"kind":"minor-water","name":"Samples Fork","ftype":460,"lengthKm":0.09,"hu8":"05130108","pid":"136991099"},"geometry":{"type":"MultiLineString","coordinates":[[[-85.46079,35.60979],[-85.46167,35.60941]]]}},{"type":"Feature","properties":{"kind":"minor-water","name":"Doe Creek","ftype":558,"lengthKm":0.95,"hu8":"05130108","pid":"136994141"},"geometry":{"type":"MultiLineString","coordinates":[[[-85.297,35.96147],[-85.29795,35.96068],[-85.30314,35.9599],[-85.30512,35.9592],[-85.30582,35.95866],[-85.30657,35.95888]]]}},{"type":"Feature","properties":{"kind":"minor-water","name":"Bee Creek","ftype":558,"lengthKm":0.42,"hu8":"05130108","pid":"136994007"},"geometry":{"type":"MultiLineString","coordinates":[[[-85.25065,35.76519],[-85.25165,35.7651],[-85.25311,35.76428],[-85.25375,35.76449],[-85.25431,35.76529]]]}},{"type":"Feature","properties":{"kind":"minor-water","name":"Caney Fork","ftype":558,"lengthKm":1.5,"hu8":"05130108","pid":"136994016"},"geometry":{"type":"MultiLineString","coordinates":[[[-85.23617,35.87774],[-85.23749,35.8775],[-85.23826,35.87689],[-85.23746,35.87367],[-85.23798,35.87306],[-85.23881,35.87276],[-85.23978,35.87304],[-85.24105,35.87409],[-85.2425,35.87477],[-85.24382,35.87633],[-85.24521,35.87663]]]}},{"type":"Feature","properties":{"kind":"minor-water","name":"Calfkiller River","ftype":558,"lengthKm":8.32,"hu8":"05130108","pid":"136994149"},"geometry":{"type":"MultiLineString","coordinates":[[[-85.43062,35.94302],[-85.43143,35.94261],[-85.43207,35.94273],[-85.4357,35.94537],[-85.43736,35.94602],[-85.43809,35.94594],[-85.43983,35.9445],[-85.44082,35.94426],[-85.44472,35.94687],[-85.44679,35.94766],[-85.44782,35.94753],[-85.44895,35.94464],[-85.45163,35.94331],[-85.45188,35.94066],[-85.45263,35.93878],[-85.45467,35.93666],[-85.4586,35.93384],[-85.46026,35.93205],[-85.46096,35.93184],[-85.46271,35.93218],[-85.47017,35.93418],[-85.47143,35.93393],[-85.47236,35.93299],[-85.47272,35.93183],[-85.47142,35.93041],[-85.46834,35.9304],[-85.46706,35.93011],[-85.46638,35.9296],[-85.46633,35.92859],[-85.46789,35.92592],[-85.46994,35.92417],[-85.47035,35.92347],[-85.47,35.92301],[-85.46716,35.92229],[-85.46682,35.92189],[-85.46703,35.92143],[-85.46899,35.92127],[-85.47536,35.92254],[-85.47839,35.92232]]]}},{"type":"Feature","properties":{"kind":"minor-water","name":"Meadow Creek","ftype":558,"lengthKm":0.7,"hu8":"05130108","pid":"136994837"},"geometry":{"type":"MultiLineString","coordinates":[[[-85.35622,35.60454],[-85.35471,35.60518],[-85.35342,35.60693],[-85.35339,35.60856],[-85.35433,35.60893],[-85.35408,35.60926]]]}},{"type":"Feature","properties":{"kind":"minor-water","name":"Maple Branch","ftype":460,"lengthKm":1,"hu8":"05130108","pid":"136991486"},"geometry":{"type":"MultiLineString","coordinates":[[[-85.24431,35.97512],[-85.24354,35.97575],[-85.24224,35.97627],[-85.24135,35.9763],[-85.24078,35.97676],[-85.23981,35.97658],[-85.23858,35.9773],[-85.23795,35.97852],[-85.23544,35.97937]]]}},{"type":"Feature","properties":{"kind":"minor-water","name":"Meadow Creek","ftype":460,"lengthKm":1.12,"hu8":"05130108","pid":"136990717"},"geometry":{"type":"MultiLineString","coordinates":[[[-85.1434,35.89829],[-85.14421,35.89818],[-85.14584,35.89717],[-85.14696,35.8977],[-85.14786,35.89618],[-85.14969,35.89655],[-85.15109,35.89496],[-85.15272,35.89423]]]}},{"type":"Feature","properties":{"kind":"minor-water","name":"Panter Creek","ftype":460,"lengthKm":0.07,"hu8":"05130108","pid":"136991215"},"geometry":{"type":"MultiLineString","coordinates":[[[-85.21258,35.66619],[-85.21331,35.66612]]]}},{"type":"Feature","properties":{"kind":"minor-water","name":"Meadow Creek","ftype":460,"lengthKm":0.94,"hu8":"05130108","pid":"136992532"},"geometry":{"type":"MultiLineString","coordinates":[[[-85.39431,35.59005],[-85.39474,35.58945],[-85.39458,35.58885],[-85.39276,35.58704],[-85.39101,35.58658],[-85.38986,35.58678],[-85.38891,35.58561],[-85.38798,35.58504]]]}},{"type":"Feature","properties":{"kind":"minor-water","name":"Dry Creek","ftype":460,"lengthKm":4.42,"hu8":"05130108","pid":"136990968"},"geometry":{"type":"MultiLineString","coordinates":[[[-85.33582,35.85688],[-85.33594,35.85487],[-85.33765,35.85349],[-85.33771,35.85185],[-85.3384,35.85099],[-85.33858,35.84951],[-85.3392,35.84924],[-85.33944,35.8484],[-85.34008,35.84796],[-85.3423,35.84798],[-85.34309,35.84871],[-85.34244,35.84964],[-85.34477,35.85],[-85.34537,35.84982],[-85.34627,35.84893],[-85.34714,35.84739],[-85.35038,35.84604],[-85.35124,35.84602],[-85.35207,35.84536],[-85.3521,35.84457],[-85.35273,35.84392],[-85.35302,35.84284],[-85.35407,35.84123],[-85.35504,35.84096],[-85.35667,35.83936],[-85.36087,35.83698],[-85.36108,35.83597],[-85.36188,35.83512],[-85.36184,35.83417],[-85.36277,35.83328]]]}},{"type":"Feature","properties":{"kind":"minor-water","name":"Calfkiller River","ftype":558,"lengthKm":3.85,"hu8":"05130108","pid":"136993457"},"geometry":{"type":"MultiLineString","coordinates":[[[-85.37224,36.00284],[-85.37275,36.00173],[-85.37692,36.00225],[-85.37935,36.00184],[-85.38059,36.00119],[-85.38052,36.00063],[-85.37969,35.99967],[-85.3764,35.99836],[-85.37548,35.99753],[-85.37535,35.997],[-85.3758,35.99656],[-85.37885,35.99688],[-85.38006,35.99637],[-85.37997,35.99563],[-85.37772,35.99395],[-85.37807,35.99315],[-85.3796,35.99307],[-85.38347,35.9936],[-85.38455,35.9932],[-85.38554,35.99229],[-85.38595,35.99155],[-85.38585,35.99092],[-85.38429,35.98963],[-85.38385,35.9888],[-85.38386,35.98786],[-85.38428,35.98739]]]}},{"type":"Feature","properties":{"kind":"minor-water","name":"Big Branch","ftype":460,"lengthKm":0.44,"hu8":"05130108","pid":"136991294"},"geometry":{"type":"MultiLineString","coordinates":[[[-85.12756,35.73393],[-85.12706,35.73574],[-85.12583,35.73762]]]}},{"type":"Feature","properties":{"kind":"minor-water","name":"Laurel Creek","ftype":460,"lengthKm":0.37,"hu8":"05130108","pid":"136992903"},"geometry":{"type":"MultiLineString","coordinates":[[[-85.48209,35.72623],[-85.4828,35.7267],[-85.48369,35.72837],[-85.4845,35.72869]]]}},{"type":"Feature","properties":{"kind":"minor-water","name":"Cane Creek","ftype":558,"lengthKm":1.06,"hu8":"05130108","pid":"136994635"},"geometry":{"type":"MultiLineString","coordinates":[[[-85.39174,35.75799],[-85.39142,35.75859],[-85.39177,35.76086],[-85.39133,35.76204],[-85.39291,35.76402],[-85.39301,35.76493],[-85.39448,35.76661]]]}},{"type":"Feature","properties":{"kind":"minor-water","name":"Dry Fork","ftype":558,"lengthKm":0.01,"hu8":"05130108","pid":"136994638"},"geometry":{"type":"MultiLineString","coordinates":[[[-85.39562,35.74097],[-85.3955,35.74099]]]}},{"type":"Feature","properties":{"kind":"minor-water","name":"Bee Creek","ftype":558,"lengthKm":0.35,"hu8":"05130108","pid":"136994681"},"geometry":{"type":"MultiLineString","coordinates":[[[-85.22549,35.76858],[-85.22798,35.76882],[-85.22923,35.76935]]]}},{"type":"Feature","properties":{"kind":"minor-water","name":"Bee Creek","ftype":558,"lengthKm":0.21,"hu8":"05130108","pid":"136994694"},"geometry":{"type":"MultiLineString","coordinates":[[[-85.19273,35.76614],[-85.19385,35.76446]]]}},{"type":"Feature","properties":{"kind":"minor-water","name":"Dry Fork","ftype":460,"lengthKm":1.71,"hu8":"05130108","pid":"136983619"},"geometry":{"type":"MultiLineString","coordinates":[[[-85.42127,35.72634],[-85.41882,35.72748],[-85.41754,35.72947],[-85.41494,35.73041],[-85.41336,35.73284],[-85.41168,35.73337],[-85.4107,35.73406],[-85.41055,35.73483],[-85.41157,35.73716]]]}},{"type":"Feature","properties":{"kind":"minor-water","name":"Lost Creek","ftype":460,"lengthKm":1.48,"hu8":"05130108","pid":"136984312"},"geometry":{"type":"MultiLineString","coordinates":[[[-85.36556,35.91507],[-85.36461,35.91423],[-85.36175,35.91365],[-85.36102,35.91416],[-85.35971,35.91403],[-85.3583,35.91324],[-85.35781,35.91234],[-85.35696,35.91209],[-85.35739,35.90997],[-85.35852,35.90902],[-85.35801,35.90776]]]}},{"type":"Feature","properties":{"kind":"minor-water","name":"Fox Hollow Branch","ftype":558,"lengthKm":0.01,"hu8":"05130108","pid":"136994071"},"geometry":{"type":"MultiLineString","coordinates":[[[-85.16026,35.95242],[-85.1603,35.95247]]]}},{"type":"Feature","properties":{"kind":"minor-water","name":"Wildcat Creek","ftype":558,"lengthKm":0.01,"hu8":"05130108","pid":"136994155"},"geometry":{"type":"MultiLineString","coordinates":[[[-85.43016,35.94348],[-85.4303,35.94351]]]}},{"type":"Feature","properties":{"kind":"minor-water","name":"Big Hill Branch","ftype":558,"lengthKm":0.12,"hu8":"05130108","pid":"136994749"},"geometry":{"type":"MultiLineString","coordinates":[[[-85.33239,35.73971],[-85.3335,35.73906]]]}},{"type":"Feature","properties":{"kind":"minor-water","name":"Piney Creek","ftype":460,"lengthKm":0.87,"hu8":"05130108","pid":"136990598"},"geometry":{"type":"MultiLineString","coordinates":[[[-85.41771,35.65607],[-85.41737,35.65641],[-85.41828,35.65892],[-85.41709,35.65925],[-85.41599,35.66026],[-85.41486,35.66166],[-85.41524,35.66236]]]}},{"type":"Feature","properties":{"kind":"minor-water","name":"Big Hill Branch","ftype":460,"lengthKm":0.39,"hu8":"05130108","pid":"136990022"},"geometry":{"type":"MultiLineString","coordinates":[[[-85.33611,35.73353],[-85.33518,35.73255],[-85.33613,35.73166],[-85.3363,35.73062]]]}},{"type":"Feature","properties":{"kind":"minor-water","name":"Glade Creek","ftype":460,"lengthKm":0.56,"hu8":"05130108","pid":"136990649"},"geometry":{"type":"MultiLineString","coordinates":[[[-85.25639,35.69416],[-85.25695,35.69445],[-85.2542,35.69541],[-85.25224,35.69543],[-85.25186,35.69583]]]}},{"type":"Feature","properties":{"kind":"minor-water","name":"Perry Creek","ftype":460,"lengthKm":0.49,"hu8":"05130108","pid":"136991377"},"geometry":{"type":"MultiLineString","coordinates":[[[-85.11682,35.8467],[-85.11667,35.84591],[-85.11766,35.84564],[-85.11837,35.84471],[-85.11999,35.84366]]]}},{"type":"Feature","properties":{"kind":"minor-water","name":"Bee Creek","ftype":460,"lengthKm":0.57,"hu8":"05130108","pid":"136990670"},"geometry":{"type":"MultiLineString","coordinates":[[[-85.16956,35.76326],[-85.17052,35.76379],[-85.17159,35.76359],[-85.17294,35.76194],[-85.17366,35.76314]]]}},{"type":"Feature","properties":{"kind":"minor-water","name":"Meadow Creek","ftype":460,"lengthKm":1.37,"hu8":"05130108","pid":"136990713"},"geometry":{"type":"MultiLineString","coordinates":[[[-85.17277,35.8888],[-85.17302,35.88802],[-85.17389,35.88722],[-85.17555,35.88776],[-85.17725,35.88787],[-85.17808,35.88838],[-85.17947,35.88836],[-85.1804,35.88921],[-85.17995,35.89034],[-85.18103,35.89083],[-85.18172,35.892],[-85.18302,35.89192]]]}},{"type":"Feature","properties":{"kind":"minor-water","name":"Mitchell Branch","ftype":558,"lengthKm":0.03,"hu8":"05130108","pid":"136994725"},"geometry":{"type":"MultiLineString","coordinates":[[[-85.33531,35.7524],[-85.33555,35.7522]]]}},{"type":"Feature","properties":{"kind":"minor-water","name":"Camps Gulf Branch","ftype":460,"lengthKm":2.29,"hu8":"05130108","pid":"136986687"},"geometry":{"type":"MultiLineString","coordinates":[[[-85.31162,35.72418],[-85.31253,35.72445],[-85.31363,35.72347],[-85.31577,35.72267],[-85.31772,35.72286],[-85.31877,35.72384],[-85.32037,35.72368],[-85.32185,35.72401],[-85.32164,35.72365],[-85.32208,35.72353],[-85.32339,35.72419],[-85.32491,35.72379],[-85.326,35.72548],[-85.32587,35.72616],[-85.32735,35.72707],[-85.32801,35.72954],[-85.32863,35.73057]]]}},{"type":"Feature","properties":{"kind":"minor-water","name":"Cane Creek","ftype":460,"lengthKm":2.24,"hu8":"05130108","pid":"136990633"},"geometry":{"type":"MultiLineString","coordinates":[[[-85.31881,35.59459],[-85.31637,35.59513],[-85.31374,35.59497],[-85.31264,35.5954],[-85.30741,35.59523],[-85.30668,35.59557],[-85.30711,35.59643],[-85.3078,35.59693],[-85.30841,35.59649],[-85.30905,35.59668],[-85.30933,35.5976],[-85.31013,35.59798],[-85.31007,35.59829],[-85.30926,35.59831],[-85.30821,35.59751],[-85.30642,35.59794],[-85.30425,35.59794]]]}},{"type":"Feature","properties":{"kind":"minor-water","name":"Whittaker Branch","ftype":460,"lengthKm":0.39,"hu8":"05130108","pid":"136985517"},"geometry":{"type":"MultiLineString","coordinates":[[[-85.31136,36.10806],[-85.31082,36.10791],[-85.31022,36.10722],[-85.30983,36.10626],[-85.30863,36.10564]]]}},{"type":"Feature","properties":{"kind":"minor-water","name":"Spring Creek","ftype":460,"lengthKm":2.28,"hu8":"05130108","pid":"136990816"},"geometry":{"type":"MultiLineString","coordinates":[[[-85.30309,35.74415],[-85.30319,35.74536],[-85.3046,35.74648],[-85.30419,35.74792],[-85.30501,35.74944],[-85.30483,35.75038],[-85.30427,35.75082],[-85.3045,35.7512],[-85.30409,35.7515],[-85.30424,35.75269],[-85.30274,35.75405],[-85.30114,35.75619],[-85.30053,35.75637],[-85.29931,35.75743],[-85.29866,35.75698],[-85.29776,35.75714],[-85.29718,35.75838],[-85.29745,35.76024]]]}},{"type":"Feature","properties":{"kind":"minor-water","name":"Laurel Creek","ftype":460,"lengthKm":0.47,"hu8":"05130108","pid":"136990699"},"geometry":{"type":"MultiLineString","coordinates":[[[-85.15542,35.84476],[-85.1578,35.84368],[-85.15945,35.84516]]]}},{"type":"Feature","properties":{"kind":"minor-water","name":"Farmers Creek","ftype":460,"lengthKm":0.11,"hu8":"05130108","pid":"136993014"},"geometry":{"type":"MultiLineString","coordinates":[[[-85.10536,35.81466],[-85.10558,35.81414],[-85.10615,35.8141]]]}},{"type":"Feature","properties":{"kind":"minor-water","name":"Cane Creek","ftype":558,"lengthKm":0.57,"hu8":"05130108","pid":"136994636"},"geometry":{"type":"MultiLineString","coordinates":[[[-85.39288,35.75415],[-85.3911,35.7546],[-85.39081,35.75493],[-85.39082,35.75609],[-85.39153,35.75702],[-85.39174,35.75799]]]}},{"type":"Feature","properties":{"kind":"minor-water","name":"Funnel Branch","ftype":460,"lengthKm":2.47,"hu8":"05130108","pid":"136986125"},"geometry":{"type":"MultiLineString","coordinates":[[[-85.20733,36.02838],[-85.20599,36.02739],[-85.20398,36.02654],[-85.20304,36.0257],[-85.20322,36.02376],[-85.20273,36.02302],[-85.19896,36.02211],[-85.1987,36.02155],[-85.19902,36.02027],[-85.19674,36.01795],[-85.19412,36.01602],[-85.19338,36.01456],[-85.19249,36.01419],[-85.19111,36.01296]]]}},{"type":"Feature","properties":{"kind":"minor-water","name":"Beaverdam Branch","ftype":460,"lengthKm":1.58,"hu8":"05130108","pid":"136986447"},"geometry":{"type":"MultiLineString","coordinates":[[[-85.47281,35.68646],[-85.47341,35.68643],[-85.47473,35.68766],[-85.47621,35.6874],[-85.47699,35.68804],[-85.47696,35.68954],[-85.47617,35.69273],[-85.47752,35.69315],[-85.47814,35.695],[-85.4779,35.69565],[-85.47666,35.69662]]]}},{"type":"Feature","properties":{"kind":"minor-water","name":"Cove Field Branch","ftype":460,"lengthKm":1.17,"hu8":"05130108","pid":"136992440"},"geometry":{"type":"MultiLineString","coordinates":[[[-85.19416,35.84368],[-85.19532,35.84463],[-85.19561,35.84551],[-85.194,35.85116],[-85.1944,35.85304],[-85.1948,35.85352]]]}},{"type":"Feature","properties":{"kind":"minor-water","name":"Indian Camp Branch","ftype":460,"lengthKm":1.36,"hu8":"05130108","pid":"136986493"},"geometry":{"type":"MultiLineString","coordinates":[[[-85.42742,35.70043],[-85.42776,35.70208],[-85.42755,35.703],[-85.42639,35.70493],[-85.42476,35.70646],[-85.42133,35.70725],[-85.42009,35.70652],[-85.41848,35.70626]]]}},{"type":"Feature","properties":{"kind":"minor-water","name":"Big Hill Branch","ftype":460,"lengthKm":0.7,"hu8":"05130108","pid":"136990020"},"geometry":{"type":"MultiLineString","coordinates":[[[-85.3335,35.73906],[-85.33504,35.73677],[-85.33424,35.73552],[-85.33609,35.73455],[-85.33636,35.73412]]]}},{"type":"Feature","properties":{"kind":"minor-water","name":"Bridge Creek","ftype":460,"lengthKm":0.98,"hu8":"05130108","pid":"136991176"},"geometry":{"type":"MultiLineString","coordinates":[[[-85.24997,36.093],[-85.25047,36.0919],[-85.25172,36.09082],[-85.25181,36.08994],[-85.25042,36.08676],[-85.24862,36.08551]]]}},{"type":"Feature","properties":{"kind":"minor-water","name":"Whittaker Branch","ftype":460,"lengthKm":0.67,"hu8":"05130108","pid":"136991185"},"geometry":{"type":"MultiLineString","coordinates":[[[-85.29936,36.13045],[-85.30016,36.12875],[-85.30185,36.12709],[-85.30241,36.12506]]]}},{"type":"Feature","properties":{"kind":"minor-water","name":"Millstone Branch","ftype":460,"lengthKm":0.54,"hu8":"05130108","pid":"136992909"},"geometry":{"type":"MultiLineString","coordinates":[[[-85.44269,35.75692],[-85.44021,35.75963],[-85.44009,35.76015],[-85.43948,35.76017],[-85.4393,35.76059]]]}},{"type":"Feature","properties":{"kind":"minor-water","name":"Short Creek","ftype":460,"lengthKm":0.84,"hu8":"05130108","pid":"136992936"},"geometry":{"type":"MultiLineString","coordinates":[[[-85.24869,35.82411],[-85.24843,35.82485],[-85.24764,35.82521],[-85.24669,35.82742],[-85.24542,35.82793],[-85.24299,35.82956]]]}},{"type":"Feature","properties":{"kind":"minor-water","name":"Cane Creek","ftype":460,"lengthKm":0.29,"hu8":"05130108","pid":"136990628"},"geometry":{"type":"MultiLineString","coordinates":[[[-85.31956,35.6202],[-85.31909,35.62163],[-85.31968,35.62264]]]}},{"type":"Feature","properties":{"kind":"minor-water","name":"Laurel Creek","ftype":460,"lengthKm":0.07,"hu8":"05130108","pid":"136990696"},"geometry":{"type":"MultiLineString","coordinates":[[[-85.15835,35.85661],[-85.1582,35.8572]]]}},{"type":"Feature","properties":{"kind":"minor-water","name":"Glade Creek","ftype":558,"lengthKm":1.29,"hu8":"05130108","pid":"136994004"},"geometry":{"type":"MultiLineString","coordinates":[[[-85.26794,35.7231],[-85.26731,35.72442],[-85.26645,35.72517],[-85.26636,35.72588],[-85.2678,35.72675],[-85.27006,35.72693],[-85.27095,35.72815],[-85.26979,35.72949],[-85.26845,35.72981],[-85.26763,35.73045]]]}},{"type":"Feature","properties":{"kind":"minor-water","name":"Gentry Creek","ftype":460,"lengthKm":0.3,"hu8":"05130108","pid":"136992953"},"geometry":{"type":"MultiLineString","coordinates":[[[-85.1626,35.90584],[-85.16383,35.90576],[-85.16569,35.9066]]]}},{"type":"Feature","properties":{"kind":"minor-water","name":"Cane Creek","ftype":558,"lengthKm":1.54,"hu8":"05130108","pid":"136994634"},"geometry":{"type":"MultiLineString","coordinates":[[[-85.39448,35.76661],[-85.39492,35.76676],[-85.39596,35.76617],[-85.39665,35.76629],[-85.39885,35.76874],[-85.39984,35.77035],[-85.40348,35.7719],[-85.40472,35.77275],[-85.40533,35.7734],[-85.40534,35.77436],[-85.40573,35.77482]]]}},{"type":"Feature","properties":{"kind":"minor-water","name":"Piney Creek","ftype":460,"lengthKm":1.54,"hu8":"05130108","pid":"136990609"},"geometry":{"type":"MultiLineString","coordinates":[[[-85.41866,35.6008],[-85.41825,35.60134],[-85.4192,35.60342],[-85.41888,35.6042],[-85.41954,35.60477],[-85.41914,35.60582],[-85.41948,35.60682],[-85.42135,35.60821],[-85.42273,35.60861],[-85.42359,35.61056],[-85.42456,35.61126],[-85.42488,35.61206]]]}},{"type":"Feature","properties":{"kind":"minor-water","name":"Maple Branch","ftype":460,"lengthKm":0.9,"hu8":"05130108","pid":"136991487"},"geometry":{"type":"MultiLineString","coordinates":[[[-85.24669,35.96787],[-85.24647,35.96852],[-85.24713,35.97055],[-85.24572,35.97271],[-85.24565,35.97377],[-85.24499,35.97403],[-85.24431,35.97512]]]}},{"type":"Feature","properties":{"kind":"minor-water","name":"Puncheoncamp Creek","ftype":460,"lengthKm":0.52,"hu8":"05130108","pid":"136991080"},"geometry":{"type":"MultiLineString","coordinates":[[[-85.21668,35.83495],[-85.21791,35.83477],[-85.21984,35.8335],[-85.22183,35.83389]]]}},{"type":"Feature","properties":{"kind":"minor-water","name":"Thompson Creek","ftype":460,"lengthKm":0.53,"hu8":"05130108","pid":"136991201"},"geometry":{"type":"MultiLineString","coordinates":[[[-85.22898,35.64911],[-85.23059,35.64965],[-85.23162,35.64956],[-85.23216,35.65091],[-85.23334,35.65136]]]}},{"type":"Feature","properties":{"kind":"minor-water","name":"Cane Creek","ftype":558,"lengthKm":0.04,"hu8":"05130108","pid":"136994817"},"geometry":{"type":"MultiLineString","coordinates":[[[-85.35009,35.66325],[-85.34971,35.66342]]]}},{"type":"Feature","properties":{"kind":"minor-water","name":"Camps Gulf Branch","ftype":460,"lengthKm":0.92,"hu8":"05130108","pid":"136986682"},"geometry":{"type":"MultiLineString","coordinates":[[[-85.32863,35.73057],[-85.33087,35.73018],[-85.33183,35.73071],[-85.33314,35.73044],[-85.33327,35.73194],[-85.33429,35.73118],[-85.33525,35.73115],[-85.3363,35.73062]]]}},{"type":"Feature","properties":{"kind":"minor-water","name":"Calfkiller River","ftype":460,"lengthKm":1.72,"hu8":"05130108","pid":"136990756"},"geometry":{"type":"MultiLineString","coordinates":[[[-85.3194,36.09472],[-85.31984,36.09323],[-85.31991,36.09106],[-85.3194,36.09047],[-85.31782,36.08988],[-85.31774,36.08943],[-85.31939,36.08776],[-85.32093,36.0869],[-85.32221,36.0867],[-85.32316,36.08569],[-85.32492,36.08487],[-85.32587,36.08349]]]}},{"type":"Feature","properties":{"kind":"minor-water","name":"Little Laurel Creek","ftype":460,"lengthKm":0.3,"hu8":"05130108","pid":"136991039"},"geometry":{"type":"MultiLineString","coordinates":[[[-85.32766,35.83631],[-85.32891,35.8356],[-85.32959,35.83556],[-85.33006,35.83471]]]}},{"type":"Feature","properties":{"kind":"minor-water","name":"Potts Creek","ftype":460,"lengthKm":0.58,"hu8":"05130108","pid":"136991072"},"geometry":{"type":"MultiLineString","coordinates":[[[-85.15584,35.87954],[-85.1573,35.87953],[-85.15791,35.87987],[-85.16092,35.87914],[-85.16201,35.87943]]]}},{"type":"Feature","properties":{"kind":"minor-water","name":"Caney Fork","ftype":558,"lengthKm":0.12,"hu8":"05130108","pid":"136994037"},"geometry":{"type":"MultiLineString","coordinates":[[[-85.19292,35.92469],[-85.19409,35.9241]]]}},{"type":"Feature","properties":{"kind":"minor-water","name":"Bee Creek","ftype":460,"lengthKm":0.33,"hu8":"05130108","pid":"136990671"},"geometry":{"type":"MultiLineString","coordinates":[[[-85.16826,35.76081],[-85.16862,35.76144],[-85.16841,35.76255],[-85.16956,35.76326]]]}},{"type":"Feature","properties":{"kind":"minor-water","name":"Beaverdam Creek","ftype":460,"lengthKm":0.27,"hu8":"05130108","pid":"136992791"},"geometry":{"type":"MultiLineString","coordinates":[[[-85.19034,35.67693],[-85.1902,35.67806],[-85.19069,35.6793]]]}},{"type":"Feature","properties":{"kind":"minor-water","name":"Big Branch","ftype":460,"lengthKm":0.35,"hu8":"05130108","pid":"136991293"},"geometry":{"type":"MultiLineString","coordinates":[[[-85.12583,35.73762],[-85.12551,35.73863],[-85.12586,35.73962],[-85.1257,35.74068]]]}},{"type":"Feature","properties":{"kind":"minor-water","name":"Dry Fork","ftype":460,"lengthKm":0.05,"hu8":"05130108","pid":"136983652"},"geometry":{"type":"MultiLineString","coordinates":[[[-85.44704,35.71684],[-85.44647,35.71685]]]}},{"type":"Feature","properties":{"kind":"minor-water","name":"Slaytons Fork","ftype":460,"lengthKm":0.89,"hu8":"05130108","pid":"136991533"},"geometry":{"type":"MultiLineString","coordinates":[[[-85.36653,35.61865],[-85.3658,35.61852],[-85.36572,35.61791],[-85.36502,35.61814],[-85.36397,35.6178],[-85.36333,35.61706],[-85.36313,35.6162],[-85.36135,35.61585],[-85.36102,35.6151],[-85.35995,35.6143]]]}},{"type":"Feature","properties":{"kind":"minor-water","name":"Brady Branch","ftype":460,"lengthKm":0.22,"hu8":"05130108","pid":"136985512"},"geometry":{"type":"MultiLineString","coordinates":[[[-85.24607,36.12341],[-85.24689,36.12375],[-85.24837,36.12384]]]}},{"type":"Feature","properties":{"kind":"minor-water","name":"Cane Creek","ftype":460,"lengthKm":0.07,"hu8":"05130108","pid":"136990620"},"geometry":{"type":"MultiLineString","coordinates":[[[-85.34357,35.64673],[-85.34349,35.64737]]]}},{"type":"Feature","properties":{"kind":"minor-water","name":"Laurel Creek","ftype":460,"lengthKm":0.35,"hu8":"05130108","pid":"136990688"},"geometry":{"type":"MultiLineString","coordinates":[[[-85.18149,35.8698],[-85.18307,35.87268]]]}},{"type":"Feature","properties":{"kind":"minor-water","name":"Beam Creek","ftype":460,"lengthKm":1.63,"hu8":"05130108","pid":"136990736"},"geometry":{"type":"MultiLineString","coordinates":[[[-85.14156,35.97369],[-85.14176,35.97267],[-85.14304,35.97196],[-85.14465,35.96987],[-85.14484,35.96847],[-85.14341,35.96651],[-85.14382,35.96614],[-85.14558,35.96568],[-85.14537,35.96385],[-85.14676,35.96275],[-85.14635,35.96202]]]}},{"type":"Feature","properties":{"kind":"minor-water","name":"Little Beaverdam Creek","ftype":460,"lengthKm":0.37,"hu8":"05130108","pid":"136991267"},"geometry":{"type":"MultiLineString","coordinates":[[[-85.17204,35.7231],[-85.17242,35.72312],[-85.17295,35.72209],[-85.17287,35.7213],[-85.17372,35.72046]]]}},{"type":"Feature","properties":{"kind":"minor-water","name":"Gardner Creek","ftype":460,"lengthKm":2.49,"hu8":"05130108","pid":"136991547"},"geometry":{"type":"MultiLineString","coordinates":[[[-85.31568,35.56506],[-85.31673,35.56578],[-85.31848,35.5663],[-85.31883,35.56757],[-85.32006,35.56759],[-85.32095,35.56679],[-85.32137,35.56681],[-85.32203,35.56839],[-85.3238,35.56975],[-85.32534,35.57028],[-85.3276,35.57179],[-85.33198,35.5734],[-85.33453,35.57637],[-85.33569,35.57694]]]}},{"type":"Feature","properties":{"kind":"minor-water","name":"Caney Fork","ftype":460,"lengthKm":0.16,"hu8":"05130108","pid":"136989933"},"geometry":{"type":"MultiLineString","coordinates":[[[-85.1712,36.03534],[-85.17211,36.03558],[-85.17295,36.03538]]]}},{"type":"Feature","properties":{"kind":"minor-water","name":"Caney Fork","ftype":558,"lengthKm":0.47,"hu8":"05130108","pid":"136994047"},"geometry":{"type":"MultiLineString","coordinates":[[[-85.15593,35.95785],[-85.15646,35.95685],[-85.1583,35.95584],[-85.15917,35.95467]]]}},{"type":"Feature","properties":{"kind":"minor-water","name":"Pokepatch Creek","ftype":558,"lengthKm":0.01,"hu8":"05130108","pid":"136994072"},"geometry":{"type":"MultiLineString","coordinates":[[[-85.18061,35.94372],[-85.18053,35.94365]]]}},{"type":"Feature","properties":{"kind":"minor-water","name":"Cane Creek","ftype":558,"lengthKm":0.59,"hu8":"05130108","pid":"136994643"},"geometry":{"type":"MultiLineString","coordinates":[[[-85.38286,35.71097],[-85.38626,35.71271],[-85.38678,35.71364],[-85.38683,35.7147]]]}},{"type":"Feature","properties":{"kind":"minor-water","name":"Gastens Branch","ftype":460,"lengthKm":0.14,"hu8":"05130108","pid":"136984048"},"geometry":{"type":"MultiLineString","coordinates":[[[-85.32383,35.80989],[-85.32535,35.81022]]]}},{"type":"Feature","properties":{"kind":"minor-water","name":"Cherry Creek","ftype":460,"lengthKm":3.43,"hu8":"05130108","pid":"136990942"},"geometry":{"type":"MultiLineString","coordinates":[[[-85.43278,36.00421],[-85.4302,36.00153],[-85.42771,36.00038],[-85.42652,36.00018],[-85.42653,35.99805],[-85.42516,35.99755],[-85.42492,35.9966],[-85.4231,35.99602],[-85.42285,35.9943],[-85.42124,35.99444],[-85.41985,35.99533],[-85.41938,35.99482],[-85.41923,35.9931],[-85.41776,35.99314],[-85.41823,35.99115],[-85.41945,35.99004],[-85.41784,35.98856],[-85.41819,35.9881],[-85.41965,35.98749],[-85.41949,35.98666],[-85.42014,35.98597],[-85.41926,35.98508]]]}},{"type":"Feature","properties":{"kind":"minor-water","name":"Glade Creek","ftype":460,"lengthKm":0.67,"hu8":"05130108","pid":"136990662"},"geometry":{"type":"MultiLineString","coordinates":[[[-85.24158,35.63574],[-85.24165,35.63676],[-85.24252,35.63743],[-85.24169,35.63773],[-85.24211,35.63915],[-85.24206,35.64097]]]}},{"type":"Feature","properties":{"kind":"minor-water","name":"Doe Creek","ftype":460,"lengthKm":1.04,"hu8":"05130108","pid":"136990961"},"geometry":{"type":"MultiLineString","coordinates":[[[-85.32826,35.98183],[-85.32827,35.983],[-85.32929,35.98384],[-85.33022,35.98645],[-85.32986,35.98787],[-85.33011,35.98922],[-85.3312,35.99041]]]}},{"type":"Feature","properties":{"kind":"minor-water","name":"Mud Branch","ftype":460,"lengthKm":1.97,"hu8":"05130108","pid":"136991504"},"geometry":{"type":"MultiLineString","coordinates":[[[-85.20267,35.93834],[-85.20146,35.93734],[-85.20111,35.93631],[-85.20009,35.93569],[-85.19948,35.93465],[-85.19838,35.93426],[-85.19584,35.93205],[-85.19553,35.93072],[-85.19384,35.92941],[-85.19423,35.92787],[-85.1925,35.92719],[-85.19225,35.92659],[-85.19312,35.92565],[-85.19301,35.92474]]]}},{"type":"Feature","properties":{"kind":"minor-water","name":"Little Laurel Creek","ftype":460,"lengthKm":1.5,"hu8":"05130108","pid":"136992992"},"geometry":{"type":"MultiLineString","coordinates":[[[-85.17999,35.78431],[-85.18028,35.78379],[-85.17975,35.78271],[-85.18041,35.7822],[-85.18016,35.78157],[-85.18111,35.7811],[-85.18148,35.78014],[-85.18266,35.78032],[-85.18308,35.77997],[-85.18231,35.7787],[-85.18309,35.77736],[-85.18413,35.77789],[-85.18515,35.77744],[-85.18497,35.77859],[-85.18617,35.77844]]]}},{"type":"Feature","properties":{"kind":"minor-water","name":"Caney Fork","ftype":558,"lengthKm":0.04,"hu8":"05130108","pid":"136993983"},"geometry":{"type":"MultiLineString","coordinates":[[[-85.30047,35.82412],[-85.30081,35.8239]]]}},{"type":"Feature","properties":{"kind":"minor-water","name":"Gastens Branch","ftype":460,"lengthKm":2.28,"hu8":"05130108","pid":"136984043"},"geometry":{"type":"MultiLineString","coordinates":[[[-85.32535,35.81022],[-85.32656,35.81118],[-85.32703,35.81116],[-85.32888,35.81218],[-85.33052,35.81445],[-85.33253,35.8156],[-85.33326,35.81771],[-85.33439,35.81898],[-85.33456,35.81977],[-85.33569,35.8205],[-85.33598,35.82147],[-85.3367,35.82226],[-85.33676,35.82503],[-85.33802,35.82652]]]}},{"type":"Feature","properties":{"kind":"minor-water","name":"Cane Creek","ftype":460,"lengthKm":0.32,"hu8":"05130108","pid":"136990590"},"geometry":{"type":"MultiLineString","coordinates":[[[-85.38096,35.7087],[-85.38255,35.70953],[-85.38281,35.71089]]]}},{"type":"Feature","properties":{"kind":"minor-water","name":"Potts Creek","ftype":460,"lengthKm":0.8,"hu8":"05130108","pid":"136990209"},"geometry":{"type":"MultiLineString","coordinates":[[[-85.1341,35.87209],[-85.13696,35.87507],[-85.13953,35.87558],[-85.14098,35.87513]]]}},{"type":"Feature","properties":{"kind":"minor-water","name":"Bee Creek","ftype":460,"lengthKm":0.89,"hu8":"05130108","pid":"136990679"},"geometry":{"type":"MultiLineString","coordinates":[[[-85.11417,35.77658],[-85.11532,35.77624],[-85.11701,35.77501],[-85.11824,35.77452],[-85.12059,35.77165],[-85.12078,35.77102]]]}},{"type":"Feature","properties":{"kind":"minor-water","name":"Laurel Creek","ftype":460,"lengthKm":1.44,"hu8":"05130108","pid":"136990687"},"geometry":{"type":"MultiLineString","coordinates":[[[-85.18307,35.87268],[-85.18308,35.87331],[-85.18209,35.87392],[-85.18201,35.87483],[-85.1839,35.876],[-85.18608,35.87857],[-85.18607,35.87927],[-85.18434,35.88036],[-85.18433,35.88201],[-85.18559,35.88264]]]}},{"type":"Feature","properties":{"kind":"minor-water","name":"Samples Fork","ftype":460,"lengthKm":1.38,"hu8":"05130108","pid":"136991098"},"geometry":{"type":"MultiLineString","coordinates":[[[-85.46167,35.60941],[-85.46266,35.6105],[-85.46538,35.6103],[-85.46575,35.60955],[-85.46676,35.6092],[-85.46772,35.60807],[-85.46867,35.60836],[-85.46946,35.60787],[-85.47064,35.60775],[-85.47159,35.60649],[-85.47327,35.60553]]]}},{"type":"Feature","properties":{"kind":"minor-water","name":"Glade Creek","ftype":460,"lengthKm":1.13,"hu8":"05130108","pid":"136991165"},"geometry":{"type":"MultiLineString","coordinates":[[[-85.26532,36.00249],[-85.26806,36.00601],[-85.26761,36.00845],[-85.26827,36.00964],[-85.26908,36.0101],[-85.26945,36.01147]]]}},{"type":"Feature","properties":{"kind":"minor-water","name":"Glade Creek","ftype":558,"lengthKm":1.07,"hu8":"05130108","pid":"136994000"},"geometry":{"type":"MultiLineString","coordinates":[[[-85.26795,35.74776],[-85.26605,35.74651],[-85.26554,35.74646],[-85.26498,35.74696],[-85.26521,35.74889],[-85.26495,35.74996],[-85.26433,35.75022],[-85.26286,35.75007],[-85.26198,35.75064],[-85.26106,35.75037]]]}},{"type":"Feature","properties":{"kind":"minor-water","name":"Caney Fork","ftype":558,"lengthKm":1.2,"hu8":"05130108","pid":"136993976"},"geometry":{"type":"MultiLineString","coordinates":[[[-85.33943,35.82624],[-85.34013,35.82571],[-85.34187,35.82291],[-85.3435,35.82237],[-85.34599,35.82093],[-85.34971,35.8209]]]}},{"type":"Feature","properties":{"kind":"minor-water","name":"Jack Branch","ftype":460,"lengthKm":0.52,"hu8":"05130108","pid":"136990447"},"geometry":{"type":"MultiLineString","coordinates":[[[-85.30247,35.70055],[-85.29972,35.70055],[-85.2985,35.69997],[-85.29755,35.70008],[-85.29696,35.69981]]]}},{"type":"Feature","properties":{"kind":"minor-water","name":"Dugger Branch","ftype":460,"lengthKm":0.92,"hu8":"05130108","pid":"136991083"},"geometry":{"type":"MultiLineString","coordinates":[[[-85.20464,35.84044],[-85.20582,35.84064],[-85.20625,35.83976],[-85.20713,35.83939],[-85.2083,35.83795],[-85.21003,35.83737],[-85.21062,35.83773],[-85.21267,35.83739]]]}},{"type":"Feature","properties":{"kind":"minor-water","name":"Bee Creek","ftype":460,"lengthKm":2.28,"hu8":"05130108","pid":"136990674"},"geometry":{"type":"MultiLineString","coordinates":[[[-85.14336,35.76857],[-85.1438,35.7696],[-85.14499,35.77016],[-85.14457,35.77103],[-85.14502,35.77207],[-85.14633,35.77217],[-85.14729,35.77132],[-85.14726,35.76967],[-85.14936,35.76804],[-85.15073,35.76639],[-85.15329,35.76596],[-85.15508,35.76682],[-85.15632,35.76499],[-85.15876,35.76583]]]}},{"type":"Feature","properties":{"kind":"minor-water","name":"Stamps Hollow Creek","ftype":460,"lengthKm":1.43,"hu8":"05130108","pid":"136990762"},"geometry":{"type":"MultiLineString","coordinates":[[[-85.25854,36.14521],[-85.25968,36.14403],[-85.2613,36.14336],[-85.26118,36.14281],[-85.26177,36.14202],[-85.26139,36.14075],[-85.26171,36.14054],[-85.26328,36.14108],[-85.26383,36.13983],[-85.26488,36.13919],[-85.26627,36.13886],[-85.26684,36.13788],[-85.2677,36.13751]]]}},{"type":"Feature","properties":{"kind":"minor-water","name":"Short Creek","ftype":460,"lengthKm":0.17,"hu8":"05130108","pid":"136992413"},"geometry":{"type":"MultiLineString","coordinates":[[[-85.24996,35.82292],[-85.24869,35.82411]]]}},{"type":"Feature","properties":{"kind":"minor-water","name":"Big Branch","ftype":460,"lengthKm":0.48,"hu8":"05130108","pid":"136992434"},"geometry":{"type":"MultiLineString","coordinates":[[[-85.15606,35.92002],[-85.15832,35.92153],[-85.15956,35.92316]]]}},{"type":"Feature","properties":{"kind":"minor-water","name":"Calfkiller River","ftype":558,"lengthKm":2.6,"hu8":"05130108","pid":"136994151"},"geometry":{"type":"MultiLineString","coordinates":[[[-85.41679,35.95807],[-85.41684,35.95715],[-85.41897,35.95434],[-85.41935,35.95142],[-85.42022,35.95042],[-85.42173,35.95009],[-85.42521,35.95088],[-85.42912,35.95063],[-85.42991,35.95027],[-85.42929,35.94638],[-85.4303,35.94351]]]}},{"type":"Feature","properties":{"kind":"minor-water","name":"Puncheoncamp Creek","ftype":558,"lengthKm":0.01,"hu8":"05130108","pid":"136994057"},"geometry":{"type":"MultiLineString","coordinates":[[[-85.24859,35.85471],[-85.24872,35.85471]]]}},{"type":"Feature","properties":{"kind":"minor-water","name":"Cowen Branch","ftype":460,"lengthKm":0.3,"hu8":"05130108","pid":"136992660"},"geometry":{"type":"MultiLineString","coordinates":[[[-85.1562,35.74812],[-85.15657,35.74918],[-85.15823,35.75007]]]}},{"type":"Feature","properties":{"kind":"minor-water","name":"Caney Fork","ftype":558,"lengthKm":0.14,"hu8":"05130108","pid":"136994090"},"geometry":{"type":"MultiLineString","coordinates":[[[-85.4072,35.83208],[-85.40874,35.83199]]]}},{"type":"Feature","properties":{"kind":"minor-water","name":"Little Laurel Creek","ftype":460,"lengthKm":0.6,"hu8":"05130108","pid":"136992999"},"geometry":{"type":"MultiLineString","coordinates":[[[-85.16018,35.79842],[-85.16237,35.79822],[-85.16293,35.79753],[-85.16385,35.79718],[-85.1638,35.79662],[-85.16504,35.79561]]]}},{"type":"Feature","properties":{"kind":"minor-water","name":"Fall Creek","ftype":460,"lengthKm":0.03,"hu8":"05130108","pid":"136993049"},"geometry":{"type":"MultiLineString","coordinates":[[[-85.35833,35.66215],[-85.35822,35.66245]]]}},{"type":"Feature","properties":{"kind":"minor-water","name":"Camps Gulf Branch","ftype":460,"lengthKm":1.03,"hu8":"05130108","pid":"136986668"},"geometry":{"type":"MultiLineString","coordinates":[[[-85.35426,35.73502],[-85.35703,35.73665],[-85.36089,35.73751],[-85.3622,35.73856],[-85.36426,35.73896]]]}},{"type":"Feature","properties":{"kind":"minor-water","name":"Hunter Cove","ftype":460,"lengthKm":1.07,"hu8":"05130108","pid":"136990404"},"geometry":{"type":"MultiLineString","coordinates":[[[-85.40991,36.09571],[-85.41063,36.09634],[-85.41334,36.09757],[-85.41314,36.09823],[-85.41355,36.09961],[-85.41467,36.10071],[-85.41418,36.10338]]]}},{"type":"Feature","properties":{"kind":"minor-water","name":"Laurel Creek","ftype":460,"lengthKm":1.8,"hu8":"05130108","pid":"136990683"},"geometry":{"type":"MultiLineString","coordinates":[[[-85.18302,35.89192],[-85.18324,35.8933],[-85.18416,35.89369],[-85.18504,35.89361],[-85.18568,35.89302],[-85.18679,35.89304],[-85.18955,35.89433],[-85.19079,35.89387],[-85.19159,35.89211],[-85.19253,35.89222],[-85.19277,35.893],[-85.19218,35.89399],[-85.19222,35.89478],[-85.19385,35.89608],[-85.19414,35.89674]]]}},{"type":"Feature","properties":{"kind":"minor-water","name":"Falling Water River","ftype":460,"lengthKm":2.83,"hu8":"05130108","pid":"136990765"},"geometry":{"type":"MultiLineString","coordinates":[[[-85.36096,36.14575],[-85.36157,36.14573],[-85.36427,36.14691],[-85.36578,36.14874],[-85.36826,36.15033],[-85.36907,36.15027],[-85.37144,36.14897],[-85.3737,36.14966],[-85.37691,36.15017],[-85.37797,36.15069],[-85.38026,36.15326],[-85.38135,36.15674],[-85.38215,36.15754],[-85.38267,36.15889]]]}},{"type":"Feature","properties":{"kind":"minor-water","name":"Little Cane Creek","ftype":460,"lengthKm":0.8,"hu8":"05130108","pid":"136991323"},"geometry":{"type":"MultiLineString","coordinates":[[[-85.20798,35.78795],[-85.20929,35.78869],[-85.21089,35.78835],[-85.21196,35.78906],[-85.21275,35.78871],[-85.21343,35.78749],[-85.21398,35.78756],[-85.21467,35.78834]]]}},{"type":"Feature","properties":{"kind":"minor-water","name":"Fox Thicket Creek","ftype":460,"lengthKm":0.75,"hu8":"05130108","pid":"136990640"},"geometry":{"type":"MultiLineString","coordinates":[[[-85.36409,35.55975],[-85.36196,35.55978],[-85.36067,35.56155],[-85.36148,35.56172],[-85.36144,35.56218],[-85.3597,35.56336]]]}},{"type":"Feature","properties":{"kind":"minor-water","name":"Mill Creek","ftype":460,"lengthKm":3.13,"hu8":"05130108","pid":"136991189"},"geometry":{"type":"MultiLineString","coordinates":[[[-85.35542,36.10978],[-85.35824,36.10915],[-85.36,36.10922],[-85.36274,36.10886],[-85.36279,36.10758],[-85.36226,36.10699],[-85.36259,36.1057],[-85.36126,36.10283],[-85.36289,36.10015],[-85.36382,36.09968],[-85.36544,36.09608],[-85.36345,36.09141],[-85.36068,36.08928]]]}},{"type":"Feature","properties":{"kind":"minor-water","name":"Gunstock Branch","ftype":558,"lengthKm":0.01,"hu8":"05130108","pid":"136994079"},"geometry":{"type":"MultiLineString","coordinates":[[[-85.25891,35.83984],[-85.25888,35.83974]]]}},{"type":"Feature","properties":{"kind":"minor-water","name":"Cane Creek","ftype":558,"lengthKm":0.07,"hu8":"05130108","pid":"136994767"},"geometry":{"type":"MultiLineString","coordinates":[[[-85.38027,35.70817],[-85.38071,35.70864]]]}},{"type":"Feature","properties":{"kind":"minor-water","name":"Wheeler Branch","ftype":460,"lengthKm":0.6,"hu8":"05130108","pid":"136991220"},"geometry":{"type":"MultiLineString","coordinates":[[[-85.22695,35.67666],[-85.22771,35.67622],[-85.23053,35.67616],[-85.23064,35.67569],[-85.23109,35.67606],[-85.23206,35.67553],[-85.23251,35.67569]]]}},{"type":"Feature","properties":{"kind":"minor-water","name":"Lick Branch","ftype":460,"lengthKm":0.08,"hu8":"05130108","pid":"136986048"},"geometry":{"type":"MultiLineString","coordinates":[[[-85.13836,35.93098],[-85.13753,35.93118]]]}},{"type":"Feature","properties":{"kind":"minor-water","name":"Clifty Creek","ftype":460,"lengthKm":0.58,"hu8":"05130108","pid":"136990744"},"geometry":{"type":"MultiLineString","coordinates":[[[-85.24651,35.88073],[-85.2454,35.88089],[-85.24485,35.8802],[-85.24528,35.87673]]]}},{"type":"Feature","properties":{"kind":"minor-water","name":"Farmers Creek","ftype":460,"lengthKm":0.39,"hu8":"05130108","pid":"136990712"},"geometry":{"type":"MultiLineString","coordinates":[[[-85.12051,35.80822],[-85.12242,35.80916],[-85.12449,35.80946]]]}},{"type":"Feature","properties":{"kind":"minor-water","name":"Devil Creek","ftype":460,"lengthKm":0.76,"hu8":"05130108","pid":"136991173"},"geometry":{"type":"MultiLineString","coordinates":[[[-85.21793,36.0515],[-85.21843,36.0507],[-85.2187,36.04925],[-85.21942,36.04865],[-85.22027,36.04829],[-85.22379,36.0482]]]}},{"type":"Feature","properties":{"kind":"minor-water","name":"Meadow Creek","ftype":460,"lengthKm":0.31,"hu8":"05130108","pid":"136990729"},"geometry":{"type":"MultiLineString","coordinates":[[[-85.10323,35.90841],[-85.10368,35.90833],[-85.10406,35.90782],[-85.10615,35.90708]]]}},{"type":"Feature","properties":{"kind":"minor-water","name":"Henderson Branch","ftype":460,"lengthKm":0.48,"hu8":"05130108","pid":"136991359"},"geometry":{"type":"MultiLineString","coordinates":[[[-85.15329,35.82079],[-85.15063,35.82088],[-85.14957,35.82159],[-85.14905,35.8225]]]}},{"type":"Feature","properties":{"kind":"minor-water","name":"Simms Branch","ftype":558,"lengthKm":0.01,"hu8":"05130108","pid":"136993468"},"geometry":{"type":"MultiLineString","coordinates":[[[-85.38426,35.98732],[-85.38428,35.98739]]]}},{"type":"Feature","properties":{"kind":"minor-water","name":"Mill Creek","ftype":460,"lengthKm":1.44,"hu8":"05130108","pid":"136991187"},"geometry":{"type":"MultiLineString","coordinates":[[[-85.33729,36.09049],[-85.33375,36.08826],[-85.33011,36.0878],[-85.32938,36.08747],[-85.32797,36.08552],[-85.32815,36.08404],[-85.32587,36.08349]]]}},{"type":"Feature","properties":{"kind":"minor-water","name":"Caney Fork","ftype":558,"lengthKm":0.38,"hu8":"05130108","pid":"136994029"},"geometry":{"type":"MultiLineString","coordinates":[[[-85.19113,35.89897],[-85.19213,35.89749],[-85.19411,35.89681]]]}},{"type":"Feature","properties":{"kind":"minor-water","name":"Millstone Branch","ftype":558,"lengthKm":0.02,"hu8":"05130108","pid":"136994645"},"geometry":{"type":"MultiLineString","coordinates":[[[-85.40484,35.78242],[-85.40469,35.78232]]]}},{"type":"Feature","properties":{"kind":"minor-water","name":"Cane Creek","ftype":558,"lengthKm":0.05,"hu8":"05130108","pid":"136994768"},"geometry":{"type":"MultiLineString","coordinates":[[[-85.38002,35.70779],[-85.38027,35.70817]]]}},{"type":"Feature","properties":{"kind":"minor-water","name":"Dry Fork","ftype":460,"lengthKm":0.93,"hu8":"05130108","pid":"136983677"},"geometry":{"type":"MultiLineString","coordinates":[[[-85.49997,35.68644],[-85.49816,35.68622],[-85.49711,35.68539],[-85.49668,35.68549],[-85.49751,35.68816],[-85.49634,35.68886],[-85.49643,35.69021]]]}},{"type":"Feature","properties":{"kind":"minor-water","name":"Slaytons Fork","ftype":460,"lengthKm":1.02,"hu8":"05130108","pid":"136992966"},"geometry":{"type":"MultiLineString","coordinates":[[[-85.39387,35.61981],[-85.39247,35.61974],[-85.3914,35.62021],[-85.39066,35.62005],[-85.38959,35.61947],[-85.3877,35.61906],[-85.38726,35.61858],[-85.38511,35.61776],[-85.38393,35.61693]]]}},{"type":"Feature","properties":{"kind":"minor-water","name":"Yellow Cliff Creek","ftype":460,"lengthKm":0.24,"hu8":"05130108","pid":"136985373"},"geometry":{"type":"MultiLineString","coordinates":[[[-85.24734,36.02091],[-85.24791,36.02158],[-85.24934,36.02227]]]}},{"type":"Feature","properties":{"kind":"minor-water","name":"Bob Creek","ftype":460,"lengthKm":0.39,"hu8":"05130108","pid":"136990645"},"geometry":{"type":"MultiLineString","coordinates":[[[-85.38569,35.55742],[-85.38311,35.56025]]]}},{"type":"Feature","properties":{"kind":"minor-water","name":"Sandy Creek","ftype":460,"lengthKm":0.88,"hu8":"05130108","pid":"136991478"},"geometry":{"type":"MultiLineString","coordinates":[[[-85.21924,36.00206],[-85.21844,36.00214],[-85.21837,36.00154],[-85.21783,36.00151],[-85.21702,36.00066],[-85.21655,35.99842],[-85.21487,35.99592]]]}},{"type":"Feature","properties":{"kind":"minor-water","name":"Little Beaverdam Creek","ftype":460,"lengthKm":0.77,"hu8":"05130108","pid":"136991272"},"geometry":{"type":"MultiLineString","coordinates":[[[-85.14288,35.72627],[-85.14399,35.72604],[-85.14481,35.72484],[-85.14532,35.72465],[-85.14656,35.72468],[-85.14785,35.72432],[-85.14882,35.72487],[-85.15018,35.72462]]]}},{"type":"Feature","properties":{"kind":"minor-water","name":"Deer Hollow Branch","ftype":460,"lengthKm":0.79,"hu8":"05130108","pid":"136991337"},"geometry":{"type":"MultiLineString","coordinates":[[[-85.22942,35.85426],[-85.23019,35.85482],[-85.2325,35.85858],[-85.23492,35.85928]]]}},{"type":"Feature","properties":{"kind":"minor-water","name":"Granny Branch","ftype":460,"lengthKm":1.35,"hu8":"05130108","pid":"136991347"},"geometry":{"type":"MultiLineString","coordinates":[[[-85.20526,35.85351],[-85.2044,35.8508],[-85.20323,35.84999],[-85.20216,35.84987],[-85.20039,35.85054],[-85.19823,35.85211],[-85.19705,35.85241],[-85.19614,35.85327],[-85.19536,35.85323],[-85.1948,35.85352]]]}},{"type":"Feature","properties":{"kind":"minor-water","name":"Little Laurel Creek","ftype":460,"lengthKm":0.19,"hu8":"05130108","pid":"136991374"},"geometry":{"type":"MultiLineString","coordinates":[[[-85.12577,35.84],[-85.12762,35.83922]]]}},{"type":"Feature","properties":{"kind":"minor-water","name":"Hughes Creek","ftype":460,"lengthKm":0.71,"hu8":"05130108","pid":"136991417"},"geometry":{"type":"MultiLineString","coordinates":[[[-85.13973,35.9566],[-85.14129,35.95763],[-85.1415,35.95814],[-85.14122,35.959],[-85.14194,35.95942],[-85.14222,35.96121],[-85.14282,35.96183]]]}},{"type":"Feature","properties":{"kind":"minor-water","name":"Bridge Creek","ftype":460,"lengthKm":0.01,"hu8":"05130108","pid":"136990924"},"geometry":{"type":"MultiLineString","coordinates":[[[-85.2426,36.07274],[-85.24258,36.07268]]]}},{"type":"Feature","properties":{"kind":"minor-water","name":"Fall Creek","ftype":460,"lengthKm":0.66,"hu8":"05130108","pid":"136992458"},"geometry":{"type":"MultiLineString","coordinates":[[[-85.40612,35.61932],[-85.40595,35.62038],[-85.40631,35.62283],[-85.40598,35.62482],[-85.40643,35.62503]]]}},{"type":"Feature","properties":{"kind":"minor-water","name":"Cane Creek","ftype":558,"lengthKm":0.01,"hu8":"05130108","pid":"136994644"},"geometry":{"type":"MultiLineString","coordinates":[[[-85.38281,35.71089],[-85.38286,35.71097]]]}},{"type":"Feature","properties":{"kind":"minor-water","name":"Sandy Branch","ftype":460,"lengthKm":1.02,"hu8":"05130108","pid":"136986733"},"geometry":{"type":"MultiLineString","coordinates":[[[-85.3465,35.74962],[-85.34555,35.74921],[-85.34624,35.74656],[-85.34478,35.74448],[-85.34485,35.74383],[-85.34565,35.74283],[-85.34584,35.74145]]]}},{"type":"Feature","properties":{"kind":"minor-water","name":"Piney Creek","ftype":460,"lengthKm":1.05,"hu8":"05130108","pid":"136990607"},"geometry":{"type":"MultiLineString","coordinates":[[[-85.42863,35.61184],[-85.43125,35.61133],[-85.4355,35.61101],[-85.43641,35.61058],[-85.43965,35.61192]]]}},{"type":"Feature","properties":{"kind":"minor-water","name":"Cane Creek","ftype":460,"lengthKm":1.62,"hu8":"05130108","pid":"136990629"},"geometry":{"type":"MultiLineString","coordinates":[[[-85.31686,35.6101],[-85.31732,35.61017],[-85.31732,35.6106],[-85.3158,35.61117],[-85.31503,35.61214],[-85.31505,35.61254],[-85.31546,35.61307],[-85.31668,35.61344],[-85.31666,35.61388],[-85.31573,35.61473],[-85.31627,35.61615],[-85.31674,35.61631],[-85.3172,35.61589],[-85.3186,35.61662],[-85.31873,35.61888],[-85.31956,35.6202]]]}},{"type":"Feature","properties":{"kind":"minor-water","name":"Glade Creek","ftype":460,"lengthKm":0.6,"hu8":"05130108","pid":"136990660"},"geometry":{"type":"MultiLineString","coordinates":[[[-85.24055,35.64346],[-85.2399,35.64481],[-85.24042,35.64504],[-85.23912,35.64728],[-85.23967,35.64821]]]}},{"type":"Feature","properties":{"kind":"minor-water","name":"Bridge Creek","ftype":460,"lengthKm":0.53,"hu8":"05130108","pid":"136990921"},"geometry":{"type":"MultiLineString","coordinates":[[[-85.24725,36.0648],[-85.24698,36.06383],[-85.24744,36.06304],[-85.24645,36.06131],[-85.24639,36.06034]]]}},{"type":"Feature","properties":{"kind":"minor-water","name":"Salton Creek","ftype":460,"lengthKm":0.3,"hu8":"05130108","pid":"136993043"},"geometry":{"type":"MultiLineString","coordinates":[[[-85.11397,35.75358],[-85.1164,35.75464],[-85.11668,35.75506]]]}},{"type":"Feature","properties":{"kind":"minor-water","name":"Little Laurel Creek","ftype":460,"lengthKm":0.21,"hu8":"05130108","pid":"136992645"},"geometry":{"type":"MultiLineString","coordinates":[[[-85.10446,35.834],[-85.10575,35.83558]]]}},{"type":"Feature","properties":{"kind":"minor-water","name":"Puncheoncamp Creek","ftype":460,"lengthKm":0.32,"hu8":"05130108","pid":"136992955"},"geometry":{"type":"MultiLineString","coordinates":[[[-85.20791,35.82825],[-85.21077,35.82995]]]}},{"type":"Feature","properties":{"kind":"minor-water","name":"Cane Creek","ftype":558,"lengthKm":0.74,"hu8":"05130108","pid":"136994775"},"geometry":{"type":"MultiLineString","coordinates":[[[-85.35432,35.66936],[-85.35479,35.67125],[-85.35408,35.67376],[-85.35499,35.67499],[-85.3557,35.67536]]]}},{"type":"Feature","properties":{"kind":"minor-water","name":"Calfkiller River","ftype":558,"lengthKm":13.98,"hu8":"05130108","pid":"136994163"},"geometry":{"type":"MultiLineString","coordinates":[[[-85.47959,35.91149],[-85.4817,35.91162],[-85.48219,35.91127],[-85.48214,35.91068],[-85.47933,35.90878],[-85.47772,35.90727],[-85.47675,35.90712],[-85.47546,35.90838],[-85.47428,35.90885],[-85.47343,35.90828],[-85.47294,35.907],[-85.47329,35.90562],[-85.47483,35.90284],[-85.47556,35.90261],[-85.47851,35.90299],[-85.47927,35.90251],[-85.47982,35.90166],[-85.47997,35.90086],[-85.47967,35.90044],[-85.47552,35.90044],[-85.47452,35.89987],[-85.47412,35.89913],[-85.47582,35.89235],[-85.47699,35.8919],[-85.47957,35.89188],[-85.48009,35.89089],[-85.4792,35.89007],[-85.47684,35.89026],[-85.47618,35.89007],[-85.47332,35.88842],[-85.47284,35.88752],[-85.47365,35.88646],[-85.47632,35.88565],[-85.47699,35.88506],[-85.47677,35.88458],[-85.47466,35.8833],[-85.4748,35.8826],[-85.47572,35.8824],[-85.47724,35.88266],[-85.47847,35.88314],[-85.47994,35.8842],[-85.48071,35.88423],[-85.48095,35.88329],[-85.47952,35.88035],[-85.4796,35.87922],[-85.48067,35.87876],[-85.48143,35.87911],[-85.48175,35.88118],[-85.48227,35.88183],[-85.48471,35.88178],[-85.48552,35.88128],[-85.48561,35.8807],[-85.484,35.87791],[-85.484,35.87691],[-85.485,35.87655],[-85.48768,35.87673],[-85.48805,35.87623],[-85.48418,35.8739],[-85.48116,35.87281],[-85.48049,35.87048],[-85.4798,35.86948],[-85.47395,35.86873],[-85.4724,35.8681],[-85.47227,35.86495],[-85.4697,35.86142],[-85.46891,35.85949],[-85.46931,35.85876],[-85.47143,35.857],[-85.47134,35.85638],[-85.46985,35.8555],[-85.46979,35.85492],[-85.47329,35.85232],[-85.47447,35.85009],[-85.47439,35.84738],[-85.47273,35.84521],[-85.47287,35.84439]]]}},{"type":"Feature","properties":{"kind":"minor-water","name":"Perry Creek","ftype":460,"lengthKm":1,"hu8":"05130108","pid":"136991384"},"geometry":{"type":"MultiLineString","coordinates":[[[-85.11339,35.85859],[-85.11401,35.85814],[-85.11414,35.85723],[-85.11552,35.85681],[-85.11608,35.85601],[-85.11605,35.85515],[-85.11556,35.85469],[-85.11525,35.85354],[-85.11523,35.852],[-85.11419,35.85129]]]}},{"type":"Feature","properties":{"kind":"minor-water","name":"Glade Creek","ftype":460,"lengthKm":1.04,"hu8":"05130108","pid":"136990657"},"geometry":{"type":"MultiLineString","coordinates":[[[-85.23751,35.65724],[-85.23771,35.65827],[-85.23912,35.65808],[-85.23908,35.65861],[-85.2384,35.65898],[-85.23838,35.65941],[-85.23964,35.65971],[-85.24097,35.66209],[-85.24225,35.6618],[-85.24303,35.66228]]]}},{"type":"Feature","properties":{"kind":"minor-water","name":"Falling Water River","ftype":460,"lengthKm":1.96,"hu8":"05130108","pid":"136990768"},"geometry":{"type":"MultiLineString","coordinates":[[[-85.33712,36.16006],[-85.33805,36.1603],[-85.34001,36.15894],[-85.34211,36.15953],[-85.3434,36.1591],[-85.3448,36.15807],[-85.34943,36.15561],[-85.35034,36.15362],[-85.35355,36.15097]]]}},{"type":"Feature","properties":{"kind":"minor-water","name":"Blue Spring Creek","ftype":460,"lengthKm":1.26,"hu8":"05130108","pid":"136990898"},"geometry":{"type":"MultiLineString","coordinates":[[[-85.40132,35.96104],[-85.40181,35.96124],[-85.40218,35.96228],[-85.40457,35.96226],[-85.40613,35.96387],[-85.40802,35.96323],[-85.40972,35.96378],[-85.41067,35.96338],[-85.41259,35.96436]]]}},{"type":"Feature","properties":{"kind":"minor-water","name":"Bridge Creek","ftype":460,"lengthKm":0.35,"hu8":"05130108","pid":"136990926"},"geometry":{"type":"MultiLineString","coordinates":[[[-85.24331,36.07552],[-85.24268,36.07473],[-85.24319,36.07328],[-85.2426,36.07274]]]}},{"type":"Feature","properties":{"kind":"minor-water","name":"Stone Cove","ftype":460,"lengthKm":6.6,"hu8":"05130108","pid":"136990943"},"geometry":{"type":"MultiLineString","coordinates":[[[-85.41695,36.04883],[-85.41773,36.04849],[-85.4226,36.04805],[-85.42385,36.04761],[-85.42648,36.04755],[-85.42769,36.04807],[-85.43122,36.04706],[-85.43309,36.04708],[-85.43457,36.04661],[-85.43559,36.04675],[-85.4359,36.04603],[-85.4377,36.04515],[-85.43899,36.04504],[-85.44124,36.04349],[-85.44248,36.04353],[-85.4438,36.04274],[-85.44603,36.04199],[-85.44832,36.04176],[-85.44947,36.04114],[-85.45108,36.03958],[-85.45172,36.03826],[-85.45068,36.03688],[-85.4509,36.03521],[-85.45225,36.03493],[-85.45247,36.0342],[-85.45305,36.0341],[-85.45335,36.03371],[-85.4527,36.03226],[-85.45173,36.03168],[-85.45157,36.03111],[-85.45262,36.02862],[-85.45092,36.02727],[-85.45,36.02697],[-85.44948,36.02512],[-85.4497,36.02492],[-85.44937,36.02459],[-85.44988,36.02345],[-85.44842,36.02169],[-85.44729,36.02143],[-85.44693,36.01932],[-85.44569,36.01873],[-85.44591,36.01782],[-85.44538,36.01695],[-85.44554,36.01651]]]}},{"type":"Feature","properties":{"kind":"minor-water","name":"Puncheoncamp Creek","ftype":460,"lengthKm":0.78,"hu8":"05130108","pid":"136991073"},"geometry":{"type":"MultiLineString","coordinates":[[[-85.24069,35.85713],[-85.24263,35.85693],[-85.24607,35.85516],[-85.24859,35.85471]]]}},{"type":"Feature","properties":{"kind":"minor-water","name":"Wheeler Branch","ftype":460,"lengthKm":0.51,"hu8":"05130108","pid":"136991219"},"geometry":{"type":"MultiLineString","coordinates":[[[-85.23696,35.67146],[-85.2369,35.6708],[-85.23782,35.6696],[-85.23799,35.6686],[-85.23773,35.6683],[-85.23833,35.66731]]]}},{"type":"Feature","properties":{"kind":"minor-water","name":"Calfkiller River","ftype":558,"lengthKm":1.36,"hu8":"05130108","pid":"136994148"},"geometry":{"type":"MultiLineString","coordinates":[[[-85.47839,35.92232],[-85.4795,35.92139],[-85.47964,35.92021],[-85.47602,35.918],[-85.47426,35.91558],[-85.47437,35.91433],[-85.47573,35.91264]]]}},{"type":"Feature","properties":{"kind":"minor-water","name":"Big Lost Creek","ftype":460,"lengthKm":0.01,"hu8":"05130108","pid":"136988373"},"geometry":{"type":"MultiLineString","coordinates":[[[-85.30971,35.93375],[-85.30962,35.93368]]]}},{"type":"Feature","properties":{"kind":"minor-water","name":"Glade Creek","ftype":460,"lengthKm":1.48,"hu8":"05130108","pid":"136990664"},"geometry":{"type":"MultiLineString","coordinates":[[[-85.24883,35.61965],[-85.24784,35.6225],[-85.24661,35.62357],[-85.24552,35.62615],[-85.24218,35.62924],[-85.24104,35.63103]]]}},{"type":"Feature","properties":{"kind":"minor-water","name":"Glade Creek","ftype":460,"lengthKm":0.43,"hu8":"05130108","pid":"136990658"},"geometry":{"type":"MultiLineString","coordinates":[[[-85.23552,35.65413],[-85.2371,35.65536],[-85.23698,35.65585],[-85.23741,35.65612],[-85.23751,35.65724]]]}},{"type":"Feature","properties":{"kind":"minor-water","name":"West Fork Creek","ftype":460,"lengthKm":0.79,"hu8":"05130108","pid":"136991507"},"geometry":{"type":"MultiLineString","coordinates":[[[-85.22187,35.92672],[-85.22174,35.92643],[-85.21906,35.92659],[-85.21607,35.92603],[-85.21561,35.92568],[-85.21549,35.92444],[-85.21513,35.92418]]]}},{"type":"Feature","properties":{"kind":"minor-water","name":"Simmons Creek","ftype":460,"lengthKm":2.37,"hu8":"05130108","pid":"136991195"},"geometry":{"type":"MultiLineString","coordinates":[[[-85.31171,35.75992],[-85.31086,35.76032],[-85.3095,35.75976],[-85.30873,35.76068],[-85.30758,35.76125],[-85.30631,35.76334],[-85.30667,35.76528],[-85.30563,35.76541],[-85.30339,35.76679],[-85.30187,35.76702],[-85.30158,35.76734],[-85.2998,35.76725],[-85.29878,35.76912],[-85.29629,35.76966],[-85.29592,35.77064],[-85.29424,35.77101]]]}},{"type":"Feature","properties":{"kind":"minor-water","name":"Whiteside Branch","ftype":460,"lengthKm":1.1,"hu8":"05130108","pid":"136991233"},"geometry":{"type":"MultiLineString","coordinates":[[[-85.23267,35.72512],[-85.23276,35.72307],[-85.23321,35.72223],[-85.2322,35.72113],[-85.23364,35.7192],[-85.23303,35.71838],[-85.23299,35.71781],[-85.23353,35.71738],[-85.23343,35.71689],[-85.23271,35.71656]]]}},{"type":"Feature","properties":{"kind":"minor-water","name":"Farmers Creek","ftype":460,"lengthKm":0.8,"hu8":"05130108","pid":"136990711"},"geometry":{"type":"MultiLineString","coordinates":[[[-85.12449,35.80946],[-85.12496,35.8098],[-85.12526,35.8107],[-85.12733,35.81136],[-85.12735,35.8126],[-85.12857,35.81355],[-85.12906,35.81479]]]}},{"type":"Feature","properties":{"kind":"minor-water","name":"Big Laurel Creek","ftype":558,"lengthKm":0.02,"hu8":"05130108","pid":"136994051"},"geometry":{"type":"MultiLineString","coordinates":[[[-85.31254,35.83597],[-85.31255,35.83579]]]}},{"type":"Feature","properties":{"kind":"minor-water","name":"Walling Mill Creek","ftype":558,"lengthKm":0.01,"hu8":"05130108","pid":"136994780"},"geometry":{"type":"MultiLineString","coordinates":[[[-85.36995,35.6877],[-85.37002,35.68763]]]}},{"type":"Feature","properties":{"kind":"minor-water","name":"Cane Creek","ftype":558,"lengthKm":0.22,"hu8":"05130108","pid":"136994627"},"geometry":{"type":"MultiLineString","coordinates":[[[-85.40427,35.78975],[-85.40525,35.79044],[-85.40565,35.79127]]]}},{"type":"Feature","properties":{"kind":"minor-water","name":"Mount Pleasant Branch","ftype":460,"lengthKm":1.43,"hu8":"05130108","pid":"136984157"},"geometry":{"type":"MultiLineString","coordinates":[[[-85.44729,35.70336],[-85.44543,35.70757],[-85.44366,35.70935],[-85.44343,35.71132],[-85.44187,35.71383],[-85.44074,35.7148]]]}},{"type":"Feature","properties":{"kind":"minor-water","name":"Dry Fork","ftype":460,"lengthKm":1.48,"hu8":"05130108","pid":"136983728"},"geometry":{"type":"MultiLineString","coordinates":[[[-85.48218,35.65308],[-85.48274,35.65349],[-85.48443,35.65385],[-85.48624,35.65393],[-85.48701,35.65543],[-85.48843,35.65527],[-85.49038,35.65625],[-85.49087,35.65699],[-85.49142,35.65699],[-85.49186,35.65609],[-85.49239,35.65592],[-85.4931,35.65637],[-85.49375,35.65796]]]}},{"type":"Feature","properties":{"kind":"minor-water","name":"Miller Branch","ftype":460,"lengthKm":0.65,"hu8":"05130108","pid":"136990110"},"geometry":{"type":"MultiLineString","coordinates":[[[-85.22793,35.81187],[-85.22895,35.81011],[-85.22842,35.80847],[-85.22753,35.80737],[-85.22777,35.80654]]]}},{"type":"Feature","properties":{"kind":"minor-water","name":"Cleghorn Creek","ftype":460,"lengthKm":1.16,"hu8":"05130108","pid":"136990326"},"geometry":{"type":"MultiLineString","coordinates":[[[-85.3777,36.13173],[-85.37818,36.13109],[-85.37972,36.1302],[-85.38085,36.13052],[-85.38388,36.13058],[-85.3878,36.12966],[-85.38874,36.12991],[-85.38919,36.13041]]]}},{"type":"Feature","properties":{"kind":"minor-water","name":"Miller Branch","ftype":460,"lengthKm":0.66,"hu8":"05130108","pid":"136990441"},"geometry":{"type":"MultiLineString","coordinates":[[[-85.22752,35.80274],[-85.22708,35.8022],[-85.22635,35.79955],[-85.22477,35.79732]]]}},{"type":"Feature","properties":{"kind":"minor-water","name":"Duncan Creek","ftype":460,"lengthKm":0.9,"hu8":"05130108","pid":"136989819"},"geometry":{"type":"MultiLineString","coordinates":[[[-85.21723,36.02537],[-85.2161,36.02475],[-85.21479,36.02449],[-85.21218,36.02174],[-85.21111,36.02107],[-85.21052,36.01979]]]}},{"type":"Feature","properties":{"kind":"minor-water","name":"West Fork Creek","ftype":460,"lengthKm":0.08,"hu8":"05130108","pid":"136989837"},"geometry":{"type":"MultiLineString","coordinates":[[[-85.24757,35.95263],[-85.24672,35.95276]]]}},{"type":"Feature","properties":{"kind":"minor-water","name":"Glade Creek","ftype":460,"lengthKm":1.4,"hu8":"05130108","pid":"136990647"},"geometry":{"type":"MultiLineString","coordinates":[[[-85.25812,35.70495],[-85.26017,35.70691],[-85.26046,35.70962],[-85.2614,35.71156],[-85.26136,35.71289],[-85.26198,35.71308],[-85.26315,35.71267],[-85.26532,35.71112]]]}},{"type":"Feature","properties":{"kind":"minor-water","name":"Calfkiller River","ftype":460,"lengthKm":0.93,"hu8":"05130108","pid":"136990753"},"geometry":{"type":"MultiLineString","coordinates":[[[-85.32435,36.07993],[-85.3237,36.07914],[-85.32146,36.07769],[-85.3214,36.07688],[-85.32212,36.07526],[-85.32489,36.07407]]]}},{"type":"Feature","properties":{"kind":"minor-water","name":"Cane Creek","ftype":460,"lengthKm":0.34,"hu8":"05130108","pid":"136990637"},"geometry":{"type":"MultiLineString","coordinates":[[[-85.35181,35.56041],[-85.35099,35.56164],[-85.34973,35.56119],[-85.34908,35.56137]]]}},{"type":"Feature","properties":{"kind":"minor-water","name":"Beaverdam Creek","ftype":460,"lengthKm":0.77,"hu8":"05130108","pid":"136990886"},"geometry":{"type":"MultiLineString","coordinates":[[[-85.20488,35.71875],[-85.20306,35.71841],[-85.20187,35.71863],[-85.19974,35.7202],[-85.19749,35.7212]]]}},{"type":"Feature","properties":{"kind":"minor-water","name":"Little Beaverdam Creek","ftype":460,"lengthKm":0.71,"hu8":"05130108","pid":"136991270"},"geometry":{"type":"MultiLineString","coordinates":[[[-85.15608,35.72193],[-85.15781,35.72172],[-85.15839,35.72206],[-85.15858,35.72157],[-85.15887,35.72158],[-85.15862,35.72124],[-85.15917,35.72081],[-85.16066,35.72018],[-85.16115,35.72038],[-85.1621,35.72011]]]}},{"type":"Feature","properties":{"kind":"minor-water","name":"Hughes Creek","ftype":460,"lengthKm":0.66,"hu8":"05130108","pid":"136991421"},"geometry":{"type":"MultiLineString","coordinates":[[[-85.1305,35.94596],[-85.13163,35.9463],[-85.13302,35.94732],[-85.13299,35.94859],[-85.13333,35.949],[-85.13428,35.94929],[-85.13519,35.94878]]]}},{"type":"Feature","properties":{"kind":"minor-water","name":"Cummings Cove Branch","ftype":460,"lengthKm":3.83,"hu8":"05130108","pid":"136991108"},"geometry":{"type":"MultiLineString","coordinates":[[[-85.49189,35.75507],[-85.49257,35.75635],[-85.49267,35.75728],[-85.49009,35.75988],[-85.48987,35.762],[-85.48922,35.76278],[-85.48814,35.76583],[-85.48814,35.76866],[-85.4864,35.77102],[-85.48644,35.7717],[-85.48598,35.77212],[-85.4863,35.77259],[-85.4858,35.77374],[-85.48622,35.77449],[-85.48613,35.77608],[-85.48558,35.77775],[-85.48298,35.78075],[-85.48234,35.78088],[-85.4804,35.78221],[-85.47779,35.7826],[-85.47652,35.78356]]]}},{"type":"Feature","properties":{"kind":"minor-water","name":"Wheeler Branch","ftype":460,"lengthKm":0.24,"hu8":"05130108","pid":"136991222"},"geometry":{"type":"MultiLineString","coordinates":[[[-85.23833,35.66731],[-85.2386,35.66619],[-85.2394,35.66541]]]}},{"type":"Feature","properties":{"kind":"minor-water","name":"Cowen Branch","ftype":460,"lengthKm":0.66,"hu8":"05130108","pid":"136993007"},"geometry":{"type":"MultiLineString","coordinates":[[[-85.16774,35.75059],[-85.16863,35.75066],[-85.17011,35.7502],[-85.17237,35.75052],[-85.17493,35.75029]]]}},{"type":"Feature","properties":{"kind":"minor-water","name":"Tantrough Creek","ftype":460,"lengthKm":0.27,"hu8":"05130108","pid":"136991435"},"geometry":{"type":"MultiLineString","coordinates":[[[-85.11578,35.96386],[-85.11693,35.96334],[-85.11861,35.96344]]]}},{"type":"Feature","properties":{"kind":"minor-water","name":"Whiteside Branch","ftype":460,"lengthKm":0.93,"hu8":"05130108","pid":"136985783"},"geometry":{"type":"MultiLineString","coordinates":[[[-85.24997,35.7085],[-85.2509,35.70757],[-85.2524,35.70742],[-85.25413,35.70622],[-85.25483,35.7063],[-85.25506,35.70544],[-85.25606,35.7053],[-85.25694,35.70479],[-85.25812,35.70495]]]}},{"type":"Feature","properties":{"kind":"minor-water","name":"Meadow Creek","ftype":460,"lengthKm":1.06,"hu8":"05130108","pid":"136990718"},"geometry":{"type":"MultiLineString","coordinates":[[[-85.13463,35.90145],[-85.13681,35.90111],[-85.13846,35.90125],[-85.13886,35.90056],[-85.13873,35.89942],[-85.13898,35.89912],[-85.14111,35.89966],[-85.14206,35.89883],[-85.1434,35.89829]]]}},{"type":"Feature","properties":{"kind":"minor-water","name":"Beam Creek","ftype":460,"lengthKm":0.7,"hu8":"05130108","pid":"136990738"},"geometry":{"type":"MultiLineString","coordinates":[[[-85.14707,36.01421],[-85.14587,36.01443],[-85.14462,36.01331],[-85.14343,36.01324],[-85.14124,36.0121],[-85.14034,36.01225]]]}},{"type":"Feature","properties":{"kind":"minor-water","name":"Cleghorn Creek","ftype":460,"lengthKm":1.62,"hu8":"05130108","pid":"136992850"},"geometry":{"type":"MultiLineString","coordinates":[[[-85.38919,36.13041],[-85.39169,36.12897],[-85.39411,36.12854],[-85.396,36.12707],[-85.39809,36.12688],[-85.39965,36.12631],[-85.40232,36.12763],[-85.40448,36.12772],[-85.40503,36.12817]]]}},{"type":"Feature","properties":{"kind":"minor-water","name":"Moore Creek","ftype":460,"lengthKm":1.44,"hu8":"05130108","pid":"136992914"},"geometry":{"type":"MultiLineString","coordinates":[[[-85.3622,35.7958],[-85.36298,35.79651],[-85.36316,35.79758],[-85.36511,35.79838],[-85.36624,35.79986],[-85.36813,35.80085],[-85.36974,35.80262],[-85.37042,35.80301],[-85.37326,35.80343],[-85.37356,35.80374]]]}},{"type":"Feature","properties":{"kind":"minor-water","name":"Bee Creek","ftype":460,"lengthKm":1.35,"hu8":"05130108","pid":"136992776"},"geometry":{"type":"MultiLineString","coordinates":[[[-85.09224,35.79067],[-85.09389,35.78789],[-85.09499,35.78732],[-85.09546,35.78775],[-85.09727,35.78802],[-85.09741,35.78862],[-85.098,35.78853],[-85.09944,35.78964],[-85.10305,35.79093]]]}},{"type":"Feature","properties":{"kind":"minor-water","name":"Barnes Creek","ftype":460,"lengthKm":1.43,"hu8":"05130108","pid":"136991396"},"geometry":{"type":"MultiLineString","coordinates":[[[-85.10957,35.87575],[-85.11008,35.87543],[-85.11085,35.87379],[-85.11293,35.87296],[-85.11397,35.87186],[-85.11395,35.87132],[-85.11476,35.871],[-85.11816,35.86773],[-85.11922,35.86618]]]}},{"type":"Feature","properties":{"kind":"minor-water","name":"Caney Fork","ftype":558,"lengthKm":0.07,"hu8":"05130108","pid":"136993973"},"geometry":{"type":"MultiLineString","coordinates":[[[-85.37377,35.8123],[-85.37451,35.81246]]]}},{"type":"Feature","properties":{"kind":"minor-water","name":"Cooper Creek","ftype":460,"lengthKm":1.56,"hu8":"05130108","pid":"136992933"},"geometry":{"type":"MultiLineString","coordinates":[[[-85.21581,35.91083],[-85.2151,35.90999],[-85.21339,35.90911],[-85.21351,35.9083],[-85.21301,35.90744],[-85.21231,35.90699],[-85.21266,35.90473],[-85.21224,35.90097],[-85.21138,35.89899],[-85.21147,35.89829]]]}},{"type":"Feature","properties":{"kind":"minor-water","name":"Bouldin Branch","ftype":460,"lengthKm":1.37,"hu8":"05130108","pid":"136992944"},"geometry":{"type":"MultiLineString","coordinates":[[[-85.44213,35.59589],[-85.44223,35.5964],[-85.44314,35.59711],[-85.44315,35.59801],[-85.44252,35.59947],[-85.44295,35.60046],[-85.44279,35.60224],[-85.4421,35.60414],[-85.44141,35.605],[-85.44014,35.60551],[-85.43971,35.60676]]]}},{"type":"Feature","properties":{"kind":"minor-water","name":"Cane Creek","ftype":558,"lengthKm":0.23,"hu8":"05130108","pid":"136994772"},"geometry":{"type":"MultiLineString","coordinates":[[[-85.36815,35.68618],[-85.37002,35.68763]]]}},{"type":"Feature","properties":{"kind":"minor-water","name":"Cane Creek","ftype":558,"lengthKm":0.02,"hu8":"05130108","pid":"136994828"},"geometry":{"type":"MultiLineString","coordinates":[[[-85.34359,35.64653],[-85.34357,35.64673]]]}},{"type":"Feature","properties":{"kind":"minor-water","name":"Beaverdam Branch","ftype":460,"lengthKm":0.86,"hu8":"05130108","pid":"136986453"},"geometry":{"type":"MultiLineString","coordinates":[[[-85.47395,35.67942],[-85.47459,35.68241],[-85.47372,35.68292],[-85.47288,35.68442],[-85.47244,35.68576],[-85.47281,35.68646]]]}},{"type":"Feature","properties":{"kind":"minor-water","name":"Big Laurel Creek","ftype":460,"lengthKm":1,"hu8":"05130108","pid":"136990896"},"geometry":{"type":"MultiLineString","coordinates":[[[-85.30937,35.84367],[-85.31034,35.84278],[-85.31064,35.84014],[-85.31199,35.83964],[-85.31203,35.83888],[-85.31304,35.83755],[-85.31254,35.83597]]]}},{"type":"Feature","properties":{"kind":"minor-water","name":"Piney Creek","ftype":460,"lengthKm":2.39,"hu8":"05130108","pid":"136990597"},"geometry":{"type":"MultiLineString","coordinates":[[[-85.41524,35.66236],[-85.41581,35.66296],[-85.41427,35.66365],[-85.4133,35.66376],[-85.41335,35.66447],[-85.41301,35.66479],[-85.41064,35.6639],[-85.41059,35.66322],[-85.40989,35.66268],[-85.40817,35.66365],[-85.40843,35.66428],[-85.40995,35.66506],[-85.40956,35.66615],[-85.40808,35.66693],[-85.40851,35.66769],[-85.40959,35.66829],[-85.41026,35.66981],[-85.4075,35.66989],[-85.4065,35.67029],[-85.40609,35.67097]]]}},{"type":"Feature","properties":{"kind":"minor-water","name":"Raccoon Creek","ftype":460,"lengthKm":1.43,"hu8":"05130108","pid":"136991312"},"geometry":{"type":"MultiLineString","coordinates":[[[-85.15904,35.77908],[-85.16006,35.77844],[-85.15966,35.77651],[-85.16035,35.77394],[-85.16021,35.77329],[-85.15946,35.77318],[-85.1594,35.77167],[-85.16118,35.77067],[-85.16239,35.76908],[-85.16237,35.76824]]]}},{"type":"Feature","properties":{"kind":"minor-water","name":"Burnt Field Branch","ftype":460,"lengthKm":1.34,"hu8":"05130108","pid":"136985947"},"geometry":{"type":"MultiLineString","coordinates":[[[-85.20714,35.86726],[-85.20582,35.86719],[-85.20524,35.86554],[-85.2032,35.86323],[-85.20236,35.86137],[-85.2,35.86076],[-85.19911,35.85974],[-85.19886,35.85857]]]}},{"type":"Feature","properties":{"kind":"minor-water","name":"Caney Fork","ftype":558,"lengthKm":0.07,"hu8":"05130108","pid":"136994032"},"geometry":{"type":"MultiLineString","coordinates":[[[-85.18811,35.90176],[-85.18857,35.9012]]]}},{"type":"Feature","properties":{"kind":"minor-water","name":"Big Branch","ftype":558,"lengthKm":0.01,"hu8":"05130108","pid":"136994132"},"geometry":{"type":"MultiLineString","coordinates":[[[-85.17666,35.93319],[-85.17675,35.93316]]]}},{"type":"Feature","properties":{"kind":"minor-water","name":"Millsea Branch","ftype":460,"lengthKm":0.79,"hu8":"05130108","pid":"136992394"},"geometry":{"type":"MultiLineString","coordinates":[[[-85.23987,35.91268],[-85.23937,35.91181],[-85.23936,35.91033],[-85.23994,35.90866],[-85.2403,35.908],[-85.24161,35.90772],[-85.24258,35.90688]]]}},{"type":"Feature","properties":{"kind":"minor-water","name":"Little Laurel Creek","ftype":460,"lengthKm":0.29,"hu8":"05130108","pid":"136992651"},"geometry":{"type":"MultiLineString","coordinates":[[[-85.10281,35.83182],[-85.10367,35.83258],[-85.10446,35.834]]]}},{"type":"Feature","properties":{"kind":"minor-water","name":"Simmons Creek","ftype":460,"lengthKm":1.76,"hu8":"05130108","pid":"136985708"},"geometry":{"type":"MultiLineString","coordinates":[[[-85.31502,35.74839],[-85.3175,35.74872],[-85.31879,35.74991],[-85.31897,35.75054],[-85.31768,35.75391],[-85.31687,35.75421],[-85.31571,35.75579],[-85.31413,35.75645],[-85.31171,35.75992]]]}},{"type":"Feature","properties":{"kind":"minor-water","name":"Meadow Creek","ftype":460,"lengthKm":0.55,"hu8":"05130108","pid":"136991040"},"geometry":{"type":"MultiLineString","coordinates":[[[-85.35452,35.62234],[-85.35379,35.62312],[-85.35261,35.62284],[-85.35085,35.62292],[-85.34942,35.62193]]]}},{"type":"Feature","properties":{"kind":"minor-water","name":"Dry Fork","ftype":460,"lengthKm":0.14,"hu8":"05130108","pid":"136983723"},"geometry":{"type":"MultiLineString","coordinates":[[[-85.49375,35.65796],[-85.49449,35.65904]]]}},{"type":"Feature","properties":{"kind":"minor-water","name":"Doe Creek","ftype":460,"lengthKm":1.44,"hu8":"05130108","pid":"136984022"},"geometry":{"type":"MultiLineString","coordinates":[[[-85.28566,35.96511],[-85.28801,35.96602],[-85.28912,35.96665],[-85.28965,35.96734],[-85.29038,35.9672],[-85.29183,35.96568],[-85.29352,35.96537],[-85.29467,35.96461],[-85.29635,35.9628],[-85.29637,35.96202],[-85.297,35.96147]]]}},{"type":"Feature","properties":{"kind":"minor-water","name":"Fall Creek","ftype":460,"lengthKm":3.34,"hu8":"05130108","pid":"136990435"},"geometry":{"type":"MultiLineString","coordinates":[[[-85.40643,35.62503],[-85.40532,35.6258],[-85.4046,35.62714],[-85.40467,35.62796],[-85.40413,35.62851],[-85.40311,35.62853],[-85.40228,35.62951],[-85.40147,35.62963],[-85.40159,35.63024],[-85.40008,35.63219],[-85.39984,35.63326],[-85.39886,35.63401],[-85.39845,35.63384],[-85.39746,35.63431],[-85.39769,35.63495],[-85.397,35.63618],[-85.39531,35.63788],[-85.39522,35.63828],[-85.39578,35.63885],[-85.39536,35.64027],[-85.39647,35.64184],[-85.3956,35.64196],[-85.39501,35.64158],[-85.39389,35.64186],[-85.3933,35.64247],[-85.39326,35.64297],[-85.3906,35.6443],[-85.38979,35.64543],[-85.38976,35.64616]]]}},{"type":"Feature","properties":{"kind":"minor-water","name":"West Fork Creek","ftype":460,"lengthKm":0.38,"hu8":"05130108","pid":"136991506"},"geometry":{"type":"MultiLineString","coordinates":[[[-85.22261,35.92952],[-85.22145,35.92898],[-85.22206,35.92782],[-85.22187,35.92672]]]}},{"type":"Feature","properties":{"kind":"minor-water","name":"Durham Branch","ftype":460,"lengthKm":0.45,"hu8":"05130108","pid":"136993030"},"geometry":{"type":"MultiLineString","coordinates":[[[-85.28972,35.57903],[-85.29003,35.58081],[-85.29128,35.58285]]]}},{"type":"Feature","properties":{"kind":"minor-water","name":"Cane Creek","ftype":558,"lengthKm":0.01,"hu8":"05130108","pid":"136994651"},"geometry":{"type":"MultiLineString","coordinates":[[[-85.40552,35.77915],[-85.40557,35.77925]]]}},{"type":"Feature","properties":{"kind":"minor-water","name":"Cane Creek","ftype":558,"lengthKm":0.05,"hu8":"05130108","pid":"136994816"},"geometry":{"type":"MultiLineString","coordinates":[[[-85.34971,35.66342],[-85.34917,35.66364]]]}},{"type":"Feature","properties":{"kind":"minor-water","name":"Beaverdam Creek","ftype":460,"lengthKm":1.2,"hu8":"05130108","pid":"136990887"},"geometry":{"type":"MultiLineString","coordinates":[[[-85.1985,35.72201],[-85.19867,35.72238],[-85.19824,35.72281],[-85.19436,35.72356],[-85.19357,35.72479],[-85.19364,35.72717],[-85.19247,35.72777],[-85.19211,35.72948]]]}},{"type":"Feature","properties":{"kind":"minor-water","name":"Beaverdam Creek","ftype":460,"lengthKm":0.2,"hu8":"05130108","pid":"136990888"},"geometry":{"type":"MultiLineString","coordinates":[[[-85.19749,35.7212],[-85.19746,35.72214],[-85.1985,35.72201]]]}},{"type":"Feature","properties":{"kind":"minor-water","name":"Salton Creek","ftype":460,"lengthKm":1.05,"hu8":"05130108","pid":"136992836"},"geometry":{"type":"MultiLineString","coordinates":[[[-85.10339,35.73972],[-85.1032,35.74134],[-85.10232,35.74226],[-85.10181,35.74392],[-85.10439,35.74556],[-85.10684,35.74661]]]}},{"type":"Feature","properties":{"kind":"minor-water","name":"Big Lost Creek","ftype":460,"lengthKm":2.16,"hu8":"05130108","pid":"136991986"},"geometry":{"type":"MultiLineString","coordinates":[[[-85.31851,35.93115],[-85.31735,35.92808],[-85.31881,35.92719],[-85.31818,35.92525],[-85.31984,35.92435],[-85.3194,35.92372],[-85.31862,35.92374],[-85.31782,35.92321],[-85.31945,35.92225],[-85.31758,35.92079],[-85.31785,35.92028],[-85.31938,35.91989],[-85.31881,35.91884],[-85.32,35.91837],[-85.32011,35.91729]]]}},{"type":"Feature","properties":{"kind":"minor-water","name":"Bee Creek","ftype":460,"lengthKm":0.26,"hu8":"05130108","pid":"136993035"},"geometry":{"type":"MultiLineString","coordinates":[[[-85.10305,35.79093],[-85.10435,35.79003],[-85.10489,35.78914]]]}},{"type":"Feature","properties":{"kind":"minor-water","name":"Coalbank Creek","ftype":460,"lengthKm":0.47,"hu8":"05130108","pid":"136993019"},"geometry":{"type":"MultiLineString","coordinates":[[[-85.2026,35.68344],[-85.20251,35.6839],[-85.20187,35.6841],[-85.20113,35.68727]]]}},{"type":"Feature","properties":{"kind":"minor-water","name":"Caney Fork","ftype":558,"lengthKm":0.51,"hu8":"05130108","pid":"136993979"},"geometry":{"type":"MultiLineString","coordinates":[[[-85.33347,35.83104],[-85.33697,35.82749]]]}},{"type":"Feature","properties":{"kind":"minor-water","name":"Fall Creek","ftype":558,"lengthKm":1.57,"hu8":"05130108","pid":"136994824"},"geometry":{"type":"MultiLineString","coordinates":[[[-85.37854,35.64578],[-85.37411,35.64864],[-85.37122,35.64868],[-85.36863,35.65198],[-85.36486,35.65309]]]}},{"type":"Feature","properties":{"kind":"minor-water","name":"Cane Creek","ftype":460,"lengthKm":0.19,"hu8":"05130108","pid":"136990626"},"geometry":{"type":"MultiLineString","coordinates":[[[-85.32469,35.62596],[-85.32542,35.62594],[-85.32658,35.62529]]]}},{"type":"Feature","properties":{"kind":"minor-water","name":"Bridge Creek","ftype":460,"lengthKm":0.11,"hu8":"05130108","pid":"136985453"},"geometry":{"type":"MultiLineString","coordinates":[[[-85.24997,36.09649],[-85.24997,36.09548]]]}},{"type":"Feature","properties":{"kind":"minor-water","name":"Flynn Creek","ftype":460,"lengthKm":0.92,"hu8":"05130108","pid":"136985992"},"geometry":{"type":"MultiLineString","coordinates":[[[-85.14793,35.86479],[-85.14883,35.86319],[-85.14829,35.86086],[-85.14976,35.8588],[-85.15042,35.85713]]]}},{"type":"Feature","properties":{"kind":"minor-water","name":"Bradden Creek","ftype":460,"lengthKm":0.79,"hu8":"05130108","pid":"136990909"},"geometry":{"type":"MultiLineString","coordinates":[[[-85.28253,35.67611],[-85.2821,35.67637],[-85.28135,35.67615],[-85.28031,35.67709],[-85.28055,35.67756],[-85.27875,35.67796],[-85.27874,35.67862],[-85.2793,35.67935],[-85.27883,35.6805]]]}},{"type":"Feature","properties":{"kind":"minor-water","name":"Cane Creek","ftype":460,"lengthKm":1.6,"hu8":"05130108","pid":"136990631"},"geometry":{"type":"MultiLineString","coordinates":[[[-85.33569,35.57694],[-85.33675,35.57805],[-85.33714,35.57976],[-85.33612,35.58031],[-85.33532,35.58171],[-85.33345,35.58314],[-85.3332,35.58389],[-85.33424,35.58531],[-85.33418,35.58617],[-85.33631,35.58786],[-85.3367,35.58867]]]}},{"type":"Feature","properties":{"kind":"minor-water","name":"Caney Fork","ftype":460,"lengthKm":0.08,"hu8":"05130108","pid":"136989949"},"geometry":{"type":"MultiLineString","coordinates":[[[-85.16526,36.03837],[-85.16582,36.03777]]]}},{"type":"Feature","properties":{"kind":"minor-water","name":"Polebridge Creek","ftype":460,"lengthKm":0.54,"hu8":"05130108","pid":"136991058"},"geometry":{"type":"MultiLineString","coordinates":[[[-85.2995,35.59534],[-85.30237,35.59453],[-85.30432,35.59275]]]}},{"type":"Feature","properties":{"kind":"minor-water","name":"Hughes Creek","ftype":460,"lengthKm":0.12,"hu8":"05130108","pid":"136991422"},"geometry":{"type":"MultiLineString","coordinates":[[[-85.12928,35.94546],[-85.1305,35.94596]]]}},{"type":"Feature","properties":{"kind":"minor-water","name":"Gardner Creek","ftype":460,"lengthKm":0.88,"hu8":"05130108","pid":"136991549"},"geometry":{"type":"MultiLineString","coordinates":[[[-85.31101,35.54855],[-85.31402,35.55219],[-85.31604,35.55289],[-85.31775,35.55298],[-85.31801,35.55321]]]}},{"type":"Feature","properties":{"kind":"minor-water","name":"Deadtimber Branch","ftype":460,"lengthKm":2.11,"hu8":"05130108","pid":"136985897"},"geometry":{"type":"MultiLineString","coordinates":[[[-85.24625,35.78218],[-85.2477,35.77905],[-85.24601,35.77851],[-85.24547,35.77729],[-85.24667,35.77633],[-85.24709,35.775],[-85.24958,35.77401],[-85.24997,35.77341],[-85.25138,35.77245],[-85.25304,35.77275],[-85.25454,35.77117],[-85.25629,35.77089],[-85.25721,35.77035]]]}},{"type":"Feature","properties":{"kind":"minor-water","name":"Hickory Valley Branch","ftype":460,"lengthKm":0.71,"hu8":"05130108","pid":"136985624"},"geometry":{"type":"MultiLineString","coordinates":[[[-85.41026,35.87409],[-85.41159,35.8731],[-85.41193,35.87184],[-85.41426,35.86871]]]}},{"type":"Feature","properties":{"kind":"minor-water","name":"Laurel Creek","ftype":460,"lengthKm":0.5,"hu8":"05130108","pid":"136990692"},"geometry":{"type":"MultiLineString","coordinates":[[[-85.17042,35.85965],[-85.17252,35.85996],[-85.17415,35.859],[-85.1754,35.85958]]]}},{"type":"Feature","properties":{"kind":"minor-water","name":"Polebridge Creek","ftype":460,"lengthKm":0.95,"hu8":"05130108","pid":"136991064"},"geometry":{"type":"MultiLineString","coordinates":[[[-85.26614,35.62486],[-85.26639,35.62441],[-85.26724,35.624],[-85.26704,35.62316],[-85.26793,35.62262],[-85.26802,35.622],[-85.26758,35.6214],[-85.26854,35.62099],[-85.26799,35.62006],[-85.26844,35.61966],[-85.26828,35.61842],[-85.26876,35.61811]]]}},{"type":"Feature","properties":{"kind":"minor-water","name":"Whetstone Creek","ftype":460,"lengthKm":0.64,"hu8":"05130108","pid":"136991182"},"geometry":{"type":"MultiLineString","coordinates":[[[-85.26915,36.10146],[-85.27042,36.10148],[-85.27112,36.10199],[-85.2714,36.10283],[-85.27254,36.10414],[-85.27225,36.1056]]]}},{"type":"Feature","properties":{"kind":"minor-water","name":"Wolfpen Creek","ftype":460,"lengthKm":0.83,"hu8":"05130108","pid":"136991253"},"geometry":{"type":"MultiLineString","coordinates":[[[-85.228,35.69065],[-85.22295,35.69055],[-85.21909,35.69175]]]}},{"type":"Feature","properties":{"kind":"minor-water","name":"Falling Water River","ftype":460,"lengthKm":3.79,"hu8":"05130108","pid":"136990772"},"geometry":{"type":"MultiLineString","coordinates":[[[-85.2793,36.14643],[-85.27915,36.14744],[-85.27943,36.14806],[-85.28135,36.14935],[-85.28564,36.14818],[-85.28717,36.14848],[-85.28849,36.14801],[-85.28965,36.14668],[-85.29075,36.14619],[-85.29289,36.14611],[-85.29682,36.14545],[-85.29808,36.14615],[-85.30138,36.14646],[-85.30308,36.14741],[-85.30691,36.14766],[-85.30819,36.14806],[-85.30905,36.14798],[-85.31137,36.14701],[-85.31445,36.14638],[-85.31615,36.14695]]]}},{"type":"Feature","properties":{"kind":"minor-water","name":"Brush Creek","ftype":460,"lengthKm":0.23,"hu8":"05130108","pid":"136991282"},"geometry":{"type":"MultiLineString","coordinates":[[[-85.14498,35.76704],[-85.14478,35.76754],[-85.14336,35.76857]]]}},{"type":"Feature","properties":{"kind":"minor-water","name":"Doe Creek","ftype":558,"lengthKm":0.01,"hu8":"05130108","pid":"136993467"},"geometry":{"type":"MultiLineString","coordinates":[[[-85.3617,36.00693],[-85.36182,36.00691]]]}},{"type":"Feature","properties":{"kind":"minor-water","name":"Caney Fork","ftype":558,"lengthKm":0.22,"hu8":"05130108","pid":"136994024"},"geometry":{"type":"MultiLineString","coordinates":[[[-85.2091,35.8979],[-85.21155,35.89812]]]}},{"type":"Feature","properties":{"kind":"minor-water","name":"Henderson Branch","ftype":460,"lengthKm":0.49,"hu8":"05130108","pid":"136991355"},"geometry":{"type":"MultiLineString","coordinates":[[[-85.17075,35.82176],[-85.16713,35.82052],[-85.16561,35.82028]]]}},{"type":"Feature","properties":{"kind":"minor-water","name":"Slaytons Fork","ftype":460,"lengthKm":0.68,"hu8":"05130108","pid":"136991534"},"geometry":{"type":"MultiLineString","coordinates":[[[-85.35995,35.6143],[-85.35839,35.6137],[-85.3569,35.61374],[-85.35507,35.61315],[-85.35357,35.61413],[-85.35354,35.61448]]]}},{"type":"Feature","properties":{"kind":"minor-water","name":"Piney Creek","ftype":460,"lengthKm":0.15,"hu8":"05130108","pid":"136990603"},"geometry":{"type":"MultiLineString","coordinates":[[[-85.43767,35.63053],[-85.43923,35.63008]]]}},{"type":"Feature","properties":{"kind":"minor-water","name":"Dry Fork","ftype":460,"lengthKm":0.23,"hu8":"05130108","pid":"136983628"},"geometry":{"type":"MultiLineString","coordinates":[[[-85.44074,35.7148],[-85.43907,35.71484],[-85.43843,35.71531]]]}},{"type":"Feature","properties":{"kind":"minor-water","name":"Dry Fork","ftype":460,"lengthKm":0.68,"hu8":"05130108","pid":"136983753"},"geometry":{"type":"MultiLineString","coordinates":[[[-85.46976,35.63479],[-85.47084,35.63756],[-85.4721,35.63812],[-85.4735,35.63979]]]}},{"type":"Feature","properties":{"kind":"minor-water","name":"East Fork Little Cane Creek","ftype":460,"lengthKm":0.35,"hu8":"05130108","pid":"136991327"},"geometry":{"type":"MultiLineString","coordinates":[[[-85.18667,35.8052],[-85.18637,35.80416],[-85.18731,35.8032],[-85.18735,35.80239]]]}},{"type":"Feature","properties":{"kind":"minor-water","name":"Deer Hollow Branch","ftype":460,"lengthKm":0.27,"hu8":"05130108","pid":"136991335"},"geometry":{"type":"MultiLineString","coordinates":[[[-85.23836,35.85865],[-85.24069,35.85713]]]}},{"type":"Feature","properties":{"kind":"minor-water","name":"Benton Branch","ftype":460,"lengthKm":1.45,"hu8":"05130108","pid":"136986397"},"geometry":{"type":"MultiLineString","coordinates":[[[-85.45789,35.72414],[-85.45627,35.72437],[-85.45176,35.7238],[-85.45062,35.72294],[-85.44874,35.72039],[-85.44704,35.71684]]]}},{"type":"Feature","properties":{"kind":"minor-water","name":"Laurel Creek","ftype":460,"lengthKm":0.04,"hu8":"05130108","pid":"136986782"},"geometry":{"type":"MultiLineString","coordinates":[[[-85.49981,35.73515],[-85.49998,35.73479]]]}},{"type":"Feature","properties":{"kind":"minor-water","name":"Cane Creek","ftype":460,"lengthKm":1.09,"hu8":"05130108","pid":"136990621"},"geometry":{"type":"MultiLineString","coordinates":[[[-85.33353,35.64103],[-85.3379,35.64098],[-85.33876,35.64165],[-85.33936,35.64312],[-85.34075,35.64501],[-85.34248,35.64568]]]}},{"type":"Feature","properties":{"kind":"minor-water","name":"Laurel Creek","ftype":460,"lengthKm":0.22,"hu8":"05130108","pid":"136990690"},"geometry":{"type":"MultiLineString","coordinates":[[[-85.17823,35.86566],[-85.1804,35.86661]]]}},{"type":"Feature","properties":{"kind":"minor-water","name":"Little Laurel Creek","ftype":460,"lengthKm":0.5,"hu8":"05130108","pid":"136990704"},"geometry":{"type":"MultiLineString","coordinates":[[[-85.13302,35.84108],[-85.13569,35.84117],[-85.13716,35.84071],[-85.13818,35.84136]]]}},{"type":"Feature","properties":{"kind":"minor-water","name":"Meadow Creek","ftype":460,"lengthKm":0.28,"hu8":"05130108","pid":"136990714"},"geometry":{"type":"MultiLineString","coordinates":[[[-85.17066,35.89055],[-85.17214,35.88976],[-85.17277,35.8888]]]}},{"type":"Feature","properties":{"kind":"minor-water","name":"Raccoon Creek","ftype":460,"lengthKm":0.09,"hu8":"05130108","pid":"136990452"},"geometry":{"type":"MultiLineString","coordinates":[[[-85.14042,35.79435],[-85.14129,35.79396]]]}},{"type":"Feature","properties":{"kind":"minor-water","name":"Lost Creek","ftype":460,"lengthKm":0.27,"hu8":"05130108","pid":"136992905"},"geometry":{"type":"MultiLineString","coordinates":[[[-85.34227,35.87905],[-85.34222,35.87665]]]}},{"type":"Feature","properties":{"kind":"minor-water","name":"Caney Fork","ftype":558,"lengthKm":0.56,"hu8":"05130108","pid":"136993975"},"geometry":{"type":"MultiLineString","coordinates":[[[-85.34971,35.8209],[-85.35163,35.81993],[-85.35385,35.8196],[-85.35523,35.81874]]]}},{"type":"Feature","properties":{"kind":"minor-water","name":"Burtons Branch","ftype":460,"lengthKm":1.17,"hu8":"05130108","pid":"136984378"},"geometry":{"type":"MultiLineString","coordinates":[[[-85.45498,36.16024],[-85.45396,36.1595],[-85.45242,36.15972],[-85.45114,36.15893],[-85.44993,36.15981],[-85.44842,36.16001],[-85.4477,36.16116],[-85.44709,36.16047],[-85.44536,36.16023],[-85.44522,36.15946]]]}},{"type":"Feature","properties":{"kind":"minor-water","name":"West Fork Creek","ftype":460,"lengthKm":1.35,"hu8":"05130108","pid":"136989810"},"geometry":{"type":"MultiLineString","coordinates":[[[-85.25461,35.96214],[-85.2551,35.9606],[-85.25467,35.95962],[-85.25269,35.95715],[-85.25057,35.95535],[-85.2481,35.95393],[-85.24823,35.95346],[-85.24757,35.95323],[-85.24757,35.95263]]]}},{"type":"Feature","properties":{"kind":"minor-water","name":"Piney Creek","ftype":460,"lengthKm":0.21,"hu8":"05130108","pid":"136990610"},"geometry":{"type":"MultiLineString","coordinates":[[[-85.4178,35.59988],[-85.41821,35.60015],[-85.4186,35.59984],[-85.41887,35.60036],[-85.41866,35.6008]]]}},{"type":"Feature","properties":{"kind":"minor-water","name":"Little Beaverdam Creek","ftype":460,"lengthKm":0.06,"hu8":"05130108","pid":"136991264"},"geometry":{"type":"MultiLineString","coordinates":[[[-85.1916,35.72913],[-85.19211,35.72948]]]}},{"type":"Feature","properties":{"kind":"minor-water","name":"Perry Creek","ftype":460,"lengthKm":1.15,"hu8":"05130108","pid":"136991386"},"geometry":{"type":"MultiLineString","coordinates":[[[-85.10368,35.87105],[-85.10446,35.87019],[-85.10656,35.86897],[-85.10726,35.86784],[-85.10752,35.86633],[-85.11072,35.86276]]]}},{"type":"Feature","properties":{"kind":"minor-water","name":"Little Laurel Creek","ftype":460,"lengthKm":0.83,"hu8":"05130108","pid":"136992994"},"geometry":{"type":"MultiLineString","coordinates":[[[-85.17285,35.78483],[-85.17357,35.78486],[-85.17396,35.78558],[-85.17519,35.78489],[-85.17574,35.78402],[-85.17698,35.78421],[-85.17836,35.78364],[-85.17899,35.78426],[-85.17999,35.78431]]]}},{"type":"Feature","properties":{"kind":"minor-water","name":"Caney Fork","ftype":460,"lengthKm":0.49,"hu8":"05130108","pid":"136989950"},"geometry":{"type":"MultiLineString","coordinates":[[[-85.16015,36.04218],[-85.1625,36.04013],[-85.16383,36.03984],[-85.16417,36.03946]]]}},{"type":"Feature","properties":{"kind":"minor-water","name":"Farmers Creek","ftype":460,"lengthKm":0.63,"hu8":"05130108","pid":"136992674"},"geometry":{"type":"MultiLineString","coordinates":[[[-85.10472,35.82312],[-85.10356,35.82258],[-85.10274,35.82144],[-85.10257,35.82008],[-85.10304,35.81824]]]}},{"type":"Feature","properties":{"kind":"minor-water","name":"Caney Fork","ftype":558,"lengthKm":0.33,"hu8":"05130108","pid":"136994091"},"geometry":{"type":"MultiLineString","coordinates":[[[-85.30604,35.82573],[-85.30542,35.82674],[-85.3059,35.82851]]]}},{"type":"Feature","properties":{"kind":"minor-water","name":"Beaverdam Creek","ftype":460,"lengthKm":1.07,"hu8":"05130108","pid":"136990881"},"geometry":{"type":"MultiLineString","coordinates":[[[-85.19483,35.73487],[-85.19542,35.73554],[-85.19684,35.73561],[-85.19739,35.73638],[-85.19804,35.73956],[-85.19863,35.7402],[-85.198,35.74114],[-85.19789,35.74197],[-85.19865,35.74246]]]}},{"type":"Feature","properties":{"kind":"minor-water","name":"Panter Creek","ftype":460,"lengthKm":0.23,"hu8":"05130108","pid":"136991208"},"geometry":{"type":"MultiLineString","coordinates":[[[-85.22916,35.66192],[-85.23,35.66207],[-85.23161,35.66162]]]}},{"type":"Feature","properties":{"kind":"minor-water","name":"Glade Creek","ftype":460,"lengthKm":0.84,"hu8":"05130108","pid":"136990655"},"geometry":{"type":"MultiLineString","coordinates":[[[-85.2435,35.66268],[-85.24451,35.66274],[-85.24465,35.66327],[-85.24599,35.66427],[-85.2477,35.66455],[-85.24786,35.66497],[-85.24855,35.6652],[-85.25002,35.66501],[-85.25085,35.66579]]]}},{"type":"Feature","properties":{"kind":"minor-water","name":"Calfkiller River","ftype":460,"lengthKm":1.43,"hu8":"05130108","pid":"136990758"},"geometry":{"type":"MultiLineString","coordinates":[[[-85.30863,36.10564],[-85.30819,36.10371],[-85.30964,36.10261],[-85.31288,36.09817],[-85.31427,36.09767],[-85.31522,36.0978],[-85.31557,36.09737],[-85.31666,36.09708],[-85.31713,36.09648]]]}},{"type":"Feature","properties":{"kind":"minor-water","name":"Caney Fork","ftype":558,"lengthKm":0.35,"hu8":"05130108","pid":"136993987"},"geometry":{"type":"MultiLineString","coordinates":[[[-85.28428,35.83077],[-85.28793,35.83187]]]}},{"type":"Feature","properties":{"kind":"minor-water","name":"Bee Creek","ftype":558,"lengthKm":0.21,"hu8":"05130108","pid":"136994682"},"geometry":{"type":"MultiLineString","coordinates":[[[-85.22318,35.76829],[-85.22549,35.76858]]]}},{"type":"Feature","properties":{"kind":"minor-water","name":"Granny Branch","ftype":460,"lengthKm":0.36,"hu8":"05130108","pid":"136985942"},"geometry":{"type":"MultiLineString","coordinates":[[[-85.20756,35.85804],[-85.20581,35.85697],[-85.20551,35.85553]]]}},{"type":"Feature","properties":{"kind":"minor-water","name":"Caney Fork","ftype":558,"lengthKm":0.49,"hu8":"05130108","pid":"136994033"},"geometry":{"type":"MultiLineString","coordinates":[[[-85.18383,35.91543],[-85.18263,35.9152],[-85.1822,35.9145],[-85.18261,35.91321],[-85.18378,35.91229]]]}},{"type":"Feature","properties":{"kind":"minor-water","name":"Doe Creek","ftype":460,"lengthKm":0.91,"hu8":"05130108","pid":"136990964"},"geometry":{"type":"MultiLineString","coordinates":[[[-85.31546,35.96839],[-85.316,35.96851],[-85.31635,35.96926],[-85.31942,35.96877],[-85.32111,35.96882],[-85.32436,35.97023]]]}},{"type":"Feature","properties":{"kind":"minor-water","name":"Polebridge Creek","ftype":460,"lengthKm":0.24,"hu8":"05130108","pid":"136991065"},"geometry":{"type":"MultiLineString","coordinates":[[[-85.26876,35.61811],[-85.26924,35.61603]]]}},{"type":"Feature","properties":{"kind":"minor-water","name":"Walling Mill Creek","ftype":460,"lengthKm":1.69,"hu8":"05130108","pid":"136991570"},"geometry":{"type":"MultiLineString","coordinates":[[[-85.35442,35.6903],[-85.35616,35.69154],[-85.35702,35.69076],[-85.35961,35.69069],[-85.36198,35.69011],[-85.36486,35.68756],[-85.36683,35.68654],[-85.36995,35.6877]]]}},{"type":"Feature","properties":{"kind":"minor-water","name":"Rockhouse Creek","ftype":460,"lengthKm":2.68,"hu8":"05130108","pid":"136991567"},"geometry":{"type":"MultiLineString","coordinates":[[[-85.32882,35.67336],[-85.33009,35.67276],[-85.33013,35.67172],[-85.33153,35.67074],[-85.33187,35.66891],[-85.33228,35.66856],[-85.33476,35.66789],[-85.33633,35.6684],[-85.33837,35.66828],[-85.33884,35.66788],[-85.33873,35.66656],[-85.33912,35.66603],[-85.34129,35.66668],[-85.3432,35.66579],[-85.34478,35.66425],[-85.34583,35.66369],[-85.34792,35.66327],[-85.34911,35.66263],[-85.34962,35.66325]]]}},{"type":"Feature","properties":{"kind":"minor-water","name":"Glade Creek","ftype":460,"lengthKm":0.91,"hu8":"05130108","pid":"136990659"},"geometry":{"type":"MultiLineString","coordinates":[[[-85.23967,35.64821],[-85.23932,35.64837],[-85.23895,35.64972],[-85.23855,35.64947],[-85.23811,35.6496],[-85.23757,35.65019],[-85.23653,35.65062],[-85.23661,35.65202],[-85.23602,35.65269],[-85.23636,35.65346],[-85.23552,35.65413]]]}},{"type":"Feature","properties":{"kind":"minor-water","name":"Town Creek","ftype":460,"lengthKm":3.86,"hu8":"05130108","pid":"136991193"},"geometry":{"type":"MultiLineString","coordinates":[[[-85.49443,35.94193],[-85.49586,35.94109],[-85.49656,35.94019],[-85.4975,35.94009],[-85.49731,35.93918],[-85.4955,35.93658],[-85.49479,35.93617],[-85.49451,35.93552],[-85.49232,35.93497],[-85.49111,35.93388],[-85.49008,35.93398],[-85.48961,35.93493],[-85.48861,35.93587],[-85.48511,35.93443],[-85.48464,35.93328],[-85.48481,35.9327],[-85.48317,35.93197],[-85.48352,35.93073],[-85.48333,35.92898],[-85.48291,35.92882],[-85.48196,35.9293],[-85.48164,35.92834],[-85.48057,35.92846],[-85.48054,35.92798],[-85.48112,35.92718],[-85.4806,35.92623],[-85.48069,35.92522],[-85.47966,35.92494],[-85.47952,35.92392],[-85.47849,35.9225]]]}},{"type":"Feature","properties":{"kind":"minor-water","name":"Perry Creek","ftype":460,"lengthKm":0.06,"hu8":"05130108","pid":"136991387"},"geometry":{"type":"MultiLineString","coordinates":[[[-85.11072,35.86276],[-85.11086,35.86221]]]}},{"type":"Feature","properties":{"kind":"minor-water","name":"Puncheoncamp Creek","ftype":460,"lengthKm":0.1,"hu8":"05130108","pid":"136992468"},"geometry":{"type":"MultiLineString","coordinates":[[[-85.19477,35.82664],[-85.19591,35.82653]]]}},{"type":"Feature","properties":{"kind":"minor-water","name":"Caney Fork","ftype":558,"lengthKm":1.27,"hu8":"05130108","pid":"136994038"},"geometry":{"type":"MultiLineString","coordinates":[[[-85.189,35.92032],[-85.18755,35.91947],[-85.18736,35.91884],[-85.1881,35.91833],[-85.18998,35.91779],[-85.19048,35.91701],[-85.19034,35.91643],[-85.18544,35.91538],[-85.18383,35.91543]]]}},{"type":"Feature","properties":{"kind":"minor-water","name":"Millsea Branch","ftype":460,"lengthKm":0.52,"hu8":"05130108","pid":"136992929"},"geometry":{"type":"MultiLineString","coordinates":[[[-85.24512,35.89301],[-85.24569,35.89217],[-85.247,35.89154],[-85.24997,35.89077]]]}},{"type":"Feature","properties":{"kind":"minor-water","name":"Cane Creek","ftype":558,"lengthKm":0.26,"hu8":"05130108","pid":"136994625"},"geometry":{"type":"MultiLineString","coordinates":[[[-85.40569,35.79199],[-85.40626,35.79426]]]}},{"type":"Feature","properties":{"kind":"minor-water","name":"Beaverdam Creek","ftype":558,"lengthKm":0.01,"hu8":"05130108","pid":"136994696"},"geometry":{"type":"MultiLineString","coordinates":[[[-85.20746,35.75278],[-85.20746,35.75288]]]}},{"type":"Feature","properties":{"kind":"minor-water","name":"Yellow Cliff Creek","ftype":460,"lengthKm":1.52,"hu8":"05130108","pid":"136985378"},"geometry":{"type":"MultiLineString","coordinates":[[[-85.23265,36.02056],[-85.23527,36.02087],[-85.23721,36.02063],[-85.24057,36.01836],[-85.24201,36.01818],[-85.24501,36.01929],[-85.2461,36.02031],[-85.24734,36.02091]]]}},{"type":"Feature","properties":{"kind":"minor-water","name":"Clifty Creek","ftype":460,"lengthKm":1.08,"hu8":"05130108","pid":"136989791"},"geometry":{"type":"MultiLineString","coordinates":[[[-85.26156,35.95943],[-85.26195,35.95745],[-85.26272,35.95595],[-85.26914,35.95281]]]}},{"type":"Feature","properties":{"kind":"minor-water","name":"Hickory Valley Branch","ftype":460,"lengthKm":5.78,"hu8":"05130108","pid":"136985629"},"geometry":{"type":"MultiLineString","coordinates":[[[-85.41426,35.86871],[-85.41622,35.86497],[-85.41904,35.86281],[-85.42076,35.8619],[-85.42209,35.86013],[-85.42211,35.85759],[-85.42126,35.85695],[-85.42165,35.85611],[-85.42147,35.85265],[-85.42353,35.85126],[-85.42347,35.84907],[-85.424,35.84854],[-85.4239,35.84764],[-85.42485,35.84628],[-85.42524,35.84466],[-85.42426,35.84346],[-85.42525,35.84012],[-85.42709,35.83765],[-85.42746,35.83591],[-85.42753,35.83369],[-85.42666,35.83272],[-85.42627,35.83069],[-85.42556,35.83001],[-85.4239,35.82952],[-85.42295,35.82816],[-85.42159,35.82755],[-85.4202,35.82481],[-85.41951,35.8241]]]}},{"type":"Feature","properties":{"kind":"minor-water","name":"Johnnie Branch","ftype":460,"lengthKm":1.55,"hu8":"05130108","pid":"136990151"},"geometry":{"type":"MultiLineString","coordinates":[[[-85.31673,35.69607],[-85.31416,35.69567],[-85.31299,35.69635],[-85.31216,35.69624],[-85.3109,35.69655],[-85.30949,35.69716],[-85.30891,35.69778],[-85.30838,35.69778],[-85.30818,35.69824],[-85.30694,35.69835],[-85.30607,35.6996],[-85.30304,35.69966],[-85.30247,35.70055]]]}},{"type":"Feature","properties":{"kind":"minor-water","name":"Laurel Creek","ftype":460,"lengthKm":1.1,"hu8":"05130108","pid":"136990694"},"geometry":{"type":"MultiLineString","coordinates":[[[-85.15793,35.85831],[-85.15891,35.85884],[-85.16092,35.85794],[-85.16247,35.85766],[-85.16348,35.85779],[-85.16669,35.85962],[-85.16648,35.86064],[-85.16688,35.86127]]]}},{"type":"Feature","properties":{"kind":"minor-water","name":"Dry Creek","ftype":460,"lengthKm":0.54,"hu8":"05130108","pid":"136990967"},"geometry":{"type":"MultiLineString","coordinates":[[[-85.36277,35.83328],[-85.36407,35.8324],[-85.36635,35.83183],[-85.36706,35.83136],[-85.36737,35.83063]]]}},{"type":"Feature","properties":{"kind":"minor-water","name":"Post Oak Creek","ftype":460,"lengthKm":7.8,"hu8":"05130108","pid":"136991067"},"geometry":{"type":"MultiLineString","coordinates":[[[-85.43732,36.06566],[-85.43885,36.06314],[-85.44106,36.06143],[-85.44308,36.06083],[-85.44458,36.06159],[-85.4458,36.06105],[-85.44803,36.06083],[-85.4486,36.06034],[-85.44953,36.06017],[-85.45002,36.06036],[-85.45107,36.06],[-85.45442,36.0606],[-85.45538,36.06033],[-85.4577,36.06288],[-85.45849,36.06284],[-85.45882,36.06309],[-85.46004,36.06286],[-85.46107,36.06343],[-85.46189,36.06336],[-85.46234,36.06443],[-85.4629,36.06435],[-85.46446,36.06561],[-85.46604,36.06568],[-85.4676,36.06621],[-85.4683,36.06694],[-85.4684,36.06776],[-85.46737,36.06758],[-85.46726,36.06805],[-85.46801,36.06867],[-85.46884,36.06847],[-85.46903,36.06901],[-85.46956,36.06917],[-85.47028,36.06918],[-85.47097,36.06879],[-85.47223,36.06887],[-85.47315,36.06773],[-85.47749,36.06759],[-85.47851,36.06703],[-85.47834,36.06648],[-85.47892,36.06601],[-85.48044,36.06532],[-85.48253,36.06526],[-85.48506,36.06455],[-85.48584,36.06477],[-85.48752,36.06431],[-85.48946,36.06438],[-85.49106,36.06381],[-85.49234,36.0639],[-85.49249,36.06343],[-85.49627,36.0646],[-85.49713,36.0653],[-85.49735,36.06603],[-85.49927,36.06617],[-85.50005,36.06567],[-85.50233,36.06601],[-85.50254,36.06671],[-85.50368,36.06645],[-85.50427,36.06684],[-85.50487,36.06597]]]}},{"type":"Feature","properties":{"kind":"minor-water","name":"Sapp Branch","ftype":460,"lengthKm":0.38,"hu8":"05130108","pid":"136991341"},"geometry":{"type":"MultiLineString","coordinates":[[[-85.1952,35.88497],[-85.19208,35.88731]]]}},{"type":"Feature","properties":{"kind":"minor-water","name":"Wilkerson Creek","ftype":460,"lengthKm":1.78,"hu8":"05130108","pid":"136991452"},"geometry":{"type":"MultiLineString","coordinates":[[[-85.2268,35.98626],[-85.22633,35.9866],[-85.22586,35.98644],[-85.22533,35.98742],[-85.22478,35.98764],[-85.2245,35.98746],[-85.22386,35.98784],[-85.22154,35.98998],[-85.21994,35.9897],[-85.21937,35.98988],[-85.21848,35.99078],[-85.21841,35.99158],[-85.21784,35.9922],[-85.21622,35.99199],[-85.21487,35.99245],[-85.21487,35.99403],[-85.21541,35.99508]]]}},{"type":"Feature","properties":{"kind":"minor-water","name":"Caney Fork","ftype":558,"lengthKm":0.96,"hu8":"05130108","pid":"136994019"},"geometry":{"type":"MultiLineString","coordinates":[[[-85.2265,35.88107],[-85.22744,35.88011],[-85.22781,35.87636],[-85.2283,35.87511],[-85.22975,35.87413],[-85.23066,35.87389]]]}},{"type":"Feature","properties":{"kind":"minor-water","name":"Gastens Branch","ftype":558,"lengthKm":0.02,"hu8":"05130108","pid":"136994054"},"geometry":{"type":"MultiLineString","coordinates":[[[-85.33802,35.82652],[-85.3381,35.82671]]]}},{"type":"Feature","properties":{"kind":"minor-water","name":"Bee Creek","ftype":558,"lengthKm":0.44,"hu8":"05130108","pid":"136994690"},"geometry":{"type":"MultiLineString","coordinates":[[[-85.20746,35.75288],[-85.21023,35.75259],[-85.21192,35.7535]]]}},{"type":"Feature","properties":{"kind":"minor-water","name":"Beam Creek","ftype":460,"lengthKm":0.32,"hu8":"05130108","pid":"136983768"},"geometry":{"type":"MultiLineString","coordinates":[[[-85.14136,35.97631],[-85.14192,35.9754],[-85.14157,35.97508],[-85.14156,35.97369]]]}},{"type":"Feature","properties":{"kind":"minor-water","name":"Brady Branch","ftype":460,"lengthKm":0.23,"hu8":"05130108","pid":"136985507"},"geometry":{"type":"MultiLineString","coordinates":[[[-85.27023,36.12506],[-85.27201,36.12352]]]}},{"type":"Feature","properties":{"kind":"minor-water","name":"Hickory Valley Branch","ftype":460,"lengthKm":0.29,"hu8":"05130108","pid":"136985644"},"geometry":{"type":"MultiLineString","coordinates":[[[-85.40441,35.88397],[-85.4067,35.88212]]]}},{"type":"Feature","properties":{"kind":"minor-water","name":"Baltimore Branch","ftype":460,"lengthKm":1.03,"hu8":"05130108","pid":"136990580"},"geometry":{"type":"MultiLineString","coordinates":[[[-85.49608,35.55912],[-85.49564,35.56018],[-85.4963,35.56073],[-85.49625,35.5613],[-85.49506,35.56172],[-85.49471,35.56226],[-85.49345,35.56285],[-85.49337,35.56421],[-85.4919,35.56527],[-85.49195,35.56624]]]}},{"type":"Feature","properties":{"kind":"minor-water","name":"Polebridge Creek","ftype":460,"lengthKm":1.63,"hu8":"05130108","pid":"136991060"},"geometry":{"type":"MultiLineString","coordinates":[[[-85.28602,35.59483],[-85.2875,35.59522],[-85.2879,35.59491],[-85.28903,35.59351],[-85.2881,35.59258],[-85.28848,35.59218],[-85.29172,35.59329],[-85.2927,35.59409],[-85.29411,35.59301],[-85.29499,35.59359],[-85.29548,35.59359],[-85.29663,35.59308],[-85.29685,35.59205],[-85.2976,35.59212]]]}},{"type":"Feature","properties":{"kind":"minor-water","name":"Glade Creek","ftype":558,"lengthKm":1.93,"hu8":"05130108","pid":"136994003"},"geometry":{"type":"MultiLineString","coordinates":[[[-85.26763,35.73045],[-85.2677,35.73131],[-85.26831,35.73172],[-85.27052,35.7323],[-85.27072,35.7327],[-85.26994,35.7338],[-85.26877,35.73433],[-85.26756,35.73596],[-85.26763,35.7369],[-85.26907,35.73755],[-85.26892,35.73809],[-85.26683,35.74008],[-85.26495,35.74023],[-85.26577,35.74241]]]}},{"type":"Feature","properties":{"kind":"minor-water","name":"Caney Fork","ftype":558,"lengthKm":1.47,"hu8":"05130108","pid":"136993966"},"geometry":{"type":"MultiLineString","coordinates":[[[-85.40874,35.83199],[-85.41006,35.83243],[-85.41183,35.83257],[-85.41379,35.83185],[-85.41775,35.82555],[-85.41839,35.82381]]]}},{"type":"Feature","properties":{"kind":"minor-water","name":"Caney Fork","ftype":558,"lengthKm":2.19,"hu8":"05130108","pid":"136993980"},"geometry":{"type":"MultiLineString","coordinates":[[[-85.31255,35.83579],[-85.31555,35.83609],[-85.31651,35.83652],[-85.31897,35.83687],[-85.32109,35.83672],[-85.32265,35.83597],[-85.32352,35.83449],[-85.32712,35.83334],[-85.32818,35.83218],[-85.33086,35.83054],[-85.33204,35.83097],[-85.33347,35.83104]]]}},{"type":"Feature","properties":{"kind":"minor-water","name":"Polly Branch","ftype":460,"lengthKm":1.26,"hu8":"05130108","pid":"136986317"},"geometry":{"type":"MultiLineString","coordinates":[[[-85.26872,35.86466],[-85.26537,35.86421],[-85.26395,35.86462],[-85.26228,35.864],[-85.26212,35.86353],[-85.26143,35.8632],[-85.25561,35.86354]]]}},{"type":"Feature","properties":{"kind":"minor-water","name":"Caney Fork","ftype":460,"lengthKm":0.1,"hu8":"05130108","pid":"136986129"},"geometry":{"type":"MultiLineString","coordinates":[[[-85.18448,36.0204],[-85.18554,36.0201]]]}},{"type":"Feature","properties":{"kind":"minor-water","name":"Farmers Creek","ftype":460,"lengthKm":0.1,"hu8":"05130108","pid":"136993017"},"geometry":{"type":"MultiLineString","coordinates":[[[-85.10304,35.81824],[-85.10331,35.81735]]]}},{"type":"Feature","properties":{"kind":"minor-water","name":"Potts Creek","ftype":460,"lengthKm":0.34,"hu8":"05130108","pid":"136991068"},"geometry":{"type":"MultiLineString","coordinates":[[[-85.18271,35.88503],[-85.18636,35.88566]]]}},{"type":"Feature","properties":{"kind":"minor-water","name":"Wolfpen Creek","ftype":460,"lengthKm":0.45,"hu8":"05130108","pid":"136991255"},"geometry":{"type":"MultiLineString","coordinates":[[[-85.21809,35.69289],[-85.21607,35.69332],[-85.21472,35.69406],[-85.21395,35.69488]]]}},{"type":"Feature","properties":{"kind":"minor-water","name":"Caney Fork","ftype":558,"lengthKm":0.78,"hu8":"05130108","pid":"136993971"},"geometry":{"type":"MultiLineString","coordinates":[[[-85.37692,35.81469],[-85.37957,35.81534],[-85.38126,35.81814],[-85.38257,35.81944]]]}},{"type":"Feature","properties":{"kind":"minor-water","name":"Caney Fork","ftype":558,"lengthKm":0.62,"hu8":"05130108","pid":"136993883"},"geometry":{"type":"MultiLineString","coordinates":[[[-85.16582,36.03777],[-85.16699,36.03709],[-85.16758,36.03634],[-85.16935,36.03639],[-85.17002,36.03604],[-85.17042,36.03527],[-85.1712,36.03534]]]}},{"type":"Feature","properties":{"kind":"minor-water","name":"Barnes Creek","ftype":460,"lengthKm":0.89,"hu8":"05130108","pid":"136991395"},"geometry":{"type":"MultiLineString","coordinates":[[[-85.11922,35.86618],[-85.12003,35.86566],[-85.12021,35.86485],[-85.12117,35.86355],[-85.12277,35.86267],[-85.12282,35.86207],[-85.12226,35.86137],[-85.12236,35.86054],[-85.12361,35.86035]]]}},{"type":"Feature","properties":{"kind":"minor-water","name":"Frey Branch","ftype":460,"lengthKm":0.7,"hu8":"05130108","pid":"136991491"},"geometry":{"type":"MultiLineString","coordinates":[[[-85.20317,35.98335],[-85.20088,35.98604],[-85.19873,35.98662],[-85.19784,35.98755]]]}},{"type":"Feature","properties":{"kind":"minor-water","name":"West Fork Creek","ftype":460,"lengthKm":1.8,"hu8":"05130108","pid":"136991511"},"geometry":{"type":"MultiLineString","coordinates":[[[-85.20366,35.91084],[-85.20435,35.90811],[-85.2043,35.90697],[-85.20405,35.90654],[-85.20247,35.90584],[-85.20196,35.90432],[-85.20068,35.90372],[-85.20163,35.90142],[-85.19996,35.90098],[-85.19846,35.90124],[-85.19855,35.89981],[-85.19771,35.89909]]]}},{"type":"Feature","properties":{"kind":"minor-water","name":"Spring Creek","ftype":558,"lengthKm":0.01,"hu8":"05130108","pid":"136994049"},"geometry":{"type":"MultiLineString","coordinates":[[[-85.27327,35.78319],[-85.27324,35.78328]]]}},{"type":"Feature","properties":{"kind":"minor-water","name":"Dry Fork","ftype":460,"lengthKm":0.54,"hu8":"05130108","pid":"136983602"},"geometry":{"type":"MultiLineString","coordinates":[[[-85.41157,35.73716],[-85.41028,35.73807],[-85.40843,35.73849],[-85.40679,35.7398]]]}},{"type":"Feature","properties":{"kind":"minor-water","name":"Pole Bridge Branch","ftype":460,"lengthKm":0.93,"hu8":"05130108","pid":"136989776"},"geometry":{"type":"MultiLineString","coordinates":[[[-85.29903,35.90775],[-85.30561,35.90493],[-85.30766,35.90482],[-85.30837,35.90451]]]}},{"type":"Feature","properties":{"kind":"minor-water","name":"Little Sink Branch","ftype":460,"lengthKm":3.92,"hu8":"05130108","pid":"136990417"},"geometry":{"type":"MultiLineString","coordinates":[[[-85.36709,35.76853],[-85.36774,35.76903],[-85.36781,35.77132],[-85.36854,35.77207],[-85.36858,35.77254],[-85.36745,35.77389],[-85.36569,35.77448],[-85.3643,35.77577],[-85.36348,35.776],[-85.36336,35.7766],[-85.36257,35.77732],[-85.36245,35.77976],[-85.36322,35.78038],[-85.36312,35.7815],[-85.36503,35.78196],[-85.36386,35.78329],[-85.36398,35.78475],[-85.36564,35.78667],[-85.3675,35.78758],[-85.36826,35.78824],[-85.36826,35.78862],[-85.36617,35.79081],[-85.3647,35.7914],[-85.36445,35.79221],[-85.36268,35.79384],[-85.3622,35.7958]]]}},{"type":"Feature","properties":{"kind":"minor-water","name":"Hill Branch","ftype":460,"lengthKm":1.71,"hu8":"05130108","pid":"136991553"},"geometry":{"type":"MultiLineString","coordinates":[[[-85.25983,35.5943],[-85.26356,35.59091],[-85.26583,35.59007],[-85.26731,35.58865],[-85.26814,35.58856],[-85.26877,35.58893],[-85.26913,35.58867],[-85.27136,35.58871],[-85.27245,35.58939],[-85.27471,35.58983],[-85.27495,35.59017]]]}},{"type":"Feature","properties":{"kind":"minor-water","name":"Glade Creek","ftype":460,"lengthKm":1.5,"hu8":"05130108","pid":"136990648"},"geometry":{"type":"MultiLineString","coordinates":[[[-85.25186,35.69583],[-85.25199,35.69633],[-85.25267,35.69682],[-85.25512,35.69697],[-85.257,35.6978],[-85.25711,35.69837],[-85.25628,35.69931],[-85.25714,35.7],[-85.25613,35.70082],[-85.25722,35.7017],[-85.25738,35.70336],[-85.25812,35.70495]]]}},{"type":"Feature","properties":{"kind":"minor-water","name":"Glade Creek","ftype":460,"lengthKm":0.06,"hu8":"05130108","pid":"136990656"},"geometry":{"type":"MultiLineString","coordinates":[[[-85.24303,35.66228],[-85.2435,35.66268]]]}},{"type":"Feature","properties":{"kind":"minor-water","name":"Glade Creek","ftype":460,"lengthKm":1.32,"hu8":"05130108","pid":"136990665"},"geometry":{"type":"MultiLineString","coordinates":[[[-85.2506,35.60816],[-85.25112,35.6112],[-85.25058,35.61245],[-85.25051,35.61611],[-85.24883,35.61965]]]}},{"type":"Feature","properties":{"kind":"minor-water","name":"Whiteoak Creek","ftype":460,"lengthKm":1.44,"hu8":"05130108","pid":"136990854"},"geometry":{"type":"MultiLineString","coordinates":[[[-85.17486,35.95447],[-85.17396,35.95396],[-85.17463,35.95108],[-85.17403,35.94998],[-85.17471,35.94816],[-85.17447,35.94725],[-85.17493,35.94645],[-85.1756,35.94613],[-85.17596,35.9469],[-85.17669,35.94673],[-85.17687,35.94462]]]}},{"type":"Feature","properties":{"kind":"minor-water","name":"Big Lost Creek","ftype":558,"lengthKm":0.03,"hu8":"05130108","pid":"136994228"},"geometry":{"type":"MultiLineString","coordinates":[[[-85.30956,35.93359],[-85.3099,35.9335]]]}},{"type":"Feature","properties":{"kind":"minor-water","name":"Meadow Creek","ftype":558,"lengthKm":0.54,"hu8":"05130108","pid":"136994838"},"geometry":{"type":"MultiLineString","coordinates":[[[-85.35337,35.60088],[-85.35358,35.60134],[-85.3548,35.60155],[-85.35476,35.60269],[-85.35622,35.60454]]]}},{"type":"Feature","properties":{"kind":"minor-water","name":"Cowen Branch","ftype":460,"lengthKm":0.63,"hu8":"05130108","pid":"136993003"},"geometry":{"type":"MultiLineString","coordinates":[[[-85.17734,35.75095],[-85.17702,35.75339],[-85.17921,35.75402],[-85.17997,35.75367],[-85.1807,35.75377]]]}},{"type":"Feature","properties":{"kind":"minor-water","name":"Dry Fork","ftype":460,"lengthKm":0.51,"hu8":"05130108","pid":"136983738"},"geometry":{"type":"MultiLineString","coordinates":[[[-85.47891,35.64802],[-85.47936,35.64793],[-85.47996,35.64865],[-85.48147,35.64816],[-85.48215,35.64934],[-85.48293,35.64974]]]}},{"type":"Feature","properties":{"kind":"minor-water","name":"Hickory Valley Branch","ftype":460,"lengthKm":0.25,"hu8":"05130108","pid":"136985654"},"geometry":{"type":"MultiLineString","coordinates":[[[-85.39272,35.89263],[-85.39093,35.89091]]]}},{"type":"Feature","properties":{"kind":"minor-water","name":"Camp Creek","ftype":460,"lengthKm":1.06,"hu8":"05130108","pid":"136986633"},"geometry":{"type":"MultiLineString","coordinates":[[[-85.30556,35.66103],[-85.30626,35.66061],[-85.30804,35.6605],[-85.31012,35.66108],[-85.31021,35.66037],[-85.3108,35.66033],[-85.31124,35.65939],[-85.31314,35.65855],[-85.31379,35.65865],[-85.31478,35.65933]]]}},{"type":"Feature","properties":{"kind":"minor-water","name":"Millsea Branch","ftype":460,"lengthKm":0.54,"hu8":"05130108","pid":"136990422"},"geometry":{"type":"MultiLineString","coordinates":[[[-85.24997,35.89077],[-85.25083,35.89005],[-85.25068,35.88785],[-85.25147,35.88633]]]}},{"type":"Feature","properties":{"kind":"minor-water","name":"Fox Thicket Creek","ftype":460,"lengthKm":0.84,"hu8":"05130108","pid":"136990643"},"geometry":{"type":"MultiLineString","coordinates":[[[-85.38236,35.56189],[-85.38128,35.56158],[-85.38058,35.56198],[-85.38026,35.56262],[-85.37951,35.56273],[-85.37756,35.56118],[-85.37629,35.56154],[-85.37555,35.56146],[-85.37542,35.56215]]]}},{"type":"Feature","properties":{"kind":"minor-water","name":"Bridge Creek","ftype":460,"lengthKm":0.45,"hu8":"05130108","pid":"136990925"},"geometry":{"type":"MultiLineString","coordinates":[[[-85.24437,36.07923],[-85.24453,36.07761],[-85.24386,36.07579],[-85.24331,36.07552]]]}},{"type":"Feature","properties":{"kind":"minor-water","name":"Little Laurel Creek","ftype":460,"lengthKm":3.95,"hu8":"05130108","pid":"136991036"},"geometry":{"type":"MultiLineString","coordinates":[[[-85.32101,35.86759],[-85.3217,35.86742],[-85.32193,35.86704],[-85.32145,35.86539],[-85.32196,35.8638],[-85.32155,35.86327],[-85.3233,35.86202],[-85.32272,35.86102],[-85.32422,35.86029],[-85.32423,35.85886],[-85.32493,35.85723],[-85.32477,35.85624],[-85.32417,35.8555],[-85.32467,35.85429],[-85.32505,35.85094],[-85.32374,35.84666],[-85.32472,35.84527],[-85.32541,35.84252],[-85.32633,35.84134],[-85.32576,35.84076],[-85.32596,35.83973],[-85.32533,35.83846],[-85.32598,35.83691],[-85.32766,35.83631]]]}},{"type":"Feature","properties":{"kind":"minor-water","name":"Potts Creek","ftype":460,"lengthKm":0.24,"hu8":"05130108","pid":"136991399"},"geometry":{"type":"MultiLineString","coordinates":[[[-85.16562,35.881],[-85.16676,35.88179],[-85.16797,35.88173]]]}},{"type":"Feature","properties":{"kind":"minor-water","name":"Hughes Creek","ftype":460,"lengthKm":1.29,"hu8":"05130108","pid":"136991430"},"geometry":{"type":"MultiLineString","coordinates":[[[-85.12929,35.91184],[-85.12852,35.91196],[-85.12708,35.91157],[-85.12515,35.91232],[-85.124,35.91548],[-85.12272,35.91694],[-85.12282,35.91758],[-85.1223,35.91849],[-85.12213,35.91979]]]}},{"type":"Feature","properties":{"kind":"minor-water","name":"Flat Creek","ftype":460,"lengthKm":0.16,"hu8":"05130108","pid":"136992654"},"geometry":{"type":"MultiLineString","coordinates":[[[-85.25805,35.65147],[-85.25827,35.65218],[-85.25889,35.65267]]]}},{"type":"Feature","properties":{"kind":"minor-water","name":"West Fork Creek","ftype":558,"lengthKm":0.01,"hu8":"05130108","pid":"136994074"},"geometry":{"type":"MultiLineString","coordinates":[[[-85.19741,35.89716],[-85.1974,35.89705]]]}},{"type":"Feature","properties":{"kind":"minor-water","name":"Cane Creek","ftype":558,"lengthKm":0.24,"hu8":"05130108","pid":"136994777"},"geometry":{"type":"MultiLineString","coordinates":[[[-85.35209,35.66728],[-85.35306,35.66721],[-85.35423,35.66816]]]}},{"type":"Feature","properties":{"kind":"minor-water","name":"England Cove","ftype":460,"lengthKm":0.66,"hu8":"05130108","pid":"136990911"},"geometry":{"type":"MultiLineString","coordinates":[[[-85.32291,36.02539],[-85.32361,36.02517],[-85.32614,36.02536],[-85.32696,36.02514],[-85.32812,36.02567],[-85.32848,36.02669],[-85.32903,36.02669]]]}},{"type":"Feature","properties":{"kind":"minor-water","name":"Sandy Creek","ftype":460,"lengthKm":0.71,"hu8":"05130108","pid":"136991474"},"geometry":{"type":"MultiLineString","coordinates":[[[-85.23898,36.00761],[-85.23524,36.00527],[-85.23298,36.00531],[-85.23218,36.00506]]]}},{"type":"Feature","properties":{"kind":"minor-water","name":"Frey Branch","ftype":460,"lengthKm":0.17,"hu8":"05130108","pid":"136991493"},"geometry":{"type":"MultiLineString","coordinates":[[[-85.20408,35.98201],[-85.20317,35.98335]]]}},{"type":"Feature","properties":{"kind":"minor-water","name":"Cane Creek","ftype":558,"lengthKm":0.31,"hu8":"05130108","pid":"136994658"},"geometry":{"type":"MultiLineString","coordinates":[[[-85.40626,35.79426],[-85.40618,35.79484],[-85.40701,35.7956],[-85.40751,35.79555],[-85.40815,35.79497]]]}},{"type":"Feature","properties":{"kind":"minor-water","name":"Caney Fork","ftype":558,"lengthKm":0.16,"hu8":"05130108","pid":"136993881"},"geometry":{"type":"MultiLineString","coordinates":[[[-85.16417,36.03946],[-85.16526,36.03837]]]}},{"type":"Feature","properties":{"kind":"minor-water","name":"Fall Creek","ftype":558,"lengthKm":1.05,"hu8":"05130108","pid":"136994823"},"geometry":{"type":"MultiLineString","coordinates":[[[-85.38911,35.64683],[-85.38855,35.64684],[-85.38754,35.6461],[-85.38392,35.64644],[-85.37971,35.64502],[-85.37854,35.64578]]]}},{"type":"Feature","properties":{"kind":"minor-water","name":"Meadow Creek","ftype":558,"lengthKm":0.03,"hu8":"05130108","pid":"136994242"},"geometry":{"type":"MultiLineString","coordinates":[[[-85.07356,35.90597],[-85.07383,35.90589]]]}},{"type":"Feature","properties":{"kind":"minor-water","name":"Cane Creek","ftype":558,"lengthKm":0.08,"hu8":"05130108","pid":"136994626"},"geometry":{"type":"MultiLineString","coordinates":[[[-85.40565,35.79127],[-85.40569,35.79199]]]}},{"type":"Feature","properties":{"kind":"minor-water","name":"Dry Fork","ftype":460,"lengthKm":1.07,"hu8":"05130108","pid":"136983713"},"geometry":{"type":"MultiLineString","coordinates":[[[-85.49843,35.66549],[-85.49837,35.66649],[-85.49973,35.66726],[-85.49909,35.66865],[-85.49986,35.66949],[-85.49968,35.6723],[-85.49997,35.67425]]]}},{"type":"Feature","properties":{"kind":"minor-water","name":"Potts Creek","ftype":460,"lengthKm":0.5,"hu8":"05130108","pid":"136990194"},"geometry":{"type":"MultiLineString","coordinates":[[[-85.14098,35.87513],[-85.1418,35.87566],[-85.14445,35.87623],[-85.14614,35.8759]]]}},{"type":"Feature","properties":{"kind":"minor-water","name":"Panter Creek","ftype":460,"lengthKm":0.23,"hu8":"05130108","pid":"136991213"},"geometry":{"type":"MultiLineString","coordinates":[[[-85.22042,35.66319],[-85.2207,35.66237],[-85.22211,35.66198]]]}},{"type":"Feature","properties":{"kind":"minor-water","name":"Jumping Branch","ftype":460,"lengthKm":0.65,"hu8":"05130108","pid":"136991344"},"geometry":{"type":"MultiLineString","coordinates":[[[-85.18541,35.86384],[-85.1855,35.86477],[-85.18484,35.8657],[-85.18267,35.86608],[-85.18216,35.86647],[-85.1804,35.86661]]]}},{"type":"Feature","properties":{"kind":"minor-water","name":"Cane Creek","ftype":460,"lengthKm":0.63,"hu8":"05130108","pid":"136990623"},"geometry":{"type":"MultiLineString","coordinates":[[[-85.32627,35.63461],[-85.32686,35.63505],[-85.32944,35.63492],[-85.33167,35.63723]]]}},{"type":"Feature","properties":{"kind":"minor-water","name":"Fox Thicket Creek","ftype":460,"lengthKm":1.51,"hu8":"05130108","pid":"136990639"},"geometry":{"type":"MultiLineString","coordinates":[[[-85.37542,35.56215],[-85.37387,35.56253],[-85.37237,35.56238],[-85.3698,35.56094],[-85.36952,35.56008],[-85.36835,35.5595],[-85.36791,35.55826],[-85.36683,35.55815],[-85.36636,35.55768],[-85.36595,35.5579],[-85.36609,35.55913],[-85.36567,35.55938],[-85.36505,35.55906],[-85.36409,35.55975]]]}},{"type":"Feature","properties":{"kind":"minor-water","name":"Falling Water River","ftype":460,"lengthKm":0.84,"hu8":"05130108","pid":"136990767"},"geometry":{"type":"MultiLineString","coordinates":[[[-85.35355,36.15097],[-85.35517,36.15035],[-85.36052,36.146]]]}},{"type":"Feature","properties":{"kind":"minor-water","name":"Beaverdam Creek","ftype":460,"lengthKm":0.97,"hu8":"05130108","pid":"136990892"},"geometry":{"type":"MultiLineString","coordinates":[[[-85.20233,35.69111],[-85.20233,35.69199],[-85.20384,35.69205],[-85.20516,35.69303],[-85.20599,35.69329],[-85.20646,35.69386],[-85.20814,35.69458],[-85.20883,35.69536],[-85.21022,35.69589]]]}},{"type":"Feature","properties":{"kind":"minor-water","name":"Big Lost Creek","ftype":460,"lengthKm":1.1,"hu8":"05130108","pid":"136991993"},"geometry":{"type":"MultiLineString","coordinates":[[[-85.32106,35.91249],[-85.3209,35.9114],[-85.3199,35.90976],[-85.32032,35.90912],[-85.32202,35.90916],[-85.32233,35.90889],[-85.32193,35.9083],[-85.32084,35.90803],[-85.32049,35.90763],[-85.32175,35.90667],[-85.3216,35.90569]]]}},{"type":"Feature","properties":{"kind":"minor-water","name":"Beam Creek","ftype":460,"lengthKm":2.11,"hu8":"05130108","pid":"136986078"},"geometry":{"type":"MultiLineString","coordinates":[[[-85.16428,36.02653],[-85.16246,36.0265],[-85.15929,36.02471],[-85.15752,36.02471],[-85.15443,36.02388],[-85.15295,36.02311],[-85.15177,36.02313],[-85.15112,36.02143],[-85.15048,36.02104],[-85.15048,36.02045],[-85.14984,36.02004],[-85.15068,36.01882],[-85.14975,36.01834],[-85.15043,36.01802],[-85.15043,36.01666]]]}},{"type":"Feature","properties":{"kind":"minor-water","name":"Bridge Creek","ftype":460,"lengthKm":0.31,"hu8":"05130108","pid":"136985448"},"geometry":{"type":"MultiLineString","coordinates":[[[-85.24798,36.09966],[-85.24997,36.0974]]]}},{"type":"Feature","properties":{"kind":"minor-water","name":"Flynn Creek","ftype":460,"lengthKm":1.01,"hu8":"05130108","pid":"136985997"},"geometry":{"type":"MultiLineString","coordinates":[[[-85.13845,35.86919],[-85.1413,35.86856],[-85.14379,35.86702],[-85.14535,35.86648],[-85.14721,35.86495],[-85.14793,35.86479]]]}},{"type":"Feature","properties":{"kind":"minor-water","name":"Meadow Creek","ftype":460,"lengthKm":0.67,"hu8":"05130108","pid":"136990722"},"geometry":{"type":"MultiLineString","coordinates":[[[-85.12686,35.90205],[-85.1278,35.90181],[-85.13123,35.90223],[-85.13254,35.9036],[-85.13338,35.90376]]]}},{"type":"Feature","properties":{"kind":"minor-water","name":"Short Creek","ftype":460,"lengthKm":0.24,"hu8":"05130108","pid":"136990050"},"geometry":{"type":"MultiLineString","coordinates":[[[-85.25175,35.82128],[-85.24996,35.82292]]]}},{"type":"Feature","properties":{"kind":"minor-water","name":"Indian Camp Branch","ftype":558,"lengthKm":0.01,"hu8":"05130108","pid":"136994648"},"geometry":{"type":"MultiLineString","coordinates":[[[-85.38692,35.71492],[-85.38682,35.71493]]]}},{"type":"Feature","properties":{"kind":"minor-water","name":"Whiteoak Creek","ftype":460,"lengthKm":2.11,"hu8":"05130108","pid":"136990845"},"geometry":{"type":"MultiLineString","coordinates":[[[-85.23451,35.96109],[-85.23258,35.96252],[-85.23174,35.96387],[-85.22932,35.9647],[-85.22691,35.9642],[-85.22516,35.96423],[-85.22151,35.96305],[-85.22049,35.96314],[-85.21937,35.96239],[-85.21628,35.96368],[-85.21467,35.96491]]]}},{"type":"Feature","properties":{"kind":"minor-water","name":"Whiteoak Creek","ftype":460,"lengthKm":1.7,"hu8":"05130108","pid":"136990853"},"geometry":{"type":"MultiLineString","coordinates":[[[-85.1836,35.95998],[-85.18285,35.95925],[-85.18359,35.95793],[-85.18315,35.95695],[-85.18346,35.95661],[-85.18478,35.95631],[-85.18436,35.95524],[-85.17996,35.95405],[-85.17952,35.95431],[-85.17947,35.95502],[-85.17906,35.95545],[-85.17728,35.95571],[-85.17486,35.95447]]]}},{"type":"Feature","properties":{"kind":"minor-water","name":"Camps Gulf Branch","ftype":460,"lengthKm":0.67,"hu8":"05130108","pid":"136991572"},"geometry":{"type":"MultiLineString","coordinates":[[[-85.38802,35.75007],[-85.38858,35.75056],[-85.39055,35.75101],[-85.39108,35.75196],[-85.3928,35.75358],[-85.39283,35.75408]]]}},{"type":"Feature","properties":{"kind":"minor-water","name":"Caney Fork","ftype":558,"lengthKm":0.35,"hu8":"05130108","pid":"136994030"},"geometry":{"type":"MultiLineString","coordinates":[[[-85.18857,35.9012],[-85.19019,35.90037],[-85.19113,35.89897]]]}},{"type":"Feature","properties":{"kind":"minor-water","name":"Whiteoak Creek","ftype":460,"lengthKm":0.28,"hu8":"05130108","pid":"136990852"},"geometry":{"type":"MultiLineString","coordinates":[[[-85.18623,35.96127],[-85.1836,35.95998]]]}},{"type":"Feature","properties":{"kind":"minor-water","name":"Keith Branch","ftype":460,"lengthKm":1.21,"hu8":"05130108","pid":"136985972"},"geometry":{"type":"MultiLineString","coordinates":[[[-85.16811,35.82555],[-85.16296,35.83223],[-85.16235,35.83388],[-85.16233,35.8352]]]}},{"type":"Feature","properties":{"kind":"minor-water","name":"Bradbury Branch","ftype":460,"lengthKm":1.07,"hu8":"05130108","pid":"136990425"},"geometry":{"type":"MultiLineString","coordinates":[[[-85.17853,35.92144],[-85.18043,35.92165],[-85.18287,35.92011],[-85.18362,35.91814],[-85.18489,35.91764],[-85.18459,35.91624],[-85.18384,35.91554]]]}},{"type":"Feature","properties":{"kind":"minor-water","name":"Dry Fork","ftype":460,"lengthKm":0.55,"hu8":"05130108","pid":"136990589"},"geometry":{"type":"MultiLineString","coordinates":[[[-85.4637,35.62033],[-85.46308,35.62143],[-85.46378,35.62371],[-85.46356,35.62507]]]}},{"type":"Feature","properties":{"kind":"minor-water","name":"Cane Creek","ftype":460,"lengthKm":0.22,"hu8":"05130108","pid":"136990635"},"geometry":{"type":"MultiLineString","coordinates":[[[-85.33794,35.5765],[-85.33628,35.57654],[-85.33569,35.57694]]]}},{"type":"Feature","properties":{"kind":"minor-water","name":"Glade Creek","ftype":460,"lengthKm":0.55,"hu8":"05130108","pid":"136990663"},"geometry":{"type":"MultiLineString","coordinates":[[[-85.24104,35.63103],[-85.24093,35.6322],[-85.24145,35.63295],[-85.24113,35.63506],[-85.24158,35.63574]]]}},{"type":"Feature","properties":{"kind":"minor-water","name":"Barnes Hollow Branch","ftype":460,"lengthKm":0.09,"hu8":"05130108","pid":"136991142"},"geometry":{"type":"MultiLineString","coordinates":[[[-85.37408,36.16602],[-85.37497,36.16559]]]}},{"type":"Feature","properties":{"kind":"minor-water","name":"Whiteside Branch","ftype":460,"lengthKm":0.45,"hu8":"05130108","pid":"136991235"},"geometry":{"type":"MultiLineString","coordinates":[[[-85.23624,35.71329],[-85.23674,35.71277],[-85.23778,35.71238],[-85.23814,35.71178],[-85.23891,35.71154],[-85.2403,35.71169]]]}},{"type":"Feature","properties":{"kind":"minor-water","name":"Wilkerson Creek","ftype":460,"lengthKm":1.22,"hu8":"05130108","pid":"136991458"},"geometry":{"type":"MultiLineString","coordinates":[[[-85.2562,35.97827],[-85.25485,35.97948],[-85.25363,35.98159],[-85.25266,35.98203],[-85.25191,35.9828],[-85.25208,35.9856],[-85.2513,35.98786]]]}},{"type":"Feature","properties":{"kind":"minor-water","name":"Bee Creek","ftype":460,"lengthKm":1.05,"hu8":"05130108","pid":"136990676"},"geometry":{"type":"MultiLineString","coordinates":[[[-85.12991,35.76495],[-85.13048,35.76441],[-85.13154,35.76411],[-85.13134,35.76674],[-85.13297,35.76843],[-85.13397,35.77033],[-85.13515,35.77049]]]}},{"type":"Feature","properties":{"kind":"minor-water","name":"Bee Creek","ftype":460,"lengthKm":0.2,"hu8":"05130108","pid":"136990678"},"geometry":{"type":"MultiLineString","coordinates":[[[-85.12078,35.77102],[-85.1211,35.7704],[-85.12251,35.77039]]]}},{"type":"Feature","properties":{"kind":"minor-water","name":"Beam Creek","ftype":460,"lengthKm":0.5,"hu8":"05130108","pid":"136990737"},"geometry":{"type":"MultiLineString","coordinates":[[[-85.15043,36.01666],[-85.15011,36.01599],[-85.14869,36.01505],[-85.14871,36.01406],[-85.14707,36.01421]]]}},{"type":"Feature","properties":{"kind":"minor-water","name":"Stamps Hollow Creek","ftype":460,"lengthKm":1.5,"hu8":"05130108","pid":"136990759"},"geometry":{"type":"MultiLineString","coordinates":[[[-85.29527,36.11318],[-85.29705,36.112],[-85.29832,36.11155],[-85.29985,36.11007],[-85.30163,36.10973],[-85.30292,36.10868],[-85.30428,36.10813],[-85.30596,36.10673],[-85.30863,36.10564]]]}},{"type":"Feature","properties":{"kind":"minor-water","name":"Caney Fork","ftype":558,"lengthKm":0.34,"hu8":"05130108","pid":"136993972"},"geometry":{"type":"MultiLineString","coordinates":[[[-85.37451,35.81246],[-85.37544,35.81293],[-85.37692,35.81469]]]}},{"type":"Feature","properties":{"kind":"minor-water","name":"Bee Creek","ftype":558,"lengthKm":1.29,"hu8":"05130108","pid":"136993993"},"geometry":{"type":"MultiLineString","coordinates":[[[-85.27385,35.78598],[-85.27353,35.78704],[-85.27018,35.78976],[-85.26979,35.79259],[-85.26866,35.7944],[-85.26817,35.79616]]]}},{"type":"Feature","properties":{"kind":"minor-water","name":"Caney Fork","ftype":558,"lengthKm":0.21,"hu8":"05130108","pid":"136994021"},"geometry":{"type":"MultiLineString","coordinates":[[[-85.21504,35.87829],[-85.21733,35.8782]]]}},{"type":"Feature","properties":{"kind":"minor-water","name":"Raccoon Creek","ftype":460,"lengthKm":0.24,"hu8":"05130108","pid":"136991314"},"geometry":{"type":"MultiLineString","coordinates":[[[-85.16237,35.76824],[-85.16137,35.76785],[-85.16064,35.76669]]]}},{"type":"Feature","properties":{"kind":"minor-water","name":"Dry Fork","ftype":460,"lengthKm":0.58,"hu8":"05130108","pid":"136983647"},"geometry":{"type":"MultiLineString","coordinates":[[[-85.44647,35.71685],[-85.44487,35.71635],[-85.4435,35.71538],[-85.44142,35.71516],[-85.44074,35.7148]]]}},{"type":"Feature","properties":{"kind":"minor-water","name":"Lost Creek","ftype":460,"lengthKm":0.77,"hu8":"05130108","pid":"136989741"},"geometry":{"type":"MultiLineString","coordinates":[[[-85.36554,35.8571],[-85.36596,35.85656],[-85.36549,35.85553],[-85.36614,35.8546],[-85.36611,35.85333],[-85.36522,35.85253],[-85.3649,35.85074]]]}},{"type":"Feature","properties":{"kind":"minor-water","name":"Joe Branch","ftype":460,"lengthKm":1.03,"hu8":"05130108","pid":"136990427"},"geometry":{"type":"MultiLineString","coordinates":[[[-85.33845,35.69787],[-85.3416,35.69774],[-85.34272,35.69806],[-85.34474,35.698],[-85.34663,35.69626],[-85.348,35.6959],[-85.34879,35.69598]]]}},{"type":"Feature","properties":{"kind":"minor-water","name":"Clifty Creek","ftype":460,"lengthKm":1,"hu8":"05130108","pid":"136990743"},"geometry":{"type":"MultiLineString","coordinates":[[[-85.25147,35.88633],[-85.25055,35.88567],[-85.25025,35.88494],[-85.25115,35.88302],[-85.25094,35.88185],[-85.24928,35.88152],[-85.24822,35.88062],[-85.24651,35.88073]]]}},{"type":"Feature","properties":{"kind":"minor-water","name":"Calfkiller River","ftype":460,"lengthKm":0.29,"hu8":"05130108","pid":"136990757"},"geometry":{"type":"MultiLineString","coordinates":[[[-85.31713,36.09648],[-85.31841,36.09503],[-85.3194,36.09472]]]}},{"type":"Feature","properties":{"kind":"minor-water","name":"Cane Creek","ftype":460,"lengthKm":1.01,"hu8":"05130108","pid":"136991542"},"geometry":{"type":"MultiLineString","coordinates":[[[-85.36008,35.54235],[-85.36041,35.54503],[-85.36112,35.54605],[-85.36134,35.54802],[-85.36183,35.54905],[-85.36115,35.55031],[-85.36138,35.55107]]]}},{"type":"Feature","properties":{"kind":"minor-water","name":"Caney Fork","ftype":460,"lengthKm":0.38,"hu8":"05130108","pid":"136992002"},"geometry":{"type":"MultiLineString","coordinates":[[[-85.19111,36.01296],[-85.19207,36.01106],[-85.19211,36.0097]]]}},{"type":"Feature","properties":{"kind":"minor-water","name":"Dry Fork","ftype":460,"lengthKm":0.62,"hu8":"05130108","pid":"136983672"},"geometry":{"type":"MultiLineString","coordinates":[[[-85.49643,35.69021],[-85.49599,35.69102],[-85.4949,35.69022],[-85.49368,35.69023],[-85.49217,35.69157],[-85.49139,35.69183]]]}},{"type":"Feature","properties":{"kind":"minor-water","name":"Farmers Creek","ftype":460,"lengthKm":0.67,"hu8":"05130108","pid":"136990709"},"geometry":{"type":"MultiLineString","coordinates":[[[-85.13038,35.82044],[-85.12996,35.82136],[-85.13106,35.82276],[-85.1306,35.82388],[-85.13162,35.82512],[-85.13237,35.82551]]]}},{"type":"Feature","properties":{"kind":"minor-water","name":"Miller Branch","ftype":460,"lengthKm":0.43,"hu8":"05130108","pid":"136990439"},"geometry":{"type":"MultiLineString","coordinates":[[[-85.22777,35.80654],[-85.22746,35.80564],[-85.22785,35.80393],[-85.22752,35.80274]]]}},{"type":"Feature","properties":{"kind":"minor-water","name":"Mitchell Branch","ftype":460,"lengthKm":2.39,"hu8":"05130108","pid":"136986722"},"geometry":{"type":"MultiLineString","coordinates":[[[-85.31933,35.74703],[-85.32124,35.74781],[-85.32213,35.74915],[-85.32362,35.75007],[-85.32435,35.75174],[-85.32397,35.75274],[-85.32411,35.75359],[-85.32526,35.75513],[-85.32513,35.75568],[-85.32649,35.75657],[-85.32779,35.75692],[-85.32901,35.75671],[-85.32928,35.75614],[-85.32977,35.75631],[-85.33035,35.75611],[-85.33117,35.75538],[-85.33343,35.75447],[-85.33531,35.7524]]]}},{"type":"Feature","properties":{"kind":"minor-water","name":"Doe Creek","ftype":460,"lengthKm":0.63,"hu8":"05130108","pid":"136990963"},"geometry":{"type":"MultiLineString","coordinates":[[[-85.32436,35.97023],[-85.32509,35.97101],[-85.32613,35.97141],[-85.32689,35.97292],[-85.32812,35.9737],[-85.32861,35.9745]]]}},{"type":"Feature","properties":{"kind":"minor-water","name":"Moore Creek","ftype":460,"lengthKm":0.98,"hu8":"05130108","pid":"136991053"},"geometry":{"type":"MultiLineString","coordinates":[[[-85.37356,35.80374],[-85.37371,35.80689],[-85.37279,35.81125],[-85.37294,35.8117],[-85.3738,35.81211]]]}},{"type":"Feature","properties":{"kind":"minor-water","name":"Piney Creek","ftype":460,"lengthKm":0.4,"hu8":"05130108","pid":"136990608"},"geometry":{"type":"MultiLineString","coordinates":[[[-85.42488,35.61206],[-85.42609,35.6121],[-85.4277,35.61115],[-85.42863,35.61184]]]}},{"type":"Feature","properties":{"kind":"minor-water","name":"Laurel Creek","ftype":460,"lengthKm":0.84,"hu8":"05130108","pid":"136990691"},"geometry":{"type":"MultiLineString","coordinates":[[[-85.1754,35.85958],[-85.17659,35.86046],[-85.1763,35.86188],[-85.17838,35.86319],[-85.17836,35.86391],[-85.17773,35.86462],[-85.17823,35.86566]]]}},{"type":"Feature","properties":{"kind":"minor-water","name":"West Fork Creek","ftype":460,"lengthKm":2.28,"hu8":"05130108","pid":"136991510"},"geometry":{"type":"MultiLineString","coordinates":[[[-85.20959,35.92279],[-85.20881,35.92188],[-85.20695,35.92098],[-85.20623,35.91989],[-85.20471,35.91862],[-85.20387,35.91871],[-85.20334,35.91967],[-85.19972,35.91871],[-85.19999,35.91777],[-85.20164,35.91718],[-85.20218,35.91669],[-85.20149,35.91546],[-85.20129,35.91391],[-85.20157,35.91349],[-85.2029,35.91287],[-85.20366,35.91084]]]}},{"type":"Feature","properties":{"kind":"minor-water","name":"Hood Branch","ftype":460,"lengthKm":0.57,"hu8":"05130108","pid":"136992437"},"geometry":{"type":"MultiLineString","coordinates":[[[-85.12372,35.98148],[-85.12562,35.97943],[-85.12823,35.9779]]]}},{"type":"Feature","properties":{"kind":"minor-water","name":"Perry Creek","ftype":558,"lengthKm":0.14,"hu8":"05130108","pid":"136994325"},"geometry":{"type":"MultiLineString","coordinates":[[[-85.10266,35.87195],[-85.10368,35.87105]]]}},{"type":"Feature","properties":{"kind":"minor-water","name":"Brush Creek","ftype":460,"lengthKm":0.44,"hu8":"05130108","pid":"136985803"},"geometry":{"type":"MultiLineString","coordinates":[[[-85.13146,35.7568],[-85.13082,35.75852],[-85.13134,35.75991],[-85.13192,35.76048]]]}},{"type":"Feature","properties":{"kind":"minor-water","name":"Wilkerson Creek","ftype":460,"lengthKm":1.2,"hu8":"05130108","pid":"136986100"},"geometry":{"type":"MultiLineString","coordinates":[[[-85.26053,35.96848],[-85.26055,35.97088],[-85.26002,35.97287],[-85.25796,35.97691],[-85.2562,35.97827]]]}},{"type":"Feature","properties":{"kind":"minor-water","name":"Green Sea Branch","ftype":460,"lengthKm":1.24,"hu8":"05130108","pid":"136992495"},"geometry":{"type":"MultiLineString","coordinates":[[[-85.44786,35.56231],[-85.44808,35.56161],[-85.4488,35.56113],[-85.44946,35.56138],[-85.45091,35.561],[-85.45223,35.56176],[-85.45351,35.56354],[-85.45384,35.5643],[-85.45373,35.56537],[-85.45422,35.56634],[-85.456,35.56675]]]}},{"type":"Feature","properties":{"kind":"minor-water","name":"Verble Branch","ftype":460,"lengthKm":1.46,"hu8":"05130108","pid":"136989673"},"geometry":{"type":"MultiLineString","coordinates":[[[-85.26199,36.11427],[-85.26398,36.11524],[-85.26456,36.11607],[-85.26572,36.11643],[-85.26603,36.11729],[-85.26758,36.1184],[-85.26816,36.12058],[-85.26891,36.12178],[-85.27115,36.12348],[-85.27201,36.12352]]]}},{"type":"Feature","properties":{"kind":"minor-water","name":"Big Lost Creek","ftype":558,"lengthKm":0.01,"hu8":"05130108","pid":"136994229"},"geometry":{"type":"MultiLineString","coordinates":[[[-85.30962,35.93368],[-85.30956,35.93359]]]}},{"type":"Feature","properties":{"kind":"minor-water","name":"Doe Creek","ftype":460,"lengthKm":0.84,"hu8":"05130108","pid":"136990962"},"geometry":{"type":"MultiLineString","coordinates":[[[-85.32861,35.9745],[-85.32833,35.97582],[-85.3285,35.97751],[-85.32796,35.97855],[-85.32772,35.98015],[-85.32826,35.98183]]]}},{"type":"Feature","properties":{"kind":"minor-water","name":"Polebridge Creek","ftype":460,"lengthKm":1.81,"hu8":"05130108","pid":"136991061"},"geometry":{"type":"MultiLineString","coordinates":[[[-85.26924,35.61603],[-85.27139,35.61479],[-85.27229,35.61472],[-85.27276,35.61427],[-85.27637,35.61418],[-85.27745,35.61284],[-85.27948,35.61158],[-85.28054,35.60981],[-85.28148,35.60931],[-85.2805,35.6069],[-85.27992,35.60632]]]}},{"type":"Feature","properties":{"kind":"minor-water","name":"Whiteoak Creek","ftype":460,"lengthKm":1.79,"hu8":"05130108","pid":"136990846"},"geometry":{"type":"MultiLineString","coordinates":[[[-85.21467,35.96491],[-85.2131,35.96466],[-85.21197,35.96523],[-85.21125,35.96526],[-85.20957,35.96502],[-85.20877,35.96462],[-85.20775,35.96482],[-85.20664,35.96454],[-85.20208,35.9687],[-85.19907,35.96978],[-85.19889,35.97015],[-85.19816,35.97005]]]}},{"type":"Feature","properties":{"kind":"minor-water","name":"Wilkerson Creek","ftype":460,"lengthKm":0.9,"hu8":"05130108","pid":"136991457"},"geometry":{"type":"MultiLineString","coordinates":[[[-85.23382,35.9921],[-85.23361,35.99153],[-85.23393,35.99103],[-85.23313,35.99008],[-85.23311,35.98965],[-85.2336,35.98917],[-85.23331,35.98866],[-85.22962,35.9866],[-85.2292,35.98612]]]}},{"type":"Feature","properties":{"kind":"minor-water","name":"Pineorchard Creek","ftype":460,"lengthKm":0.98,"hu8":"05130108","pid":"136991559"},"geometry":{"type":"MultiLineString","coordinates":[[[-85.29648,35.62999],[-85.29674,35.6287],[-85.29638,35.62798],[-85.29681,35.62775],[-85.29802,35.62558],[-85.29762,35.62414],[-85.29988,35.62253]]]}},{"type":"Feature","properties":{"kind":"minor-water","name":"Henderson Branch","ftype":460,"lengthKm":0.66,"hu8":"05130108","pid":"136991356"},"geometry":{"type":"MultiLineString","coordinates":[[[-85.16561,35.82028],[-85.16253,35.82194],[-85.15895,35.82211]]]}},{"type":"Feature","properties":{"kind":"minor-water","name":"Fox Thicket Creek","ftype":460,"lengthKm":0.8,"hu8":"05130108","pid":"136993000"},"geometry":{"type":"MultiLineString","coordinates":[[[-85.3895,35.56482],[-85.38767,35.564],[-85.3873,35.5631],[-85.38526,35.56116],[-85.38311,35.56025]]]}},{"type":"Feature","properties":{"kind":"minor-water","name":"Little Laurel Creek","ftype":460,"lengthKm":0.35,"hu8":"05130108","pid":"136992997"},"geometry":{"type":"MultiLineString","coordinates":[[[-85.17156,35.78714],[-85.17154,35.78596],[-85.17303,35.78555],[-85.17285,35.78483]]]}},{"type":"Feature","properties":{"kind":"minor-water","name":"Dry Fork","ftype":460,"lengthKm":0.04,"hu8":"05130108","pid":"136983703"},"geometry":{"type":"MultiLineString","coordinates":[[[-85.49997,35.6817],[-85.49953,35.68183]]]}},{"type":"Feature","properties":{"kind":"minor-water","name":"Cane Creek","ftype":558,"lengthKm":1.06,"hu8":"05130108","pid":"136994769"},"geometry":{"type":"MultiLineString","coordinates":[[[-85.37609,35.70017],[-85.37742,35.70258],[-85.3788,35.70254],[-85.38037,35.70384],[-85.38002,35.70779]]]}},{"type":"Feature","properties":{"kind":"minor-water","name":"Flat Rock Branch","ftype":460,"lengthKm":0.83,"hu8":"05130108","pid":"136986618"},"geometry":{"type":"MultiLineString","coordinates":[[[-85.31221,35.63149],[-85.31305,35.63037],[-85.31307,35.62857],[-85.31393,35.62807],[-85.31301,35.62708],[-85.31372,35.6261],[-85.3132,35.62507]]]}},{"type":"Feature","properties":{"kind":"minor-water","name":"Cane Creek","ftype":558,"lengthKm":0.08,"hu8":"05130108","pid":"136994822"},"geometry":{"type":"MultiLineString","coordinates":[[[-85.34538,35.66149],[-85.34603,35.66197]]]}},{"type":"Feature","properties":{"kind":"minor-water","name":"Second Creek","ftype":460,"lengthKm":1.76,"hu8":"05130108","pid":"136986004"},"geometry":{"type":"MultiLineString","coordinates":[[[-85.15898,35.87267],[-85.15866,35.87151],[-85.15603,35.86909],[-85.15602,35.86674],[-85.15528,35.86491],[-85.15591,35.8612],[-85.15735,35.85859],[-85.15793,35.85831]]]}},{"type":"Feature","properties":{"kind":"minor-water","name":"Clifty Creek","ftype":460,"lengthKm":0.39,"hu8":"05130108","pid":"136990750"},"geometry":{"type":"MultiLineString","coordinates":[[[-85.27806,35.92616],[-85.27882,35.92586],[-85.27957,35.92432],[-85.28061,35.92352]]]}},{"type":"Feature","properties":{"kind":"minor-water","name":"Little Cane Creek","ftype":460,"lengthKm":0.41,"hu8":"05130108","pid":"136991322"},"geometry":{"type":"MultiLineString","coordinates":[[[-85.21467,35.78834],[-85.21513,35.78857],[-85.21583,35.78828],[-85.21582,35.78727],[-85.21674,35.78585]]]}},{"type":"Feature","properties":{"kind":"minor-water","name":"Short Creek","ftype":460,"lengthKm":0.05,"hu8":"05130108","pid":"136990423"},"geometry":{"type":"MultiLineString","coordinates":[[[-85.24997,35.84091],[-85.25052,35.8411]]]}},{"type":"Feature","properties":{"kind":"minor-water","name":"Raccoon Creek","ftype":460,"lengthKm":0.47,"hu8":"05130108","pid":"136993009"},"geometry":{"type":"MultiLineString","coordinates":[[[-85.14783,35.78403],[-85.1476,35.78303],[-85.14682,35.78214],[-85.14715,35.78008]]]}},{"type":"Feature","properties":{"kind":"minor-water","name":"Bee Creek","ftype":558,"lengthKm":0.51,"hu8":"05130108","pid":"136994008"},"geometry":{"type":"MultiLineString","coordinates":[[[-85.2473,35.76854],[-85.24782,35.76796],[-85.24803,35.76663],[-85.25065,35.76519]]]}},{"type":"Feature","properties":{"kind":"minor-water","name":"Raccoon Creek","ftype":460,"lengthKm":0.39,"hu8":"05130108","pid":"136990299"},"geometry":{"type":"MultiLineString","coordinates":[[[-85.13782,35.80005],[-85.13886,35.7966]]]}},{"type":"Feature","properties":{"kind":"minor-water","name":"Big Branch","ftype":460,"lengthKm":0.36,"hu8":"05130108","pid":"136991291"},"geometry":{"type":"MultiLineString","coordinates":[[[-85.12564,35.74175],[-85.1248,35.74325],[-85.12532,35.74474]]]}},{"type":"Feature","properties":{"kind":"minor-water","name":"Hughes Creek","ftype":460,"lengthKm":0.41,"hu8":"05130108","pid":"136991416"},"geometry":{"type":"MultiLineString","coordinates":[[[-85.14282,35.96183],[-85.14335,35.96182],[-85.14371,35.96099],[-85.14479,35.96164],[-85.14635,35.96202]]]}},{"type":"Feature","properties":{"kind":"minor-water","name":"Cane Creek","ftype":460,"lengthKm":0.48,"hu8":"05130108","pid":"136991573"},"geometry":{"type":"MultiLineString","coordinates":[[[-85.40567,35.77503],[-85.40562,35.77619],[-85.40624,35.77706],[-85.40552,35.77915]]]}},{"type":"Feature","properties":{"kind":"minor-water","name":"Cane Creek","ftype":558,"lengthKm":0.01,"hu8":"05130108","pid":"136994564"},"geometry":{"type":"MultiLineString","coordinates":[[[-85.44064,35.81103],[-85.44074,35.811]]]}},{"type":"Feature","properties":{"kind":"minor-water","name":"Falling Water River","ftype":460,"lengthKm":0.01,"hu8":"05130108","pid":"136992846"},"geometry":{"type":"MultiLineString","coordinates":[[[-85.42312,36.14469],[-85.42316,36.14465]]]}},{"type":"Feature","properties":{"kind":"minor-water","name":"Polebridge Creek","ftype":460,"lengthKm":0.02,"hu8":"05130108","pid":"136991063"},"geometry":{"type":"MultiLineString","coordinates":[[[-85.2661,35.62507],[-85.26614,35.62486]]]}},{"type":"Feature","properties":{"kind":"minor-water","name":"Wheeler Branch","ftype":460,"lengthKm":0.52,"hu8":"05130108","pid":"136991221"},"geometry":{"type":"MultiLineString","coordinates":[[[-85.2394,35.66541],[-85.24024,35.66438],[-85.24155,35.66376],[-85.24138,35.6634],[-85.2435,35.66268]]]}},{"type":"Feature","properties":{"kind":"minor-water","name":"West Fork Creek","ftype":460,"lengthKm":0.45,"hu8":"05130108","pid":"136992925"},"geometry":{"type":"MultiLineString","coordinates":[[[-85.24763,35.94381],[-85.24711,35.94305],[-85.24647,35.94334],[-85.24709,35.9416],[-85.2462,35.94125]]]}},{"type":"Feature","properties":{"kind":"minor-water","name":"Laurel Creek","ftype":558,"lengthKm":0.01,"hu8":"05130108","pid":"136994028"},"geometry":{"type":"MultiLineString","coordinates":[[[-85.19414,35.89674],[-85.19411,35.89681]]]}},{"type":"Feature","properties":{"kind":"minor-water","name":"Fall Creek","ftype":558,"lengthKm":0.01,"hu8":"05130108","pid":"136994779"},"geometry":{"type":"MultiLineString","coordinates":[[[-85.35432,35.66815],[-85.35423,35.66816]]]}},{"type":"Feature","properties":{"kind":"minor-water","name":"Maple Branch","ftype":460,"lengthKm":0.36,"hu8":"05130108","pid":"136991484"},"geometry":{"type":"MultiLineString","coordinates":[[[-85.23544,35.97937],[-85.23476,35.98165],[-85.23412,35.98237]]]}},{"type":"Feature","properties":{"kind":"minor-water","name":"Wildcat Creek","ftype":460,"lengthKm":2.69,"hu8":"05130108","pid":"136990855"},"geometry":{"type":"MultiLineString","coordinates":[[[-85.41078,35.9308],[-85.41411,35.93204],[-85.41603,35.934],[-85.41836,35.93483],[-85.42038,35.9372],[-85.42161,35.93985],[-85.42338,35.94073],[-85.42308,35.94333],[-85.42479,35.94288],[-85.42549,35.94382],[-85.42697,35.94442],[-85.43016,35.94348]]]}},{"type":"Feature","properties":{"kind":"minor-water","name":"Meadow Creek","ftype":460,"lengthKm":0.36,"hu8":"05130108","pid":"136990734"},"geometry":{"type":"MultiLineString","coordinates":[[[-85.07383,35.90589],[-85.07759,35.90484]]]}},{"type":"Feature","properties":{"kind":"minor-water","name":"Falling Water River","ftype":460,"lengthKm":2.32,"hu8":"05130108","pid":"136990763"},"geometry":{"type":"MultiLineString","coordinates":[[[-85.4046,36.14818],[-85.40611,36.1475],[-85.40777,36.14896],[-85.40907,36.1488],[-85.40958,36.14854],[-85.41,36.14721],[-85.41389,36.14647],[-85.41469,36.1472],[-85.41685,36.14796],[-85.41802,36.14638],[-85.41758,36.14464],[-85.41847,36.14395],[-85.42312,36.14469]]]}},{"type":"Feature","properties":{"kind":"minor-water","name":"Stone Cove","ftype":460,"lengthKm":2.63,"hu8":"05130108","pid":"136990945"},"geometry":{"type":"MultiLineString","coordinates":[[[-85.40709,36.06897],[-85.40819,36.06711],[-85.408,36.06592],[-85.41016,36.06395],[-85.41099,36.06188],[-85.41091,36.05961],[-85.41038,36.05893],[-85.41016,36.05658],[-85.41037,36.05419],[-85.41205,36.05184],[-85.41537,36.05009],[-85.41695,36.04883]]]}},{"type":"Feature","properties":{"kind":"minor-water","name":"Devil Creek","ftype":460,"lengthKm":0.47,"hu8":"05130108","pid":"136991167"},"geometry":{"type":"MultiLineString","coordinates":[[[-85.24383,36.03835],[-85.24732,36.03939],[-85.24876,36.03904]]]}},{"type":"Feature","properties":{"kind":"minor-water","name":"Little Beaverdam Creek","ftype":460,"lengthKm":0.94,"hu8":"05130108","pid":"136991265"},"geometry":{"type":"MultiLineString","coordinates":[[[-85.18369,35.72429],[-85.18559,35.72495],[-85.18788,35.72749],[-85.19023,35.7279],[-85.1916,35.72913]]]}},{"type":"Feature","properties":{"kind":"minor-water","name":"Bridge Creek","ftype":460,"lengthKm":0.79,"hu8":"05130108","pid":"136990918"},"geometry":{"type":"MultiLineString","coordinates":[[[-85.24444,36.0526],[-85.24587,36.05172],[-85.2441,36.05075],[-85.24467,36.04946],[-85.24754,36.05061]]]}},{"type":"Feature","properties":{"kind":"minor-water","name":"Big Lost Creek","ftype":460,"lengthKm":4.04,"hu8":"05130108","pid":"136991994"},"geometry":{"type":"MultiLineString","coordinates":[[[-85.3216,35.90569],[-85.32139,35.90492],[-85.32165,35.90399],[-85.32353,35.90284],[-85.3265,35.89966],[-85.32762,35.89988],[-85.32836,35.90076],[-85.32958,35.90079],[-85.32926,35.8992],[-85.32851,35.89838],[-85.32901,35.89758],[-85.33214,35.89784],[-85.3327,35.89753],[-85.33335,35.89543],[-85.33304,35.895],[-85.3319,35.89456],[-85.33275,35.89324],[-85.33527,35.89229],[-85.33881,35.89022],[-85.34063,35.88985],[-85.34228,35.88909],[-85.34353,35.88928],[-85.34439,35.88696],[-85.34605,35.88608]]]}},{"type":"Feature","properties":{"kind":"minor-water","name":"Big Lost Creek","ftype":460,"lengthKm":1.16,"hu8":"05130108","pid":"136991991"},"geometry":{"type":"MultiLineString","coordinates":[[[-85.3099,35.9335],[-85.31106,35.93312],[-85.31189,35.93226],[-85.31177,35.93136],[-85.31205,35.93107],[-85.31296,35.93152],[-85.31353,35.93091],[-85.31431,35.93079],[-85.3156,35.9313],[-85.31589,35.93046],[-85.31626,35.9303],[-85.31663,35.93043],[-85.31685,35.93116],[-85.31851,35.93115]]]}},{"type":"Feature","properties":{"kind":"minor-water","name":"Caney Fork","ftype":558,"lengthKm":0.06,"hu8":"05130108","pid":"136994092"},"geometry":{"type":"MultiLineString","coordinates":[[[-85.30583,35.82526],[-85.30604,35.82573]]]}},{"type":"Feature","properties":{"kind":"minor-water","name":"Falling Water River","ftype":558,"lengthKm":1.91,"hu8":"05130108","pid":"136993402"},"geometry":{"type":"MultiLineString","coordinates":[[[-85.42316,36.14465],[-85.42375,36.14419],[-85.42396,36.14168],[-85.42564,36.14157],[-85.42666,36.14065],[-85.42678,36.13823],[-85.42732,36.13701],[-85.43095,36.13415],[-85.43075,36.13292],[-85.43146,36.1306]]]}},{"type":"Feature","properties":{"kind":"minor-water","name":"Dark Hollow Branch","ftype":558,"lengthKm":0.01,"hu8":"05130108","pid":"136993469"},"geometry":{"type":"MultiLineString","coordinates":[[[-85.32733,36.05613],[-85.32738,36.05619]]]}},{"type":"Feature","properties":{"kind":"minor-water","name":"Panter Creek","ftype":558,"lengthKm":0.06,"hu8":"05130108","pid":"136994809"},"geometry":{"type":"MultiLineString","coordinates":[[[-85.19816,35.66166],[-85.19887,35.66166]]]}},{"type":"Feature","properties":{"kind":"minor-water","name":"Davidson Cove","ftype":460,"lengthKm":1.55,"hu8":"05130108","pid":"136983983"},"geometry":{"type":"MultiLineString","coordinates":[[[-85.31028,36.08461],[-85.31263,36.08456],[-85.31512,36.08528],[-85.31747,36.08509],[-85.31848,36.08313],[-85.31959,36.0821],[-85.32297,36.08093],[-85.32435,36.07993]]]}},{"type":"Feature","properties":{"kind":"minor-water","name":"Long Branch","ftype":460,"lengthKm":1.53,"hu8":"05130108","pid":"136989745"},"geometry":{"type":"MultiLineString","coordinates":[[[-85.37497,35.84146],[-85.37382,35.84036],[-85.37188,35.84003],[-85.3714,35.83874],[-85.37028,35.83792],[-85.37018,35.83562],[-85.36975,35.83483],[-85.37014,35.83363],[-85.36737,35.83063]]]}},{"type":"Feature","properties":{"kind":"minor-water","name":"Samples Fork","ftype":460,"lengthKm":0.31,"hu8":"05130108","pid":"136991097"},"geometry":{"type":"MultiLineString","coordinates":[[[-85.47327,35.60553],[-85.47653,35.6047]]]}},{"type":"Feature","properties":{"kind":"minor-water","name":"Thompson Creek","ftype":460,"lengthKm":0.14,"hu8":"05130108","pid":"136991205"},"geometry":{"type":"MultiLineString","coordinates":[[[-85.21288,35.65024],[-85.21383,35.65118]]]}},{"type":"Feature","properties":{"kind":"minor-water","name":"Wolfpen Creek","ftype":460,"lengthKm":0.37,"hu8":"05130108","pid":"136991256"},"geometry":{"type":"MultiLineString","coordinates":[[[-85.21395,35.69488],[-85.21333,35.69522],[-85.21233,35.69506],[-85.21022,35.69589]]]}},{"type":"Feature","properties":{"kind":"minor-water","name":"Calfkiller River","ftype":558,"lengthKm":1.28,"hu8":"05130108","pid":"136994152"},"geometry":{"type":"MultiLineString","coordinates":[[[-85.41271,35.96438],[-85.41421,35.96349],[-85.41421,35.96215],[-85.41872,35.96043],[-85.4197,35.95962],[-85.41969,35.959],[-85.41888,35.95801],[-85.41679,35.95807]]]}},{"type":"Feature","properties":{"kind":"minor-water","name":"Buck Creek","ftype":558,"lengthKm":0.16,"hu8":"05130108","pid":"136993957"},"geometry":{"type":"MultiLineString","coordinates":[[[-85.28009,35.98112],[-85.28089,35.9824]]]}},{"type":"Feature","properties":{"kind":"minor-water","name":"Caney Fork","ftype":558,"lengthKm":1.53,"hu8":"05130108","pid":"136994009"},"geometry":{"type":"MultiLineString","coordinates":[[[-85.25888,35.83974],[-85.26307,35.83874],[-85.26555,35.83659],[-85.26592,35.83503],[-85.26685,35.83336],[-85.26674,35.83252],[-85.26768,35.82962]]]}},{"type":"Feature","properties":{"kind":"minor-water","name":"Bee Creek","ftype":558,"lengthKm":0.46,"hu8":"05130108","pid":"136994679"},"geometry":{"type":"MultiLineString","coordinates":[[[-85.23253,35.7735],[-85.23478,35.7726],[-85.23693,35.77384]]]}},{"type":"Feature","properties":{"kind":"minor-water","name":"Camps Gulf Branch","ftype":460,"lengthKm":1.44,"hu8":"05130108","pid":"136986663"},"geometry":{"type":"MultiLineString","coordinates":[[[-85.36426,35.73896],[-85.36659,35.73993],[-85.36831,35.73989],[-85.36952,35.7404],[-85.37051,35.7422],[-85.37371,35.74495],[-85.37283,35.74612],[-85.37322,35.74725]]]}},{"type":"Feature","properties":{"kind":"minor-water","name":"Keith Branch","ftype":460,"lengthKm":0.58,"hu8":"05130108","pid":"136985958"},"geometry":{"type":"MultiLineString","coordinates":[[[-85.16286,35.84079],[-85.16182,35.84172],[-85.15945,35.84516]]]}},{"type":"Feature","properties":{"kind":"minor-water","name":"Simms Branch","ftype":460,"lengthKm":2.57,"hu8":"05130108","pid":"136985323"},"geometry":{"type":"MultiLineString","coordinates":[[[-85.3689,35.9716],[-85.36931,35.97298],[-85.37203,35.97654],[-85.37218,35.97723],[-85.37297,35.9779],[-85.37335,35.97875],[-85.37321,35.97953],[-85.37414,35.98105],[-85.37845,35.98305],[-85.37965,35.98332],[-85.3791,35.98467],[-85.37916,35.98537],[-85.38001,35.98646],[-85.38119,35.98685],[-85.38242,35.98621],[-85.38426,35.98732]]]}},{"type":"Feature","properties":{"kind":"minor-water","name":"Driver Branch","ftype":460,"lengthKm":0.86,"hu8":"05130108","pid":"136985937"},"geometry":{"type":"MultiLineString","coordinates":[[[-85.20572,35.87242],[-85.2053,35.87276],[-85.20376,35.87306],[-85.20268,35.87377],[-85.20025,35.87336],[-85.19751,35.87507]]]}},{"type":"Feature","properties":{"kind":"minor-water","name":"Lick Branch","ftype":460,"lengthKm":1.04,"hu8":"05130108","pid":"136986058"},"geometry":{"type":"MultiLineString","coordinates":[[[-85.13237,35.93722],[-85.13203,35.93819],[-85.13268,35.93942],[-85.13209,35.94053],[-85.13164,35.94066],[-85.13162,35.94172],[-85.13048,35.94323],[-85.1299,35.94514],[-85.12928,35.94546]]]}},{"type":"Feature","properties":{"kind":"minor-water","name":"Mill Creek","ftype":460,"lengthKm":2.29,"hu8":"05130108","pid":"136992967"},"geometry":{"type":"MultiLineString","coordinates":[[[-85.24492,35.73248],[-85.24515,35.7332],[-85.24568,35.73336],[-85.24646,35.73423],[-85.24732,35.73408],[-85.24882,35.73492],[-85.2515,35.73585],[-85.2548,35.73657],[-85.2566,35.7375],[-85.25746,35.7383],[-85.25891,35.73832],[-85.25934,35.73899],[-85.26152,35.74039],[-85.26354,35.74086],[-85.26565,35.74244]]]}},{"type":"Feature","properties":{"kind":"minor-water","name":"Nails Creek","ftype":460,"lengthKm":1.07,"hu8":"05130108","pid":"136991286"},"geometry":{"type":"MultiLineString","coordinates":[[[-85.12173,35.76004],[-85.12369,35.76059],[-85.12528,35.76171],[-85.12657,35.76158],[-85.12751,35.76183],[-85.1282,35.76368],[-85.12815,35.7647],[-85.12991,35.76495]]]}},{"type":"Feature","properties":{"kind":"minor-water","name":"Little Cane Creek","ftype":460,"lengthKm":0.6,"hu8":"05130108","pid":"136991321"},"geometry":{"type":"MultiLineString","coordinates":[[[-85.21674,35.78585],[-85.2162,35.78486],[-85.21724,35.78354],[-85.21809,35.78329],[-85.21834,35.78216],[-85.21897,35.78149]]]}},{"type":"Feature","properties":{"kind":"minor-water","name":"Hughes Creek","ftype":460,"lengthKm":0.38,"hu8":"05130108","pid":"136991427"},"geometry":{"type":"MultiLineString","coordinates":[[[-85.12232,35.92949],[-85.12111,35.93154],[-85.12035,35.93189],[-85.12021,35.93234]]]}},{"type":"Feature","properties":{"kind":"minor-water","name":"Wilkerson Creek","ftype":460,"lengthKm":0.22,"hu8":"05130108","pid":"136991451"},"geometry":{"type":"MultiLineString","coordinates":[[[-85.2292,35.98612],[-85.2268,35.98626]]]}},{"type":"Feature","properties":{"kind":"minor-water","name":"Caney Fork","ftype":460,"lengthKm":0.49,"hu8":"05130108","pid":"136991461"},"geometry":{"type":"MultiLineString","coordinates":[[[-85.18224,35.99959],[-85.18171,35.99803],[-85.1818,35.99749],[-85.18259,35.99689],[-85.18213,35.99561]]]}},{"type":"Feature","properties":{"kind":"minor-water","name":"Caney Fork","ftype":558,"lengthKm":0.36,"hu8":"05130108","pid":"136993984"},"geometry":{"type":"MultiLineString","coordinates":[[[-85.29819,35.82646],[-85.2981,35.82591],[-85.29871,35.82499],[-85.30047,35.82412]]]}},{"type":"Feature","properties":{"kind":"minor-water","name":"Haskens Branch","ftype":460,"lengthKm":1.25,"hu8":"05130108","pid":"136985902"},"geometry":{"type":"MultiLineString","coordinates":[[[-85.26031,35.80363],[-85.26079,35.80353],[-85.26104,35.80301],[-85.26168,35.80309],[-85.26298,35.80245],[-85.26277,35.80194],[-85.26382,35.80074],[-85.26443,35.79858],[-85.26477,35.79833],[-85.26468,35.79754],[-85.26624,35.79662],[-85.26808,35.79616]]]}},{"type":"Feature","properties":{"kind":"minor-water","name":"West Fork Little Cane Creek","ftype":460,"lengthKm":0.48,"hu8":"05130108","pid":"136985867"},"geometry":{"type":"MultiLineString","coordinates":[[[-85.21279,35.8106],[-85.21113,35.80873],[-85.20942,35.80845],[-85.20898,35.80794]]]}},{"type":"Feature","properties":{"kind":"minor-water","name":"Gentry Creek","ftype":460,"lengthKm":0.47,"hu8":"05130108","pid":"136991411"},"geometry":{"type":"MultiLineString","coordinates":[[[-85.17049,35.90931],[-85.17541,35.91081]]]}},{"type":"Feature","properties":{"kind":"minor-water","name":"Farmers Creek","ftype":460,"lengthKm":0.82,"hu8":"05130108","pid":"136990708"},"geometry":{"type":"MultiLineString","coordinates":[[[-85.13237,35.82551],[-85.13269,35.82593],[-85.13244,35.82642],[-85.12914,35.82681],[-85.12835,35.82785],[-85.12898,35.82905],[-85.12795,35.82978]]]}},{"type":"Feature","properties":{"kind":"minor-water","name":"Wilkerson Creek","ftype":460,"lengthKm":0.5,"hu8":"05130108","pid":"136991455"},"geometry":{"type":"MultiLineString","coordinates":[[[-85.23976,35.99235],[-85.23735,35.99184],[-85.23685,35.99235],[-85.23464,35.99253]]]}},{"type":"Feature","properties":{"kind":"minor-water","name":"Cane Creek","ftype":460,"lengthKm":4.1,"hu8":"05130108","pid":"136990630"},"geometry":{"type":"MultiLineString","coordinates":[[[-85.30425,35.59794],[-85.3038,35.59889],[-85.30586,35.60009],[-85.30819,35.60083],[-85.30897,35.60242],[-85.30751,35.6034],[-85.30894,35.60484],[-85.30843,35.6076],[-85.30769,35.60757],[-85.30701,35.60694],[-85.30553,35.60634],[-85.30484,35.60661],[-85.30477,35.6073],[-85.30547,35.60815],[-85.30576,35.60936],[-85.30626,35.60934],[-85.30633,35.60805],[-85.30678,35.60767],[-85.30736,35.60774],[-85.30845,35.60905],[-85.30934,35.60888],[-85.30967,35.60848],[-85.30947,35.60674],[-85.31042,35.6065],[-85.31096,35.60671],[-85.3116,35.60792],[-85.31127,35.61019],[-85.31176,35.61074],[-85.31281,35.61097],[-85.31495,35.60981],[-85.31621,35.61033],[-85.31686,35.6101]]]}},{"type":"Feature","properties":{"kind":"minor-water","name":"Little Lost Creek","ftype":460,"lengthKm":1.22,"hu8":"05130108","pid":"136992322"},"geometry":{"type":"MultiLineString","coordinates":[[[-85.34636,35.91426],[-85.34492,35.91344],[-85.3454,35.91295],[-85.34517,35.91142],[-85.34364,35.91121],[-85.34466,35.91042],[-85.3443,35.9095],[-85.34387,35.90956],[-85.34361,35.91031],[-85.34288,35.90983],[-85.34203,35.9105],[-85.34059,35.9105]]]}},{"type":"Feature","properties":{"kind":"minor-water","name":"Cane Creek","ftype":558,"lengthKm":0.02,"hu8":"05130108","pid":"136994652"},"geometry":{"type":"MultiLineString","coordinates":[[[-85.40573,35.77482],[-85.40567,35.77503]]]}},{"type":"Feature","properties":{"kind":"minor-water","name":"Slaytons Fork","ftype":460,"lengthKm":1.16,"hu8":"05130108","pid":"136992974"},"geometry":{"type":"MultiLineString","coordinates":[[[-85.38393,35.61693],[-85.38333,35.61698],[-85.38198,35.61632],[-85.38128,35.6163],[-85.38138,35.61599],[-85.3801,35.61583],[-85.3771,35.61671],[-85.37611,35.61731],[-85.37444,35.61722],[-85.37243,35.61776]]]}},{"type":"Feature","properties":{"kind":"minor-water","name":"Caney Fork","ftype":558,"lengthKm":0.53,"hu8":"05130108","pid":"136994031"},"geometry":{"type":"MultiLineString","coordinates":[[[-85.18629,35.90617],[-85.18677,35.90371],[-85.18811,35.90176]]]}},{"type":"Feature","properties":{"kind":"minor-water","name":"Bee Creek","ftype":558,"lengthKm":1.11,"hu8":"05130108","pid":"136994686"},"geometry":{"type":"MultiLineString","coordinates":[[[-85.22387,35.7535],[-85.22377,35.7543],[-85.2212,35.75516],[-85.22061,35.75567],[-85.22069,35.75626],[-85.22126,35.75674],[-85.2234,35.75662],[-85.22409,35.75722],[-85.22403,35.7576],[-85.22199,35.75878]]]}},{"type":"Feature","properties":{"kind":"minor-water","name":"Whittaker Branch","ftype":460,"lengthKm":2.27,"hu8":"05130108","pid":"136985538"},"geometry":{"type":"MultiLineString","coordinates":[[[-85.30241,36.12506],[-85.30251,36.12474],[-85.30144,36.12276],[-85.30184,36.12062],[-85.30272,36.11964],[-85.30421,36.11889],[-85.30516,36.11801],[-85.30592,36.11639],[-85.30736,36.11541],[-85.3091,36.11262],[-85.31118,36.11163],[-85.31173,36.10933],[-85.31136,36.10806]]]}},{"type":"Feature","properties":{"kind":"minor-water","name":"Haskens Branch","ftype":460,"lengthKm":1.49,"hu8":"05130108","pid":"136985907"},"geometry":{"type":"MultiLineString","coordinates":[[[-85.24711,35.807],[-85.24879,35.80636],[-85.25081,35.80616],[-85.25112,35.80561],[-85.25099,35.8043],[-85.25145,35.80374],[-85.25252,35.80362],[-85.25394,35.80264],[-85.25759,35.80356],[-85.26031,35.80363]]]}},{"type":"Feature","properties":{"kind":"minor-water","name":"Potts Creek","ftype":460,"lengthKm":0.27,"hu8":"05130108","pid":"136992981"},"geometry":{"type":"MultiLineString","coordinates":[[[-85.14614,35.8759],[-85.14641,35.87566],[-85.14894,35.87534]]]}},{"type":"Feature","properties":{"kind":"minor-water","name":"Jack Branch","ftype":460,"lengthKm":0.64,"hu8":"05130108","pid":"136990443"},"geometry":{"type":"MultiLineString","coordinates":[[[-85.30828,35.70318],[-85.30689,35.70259],[-85.30591,35.70252],[-85.30513,35.70201],[-85.30417,35.70191],[-85.30391,35.70127],[-85.3028,35.70097],[-85.30247,35.70055]]]}},{"type":"Feature","properties":{"kind":"minor-water","name":"Fox Thicket Creek","ftype":460,"lengthKm":0.19,"hu8":"05130108","pid":"136990638"},"geometry":{"type":"MultiLineString","coordinates":[[[-85.35324,35.56128],[-85.35314,35.56075],[-85.35181,35.56041]]]}},{"type":"Feature","properties":{"kind":"minor-water","name":"Beaverdam Creek","ftype":460,"lengthKm":0.41,"hu8":"05130108","pid":"136990878"},"geometry":{"type":"MultiLineString","coordinates":[[[-85.20315,35.74613],[-85.20334,35.7468],[-85.20411,35.74758],[-85.20399,35.74836],[-85.2053,35.74894]]]}},{"type":"Feature","properties":{"kind":"minor-water","name":"Fox Hollow Branch","ftype":460,"lengthKm":0.66,"hu8":"05130108","pid":"136991414"},"geometry":{"type":"MultiLineString","coordinates":[[[-85.1539,35.94656],[-85.15433,35.94749],[-85.15754,35.94988],[-85.15845,35.95111]]]}},{"type":"Feature","properties":{"kind":"minor-water","name":"Long Branch","ftype":460,"lengthKm":0.1,"hu8":"05130108","pid":"136992339"},"geometry":{"type":"MultiLineString","coordinates":[[[-85.37575,35.84215],[-85.37497,35.84146]]]}},{"type":"Feature","properties":{"kind":"minor-water","name":"Glade Creek","ftype":558,"lengthKm":1.89,"hu8":"05130108","pid":"136993998"},"geometry":{"type":"MultiLineString","coordinates":[[[-85.26575,35.76054],[-85.26505,35.76095],[-85.26382,35.76082],[-85.26308,35.7615],[-85.26196,35.76187],[-85.26137,35.76165],[-85.25973,35.76004],[-85.25807,35.76024],[-85.2569,35.76139],[-85.25532,35.76205],[-85.25474,35.76274],[-85.25504,35.76319],[-85.2564,35.76318],[-85.2572,35.76443],[-85.25663,35.76496],[-85.25431,35.76529]]]}},{"type":"Feature","properties":{"kind":"minor-water","name":"Short Creek","ftype":558,"lengthKm":0.01,"hu8":"05130108","pid":"136994131"},"geometry":{"type":"MultiLineString","coordinates":[[[-85.25052,35.8411],[-85.25068,35.84112]]]}},{"type":"Feature","properties":{"kind":"minor-water","name":"Wildcat Creek","ftype":460,"lengthKm":0.81,"hu8":"05130108","pid":"136983893"},"geometry":{"type":"MultiLineString","coordinates":[[[-85.39538,35.92864],[-85.39721,35.92909],[-85.39928,35.93033],[-85.40251,35.93056],[-85.40364,35.93092]]]}},{"type":"Feature","properties":{"kind":"minor-water","name":"Puncheoncamp Creek","ftype":460,"lengthKm":0.81,"hu8":"05130108","pid":"136992945"},"geometry":{"type":"MultiLineString","coordinates":[[[-85.21077,35.82995],[-85.21123,35.83049],[-85.21193,35.83309],[-85.21401,35.83463],[-85.21521,35.8353],[-85.21583,35.83531]]]}},{"type":"Feature","properties":{"kind":"minor-water","name":"Beaverdam Creek","ftype":460,"lengthKm":0.36,"hu8":"05130108","pid":"136990882"},"geometry":{"type":"MultiLineString","coordinates":[[[-85.1944,35.73183],[-85.19479,35.73247],[-85.19428,35.7339],[-85.19483,35.73487]]]}},{"type":"Feature","properties":{"kind":"minor-water","name":"Bridge Creek","ftype":460,"lengthKm":2.13,"hu8":"05130108","pid":"136990916"},"geometry":{"type":"MultiLineString","coordinates":[[[-85.24922,36.04016],[-85.25313,36.04112],[-85.25428,36.04067],[-85.25575,36.04074],[-85.2577,36.03901],[-85.25795,36.03751],[-85.26321,36.03588],[-85.26522,36.03474],[-85.26673,36.03329],[-85.26837,36.03321]]]}},{"type":"Feature","properties":{"kind":"minor-water","name":"Caney Fork","ftype":558,"lengthKm":0.35,"hu8":"05130108","pid":"136994043"},"geometry":{"type":"MultiLineString","coordinates":[[[-85.17688,35.94454],[-85.1792,35.94432],[-85.18053,35.94365]]]}},{"type":"Feature","properties":{"kind":"minor-water","name":"Deer Hollow Branch","ftype":460,"lengthKm":1.46,"hu8":"05130108","pid":"136991338"},"geometry":{"type":"MultiLineString","coordinates":[[[-85.21586,35.84912],[-85.21745,35.8491],[-85.21927,35.84951],[-85.22038,35.84924],[-85.22287,35.85038],[-85.22538,35.85099],[-85.22765,35.85282],[-85.22863,35.853],[-85.2294,35.85378],[-85.22942,35.85426]]]}},{"type":"Feature","properties":{"kind":"minor-water","name":"Rocky River","ftype":460,"lengthKm":0.31,"hu8":"05130108","pid":"136990579"},"geometry":{"type":"MultiLineString","coordinates":[[[-85.49195,35.56624],[-85.49156,35.56735],[-85.49305,35.56841]]]}},{"type":"Feature","properties":{"kind":"minor-water","name":"Laurel Creek","ftype":460,"lengthKm":0.03,"hu8":"05130108","pid":"136990703"},"geometry":{"type":"MultiLineString","coordinates":[[[-85.13818,35.84136],[-85.13846,35.8414]]]}},{"type":"Feature","properties":{"kind":"minor-water","name":"Bradbury Branch","ftype":558,"lengthKm":0.01,"hu8":"05130108","pid":"136994133"},"geometry":{"type":"MultiLineString","coordinates":[[[-85.18384,35.91554],[-85.18383,35.91543]]]}},{"type":"Feature","properties":{"kind":"minor-water","name":"Coalbank Creek","ftype":460,"lengthKm":0.42,"hu8":"05130108","pid":"136993021"},"geometry":{"type":"MultiLineString","coordinates":[[[-85.20567,35.68138],[-85.20323,35.68221],[-85.20349,35.68292],[-85.2026,35.68344]]]}},{"type":"Feature","properties":{"kind":"minor-water","name":"England Cove","ftype":460,"lengthKm":0.72,"hu8":"05130108","pid":"136990912"},"geometry":{"type":"MultiLineString","coordinates":[[[-85.31703,36.02275],[-85.31769,36.02434],[-85.31827,36.02471],[-85.32029,36.02506],[-85.32126,36.02582],[-85.32291,36.02539]]]}},{"type":"Feature","properties":{"kind":"minor-water","name":"Dugger Branch","ftype":460,"lengthKm":0.44,"hu8":"05130108","pid":"136991082"},"geometry":{"type":"MultiLineString","coordinates":[[[-85.21267,35.83739],[-85.21406,35.83736],[-85.21542,35.83688],[-85.21583,35.83531]]]}},{"type":"Feature","properties":{"kind":"minor-water","name":"Piney Creek","ftype":460,"lengthKm":0.41,"hu8":"05130108","pid":"136990605"},"geometry":{"type":"MultiLineString","coordinates":[[[-85.43947,35.62098],[-85.43923,35.62217],[-85.43809,35.62298],[-85.43838,35.62417]]]}},{"type":"Feature","properties":{"kind":"minor-water","name":"Cane Creek","ftype":460,"lengthKm":0.92,"hu8":"05130108","pid":"136990618"},"geometry":{"type":"MultiLineString","coordinates":[[[-85.34638,35.65494],[-85.34621,35.65559],[-85.34375,35.65732],[-85.34389,35.65849],[-85.34522,35.65886],[-85.34547,35.65922],[-85.34538,35.66149]]]}},{"type":"Feature","properties":{"kind":"minor-water","name":"Meadow Creek","ftype":460,"lengthKm":2.1,"hu8":"05130108","pid":"136990716"},"geometry":{"type":"MultiLineString","coordinates":[[[-85.15272,35.89423],[-85.15546,35.89397],[-85.15675,35.89424],[-85.15687,35.89448],[-85.15606,35.89536],[-85.15652,35.89578],[-85.15746,35.8955],[-85.15803,35.89474],[-85.15862,35.89455],[-85.15937,35.89569],[-85.16015,35.89581],[-85.16142,35.89493],[-85.16231,35.893],[-85.16429,35.89302],[-85.16575,35.89204],[-85.16918,35.89094]]]}},{"type":"Feature","properties":{"kind":"minor-water","name":"Bryant Mill Branch","ftype":460,"lengthKm":0.68,"hu8":"05130108","pid":"136991334"},"geometry":{"type":"MultiLineString","coordinates":[[[-85.22749,35.82353],[-85.22672,35.82426],[-85.2266,35.82495],[-85.22528,35.82585],[-85.22461,35.82727],[-85.22331,35.82837]]]}},{"type":"Feature","properties":{"kind":"minor-water","name":"Caney Fork","ftype":558,"lengthKm":0.23,"hu8":"05130108","pid":"136994046"},"geometry":{"type":"MultiLineString","coordinates":[[[-85.15917,35.95467],[-85.16014,35.95271]]]}},{"type":"Feature","properties":{"kind":"minor-water","name":"Bouldin Branch","ftype":460,"lengthKm":0.13,"hu8":"05130108","pid":"136992943"},"geometry":{"type":"MultiLineString","coordinates":[[[-85.43971,35.60676],[-85.43923,35.60786]]]}},{"type":"Feature","properties":{"kind":"minor-water","name":"Cowen Branch","ftype":460,"lengthKm":0.45,"hu8":"05130108","pid":"136993010"},"geometry":{"type":"MultiLineString","coordinates":[[[-85.16324,35.75227],[-85.16574,35.75094],[-85.16774,35.75059]]]}},{"type":"Feature","properties":{"kind":"minor-water","name":"Plum Creek","ftype":558,"lengthKm":0.01,"hu8":"05130108","pid":"136993473"},"geometry":{"type":"MultiLineString","coordinates":[[[-85.39478,35.99126],[-85.39483,35.99118]]]}},{"type":"Feature","properties":{"kind":"minor-water","name":"Cane Creek","ftype":558,"lengthKm":0.22,"hu8":"05130108","pid":"136994630"},"geometry":{"type":"MultiLineString","coordinates":[[[-85.40132,35.78514],[-85.402,35.78616],[-85.40189,35.78697]]]}},{"type":"Feature","properties":{"kind":"minor-water","name":"Wildcat Creek","ftype":460,"lengthKm":3.35,"hu8":"05130108","pid":"136983903"},"geometry":{"type":"MultiLineString","coordinates":[[[-85.37082,35.91725],[-85.37138,35.92022],[-85.3733,35.92196],[-85.37369,35.92302],[-85.37537,35.92412],[-85.37736,35.92403],[-85.37867,35.92442],[-85.37918,35.92418],[-85.37944,35.9236],[-85.38068,35.92477],[-85.38192,35.92348],[-85.38183,35.92311],[-85.38116,35.92292],[-85.38218,35.92234],[-85.38406,35.92448],[-85.38853,35.92772],[-85.3897,35.92807],[-85.3941,35.92823],[-85.39518,35.9285]]]}},{"type":"Feature","properties":{"kind":"minor-water","name":"Caney Fork","ftype":460,"lengthKm":0.96,"hu8":"05130108","pid":"136986134"},"geometry":{"type":"MultiLineString","coordinates":[[[-85.17591,36.0356],[-85.17677,36.03336],[-85.17771,36.03292],[-85.17844,36.03191],[-85.18038,36.03106],[-85.18184,36.02956],[-85.18185,36.02902]]]}},{"type":"Feature","properties":{"kind":"minor-water","name":"Gunstock Branch","ftype":460,"lengthKm":0.69,"hu8":"05130108","pid":"136986332"},"geometry":{"type":"MultiLineString","coordinates":[[[-85.2605,35.84516],[-85.25992,35.84519],[-85.25925,35.8448],[-85.25938,35.84317],[-85.25877,35.84191],[-85.25891,35.83984]]]}},{"type":"Feature","properties":{"kind":"minor-water","name":"Watterman Branch","ftype":460,"lengthKm":0.69,"hu8":"05130108","pid":"136991226"},"geometry":{"type":"MultiLineString","coordinates":[[[-85.22962,35.6844],[-85.23065,35.6835],[-85.2325,35.68342],[-85.23346,35.68307],[-85.23439,35.68377],[-85.23625,35.68435]]]}},{"type":"Feature","properties":{"kind":"minor-water","name":"Sapp Branch","ftype":460,"lengthKm":0.36,"hu8":"05130108","pid":"136991342"},"geometry":{"type":"MultiLineString","coordinates":[[[-85.19208,35.88731],[-85.19147,35.8877],[-85.1902,35.88774],[-85.18832,35.88718]]]}},{"type":"Feature","properties":{"kind":"minor-water","name":"Pokepatch Creek","ftype":460,"lengthKm":1.33,"hu8":"05130108","pid":"136991495"},"geometry":{"type":"MultiLineString","coordinates":[[[-85.21397,35.95002],[-85.21177,35.94999],[-85.21085,35.94965],[-85.20968,35.94998],[-85.20713,35.94995],[-85.20622,35.94978],[-85.20545,35.94926],[-85.20468,35.95056],[-85.2041,35.95065],[-85.20321,35.95028],[-85.20234,35.95105],[-85.20126,35.95136]]]}},{"type":"Feature","properties":{"kind":"minor-water","name":"Little Beaverdam Creek","ftype":460,"lengthKm":0.59,"hu8":"05130108","pid":"136991274"},"geometry":{"type":"MultiLineString","coordinates":[[[-85.1331,35.72675],[-85.13376,35.72653],[-85.1351,35.72734],[-85.13561,35.72735],[-85.13783,35.7262],[-85.13884,35.72619]]]}},{"type":"Feature","properties":{"kind":"minor-water","name":"Little Lost Creek","ftype":558,"lengthKm":0.07,"hu8":"05130108","pid":"136994276"},"geometry":{"type":"MultiLineString","coordinates":[[[-85.36011,35.91765],[-85.35935,35.91762]]]}},{"type":"Feature","properties":{"kind":"minor-water","name":"West Fork Little Cane Creek","ftype":460,"lengthKm":0.77,"hu8":"05130108","pid":"136985872"},"geometry":{"type":"MultiLineString","coordinates":[[[-85.20898,35.80794],[-85.20962,35.80645],[-85.20864,35.80514],[-85.20858,35.80451],[-85.20808,35.80437],[-85.20784,35.80248],[-85.2072,35.80179]]]}},{"type":"Feature","properties":{"kind":"minor-water","name":"Gastens Branch","ftype":460,"lengthKm":1.72,"hu8":"05130108","pid":"136990421"},"geometry":{"type":"MultiLineString","coordinates":[[[-85.31594,35.787],[-85.31599,35.7887],[-85.31669,35.78952],[-85.31625,35.79018],[-85.31818,35.79089],[-85.3184,35.7916],[-85.31813,35.79202],[-85.31765,35.79199],[-85.31758,35.79254],[-85.31804,35.79306],[-85.31932,35.79358],[-85.31793,35.79447],[-85.31795,35.79592],[-85.31919,35.7974],[-85.31902,35.79797],[-85.31788,35.79853]]]}},{"type":"Feature","properties":{"kind":"minor-water","name":"Long Branch","ftype":558,"lengthKm":1.14,"hu8":"05130108","pid":"136985738"},"geometry":{"type":"MultiLineString","coordinates":[[[-85.30532,35.72997],[-85.30479,35.7292],[-85.30318,35.72873],[-85.3024,35.72896],[-85.30207,35.72966],[-85.30104,35.72979],[-85.30014,35.72917],[-85.29971,35.72937],[-85.2993,35.72911],[-85.29763,35.72903],[-85.29701,35.72959],[-85.29601,35.72916],[-85.29557,35.72994]]]}},{"type":"Feature","properties":{"kind":"minor-water","name":"Beaverdam Creek","ftype":460,"lengthKm":0.55,"hu8":"05130108","pid":"136990879"},"geometry":{"type":"MultiLineString","coordinates":[[[-85.20104,35.74336],[-85.20152,35.74391],[-85.20069,35.74518],[-85.20254,35.74494],[-85.20315,35.74613]]]}},{"type":"Feature","properties":{"kind":"minor-water","name":"Gastens Branch","ftype":460,"lengthKm":0.86,"hu8":"05130108","pid":"136989966"},"geometry":{"type":"MultiLineString","coordinates":[[[-85.31075,35.78116],[-85.31282,35.78218],[-85.31364,35.78364],[-85.31462,35.78425],[-85.31488,35.78475],[-85.31468,35.78567],[-85.31594,35.787]]]}},{"type":"Feature","properties":{"kind":"minor-water","name":"Meadow Creek","ftype":460,"lengthKm":0.06,"hu8":"05130108","pid":"136990720"},"geometry":{"type":"MultiLineString","coordinates":[[[-85.13338,35.90376],[-85.13392,35.90351]]]}},{"type":"Feature","properties":{"kind":"minor-water","name":"Duncan Creek","ftype":558,"lengthKm":0.42,"hu8":"05130108","pid":"136993918"},"geometry":{"type":"MultiLineString","coordinates":[[[-85.20847,36.0098],[-85.20718,36.00654],[-85.20675,36.00652]]]}},{"type":"Feature","properties":{"kind":"minor-water","name":"Bee Creek","ftype":558,"lengthKm":1,"hu8":"05130108","pid":"136993992"},"geometry":{"type":"MultiLineString","coordinates":[[[-85.26817,35.79616],[-85.26855,35.79704],[-85.27095,35.7982],[-85.27203,35.79831],[-85.27382,35.79783],[-85.27505,35.79828],[-85.27624,35.79918],[-85.2765,35.80013]]]}},{"type":"Feature","properties":{"kind":"minor-water","name":"Caney Fork","ftype":558,"lengthKm":0.35,"hu8":"05130108","pid":"136994023"},"geometry":{"type":"MultiLineString","coordinates":[[[-85.21155,35.89812],[-85.21403,35.89893],[-85.21528,35.89884]]]}},{"type":"Feature","properties":{"kind":"minor-water","name":"Little Laurel Creek","ftype":558,"lengthKm":0.02,"hu8":"05130108","pid":"136994055"},"geometry":{"type":"MultiLineString","coordinates":[[[-85.33349,35.83121],[-85.33347,35.83104]]]}},{"type":"Feature","properties":{"kind":"minor-water","name":"Beaverdam Branch","ftype":460,"lengthKm":1.72,"hu8":"05130108","pid":"136986463"},"geometry":{"type":"MultiLineString","coordinates":[[[-85.47337,35.66582],[-85.47378,35.66679],[-85.47485,35.66771],[-85.47453,35.6691],[-85.47526,35.67025],[-85.47519,35.67066],[-85.4768,35.67152],[-85.47697,35.67435],[-85.47645,35.67498],[-85.4753,35.67541],[-85.47593,35.67585],[-85.47578,35.67675],[-85.47629,35.67721],[-85.47672,35.67885]]]}},{"type":"Feature","properties":{"kind":"minor-water","name":"Calfkiller River","ftype":460,"lengthKm":1.15,"hu8":"05130108","pid":"136990754"},"geometry":{"type":"MultiLineString","coordinates":[[[-85.32489,36.07407],[-85.32638,36.07352],[-85.32578,36.07153],[-85.32452,36.07038],[-85.32251,36.06943],[-85.32188,36.06867],[-85.32079,36.06843],[-85.32048,36.06756],[-85.32066,36.06671]]]}},{"type":"Feature","properties":{"kind":"minor-water","name":"Fox Hollow Branch","ftype":460,"lengthKm":0.22,"hu8":"05130108","pid":"136991413"},"geometry":{"type":"MultiLineString","coordinates":[[[-85.15845,35.95111],[-85.15959,35.95222],[-85.16026,35.95242]]]}},{"type":"Feature","properties":{"kind":"minor-water","name":"Slaytons Fork","ftype":460,"lengthKm":0.61,"hu8":"05130108","pid":"136992471"},"geometry":{"type":"MultiLineString","coordinates":[[[-85.39473,35.62507],[-85.39395,35.623],[-85.39448,35.62117],[-85.39387,35.61981]]]}},{"type":"Feature","properties":{"kind":"minor-water","name":"Little Laurel Creek","ftype":460,"lengthKm":0.47,"hu8":"05130108","pid":"136992991"},"geometry":{"type":"MultiLineString","coordinates":[[[-85.18617,35.77844],[-85.18656,35.77699],[-85.18792,35.77677],[-85.18808,35.77587],[-85.18895,35.77581]]]}},{"type":"Feature","properties":{"kind":"minor-water","name":"Dry Fork","ftype":460,"lengthKm":0.01,"hu8":"05130108","pid":"136990588"},"geometry":{"type":"MultiLineString","coordinates":[[[-85.49848,35.66543],[-85.49843,35.66549]]]}},{"type":"Feature","properties":{"kind":"minor-water","name":"Horsepen Branch","ftype":460,"lengthKm":3.7,"hu8":"05130108","pid":"136986513"},"geometry":{"type":"MultiLineString","coordinates":[[[-85.41664,35.68694],[-85.41491,35.6868],[-85.41268,35.68559],[-85.41122,35.6856],[-85.40908,35.68413],[-85.40647,35.68358],[-85.40217,35.68312],[-85.40145,35.68354],[-85.39804,35.68435],[-85.39604,35.6843],[-85.39414,35.68392],[-85.39247,35.68231],[-85.38986,35.68185],[-85.38643,35.6802],[-85.38445,35.68052],[-85.38206,35.68019],[-85.38046,35.68075],[-85.37949,35.67997]]]}},{"type":"Feature","properties":{"kind":"minor-water","name":"Piney Creek","ftype":460,"lengthKm":1.64,"hu8":"05130108","pid":"136990599"},"geometry":{"type":"MultiLineString","coordinates":[[[-85.42907,35.65357],[-85.42858,35.65385],[-85.42797,35.65371],[-85.4268,35.65287],[-85.42583,35.65149],[-85.42539,35.65145],[-85.42462,35.6529],[-85.42332,35.65258],[-85.42281,35.65285],[-85.42153,35.65571],[-85.41972,35.65559],[-85.41854,35.65698],[-85.41771,35.65607]]]}},{"type":"Feature","properties":{"kind":"minor-water","name":"Bee Creek","ftype":460,"lengthKm":0.12,"hu8":"05130108","pid":"136990667"},"geometry":{"type":"MultiLineString","coordinates":[[[-85.18293,35.76161],[-85.18324,35.76264]]]}},{"type":"Feature","properties":{"kind":"minor-water","name":"Laurel Creek","ftype":460,"lengthKm":0.37,"hu8":"05130108","pid":"136990689"},"geometry":{"type":"MultiLineString","coordinates":[[[-85.1804,35.86661],[-85.18054,35.86808],[-85.18149,35.8698]]]}},{"type":"Feature","properties":{"kind":"minor-water","name":"Gentry Creek","ftype":460,"lengthKm":0.55,"hu8":"05130108","pid":"136991412"},"geometry":{"type":"MultiLineString","coordinates":[[[-85.16569,35.9066],[-85.1676,35.90839],[-85.16837,35.90831],[-85.17049,35.90931]]]}},{"type":"Feature","properties":{"kind":"minor-water","name":"West Fork Creek","ftype":460,"lengthKm":0.43,"hu8":"05130108","pid":"136991518"},"geometry":{"type":"MultiLineString","coordinates":[[[-85.22797,35.93222],[-85.22766,35.93113],[-85.2262,35.92971],[-85.22673,35.92889]]]}},{"type":"Feature","properties":{"kind":"minor-water","name":"Cane Creek","ftype":460,"lengthKm":1.9,"hu8":"05130108","pid":"136991541"},"geometry":{"type":"MultiLineString","coordinates":[[[-85.36138,35.55107],[-85.3589,35.55181],[-85.3594,35.55251],[-85.35943,35.55378],[-85.35858,35.55515],[-85.35934,35.55624],[-85.35806,35.55727],[-85.35721,35.55735],[-85.35645,35.55922],[-85.35474,35.55961],[-85.35372,35.56016],[-85.3525,35.55916],[-85.35189,35.55908],[-85.35164,35.55944],[-85.35213,35.56009],[-85.35181,35.56041]]]}},{"type":"Feature","properties":{"kind":"minor-water","name":"Hunter Cove","ftype":460,"lengthKm":1.18,"hu8":"05130108","pid":"136990405"},"geometry":{"type":"MultiLineString","coordinates":[[[-85.40337,36.08737],[-85.40413,36.08836],[-85.40567,36.08944],[-85.40584,36.09019],[-85.40629,36.09052],[-85.40692,36.09052],[-85.40823,36.0914],[-85.40821,36.09276],[-85.40908,36.09375],[-85.40913,36.09446],[-85.40991,36.09571]]]}},{"type":"Feature","properties":{"kind":"minor-water","name":"Clifty Creek","ftype":460,"lengthKm":0.99,"hu8":"05130108","pid":"136992919"},"geometry":{"type":"MultiLineString","coordinates":[[[-85.26914,35.95281],[-85.2696,35.95179],[-85.26963,35.95053],[-85.27045,35.9496],[-85.27146,35.94612],[-85.27119,35.94426]]]}},{"type":"Feature","properties":{"kind":"minor-water","name":"Walling Mill Creek","ftype":460,"lengthKm":1.32,"hu8":"05130108","pid":"136992939"},"geometry":{"type":"MultiLineString","coordinates":[[[-85.34188,35.68979],[-85.34338,35.68858],[-85.345,35.689],[-85.34633,35.68888],[-85.3469,35.68935],[-85.3488,35.68859],[-85.34952,35.68906],[-85.35085,35.68853],[-85.35442,35.6903]]]}},{"type":"Feature","properties":{"kind":"minor-water","name":"Lost Creek","ftype":460,"lengthKm":1.51,"hu8":"05130108","pid":"136984318"},"geometry":{"type":"MultiLineString","coordinates":[[[-85.35801,35.90776],[-85.35731,35.90631],[-85.35754,35.90562],[-85.3571,35.90352],[-85.3562,35.90291],[-85.35567,35.90125],[-85.35509,35.90078],[-85.35316,35.89741],[-85.35204,35.89613],[-85.35138,35.896]]]}},{"type":"Feature","properties":{"kind":"minor-water","name":"Camps Gulf Branch","ftype":558,"lengthKm":0.01,"hu8":"05130108","pid":"136994650"},"geometry":{"type":"MultiLineString","coordinates":[[[-85.39283,35.75408],[-85.39288,35.75415]]]}},{"type":"Feature","properties":{"kind":"minor-water","name":"Rogers Creek","ftype":460,"lengthKm":2.16,"hu8":"05130108","pid":"136985932"},"geometry":{"type":"MultiLineString","coordinates":[[[-85.21222,35.87208],[-85.21407,35.87246],[-85.21834,35.87064],[-85.21967,35.86981],[-85.22239,35.86708],[-85.22472,35.86548],[-85.22758,35.86452],[-85.22995,35.86433],[-85.231,35.86363],[-85.23224,35.8641]]]}},{"type":"Feature","properties":{"kind":"minor-water","name":"Caney Fork","ftype":460,"lengthKm":0.35,"hu8":"05130108","pid":"136991463"},"geometry":{"type":"MultiLineString","coordinates":[[[-85.18527,36.01825],[-85.18617,36.01734],[-85.18857,36.01697]]]}},{"type":"Feature","properties":{"kind":"minor-water","name":"Clifty Creek","ftype":460,"lengthKm":1.08,"hu8":"05130108","pid":"136990751"},"geometry":{"type":"MultiLineString","coordinates":[[[-85.27972,35.92022],[-85.27689,35.91759],[-85.27684,35.91634],[-85.27607,35.91554],[-85.27588,35.91467],[-85.27367,35.91485],[-85.27261,35.91393]]]}},{"type":"Feature","properties":{"kind":"minor-water","name":"Beaverdam Creek","ftype":460,"lengthKm":0.29,"hu8":"05130108","pid":"136990884"},"geometry":{"type":"MultiLineString","coordinates":[[[-85.19211,35.72948],[-85.19285,35.73045],[-85.1942,35.7314]]]}},{"type":"Feature","properties":{"kind":"minor-water","name":"Laurel Creek","ftype":460,"lengthKm":0.82,"hu8":"05130108","pid":"136990684"},"geometry":{"type":"MultiLineString","coordinates":[[[-85.18832,35.88718],[-85.18737,35.88793],[-85.18621,35.88757],[-85.18526,35.88905],[-85.18478,35.89083],[-85.18302,35.89192]]]}},{"type":"Feature","properties":{"kind":"minor-water","name":"Meadow Creek","ftype":460,"lengthKm":0.81,"hu8":"05130108","pid":"136990730"},"geometry":{"type":"MultiLineString","coordinates":[[[-85.09638,35.90677],[-85.09827,35.90614],[-85.09874,35.90684],[-85.09968,35.90711],[-85.10021,35.90828],[-85.10234,35.90852],[-85.1026,35.90813],[-85.10323,35.90841]]]}},{"type":"Feature","properties":{"kind":"minor-water","name":"Scuffle Creek","ftype":460,"lengthKm":1.23,"hu8":"05130108","pid":"136991178"},"geometry":{"type":"MultiLineString","coordinates":[[[-85.27482,36.04796],[-85.27496,36.04607],[-85.27651,36.04461],[-85.27821,36.04072],[-85.27987,36.03959],[-85.28084,36.0395],[-85.28128,36.0391]]]}},{"type":"Feature","properties":{"kind":"minor-water","name":"Mud Branch","ftype":558,"lengthKm":0.01,"hu8":"05130108","pid":"136994073"},"geometry":{"type":"MultiLineString","coordinates":[[[-85.19301,35.92474],[-85.19292,35.92469]]]}},{"type":"Feature","properties":{"kind":"minor-water","name":"Cane Creek","ftype":558,"lengthKm":0.15,"hu8":"05130108","pid":"136994829"},"geometry":{"type":"MultiLineString","coordinates":[[[-85.34248,35.64568],[-85.3432,35.64592],[-85.34359,35.64653]]]}},{"type":"Feature","properties":{"kind":"minor-water","name":"Dark Hollow Branch","ftype":460,"lengthKm":1.89,"hu8":"05130108","pid":"136985688"},"geometry":{"type":"MultiLineString","coordinates":[[[-85.30177,35.802],[-85.30213,35.80294],[-85.30125,35.80602],[-85.30159,35.80782],[-85.30206,35.80844],[-85.30204,35.80953],[-85.30097,35.81096],[-85.29999,35.81165],[-85.29984,35.81314],[-85.2991,35.81398],[-85.29888,35.81489],[-85.29806,35.81564],[-85.29743,35.81572],[-85.29682,35.81719]]]}},{"type":"Feature","properties":{"kind":"minor-water","name":"Stamps Hollow Creek","ftype":460,"lengthKm":0.44,"hu8":"05130108","pid":"136983807"},"geometry":{"type":"MultiLineString","coordinates":[[[-85.2772,36.12506],[-85.27771,36.12439],[-85.28009,36.12349],[-85.28097,36.12268]]]}},{"type":"Feature","properties":{"kind":"minor-water","name":"Laurel Creek","ftype":460,"lengthKm":1.48,"hu8":"05130108","pid":"136989761"},"geometry":{"type":"MultiLineString","coordinates":[[[-85.47619,35.71522],[-85.47539,35.71622],[-85.4754,35.71756],[-85.47746,35.72266],[-85.4788,35.72348],[-85.47934,35.72448],[-85.48081,35.72542],[-85.48137,35.72614],[-85.48209,35.72623]]]}},{"type":"Feature","properties":{"kind":"minor-water","name":"Jumping Branch","ftype":460,"lengthKm":0.91,"hu8":"05130108","pid":"136991346"},"geometry":{"type":"MultiLineString","coordinates":[[[-85.19453,35.85432],[-85.19364,35.85432],[-85.19271,35.85394],[-85.19103,35.85509],[-85.18932,35.85521],[-85.18872,35.85568],[-85.18784,35.8558],[-85.18742,35.85651],[-85.18624,35.85739]]]}},{"type":"Feature","properties":{"kind":"minor-water","name":"Henderson Branch","ftype":460,"lengthKm":1.81,"hu8":"05130108","pid":"136991360"},"geometry":{"type":"MultiLineString","coordinates":[[[-85.18522,35.81962],[-85.18428,35.81769],[-85.18217,35.81597],[-85.18128,35.81581],[-85.17817,35.81671],[-85.17807,35.81724],[-85.1768,35.8176],[-85.17578,35.81868],[-85.1737,35.81929],[-85.17165,35.82155],[-85.17075,35.82176]]]}},{"type":"Feature","properties":{"kind":"minor-water","name":"Halfmile Branch","ftype":460,"lengthKm":0.4,"hu8":"05130108","pid":"136992956"},"geometry":{"type":"MultiLineString","coordinates":[[[-85.15734,35.91406],[-85.15798,35.91361],[-85.15985,35.91324],[-85.16119,35.91247]]]}},{"type":"Feature","properties":{"kind":"minor-water","name":"Caney Fork","ftype":558,"lengthKm":0.88,"hu8":"05130108","pid":"136993981"},"geometry":{"type":"MultiLineString","coordinates":[[[-85.30723,35.82932],[-85.30983,35.8312],[-85.31255,35.83579]]]}},{"type":"Feature","properties":{"kind":"minor-water","name":"Meadow Creek","ftype":460,"lengthKm":0.15,"hu8":"05130108","pid":"136990725"},"geometry":{"type":"MultiLineString","coordinates":[[[-85.11708,35.90627],[-85.11876,35.90636]]]}},{"type":"Feature","properties":{"kind":"minor-water","name":"Cane Creek","ftype":558,"lengthKm":0.5,"hu8":"05130108","pid":"136994590"},"geometry":{"type":"MultiLineString","coordinates":[[[-85.44135,35.8117],[-85.4392,35.81362],[-85.43894,35.81451],[-85.43912,35.81549]]]}},{"type":"Feature","properties":{"kind":"minor-water","name":"Cane Creek","ftype":558,"lengthKm":1.77,"hu8":"05130108","pid":"136994637"},"geometry":{"type":"MultiLineString","coordinates":[[[-85.3955,35.74099],[-85.39556,35.74274],[-85.39459,35.7432],[-85.39307,35.74342],[-85.39221,35.74482],[-85.39232,35.74718],[-85.39323,35.74767],[-85.3947,35.74925],[-85.39348,35.75221],[-85.39334,35.75369],[-85.39288,35.75415]]]}},{"type":"Feature","properties":{"kind":"minor-water","name":"Potts Creek","ftype":460,"lengthKm":0.37,"hu8":"05130108","pid":"136991071"},"geometry":{"type":"MultiLineString","coordinates":[[[-85.16201,35.87943],[-85.16562,35.881]]]}},{"type":"Feature","properties":{"kind":"minor-water","name":"Whiteoak Branch","ftype":460,"lengthKm":1.11,"hu8":"05130108","pid":"136985407"},"geometry":{"type":"MultiLineString","coordinates":[[[-85.22575,36.03476],[-85.22617,36.0352],[-85.2291,36.03625],[-85.2312,36.03739],[-85.23397,36.03928],[-85.2349,36.03927],[-85.23538,36.0403]]]}},{"type":"Feature","properties":{"kind":"minor-water","name":"Hughes Creek","ftype":460,"lengthKm":0.6,"hu8":"05130108","pid":"136991425"},"geometry":{"type":"MultiLineString","coordinates":[[[-85.11906,35.93472],[-85.11933,35.93541],[-85.11913,35.93574],[-85.11992,35.93677],[-85.11987,35.93747],[-85.12045,35.93771],[-85.12061,35.93904],[-85.12108,35.93936]]]}},{"type":"Feature","properties":{"kind":"minor-water","name":"Glade Creek","ftype":558,"lengthKm":0.49,"hu8":"05130108","pid":"136994001"},"geometry":{"type":"MultiLineString","coordinates":[[[-85.26994,35.74518],[-85.27035,35.74734],[-85.26926,35.748],[-85.26795,35.74776]]]}},{"type":"Feature","properties":{"kind":"minor-water","name":"Laurel Creek","ftype":460,"lengthKm":0.36,"hu8":"05130108","pid":"136992899"},"geometry":{"type":"MultiLineString","coordinates":[[[-85.4845,35.72869],[-85.48538,35.72931],[-85.48552,35.73077],[-85.48632,35.73129]]]}},{"type":"Feature","properties":{"kind":"minor-water","name":"Dry Creek","ftype":460,"lengthKm":1.96,"hu8":"05130108","pid":"136990966"},"geometry":{"type":"MultiLineString","coordinates":[[[-85.36737,35.83063],[-85.36758,35.83008],[-85.37031,35.82934],[-85.37209,35.82751],[-85.37686,35.82458],[-85.37763,35.82317],[-85.37922,35.82215],[-85.37972,35.8211],[-85.38045,35.821],[-85.3816,35.82154],[-85.38259,35.82112],[-85.38332,35.82119]]]}},{"type":"Feature","properties":{"kind":"minor-water","name":"Polebridge Creek","ftype":460,"lengthKm":0.68,"hu8":"05130108","pid":"136991057"},"geometry":{"type":"MultiLineString","coordinates":[[[-85.30432,35.59275],[-85.30486,35.59274],[-85.30512,35.59312],[-85.30352,35.59581],[-85.30425,35.59794]]]}},{"type":"Feature","properties":{"kind":"minor-water","name":"Bee Creek","ftype":558,"lengthKm":0.63,"hu8":"05130108","pid":"136994680"},"geometry":{"type":"MultiLineString","coordinates":[[[-85.22923,35.76935],[-85.23057,35.77001],[-85.23028,35.77143],[-85.23061,35.77244],[-85.23178,35.77331],[-85.23253,35.7735]]]}},{"type":"Feature","properties":{"kind":"minor-water","name":"Little Cane Creek","ftype":558,"lengthKm":0.01,"hu8":"05130108","pid":"136994700"},"geometry":{"type":"MultiLineString","coordinates":[[[-85.23253,35.77359],[-85.23253,35.7735]]]}},{"type":"Feature","properties":{"kind":"minor-water","name":"Long Branch","ftype":460,"lengthKm":2.05,"hu8":"05130108","pid":"136985728"},"geometry":{"type":"MultiLineString","coordinates":[[[-85.28609,35.7274],[-85.28463,35.72649],[-85.28414,35.72741],[-85.28333,35.72747],[-85.28312,35.72688],[-85.28355,35.72593],[-85.28174,35.72551],[-85.28042,35.7268],[-85.27845,35.7259],[-85.27793,35.72592],[-85.27713,35.7265],[-85.27685,35.72619],[-85.27695,35.72468],[-85.27634,35.72457],[-85.27545,35.72509],[-85.27355,35.72528],[-85.2719,35.72321]]]}},{"type":"Feature","properties":{"kind":"minor-water","name":"Beaverdam Creek","ftype":460,"lengthKm":0.48,"hu8":"05130108","pid":"136983918"},"geometry":{"type":"MultiLineString","coordinates":[[[-85.20416,35.75007],[-85.20474,35.7504],[-85.20623,35.75049],[-85.20746,35.75278]]]}},{"type":"Feature","properties":{"kind":"minor-water","name":"Deer Hollow Branch","ftype":460,"lengthKm":0.33,"hu8":"05130108","pid":"136991336"},"geometry":{"type":"MultiLineString","coordinates":[[[-85.23492,35.85928],[-85.23657,35.85857],[-85.23836,35.85865]]]}},{"type":"Feature","properties":{"kind":"minor-water","name":"Steep Hollow Branch","ftype":460,"lengthKm":1.91,"hu8":"05130108","pid":"136986337"},"geometry":{"type":"MultiLineString","coordinates":[[[-85.27492,35.84304],[-85.27882,35.84028],[-85.28142,35.8395],[-85.28345,35.83951],[-85.28548,35.83836],[-85.28613,35.83835],[-85.28625,35.8375],[-85.28702,35.83684],[-85.2879,35.8321]]]}},{"type":"Feature","properties":{"kind":"minor-water","name":"Piney Creek","ftype":460,"lengthKm":1.76,"hu8":"05130108","pid":"136990612"},"geometry":{"type":"MultiLineString","coordinates":[[[-85.40578,35.58401],[-85.40558,35.58506],[-85.406,35.58581],[-85.40504,35.58604],[-85.4048,35.5864],[-85.40558,35.58734],[-85.40511,35.58845],[-85.40679,35.58981],[-85.40627,35.59116],[-85.40675,35.59195],[-85.40644,35.59252],[-85.40645,35.5935],[-85.4068,35.59398],[-85.40654,35.59461],[-85.4075,35.59515],[-85.40671,35.59632],[-85.40777,35.59694]]]}},{"type":"Feature","properties":{"kind":"minor-water","name":"Falling Water River","ftype":460,"lengthKm":1.14,"hu8":"05130108","pid":"136990770"},"geometry":{"type":"MultiLineString","coordinates":[[[-85.32266,36.15047],[-85.32506,36.15133],[-85.32555,36.153],[-85.32662,36.15312],[-85.3272,36.15348],[-85.32883,36.15549],[-85.32929,36.15712],[-85.33026,36.1576]]]}},{"type":"Feature","properties":{"kind":"minor-water","name":"Millstone Branch","ftype":460,"lengthKm":0.85,"hu8":"05130108","pid":"136992345"},"geometry":{"type":"MultiLineString","coordinates":[[[-85.45898,35.7498],[-85.45817,35.75002],[-85.45718,35.74955],[-85.45549,35.75004],[-85.45335,35.74982],[-85.44999,35.75046]]]}},{"type":"Feature","properties":{"kind":"minor-water","name":"Puncheoncamp Creek","ftype":460,"lengthKm":0.51,"hu8":"05130108","pid":"136992469"},"geometry":{"type":"MultiLineString","coordinates":[[[-85.18955,35.82786],[-85.19141,35.82804],[-85.19477,35.82664]]]}},{"type":"Feature","properties":{"kind":"minor-water","name":"Falling Water River","ftype":460,"lengthKm":0.74,"hu8":"05130108","pid":"136990771"},"geometry":{"type":"MultiLineString","coordinates":[[[-85.31615,36.14695],[-85.31802,36.14764],[-85.31958,36.14779],[-85.322,36.15019],[-85.32266,36.15047]]]}},{"type":"Feature","properties":{"kind":"minor-water","name":"Falling Water River","ftype":558,"lengthKm":13.8,"hu8":"05130108","pid":"136993438"},"geometry":{"type":"MultiLineString","coordinates":[[[-85.44368,36.11851],[-85.44675,36.11616],[-85.44768,36.11497],[-85.44876,36.11442],[-85.45085,36.11424],[-85.45359,36.11542],[-85.45634,36.1133],[-85.462,36.11258],[-85.46452,36.1138],[-85.46541,36.1125],[-85.46646,36.11171],[-85.46657,36.11115],[-85.46276,36.10949],[-85.46169,36.10936],[-85.4617,36.10874],[-85.46445,36.10879],[-85.46811,36.1107],[-85.47146,36.11021],[-85.47285,36.11193],[-85.47465,36.11019],[-85.47648,36.10915],[-85.47949,36.10891],[-85.47945,36.10827],[-85.47815,36.10678],[-85.47749,36.1048],[-85.47885,36.10445],[-85.48122,36.10567],[-85.48192,36.10589],[-85.48221,36.10565],[-85.48184,36.10216],[-85.4846,36.09861],[-85.48608,36.09605],[-85.48542,36.0934],[-85.48682,36.09345],[-85.48948,36.09413],[-85.49141,36.09657],[-85.49206,36.09804],[-85.4957,36.09847],[-85.49609,36.09747],[-85.49452,36.09426],[-85.49533,36.09417],[-85.49704,36.09508],[-85.49755,36.09501],[-85.49791,36.09452],[-85.49513,36.0923],[-85.49446,36.09143],[-85.49672,36.08924],[-85.49719,36.08781],[-85.49771,36.08781],[-85.50051,36.09001],[-85.50272,36.09125],[-85.50362,36.09107],[-85.5045,36.08991],[-85.50441,36.08904],[-85.50377,36.0884],[-85.49894,36.08772],[-85.49956,36.08532],[-85.50183,36.08335],[-85.50175,36.08284],[-85.50048,36.08134],[-85.50045,36.08067],[-85.50118,36.0805],[-85.50769,36.08199],[-85.50963,36.08137]]]}},{"type":"Feature","properties":{"kind":"minor-water","name":"Calfkiller River","ftype":558,"lengthKm":1.39,"hu8":"05130108","pid":"136993458"},"geometry":{"type":"MultiLineString","coordinates":[[[-85.36182,36.00691],[-85.36138,36.00437],[-85.36206,36.00343],[-85.36701,36.00353],[-85.36897,36.00218],[-85.37089,36.00279],[-85.37224,36.00284]]]}},{"type":"Feature","properties":{"kind":"minor-water","name":"Beam Creek","ftype":558,"lengthKm":0.03,"hu8":"05130108","pid":"136993899"},"geometry":{"type":"MultiLineString","coordinates":[[[-85.16465,36.02656],[-85.16428,36.02653]]]}},{"type":"Feature","properties":{"kind":"minor-water","name":"Duncan Creek","ftype":558,"lengthKm":0.3,"hu8":"05130108","pid":"136993912"},"geometry":{"type":"MultiLineString","coordinates":[[[-85.21052,36.01979],[-85.20974,36.01809],[-85.20983,36.01725]]]}},{"type":"Feature","properties":{"kind":"minor-water","name":"Jack Branch","ftype":460,"lengthKm":1.49,"hu8":"05130108","pid":"136990109"},"geometry":{"type":"MultiLineString","coordinates":[[[-85.32559,35.70681],[-85.32406,35.70642],[-85.32179,35.707],[-85.32094,35.70633],[-85.31966,35.70593],[-85.31917,35.70493],[-85.31693,35.70367],[-85.31562,35.70359],[-85.31433,35.70447],[-85.31213,35.70432],[-85.31153,35.70402]]]}},{"type":"Feature","properties":{"kind":"minor-water","name":"Bradden Creek","ftype":460,"lengthKm":2.26,"hu8":"05130108","pid":"136990906"},"geometry":{"type":"MultiLineString","coordinates":[[[-85.27752,35.68849],[-85.27805,35.68918],[-85.27634,35.68977],[-85.27605,35.69145],[-85.27699,35.69183],[-85.2773,35.6932],[-85.2793,35.69349],[-85.28029,35.69404],[-85.27998,35.69477],[-85.28079,35.69521],[-85.28042,35.69604],[-85.28278,35.69685],[-85.28359,35.6978],[-85.28494,35.69798],[-85.28429,35.69847],[-85.28321,35.69867],[-85.28274,35.69956],[-85.28421,35.6993],[-85.28459,35.7001]]]}},{"type":"Feature","properties":{"kind":"minor-water","name":"Doe Creek","ftype":460,"lengthKm":2.22,"hu8":"05130108","pid":"136990959"},"geometry":{"type":"MultiLineString","coordinates":[[[-85.34342,35.99814],[-85.34448,35.99903],[-85.3444,35.99951],[-85.34475,35.99988],[-85.34713,36.00131],[-85.34694,36.00299],[-85.34936,36.00477],[-85.35135,36.00538],[-85.35289,36.00504],[-85.35535,36.00516],[-85.35777,36.00659],[-85.35842,36.00641],[-85.35913,36.00672],[-85.35981,36.00737],[-85.3617,36.00693]]]}},{"type":"Feature","properties":{"kind":"minor-water","name":"Puncheoncamp Creek","ftype":460,"lengthKm":0.3,"hu8":"05130108","pid":"136991078"},"geometry":{"type":"MultiLineString","coordinates":[[[-85.22462,35.83511],[-85.22545,35.83565],[-85.22647,35.83725]]]}},{"type":"Feature","properties":{"kind":"minor-water","name":"Glade Creek","ftype":558,"lengthKm":0.79,"hu8":"05130108","pid":"136994005"},"geometry":{"type":"MultiLineString","coordinates":[[[-85.26244,35.71916],[-85.26205,35.71969],[-85.26218,35.7201],[-85.26471,35.72026],[-85.26505,35.72102],[-85.26671,35.72187],[-85.26794,35.7231]]]}},{"type":"Feature","properties":{"kind":"minor-water","name":"Caney Fork","ftype":558,"lengthKm":0.08,"hu8":"05130108","pid":"136994014"},"geometry":{"type":"MultiLineString","coordinates":[[[-85.25495,35.86412],[-85.25544,35.86351]]]}},{"type":"Feature","properties":{"kind":"minor-water","name":"Deadtimber Branch","ftype":558,"lengthKm":0.01,"hu8":"05130108","pid":"136994067"},"geometry":{"type":"MultiLineString","coordinates":[[[-85.25721,35.77035],[-85.25729,35.7703]]]}},{"type":"Feature","properties":{"kind":"minor-water","name":"Polly Branch","ftype":558,"lengthKm":0.02,"hu8":"05130108","pid":"136994077"},"geometry":{"type":"MultiLineString","coordinates":[[[-85.25561,35.86354],[-85.25544,35.86351]]]}},{"type":"Feature","properties":{"kind":"minor-water","name":"Keener Branch","ftype":558,"lengthKm":0.01,"hu8":"05130108","pid":"136994128"},"geometry":{"type":"MultiLineString","coordinates":[[[-85.26115,35.75029],[-85.26106,35.75037]]]}},{"type":"Feature","properties":{"kind":"minor-water","name":"Samples Fork","ftype":460,"lengthKm":0.68,"hu8":"05130108","pid":"136991100"},"geometry":{"type":"MultiLineString","coordinates":[[[-85.45555,35.60613],[-85.45626,35.60739],[-85.45826,35.6081],[-85.4588,35.60932],[-85.46079,35.60979]]]}},{"type":"Feature","properties":{"kind":"minor-water","name":"Bryant Mill Branch","ftype":460,"lengthKm":0.44,"hu8":"05130108","pid":"136991331"},"geometry":{"type":"MultiLineString","coordinates":[[[-85.23671,35.81699],[-85.23571,35.81856],[-85.23442,35.81987],[-85.23381,35.82006]]]}},{"type":"Feature","properties":{"kind":"minor-water","name":"Cane Creek","ftype":558,"lengthKm":0.51,"hu8":"05130108","pid":"136994632"},"geometry":{"type":"MultiLineString","coordinates":[[[-85.40557,35.77925],[-85.40334,35.78092],[-85.4031,35.78152],[-85.40469,35.78232]]]}},{"type":"Feature","properties":{"kind":"minor-water","name":"Falling Water River","ftype":460,"lengthKm":0.05,"hu8":"05130108","pid":"136990766"},"geometry":{"type":"MultiLineString","coordinates":[[[-85.36052,36.146],[-85.36096,36.14575]]]}},{"type":"Feature","properties":{"kind":"minor-water","name":"Dry Fork","ftype":460,"lengthKm":1.86,"hu8":"05130108","pid":"136983663"},"geometry":{"type":"MultiLineString","coordinates":[[[-85.47666,35.69662],[-85.4758,35.69671],[-85.4752,35.69776],[-85.4736,35.69897],[-85.47345,35.70042],[-85.47163,35.70166],[-85.47146,35.70384],[-85.46965,35.70565],[-85.46818,35.70634],[-85.46668,35.70537],[-85.46398,35.70581]]]}},{"type":"Feature","properties":{"kind":"minor-water","name":"Gastens Branch","ftype":460,"lengthKm":1.96,"hu8":"05130108","pid":"136984053"},"geometry":{"type":"MultiLineString","coordinates":[[[-85.31788,35.79853],[-85.31835,35.79881],[-85.31854,35.79968],[-85.31944,35.80016],[-85.31851,35.80134],[-85.319,35.80255],[-85.32017,35.80271],[-85.31936,35.80377],[-85.32048,35.80441],[-85.32107,35.80534],[-85.32056,35.8058],[-85.31964,35.80557],[-85.31916,35.80622],[-85.31938,35.80677],[-85.32033,35.80749],[-85.32018,35.80834],[-85.32061,35.80936],[-85.32383,35.80989]]]}},{"type":"Feature","properties":{"kind":"minor-water","name":"Cane Creek","ftype":460,"lengthKm":1.32,"hu8":"05130108","pid":"136990624"},"geometry":{"type":"MultiLineString","coordinates":[[[-85.32712,35.62624],[-85.32894,35.62665],[-85.33062,35.62793],[-85.32956,35.62869],[-85.32885,35.62998],[-85.32569,35.63212],[-85.32627,35.63461]]]}},{"type":"Feature","properties":{"kind":"minor-water","name":"Panter Creek","ftype":460,"lengthKm":0.15,"hu8":"05130108","pid":"136991211"},"geometry":{"type":"MultiLineString","coordinates":[[[-85.22257,35.66213],[-85.22276,35.66196],[-85.22405,35.66241]]]}},{"type":"Feature","properties":{"kind":"minor-water","name":"Big Branch","ftype":460,"lengthKm":1.13,"hu8":"05130108","pid":"136991288"},"geometry":{"type":"MultiLineString","coordinates":[[[-85.12392,35.74794],[-85.12273,35.75007],[-85.12215,35.75197],[-85.12231,35.75465],[-85.12146,35.75584],[-85.12088,35.75755]]]}},{"type":"Feature","properties":{"kind":"minor-water","name":"Little Cane Creek","ftype":460,"lengthKm":0.08,"hu8":"05130108","pid":"136991324"},"geometry":{"type":"MultiLineString","coordinates":[[[-85.20718,35.78819],[-85.20798,35.78795]]]}},{"type":"Feature","properties":{"kind":"minor-water","name":"Tantrough Creek","ftype":460,"lengthKm":0.3,"hu8":"05130108","pid":"136991434"},"geometry":{"type":"MultiLineString","coordinates":[[[-85.11861,35.96344],[-85.11894,35.96333],[-85.12097,35.964],[-85.12177,35.96384]]]}},{"type":"Feature","properties":{"kind":"minor-water","name":"Caney Fork","ftype":558,"lengthKm":1.91,"hu8":"05130108","pid":"136994015"},"geometry":{"type":"MultiLineString","coordinates":[[[-85.24521,35.87663],[-85.24589,35.87608],[-85.2463,35.87507],[-85.24561,35.87222],[-85.24595,35.87096],[-85.24825,35.86967],[-85.2507,35.86941],[-85.25142,35.86902],[-85.25185,35.86845],[-85.25179,35.86713],[-85.25237,35.86559],[-85.25495,35.86412]]]}},{"type":"Feature","properties":{"kind":"minor-water","name":"Hickory Valley Branch","ftype":558,"lengthKm":0.11,"hu8":"05130108","pid":"136994059"},"geometry":{"type":"MultiLineString","coordinates":[[[-85.41951,35.8241],[-85.41839,35.82381]]]}},{"type":"Feature","properties":{"kind":"minor-water","name":"Caney Fork","ftype":558,"lengthKm":1.57,"hu8":"05130108","pid":"136993988"},"geometry":{"type":"MultiLineString","coordinates":[[[-85.26768,35.82962],[-85.26848,35.82912],[-85.27034,35.82876],[-85.27352,35.82942],[-85.27638,35.83049],[-85.27762,35.83008],[-85.2799,35.83001],[-85.28428,35.83077]]]}},{"type":"Feature","properties":{"kind":"minor-water","name":"Caney Fork","ftype":558,"lengthKm":0.68,"hu8":"05130108","pid":"136994575"},"geometry":{"type":"MultiLineString","coordinates":[[[-85.43912,35.81549],[-85.44519,35.81918]]]}},{"type":"Feature","properties":{"kind":"minor-water","name":"Cane Creek","ftype":558,"lengthKm":0.95,"hu8":"05130108","pid":"136994771"},"geometry":{"type":"MultiLineString","coordinates":[[[-85.37002,35.68763],[-85.37463,35.69051],[-85.37532,35.69281],[-85.37616,35.69411]]]}},{"type":"Feature","properties":{"kind":"minor-water","name":"Little Laurel Creek","ftype":460,"lengthKm":0.36,"hu8":"05130108","pid":"136992630"},"geometry":{"type":"MultiLineString","coordinates":[[[-85.10688,35.83714],[-85.1076,35.8375],[-85.10773,35.83824],[-85.1085,35.83887],[-85.10889,35.8397]]]}},{"type":"Feature","properties":{"kind":"minor-water","name":"Hughes Creek","ftype":460,"lengthKm":0.31,"hu8":"05130108","pid":"136991426"},"geometry":{"type":"MultiLineString","coordinates":[[[-85.12021,35.93234],[-85.11986,35.93248],[-85.1193,35.93401],[-85.11948,35.93421],[-85.11906,35.93472]]]}},{"type":"Feature","properties":{"kind":"minor-water","name":"Rocky River","ftype":460,"lengthKm":2.19,"hu8":"05130108","pid":"136991647"},"geometry":{"type":"MultiLineString","coordinates":[[[-85.47836,35.5509],[-85.47879,35.55165],[-85.48111,35.55292],[-85.48214,35.55405],[-85.48371,35.55424],[-85.48566,35.55534],[-85.48514,35.55685],[-85.48541,35.55795],[-85.48592,35.55828],[-85.48787,35.55853],[-85.48858,35.55918],[-85.48874,35.56054],[-85.48931,35.56145],[-85.48902,35.56293],[-85.48967,35.56374],[-85.48945,35.56514]]]}},{"type":"Feature","properties":{"kind":"minor-water","name":"Green Sea Branch","ftype":460,"lengthKm":0.87,"hu8":"05130108","pid":"136991655"},"geometry":{"type":"MultiLineString","coordinates":[[[-85.47283,35.5788],[-85.47381,35.57893],[-85.47474,35.5784],[-85.47646,35.57888],[-85.47899,35.5789],[-85.48178,35.57779]]]}},{"type":"Feature","properties":{"kind":"minor-water","name":"Glade Creek","ftype":460,"lengthKm":1.41,"hu8":"05130108","pid":"136990650"},"geometry":{"type":"MultiLineString","coordinates":[[[-85.25258,35.68407],[-85.25355,35.68443],[-85.25396,35.68491],[-85.25345,35.68841],[-85.25457,35.6884],[-85.25489,35.6887],[-85.25435,35.69005],[-85.25416,35.69265],[-85.25639,35.69416]]]}},{"type":"Feature","properties":{"kind":"minor-water","name":"Cane Creek","ftype":558,"lengthKm":1.84,"hu8":"05130108","pid":"136994774"},"geometry":{"type":"MultiLineString","coordinates":[[[-85.3557,35.67536],[-85.35721,35.67582],[-85.35783,35.67707],[-85.36021,35.67742],[-85.36183,35.67857],[-85.36347,35.68033],[-85.36526,35.68562],[-85.366,35.68596],[-85.36815,35.68618]]]}},{"type":"Feature","properties":{"kind":"minor-water","name":"Flat Creek","ftype":460,"lengthKm":1.7,"hu8":"05130108","pid":"136993005"},"geometry":{"type":"MultiLineString","coordinates":[[[-85.25889,35.65267],[-85.25743,35.65541],[-85.25717,35.65694],[-85.25655,35.65749],[-85.25664,35.65832],[-85.2552,35.66011],[-85.25504,35.66102],[-85.25313,35.66319],[-85.25229,35.66371],[-85.25224,35.66468],[-85.25085,35.66579]]]}},{"type":"Feature","properties":{"kind":"minor-water","name":"Long Branch","ftype":460,"lengthKm":2.52,"hu8":"05130108","pid":"136986028"},"geometry":{"type":"MultiLineString","coordinates":[[[-85.1493,35.93233],[-85.14887,35.93368],[-85.14794,35.93498],[-85.14424,35.93629],[-85.14063,35.93879],[-85.14006,35.93969],[-85.13899,35.94051],[-85.13808,35.94208],[-85.1387,35.94297],[-85.13921,35.94317],[-85.13943,35.94386],[-85.13897,35.94579],[-85.13832,35.94677],[-85.13641,35.94722],[-85.13519,35.94878]]]}},{"type":"Feature","properties":{"kind":"minor-water","name":"Camps Gulf Branch","ftype":460,"lengthKm":0.25,"hu8":"05130108","pid":"136986658"},"geometry":{"type":"MultiLineString","coordinates":[[[-85.37322,35.74725],[-85.37418,35.74734],[-85.37578,35.74803]]]}},{"type":"Feature","properties":{"kind":"minor-water","name":"Glade Creek","ftype":460,"lengthKm":0.23,"hu8":"05130108","pid":"136990654"},"geometry":{"type":"MultiLineString","coordinates":[[[-85.25085,35.66579],[-85.25084,35.66677],[-85.25187,35.66753]]]}},{"type":"Feature","properties":{"kind":"minor-water","name":"Laurel Creek","ftype":460,"lengthKm":0.42,"hu8":"05130108","pid":"136990702"},"geometry":{"type":"MultiLineString","coordinates":[[[-85.13846,35.8414],[-85.13946,35.84183],[-85.1428,35.84091]]]}},{"type":"Feature","properties":{"kind":"minor-water","name":"Spring Creek","ftype":460,"lengthKm":0.75,"hu8":"05130108","pid":"136990814"},"geometry":{"type":"MultiLineString","coordinates":[[[-85.28814,35.77055],[-85.28787,35.77128],[-85.28711,35.77124],[-85.28625,35.77193],[-85.28491,35.77231],[-85.28449,35.77294],[-85.28346,35.77302],[-85.28407,35.77465]]]}},{"type":"Feature","properties":{"kind":"minor-water","name":"Duncan Creek","ftype":460,"lengthKm":0.13,"hu8":"05130108","pid":"136989875"},"geometry":{"type":"MultiLineString","coordinates":[[[-85.20675,36.00652],[-85.20595,36.00553]]]}},{"type":"Feature","properties":{"kind":"minor-water","name":"Caney Fork","ftype":558,"lengthKm":0.61,"hu8":"05130108","pid":"136993982"},"geometry":{"type":"MultiLineString","coordinates":[[[-85.30081,35.8239],[-85.30177,35.82331],[-85.30407,35.82302],[-85.30583,35.82526]]]}},{"type":"Feature","properties":{"kind":"minor-water","name":"Caney Fork","ftype":558,"lengthKm":0.94,"hu8":"05130108","pid":"136994041"},"geometry":{"type":"MultiLineString","coordinates":[[[-85.18053,35.94365],[-85.18082,35.94326],[-85.18059,35.94277],[-85.17887,35.94184],[-85.17819,35.94089],[-85.17729,35.93782],[-85.17732,35.9363]]]}},{"type":"Feature","properties":{"kind":"minor-water","name":"Little Laurel Creek","ftype":460,"lengthKm":0.58,"hu8":"05130108","pid":"136992664"},"geometry":{"type":"MultiLineString","coordinates":[[[-85.09656,35.83212],[-85.10079,35.83256],[-85.10281,35.83182]]]}},{"type":"Feature","properties":{"kind":"minor-water","name":"Back Creek","ftype":558,"lengthKm":0.02,"hu8":"05130108","pid":"136994125"},"geometry":{"type":"MultiLineString","coordinates":[[[-85.27015,35.74513],[-85.26994,35.74518]]]}},{"type":"Feature","properties":{"kind":"minor-water","name":"Blue Spring Creek","ftype":558,"lengthKm":0.01,"hu8":"05130108","pid":"136994156"},"geometry":{"type":"MultiLineString","coordinates":[[[-85.41259,35.96436],[-85.41271,35.96438]]]}},{"type":"Feature","properties":{"kind":"minor-water","name":"Beaverdam Creek","ftype":460,"lengthKm":0.99,"hu8":"05130108","pid":"136992800"},"geometry":{"type":"MultiLineString","coordinates":[[[-85.19201,35.66882],[-85.19094,35.66929],[-85.19043,35.66996],[-85.19014,35.67369],[-85.18979,35.67399],[-85.19028,35.67497],[-85.19034,35.67693]]]}},{"type":"Feature","properties":{"kind":"minor-water","name":"Bee Creek","ftype":558,"lengthKm":0.87,"hu8":"05130108","pid":"136994677"},"geometry":{"type":"MultiLineString","coordinates":[[[-85.23927,35.77023],[-85.23909,35.76964],[-85.23978,35.76922],[-85.24476,35.76979],[-85.24593,35.76948],[-85.2473,35.76854]]]}},{"type":"Feature","properties":{"kind":"minor-water","name":"Dry Fork","ftype":460,"lengthKm":0.36,"hu8":"05130108","pid":"136983632"},"geometry":{"type":"MultiLineString","coordinates":[[[-85.42997,35.72323],[-85.429,35.72363],[-85.42789,35.72338],[-85.42616,35.72375]]]}},{"type":"Feature","properties":{"kind":"minor-water","name":"England Cove","ftype":460,"lengthKm":2,"hu8":"05130108","pid":"136990914"},"geometry":{"type":"MultiLineString","coordinates":[[[-85.28128,36.0391],[-85.28259,36.03806],[-85.28547,36.03714],[-85.28683,36.03718],[-85.28821,36.03764],[-85.28936,36.0373],[-85.29069,36.03571],[-85.29099,36.03382],[-85.29228,36.03277],[-85.29293,36.03103],[-85.29463,36.03032],[-85.29513,36.02952],[-85.29649,36.02917]]]}},{"type":"Feature","properties":{"kind":"minor-water","name":"Wilkerson Creek","ftype":460,"lengthKm":1.41,"hu8":"05130108","pid":"136991447"},"geometry":{"type":"MultiLineString","coordinates":[[[-85.19685,35.98714],[-85.19466,35.98567],[-85.19536,35.98469],[-85.19508,35.9837],[-85.19189,35.98399],[-85.18971,35.9815],[-85.18831,35.98085],[-85.18679,35.98055]]]}},{"type":"Feature","properties":{"kind":"minor-water","name":"Rocky River","ftype":460,"lengthKm":0.81,"hu8":"05130108","pid":"136992973"},"geometry":{"type":"MultiLineString","coordinates":[[[-85.47812,35.54398],[-85.47808,35.54535],[-85.47842,35.54608],[-85.47814,35.54661],[-85.47872,35.54736],[-85.47829,35.54785],[-85.47865,35.54947],[-85.47836,35.5509]]]}},{"type":"Feature","properties":{"kind":"minor-water","name":"Caney Fork","ftype":558,"lengthKm":0.13,"hu8":"05130108","pid":"136993977"},"geometry":{"type":"MultiLineString","coordinates":[[[-85.3381,35.82671],[-85.33943,35.82624]]]}},{"type":"Feature","properties":{"kind":"minor-water","name":"Cowen Branch","ftype":460,"lengthKm":1.14,"hu8":"05130108","pid":"136993002"},"geometry":{"type":"MultiLineString","coordinates":[[[-85.1807,35.75377],[-85.18123,35.75563],[-85.18066,35.75604],[-85.18063,35.75652],[-85.18109,35.757],[-85.18016,35.75819],[-85.17993,35.75974],[-85.17899,35.76056],[-85.18018,35.76176],[-85.18142,35.7619]]]}},{"type":"Feature","properties":{"kind":"minor-water","name":"Piney Creek","ftype":460,"lengthKm":0.47,"hu8":"05130108","pid":"136990594"},"geometry":{"type":"MultiLineString","coordinates":[[[-85.38934,35.66328],[-85.38889,35.66302],[-85.38781,35.66325],[-85.3854,35.66109]]]}},{"type":"Feature","properties":{"kind":"minor-water","name":"Clifty Creek","ftype":460,"lengthKm":1.2,"hu8":"05130108","pid":"136990748"},"geometry":{"type":"MultiLineString","coordinates":[[[-85.27261,35.91393],[-85.27282,35.91339],[-85.27214,35.91227],[-85.2734,35.90973],[-85.27305,35.90868],[-85.2731,35.90354]]]}},{"type":"Feature","properties":{"kind":"minor-water","name":"Panter Creek","ftype":460,"lengthKm":0.5,"hu8":"05130108","pid":"136991216"},"geometry":{"type":"MultiLineString","coordinates":[[[-85.20848,35.66875],[-85.20972,35.66703],[-85.21258,35.66619]]]}},{"type":"Feature","properties":{"kind":"minor-water","name":"Gentry Creek","ftype":460,"lengthKm":0.49,"hu8":"05130108","pid":"136991410"},"geometry":{"type":"MultiLineString","coordinates":[[[-85.17541,35.91081],[-85.17662,35.91091],[-85.17727,35.90997],[-85.17851,35.90924],[-85.17906,35.90821]]]}},{"type":"Feature","properties":{"kind":"minor-water","name":"Rockhouse Creek","ftype":558,"lengthKm":0.02,"hu8":"05130108","pid":"136994818"},"geometry":{"type":"MultiLineString","coordinates":[[[-85.34962,35.66325],[-85.34971,35.66342]]]}},{"type":"Feature","properties":{"kind":"minor-water","name":"Salton Creek","ftype":460,"lengthKm":0.8,"hu8":"05130108","pid":"136993045"},"geometry":{"type":"MultiLineString","coordinates":[[[-85.10684,35.74661],[-85.10963,35.74841],[-85.11052,35.74931],[-85.11072,35.75007],[-85.11254,35.75187]]]}},{"type":"Feature","properties":{"kind":"minor-water","name":"Pole Bridge Branch","ftype":460,"lengthKm":1.13,"hu8":"05130108","pid":"136988356"},"geometry":{"type":"MultiLineString","coordinates":[[[-85.31288,35.90355],[-85.31348,35.90424],[-85.31437,35.90328],[-85.3148,35.9032],[-85.31665,35.90428],[-85.31679,35.90522],[-85.31719,35.9055],[-85.31845,35.90475],[-85.3193,35.90459],[-85.31995,35.9047],[-85.32047,35.9057],[-85.3216,35.90569]]]}},{"type":"Feature","properties":{"kind":"minor-water","name":"Dugger Branch","ftype":460,"lengthKm":1.05,"hu8":"05130108","pid":"136991084"},"geometry":{"type":"MultiLineString","coordinates":[[[-85.19661,35.8353],[-85.19719,35.83525],[-85.20064,35.83646],[-85.20099,35.83712],[-85.20213,35.83775],[-85.20358,35.83962],[-85.2033,35.84033],[-85.20464,35.84044]]]}},{"type":"Feature","properties":{"kind":"minor-water","name":"Brush Creek","ftype":460,"lengthKm":0.22,"hu8":"05130108","pid":"136991285"},"geometry":{"type":"MultiLineString","coordinates":[[[-85.14055,35.74824],[-85.13953,35.75007]]]}},{"type":"Feature","properties":{"kind":"minor-water","name":"Caney Fork","ftype":460,"lengthKm":0.66,"hu8":"05130108","pid":"136992004"},"geometry":{"type":"MultiLineString","coordinates":[[[-85.18512,36.00714],[-85.18386,36.00661],[-85.18285,36.00553],[-85.18209,36.00337],[-85.18302,36.0024]]]}},{"type":"Feature","properties":{"kind":"minor-water","name":"Cane Creek","ftype":558,"lengthKm":0.55,"hu8":"05130108","pid":"136994622"},"geometry":{"type":"MultiLineString","coordinates":[[[-85.40815,35.79497],[-85.40893,35.7949],[-85.41008,35.79631],[-85.40917,35.79879]]]}},{"type":"Feature","properties":{"kind":"minor-water","name":"Big Hill Branch","ftype":558,"lengthKm":0.07,"hu8":"05130108","pid":"136994750"},"geometry":{"type":"MultiLineString","coordinates":[[[-85.33636,35.73412],[-85.33611,35.73353]]]}},{"type":"Feature","properties":{"kind":"minor-water","name":"Bee Creek","ftype":460,"lengthKm":1.13,"hu8":"05130108","pid":"136990681"},"geometry":{"type":"MultiLineString","coordinates":[[[-85.1066,35.78379],[-85.10801,35.783],[-85.10804,35.78239],[-85.10898,35.78184],[-85.10866,35.78132],[-85.10935,35.78089],[-85.11012,35.77949],[-85.11417,35.77658]]]}},{"type":"Feature","properties":{"kind":"minor-water","name":"Wilkerson Creek","ftype":460,"lengthKm":2.62,"hu8":"05130108","pid":"136991448"},"geometry":{"type":"MultiLineString","coordinates":[[[-85.18679,35.98055],[-85.18469,35.98007],[-85.18366,35.97887],[-85.1814,35.98012],[-85.17924,35.97892],[-85.17848,35.97899],[-85.17805,35.97992],[-85.17694,35.98043],[-85.17674,35.98086],[-85.17769,35.98199],[-85.17757,35.98361],[-85.17797,35.98393],[-85.17964,35.98382],[-85.1808,35.98459],[-85.18081,35.98498],[-85.18019,35.9856],[-85.17579,35.98583],[-85.17525,35.98621],[-85.17457,35.98768]]]}},{"type":"Feature","properties":{"kind":"minor-water","name":"Bouldin Branch","ftype":460,"lengthKm":0.55,"hu8":"05130108","pid":"136992940"},"geometry":{"type":"MultiLineString","coordinates":[[[-85.43923,35.60786],[-85.43958,35.60816],[-85.43923,35.60852],[-85.43938,35.60886],[-85.44,35.60924],[-85.43946,35.60989],[-85.43995,35.61055],[-85.43946,35.61124],[-85.43965,35.61192]]]}},{"type":"Feature","properties":{"kind":"minor-water","name":"Barnes Hollow Branch","ftype":460,"lengthKm":1.25,"hu8":"05130108","pid":"136984978"},"geometry":{"type":"MultiLineString","coordinates":[[[-85.37497,36.16559],[-85.37599,36.16471],[-85.37672,36.16335],[-85.37744,36.15968],[-85.37921,36.16032],[-85.38042,36.16028],[-85.38267,36.15889]]]}},{"type":"Feature","properties":{"kind":"minor-water","name":"Long Branch","ftype":460,"lengthKm":0.51,"hu8":"05130108","pid":"136985733"},"geometry":{"type":"MultiLineString","coordinates":[[[-85.2719,35.72321],[-85.2705,35.72314],[-85.26921,35.72198],[-85.26873,35.72222],[-85.26881,35.72308],[-85.26806,35.72311]]]}},{"type":"Feature","properties":{"kind":"minor-water","name":"Keith Branch","ftype":460,"lengthKm":0.22,"hu8":"05130108","pid":"136985968"},"geometry":{"type":"MultiLineString","coordinates":[[[-85.16233,35.8352],[-85.16194,35.83555],[-85.16196,35.83709]]]}},{"type":"Feature","properties":{"kind":"minor-water","name":"Flat Rock Branch","ftype":460,"lengthKm":1.03,"hu8":"05130108","pid":"136986608"},"geometry":{"type":"MultiLineString","coordinates":[[[-85.30892,35.64979],[-85.30878,35.64751],[-85.31031,35.64647],[-85.3107,35.64545],[-85.31048,35.64434],[-85.30934,35.64229],[-85.30957,35.6414]]]}},{"type":"Feature","properties":{"kind":"minor-water","name":"West Fork Creek","ftype":460,"lengthKm":0.4,"hu8":"05130108","pid":"136991513"},"geometry":{"type":"MultiLineString","coordinates":[[[-85.2462,35.94125],[-85.24463,35.94059],[-85.24357,35.94081],[-85.24211,35.9403]]]}},{"type":"Feature","properties":{"kind":"minor-water","name":"Whiteoak Branch","ftype":460,"lengthKm":0.84,"hu8":"05130108","pid":"136985417"},"geometry":{"type":"MultiLineString","coordinates":[[[-85.21388,36.0333],[-85.21508,36.03368],[-85.21904,36.03249],[-85.22272,36.03329]]]}},{"type":"Feature","properties":{"kind":"minor-water","name":"Lick Branch","ftype":460,"lengthKm":1.31,"hu8":"05130108","pid":"136990411"},"geometry":{"type":"MultiLineString","coordinates":[[[-85.49746,35.70209],[-85.49702,35.70291],[-85.49537,35.70412],[-85.49328,35.70463],[-85.4919,35.70584],[-85.48744,35.70772],[-85.487,35.70856],[-85.48635,35.70898]]]}},{"type":"Feature","properties":{"kind":"minor-water","name":"Big Branch","ftype":460,"lengthKm":0.55,"hu8":"05130108","pid":"136992941"},"geometry":{"type":"MultiLineString","coordinates":[[[-85.1626,35.92746],[-85.1635,35.9292],[-85.16556,35.93179]]]}},{"type":"Feature","properties":{"kind":"minor-water","name":"Laurel Creek","ftype":460,"lengthKm":1.53,"hu8":"05130108","pid":"136990700"},"geometry":{"type":"MultiLineString","coordinates":[[[-85.14504,35.84398],[-85.1463,35.84275],[-85.14804,35.84293],[-85.14825,35.84403],[-85.1477,35.84632],[-85.14839,35.84695],[-85.15018,35.84669],[-85.15212,35.84528],[-85.15467,35.84534],[-85.15542,35.84476]]]}},{"type":"Feature","properties":{"kind":"minor-water","name":"West Fork Creek","ftype":460,"lengthKm":0.82,"hu8":"05130108","pid":"136992924"},"geometry":{"type":"MultiLineString","coordinates":[[[-85.24632,35.94973],[-85.24586,35.94895],[-85.24533,35.94879],[-85.24506,35.94766],[-85.24593,35.94598],[-85.24569,35.94534],[-85.24668,35.94403],[-85.24729,35.9441],[-85.24763,35.94381]]]}},{"type":"Feature","properties":{"kind":"minor-water","name":"Farmers Creek","ftype":460,"lengthKm":0.94,"hu8":"05130108","pid":"136990707"},"geometry":{"type":"MultiLineString","coordinates":[[[-85.12795,35.82978],[-85.12785,35.83014],[-85.12846,35.83079],[-85.12806,35.83185],[-85.12894,35.83247],[-85.12856,35.83354],[-85.12725,35.83395],[-85.12707,35.83468],[-85.12745,35.83508],[-85.1286,35.83514],[-85.12921,35.83577]]]}},{"type":"Feature","properties":{"kind":"minor-water","name":"Clifty Creek","ftype":460,"lengthKm":0.4,"hu8":"05130108","pid":"136990749"},"geometry":{"type":"MultiLineString","coordinates":[[[-85.28061,35.92352],[-85.28086,35.92302],[-85.27987,35.92164],[-85.27972,35.92022]]]}},{"type":"Feature","properties":{"kind":"minor-water","name":"Bee Branch","ftype":558,"lengthKm":0.01,"hu8":"05130108","pid":"136994078"},"geometry":{"type":"MultiLineString","coordinates":[[[-85.25222,35.86092],[-85.25218,35.86101]]]}},{"type":"Feature","properties":{"kind":"minor-water","name":"Mill Creek","ftype":558,"lengthKm":0.01,"hu8":"05130108","pid":"136994134"},"geometry":{"type":"MultiLineString","coordinates":[[[-85.26565,35.74244],[-85.26577,35.74241]]]}},{"type":"Feature","properties":{"kind":"minor-water","name":"Bee Creek","ftype":558,"lengthKm":0.27,"hu8":"05130108","pid":"136994687"},"geometry":{"type":"MultiLineString","coordinates":[[[-85.22161,35.75206],[-85.22297,35.75249],[-85.22387,35.7535]]]}},{"type":"Feature","properties":{"kind":"minor-water","name":"Beam Creek","ftype":460,"lengthKm":1.52,"hu8":"05130108","pid":"136983782"},"geometry":{"type":"MultiLineString","coordinates":[[[-85.13976,35.99395],[-85.1393,35.99332],[-85.13809,35.99309],[-85.13664,35.99229],[-85.13793,35.99052],[-85.13726,35.98917],[-85.13735,35.98806],[-85.13704,35.98754],[-85.1375,35.98553],[-85.13798,35.98491],[-85.13742,35.9845],[-85.13711,35.98259]]]}},{"type":"Feature","properties":{"kind":"minor-water","name":"Bradbury Branch","ftype":460,"lengthKm":0.35,"hu8":"05130108","pid":"136990428"},"geometry":{"type":"MultiLineString","coordinates":[[[-85.1747,35.92095],[-85.17628,35.92141],[-85.17853,35.92144]]]}},{"type":"Feature","properties":{"kind":"minor-water","name":"Meadow Creek","ftype":460,"lengthKm":3.06,"hu8":"05130108","pid":"136991043"},"geometry":{"type":"MultiLineString","coordinates":[[[-85.34942,35.62193],[-85.34876,35.62239],[-85.34829,35.62345],[-85.34891,35.62478],[-85.34862,35.62507],[-85.34751,35.62512],[-85.34613,35.62401],[-85.34556,35.62396],[-85.34497,35.62434],[-85.346,35.6258],[-85.3457,35.62689],[-85.34368,35.6269],[-85.34309,35.62611],[-85.34168,35.62538],[-85.34183,35.62616],[-85.34063,35.62707],[-85.34095,35.62859],[-85.34076,35.62907],[-85.34014,35.62834],[-85.33972,35.62932],[-85.33909,35.62888],[-85.33635,35.62993],[-85.33825,35.63298],[-85.33809,35.63394]]]}},{"type":"Feature","properties":{"kind":"minor-water","name":"Little Cane Creek","ftype":460,"lengthKm":1.38,"hu8":"05130108","pid":"136991320"},"geometry":{"type":"MultiLineString","coordinates":[[[-85.21897,35.78149],[-85.21999,35.78081],[-85.22054,35.78085],[-85.22079,35.78029],[-85.22278,35.77881],[-85.2227,35.77841],[-85.22321,35.77813],[-85.22376,35.77869],[-85.22455,35.77853],[-85.22549,35.7788],[-85.22564,35.78048],[-85.22629,35.78099],[-85.22661,35.7806],[-85.22669,35.779],[-85.22725,35.77867]]]}},{"type":"Feature","properties":{"kind":"minor-water","name":"Bryant Mill Branch","ftype":460,"lengthKm":0.74,"hu8":"05130108","pid":"136991332"},"geometry":{"type":"MultiLineString","coordinates":[[[-85.23381,35.82006],[-85.23331,35.82096],[-85.23172,35.82206],[-85.22974,35.82282],[-85.22916,35.82275],[-85.22869,35.82313],[-85.22805,35.82307],[-85.22749,35.82353]]]}},{"type":"Feature","properties":{"kind":"minor-water","name":"Little Laurel Creek","ftype":460,"lengthKm":0.61,"hu8":"05130108","pid":"136991376"},"geometry":{"type":"MultiLineString","coordinates":[[[-85.11999,35.84366],[-85.12172,35.84378],[-85.12199,35.84187],[-85.12348,35.84125],[-85.12357,35.84048]]]}},{"type":"Feature","properties":{"kind":"minor-water","name":"Thompson Creek","ftype":460,"lengthKm":0.84,"hu8":"05130108","pid":"136991203"},"geometry":{"type":"MultiLineString","coordinates":[[[-85.21889,35.65165],[-85.21937,35.65153],[-85.22006,35.65072],[-85.22107,35.65088],[-85.22209,35.6505],[-85.22186,35.64933],[-85.22254,35.64878],[-85.22423,35.64826],[-85.22501,35.6475]]]}},{"type":"Feature","properties":{"kind":"minor-water","name":"Green Sea Branch","ftype":460,"lengthKm":0.96,"hu8":"05130108","pid":"136991654"},"geometry":{"type":"MultiLineString","coordinates":[[[-85.48178,35.57779],[-85.48376,35.57762],[-85.48441,35.5779],[-85.48551,35.57745],[-85.48634,35.57657],[-85.48721,35.57619],[-85.48684,35.57582],[-85.4877,35.57534],[-85.48757,35.57493],[-85.48722,35.57487],[-85.48732,35.57448],[-85.48822,35.57368]]]}},{"type":"Feature","properties":{"kind":"minor-water","name":"Caney Fork","ftype":558,"lengthKm":0.84,"hu8":"05130108","pid":"136994010"},"geometry":{"type":"MultiLineString","coordinates":[[[-85.25068,35.84112],[-85.25119,35.84019],[-85.25355,35.84027],[-85.25582,35.83921],[-85.25888,35.83974]]]}},{"type":"Feature","properties":{"kind":"minor-water","name":"Back Creek","ftype":558,"lengthKm":0.25,"hu8":"05130108","pid":"136994747"},"geometry":{"type":"MultiLineString","coordinates":[[[-85.28192,35.73601],[-85.27987,35.73755]]]}},{"type":"Feature","properties":{"kind":"minor-water","name":"Flat Rock Branch","ftype":460,"lengthKm":1.23,"hu8":"05130108","pid":"136986613"},"geometry":{"type":"MultiLineString","coordinates":[[[-85.30957,35.6414],[-85.30983,35.63973],[-85.30953,35.63687],[-85.3101,35.63544],[-85.30966,35.63452],[-85.31008,35.63384],[-85.311,35.63358],[-85.31105,35.63243],[-85.31221,35.63149]]]}},{"type":"Feature","properties":{"kind":"minor-water","name":"Spring Creek","ftype":460,"lengthKm":1.8,"hu8":"05130108","pid":"136990813"},"geometry":{"type":"MultiLineString","coordinates":[[[-85.28407,35.77465],[-85.28347,35.77543],[-85.2822,35.77451],[-85.28086,35.77526],[-85.27937,35.7752],[-85.27866,35.7756],[-85.27985,35.7773],[-85.2788,35.77849],[-85.27815,35.78011],[-85.27673,35.78123],[-85.27417,35.78154],[-85.27327,35.78319]]]}},{"type":"Feature","properties":{"kind":"minor-water","name":"Whiteoak Creek","ftype":460,"lengthKm":0.24,"hu8":"05130108","pid":"136990851"},"geometry":{"type":"MultiLineString","coordinates":[[[-85.18821,35.96262],[-85.18674,35.96196],[-85.18623,35.96127]]]}},{"type":"Feature","properties":{"kind":"minor-water","name":"Bradden Creek","ftype":460,"lengthKm":0.92,"hu8":"05130108","pid":"136990908"},"geometry":{"type":"MultiLineString","coordinates":[[[-85.27883,35.6805],[-85.27828,35.68096],[-85.27728,35.68103],[-85.27684,35.682],[-85.2772,35.68279],[-85.27662,35.6831],[-85.27667,35.6839],[-85.2757,35.68484],[-85.27622,35.68589],[-85.27564,35.68699]]]}},{"type":"Feature","properties":{"kind":"minor-water","name":"Whetstone Creek","ftype":460,"lengthKm":0.65,"hu8":"05130108","pid":"136991180"},"geometry":{"type":"MultiLineString","coordinates":[[[-85.28355,36.11075],[-85.2847,36.11181],[-85.28886,36.11338],[-85.28952,36.11388]]]}},{"type":"Feature","properties":{"kind":"minor-water","name":"Hughes Creek","ftype":460,"lengthKm":0.64,"hu8":"05130108","pid":"136991419"},"geometry":{"type":"MultiLineString","coordinates":[[[-85.13538,35.95118],[-85.13551,35.95165],[-85.13676,35.95239],[-85.13784,35.9539],[-85.13984,35.95464],[-85.14001,35.95508]]]}},{"type":"Feature","properties":{"kind":"minor-water","name":"Cane Creek","ftype":460,"lengthKm":1.4,"hu8":"05130108","pid":"136990634"},"geometry":{"type":"MultiLineString","coordinates":[[[-85.34072,35.56854],[-85.34051,35.56889],[-85.34088,35.57034],[-85.34011,35.57078],[-85.34094,35.57146],[-85.34107,35.57198],[-85.33619,35.57294],[-85.3357,35.57336],[-85.33814,35.57605],[-85.33794,35.5765]]]}},{"type":"Feature","properties":{"kind":"minor-water","name":"Caney Fork","ftype":558,"lengthKm":0.78,"hu8":"05130108","pid":"136993986"},"geometry":{"type":"MultiLineString","coordinates":[[[-85.28793,35.83187],[-85.29227,35.83019],[-85.29409,35.82899],[-85.29557,35.82871]]]}},{"type":"Feature","properties":{"kind":"minor-water","name":"Perry Branch","ftype":460,"lengthKm":1.45,"hu8":"05130108","pid":"136992375"},"geometry":{"type":"MultiLineString","coordinates":[[[-85.37908,35.76996],[-85.38054,35.76973],[-85.38337,35.76824],[-85.38443,35.76826],[-85.38496,35.76784],[-85.38694,35.76801],[-85.38858,35.76679],[-85.39039,35.76763],[-85.39132,35.76776],[-85.3927,35.76768],[-85.39312,35.76714]]]}},{"type":"Feature","properties":{"kind":"minor-water","name":"Bee Creek","ftype":558,"lengthKm":0.48,"hu8":"05130108","pid":"136993989"},"geometry":{"type":"MultiLineString","coordinates":[[[-85.26609,35.8271],[-85.265,35.82781],[-85.26518,35.82878],[-85.26768,35.82962]]]}},{"type":"Feature","properties":{"kind":"minor-water","name":"Caney Fork","ftype":558,"lengthKm":0.36,"hu8":"05130108","pid":"136994042"},"geometry":{"type":"MultiLineString","coordinates":[[[-85.17732,35.9363],[-85.17716,35.9341],[-85.17675,35.93316]]]}},{"type":"Feature","properties":{"kind":"minor-water","name":"Green Sea Branch","ftype":460,"lengthKm":1.32,"hu8":"05130108","pid":"136992954"},"geometry":{"type":"MultiLineString","coordinates":[[[-85.4611,35.56701],[-85.46219,35.56756],[-85.46405,35.56927],[-85.46564,35.56968],[-85.46626,35.57048],[-85.46593,35.57209],[-85.46717,35.57295],[-85.46723,35.57347],[-85.4684,35.57472],[-85.46972,35.57516]]]}},{"type":"Feature","properties":{"kind":"minor-water","name":"West Fork Creek","ftype":460,"lengthKm":0.54,"hu8":"05130108","pid":"136991516"},"geometry":{"type":"MultiLineString","coordinates":[[[-85.23227,35.93724],[-85.23233,35.9362],[-85.22973,35.93491],[-85.22996,35.93358]]]}},{"type":"Feature","properties":{"kind":"minor-water","name":"Meadow Creek","ftype":460,"lengthKm":0.18,"hu8":"05130108","pid":"136990721"},"geometry":{"type":"MultiLineString","coordinates":[[[-85.13409,35.903],[-85.13463,35.90145]]]}},{"type":"Feature","properties":{"kind":"minor-water","name":"Beaverdam Creek","ftype":460,"lengthKm":0.05,"hu8":"05130108","pid":"136990883"},"geometry":{"type":"MultiLineString","coordinates":[[[-85.1942,35.7314],[-85.1944,35.73183]]]}},{"type":"Feature","properties":{"kind":"minor-water","name":"Beaverdam Creek","ftype":460,"lengthKm":0.43,"hu8":"05130108","pid":"136990889"},"geometry":{"type":"MultiLineString","coordinates":[[[-85.21143,35.71071],[-85.21092,35.71115],[-85.2099,35.71131],[-85.20898,35.71363]]]}},{"type":"Feature","properties":{"kind":"minor-water","name":"Bradden Creek","ftype":460,"lengthKm":0.21,"hu8":"05130108","pid":"136990905"},"geometry":{"type":"MultiLineString","coordinates":[[[-85.26677,35.70981],[-85.26556,35.71042],[-85.26532,35.71112]]]}},{"type":"Feature","properties":{"kind":"minor-water","name":"Meadow Creek","ftype":460,"lengthKm":0.63,"hu8":"05130108","pid":"136991045"},"geometry":{"type":"MultiLineString","coordinates":[[[-85.35408,35.60926],[-85.35476,35.61121],[-85.35465,35.61187],[-85.35425,35.61235],[-85.35312,35.61227],[-85.35251,35.61299],[-85.35261,35.61355]]]}},{"type":"Feature","properties":{"kind":"minor-water","name":"Devil Creek","ftype":460,"lengthKm":0.18,"hu8":"05130108","pid":"136991172"},"geometry":{"type":"MultiLineString","coordinates":[[[-85.22379,36.0482],[-85.22579,36.04842]]]}},{"type":"Feature","properties":{"kind":"minor-water","name":"Mill Creek","ftype":460,"lengthKm":0.59,"hu8":"05130108","pid":"136992511"},"geometry":{"type":"MultiLineString","coordinates":[[[-85.24369,35.72829],[-85.24287,35.72889],[-85.24275,35.73016],[-85.24386,35.73142],[-85.24498,35.73189],[-85.24492,35.73248]]]}},{"type":"Feature","properties":{"kind":"minor-water","name":"Perry Creek","ftype":460,"lengthKm":0.14,"hu8":"05130108","pid":"136991385"},"geometry":{"type":"MultiLineString","coordinates":[[[-85.11193,35.85898],[-85.11339,35.85859]]]}},{"type":"Feature","properties":{"kind":"minor-water","name":"Hughes Creek","ftype":460,"lengthKm":0.18,"hu8":"05130108","pid":"136991418"},"geometry":{"type":"MultiLineString","coordinates":[[[-85.14001,35.95508],[-85.14015,35.95592],[-85.13973,35.9566]]]}},{"type":"Feature","properties":{"kind":"minor-water","name":"West Fork Creek","ftype":460,"lengthKm":0.25,"hu8":"05130108","pid":"136991514"},"geometry":{"type":"MultiLineString","coordinates":[[[-85.24211,35.9403],[-85.24172,35.94017],[-85.24078,35.93842]]]}},{"type":"Feature","properties":{"kind":"minor-water","name":"Whetstone Creek","ftype":558,"lengthKm":0.05,"hu8":"05130108","pid":"136993431"},"geometry":{"type":"MultiLineString","coordinates":[[[-85.27225,36.1056],[-85.27243,36.10606]]]}},{"type":"Feature","properties":{"kind":"minor-water","name":"Dry Fork","ftype":460,"lengthKm":0.16,"hu8":"05130108","pid":"136983693"},"geometry":{"type":"MultiLineString","coordinates":[[[-85.49997,35.68375],[-85.49948,35.68412],[-85.49981,35.68498]]]}},{"type":"Feature","properties":{"kind":"minor-water","name":"Big Lost Creek","ftype":460,"lengthKm":0.86,"hu8":"05130108","pid":"136988372"},"geometry":{"type":"MultiLineString","coordinates":[[[-85.31212,35.94078],[-85.31271,35.93875],[-85.31219,35.93763],[-85.31197,35.93539],[-85.3115,35.93489],[-85.31081,35.93489],[-85.31015,35.93406]]]}},{"type":"Feature","properties":{"kind":"minor-water","name":"Rocky River","ftype":460,"lengthKm":0.36,"hu8":"05130108","pid":"136990578"},"geometry":{"type":"MultiLineString","coordinates":[[[-85.49305,35.56841],[-85.49463,35.56918],[-85.49546,35.57081]]]}},{"type":"Feature","properties":{"kind":"minor-water","name":"Bee Creek","ftype":460,"lengthKm":0.19,"hu8":"05130108","pid":"136990673"},"geometry":{"type":"MultiLineString","coordinates":[[[-85.15876,35.76583],[-85.16064,35.76669]]]}},{"type":"Feature","properties":{"kind":"minor-water","name":"Big Laurel Creek","ftype":460,"lengthKm":1.43,"hu8":"05130108","pid":"136990895"},"geometry":{"type":"MultiLineString","coordinates":[[[-85.29843,35.86056],[-85.29872,35.85971],[-85.29957,35.85888],[-85.30034,35.85629],[-85.30127,35.85578],[-85.30054,35.85514],[-85.30073,35.85442],[-85.30015,35.85366],[-85.30106,35.85207],[-85.30205,35.85129],[-85.30164,35.84936]]]}},{"type":"Feature","properties":{"kind":"minor-water","name":"Little Laurel Creek","ftype":460,"lengthKm":0.66,"hu8":"05130108","pid":"136991038"},"geometry":{"type":"MultiLineString","coordinates":[[[-85.33006,35.83471],[-85.3297,35.83451],[-85.32988,35.83329],[-85.33086,35.83321],[-85.33101,35.83259],[-85.33222,35.8326],[-85.33261,35.83146],[-85.33349,35.83121]]]}},{"type":"Feature","properties":{"kind":"minor-water","name":"Devil Creek","ftype":460,"lengthKm":0.88,"hu8":"05130108","pid":"136991169"},"geometry":{"type":"MultiLineString","coordinates":[[[-85.23165,36.04532],[-85.23253,36.04481],[-85.2328,36.04375],[-85.23229,36.04317],[-85.23366,36.0429],[-85.23384,36.04248],[-85.23354,36.04175],[-85.23469,36.04201],[-85.23474,36.04159],[-85.23522,36.04131],[-85.23538,36.0403]]]}},{"type":"Feature","properties":{"kind":"minor-water","name":"Howard Branch","ftype":460,"lengthKm":3.05,"hu8":"05130108","pid":"136991535"},"geometry":{"type":"MultiLineString","coordinates":[[[-85.39044,35.60292],[-85.38705,35.60234],[-85.38098,35.60278],[-85.38068,35.60387],[-85.37987,35.60455],[-85.37987,35.60541],[-85.37853,35.6062],[-85.37845,35.60687],[-85.37689,35.6068],[-85.37663,35.60731],[-85.37463,35.60838],[-85.3752,35.60971],[-85.37371,35.61148],[-85.37401,35.61189],[-85.3738,35.61222],[-85.37416,35.61238],[-85.37406,35.61298],[-85.37476,35.61407],[-85.37382,35.61457],[-85.37384,35.61516],[-85.37277,35.61655],[-85.37243,35.61776]]]}},{"type":"Feature","properties":{"kind":"minor-water","name":"Panter Creek","ftype":460,"lengthKm":0.16,"hu8":"05130108","pid":"136991209"},"geometry":{"type":"MultiLineString","coordinates":[[[-85.22763,35.66213],[-85.22809,35.6617],[-85.22916,35.66192]]]}},{"type":"Feature","properties":{"kind":"minor-water","name":"Big Lost Creek","ftype":460,"lengthKm":0.71,"hu8":"05130108","pid":"136991992"},"geometry":{"type":"MultiLineString","coordinates":[[[-85.32011,35.91729],[-85.32003,35.91674],[-85.31922,35.91583],[-85.32025,35.91555],[-85.32062,35.91514],[-85.3207,35.91455],[-85.3198,35.91322],[-85.32106,35.91249]]]}},{"type":"Feature","properties":{"kind":"minor-water","name":"Hill Branch","ftype":460,"lengthKm":0.38,"hu8":"05130108","pid":"136991552"},"geometry":{"type":"MultiLineString","coordinates":[[[-85.27495,35.59017],[-85.27663,35.5899],[-85.27746,35.59036],[-85.27889,35.59003]]]}},{"type":"Feature","properties":{"kind":"minor-water","name":"Cherry Creek","ftype":558,"lengthKm":0.01,"hu8":"05130108","pid":"136993466"},"geometry":{"type":"MultiLineString","coordinates":[[[-85.41926,35.98508],[-85.41911,35.98505]]]}},{"type":"Feature","properties":{"kind":"minor-water","name":"Glade Creek","ftype":558,"lengthKm":2.18,"hu8":"05130108","pid":"136993999"},"geometry":{"type":"MultiLineString","coordinates":[[[-85.26106,35.75037],[-85.26012,35.74988],[-85.25938,35.75039],[-85.25924,35.752],[-85.25982,35.75306],[-85.26039,35.75342],[-85.26222,35.75341],[-85.26442,35.75496],[-85.26344,35.75601],[-85.26141,35.75562],[-85.26087,35.75664],[-85.26389,35.75824],[-85.2656,35.7584],[-85.26593,35.75885],[-85.26575,35.76054]]]}},{"type":"Feature","properties":{"kind":"minor-water","name":"Indian Camp Branch","ftype":460,"lengthKm":2.18,"hu8":"05130108","pid":"136986503"},"geometry":{"type":"MultiLineString","coordinates":[[[-85.40804,35.71538],[-85.40641,35.71605],[-85.40518,35.71585],[-85.40368,35.71623],[-85.40256,35.716],[-85.39813,35.7174],[-85.39333,35.71811],[-85.39216,35.71863],[-85.39088,35.71796],[-85.38905,35.71758],[-85.38762,35.7154],[-85.38692,35.71492]]]}},{"type":"Feature","properties":{"kind":"minor-water","name":"Meadow Creek","ftype":460,"lengthKm":0.56,"hu8":"05130108","pid":"136992988"},"geometry":{"type":"MultiLineString","coordinates":[[[-85.37671,35.589],[-85.37635,35.5888],[-85.37595,35.58928],[-85.37546,35.58904],[-85.37523,35.58924],[-85.37511,35.58978],[-85.37554,35.59064],[-85.37533,35.59101],[-85.37354,35.59127]]]}},{"type":"Feature","properties":{"kind":"minor-water","name":"Deadtimber Branch","ftype":558,"lengthKm":0.04,"hu8":"05130108","pid":"136994664"},"geometry":{"type":"MultiLineString","coordinates":[[[-85.25348,35.79436],[-85.25341,35.79402]]]}},{"type":"Feature","properties":{"kind":"minor-water","name":"Little Laurel Creek","ftype":460,"lengthKm":0.05,"hu8":"05130108","pid":"136992588"},"geometry":{"type":"MultiLineString","coordinates":[[[-85.11971,35.84324],[-85.11999,35.84366]]]}},{"type":"Feature","properties":{"kind":"minor-water","name":"Meadow Creek","ftype":460,"lengthKm":0.06,"hu8":"05130108","pid":"136990724"},"geometry":{"type":"MultiLineString","coordinates":[[[-85.11876,35.90636],[-85.1194,35.90619]]]}},{"type":"Feature","properties":{"kind":"minor-water","name":"Whittaker Branch","ftype":460,"lengthKm":1.26,"hu8":"05130108","pid":"136991186"},"geometry":{"type":"MultiLineString","coordinates":[[[-85.28883,36.13734],[-85.29105,36.13669],[-85.2953,36.13244],[-85.29803,36.13175],[-85.29936,36.13045]]]}},{"type":"Feature","properties":{"kind":"minor-water","name":"Panter Creek","ftype":460,"lengthKm":1.47,"hu8":"05130108","pid":"136991217"},"geometry":{"type":"MultiLineString","coordinates":[[[-85.19887,35.66166],[-85.19946,35.66185],[-85.19892,35.6636],[-85.19941,35.66581],[-85.19988,35.66632],[-85.20453,35.6683],[-85.2058,35.66928],[-85.20764,35.66864],[-85.20848,35.66875]]]}},{"type":"Feature","properties":{"kind":"minor-water","name":"West Fork Creek","ftype":460,"lengthKm":0.45,"hu8":"05130108","pid":"136991517"},"geometry":{"type":"MultiLineString","coordinates":[[[-85.22996,35.93358],[-85.23028,35.93223],[-85.22991,35.93165],[-85.22901,35.93248],[-85.22797,35.93222]]]}},{"type":"Feature","properties":{"kind":"minor-water","name":"Caney Fork","ftype":558,"lengthKm":0.03,"hu8":"05130108","pid":"136994045"},"geometry":{"type":"MultiLineString","coordinates":[[[-85.16014,35.95271],[-85.1603,35.95247]]]}},{"type":"Feature","properties":{"kind":"minor-water","name":"Steep Hollow Branch","ftype":558,"lengthKm":0.03,"hu8":"05130108","pid":"136994080"},"geometry":{"type":"MultiLineString","coordinates":[[[-85.2879,35.8321],[-85.28793,35.83187]]]}},{"type":"Feature","properties":{"kind":"minor-water","name":"Raccoon Creek","ftype":460,"lengthKm":1.34,"hu8":"05130108","pid":"136993008"},"geometry":{"type":"MultiLineString","coordinates":[[[-85.14129,35.79396],[-85.14276,35.79222],[-85.14464,35.78873],[-85.14418,35.78728],[-85.14431,35.7864],[-85.14783,35.78403]]]}},{"type":"Feature","properties":{"kind":"minor-water","name":"Jack Branch","ftype":460,"lengthKm":0.32,"hu8":"05130108","pid":"136990440"},"geometry":{"type":"MultiLineString","coordinates":[[[-85.31153,35.70402],[-85.31049,35.70336],[-85.30828,35.70318]]]}},{"type":"Feature","properties":{"kind":"minor-water","name":"Piney Creek","ftype":460,"lengthKm":1.62,"hu8":"05130108","pid":"136990602"},"geometry":{"type":"MultiLineString","coordinates":[[[-85.43923,35.63008],[-85.44008,35.63013],[-85.44023,35.63049],[-85.43905,35.63181],[-85.43913,35.63257],[-85.4384,35.6333],[-85.43818,35.63403],[-85.43892,35.6348],[-85.43727,35.63554],[-85.43754,35.63656],[-85.43834,35.637],[-85.43858,35.63766],[-85.43777,35.63955],[-85.43842,35.64191]]]}},{"type":"Feature","properties":{"kind":"minor-water","name":"Farmers Creek","ftype":460,"lengthKm":0.43,"hu8":"05130108","pid":"136983763"},"geometry":{"type":"MultiLineString","coordinates":[[[-85.12906,35.81479],[-85.12968,35.81599],[-85.13183,35.81782]]]}},{"type":"Feature","properties":{"kind":"minor-water","name":"Caney Fork","ftype":460,"lengthKm":0.48,"hu8":"05130108","pid":"136986144"},"geometry":{"type":"MultiLineString","coordinates":[[[-85.18164,36.02385],[-85.18165,36.02321],[-85.18362,36.02175],[-85.18448,36.0204]]]}},{"type":"Feature","properties":{"kind":"minor-water","name":"Barnes Creek","ftype":460,"lengthKm":0.28,"hu8":"05130108","pid":"136991391"},"geometry":{"type":"MultiLineString","coordinates":[[[-85.13332,35.85116],[-85.1338,35.84969],[-85.13478,35.84912]]]}},{"type":"Feature","properties":{"kind":"minor-water","name":"Millstone Branch","ftype":460,"lengthKm":1.1,"hu8":"05130108","pid":"136992908"},"geometry":{"type":"MultiLineString","coordinates":[[[-85.44999,35.75046],[-85.44954,35.75085],[-85.44957,35.75293],[-85.44913,35.75368],[-85.44839,35.7541],[-85.4476,35.75411],[-85.4463,35.75503],[-85.44524,35.75522],[-85.44466,35.75596],[-85.44395,35.75608],[-85.44269,35.75692]]]}},{"type":"Feature","properties":{"kind":"minor-water","name":"Buck Creek","ftype":558,"lengthKm":0.14,"hu8":"05130108","pid":"136993958"},"geometry":{"type":"MultiLineString","coordinates":[[[-85.27862,35.98075],[-85.28009,35.98112]]]}},{"type":"Feature","properties":{"kind":"minor-water","name":"Blue Spring Creek","ftype":558,"lengthKm":0.32,"hu8":"05130108","pid":"136994167"},"geometry":{"type":"MultiLineString","coordinates":[[[-85.31957,35.94971],[-85.32301,35.95029]]]}},{"type":"Feature","properties":{"kind":"minor-water","name":"Davidson Cove","ftype":460,"lengthKm":0.6,"hu8":"05130108","pid":"136985487"},"geometry":{"type":"MultiLineString","coordinates":[[[-85.2748,36.08904],[-85.27567,36.08831],[-85.27544,36.08766],[-85.27573,36.08719],[-85.27787,36.08682],[-85.27759,36.08544]]]}},{"type":"Feature","properties":{"kind":"minor-water","name":"Keith Branch","ftype":460,"lengthKm":0.43,"hu8":"05130108","pid":"136985963"},"geometry":{"type":"MultiLineString","coordinates":[[[-85.16196,35.83709],[-85.16262,35.83914],[-85.16249,35.84031],[-85.16286,35.84079]]]}},{"type":"Feature","properties":{"kind":"minor-water","name":"Benton Branch","ftype":460,"lengthKm":0.62,"hu8":"05130108","pid":"136986392"},"geometry":{"type":"MultiLineString","coordinates":[[[-85.46324,35.72711],[-85.46121,35.72692],[-85.4593,35.72571],[-85.45898,35.72501],[-85.45789,35.72414]]]}},{"type":"Feature","properties":{"kind":"minor-water","name":"Piney Creek","ftype":460,"lengthKm":1.74,"hu8":"05130108","pid":"136990592"},"geometry":{"type":"MultiLineString","coordinates":[[[-85.38351,35.67085],[-85.38357,35.67195],[-85.38503,35.67262],[-85.38492,35.67321],[-85.38386,35.67305],[-85.38274,35.6737],[-85.37973,35.67329],[-85.37833,35.67378],[-85.37827,35.67441],[-85.37951,35.67507],[-85.37996,35.67574],[-85.38003,35.6781],[-85.37949,35.67997]]]}},{"type":"Feature","properties":{"kind":"minor-water","name":"Bee Creek","ftype":460,"lengthKm":0.29,"hu8":"05130108","pid":"136990666"},"geometry":{"type":"MultiLineString","coordinates":[[[-85.18324,35.76264],[-85.18354,35.76314],[-85.18504,35.763],[-85.18597,35.76339]]]}},{"type":"Feature","properties":{"kind":"minor-water","name":"Meadow Creek","ftype":460,"lengthKm":0.06,"hu8":"05130108","pid":"136990719"},"geometry":{"type":"MultiLineString","coordinates":[[[-85.13392,35.90351],[-85.13409,35.903]]]}},{"type":"Feature","properties":{"kind":"minor-water","name":"Blue Spring Creek","ftype":460,"lengthKm":0.54,"hu8":"05130108","pid":"136990901"},"geometry":{"type":"MultiLineString","coordinates":[[[-85.38161,35.95464],[-85.38308,35.95639],[-85.38456,35.9563],[-85.386,35.95732]]]}},{"type":"Feature","properties":{"kind":"minor-water","name":"Pole Bridge Branch","ftype":460,"lengthKm":0.19,"hu8":"05130108","pid":"136990413"},"geometry":{"type":"MultiLineString","coordinates":[[[-85.3112,35.90403],[-85.31206,35.90429],[-85.31288,35.90355]]]}},{"type":"Feature","properties":{"kind":"minor-water","name":"Rocky River","ftype":460,"lengthKm":1.37,"hu8":"05130108","pid":"136990577"},"geometry":{"type":"MultiLineString","coordinates":[[[-85.49546,35.57081],[-85.4965,35.57098],[-85.49759,35.5704],[-85.49806,35.57061],[-85.49914,35.57329],[-85.49965,35.5736],[-85.50344,35.57332],[-85.50364,35.57384],[-85.50269,35.57672]]]}},{"type":"Feature","properties":{"kind":"minor-water","name":"Doe Creek","ftype":460,"lengthKm":1.49,"hu8":"05130108","pid":"136990960"},"geometry":{"type":"MultiLineString","coordinates":[[[-85.3312,35.99041],[-85.33547,35.99447],[-85.34001,35.99643],[-85.34062,35.99802],[-85.34342,35.99814]]]}},{"type":"Feature","properties":{"kind":"minor-water","name":"Polebridge Creek","ftype":460,"lengthKm":1.53,"hu8":"05130108","pid":"136991062"},"geometry":{"type":"MultiLineString","coordinates":[[[-85.27992,35.60632],[-85.27957,35.60603],[-85.28023,35.60508],[-85.28254,35.60347],[-85.28236,35.60168],[-85.28317,35.60035],[-85.28363,35.59769],[-85.28456,35.59694],[-85.2846,35.59586],[-85.28578,35.59544],[-85.28602,35.59483]]]}},{"type":"Feature","properties":{"kind":"minor-water","name":"Buck Creek","ftype":460,"lengthKm":0.65,"hu8":"05130108","pid":"136991159"},"geometry":{"type":"MultiLineString","coordinates":[[[-85.3169,36.01125],[-85.31679,36.0118],[-85.31771,36.01338],[-85.3173,36.01442],[-85.31802,36.01546],[-85.31827,36.01671]]]}},{"type":"Feature","properties":{"kind":"minor-water","name":"Miller Branch","ftype":460,"lengthKm":0.24,"hu8":"05130108","pid":"136992968"},"geometry":{"type":"MultiLineString","coordinates":[[[-85.22319,35.79506],[-85.22274,35.79462],[-85.22269,35.79304]]]}},{"type":"Feature","properties":{"kind":"minor-water","name":"Miller Branch","ftype":460,"lengthKm":1.2,"hu8":"05130108","pid":"136992970"},"geometry":{"type":"MultiLineString","coordinates":[[[-85.22269,35.79304],[-85.22253,35.79254],[-85.22318,35.79131],[-85.22142,35.79066],[-85.22201,35.7892],[-85.22182,35.78859],[-85.22027,35.78802],[-85.21968,35.78692],[-85.21674,35.78585]]]}},{"type":"Feature","properties":{"kind":"minor-water","name":"Sawmill Branch","ftype":460,"lengthKm":0.02,"hu8":"05130108","pid":"136991398"},"geometry":{"type":"MultiLineString","coordinates":[[[-85.15025,35.85707],[-85.15042,35.85713]]]}},{"type":"Feature","properties":{"kind":"minor-water","name":"Calfkiller River","ftype":558,"lengthKm":0.15,"hu8":"05130108","pid":"136994154"},"geometry":{"type":"MultiLineString","coordinates":[[[-85.41332,35.96563],[-85.41271,35.96438]]]}},{"type":"Feature","properties":{"kind":"minor-water","name":"Miller Branch","ftype":460,"lengthKm":0.29,"hu8":"05130108","pid":"136990444"},"geometry":{"type":"MultiLineString","coordinates":[[[-85.22477,35.79732],[-85.2245,35.79643],[-85.22319,35.79506]]]}},{"type":"Feature","properties":{"kind":"minor-water","name":"Driver Branch","ftype":460,"lengthKm":1.49,"hu8":"05130108","pid":"136991343"},"geometry":{"type":"MultiLineString","coordinates":[[[-85.19751,35.87507],[-85.19646,35.87642],[-85.19489,35.87689],[-85.19346,35.87846],[-85.19102,35.87924],[-85.18938,35.87944],[-85.18895,35.88024],[-85.18789,35.88042],[-85.18724,35.88113],[-85.18548,35.88192],[-85.18559,35.88264]]]}},{"type":"Feature","properties":{"kind":"minor-water","name":"West Fork Creek","ftype":460,"lengthKm":0.23,"hu8":"05130108","pid":"136991512"},"geometry":{"type":"MultiLineString","coordinates":[[[-85.19771,35.89909],[-85.19783,35.8982],[-85.19744,35.89782],[-85.19741,35.89716]]]}},{"type":"Feature","properties":{"kind":"minor-water","name":"Lost Creek","ftype":460,"lengthKm":1.37,"hu8":"05130108","pid":"136991987"},"geometry":{"type":"MultiLineString","coordinates":[[[-85.35138,35.896],[-85.35062,35.89497],[-85.3511,35.89269],[-85.35035,35.89189],[-85.35031,35.89128],[-85.34854,35.89003],[-85.34704,35.88939],[-85.34623,35.88812],[-85.34652,35.88763],[-85.34601,35.88722],[-85.34649,35.8867],[-85.34605,35.88608]]]}},{"type":"Feature","properties":{"kind":"minor-water","name":"Piney Creek","ftype":460,"lengthKm":0.92,"hu8":"05130108","pid":"136990604"},"geometry":{"type":"MultiLineString","coordinates":[[[-85.43838,35.62417],[-85.43901,35.62643],[-85.43769,35.62618],[-85.43656,35.62739],[-85.43757,35.6291],[-85.43767,35.63053]]]}},{"type":"Feature","properties":{"kind":"minor-water","name":"Meadow Creek","ftype":460,"lengthKm":0.31,"hu8":"05130108","pid":"136990726"},"geometry":{"type":"MultiLineString","coordinates":[[[-85.1139,35.90519],[-85.11708,35.90627]]]}},{"type":"Feature","properties":{"kind":"minor-water","name":"Back Creek","ftype":460,"lengthKm":1.44,"hu8":"05130108","pid":"136992451"},"geometry":{"type":"MultiLineString","coordinates":[[[-85.27987,35.73755],[-85.27846,35.73718],[-85.27775,35.73731],[-85.27509,35.73903],[-85.27446,35.74012],[-85.27304,35.73992],[-85.27261,35.74073],[-85.27255,35.74234],[-85.27066,35.74502],[-85.27015,35.74513]]]}},{"type":"Feature","properties":{"kind":"minor-water","name":"Gentry Creek","ftype":460,"lengthKm":0.76,"hu8":"05130108","pid":"136992446"},"geometry":{"type":"MultiLineString","coordinates":[[[-85.15038,35.90182],[-85.14996,35.90384],[-85.15017,35.90422],[-85.15215,35.90493],[-85.15539,35.90526]]]}},{"type":"Feature","properties":{"kind":"minor-water","name":"Oldfield Branch","ftype":460,"lengthKm":0.74,"hu8":"05130108","pid":"136992969"},"geometry":{"type":"MultiLineString","coordinates":[[[-85.23132,35.78366],[-85.22974,35.78151],[-85.22796,35.78127],[-85.22787,35.7801],[-85.22725,35.77867]]]}},{"type":"Feature","properties":{"kind":"minor-water","name":"Big Branch","ftype":460,"lengthKm":0.32,"hu8":"05130108","pid":"136991295"},"geometry":{"type":"MultiLineString","coordinates":[[[-85.12837,35.73112],[-85.12756,35.73393]]]}},{"type":"Feature","properties":{"kind":"minor-water","name":"Salton Creek","ftype":460,"lengthKm":0.23,"hu8":"05130108","pid":"136993044"},"geometry":{"type":"MultiLineString","coordinates":[[[-85.11254,35.75187],[-85.11397,35.75358]]]}},{"type":"Feature","properties":{"kind":"minor-water","name":"Big Hill Branch","ftype":460,"lengthKm":0.29,"hu8":"05130108","pid":"136990021"},"geometry":{"type":"MultiLineString","coordinates":[[[-85.33031,35.74164],[-85.33239,35.73971]]]}},{"type":"Feature","properties":{"kind":"minor-water","name":"Hickory Valley Branch","ftype":460,"lengthKm":1.58,"hu8":"05130108","pid":"136985649"},"geometry":{"type":"MultiLineString","coordinates":[[[-85.39093,35.89091],[-85.39065,35.88989],[-85.39096,35.88918],[-85.39307,35.88821],[-85.39418,35.88725],[-85.39826,35.88629],[-85.39964,35.88556],[-85.40203,35.88515],[-85.40236,35.88469],[-85.40441,35.88397]]]}},{"type":"Feature","properties":{"kind":"minor-water","name":"Camp Creek","ftype":460,"lengthKm":1.64,"hu8":"05130108","pid":"136986623"},"geometry":{"type":"MultiLineString","coordinates":[[[-85.33014,35.65426],[-85.33214,35.65327],[-85.33195,35.65182],[-85.33278,35.65057],[-85.33426,35.651],[-85.33538,35.65071],[-85.33671,35.65091],[-85.33769,35.65012],[-85.33915,35.64953],[-85.34011,35.64861],[-85.34349,35.64737]]]}},{"type":"Feature","properties":{"kind":"minor-water","name":"Raccoon Creek","ftype":460,"lengthKm":0.33,"hu8":"05130108","pid":"136990295"},"geometry":{"type":"MultiLineString","coordinates":[[[-85.13686,35.80291],[-85.13782,35.80005]]]}},{"type":"Feature","properties":{"kind":"minor-water","name":"West Fork Little Cane Creek","ftype":460,"lengthKm":1.51,"hu8":"05130108","pid":"136985887"},"geometry":{"type":"MultiLineString","coordinates":[[[-85.20739,35.7997],[-85.20784,35.79928],[-85.20866,35.79929],[-85.20934,35.79848],[-85.20901,35.79686],[-85.20842,35.79625],[-85.20876,35.79547],[-85.20861,35.7949],[-85.20746,35.79387],[-85.20776,35.79351],[-85.20928,35.79309],[-85.20852,35.79238],[-85.20797,35.79102],[-85.20821,35.79054],[-85.20755,35.78906]]]}},{"type":"Feature","properties":{"kind":"minor-water","name":"Mill Branch","ftype":460,"lengthKm":0.28,"hu8":"05130108","pid":"136986693"},"geometry":{"type":"MultiLineString","coordinates":[[[-85.35355,35.73254],[-85.35426,35.73502]]]}},{"type":"Feature","properties":{"kind":"minor-water","name":"Piney Creek","ftype":460,"lengthKm":0.41,"hu8":"05130108","pid":"136990614"},"geometry":{"type":"MultiLineString","coordinates":[[[-85.40835,35.57874],[-85.40717,35.58],[-85.40745,35.5821]]]}},{"type":"Feature","properties":{"kind":"minor-water","name":"Beaverdam Creek","ftype":460,"lengthKm":0.16,"hu8":"05130108","pid":"136990877"},"geometry":{"type":"MultiLineString","coordinates":[[[-85.2053,35.74894],[-85.20416,35.75007]]]}},{"type":"Feature","properties":{"kind":"minor-water","name":"Big Laurel Creek","ftype":460,"lengthKm":0.98,"hu8":"05130108","pid":"136990897"},"geometry":{"type":"MultiLineString","coordinates":[[[-85.30164,35.84936],[-85.30184,35.84849],[-85.30406,35.84734],[-85.30496,35.84649],[-85.30753,35.84532],[-85.30837,35.84425],[-85.30937,35.84367]]]}},{"type":"Feature","properties":{"kind":"minor-water","name":"Perry Creek","ftype":460,"lengthKm":0.32,"hu8":"05130108","pid":"136991378"},"geometry":{"type":"MultiLineString","coordinates":[[[-85.11419,35.85129],[-85.11523,35.84989],[-85.11468,35.84877]]]}},{"type":"Feature","properties":{"kind":"minor-water","name":"Calfkiller River","ftype":558,"lengthKm":1.63,"hu8":"05130108","pid":"136993460"},"geometry":{"type":"MultiLineString","coordinates":[[[-85.35191,36.0123],[-85.35281,36.01238],[-85.35473,36.01344],[-85.35556,36.01334],[-85.35552,36.01248],[-85.35373,36.01068],[-85.35425,36.0102],[-85.35564,36.01036],[-85.35749,36.01196],[-85.35851,36.01244],[-85.36238,36.01144]]]}},{"type":"Feature","properties":{"kind":"minor-water","name":"Caney Fork","ftype":558,"lengthKm":1.24,"hu8":"05130108","pid":"136994022"},"geometry":{"type":"MultiLineString","coordinates":[[[-85.20756,35.88683],[-85.20702,35.88559],[-85.20848,35.88364],[-85.21029,35.88198],[-85.21271,35.8805],[-85.21504,35.87829]]]}},{"type":"Feature","properties":{"kind":"minor-water","name":"Little Laurel Creek","ftype":460,"lengthKm":0.2,"hu8":"05130108","pid":"136992641"},"geometry":{"type":"MultiLineString","coordinates":[[[-85.10575,35.83558],[-85.10688,35.83714]]]}},{"type":"Feature","properties":{"kind":"minor-water","name":"Long Branch","ftype":558,"lengthKm":0.14,"hu8":"05130108","pid":"{70292DA3-15D0-4B5F-B78C-AFB2B71EAAAF}"},"geometry":{"type":"MultiLineString","coordinates":[[[-85.29557,35.72994],[-85.29476,35.73031],[-85.29415,35.73011]]]}},{"type":"Feature","properties":{"kind":"minor-water","name":"Long Branch","ftype":460,"lengthKm":1.26,"hu8":"05130108","pid":"{45B72C58-39D4-4C43-AFBA-6DC40B16ED5E}"},"geometry":{"type":"MultiLineString","coordinates":[[[-85.30286,35.73936],[-85.30608,35.73733],[-85.30683,35.73582],[-85.30678,35.73513],[-85.30601,35.73407],[-85.30517,35.7336],[-85.30551,35.73147],[-85.30532,35.72997]]]}},{"type":"Feature","properties":{"kind":"minor-water","name":"Camps Gulf Branch","ftype":558,"lengthKm":0.6,"hu8":"05130108","pid":"{ECBD4048-9884-4086-9E0A-B97F7AEBC24A}"},"geometry":{"type":"MultiLineString","coordinates":[[[-85.30785,35.7211],[-85.30774,35.72252],[-85.30853,35.72376],[-85.31162,35.72418]]]}},{"type":"Feature","properties":{"kind":"minor-water","name":"Meadow Creek","ftype":558,"lengthKm":0.85,"hu8":"05130108","pid":"{94B5A4BF-3D0E-4B78-8E0D-C265490D18C3}"},"geometry":{"type":"MultiLineString","coordinates":[[[-85.36344,35.59083],[-85.36262,35.59174],[-85.36125,35.59153],[-85.36073,35.5922],[-85.36016,35.59153],[-85.35874,35.59157],[-85.35743,35.59094],[-85.3558,35.59127]]]}},{"type":"Feature","properties":{"kind":"minor-water","name":"Meadow Creek","ftype":558,"lengthKm":0.34,"hu8":"05130108","pid":"{323FF05C-2163-492D-AA3F-0CCBEEBE9EAF}"},"geometry":{"type":"MultiLineString","coordinates":[[[-85.3558,35.59127],[-85.35445,35.59206],[-85.35359,35.59127],[-85.35281,35.59132]]]}},{"type":"Feature","properties":{"kind":"minor-water","name":"Whetstone Creek","ftype":460,"lengthKm":4.28,"hu8":"05130108","pid":"136990844"},"geometry":{"type":"MultiLineString","coordinates":[[[-85.42195,35.69462],[-85.42023,35.69393],[-85.41877,35.69439],[-85.41681,35.69389],[-85.4158,35.69466],[-85.41472,35.69456],[-85.41113,35.69297],[-85.40959,35.69206],[-85.40838,35.69067],[-85.40636,35.68985],[-85.40353,35.69117],[-85.40154,35.69063],[-85.40097,35.69129],[-85.39959,35.69149],[-85.39885,35.69222],[-85.39562,35.691],[-85.39431,35.69106],[-85.39332,35.69231],[-85.39231,35.69227],[-85.39048,35.69284],[-85.39,35.69326],[-85.3891,35.69507],[-85.38723,35.69756],[-85.38708,35.69871],[-85.38761,35.70056]]]}},{"type":"Feature","properties":{"kind":"minor-water","name":"Whetstone Creek","ftype":460,"lengthKm":1.1,"hu8":"05130108","pid":"136990843"},"geometry":{"type":"MultiLineString","coordinates":[[[-85.38761,35.70056],[-85.38434,35.70422],[-85.38372,35.70621],[-85.38126,35.70763],[-85.38018,35.70777]]]}},{"type":"Feature","properties":{"kind":"minor-water","name":"Whetstone Creek","ftype":460,"lengthKm":1.04,"hu8":"05130108","pid":"136989919"},"geometry":{"type":"MultiLineString","coordinates":[[[-85.43222,35.69537],[-85.4307,35.69596],[-85.42932,35.69542],[-85.42848,35.69542],[-85.42727,35.69615],[-85.42561,35.69622],[-85.42362,35.69578],[-85.42195,35.69462]]]}},{"type":"Feature","properties":{"kind":"minor-water","name":"Whetstone Creek","ftype":558,"lengthKm":0.01,"hu8":"05130108","pid":"136994778"},"geometry":{"type":"MultiLineString","coordinates":[[[-85.38018,35.70777],[-85.38002,35.70779]]]}},{"type":"Feature","properties":{"kind":"minor-water","name":"Dry Fork","ftype":460,"lengthKm":1.07,"hu8":"05130108","pid":"136983718"},"geometry":{"type":"MultiLineString","coordinates":[[[-85.49449,35.65904],[-85.4958,35.6597],[-85.49737,35.65998],[-85.49684,35.66216],[-85.49758,35.66301],[-85.4982,35.6626],[-85.49867,35.66278],[-85.49877,35.66476],[-85.49848,35.66543]]]}},{"type":"Feature","properties":{"kind":"minor-water","name":"Twin Branch","ftype":460,"lengthKm":1.37,"hu8":"05130108","pid":"136985343"},"geometry":{"type":"MultiLineString","coordinates":[[[-85.30085,35.97951],[-85.30223,35.97989],[-85.30439,35.98147],[-85.30558,35.98324],[-85.30692,35.9838],[-85.30754,35.98523],[-85.30832,35.98536],[-85.31148,35.98761]]]}},{"type":"Feature","properties":{"kind":"minor-water","name":"Dry Fork","ftype":460,"lengthKm":0.42,"hu8":"05130108","pid":"136983733"},"geometry":{"type":"MultiLineString","coordinates":[[[-85.48293,35.64974],[-85.48291,35.65103],[-85.48185,35.65172],[-85.48218,35.65308]]]}},{"type":"Feature","properties":{"kind":"minor-water","name":"Piney Creek","ftype":460,"lengthKm":0.05,"hu8":"05130108","pid":"136990595"},"geometry":{"type":"MultiLineString","coordinates":[[[-85.40609,35.67097],[-85.40552,35.67106]]]}},{"type":"Feature","properties":{"kind":"minor-water","name":"Meadow Creek","ftype":460,"lengthKm":0.48,"hu8":"05130108","pid":"136990733"},"geometry":{"type":"MultiLineString","coordinates":[[[-85.07759,35.90484],[-85.08281,35.90418]]]}},{"type":"Feature","properties":{"kind":"minor-water","name":"Bridge Creek","ftype":460,"lengthKm":1,"hu8":"05130108","pid":"136990923"},"geometry":{"type":"MultiLineString","coordinates":[[[-85.24258,36.07268],[-85.24269,36.07203],[-85.24383,36.07145],[-85.24415,36.07039],[-85.24582,36.06966],[-85.24668,36.0679],[-85.24731,36.06518]]]}},{"type":"Feature","properties":{"kind":"minor-water","name":"Wilkerson Creek","ftype":460,"lengthKm":0.1,"hu8":"05130108","pid":"136991446"},"geometry":{"type":"MultiLineString","coordinates":[[[-85.19784,35.98755],[-85.19685,35.98714]]]}},{"type":"Feature","properties":{"kind":"minor-water","name":"Halfmile Branch","ftype":460,"lengthKm":0.86,"hu8":"05130108","pid":"136992952"},"geometry":{"type":"MultiLineString","coordinates":[[[-85.16119,35.91247],[-85.16158,35.91103],[-85.16118,35.90999],[-85.16162,35.90909],[-85.16419,35.90714],[-85.16569,35.9066]]]}},{"type":"Feature","properties":{"kind":"minor-water","name":"Farmers Creek","ftype":460,"lengthKm":0.28,"hu8":"05130108","pid":"136993015"},"geometry":{"type":"MultiLineString","coordinates":[[[-85.10411,35.81679],[-85.10484,35.81488],[-85.10536,35.81466]]]}},{"type":"Feature","properties":{"kind":"minor-water","name":"Cane Creek","ftype":558,"lengthKm":0.44,"hu8":"05130108","pid":"136994631"},"geometry":{"type":"MultiLineString","coordinates":[[[-85.40469,35.78232],[-85.40187,35.78428],[-85.40132,35.78514]]]}},{"type":"Feature","properties":{"kind":"minor-water","name":"Bradden Creek","ftype":460,"lengthKm":0.26,"hu8":"05130108","pid":"136990907"},"geometry":{"type":"MultiLineString","coordinates":[[[-85.27564,35.68699],[-85.27703,35.68748],[-85.27752,35.68849]]]}},{"type":"Feature","properties":{"kind":"minor-water","name":"Caney Fork","ftype":558,"lengthKm":0.7,"hu8":"05130108","pid":"136994034"},"geometry":{"type":"MultiLineString","coordinates":[[[-85.18378,35.91229],[-85.18542,35.91112],[-85.18506,35.90808],[-85.18595,35.90676]]]}},{"type":"Feature","properties":{"kind":"minor-water","name":"Calfkiller River","ftype":558,"lengthKm":5.5,"hu8":"05130108","pid":"136994164"},"geometry":{"type":"MultiLineString","coordinates":[[[-85.47287,35.84439],[-85.47542,35.84379],[-85.47859,35.84385],[-85.47985,35.84327],[-85.48305,35.84087],[-85.4871,35.84064],[-85.48931,35.83876],[-85.49012,35.83731],[-85.48993,35.83678],[-85.48928,35.83648],[-85.48529,35.83599],[-85.48474,35.83648],[-85.48425,35.83839],[-85.48382,35.83884],[-85.48208,35.83975],[-85.48066,35.83961],[-85.48039,35.83883],[-85.48053,35.83595],[-85.48117,35.83295],[-85.48128,35.83049],[-85.48057,35.82897],[-85.47907,35.82793],[-85.47883,35.82746],[-85.47963,35.8267],[-85.48175,35.82608],[-85.48214,35.8254],[-85.4803,35.82195],[-85.4801,35.82013]]]}},{"type":"Feature","properties":{"kind":"minor-water","name":"Bridge Creek","ftype":460,"lengthKm":1.26,"hu8":"05130108","pid":"136990922"},"geometry":{"type":"MultiLineString","coordinates":[[[-85.24639,36.06034],[-85.24582,36.05967],[-85.24538,36.05777],[-85.24426,36.05701],[-85.24329,36.05552],[-85.2433,36.05491],[-85.24406,36.0538],[-85.24532,36.0542],[-85.24595,36.05357],[-85.24568,36.05329],[-85.24447,36.05324],[-85.24444,36.0526]]]}},{"type":"Feature","properties":{"kind":"minor-water","name":"Little Beaverdam Creek","ftype":460,"lengthKm":0.88,"hu8":"05130108","pid":"136991271"},"geometry":{"type":"MultiLineString","coordinates":[[[-85.15018,35.72462],[-85.15169,35.72462],[-85.15202,35.72424],[-85.15181,35.72399],[-85.1524,35.72369],[-85.15301,35.72423],[-85.15353,35.72348],[-85.15399,35.72366],[-85.15465,35.72311],[-85.15525,35.72361],[-85.15603,35.72287],[-85.15608,35.72193]]]}},{"type":"Feature","properties":{"kind":"minor-water","name":"Calfkiller River","ftype":558,"lengthKm":0.06,"hu8":"05130108","pid":"136994150"},"geometry":{"type":"MultiLineString","coordinates":[[[-85.4303,35.94351],[-85.43062,35.94302]]]}},{"type":"Feature","properties":{"kind":"minor-water","name":"Meadow Creek","ftype":460,"lengthKm":1.31,"hu8":"05130108","pid":"136990723"},"geometry":{"type":"MultiLineString","coordinates":[[[-85.1194,35.90619],[-85.11946,35.90523],[-85.12042,35.90517],[-85.12136,35.90412],[-85.12156,35.9032],[-85.12295,35.90346],[-85.12441,35.9027],[-85.12573,35.90396],[-85.12735,35.90398],[-85.12756,35.90319],[-85.12668,35.90249],[-85.12686,35.90205]]]}},{"type":"Feature","properties":{"kind":"minor-water","name":"Laurel Creek","ftype":460,"lengthKm":0.43,"hu8":"05130108","pid":"136990701"},"geometry":{"type":"MultiLineString","coordinates":[[[-85.1428,35.84091],[-85.14371,35.84236],[-85.1439,35.84363],[-85.14504,35.84398]]]}},{"type":"Feature","properties":{"kind":"minor-water","name":"Meadow Creek","ftype":460,"lengthKm":0.21,"hu8":"05130108","pid":"136990728"},"geometry":{"type":"MultiLineString","coordinates":[[[-85.10615,35.90708],[-85.10794,35.90832]]]}},{"type":"Feature","properties":{"kind":"minor-water","name":"Puncheoncamp Creek","ftype":460,"lengthKm":0.93,"hu8":"05130108","pid":"136992447"},"geometry":{"type":"MultiLineString","coordinates":[[[-85.19591,35.82653],[-85.19669,35.82704],[-85.19806,35.82728],[-85.20371,35.82744],[-85.20586,35.82787]]]}},{"type":"Feature","properties":{"kind":"minor-water","name":"Little Cane Creek","ftype":460,"lengthKm":0.56,"hu8":"05130108","pid":"136991318"},"geometry":{"type":"MultiLineString","coordinates":[[[-85.23007,35.77786],[-85.23032,35.77527],[-85.23253,35.77359]]]}},{"type":"Feature","properties":{"kind":"minor-water","name":"Stamps Hollow Creek","ftype":460,"lengthKm":1.59,"hu8":"05130108","pid":"136990761"},"geometry":{"type":"MultiLineString","coordinates":[[[-85.26899,36.1359],[-85.26992,36.1353],[-85.2713,36.13491],[-85.27357,36.13286],[-85.27546,36.13246],[-85.27647,36.13158],[-85.27757,36.12655],[-85.2772,36.12506]]]}},{"type":"Feature","properties":{"kind":"minor-water","name":"Wildcat Creek","ftype":460,"lengthKm":0.7,"hu8":"05130108","pid":"136990856"},"geometry":{"type":"MultiLineString","coordinates":[[[-85.40364,35.93092],[-85.40637,35.9299],[-85.40728,35.93015],[-85.40771,35.93063],[-85.40989,35.93095],[-85.41078,35.9308]]]}},{"type":"Feature","properties":{"kind":"minor-water","name":"Lost Creek","ftype":460,"lengthKm":0.99,"hu8":"05130108","pid":"136992900"},"geometry":{"type":"MultiLineString","coordinates":[[[-85.3598,35.86242],[-85.36122,35.86171],[-85.36111,35.86108],[-85.36048,35.86103],[-85.36011,35.8603],[-85.36098,35.85994],[-85.36151,35.8592],[-85.36383,35.85846],[-85.36434,35.85778],[-85.36554,35.8571]]]}},{"type":"Feature","properties":{"kind":"minor-water","name":"Polebridge Creek","ftype":460,"lengthKm":0.76,"hu8":"05130108","pid":"136991059"},"geometry":{"type":"MultiLineString","coordinates":[[[-85.2976,35.59212],[-85.29807,35.59257],[-85.29922,35.5929],[-85.29916,35.59323],[-85.29752,35.59408],[-85.29741,35.5946],[-85.29924,35.59409],[-85.2995,35.59534]]]}},{"type":"Feature","properties":{"kind":"minor-water","name":"Thompson Creek","ftype":460,"lengthKm":1.51,"hu8":"05130108","pid":"136991206"},"geometry":{"type":"MultiLineString","coordinates":[[[-85.21961,35.64056],[-85.21962,35.64149],[-85.21891,35.64215],[-85.21634,35.64321],[-85.21458,35.64333],[-85.21281,35.64453],[-85.21217,35.64539],[-85.21216,35.64736],[-85.21295,35.64838],[-85.21268,35.64931],[-85.21288,35.65024]]]}},{"type":"Feature","properties":{"kind":"minor-water","name":"Fall Creek","ftype":460,"lengthKm":0.51,"hu8":"05130108","pid":"136990994"},"geometry":{"type":"MultiLineString","coordinates":[[[-85.35822,35.66245],[-85.35764,35.66336],[-85.35542,35.66521],[-85.3557,35.66615]]]}},{"type":"Feature","properties":{"kind":"minor-water","name":"Blue Spring Creek","ftype":460,"lengthKm":3.05,"hu8":"05130108","pid":"136992010"},"geometry":{"type":"MultiLineString","coordinates":[[[-85.34968,35.94864],[-85.35368,35.94938],[-85.35506,35.95033],[-85.35664,35.95088],[-85.35764,35.95098],[-85.35862,35.95068],[-85.36086,35.95142],[-85.36316,35.95135],[-85.36411,35.95236],[-85.36694,35.95217],[-85.37231,35.95253],[-85.37758,35.9542],[-85.38161,35.95464]]]}},{"type":"Feature","properties":{"kind":"minor-water","name":"Wolfpen Creek","ftype":460,"lengthKm":0.16,"hu8":"05130108","pid":"136991254"},"geometry":{"type":"MultiLineString","coordinates":[[[-85.21909,35.69175],[-85.21809,35.69289]]]}},{"type":"Feature","properties":{"kind":"minor-water","name":"Bryant Mill Branch","ftype":460,"lengthKm":0.67,"hu8":"05130108","pid":"136991333"},"geometry":{"type":"MultiLineString","coordinates":[[[-85.22331,35.82837],[-85.22256,35.82925],[-85.22257,35.8298],[-85.22309,35.83008],[-85.22183,35.83389]]]}},{"type":"Feature","properties":{"kind":"minor-water","name":"Hughes Creek","ftype":460,"lengthKm":0.93,"hu8":"05130108","pid":"136991429"},"geometry":{"type":"MultiLineString","coordinates":[[[-85.12213,35.91979],[-85.12069,35.92108],[-85.1206,35.92266],[-85.11976,35.92437],[-85.12012,35.92603],[-85.12103,35.92737]]]}},{"type":"Feature","properties":{"kind":"minor-water","name":"Bee Creek","ftype":558,"lengthKm":0.35,"hu8":"05130108","pid":"136993994"},"geometry":{"type":"MultiLineString","coordinates":[[[-85.27324,35.78328],[-85.27397,35.78368],[-85.27431,35.78433],[-85.27385,35.78598]]]}},{"type":"Feature","properties":{"kind":"minor-water","name":"Gentry Creek","ftype":558,"lengthKm":0.01,"hu8":"05130108","pid":"136994070"},"geometry":{"type":"MultiLineString","coordinates":[[[-85.1862,35.90614],[-85.18629,35.90617]]]}},{"type":"Feature","properties":{"kind":"minor-water","name":"Whiteoak Creek","ftype":460,"lengthKm":0.38,"hu8":"05130108","pid":"136990850"},"geometry":{"type":"MultiLineString","coordinates":[[[-85.19174,35.96393],[-85.19094,35.96297],[-85.18821,35.96262]]]}},{"type":"Feature","properties":{"kind":"minor-water","name":"West Fork Little Cane Creek","ftype":460,"lengthKm":0.18,"hu8":"05130108","pid":"136985882"},"geometry":{"type":"MultiLineString","coordinates":[[[-85.20811,35.80114],[-85.20739,35.8003],[-85.20739,35.7997]]]}},{"type":"Feature","properties":{"kind":"minor-water","name":"Raccoon Creek","ftype":460,"lengthKm":0.3,"hu8":"05130108","pid":"136990453"},"geometry":{"type":"MultiLineString","coordinates":[[[-85.13886,35.7966],[-85.14002,35.79581],[-85.14042,35.79435]]]}},{"type":"Feature","properties":{"kind":"minor-water","name":"Pokepatch Creek","ftype":460,"lengthKm":0.97,"hu8":"05130108","pid":"136991496"},"geometry":{"type":"MultiLineString","coordinates":[[[-85.20126,35.95136],[-85.20028,35.95114],[-85.19919,35.95039],[-85.19799,35.94862],[-85.19749,35.94838],[-85.19633,35.94884],[-85.19626,35.9501],[-85.19594,35.95043],[-85.1941,35.95054]]]}},{"type":"Feature","properties":{"kind":"minor-water","name":"Whiteoak Creek","ftype":558,"lengthKm":0.01,"hu8":"05130108","pid":"136994050"},"geometry":{"type":"MultiLineString","coordinates":[[[-85.17687,35.94462],[-85.17688,35.94454]]]}},{"type":"Feature","properties":{"kind":"minor-water","name":"Granny Branch","ftype":558,"lengthKm":0.23,"hu8":"05130108","pid":"136994419"},"geometry":{"type":"MultiLineString","coordinates":[[[-85.20551,35.85553],[-85.20526,35.85351]]]}},{"type":"Feature","properties":{"kind":"minor-water","name":"Stamps Hollow Creek","ftype":460,"lengthKm":1.32,"hu8":"05130108","pid":"136983802"},"geometry":{"type":"MultiLineString","coordinates":[[[-85.28097,36.12268],[-85.28334,36.1209],[-85.28667,36.11939],[-85.28732,36.11702],[-85.28818,36.11553],[-85.28909,36.11509],[-85.28952,36.11388]]]}},{"type":"Feature","properties":{"kind":"minor-water","name":"Mount Pleasant Branch","ftype":460,"lengthKm":1.76,"hu8":"05130108","pid":"136984178"},"geometry":{"type":"MultiLineString","coordinates":[[[-85.46407,35.66548],[-85.46411,35.66883],[-85.46368,35.66953],[-85.46366,35.67118],[-85.46272,35.67213],[-85.46277,35.67284],[-85.4603,35.67371],[-85.45912,35.67474],[-85.45866,35.67608],[-85.45699,35.67549],[-85.45546,35.67663]]]}},{"type":"Feature","properties":{"kind":"minor-water","name":"Fox Thicket Creek","ftype":460,"lengthKm":1.16,"hu8":"05130108","pid":"136990641"},"geometry":{"type":"MultiLineString","coordinates":[[[-85.3597,35.56336],[-85.35879,35.56402],[-85.35882,35.56445],[-85.35803,35.56396],[-85.35809,35.56309],[-85.35911,35.56163],[-85.3591,35.5609],[-85.35871,35.56068],[-85.35324,35.56128]]]}},{"type":"Feature","properties":{"kind":"minor-water","name":"Farmers Creek","ftype":460,"lengthKm":0.46,"hu8":"05130108","pid":"136990706"},"geometry":{"type":"MultiLineString","coordinates":[[[-85.12921,35.83577],[-85.12941,35.83629],[-85.12841,35.83713],[-85.12837,35.83801],[-85.12764,35.83846],[-85.12762,35.83922]]]}},{"type":"Feature","properties":{"kind":"minor-water","name":"Little Laurel Creek","ftype":460,"lengthKm":1.73,"hu8":"05130108","pid":"136991037"},"geometry":{"type":"MultiLineString","coordinates":[[[-85.30676,35.87638],[-85.30897,35.87555],[-85.31117,35.87521],[-85.31407,35.87398],[-85.31534,35.87385],[-85.31631,35.87303],[-85.31708,35.87283],[-85.31819,35.87146],[-85.31834,35.87058],[-85.32073,35.86835],[-85.32101,35.86759]]]}},{"type":"Feature","properties":{"kind":"minor-water","name":"Plum Creek","ftype":460,"lengthKm":2.58,"hu8":"05130108","pid":"136991191"},"geometry":{"type":"MultiLineString","coordinates":[[[-85.40045,36.01405],[-85.40203,36.01279],[-85.40171,36.01121],[-85.40246,36.01034],[-85.4019,36.00994],[-85.40235,36.00946],[-85.40192,36.00919],[-85.40192,36.00838],[-85.40355,36.00769],[-85.40334,36.00717],[-85.40219,36.00687],[-85.40326,36.00433],[-85.40151,36.00302],[-85.40203,36.0019],[-85.39811,36.00023],[-85.39798,35.9991],[-85.39676,35.99888],[-85.3967,35.99774],[-85.39635,35.99726]]]}},{"type":"Feature","properties":{"kind":"minor-water","name":"Bee Creek","ftype":558,"lengthKm":2.94,"hu8":"05130108","pid":"136993995"},"geometry":{"type":"MultiLineString","coordinates":[[[-85.25822,35.77493],[-85.25907,35.77497],[-85.25944,35.77539],[-85.25899,35.7772],[-85.25829,35.77757],[-85.25557,35.77734],[-85.25531,35.77761],[-85.25645,35.77912],[-85.25685,35.78082],[-85.25738,35.78141],[-85.25818,35.78124],[-85.25984,35.77967],[-85.26273,35.77872],[-85.26653,35.78001],[-85.26755,35.77945],[-85.26817,35.7796],[-85.26909,35.78046],[-85.27014,35.78222],[-85.27324,35.78328]]]}},{"type":"Feature","properties":{"kind":"minor-water","name":"Bee Creek","ftype":558,"lengthKm":0.79,"hu8":"05130108","pid":"136993996"},"geometry":{"type":"MultiLineString","coordinates":[[[-85.25729,35.7703],[-85.25772,35.77074],[-85.25783,35.77169],[-85.25593,35.774],[-85.25593,35.77482],[-85.2566,35.77516],[-85.25822,35.77493]]]}},{"type":"Feature","properties":{"kind":"minor-water","name":"Short Creek","ftype":460,"lengthKm":1.33,"hu8":"05130108","pid":"136992935"},"geometry":{"type":"MultiLineString","coordinates":[[[-85.24299,35.82956],[-85.24307,35.83044],[-85.24225,35.83162],[-85.24284,35.83273],[-85.243,35.83453],[-85.24236,35.83563],[-85.24105,35.83636],[-85.24073,35.83689],[-85.24125,35.83748],[-85.24324,35.83816],[-85.24409,35.83912]]]}},{"type":"Feature","properties":{"kind":"minor-water","name":"Perry Creek","ftype":460,"lengthKm":0.38,"hu8":"05130108","pid":"136991379"},"geometry":{"type":"MultiLineString","coordinates":[[[-85.11468,35.84877],[-85.11553,35.84866],[-85.11612,35.84788],[-85.11702,35.84779],[-85.11682,35.8467]]]}},{"type":"Feature","properties":{"kind":"minor-water","name":"Tantrough Creek","ftype":460,"lengthKm":0.21,"hu8":"05130108","pid":"136991433"},"geometry":{"type":"MultiLineString","coordinates":[[[-85.12177,35.96384],[-85.12294,35.9634],[-85.12396,35.96351]]]}},{"type":"Feature","properties":{"kind":"minor-water","name":"Cooper Branch","ftype":460,"lengthKm":0.66,"hu8":"06010201","pid":"{C730A54F-B3E8-41C7-A3D1-0FE4098814FF}"},"geometry":{"type":"MultiLineString","coordinates":[[[-85.03574,35.66371],[-85.03513,35.66435],[-85.03415,35.66471],[-85.0326,35.66425],[-85.03028,35.66428],[-85.02926,35.66372]]]}},{"type":"Feature","properties":{"kind":"minor-water","name":"Cooper Branch","ftype":558,"lengthKm":0.06,"hu8":"06010201","pid":"{73D64578-CE96-4BDA-8C1E-FADC9C3686D5}"},"geometry":{"type":"MultiLineString","coordinates":[[[-85.03627,35.66344],[-85.03574,35.66371]]]}},{"type":"Feature","properties":{"kind":"minor-water","name":"Cooper Branch","ftype":460,"lengthKm":0.02,"hu8":"06010201","pid":"{360E1EE7-5794-4A4C-98B7-D5472A13F2F6}"},"geometry":{"type":"MultiLineString","coordinates":[[[-85.03646,35.6633],[-85.03627,35.66344]]]}},{"type":"Feature","properties":{"kind":"minor-water","name":"Cooper Branch","ftype":558,"lengthKm":0.06,"hu8":"06010201","pid":"{26C0C212-2DFA-44A0-85C7-7E73A23F103E}"},"geometry":{"type":"MultiLineString","coordinates":[[[-85.03698,35.6629],[-85.03646,35.6633]]]}},{"type":"Feature","properties":{"kind":"minor-water","name":"Bonine Creek","ftype":460,"lengthKm":0.56,"hu8":"06010201","pid":"132357244"},"geometry":{"type":"MultiLineString","coordinates":[[[-85.00356,35.60106],[-85.00287,35.60142],[-85.0017,35.60301],[-85.0022,35.60372],[-85.00125,35.60519]]]}},{"type":"Feature","properties":{"kind":"minor-water","name":"Bonine Creek","ftype":460,"lengthKm":0.73,"hu8":"06010201","pid":"132357246"},"geometry":{"type":"MultiLineString","coordinates":[[[-85.00219,35.59263],[-85.00261,35.59326],[-85.00202,35.59383],[-85.00182,35.59494],[-85.00349,35.59493],[-85.0038,35.59544],[-85.00366,35.5959],[-85.00421,35.59627],[-85.00389,35.59669],[-85.00402,35.59717]]]}},{"type":"Feature","properties":{"kind":"minor-water","name":"Piney Creek","ftype":460,"lengthKm":2.38,"hu8":"06010201","pid":"132356699"},"geometry":{"type":"MultiLineString","coordinates":[[[-85.02603,35.61091],[-85.02543,35.61092],[-85.02499,35.61131],[-85.02512,35.61213],[-85.02441,35.61249],[-85.0238,35.61233],[-85.02316,35.61135],[-85.02284,35.61137],[-85.02146,35.61338],[-85.01999,35.61365],[-85.01951,35.61495],[-85.01837,35.61544],[-85.01801,35.6172],[-85.0167,35.61663],[-85.01569,35.61793],[-85.0152,35.61687],[-85.01238,35.61702],[-85.0124,35.6179],[-85.01124,35.61806],[-85.01067,35.61927]]]}},{"type":"Feature","properties":{"kind":"minor-water","name":"Piney Creek","ftype":558,"lengthKm":0.09,"hu8":"06010201","pid":"132365993"},"geometry":{"type":"MultiLineString","coordinates":[[[-85.05004,35.61768],[-85.05047,35.61695]]]}},{"type":"Feature","properties":{"kind":"minor-water","name":"McSherley Branch","ftype":460,"lengthKm":3.07,"hu8":"06010201","pid":"132357230"},"geometry":{"type":"MultiLineString","coordinates":[[[-85.01838,35.63715],[-85.01743,35.63556],[-85.01583,35.63468],[-85.0155,35.63395],[-85.01489,35.63374],[-85.01317,35.63412],[-85.01258,35.63366],[-85.01199,35.63177],[-85.01075,35.63202],[-85.00755,35.63025],[-85.00703,35.6284],[-85.00837,35.62727],[-85.00779,35.6265],[-85.0089,35.62585],[-85.00826,35.62507],[-85.00669,35.62459],[-85.00698,35.62292],[-85.00435,35.62047],[-85.00449,35.62004],[-85.00565,35.61987],[-85.00593,35.61936]]]}},{"type":"Feature","properties":{"kind":"minor-water","name":"Lick Branch","ftype":460,"lengthKm":0.36,"hu8":"06010201","pid":"132359338"},"geometry":{"type":"MultiLineString","coordinates":[[[-85.04052,35.69624],[-85.03976,35.69414],[-85.0399,35.6931]]]}},{"type":"Feature","properties":{"kind":"minor-water","name":"Lick Branch","ftype":460,"lengthKm":1.67,"hu8":"06010201","pid":"132362702"},"geometry":{"type":"MultiLineString","coordinates":[[[-85.03513,35.68803],[-85.03368,35.68419],[-85.03308,35.68355],[-85.03176,35.68306],[-85.0315,35.68198],[-85.03088,35.6819],[-85.03045,35.68096],[-85.02999,35.68083],[-85.02926,35.67957],[-85.02883,35.67786],[-85.02823,35.67723],[-85.02955,35.6765],[-85.03003,35.67578]]]}},{"type":"Feature","properties":{"kind":"minor-water","name":"Bonine Creek","ftype":460,"lengthKm":1.58,"hu8":"06010201","pid":"132357243"},"geometry":{"type":"MultiLineString","coordinates":[[[-85.00125,35.60519],[-85.00023,35.60561],[-84.99995,35.60748],[-84.99913,35.60744],[-84.99806,35.6069],[-84.99778,35.60709],[-84.9976,35.60852],[-84.99622,35.60917],[-84.9969,35.60992],[-84.99678,35.61044],[-84.99643,35.61064],[-84.99462,35.61045],[-84.9944,35.61149],[-84.99302,35.6112],[-84.99272,35.61238]]]}},{"type":"Feature","properties":{"kind":"minor-water","name":"Piney Creek","ftype":460,"lengthKm":1.19,"hu8":"06010201","pid":"132356696"},"geometry":{"type":"MultiLineString","coordinates":[[[-85.00445,35.61123],[-85.0038,35.61122],[-85.00281,35.61273],[-84.99909,35.6119],[-84.99849,35.61205],[-84.99769,35.61309],[-84.99545,35.61286],[-84.9951,35.61411],[-84.9946,35.6144]]]}},{"type":"Feature","properties":{"kind":"minor-water","name":"Low Creek","ftype":460,"lengthKm":1.02,"hu8":"06010201","pid":"132357238"},"geometry":{"type":"MultiLineString","coordinates":[[[-85.03635,35.61826],[-85.03653,35.61669],[-85.03553,35.61488],[-85.0339,35.6151],[-85.03322,35.61403],[-85.03251,35.61383],[-85.03165,35.61307],[-85.02997,35.61274]]]}},{"type":"Feature","properties":{"kind":"minor-water","name":"Garrison Spring Branch","ftype":460,"lengthKm":1.62,"hu8":"06010201","pid":"132357206"},"geometry":{"type":"MultiLineString","coordinates":[[[-85.00986,35.6702],[-85.00761,35.66927],[-85.00425,35.66841],[-85.00341,35.66762],[-85.00251,35.66749],[-85.00201,35.66699],[-85.00096,35.66706],[-84.99976,35.66663],[-84.99934,35.66605],[-84.99855,35.66609],[-84.9984,35.66564],[-84.99779,35.66547],[-84.99785,35.66501],[-84.99676,35.66473],[-84.9952,35.66377]]]}},{"type":"Feature","properties":{"kind":"minor-water","name":"McSherley Branch","ftype":460,"lengthKm":1.92,"hu8":"06010201","pid":"132357231"},"geometry":{"type":"MultiLineString","coordinates":[[[-85.02884,35.64741],[-85.02743,35.64669],[-85.02261,35.64635],[-85.02159,35.64556],[-85.02089,35.64388],[-85.01908,35.64224],[-85.01891,35.64142],[-85.01812,35.6412],[-85.01679,35.64002],[-85.01757,35.63927],[-85.01734,35.63854],[-85.01853,35.63806],[-85.01838,35.63715]]]}},{"type":"Feature","properties":{"kind":"minor-water","name":"Ivy Branch","ftype":460,"lengthKm":1.56,"hu8":"06010201","pid":"132359286"},"geometry":{"type":"MultiLineString","coordinates":[[[-85.00571,35.70707],[-85.00359,35.7061],[-85.0031,35.70521],[-85.00099,35.70316],[-85.00065,35.70205],[-84.99793,35.69932],[-84.99724,35.69907],[-84.99544,35.69951],[-84.9936,35.69901]]]}},{"type":"Feature","properties":{"kind":"minor-water","name":"Detheridge Branch","ftype":460,"lengthKm":1.98,"hu8":"06010201","pid":"132357225"},"geometry":{"type":"MultiLineString","coordinates":[[[-85.00612,35.63935],[-85.00504,35.63664],[-85.00392,35.6361],[-85.00341,35.63409],[-85.00211,35.6324],[-84.99969,35.63015],[-84.99737,35.62917],[-84.9958,35.62792],[-84.99545,35.62786],[-84.99432,35.62859],[-84.99337,35.62799],[-84.99274,35.62808]]]}},{"type":"Feature","properties":{"kind":"minor-water","name":"Moccasin Creek","ftype":460,"lengthKm":0.17,"hu8":"06010201","pid":"132356684"},"geometry":{"type":"MultiLineString","coordinates":[[[-85.02164,35.70375],[-85.02076,35.70355],[-85.02001,35.70299]]]}},{"type":"Feature","properties":{"kind":"minor-water","name":"Piney Creek","ftype":460,"lengthKm":0.61,"hu8":"06010201","pid":"132356702"},"geometry":{"type":"MultiLineString","coordinates":[[[-85.0505,35.61375],[-85.04952,35.61275],[-85.04775,35.61241],[-85.04661,35.61174],[-85.04566,35.61157],[-85.04545,35.61082]]]}},{"type":"Feature","properties":{"kind":"minor-water","name":"Bonine Creek","ftype":460,"lengthKm":0.18,"hu8":"06010201","pid":"132357248"},"geometry":{"type":"MultiLineString","coordinates":[[[-85.00187,35.58826],[-85.00264,35.58915],[-85.00234,35.58966]]]}},{"type":"Feature","properties":{"kind":"minor-water","name":"Moccasin Creek","ftype":460,"lengthKm":0.26,"hu8":"06010201","pid":"132356678"},"geometry":{"type":"MultiLineString","coordinates":[[[-85.01303,35.69204],[-85.01249,35.69167],[-85.0116,35.69201],[-85.01043,35.69198]]]}},{"type":"Feature","properties":{"kind":"minor-water","name":"Moccasin Creek","ftype":460,"lengthKm":1.31,"hu8":"06010201","pid":"132356673"},"geometry":{"type":"MultiLineString","coordinates":[[[-85.02796,35.66126],[-85.02717,35.66102],[-85.02665,35.66145],[-85.02544,35.66039],[-85.02404,35.66099],[-85.02285,35.66101],[-85.02181,35.66215],[-85.02007,35.66168],[-85.01929,35.6628],[-85.01879,35.6629],[-85.01811,35.6622],[-85.01657,35.66198]]]}},{"type":"Feature","properties":{"kind":"minor-water","name":"Moccasin Creek","ftype":460,"lengthKm":2.97,"hu8":"06010201","pid":"132356679"},"geometry":{"type":"MultiLineString","coordinates":[[[-85.01043,35.69198],[-85.00958,35.69152],[-85.00914,35.69158],[-85.00917,35.69086],[-85.00837,35.68957],[-85.00894,35.6882],[-85.01034,35.68695],[-85.01157,35.68687],[-85.0121,35.68551],[-85.01266,35.68547],[-85.0129,35.68489],[-85.01366,35.68437],[-85.01604,35.68323],[-85.01711,35.68349],[-85.01846,35.68272],[-85.01961,35.683],[-85.02049,35.68248],[-85.02035,35.68077],[-85.01844,35.6788],[-85.01822,35.67804],[-85.01997,35.67722],[-85.02007,35.67659],[-85.02121,35.67566],[-85.02136,35.67474]]]}},{"type":"Feature","properties":{"kind":"minor-water","name":"Moccasin Creek","ftype":460,"lengthKm":1.14,"hu8":"06010201","pid":"132359012"},"geometry":{"type":"MultiLineString","coordinates":[[[-84.99964,35.64869],[-85.00017,35.64771],[-85.00014,35.64718],[-84.99958,35.64666],[-84.99561,35.64645],[-84.99355,35.647],[-84.99294,35.64661],[-84.99265,35.64536],[-84.99133,35.64509]]]}},{"type":"Feature","properties":{"kind":"minor-water","name":"Moccasin Creek","ftype":460,"lengthKm":0.72,"hu8":"06010201","pid":"132356675"},"geometry":{"type":"MultiLineString","coordinates":[[[-85.01264,35.65983],[-85.0097,35.65811],[-85.00964,35.65713],[-85.01017,35.65662],[-85.0092,35.65629],[-85.00952,35.65534]]]}},{"type":"Feature","properties":{"kind":"minor-water","name":"Moccasin Creek","ftype":460,"lengthKm":0.25,"hu8":"06010201","pid":"132356670"},"geometry":{"type":"MultiLineString","coordinates":[[[-85.00952,35.65534],[-85.00824,35.65518],[-85.00704,35.65443]]]}},{"type":"Feature","properties":{"kind":"minor-water","name":"Moccasin Creek","ftype":460,"lengthKm":1.11,"hu8":"06010201","pid":"132356676"},"geometry":{"type":"MultiLineString","coordinates":[[[-85.02931,35.67466],[-85.02883,35.67417],[-85.0282,35.67186],[-85.02944,35.67063],[-85.02831,35.66993],[-85.02855,35.66917],[-85.02816,35.66832],[-85.02859,35.66774],[-85.03048,35.66668]]]}},{"type":"Feature","properties":{"kind":"minor-water","name":"Piney Creek","ftype":460,"lengthKm":1.05,"hu8":"06010201","pid":"132356705"},"geometry":{"type":"MultiLineString","coordinates":[[[-85.04335,35.61053],[-85.03944,35.61041],[-85.03825,35.6094],[-85.03662,35.60916],[-85.03579,35.60845],[-85.03477,35.60848],[-85.03387,35.60696]]]}},{"type":"Feature","properties":{"kind":"minor-water","name":"Cooper Branch","ftype":460,"lengthKm":1.33,"hu8":"06010201","pid":"132357218"},"geometry":{"type":"MultiLineString","coordinates":[[[-85.04532,35.65062],[-85.04527,35.65117],[-85.04568,35.6517],[-85.04837,35.65344],[-85.0504,35.65309],[-85.05196,35.65442],[-85.0516,35.65506],[-85.04987,35.65633],[-85.05015,35.65724],[-85.04946,35.65798]]]}},{"type":"Feature","properties":{"kind":"minor-water","name":"Moccasin Creek","ftype":460,"lengthKm":0.42,"hu8":"06010201","pid":"132356682"},"geometry":{"type":"MultiLineString","coordinates":[[[-85.02713,35.71179],[-85.02738,35.71054],[-85.02607,35.70831]]]}},{"type":"Feature","properties":{"kind":"minor-water","name":"Moccasin Creek","ftype":460,"lengthKm":0.35,"hu8":"06010201","pid":"132356672"},"geometry":{"type":"MultiLineString","coordinates":[[[-85.02926,35.66372],[-85.02903,35.66345],[-85.02939,35.66328],[-85.02881,35.66228],[-85.02811,35.66194],[-85.02796,35.66126]]]}},{"type":"Feature","properties":{"kind":"minor-water","name":"Lick Branch","ftype":460,"lengthKm":0.21,"hu8":"06010201","pid":"132359337"},"geometry":{"type":"MultiLineString","coordinates":[[[-85.03917,35.69822],[-85.03947,35.69743],[-85.04043,35.69666]]]}},{"type":"Feature","properties":{"kind":"minor-water","name":"Anderson Spring Branch","ftype":558,"lengthKm":0.17,"hu8":"06010201","pid":"132365997"},"geometry":{"type":"MultiLineString","coordinates":[[[-85.0134,35.61123],[-85.01269,35.61166],[-85.01173,35.61153]]]}},{"type":"Feature","properties":{"kind":"minor-water","name":"Moccasin Creek","ftype":460,"lengthKm":0.44,"hu8":"06010201","pid":"132356674"},"geometry":{"type":"MultiLineString","coordinates":[[[-85.01657,35.66198],[-85.01568,35.66175],[-85.01349,35.65998],[-85.01264,35.65983]]]}},{"type":"Feature","properties":{"kind":"minor-water","name":"Piney Creek","ftype":460,"lengthKm":1.15,"hu8":"06010201","pid":"132356697"},"geometry":{"type":"MultiLineString","coordinates":[[[-85.00593,35.61936],[-85.00578,35.61883],[-85.00749,35.61755],[-85.00802,35.61599],[-85.00763,35.61531],[-85.00655,35.61541],[-85.00614,35.61504],[-85.00581,35.61322],[-85.00445,35.61123]]]}},{"type":"Feature","properties":{"kind":"minor-water","name":"Cooper Branch","ftype":460,"lengthKm":1.34,"hu8":"06010201","pid":"132357217"},"geometry":{"type":"MultiLineString","coordinates":[[[-85.04946,35.65798],[-85.04845,35.65901],[-85.04738,35.65922],[-85.04328,35.66158],[-85.04039,35.66229],[-85.03946,35.66292],[-85.03761,35.66241],[-85.03698,35.6629]]]}},{"type":"Feature","properties":{"kind":"minor-water","name":"Lick Branch","ftype":460,"lengthKm":0.06,"hu8":"06010201","pid":"132357211"},"geometry":{"type":"MultiLineString","coordinates":[[[-85.02995,35.6749],[-85.02931,35.67466]]]}},{"type":"Feature","properties":{"kind":"minor-water","name":"Lick Branch","ftype":460,"lengthKm":0.77,"hu8":"06010201","pid":"132362695"},"geometry":{"type":"MultiLineString","coordinates":[[[-85.0399,35.6931],[-85.03832,35.69137],[-85.0382,35.69085],[-85.03636,35.68965],[-85.03643,35.68886],[-85.03602,35.68851],[-85.03569,35.68862],[-85.03513,35.68803]]]}},{"type":"Feature","properties":{"kind":"minor-water","name":"Moccasin Creek","ftype":460,"lengthKm":1.27,"hu8":"06010201","pid":"132356681"},"geometry":{"type":"MultiLineString","coordinates":[[[-85.01765,35.70133],[-85.01767,35.70094],[-85.01692,35.70028],[-85.01671,35.69931],[-85.01543,35.69814],[-85.01536,35.69667],[-85.01435,35.69643],[-85.01473,35.6951],[-85.01261,35.69357],[-85.01303,35.69204]]]}},{"type":"Feature","properties":{"kind":"minor-water","name":"Low Creek","ftype":460,"lengthKm":0.45,"hu8":"06010201","pid":"132357239"},"geometry":{"type":"MultiLineString","coordinates":[[[-85.02997,35.61274],[-85.02851,35.61232],[-85.02759,35.61172],[-85.02636,35.61173],[-85.02603,35.61091]]]}},{"type":"Feature","properties":{"kind":"minor-water","name":"Youngs Creek","ftype":460,"lengthKm":2.05,"hu8":"06010201","pid":"132357202"},"geometry":{"type":"MultiLineString","coordinates":[[[-85.00349,35.68722],[-85.0046,35.68685],[-85.00568,35.68567],[-85.00682,35.68516],[-85.0081,35.68377],[-85.00867,35.68225],[-85.00839,35.68141],[-85.00973,35.67782],[-85.00895,35.67662],[-85.00655,35.67621],[-85.00481,35.67515],[-85.00255,35.67518]]]}},{"type":"Feature","properties":{"kind":"minor-water","name":"Moccasin Creek","ftype":460,"lengthKm":0.28,"hu8":"06010201","pid":"132356685"},"geometry":{"type":"MultiLineString","coordinates":[[[-85.02001,35.70299],[-85.01765,35.70133]]]}},{"type":"Feature","properties":{"kind":"minor-water","name":"Piney Creek","ftype":460,"lengthKm":0.23,"hu8":"06010201","pid":"132356704"},"geometry":{"type":"MultiLineString","coordinates":[[[-85.04545,35.61082],[-85.04487,35.61036],[-85.0436,35.61027],[-85.04335,35.61053]]]}},{"type":"Feature","properties":{"kind":"minor-water","name":"Anderson Spring Branch","ftype":558,"lengthKm":0.07,"hu8":"06010201","pid":"132366004"},"geometry":{"type":"MultiLineString","coordinates":[[[-85.02149,35.60701],[-85.02131,35.60764]]]}},{"type":"Feature","properties":{"kind":"minor-water","name":"Moccasin Creek","ftype":460,"lengthKm":0.73,"hu8":"06010201","pid":"132356683"},"geometry":{"type":"MultiLineString","coordinates":[[[-85.02607,35.70831],[-85.02495,35.70547],[-85.02409,35.7052],[-85.02391,35.70448],[-85.02256,35.70364],[-85.02164,35.70375]]]}},{"type":"Feature","properties":{"kind":"minor-water","name":"Anderson Spring Branch","ftype":460,"lengthKm":0.39,"hu8":"06010201","pid":"132357240"},"geometry":{"type":"MultiLineString","coordinates":[[[-85.01173,35.61153],[-85.0107,35.61127],[-85.0085,35.6118],[-85.00757,35.61158]]]}},{"type":"Feature","properties":{"kind":"minor-water","name":"Moccasin Creek","ftype":460,"lengthKm":1.08,"hu8":"06010201","pid":"132356680"},"geometry":{"type":"MultiLineString","coordinates":[[[-85.02136,35.67474],[-85.0235,35.67535],[-85.02442,35.67474],[-85.02443,35.67309],[-85.02529,35.67319],[-85.02616,35.67292],[-85.02662,35.67312],[-85.02691,35.67405],[-85.02794,35.67484],[-85.02869,35.67505],[-85.02931,35.67466]]]}},{"type":"Feature","properties":{"kind":"minor-water","name":"Youngs Creek","ftype":558,"lengthKm":0.03,"hu8":"06010201","pid":"132353716"},"geometry":{"type":"MultiLineString","coordinates":[[[-85.00019,35.67344],[-84.99995,35.67356]]]}},{"type":"Feature","properties":{"kind":"minor-water","name":"Piney Creek","ftype":460,"lengthKm":0.48,"hu8":"06010201","pid":"132356698"},"geometry":{"type":"MultiLineString","coordinates":[[[-85.01067,35.61927],[-85.00935,35.61848],[-85.0076,35.61913],[-85.00593,35.61936]]]}},{"type":"Feature","properties":{"kind":"minor-water","name":"Anderson Spring Branch","ftype":460,"lengthKm":0.94,"hu8":"06010201","pid":"132357242"},"geometry":{"type":"MultiLineString","coordinates":[[[-85.02131,35.60764],[-85.0211,35.60892],[-85.01956,35.61031],[-85.01765,35.61062],[-85.01693,35.61047],[-85.01466,35.61087],[-85.01422,35.61127],[-85.0134,35.61123]]]}},{"type":"Feature","properties":{"kind":"minor-water","name":"Low Creek","ftype":460,"lengthKm":0.88,"hu8":"06010201","pid":"132357237"},"geometry":{"type":"MultiLineString","coordinates":[[[-85.0404,35.62441],[-85.03978,35.62416],[-85.03938,35.62359],[-85.03969,35.62209],[-85.03895,35.61952],[-85.03761,35.6192],[-85.03635,35.61826]]]}},{"type":"Feature","properties":{"kind":"minor-water","name":"Lick Branch","ftype":460,"lengthKm":0.11,"hu8":"06010201","pid":"132362708"},"geometry":{"type":"MultiLineString","coordinates":[[[-85.03003,35.67578],[-85.03023,35.67539],[-85.02995,35.6749]]]}},{"type":"Feature","properties":{"kind":"minor-water","name":"Piney Creek","ftype":460,"lengthKm":0.38,"hu8":"06010201","pid":"132356701"},"geometry":{"type":"MultiLineString","coordinates":[[[-85.05047,35.61695],[-85.05079,35.61596],[-85.0501,35.6143],[-85.0505,35.61375]]]}},{"type":"Feature","properties":{"kind":"minor-water","name":"Bonine Creek","ftype":460,"lengthKm":1.15,"hu8":"06010201","pid":"132357249"},"geometry":{"type":"MultiLineString","coordinates":[[[-84.99628,35.57946],[-84.99721,35.58091],[-84.99773,35.58352],[-84.99879,35.58427],[-84.99926,35.58579],[-85.00018,35.58639],[-85.00078,35.58761],[-85.00187,35.58826]]]}},{"type":"Feature","properties":{"kind":"minor-water","name":"Lick Branch","ftype":558,"lengthKm":0.05,"hu8":"06010201","pid":"132365891"},"geometry":{"type":"MultiLineString","coordinates":[[[-85.04043,35.69666],[-85.04052,35.69624]]]}},{"type":"Feature","properties":{"kind":"minor-water","name":"Bonine Creek","ftype":460,"lengthKm":0.34,"hu8":"06010201","pid":"132357247"},"geometry":{"type":"MultiLineString","coordinates":[[[-85.00234,35.58966],[-85.00194,35.59052],[-85.00235,35.5914],[-85.00219,35.59263]]]}},{"type":"Feature","properties":{"kind":"minor-water","name":"Low Creek","ftype":460,"lengthKm":0.81,"hu8":"06010201","pid":"132357236"},"geometry":{"type":"MultiLineString","coordinates":[[[-85.04152,35.63135],[-85.0421,35.62965],[-85.04168,35.62766],[-85.04115,35.6268],[-85.04121,35.62599],[-85.0404,35.62441]]]}},{"type":"Feature","properties":{"kind":"minor-water","name":"Youngs Creek","ftype":460,"lengthKm":0.31,"hu8":"06010201","pid":"132357203"},"geometry":{"type":"MultiLineString","coordinates":[[[-85.00255,35.67518],[-85.00103,35.67402],[-85.00063,35.6741],[-85.00019,35.67344]]]}},{"type":"Feature","properties":{"kind":"minor-water","name":"Puncheon Camp Branch","ftype":460,"lengthKm":0.35,"hu8":"06010201","pid":"132357252"},"geometry":{"type":"MultiLineString","coordinates":[[[-85.01255,35.59667],[-85.0123,35.59718],[-85.011,35.59791],[-85.00945,35.59826]]]}},{"type":"Feature","properties":{"kind":"minor-water","name":"Puncheon Camp Branch","ftype":460,"lengthKm":0.56,"hu8":"06010201","pid":"132357251"},"geometry":{"type":"MultiLineString","coordinates":[[[-85.00945,35.59826],[-85.00755,35.5983],[-85.00685,35.59795],[-85.00667,35.59749],[-85.00615,35.5977],[-85.00544,35.59732],[-85.00402,35.59717]]]}},{"type":"Feature","properties":{"kind":"minor-water","name":"Bonine Creek","ftype":460,"lengthKm":0.46,"hu8":"06010201","pid":"132357245"},"geometry":{"type":"MultiLineString","coordinates":[[[-85.00402,35.59717],[-85.00435,35.59911],[-85.00376,35.59963],[-85.0039,35.60029],[-85.00356,35.60106]]]}},{"type":"Feature","properties":{"kind":"minor-water","name":"Moccasin Creek","ftype":460,"lengthKm":1.41,"hu8":"06010201","pid":"132356671"},"geometry":{"type":"MultiLineString","coordinates":[[[-85.00704,35.65443],[-85.00542,35.65384],[-85.00578,35.65317],[-85.00562,35.65283],[-85.00403,35.65308],[-85.00314,35.65194],[-85.00067,35.65232],[-84.9994,35.65124],[-84.9979,35.65069],[-84.99805,35.64991],[-84.99964,35.64869]]]}},{"type":"Feature","properties":{"kind":"minor-water","name":"Puncheon Camp Branch","ftype":460,"lengthKm":1.22,"hu8":"06010201","pid":"132357250"},"geometry":{"type":"MultiLineString","coordinates":[[[-85.0234,35.59899],[-85.02251,35.59756],[-85.02117,35.5967],[-85.02063,35.59582],[-85.01823,35.59509],[-85.01711,35.59515],[-85.01255,35.59667]]]}},{"type":"Feature","properties":{"kind":"minor-water","name":"Piney Creek","ftype":460,"lengthKm":0.36,"hu8":"06010201","pid":"132356700"},"geometry":{"type":"MultiLineString","coordinates":[[[-85.04797,35.62031],[-85.04819,35.61979],[-85.04936,35.61906],[-85.05004,35.61768]]]}},{"type":"Feature","properties":{"kind":"minor-water","name":"Moccasin Creek","ftype":460,"lengthKm":0.4,"hu8":"06010201","pid":"132356677"},"geometry":{"type":"MultiLineString","coordinates":[[[-85.03048,35.66668],[-85.03056,35.6659],[-85.02937,35.66523],[-85.02899,35.66445],[-85.02926,35.66372]]]}},{"type":"Feature","properties":{"kind":"minor-water","name":"Piney Creek","ftype":460,"lengthKm":0.2,"hu8":"06010201","pid":"132356706"},"geometry":{"type":"MultiLineString","coordinates":[[[-85.03387,35.60696],[-85.03276,35.60681],[-85.03208,35.60749]]]}},{"type":"Feature","properties":{"kind":"minor-water","name":"Piney Creek","ftype":460,"lengthKm":0.73,"hu8":"06010201","pid":"132356703"},"geometry":{"type":"MultiLineString","coordinates":[[[-85.03208,35.60749],[-85.03103,35.60746],[-85.02919,35.60897],[-85.02821,35.60912],[-85.02778,35.6099],[-85.02689,35.60995],[-85.02603,35.61091]]]}},{"type":"Feature","properties":{"kind":"minor-water","name":"Anderson Spring Branch","ftype":460,"lengthKm":0.31,"hu8":"06010201","pid":"132357241"},"geometry":{"type":"MultiLineString","coordinates":[[[-85.00757,35.61158],[-85.00688,35.6115],[-85.00624,35.61103],[-85.00577,35.61129],[-85.00445,35.61123]]]}},{"type":"Feature","properties":{"kind":"minor-water","name":"Walker Branch","ftype":460,"lengthKm":0.21,"hu8":"06010208","pid":"123934084"},"geometry":{"type":"MultiLineString","coordinates":[[[-85.09574,35.96619],[-85.09343,35.96665]]]}},{"type":"Feature","properties":{"kind":"minor-water","name":"Byrd Creek","ftype":558,"lengthKm":0.62,"hu8":"06010208","pid":"123934537"},"geometry":{"type":"MultiLineString","coordinates":[[[-85.04919,35.8923],[-85.04618,35.89289],[-85.04514,35.89335],[-85.0425,35.89356]]]}},{"type":"Feature","properties":{"kind":"minor-water","name":"Coon Hollow Branch","ftype":558,"lengthKm":0.13,"hu8":"06010208","pid":"123934587"},"geometry":{"type":"MultiLineString","coordinates":[[[-85.02183,35.90502],[-85.0205,35.90467]]]}},{"type":"Feature","properties":{"kind":"minor-water","name":"Clear Creek","ftype":460,"lengthKm":0.26,"hu8":"06010208","pid":"123933633"},"geometry":{"type":"MultiLineString","coordinates":[[[-85.07815,36.13829],[-85.07727,36.13862],[-85.07685,36.14018]]]}},{"type":"Feature","properties":{"kind":"minor-water","name":"Scale Creek","ftype":460,"lengthKm":0.25,"hu8":"06010208","pid":"123938276"},"geometry":{"type":"MultiLineString","coordinates":[[[-85.05438,36.09156],[-85.05457,36.09378]]]}},{"type":"Feature","properties":{"kind":"minor-water","name":"Potter Creek","ftype":460,"lengthKm":0.15,"hu8":"06010208","pid":"123933954"},"geometry":{"type":"MultiLineString","coordinates":[[[-85.00695,35.9949],[-85.00763,35.99615]]]}},{"type":"Feature","properties":{"kind":"minor-water","name":"Obed River","ftype":558,"lengthKm":0.85,"hu8":"06010208","pid":"123938634"},"geometry":{"type":"MultiLineString","coordinates":[[[-85.04027,36.00007],[-85.04055,36.00093],[-85.03989,36.00368],[-85.03939,36.0041],[-85.03547,36.00516]]]}},{"type":"Feature","properties":{"kind":"minor-water","name":"Wolfpen Branch","ftype":460,"lengthKm":0.15,"hu8":"06010208","pid":"123933984"},"geometry":{"type":"MultiLineString","coordinates":[[[-85.11337,35.98873],[-85.11205,35.98786]]]}},{"type":"Feature","properties":{"kind":"minor-water","name":"Apple Orchard Branch","ftype":460,"lengthKm":0.02,"hu8":"06010208","pid":"123941178"},"geometry":{"type":"MultiLineString","coordinates":[[[-85.0163,35.86641],[-85.01656,35.86645]]]}},{"type":"Feature","properties":{"kind":"minor-water","name":"Clear Creek","ftype":558,"lengthKm":0.06,"hu8":"06010208","pid":"123933671"},"geometry":{"type":"MultiLineString","coordinates":[[[-85.00029,36.15081],[-84.99995,36.15127]]]}},{"type":"Feature","properties":{"kind":"minor-water","name":"Clear Creek","ftype":460,"lengthKm":0.41,"hu8":"06010208","pid":"123933585"},"geometry":{"type":"MultiLineString","coordinates":[[[-85.04461,36.15318],[-85.04402,36.15356],[-85.0442,36.15466],[-85.04288,36.15636]]]}},{"type":"Feature","properties":{"kind":"minor-water","name":"Adams Creek","ftype":460,"lengthKm":0.31,"hu8":"06010208","pid":"123938261"},"geometry":{"type":"MultiLineString","coordinates":[[[-85.0194,36.09909],[-85.01975,36.09723],[-85.02027,36.09647]]]}},{"type":"Feature","properties":{"kind":"minor-water","name":"Scott Creek","ftype":460,"lengthKm":0.11,"hu8":"06010208","pid":"123938436"},"geometry":{"type":"MultiLineString","coordinates":[[[-85.05894,36.04205],[-85.05856,36.04109]]]}},{"type":"Feature","properties":{"kind":"minor-water","name":"Copeland Creek","ftype":460,"lengthKm":0.42,"hu8":"06010208","pid":"123938507"},"geometry":{"type":"MultiLineString","coordinates":[[[-85.10519,36.02472],[-85.10631,36.0243],[-85.10686,36.02358],[-85.10657,36.02301],[-85.1058,36.02253],[-85.10582,36.02204]]]}},{"type":"Feature","properties":{"kind":"minor-water","name":"Obed River","ftype":460,"lengthKm":0.31,"hu8":"06010208","pid":"123934236"},"geometry":{"type":"MultiLineString","coordinates":[[[-85.10041,35.92698],[-85.09926,35.92739],[-85.09875,35.9279],[-85.09732,35.92785]]]}},{"type":"Feature","properties":{"kind":"minor-water","name":"Onemile Creek","ftype":460,"lengthKm":0.13,"hu8":"06010208","pid":"123934243"},"geometry":{"type":"MultiLineString","coordinates":[[[-85.03946,35.92449],[-85.03799,35.92455]]]}},{"type":"Feature","properties":{"kind":"minor-water","name":"Clear Creek","ftype":460,"lengthKm":1.22,"hu8":"06010208","pid":"123932836"},"geometry":{"type":"MultiLineString","coordinates":[[[-85.16504,36.07137],[-85.16489,36.07175],[-85.16395,36.07157],[-85.16209,36.07269],[-85.16088,36.07273],[-85.16026,36.07337],[-85.15875,36.07356],[-85.15834,36.07497],[-85.15868,36.07586],[-85.15632,36.07751]]]}},{"type":"Feature","properties":{"kind":"minor-water","name":"No Business Creek","ftype":460,"lengthKm":0.71,"hu8":"06010208","pid":"123933610"},"geometry":{"type":"MultiLineString","coordinates":[[[-85.0119,36.14753],[-85.01124,36.14926],[-85.01062,36.14959],[-85.00828,36.14828],[-85.00719,36.14685]]]}},{"type":"Feature","properties":{"kind":"minor-water","name":"Patton Creek","ftype":460,"lengthKm":0.42,"hu8":"06010208","pid":"123938405"},"geometry":{"type":"MultiLineString","coordinates":[[[-85.03331,36.05602],[-85.0328,36.0554],[-85.03185,36.05548],[-85.03069,36.05516],[-85.03024,36.05391]]]}},{"type":"Feature","properties":{"kind":"minor-water","name":"Spiers Branch","ftype":460,"lengthKm":0.19,"hu8":"06010208","pid":"123934158"},"geometry":{"type":"MultiLineString","coordinates":[[[-85.04946,35.94626],[-85.04965,35.94662],[-85.04903,35.94786]]]}},{"type":"Feature","properties":{"kind":"minor-water","name":"Wilson Pen Branch","ftype":460,"lengthKm":0.43,"hu8":"06010208","pid":"123941187"},"geometry":{"type":"MultiLineString","coordinates":[[[-85.03131,35.86592],[-85.03112,35.8645],[-85.0316,35.86205]]]}},{"type":"Feature","properties":{"kind":"minor-water","name":"Coon Hollow Branch","ftype":460,"lengthKm":0.25,"hu8":"06010208","pid":"123934331"},"geometry":{"type":"MultiLineString","coordinates":[[[-85.01937,35.90407],[-85.01782,35.90351],[-85.01676,35.90349]]]}},{"type":"Feature","properties":{"kind":"minor-water","name":"Lick Creek","ftype":460,"lengthKm":0.55,"hu8":"06010208","pid":"123941310"},"geometry":{"type":"MultiLineString","coordinates":[[[-85.04573,35.82402],[-85.04413,35.8252],[-85.04074,35.8236]]]}},{"type":"Feature","properties":{"kind":"minor-water","name":"Copeland Creek","ftype":460,"lengthKm":0.47,"hu8":"06010208","pid":"123938523"},"geometry":{"type":"MultiLineString","coordinates":[[[-85.09837,36.00814],[-85.09616,36.00841],[-85.09508,36.00809],[-85.09445,36.00847],[-85.09337,36.00854]]]}},{"type":"Feature","properties":{"kind":"minor-water","name":"Coley Creek","ftype":460,"lengthKm":0.15,"hu8":"06010208","pid":"123938381"},"geometry":{"type":"MultiLineString","coordinates":[[[-85.07891,36.06331],[-85.0785,36.06202]]]}},{"type":"Feature","properties":{"kind":"minor-water","name":"Meadow Creek","ftype":460,"lengthKm":0.34,"hu8":"06010208","pid":"123934023"},"geometry":{"type":"MultiLineString","coordinates":[[[-85.08564,35.97707],[-85.08613,35.97875],[-85.08504,35.9798]]]}},{"type":"Feature","properties":{"kind":"minor-water","name":"Frost Branch","ftype":460,"lengthKm":0.6,"hu8":"06010208","pid":"123934034"},"geometry":{"type":"MultiLineString","coordinates":[[[-85.10817,35.97669],[-85.10673,35.9761],[-85.10175,35.9752]]]}},{"type":"Feature","properties":{"kind":"minor-water","name":"Coon Hollow Branch","ftype":460,"lengthKm":0.17,"hu8":"06010208","pid":"123934341"},"geometry":{"type":"MultiLineString","coordinates":[[[-85.01143,35.90227],[-85.00972,35.90166]]]}},{"type":"Feature","properties":{"kind":"minor-water","name":"Obed River","ftype":558,"lengthKm":0.7,"hu8":"06010208","pid":"123934717"},"geometry":{"type":"MultiLineString","coordinates":[[[-85.04551,35.99641],[-85.04065,35.9982],[-85.04021,35.99892],[-85.04027,36.00007]]]}},{"type":"Feature","properties":{"kind":"minor-water","name":"Copeland Creek","ftype":460,"lengthKm":0.57,"hu8":"06010208","pid":"123938473"},"geometry":{"type":"MultiLineString","coordinates":[[[-85.11141,36.03251],[-85.1103,36.03154],[-85.11049,36.03104],[-85.10794,36.03005],[-85.10781,36.02905]]]}},{"type":"Feature","properties":{"kind":"minor-water","name":"Clear Creek","ftype":460,"lengthKm":0.8,"hu8":"06010208","pid":"123933592"},"geometry":{"type":"MultiLineString","coordinates":[[[-85.05756,36.15266],[-85.05701,36.15333],[-85.05651,36.15342],[-85.05564,36.15155],[-85.05457,36.15106],[-85.0542,36.1512],[-85.05386,36.15224],[-85.05216,36.15305]]]}},{"type":"Feature","properties":{"kind":"minor-water","name":"Copeland Creek","ftype":460,"lengthKm":1.39,"hu8":"06010208","pid":"123938521"},"geometry":{"type":"MultiLineString","coordinates":[[[-85.0877,36.00885],[-85.08531,36.00939],[-85.08507,36.0097],[-85.08536,36.01004],[-85.0847,36.01086],[-85.0822,36.01152],[-85.07849,36.01042],[-85.07689,36.00911],[-85.07587,36.00779]]]}},{"type":"Feature","properties":{"kind":"minor-water","name":"Meadow Creek","ftype":460,"lengthKm":0.85,"hu8":"06010208","pid":"123933967"},"geometry":{"type":"MultiLineString","coordinates":[[[-85.062,35.99071],[-85.06077,35.99085],[-85.06004,35.99143],[-85.05869,35.99411],[-85.05853,35.99485],[-85.05889,35.99579],[-85.05791,35.99666]]]}},{"type":"Feature","properties":{"kind":"minor-water","name":"Panther Creek","ftype":460,"lengthKm":0.28,"hu8":"06010208","pid":"123932815"},"geometry":{"type":"MultiLineString","coordinates":[[[-85.13265,36.08308],[-85.13121,36.08345],[-85.13093,36.0847]]]}},{"type":"Feature","properties":{"kind":"minor-water","name":"No Business Creek","ftype":460,"lengthKm":0.27,"hu8":"06010208","pid":"123938223"},"geometry":{"type":"MultiLineString","coordinates":[[[-85.05132,36.10668],[-85.05124,36.10813],[-85.05013,36.10851]]]}},{"type":"Feature","properties":{"kind":"minor-water","name":"Threemile Creek","ftype":460,"lengthKm":0.3,"hu8":"06010208","pid":"123934288"},"geometry":{"type":"MultiLineString","coordinates":[[[-85.04556,35.91491],[-85.04482,35.91557],[-85.04288,35.91648]]]}},{"type":"Feature","properties":{"kind":"minor-water","name":"Spring Branch","ftype":558,"lengthKm":0.02,"hu8":"06010208","pid":"123934615"},"geometry":{"type":"MultiLineString","coordinates":[[[-85.06912,35.90717],[-85.06898,35.90736]]]}},{"type":"Feature","properties":{"kind":"minor-water","name":"Byrd Creek","ftype":460,"lengthKm":0.01,"hu8":"06010208","pid":"123934380"},"geometry":{"type":"MultiLineString","coordinates":[[[-85.01484,35.89343],[-85.01477,35.89352]]]}},{"type":"Feature","properties":{"kind":"minor-water","name":"Obed River","ftype":558,"lengthKm":0.17,"hu8":"06010208","pid":"123934670"},"geometry":{"type":"MultiLineString","coordinates":[[[-85.06818,35.94085],[-85.06776,35.94046],[-85.06762,35.93944]]]}},{"type":"Feature","properties":{"kind":"minor-water","name":"Clear Creek","ftype":460,"lengthKm":0.25,"hu8":"06010208","pid":"123933580"},"geometry":{"type":"MultiLineString","coordinates":[[[-85.04208,36.15713],[-85.04136,36.15926]]]}},{"type":"Feature","properties":{"kind":"minor-water","name":"Obed River","ftype":460,"lengthKm":0.24,"hu8":"06010208","pid":"123934035"},"geometry":{"type":"MultiLineString","coordinates":[[[-85.04893,35.97422],[-85.04667,35.97534]]]}},{"type":"Feature","properties":{"kind":"minor-water","name":"Gum Branch","ftype":460,"lengthKm":0.32,"hu8":"06010208","pid":"123932853"},"geometry":{"type":"MultiLineString","coordinates":[[[-85.17724,36.06058],[-85.17529,36.06131],[-85.17432,36.06215]]]}},{"type":"Feature","properties":{"kind":"minor-water","name":"Little Obed River","ftype":558,"lengthKm":0.46,"hu8":"06010208","pid":"123934704"},"geometry":{"type":"MultiLineString","coordinates":[[[-85.03946,35.976],[-85.04104,35.97628],[-85.04068,35.97711],[-85.04087,35.97756],[-85.04164,35.97736],[-85.04221,35.97672]]]}},{"type":"Feature","properties":{"kind":"minor-water","name":"Obed River","ftype":558,"lengthKm":0.25,"hu8":"06010208","pid":"123934631"},"geometry":{"type":"MultiLineString","coordinates":[[[-85.11364,35.91848],[-85.11096,35.91916]]]}},{"type":"Feature","properties":{"kind":"minor-water","name":"Walker Branch","ftype":460,"lengthKm":0.29,"hu8":"06010208","pid":"123934100"},"geometry":{"type":"MultiLineString","coordinates":[[[-85.11027,35.96403],[-85.10882,35.96291],[-85.10767,35.96261]]]}},{"type":"Feature","properties":{"kind":"minor-water","name":"Clear Creek","ftype":460,"lengthKm":0.48,"hu8":"06010208","pid":"123933598"},"geometry":{"type":"MultiLineString","coordinates":[[[-85.05216,36.15305],[-85.05098,36.15253],[-85.05061,36.15024],[-85.04992,36.14946]]]}},{"type":"Feature","properties":{"kind":"minor-water","name":"Meadow Creek","ftype":460,"lengthKm":0.72,"hu8":"06010208","pid":"123933996"},"geometry":{"type":"MultiLineString","coordinates":[[[-85.08003,35.98537],[-85.07888,35.98574],[-85.07646,35.98564],[-85.0753,35.98611],[-85.07458,35.98607],[-85.07356,35.98704],[-85.07276,35.98704]]]}},{"type":"Feature","properties":{"kind":"minor-water","name":"Middle Branch","ftype":460,"lengthKm":0.42,"hu8":"06010208","pid":"123933653"},"geometry":{"type":"MultiLineString","coordinates":[[[-85.07892,36.1305],[-85.08078,36.13326],[-85.08155,36.13312]]]}},{"type":"Feature","properties":{"kind":"minor-water","name":"Coon Hollow Branch","ftype":460,"lengthKm":0.9,"hu8":"06010208","pid":"123934349"},"geometry":{"type":"MultiLineString","coordinates":[[[-85.00897,35.90145],[-85.00688,35.90125],[-85.00349,35.89898],[-84.99995,35.89893]]]}},{"type":"Feature","properties":{"kind":"minor-water","name":"Byrd Creek","ftype":460,"lengthKm":0.47,"hu8":"06010208","pid":"123934385"},"geometry":{"type":"MultiLineString","coordinates":[[[-85.02993,35.89497],[-85.02791,35.89382],[-85.02521,35.89327]]]}},{"type":"Feature","properties":{"kind":"minor-water","name":"Drowning Creek","ftype":460,"lengthKm":0.23,"hu8":"06010208","pid":"123938438"},"geometry":{"type":"MultiLineString","coordinates":[[[-85.07758,36.04183],[-85.07687,36.04108],[-85.07755,36.04009]]]}},{"type":"Feature","properties":{"kind":"minor-water","name":"Obed River","ftype":558,"lengthKm":0.5,"hu8":"06010208","pid":"123938646"},"geometry":{"type":"MultiLineString","coordinates":[[[-85.02247,36.01707],[-85.02094,36.01711],[-85.0191,36.01763],[-85.01759,36.01883]]]}},{"type":"Feature","properties":{"kind":"minor-water","name":"Muddy Branch","ftype":460,"lengthKm":1.55,"hu8":"06010208","pid":"123941359"},"geometry":{"type":"MultiLineString","coordinates":[[[-85.04864,35.81207],[-85.04694,35.81343],[-85.04718,35.81431],[-85.04691,35.81515],[-85.04494,35.8166],[-85.04405,35.8176],[-85.04408,35.81846],[-85.04289,35.81926],[-85.04279,35.82019],[-85.04148,35.82291],[-85.04124,35.82314],[-85.04056,35.82307]]]}},{"type":"Feature","properties":{"kind":"minor-water","name":"Spiers Branch","ftype":460,"lengthKm":0.6,"hu8":"06010208","pid":"123934197"},"geometry":{"type":"MultiLineString","coordinates":[[[-85.05291,35.93665],[-85.05297,35.93749],[-85.05209,35.93798],[-85.05146,35.93922],[-85.04931,35.94073]]]}},{"type":"Feature","properties":{"kind":"minor-water","name":"Clear Creek","ftype":460,"lengthKm":0.22,"hu8":"06010208","pid":"123933565"},"geometry":{"type":"MultiLineString","coordinates":[[[-85.02426,36.16426],[-85.02322,36.16426],[-85.02274,36.16529]]]}},{"type":"Feature","properties":{"kind":"minor-water","name":"Panther Creek","ftype":558,"lengthKm":0.43,"hu8":"06010208","pid":"123932942"},"geometry":{"type":"MultiLineString","coordinates":[[[-85.13452,36.0685],[-85.13173,36.07001],[-85.13099,36.07097]]]}},{"type":"Feature","properties":{"kind":"minor-water","name":"Byrd Creek","ftype":460,"lengthKm":0.31,"hu8":"06010208","pid":"123934398"},"geometry":{"type":"MultiLineString","coordinates":[[[-85.01989,35.89096],[-85.01862,35.8918],[-85.01692,35.89213]]]}},{"type":"Feature","properties":{"kind":"minor-water","name":"Clear Creek","ftype":460,"lengthKm":0.55,"hu8":"06010208","pid":"123932826"},"geometry":{"type":"MultiLineString","coordinates":[[[-85.15632,36.07751],[-85.15616,36.07824],[-85.15812,36.07912],[-85.15777,36.08083],[-85.15729,36.0814]]]}},{"type":"Feature","properties":{"kind":"minor-water","name":"Clear Creek","ftype":460,"lengthKm":0.22,"hu8":"06010208","pid":"123933566"},"geometry":{"type":"MultiLineString","coordinates":[[[-85.03979,36.16413],[-85.04028,36.16492],[-85.0394,36.16579]]]}},{"type":"Feature","properties":{"kind":"minor-water","name":"No Business Creek","ftype":460,"lengthKm":0.22,"hu8":"06010208","pid":"123938195"},"geometry":{"type":"MultiLineString","coordinates":[[[-85.04127,36.11875],[-85.03986,36.11957],[-85.03963,36.12015]]]}},{"type":"Feature","properties":{"kind":"minor-water","name":"Daddys Creek","ftype":460,"lengthKm":0.77,"hu8":"06010208","pid":"123941409"},"geometry":{"type":"MultiLineString","coordinates":[[[-85.03863,35.7891],[-85.03952,35.79115],[-85.03937,35.79146],[-85.03811,35.79156],[-85.03796,35.79272],[-85.03847,35.79311],[-85.04012,35.79332],[-85.04018,35.79363]]]}},{"type":"Feature","properties":{"kind":"minor-water","name":"Little Obed River","ftype":558,"lengthKm":0.01,"hu8":"06010208","pid":"123934706"},"geometry":{"type":"MultiLineString","coordinates":[[[-85.04567,35.97896],[-85.04568,35.97909]]]}},{"type":"Feature","properties":{"kind":"minor-water","name":"Clear Creek","ftype":460,"lengthKm":0.5,"hu8":"06010208","pid":"123932806"},"geometry":{"type":"MultiLineString","coordinates":[[[-85.14132,36.09022],[-85.14068,36.08978],[-85.14116,36.08936],[-85.1412,36.08832],[-85.13996,36.08634]]]}},{"type":"Feature","properties":{"kind":"minor-water","name":"Rocky Branch","ftype":460,"lengthKm":0.36,"hu8":"06010208","pid":"123938549"},"geometry":{"type":"MultiLineString","coordinates":[[[-85.02168,36.001],[-85.02272,36.00178],[-85.02244,36.00285],[-85.02262,36.00356],[-85.02297,36.00368]]]}},{"type":"Feature","properties":{"kind":"minor-water","name":"Lick Creek","ftype":558,"lengthKm":0.13,"hu8":"06010208","pid":"123941519"},"geometry":{"type":"MultiLineString","coordinates":[[[-85.05556,35.82695],[-85.05417,35.82723]]]}},{"type":"Feature","properties":{"kind":"minor-water","name":"Walker Branch","ftype":460,"lengthKm":0.77,"hu8":"06010208","pid":"123934093"},"geometry":{"type":"MultiLineString","coordinates":[[[-85.10337,35.96322],[-85.10288,35.96367],[-85.10072,35.9643],[-85.09713,35.96594],[-85.09574,35.96619]]]}},{"type":"Feature","properties":{"kind":"minor-water","name":"Patton Creek","ftype":460,"lengthKm":1.66,"hu8":"06010208","pid":"123938411"},"geometry":{"type":"MultiLineString","coordinates":[[[-85.03024,36.05391],[-85.02981,36.0535],[-85.0293,36.05348],[-85.0292,36.05476],[-85.02819,36.05561],[-85.02739,36.05482],[-85.02661,36.05461],[-85.02641,36.05345],[-85.02478,36.052],[-85.02363,36.05174],[-85.02281,36.05209],[-85.02077,36.05069],[-85.01982,36.05036],[-85.01817,36.05069],[-85.01749,36.0505]]]}},{"type":"Feature","properties":{"kind":"minor-water","name":"Rocky Branch","ftype":558,"lengthKm":0.01,"hu8":"06010208","pid":"123938639"},"geometry":{"type":"MultiLineString","coordinates":[[[-85.03412,36.00848],[-85.03414,36.00857]]]}},{"type":"Feature","properties":{"kind":"minor-water","name":"No Business Creek","ftype":460,"lengthKm":0.82,"hu8":"06010208","pid":"123938272"},"geometry":{"type":"MultiLineString","coordinates":[[[-85.05457,36.09378],[-85.05343,36.09388],[-85.05245,36.09471],[-85.05131,36.09673],[-85.05007,36.09776],[-85.04984,36.09898],[-85.05007,36.09938]]]}},{"type":"Feature","properties":{"kind":"minor-water","name":"Lickfork Creek","ftype":460,"lengthKm":0.22,"hu8":"06010208","pid":"123938259"},"geometry":{"type":"MultiLineString","coordinates":[[[-85.08253,36.09779],[-85.083,36.09969]]]}},{"type":"Feature","properties":{"kind":"minor-water","name":"Clear Creek","ftype":460,"lengthKm":1.63,"hu8":"06010208","pid":"123933589"},"geometry":{"type":"MultiLineString","coordinates":[[[-85.01092,36.15969],[-85.00957,36.15858],[-85.00898,36.15737],[-85.00798,36.15672],[-85.00478,36.15663],[-85.00451,36.1559],[-85.00481,36.15351],[-85.00451,36.15302],[-85.00364,36.15236],[-85.00188,36.15234],[-85.00118,36.15129],[-85.00029,36.15081]]]}},{"type":"Feature","properties":{"kind":"minor-water","name":"Flatrock Branch","ftype":460,"lengthKm":0.87,"hu8":"06010208","pid":"123941251"},"geometry":{"type":"MultiLineString","coordinates":[[[-85.08742,35.84578],[-85.08519,35.84759],[-85.08403,35.84954],[-85.08282,35.8505],[-85.08223,35.85213]]]}},{"type":"Feature","properties":{"kind":"minor-water","name":"Clear Creek","ftype":460,"lengthKm":0.84,"hu8":"06010208","pid":"123932866"},"geometry":{"type":"MultiLineString","coordinates":[[[-85.17629,36.05627],[-85.17472,36.05681],[-85.17545,36.05909],[-85.17376,36.0602],[-85.1738,36.06153],[-85.17432,36.06215]]]}},{"type":"Feature","properties":{"kind":"minor-water","name":"Clear Creek","ftype":460,"lengthKm":0.65,"hu8":"06010208","pid":"123933628"},"geometry":{"type":"MultiLineString","coordinates":[[[-85.07685,36.14018],[-85.07635,36.14091],[-85.0756,36.14105],[-85.07297,36.13994],[-85.07113,36.14027],[-85.07066,36.14005]]]}},{"type":"Feature","properties":{"kind":"minor-water","name":"Spiers Branch","ftype":460,"lengthKm":0.13,"hu8":"06010208","pid":"123934252"},"geometry":{"type":"MultiLineString","coordinates":[[[-85.05135,35.92256],[-85.05079,35.92365]]]}},{"type":"Feature","properties":{"kind":"minor-water","name":"Drowning Creek","ftype":460,"lengthKm":0.85,"hu8":"06010208","pid":"123938435"},"geometry":{"type":"MultiLineString","coordinates":[[[-85.08243,36.04758],[-85.08097,36.04564],[-85.08097,36.04501],[-85.08052,36.04488],[-85.08081,36.04438],[-85.07884,36.04213],[-85.07758,36.04183]]]}},{"type":"Feature","properties":{"kind":"minor-water","name":"Daddys Creek","ftype":460,"lengthKm":1.09,"hu8":"06010208","pid":"123941388"},"geometry":{"type":"MultiLineString","coordinates":[[[-85.02708,35.80209],[-85.02418,35.80198],[-85.02347,35.8038],[-85.02469,35.80545],[-85.02474,35.80608],[-85.02109,35.8066]]]}},{"type":"Feature","properties":{"kind":"minor-water","name":"Slatestone Branch","ftype":460,"lengthKm":0.77,"hu8":"06010208","pid":"123938334"},"geometry":{"type":"MultiLineString","coordinates":[[[-85.06909,36.07931],[-85.06942,36.0801],[-85.06906,36.08048],[-85.0691,36.08204],[-85.06987,36.08281],[-85.06841,36.08402],[-85.06832,36.08542]]]}},{"type":"Feature","properties":{"kind":"minor-water","name":"Basses Creek","ftype":558,"lengthKm":0.31,"hu8":"06010208","pid":"123941461"},"geometry":{"type":"MultiLineString","coordinates":[[[-85.0784,35.87507],[-85.07631,35.87281]]]}},{"type":"Feature","properties":{"kind":"minor-water","name":"No Business Creek","ftype":460,"lengthKm":1.05,"hu8":"06010208","pid":"123938306"},"geometry":{"type":"MultiLineString","coordinates":[[[-85.09685,36.08703],[-85.09284,36.08861],[-85.09216,36.0895],[-85.09117,36.08997],[-85.08635,36.08979]]]}},{"type":"Feature","properties":{"kind":"minor-water","name":"Drowning Creek","ftype":460,"lengthKm":0.74,"hu8":"06010208","pid":"123938511"},"geometry":{"type":"MultiLineString","coordinates":[[[-85.0699,36.01533],[-85.06974,36.01338],[-85.06872,36.01204],[-85.06837,36.01097],[-85.0679,36.01088],[-85.06757,36.01037],[-85.06767,36.00929]]]}},{"type":"Feature","properties":{"kind":"minor-water","name":"Frost Branch","ftype":460,"lengthKm":0.38,"hu8":"06010208","pid":"123934038"},"geometry":{"type":"MultiLineString","coordinates":[[[-85.09854,35.9747],[-85.096,35.9751],[-85.09484,35.97512],[-85.09441,35.97487]]]}},{"type":"Feature","properties":{"kind":"minor-water","name":"Coley Creek","ftype":460,"lengthKm":0.53,"hu8":"06010208","pid":"123938391"},"geometry":{"type":"MultiLineString","coordinates":[[[-85.0785,36.06202],[-85.07982,36.06062],[-85.07984,36.05979],[-85.08237,36.059]]]}},{"type":"Feature","properties":{"kind":"minor-water","name":"Basses Creek","ftype":460,"lengthKm":0.07,"hu8":"06010208","pid":"123941201"},"geometry":{"type":"MultiLineString","coordinates":[[[-85.03962,35.85485],[-85.03922,35.8554]]]}},{"type":"Feature","properties":{"kind":"minor-water","name":"Wolfpen Branch","ftype":460,"lengthKm":0.54,"hu8":"06010208","pid":"123933973"},"geometry":{"type":"MultiLineString","coordinates":[[[-85.11282,35.99331],[-85.11395,35.99071],[-85.11397,35.98961],[-85.11337,35.98873]]]}},{"type":"Feature","properties":{"kind":"minor-water","name":"Burnt Cabin Branch","ftype":558,"lengthKm":0.23,"hu8":"06010208","pid":"123941485"},"geometry":{"type":"MultiLineString","coordinates":[[[-85.05944,35.78995],[-85.05955,35.79063],[-85.05804,35.79117]]]}},{"type":"Feature","properties":{"kind":"minor-water","name":"Byrd Creek","ftype":460,"lengthKm":0.14,"hu8":"06010208","pid":"123934378"},"geometry":{"type":"MultiLineString","coordinates":[[[-85.01477,35.89352],[-85.01329,35.89403]]]}},{"type":"Feature","properties":{"kind":"minor-water","name":"Daddys Creek","ftype":460,"lengthKm":0.58,"hu8":"06010208","pid":"123941434"},"geometry":{"type":"MultiLineString","coordinates":[[[-85.04639,35.77714],[-85.04699,35.7781],[-85.04561,35.77923],[-85.04515,35.78018],[-85.04524,35.78054],[-85.04636,35.78128]]]}},{"type":"Feature","properties":{"kind":"minor-water","name":"Obed River","ftype":558,"lengthKm":0.12,"hu8":"06010208","pid":"123934715"},"geometry":{"type":"MultiLineString","coordinates":[[[-85.04664,35.9958],[-85.04551,35.99641]]]}},{"type":"Feature","properties":{"kind":"minor-water","name":"Peters Branch","ftype":460,"lengthKm":0.05,"hu8":"06010208","pid":"123934225"},"geometry":{"type":"MultiLineString","coordinates":[[[-85.06548,35.9288],[-85.06599,35.92904]]]}},{"type":"Feature","properties":{"kind":"minor-water","name":"Adams Creek","ftype":460,"lengthKm":0.02,"hu8":"06010208","pid":"123938240"},"geometry":{"type":"MultiLineString","coordinates":[[[-85.01893,36.10216],[-85.01907,36.10198]]]}},{"type":"Feature","properties":{"kind":"minor-water","name":"No Business Creek","ftype":460,"lengthKm":0.26,"hu8":"06010208","pid":"123933606"},"geometry":{"type":"MultiLineString","coordinates":[[[-85.00479,36.14859],[-85.00392,36.14868],[-85.00206,36.14813]]]}},{"type":"Feature","properties":{"kind":"minor-water","name":"Obed River","ftype":460,"lengthKm":0.88,"hu8":"06010208","pid":"123934185"},"geometry":{"type":"MultiLineString","coordinates":[[[-85.07575,35.94013],[-85.0749,35.94085],[-85.07339,35.94097],[-85.0723,35.94185],[-85.07125,35.94181],[-85.07009,35.94058],[-85.06966,35.94065],[-85.06923,35.94131],[-85.06818,35.94085]]]}},{"type":"Feature","properties":{"kind":"minor-water","name":"Basses Creek","ftype":558,"lengthKm":1.13,"hu8":"06010208","pid":"123941553"},"geometry":{"type":"MultiLineString","coordinates":[[[-85.03818,35.85603],[-85.0355,35.85564],[-85.03569,35.85321],[-85.0349,35.85267],[-85.03199,35.85311],[-85.03003,35.8547]]]}},{"type":"Feature","properties":{"kind":"minor-water","name":"Copeland Creek","ftype":460,"lengthKm":0.65,"hu8":"06010208","pid":"123938527"},"geometry":{"type":"MultiLineString","coordinates":[[[-85.07587,36.00779],[-85.07464,36.00701],[-85.073,36.00695],[-85.06928,36.00826]]]}},{"type":"Feature","properties":{"kind":"minor-water","name":"Coon Hollow Branch","ftype":460,"lengthKm":0.09,"hu8":"06010208","pid":"123934327"},"geometry":{"type":"MultiLineString","coordinates":[[[-85.02311,35.90542],[-85.02247,35.90554],[-85.02217,35.90533]]]}},{"type":"Feature","properties":{"kind":"minor-water","name":"Adams Creek","ftype":558,"lengthKm":0.82,"hu8":"06010208","pid":"123938587"},"geometry":{"type":"MultiLineString","coordinates":[[[-85.02187,36.09502],[-85.02196,36.09243],[-85.0234,36.09066],[-85.02371,36.08804]]]}},{"type":"Feature","properties":{"kind":"minor-water","name":"Wilson Pen Branch","ftype":460,"lengthKm":1.2,"hu8":"06010208","pid":"123941183"},"geometry":{"type":"MultiLineString","coordinates":[[[-85.02861,35.87312],[-85.03058,35.87367],[-85.03158,35.87264],[-85.03311,35.87183],[-85.03302,35.86995],[-85.03244,35.86897],[-85.03249,35.86832],[-85.03154,35.86744],[-85.03131,35.86592]]]}},{"type":"Feature","properties":{"kind":"minor-water","name":"Clear Creek","ftype":460,"lengthKm":0.81,"hu8":"06010208","pid":"123933564"},"geometry":{"type":"MultiLineString","coordinates":[[[-85.02829,36.1703],[-85.02769,36.16974],[-85.02784,36.16872],[-85.02645,36.16718],[-85.02605,36.16544],[-85.02426,36.16426]]]}},{"type":"Feature","properties":{"kind":"minor-water","name":"Little Obed River","ftype":460,"lengthKm":0.62,"hu8":"06010208","pid":"123934030"},"geometry":{"type":"MultiLineString","coordinates":[[[-85.03469,35.97523],[-85.03602,35.9755],[-85.0372,35.97486],[-85.03743,35.97553],[-85.03642,35.97661],[-85.03704,35.97717],[-85.03763,35.9769]]]}},{"type":"Feature","properties":{"kind":"minor-water","name":"Onemile Creek","ftype":460,"lengthKm":1.12,"hu8":"06010208","pid":"123934211"},"geometry":{"type":"MultiLineString","coordinates":[[[-85.01134,35.93349],[-85.00946,35.93389],[-85.00839,35.9331],[-85.00726,35.933],[-85.00604,35.93341],[-85.00589,35.934],[-85.00463,35.93413],[-85.00433,35.93456],[-85.00103,35.93479],[-85.00066,35.93521]]]}},{"type":"Feature","properties":{"kind":"minor-water","name":"Obed River","ftype":460,"lengthKm":0.45,"hu8":"06010208","pid":"123934028"},"geometry":{"type":"MultiLineString","coordinates":[[[-85.04667,35.97534],[-85.04621,35.97624],[-85.04682,35.9778],[-85.0458,35.97895]]]}},{"type":"Feature","properties":{"kind":"minor-water","name":"Gum Branch","ftype":460,"lengthKm":0.57,"hu8":"06010208","pid":"123932867"},"geometry":{"type":"MultiLineString","coordinates":[[[-85.18634,36.05576],[-85.18367,36.05742],[-85.18301,36.05816],[-85.18297,36.05899],[-85.1824,36.0594]]]}},{"type":"Feature","properties":{"kind":"minor-water","name":"No Business Creek","ftype":460,"lengthKm":1.32,"hu8":"06010208","pid":"123938300"},"geometry":{"type":"MultiLineString","coordinates":[[[-85.08475,36.09046],[-85.0839,36.0904],[-85.08268,36.08924],[-85.08095,36.0884],[-85.07908,36.08866],[-85.07637,36.08847],[-85.07594,36.08884],[-85.07407,36.0882],[-85.07292,36.08879],[-85.07166,36.08894]]]}},{"type":"Feature","properties":{"kind":"minor-water","name":"Burnt Cabin Branch","ftype":460,"lengthKm":0.9,"hu8":"06010208","pid":"123941414"},"geometry":{"type":"MultiLineString","coordinates":[[[-85.06742,35.78704],[-85.06457,35.78731],[-85.06441,35.7879],[-85.06343,35.78793],[-85.06348,35.78886],[-85.06278,35.78919],[-85.06187,35.78857],[-85.06099,35.78938],[-85.06013,35.7891]]]}},{"type":"Feature","properties":{"kind":"minor-water","name":"No Business Creek","ftype":460,"lengthKm":0.33,"hu8":"06010208","pid":"123938215"},"geometry":{"type":"MultiLineString","coordinates":[[[-85.05013,36.10851],[-85.04839,36.10942],[-85.04762,36.11058]]]}},{"type":"Feature","properties":{"kind":"minor-water","name":"Clear Creek","ftype":460,"lengthKm":1.12,"hu8":"06010208","pid":"123932809"},"geometry":{"type":"MultiLineString","coordinates":[[[-85.13996,36.08634],[-85.13885,36.08578],[-85.13781,36.08664],[-85.13343,36.08736],[-85.13327,36.08515],[-85.13093,36.0847]]]}},{"type":"Feature","properties":{"kind":"minor-water","name":"Lick Creek","ftype":460,"lengthKm":0.92,"hu8":"06010208","pid":"123941357"},"geometry":{"type":"MultiLineString","coordinates":[[[-85.03067,35.81667],[-85.03019,35.817],[-85.02935,35.81698],[-85.02778,35.81657],[-85.02772,35.81597],[-85.02725,35.81586],[-85.02705,35.81608],[-85.02653,35.81583],[-85.0267,35.81532],[-85.02626,35.81523],[-85.02637,35.8149],[-85.02733,35.81458],[-85.02605,35.81296]]]}},{"type":"Feature","properties":{"kind":"minor-water","name":"Walker Branch","ftype":460,"lengthKm":0.4,"hu8":"06010208","pid":"123934099"},"geometry":{"type":"MultiLineString","coordinates":[[[-85.10767,35.96261],[-85.10462,35.96281],[-85.10337,35.96322]]]}},{"type":"Feature","properties":{"kind":"minor-water","name":"Potter Creek","ftype":460,"lengthKm":0.37,"hu8":"06010208","pid":"123933958"},"geometry":{"type":"MultiLineString","coordinates":[[[-85.00477,35.99218],[-85.00657,35.99477],[-85.00695,35.9949]]]}},{"type":"Feature","properties":{"kind":"minor-water","name":"Byrd Creek","ftype":460,"lengthKm":0.36,"hu8":"06010208","pid":"123934373"},"geometry":{"type":"MultiLineString","coordinates":[[[-85.01329,35.89403],[-85.01142,35.89399],[-85.01059,35.89498],[-85.00999,35.89522]]]}},{"type":"Feature","properties":{"kind":"minor-water","name":"Scott Creek","ftype":558,"lengthKm":0.05,"hu8":"06010208","pid":"123938606"},"geometry":{"type":"MultiLineString","coordinates":[[[-85.05856,36.04109],[-85.05814,36.04082]]]}},{"type":"Feature","properties":{"kind":"minor-water","name":"Spring Branch","ftype":558,"lengthKm":0.11,"hu8":"06010208","pid":"123934616"},"geometry":{"type":"MultiLineString","coordinates":[[[-85.06526,35.91145],[-85.06505,35.91241]]]}},{"type":"Feature","properties":{"kind":"minor-water","name":"Little Obed River","ftype":460,"lengthKm":0.44,"hu8":"06010208","pid":"123934021"},"geometry":{"type":"MultiLineString","coordinates":[[[-85.04221,35.97672],[-85.04302,35.97674],[-85.04399,35.9775],[-85.04406,35.97824],[-85.04567,35.97896]]]}},{"type":"Feature","properties":{"kind":"minor-water","name":"Adams Creek","ftype":460,"lengthKm":1.2,"hu8":"06010208","pid":"123938338"},"geometry":{"type":"MultiLineString","coordinates":[[[-85.02501,36.08272],[-85.02476,36.08109],[-85.02568,36.08051],[-85.02522,36.07927],[-85.02602,36.07858],[-85.02616,36.07802],[-85.02548,36.07625],[-85.02777,36.07541],[-85.02645,36.07439]]]}},{"type":"Feature","properties":{"kind":"minor-water","name":"Martin Creek","ftype":460,"lengthKm":1.35,"hu8":"06010208","pid":"123934177"},"geometry":{"type":"MultiLineString","coordinates":[[[-85.09365,35.94171],[-85.0929,35.94311],[-85.09201,35.94389],[-85.085,35.94712],[-85.08135,35.94652]]]}},{"type":"Feature","properties":{"kind":"minor-water","name":"Clear Creek","ftype":460,"lengthKm":0.27,"hu8":"06010208","pid":"123932841"},"geometry":{"type":"MultiLineString","coordinates":[[[-85.16531,36.06905],[-85.16544,36.07076],[-85.16504,36.07137]]]}},{"type":"Feature","properties":{"kind":"minor-water","name":"Byrd Creek","ftype":558,"lengthKm":0.73,"hu8":"06010208","pid":"123934577"},"geometry":{"type":"MultiLineString","coordinates":[[[-85.00877,35.895],[-85.00718,35.89497],[-85.00553,35.89558],[-85.00347,35.89525],[-85.00332,35.89681],[-85.00277,35.89704]]]}},{"type":"Feature","properties":{"kind":"minor-water","name":"Wolfpen Branch","ftype":460,"lengthKm":0.21,"hu8":"06010208","pid":"123933977"},"geometry":{"type":"MultiLineString","coordinates":[[[-85.0908,35.9881],[-85.08852,35.98811]]]}},{"type":"Feature","properties":{"kind":"minor-water","name":"Patton Creek","ftype":460,"lengthKm":0.77,"hu8":"06010208","pid":"123938394"},"geometry":{"type":"MultiLineString","coordinates":[[[-85.0555,36.05794],[-85.05404,36.0589],[-85.05351,36.06047],[-85.05098,36.06365]]]}},{"type":"Feature","properties":{"kind":"minor-water","name":"Long Branch","ftype":460,"lengthKm":1.59,"hu8":"06010208","pid":"123941331"},"geometry":{"type":"MultiLineString","coordinates":[[[-85.0275,35.8313],[-85.0286,35.83109],[-85.02929,35.83046],[-85.02926,35.829],[-85.03008,35.82874],[-85.03038,35.82803],[-85.03104,35.82792],[-85.03098,35.82717],[-85.0316,35.82647],[-85.03254,35.82399],[-85.03374,35.82274],[-85.03503,35.82254],[-85.03603,35.8205]]]}},{"type":"Feature","properties":{"kind":"minor-water","name":"Threemile Creek","ftype":460,"lengthKm":0.53,"hu8":"06010208","pid":"123934284"},"geometry":{"type":"MultiLineString","coordinates":[[[-85.04288,35.91648],[-85.03862,35.91576],[-85.03718,35.91609]]]}},{"type":"Feature","properties":{"kind":"minor-water","name":"Clear Creek","ftype":460,"lengthKm":0.61,"hu8":"06010208","pid":"123933652"},"geometry":{"type":"MultiLineString","coordinates":[[[-85.08748,36.13338],[-85.08425,36.13292],[-85.083,36.13216],[-85.08185,36.13261],[-85.08155,36.13312]]]}},{"type":"Feature","properties":{"kind":"minor-water","name":"Obed River","ftype":460,"lengthKm":0.78,"hu8":"06010208","pid":"123934141"},"geometry":{"type":"MultiLineString","coordinates":[[[-85.04868,35.95235],[-85.04859,35.95285],[-85.05028,35.95433],[-85.04978,35.95665],[-85.05099,35.95854]]]}},{"type":"Feature","properties":{"kind":"minor-water","name":"Obed River","ftype":460,"lengthKm":1.71,"hu8":"06010208","pid":"123934235"},"geometry":{"type":"MultiLineString","coordinates":[[[-85.08937,35.92853],[-85.08885,35.92828],[-85.08811,35.92693],[-85.08626,35.9281],[-85.08606,35.92946],[-85.08527,35.9305],[-85.08579,35.9318],[-85.08451,35.93273],[-85.08404,35.93264],[-85.08311,35.93154],[-85.08144,35.93186],[-85.08053,35.93111],[-85.0793,35.93168],[-85.07826,35.9317]]]}},{"type":"Feature","properties":{"kind":"minor-water","name":"Adams Creek","ftype":460,"lengthKm":0.07,"hu8":"06010208","pid":"123938263"},"geometry":{"type":"MultiLineString","coordinates":[[[-85.02027,36.09647],[-85.02092,36.09617]]]}},{"type":"Feature","properties":{"kind":"minor-water","name":"Lickfork Creek","ftype":558,"lengthKm":0.04,"hu8":"06010208","pid":"123938566"},"geometry":{"type":"MultiLineString","coordinates":[[[-85.083,36.09969],[-85.08306,36.10002]]]}},{"type":"Feature","properties":{"kind":"minor-water","name":"Slatestone Branch","ftype":460,"lengthKm":0.49,"hu8":"06010208","pid":"123938314"},"geometry":{"type":"MultiLineString","coordinates":[[[-85.06832,36.08542],[-85.06753,36.08689],[-85.0681,36.0881],[-85.06741,36.08952]]]}},{"type":"Feature","properties":{"kind":"minor-water","name":"Coley Creek","ftype":460,"lengthKm":0.55,"hu8":"06010208","pid":"123938379"},"geometry":{"type":"MultiLineString","coordinates":[[[-85.08386,36.06556],[-85.08254,36.06524],[-85.08223,36.06451],[-85.08058,36.06428],[-85.07891,36.06331]]]}},{"type":"Feature","properties":{"kind":"minor-water","name":"Panther Creek","ftype":460,"lengthKm":0.66,"hu8":"06010208","pid":"123932831"},"geometry":{"type":"MultiLineString","coordinates":[[[-85.13087,36.07218],[-85.13028,36.07348],[-85.13251,36.07534],[-85.13269,36.07616],[-85.13211,36.07715]]]}},{"type":"Feature","properties":{"kind":"minor-water","name":"Basses Creek","ftype":460,"lengthKm":0.73,"hu8":"06010208","pid":"123934438"},"geometry":{"type":"MultiLineString","coordinates":[[[-85.09028,35.87827],[-85.08977,35.8777],[-85.08871,35.87753],[-85.08785,35.87668],[-85.08638,35.8765],[-85.08605,35.87578],[-85.0838,35.87627]]]}},{"type":"Feature","properties":{"kind":"minor-water","name":"Obed River","ftype":460,"lengthKm":1.99,"hu8":"06010208","pid":"123934097"},"geometry":{"type":"MultiLineString","coordinates":[[[-85.05519,35.96242],[-85.05654,35.96457],[-85.05728,35.96499],[-85.05694,35.96556],[-85.05588,35.9659],[-85.05656,35.96883],[-85.05525,35.97081],[-85.05514,35.97278],[-85.05247,35.97368],[-85.05162,35.97476],[-85.05037,35.97413],[-85.04893,35.97422]]]}},{"type":"Feature","properties":{"kind":"minor-water","name":"Owens Branch","ftype":460,"lengthKm":1.86,"hu8":"06010208","pid":"123938506"},"geometry":{"type":"MultiLineString","coordinates":[[[-85.09327,36.0272],[-85.09367,36.02649],[-85.09363,36.02259],[-85.09471,36.02087],[-85.09414,36.01932],[-85.09494,36.01837],[-85.09526,36.0165],[-85.09617,36.0151],[-85.09834,36.01421],[-85.09887,36.01362],[-85.09942,36.0135],[-85.09971,36.0128]]]}},{"type":"Feature","properties":{"kind":"minor-water","name":"Stillhouse Creek","ftype":460,"lengthKm":0.34,"hu8":"06010208","pid":"123934400"},"geometry":{"type":"MultiLineString","coordinates":[[[-85.03361,35.89108],[-85.03401,35.89194],[-85.03303,35.89393]]]}},{"type":"Feature","properties":{"kind":"minor-water","name":"Basses Creek","ftype":460,"lengthKm":0.16,"hu8":"06010208","pid":"123941225"},"geometry":{"type":"MultiLineString","coordinates":[[[-85.05624,35.8522],[-85.05538,35.8509]]]}},{"type":"Feature","properties":{"kind":"minor-water","name":"Potter Creek","ftype":558,"lengthKm":0.09,"hu8":"06010208","pid":"123934691"},"geometry":{"type":"MultiLineString","coordinates":[[[-84.99996,35.98953],[-85.00074,35.9901]]]}},{"type":"Feature","properties":{"kind":"minor-water","name":"No Business Creek","ftype":460,"lengthKm":0.95,"hu8":"06010208","pid":"123938249"},"geometry":{"type":"MultiLineString","coordinates":[[[-85.05007,36.09938],[-85.05046,36.09957],[-85.05087,36.10138],[-85.05005,36.10279],[-85.05033,36.10334],[-85.04947,36.10413],[-85.05007,36.10551],[-85.05111,36.10598],[-85.05132,36.10668]]]}},{"type":"Feature","properties":{"kind":"minor-water","name":"Spring Branch","ftype":460,"lengthKm":0.03,"hu8":"06010208","pid":"123934295"},"geometry":{"type":"MultiLineString","coordinates":[[[-85.06376,35.91397],[-85.06386,35.9142]]]}},{"type":"Feature","properties":{"kind":"minor-water","name":"Scott Creek","ftype":460,"lengthKm":1.88,"hu8":"06010208","pid":"123938431"},"geometry":{"type":"MultiLineString","coordinates":[[[-85.06623,36.05607],[-85.06625,36.05343],[-85.06681,36.05266],[-85.06655,36.05189],[-85.06601,36.05149],[-85.0663,36.05042],[-85.06562,36.04983],[-85.06542,36.04884],[-85.06441,36.04772],[-85.0636,36.04714],[-85.06239,36.04699],[-85.06185,36.04661],[-85.06046,36.04392],[-85.05949,36.0432],[-85.05894,36.04205]]]}},{"type":"Feature","properties":{"kind":"minor-water","name":"Clear Creek","ftype":460,"lengthKm":0.21,"hu8":"06010208","pid":"123932817"},"geometry":{"type":"MultiLineString","coordinates":[[[-85.15841,36.08344],[-85.15686,36.08482]]]}},{"type":"Feature","properties":{"kind":"minor-water","name":"Obed River","ftype":558,"lengthKm":0.46,"hu8":"06010208","pid":"123934673"},"geometry":{"type":"MultiLineString","coordinates":[[[-85.06805,35.9492],[-85.0684,35.9507],[-85.0682,35.95193],[-85.06723,35.95307]]]}},{"type":"Feature","properties":{"kind":"minor-water","name":"Apple Orchard Branch","ftype":460,"lengthKm":1.31,"hu8":"06010208","pid":"123941179"},"geometry":{"type":"MultiLineString","coordinates":[[[-85.00465,35.8708],[-85.0055,35.86894],[-85.00768,35.86806],[-85.00867,35.86699],[-85.01049,35.86741],[-85.01188,35.86678],[-85.01259,35.86697],[-85.0163,35.86641]]]}},{"type":"Feature","properties":{"kind":"minor-water","name":"Clear Creek","ftype":460,"lengthKm":0.25,"hu8":"06010208","pid":"123932821"},"geometry":{"type":"MultiLineString","coordinates":[[[-85.15729,36.0814],[-85.15841,36.08344]]]}},{"type":"Feature","properties":{"kind":"minor-water","name":"Lickfork Creek","ftype":460,"lengthKm":0.36,"hu8":"06010208","pid":"123938224"},"geometry":{"type":"MultiLineString","coordinates":[[[-85.05508,36.10712],[-85.05388,36.10702],[-85.05273,36.10652],[-85.05194,36.1068],[-85.05132,36.10668]]]}},{"type":"Feature","properties":{"kind":"minor-water","name":"Clear Creek","ftype":460,"lengthKm":0.86,"hu8":"06010208","pid":"123933621"},"geometry":{"type":"MultiLineString","coordinates":[[[-85.06651,36.14283],[-85.06585,36.14414],[-85.06693,36.14538],[-85.06711,36.14672],[-85.06549,36.14816],[-85.06503,36.14959]]]}},{"type":"Feature","properties":{"kind":"minor-water","name":"No Business Creek","ftype":460,"lengthKm":0.57,"hu8":"06010208","pid":"123938292"},"geometry":{"type":"MultiLineString","coordinates":[[[-85.06741,36.08952],[-85.06517,36.08964],[-85.06427,36.09013],[-85.06377,36.08988],[-85.06238,36.09144]]]}},{"type":"Feature","properties":{"kind":"minor-water","name":"Frost Branch","ftype":460,"lengthKm":0.66,"hu8":"06010208","pid":"123934048"},"geometry":{"type":"MultiLineString","coordinates":[[[-85.09441,35.97487],[-85.09243,35.97443],[-85.09131,35.97377],[-85.0892,35.97344],[-85.08867,35.97311],[-85.08862,35.97262],[-85.08815,35.97256]]]}},{"type":"Feature","properties":{"kind":"minor-water","name":"Clear Creek","ftype":460,"lengthKm":0.21,"hu8":"06010208","pid":"123932801"},"geometry":{"type":"MultiLineString","coordinates":[[[-85.14968,36.0906],[-85.1483,36.09207]]]}},{"type":"Feature","properties":{"kind":"minor-water","name":"Coon Hollow Branch","ftype":460,"lengthKm":0.3,"hu8":"06010208","pid":"123934333"},"geometry":{"type":"MultiLineString","coordinates":[[[-85.01676,35.90349],[-85.0134,35.90336]]]}},{"type":"Feature","properties":{"kind":"minor-water","name":"Wolfpen Branch","ftype":460,"lengthKm":0.61,"hu8":"06010208","pid":"123933997"},"geometry":{"type":"MultiLineString","coordinates":[[[-85.08448,35.98784],[-85.08381,35.98738],[-85.08301,35.98729],[-85.08182,35.98774],[-85.08167,35.9866],[-85.08036,35.98597],[-85.08003,35.98537]]]}},{"type":"Feature","properties":{"kind":"minor-water","name":"Gould Creek","ftype":460,"lengthKm":0.47,"hu8":"06010208","pid":"123938483"},"geometry":{"type":"MultiLineString","coordinates":[[[-85.04559,36.02626],[-85.04485,36.02619],[-85.04289,36.02674],[-85.04053,36.02661]]]}},{"type":"Feature","properties":{"kind":"minor-water","name":"No Business Creek","ftype":460,"lengthKm":0.79,"hu8":"06010208","pid":"123938278"},"geometry":{"type":"MultiLineString","coordinates":[[[-85.06238,36.09144],[-85.05902,36.09287],[-85.05743,36.09286],[-85.05669,36.09255],[-85.05457,36.09378]]]}},{"type":"Feature","properties":{"kind":"minor-water","name":"Obed River","ftype":460,"lengthKm":0.43,"hu8":"06010208","pid":"123934142"},"geometry":{"type":"MultiLineString","coordinates":[[[-85.05267,35.9541],[-85.05209,35.95325],[-85.04868,35.95235]]]}},{"type":"Feature","properties":{"kind":"minor-water","name":"Adams Creek","ftype":460,"lengthKm":1.27,"hu8":"06010208","pid":"123938348"},"geometry":{"type":"MultiLineString","coordinates":[[[-85.02645,36.07439],[-85.026,36.07503],[-85.02514,36.07446],[-85.02347,36.07455],[-85.02288,36.07387],[-85.01924,36.07456],[-85.0177,36.0732],[-85.01608,36.07348],[-85.01471,36.07268]]]}},{"type":"Feature","properties":{"kind":"minor-water","name":"Obed River","ftype":558,"lengthKm":2.04,"hu8":"06010208","pid":"123938650"},"geometry":{"type":"MultiLineString","coordinates":[[[-85.01692,36.0193],[-85.01577,36.02052],[-85.01499,36.02247],[-85.01582,36.025],[-85.01422,36.02558],[-85.01119,36.02546],[-85.01034,36.02623],[-85.01043,36.02725],[-85.01117,36.02881],[-85.01316,36.02965],[-85.01517,36.03145],[-85.0152,36.03178]]]}},{"type":"Feature","properties":{"kind":"minor-water","name":"Burnt Cabin Branch","ftype":460,"lengthKm":0.62,"hu8":"06010208","pid":"123941408"},"geometry":{"type":"MultiLineString","coordinates":[[[-85.05804,35.79117],[-85.05787,35.79201],[-85.0572,35.79169],[-85.05611,35.79178],[-85.05577,35.7924],[-85.05498,35.79277],[-85.05406,35.79437]]]}},{"type":"Feature","properties":{"kind":"minor-water","name":"Coley Creek","ftype":460,"lengthKm":0.29,"hu8":"06010208","pid":"123938371"},"geometry":{"type":"MultiLineString","coordinates":[[[-85.08975,36.06952],[-85.08909,36.06943],[-85.08869,36.06812],[-85.08785,36.06804]]]}},{"type":"Feature","properties":{"kind":"minor-water","name":"Little Obed River","ftype":460,"lengthKm":0.8,"hu8":"06010208","pid":"123934055"},"geometry":{"type":"MultiLineString","coordinates":[[[-85.01569,35.96994],[-85.01634,35.97094],[-85.01707,35.97098],[-85.01763,35.97137],[-85.0195,35.97098],[-85.02026,35.97113],[-85.02301,35.97261]]]}},{"type":"Feature","properties":{"kind":"minor-water","name":"Spiers Branch","ftype":558,"lengthKm":0.07,"hu8":"06010208","pid":"123934626"},"geometry":{"type":"MultiLineString","coordinates":[[[-85.04937,35.92485],[-85.04923,35.92551]]]}},{"type":"Feature","properties":{"kind":"minor-water","name":"Lick Creek","ftype":460,"lengthKm":0.27,"hu8":"06010208","pid":"123941296"},"geometry":{"type":"MultiLineString","coordinates":[[[-85.05417,35.82723],[-85.05363,35.82798],[-85.05175,35.82818]]]}},{"type":"Feature","properties":{"kind":"minor-water","name":"Burnt Cabin Branch","ftype":460,"lengthKm":0.72,"hu8":"06010208","pid":"123941395"},"geometry":{"type":"MultiLineString","coordinates":[[[-85.0501,35.79824],[-85.04841,35.79838],[-85.04734,35.79782],[-85.04537,35.79742],[-85.04458,35.79845],[-85.04314,35.79859]]]}},{"type":"Feature","properties":{"kind":"minor-water","name":"Burnt Cabin Branch","ftype":460,"lengthKm":0.12,"hu8":"06010208","pid":"123941413"},"geometry":{"type":"MultiLineString","coordinates":[[[-85.06833,35.78769],[-85.06758,35.78744],[-85.06742,35.78704]]]}},{"type":"Feature","properties":{"kind":"minor-water","name":"Scott Creek","ftype":460,"lengthKm":0.21,"hu8":"06010208","pid":"123938452"},"geometry":{"type":"MultiLineString","coordinates":[[[-85.04963,36.03731],[-85.04839,36.03805],[-85.04785,36.03763]]]}},{"type":"Feature","properties":{"kind":"minor-water","name":"Onemile Creek","ftype":558,"lengthKm":0.36,"hu8":"06010208","pid":"123934611"},"geometry":{"type":"MultiLineString","coordinates":[[[-85.03431,35.92513],[-85.03183,35.92762]]]}},{"type":"Feature","properties":{"kind":"minor-water","name":"Meadow Creek","ftype":460,"lengthKm":0.1,"hu8":"06010208","pid":"123934025"},"geometry":{"type":"MultiLineString","coordinates":[[[-85.08549,35.97634],[-85.08588,35.97679],[-85.08564,35.97707]]]}},{"type":"Feature","properties":{"kind":"minor-water","name":"Panther Creek","ftype":460,"lengthKm":0.13,"hu8":"06010208","pid":"123932834"},"geometry":{"type":"MultiLineString","coordinates":[[[-85.13099,36.07097],[-85.13087,36.07218]]]}},{"type":"Feature","properties":{"kind":"minor-water","name":"Little Obed River","ftype":460,"lengthKm":0.61,"hu8":"06010208","pid":"123934031"},"geometry":{"type":"MultiLineString","coordinates":[[[-85.02926,35.9743],[-85.03027,35.97562],[-85.03149,35.97589],[-85.03234,35.97594],[-85.03304,35.97543],[-85.0342,35.97558],[-85.03469,35.97523]]]}},{"type":"Feature","properties":{"kind":"minor-water","name":"Panther Creek","ftype":460,"lengthKm":1.09,"hu8":"06010208","pid":"123932869"},"geometry":{"type":"MultiLineString","coordinates":[[[-85.15858,36.05287],[-85.1577,36.05337],[-85.15765,36.0541],[-85.15602,36.05621],[-85.1538,36.05681],[-85.15287,36.05832],[-85.15055,36.05723]]]}},{"type":"Feature","properties":{"kind":"minor-water","name":"Spiers Branch","ftype":460,"lengthKm":0.2,"hu8":"06010208","pid":"123934261"},"geometry":{"type":"MultiLineString","coordinates":[[[-85.05258,35.91992],[-85.05288,35.92072],[-85.0522,35.92153]]]}},{"type":"Feature","properties":{"kind":"minor-water","name":"Copeland Creek","ftype":460,"lengthKm":0.18,"hu8":"06010208","pid":"123938517"},"geometry":{"type":"MultiLineString","coordinates":[[[-85.06928,36.00826],[-85.06767,36.00929]]]}},{"type":"Feature","properties":{"kind":"minor-water","name":"Obed River","ftype":460,"lengthKm":0.34,"hu8":"06010208","pid":"123934229"},"geometry":{"type":"MultiLineString","coordinates":[[[-85.09297,35.928],[-85.09146,35.92817],[-85.09073,35.9286],[-85.08937,35.92853]]]}},{"type":"Feature","properties":{"kind":"minor-water","name":"Lickfork Creek","ftype":460,"lengthKm":0.38,"hu8":"06010208","pid":"123938241"},"geometry":{"type":"MultiLineString","coordinates":[[[-85.07988,36.10229],[-85.07867,36.10389],[-85.07678,36.1043]]]}},{"type":"Feature","properties":{"kind":"minor-water","name":"Scott Creek","ftype":558,"lengthKm":0.32,"hu8":"06010208","pid":"123938608"},"geometry":{"type":"MultiLineString","coordinates":[[[-85.05814,36.04082],[-85.05719,36.04029],[-85.05646,36.0384]]]}},{"type":"Feature","properties":{"kind":"minor-water","name":"Lickfork Creek","ftype":460,"lengthKm":0.35,"hu8":"06010208","pid":"123938238"},"geometry":{"type":"MultiLineString","coordinates":[[[-85.07678,36.1043],[-85.07617,36.10462],[-85.0756,36.10439],[-85.07493,36.1049],[-85.07462,36.10456],[-85.07349,36.10452]]]}},{"type":"Feature","properties":{"kind":"minor-water","name":"No Business Creek","ftype":460,"lengthKm":0.29,"hu8":"06010208","pid":"123933605"},"geometry":{"type":"MultiLineString","coordinates":[[[-85.00206,36.14813],[-85.00061,36.14838],[-85.00014,36.14971]]]}},{"type":"Feature","properties":{"kind":"minor-water","name":"Slatestone Branch","ftype":460,"lengthKm":1.35,"hu8":"06010208","pid":"123938360"},"geometry":{"type":"MultiLineString","coordinates":[[[-85.07101,36.06967],[-85.0734,36.07172],[-85.07432,36.07323],[-85.0725,36.07608],[-85.07147,36.0769],[-85.07067,36.07859],[-85.06909,36.07931]]]}},{"type":"Feature","properties":{"kind":"minor-water","name":"Scott Creek","ftype":460,"lengthKm":0.05,"hu8":"06010208","pid":"123938442"},"geometry":{"type":"MultiLineString","coordinates":[[[-85.05646,36.0384],[-85.05589,36.03835]]]}},{"type":"Feature","properties":{"kind":"minor-water","name":"Muddy Branch","ftype":460,"lengthKm":0.63,"hu8":"06010208","pid":"123941377"},"geometry":{"type":"MultiLineString","coordinates":[[[-85.04828,35.80674],[-85.0487,35.80714],[-85.04857,35.80886],[-85.04917,35.81027],[-85.04906,35.81162],[-85.04864,35.81207]]]}},{"type":"Feature","properties":{"kind":"minor-water","name":"Coley Creek","ftype":558,"lengthKm":0.11,"hu8":"06010208","pid":"123938619"},"geometry":{"type":"MultiLineString","coordinates":[[[-85.08785,36.06804],[-85.08665,36.06783]]]}},{"type":"Feature","properties":{"kind":"minor-water","name":"Frost Branch","ftype":460,"lengthKm":0.29,"hu8":"06010208","pid":"123934040"},"geometry":{"type":"MultiLineString","coordinates":[[[-85.10175,35.9752],[-85.09854,35.9747]]]}},{"type":"Feature","properties":{"kind":"minor-water","name":"Daddys Creek","ftype":460,"lengthKm":2.31,"hu8":"06010208","pid":"123941447"},"geometry":{"type":"MultiLineString","coordinates":[[[-85.06252,35.77647],[-85.06196,35.77651],[-85.0611,35.77578],[-85.05917,35.7759],[-85.05907,35.77483],[-85.05842,35.77367],[-85.05745,35.77358],[-85.05658,35.77305],[-85.05525,35.77303],[-85.0533,35.77213],[-85.05218,35.77242],[-85.0521,35.77269],[-85.05147,35.77267],[-85.05029,35.77152],[-85.0483,35.77232],[-85.04765,35.77324],[-85.04609,35.77425],[-85.04624,35.77503],[-85.04576,35.77564],[-85.04639,35.77714]]]}},{"type":"Feature","properties":{"kind":"minor-water","name":"Obed River","ftype":558,"lengthKm":1.16,"hu8":"06010208","pid":"123934709"},"geometry":{"type":"MultiLineString","coordinates":[[[-85.04197,35.98276],[-85.04259,35.98417],[-85.04413,35.98459],[-85.04574,35.9843],[-85.04791,35.98622],[-85.04754,35.98704],[-85.04469,35.98769],[-85.04436,35.98806]]]}},{"type":"Feature","properties":{"kind":"minor-water","name":"Clear Creek","ftype":460,"lengthKm":0.11,"hu8":"06010208","pid":"123933582"},"geometry":{"type":"MultiLineString","coordinates":[[[-85.04288,36.15636],[-85.04208,36.15713]]]}},{"type":"Feature","properties":{"kind":"minor-water","name":"Daddys Creek","ftype":460,"lengthKm":0.42,"hu8":"06010208","pid":"123941415"},"geometry":{"type":"MultiLineString","coordinates":[[[-85.04154,35.78641],[-85.04118,35.78727],[-85.03995,35.78858],[-85.03863,35.7891]]]}},{"type":"Feature","properties":{"kind":"minor-water","name":"Basses Creek","ftype":460,"lengthKm":1.71,"hu8":"06010208","pid":"123941216"},"geometry":{"type":"MultiLineString","coordinates":[[[-85.06779,35.86035],[-85.06726,35.85896],[-85.06773,35.85755],[-85.0674,35.85693],[-85.0657,35.85622],[-85.06333,35.85612],[-85.06194,35.85525],[-85.06121,35.85582],[-85.06075,35.85583],[-85.06026,35.85548],[-85.05976,35.85373],[-85.05896,35.85326],[-85.05706,35.85293],[-85.05624,35.8522]]]}},{"type":"Feature","properties":{"kind":"minor-water","name":"No Business Creek","ftype":460,"lengthKm":0.98,"hu8":"06010208","pid":"123933631"},"geometry":{"type":"MultiLineString","coordinates":[[[-85.023,36.13772],[-85.02136,36.13824],[-85.01995,36.13828],[-85.01915,36.13877],[-85.01923,36.1393],[-85.01969,36.13958],[-85.02019,36.14188],[-85.02011,36.14308],[-85.01959,36.14391]]]}},{"type":"Feature","properties":{"kind":"minor-water","name":"Basses Creek","ftype":460,"lengthKm":0.93,"hu8":"06010208","pid":"123941229"},"geometry":{"type":"MultiLineString","coordinates":[[[-85.0115,35.85051],[-85.00947,35.85001],[-85.00474,35.8498],[-85.00335,35.8501],[-85.00233,35.85155]]]}},{"type":"Feature","properties":{"kind":"minor-water","name":"No Business Creek","ftype":460,"lengthKm":0.58,"hu8":"06010208","pid":"123938192"},"geometry":{"type":"MultiLineString","coordinates":[[[-85.03963,36.12015],[-85.03804,36.11968],[-85.03767,36.12027],[-85.03504,36.12189],[-85.03485,36.12237]]]}},{"type":"Feature","properties":{"kind":"minor-water","name":"No Business Creek","ftype":460,"lengthKm":1.69,"hu8":"06010208","pid":"123933661"},"geometry":{"type":"MultiLineString","coordinates":[[[-85.03199,36.12551],[-85.03208,36.1264],[-85.03123,36.12703],[-85.03084,36.12793],[-85.03148,36.12977],[-85.02885,36.13029],[-85.02738,36.13181],[-85.02508,36.13177],[-85.02447,36.13234],[-85.0245,36.1334],[-85.02638,36.13449],[-85.02644,36.13534]]]}},{"type":"Feature","properties":{"kind":"minor-water","name":"Daddys Creek","ftype":460,"lengthKm":0.98,"hu8":"06010208","pid":"123941442"},"geometry":{"type":"MultiLineString","coordinates":[[[-85.07196,35.77476],[-85.06975,35.77509],[-85.06925,35.77484],[-85.06909,35.77426],[-85.0676,35.77589],[-85.06507,35.77513],[-85.06366,35.77391]]]}},{"type":"Feature","properties":{"kind":"minor-water","name":"Onemile Creek","ftype":460,"lengthKm":1.21,"hu8":"06010208","pid":"123934215"},"geometry":{"type":"MultiLineString","coordinates":[[[-85.0233,35.93194],[-85.02203,35.93278],[-85.02117,35.93258],[-85.01994,35.93326],[-85.01877,35.93276],[-85.01744,35.9328],[-85.01543,35.93385],[-85.01441,35.93388],[-85.01298,35.93316],[-85.01134,35.93349]]]}},{"type":"Feature","properties":{"kind":"minor-water","name":"Lick Creek","ftype":460,"lengthKm":0.33,"hu8":"06010208","pid":"123941347"},"geometry":{"type":"MultiLineString","coordinates":[[[-85.03588,35.81918],[-85.03374,35.81758],[-85.03368,35.81696]]]}},{"type":"Feature","properties":{"kind":"minor-water","name":"Meadow Creek","ftype":460,"lengthKm":0.46,"hu8":"06010208","pid":"123934003"},"geometry":{"type":"MultiLineString","coordinates":[[[-85.0827,35.98236],[-85.08222,35.98248],[-85.08234,35.98369],[-85.08003,35.98537]]]}},{"type":"Feature","properties":{"kind":"minor-water","name":"Adams Creek","ftype":460,"lengthKm":0.44,"hu8":"06010208","pid":"123938339"},"geometry":{"type":"MultiLineString","coordinates":[[[-85.01264,36.0741],[-85.01058,36.07443],[-85.00936,36.07418],[-85.00788,36.07441]]]}},{"type":"Feature","properties":{"kind":"minor-water","name":"Little Obed River","ftype":558,"lengthKm":0.22,"hu8":"06010208","pid":"123934702"},"geometry":{"type":"MultiLineString","coordinates":[[[-85.03763,35.9769],[-85.03793,35.97622],[-85.03946,35.976]]]}},{"type":"Feature","properties":{"kind":"minor-water","name":"Clear Creek","ftype":460,"lengthKm":1,"hu8":"06010208","pid":"123933571"},"geometry":{"type":"MultiLineString","coordinates":[[[-85.01666,36.16012],[-85.01528,36.16047],[-85.01356,36.16267],[-85.01401,36.16331],[-85.01593,36.16309],[-85.0166,36.16341],[-85.01607,36.1646],[-85.0149,36.16507]]]}},{"type":"Feature","properties":{"kind":"minor-water","name":"Byrd Creek","ftype":558,"lengthKm":0.28,"hu8":"06010208","pid":"123934579"},"geometry":{"type":"MultiLineString","coordinates":[[[-85.00277,35.89704],[-85.00063,35.89799],[-84.99995,35.89801]]]}},{"type":"Feature","properties":{"kind":"minor-water","name":"Gould Creek","ftype":460,"lengthKm":4.16,"hu8":"06010208","pid":"123938478"},"geometry":{"type":"MultiLineString","coordinates":[[[-85.03946,36.02665],[-85.03872,36.02715],[-85.03758,36.03037],[-85.03626,36.03173],[-85.0354,36.03199],[-85.03545,36.03264],[-85.03422,36.03476],[-85.03412,36.03631],[-85.03357,36.03687],[-85.03118,36.03635],[-85.02998,36.03681],[-85.02843,36.03689],[-85.02708,36.03643],[-85.02642,36.03672],[-85.026,36.03822],[-85.0238,36.03839],[-85.02071,36.03682],[-85.02078,36.03624],[-85.02267,36.03396],[-85.02237,36.03262],[-85.02166,36.03226],[-85.02141,36.03162],[-85.02162,36.03103],[-85.0206,36.03105],[-85.01943,36.03021],[-85.01879,36.03013],[-85.01818,36.03149],[-85.01713,36.03182],[-85.01529,36.03172]]]}},{"type":"Feature","properties":{"kind":"minor-water","name":"Long Branch","ftype":460,"lengthKm":0.49,"hu8":"06010208","pid":"123941274"},"geometry":{"type":"MultiLineString","coordinates":[[[-85.01819,35.83495],[-85.01964,35.83514],[-85.02116,35.83438],[-85.02326,35.83408]]]}},{"type":"Feature","properties":{"kind":"minor-water","name":"Daddys Creek","ftype":460,"lengthKm":0.32,"hu8":"06010208","pid":"123941443"},"geometry":{"type":"MultiLineString","coordinates":[[[-85.06366,35.77391],[-85.06332,35.77402],[-85.06317,35.77554],[-85.06252,35.77647]]]}},{"type":"Feature","properties":{"kind":"minor-water","name":"Spring Branch","ftype":460,"lengthKm":0.93,"hu8":"06010208","pid":"123934293"},"geometry":{"type":"MultiLineString","coordinates":[[[-85.06386,35.9142],[-85.06455,35.91558],[-85.06476,35.91689],[-85.06576,35.91752],[-85.06752,35.91773],[-85.068,35.9171],[-85.0704,35.91657],[-85.07062,35.91624]]]}},{"type":"Feature","properties":{"kind":"minor-water","name":"No Business Creek","ftype":460,"lengthKm":0.39,"hu8":"06010208","pid":"123938294"},"geometry":{"type":"MultiLineString","coordinates":[[[-85.07166,36.08894],[-85.07014,36.08938],[-85.06741,36.08952]]]}},{"type":"Feature","properties":{"kind":"minor-water","name":"Poplar Branch","ftype":460,"lengthKm":0.43,"hu8":"06010208","pid":"123932837"},"geometry":{"type":"MultiLineString","coordinates":[[[-85.16853,36.07362],[-85.168,36.07287],[-85.16621,36.07234],[-85.16569,36.07161],[-85.16504,36.07137]]]}},{"type":"Feature","properties":{"kind":"minor-water","name":"Spiers Branch","ftype":460,"lengthKm":1.41,"hu8":"06010208","pid":"123934239"},"geometry":{"type":"MultiLineString","coordinates":[[[-85.04923,35.92551],[-85.04924,35.92649],[-85.04787,35.92812],[-85.04791,35.9293],[-85.04915,35.9302],[-85.05047,35.93331],[-85.05236,35.93543],[-85.05291,35.93665]]]}},{"type":"Feature","properties":{"kind":"minor-water","name":"Obed River","ftype":558,"lengthKm":0.94,"hu8":"06010208","pid":"123938644"},"geometry":{"type":"MultiLineString","coordinates":[[[-85.03233,36.01493],[-85.02995,36.01594],[-85.02555,36.01706],[-85.02355,36.0168],[-85.02247,36.01707]]]}},{"type":"Feature","properties":{"kind":"minor-water","name":"Mine Branch","ftype":460,"lengthKm":3.74,"hu8":"06010208","pid":"123938424"},"geometry":{"type":"MultiLineString","coordinates":[[[-85.05307,36.05176],[-85.05007,36.05037],[-85.04895,36.05062],[-85.04758,36.05021],[-85.04522,36.05031],[-85.04456,36.04975],[-85.04446,36.04848],[-85.04306,36.04833],[-85.04298,36.04781],[-85.04229,36.04777],[-85.04212,36.04721],[-85.04017,36.04598],[-85.03888,36.04614],[-85.0376,36.04708],[-85.03617,36.0463],[-85.03306,36.04769],[-85.03191,36.04748],[-85.03037,36.04833],[-85.0283,36.04756],[-85.02728,36.04823],[-85.0255,36.0469],[-85.02477,36.04709],[-85.02363,36.04666],[-85.02118,36.04653],[-85.02005,36.04691],[-85.01895,36.04787]]]}},{"type":"Feature","properties":{"kind":"minor-water","name":"Threemile Creek","ftype":460,"lengthKm":1.3,"hu8":"06010208","pid":"123934279"},"geometry":{"type":"MultiLineString","coordinates":[[[-85.03718,35.91609],[-85.03333,35.91739],[-85.03008,35.91957],[-85.02885,35.91983],[-85.02804,35.92063],[-85.02599,35.921],[-85.02484,35.92166]]]}},{"type":"Feature","properties":{"kind":"minor-water","name":"Buck Creek","ftype":460,"lengthKm":1.06,"hu8":"06010208","pid":"123941684"},"geometry":{"type":"MultiLineString","coordinates":[[[-85.00174,35.8768],[-85.00357,35.87917],[-85.00363,35.88149],[-85.00291,35.88371],[-85.00202,35.8844],[-85.00061,35.88421]]]}},{"type":"Feature","properties":{"kind":"minor-water","name":"Spring Branch","ftype":460,"lengthKm":0.5,"hu8":"06010208","pid":"123934286"},"geometry":{"type":"MultiLineString","coordinates":[[[-85.07062,35.91624],[-85.07126,35.9159],[-85.0733,35.91653],[-85.07387,35.91617],[-85.07562,35.91671]]]}},{"type":"Feature","properties":{"kind":"minor-water","name":"Black Drowning Creek","ftype":460,"lengthKm":1.57,"hu8":"06010208","pid":"123933959"},"geometry":{"type":"MultiLineString","coordinates":[[[-85.05791,35.99666],[-85.0563,35.99591],[-85.05379,35.99195],[-85.0526,35.99131],[-85.05184,35.99146],[-85.05055,35.99246],[-85.04793,35.99372],[-85.04752,35.99551],[-85.04681,35.99578]]]}},{"type":"Feature","properties":{"kind":"minor-water","name":"Obed River","ftype":460,"lengthKm":1.38,"hu8":"06010208","pid":"123934223"},"geometry":{"type":"MultiLineString","coordinates":[[[-85.07826,35.9317],[-85.07706,35.93393],[-85.07691,35.93513],[-85.07627,35.93563],[-85.07619,35.93615],[-85.0771,35.93678],[-85.07927,35.93722],[-85.07955,35.9378],[-85.07903,35.9384],[-85.07748,35.939],[-85.07721,35.93975],[-85.07575,35.94013]]]}},{"type":"Feature","properties":{"kind":"minor-water","name":"Clear Creek","ftype":460,"lengthKm":0.72,"hu8":"06010208","pid":"123932872"},"geometry":{"type":"MultiLineString","coordinates":[[[-85.18135,36.05178],[-85.1795,36.05286],[-85.17939,36.05355],[-85.17776,36.05451],[-85.17717,36.05598],[-85.17629,36.05627]]]}},{"type":"Feature","properties":{"kind":"minor-water","name":"Obed River","ftype":558,"lengthKm":0.8,"hu8":"06010208","pid":"123934713"},"geometry":{"type":"MultiLineString","coordinates":[[[-85.04792,35.99034],[-85.04722,35.99164],[-85.04583,35.99213],[-85.04508,35.99303],[-85.04551,35.99423],[-85.04669,35.99467],[-85.04664,35.9958]]]}},{"type":"Feature","properties":{"kind":"minor-water","name":"Onemile Creek","ftype":460,"lengthKm":0.46,"hu8":"06010208","pid":"123934222"},"geometry":{"type":"MultiLineString","coordinates":[[[-85.02764,35.93145],[-85.02703,35.93153],[-85.0262,35.93105],[-85.02503,35.93198],[-85.02426,35.93177],[-85.0233,35.93194]]]}},{"type":"Feature","properties":{"kind":"minor-water","name":"Wolfpen Branch","ftype":460,"lengthKm":1.46,"hu8":"06010208","pid":"123933988"},"geometry":{"type":"MultiLineString","coordinates":[[[-85.11205,35.98786],[-85.10926,35.98797],[-85.10899,35.98778],[-85.10792,35.98808],[-85.10777,35.98781],[-85.10681,35.9879],[-85.10589,35.98762],[-85.10463,35.98779],[-85.10352,35.98737],[-85.1023,35.9877],[-85.10187,35.98734],[-85.10129,35.98752],[-85.10112,35.9873],[-85.09999,35.98764],[-85.09914,35.98732],[-85.09712,35.9878]]]}},{"type":"Feature","properties":{"kind":"minor-water","name":"No Business Creek","ftype":460,"lengthKm":0.16,"hu8":"06010208","pid":"123938291"},"geometry":{"type":"MultiLineString","coordinates":[[[-85.08635,36.08979],[-85.08475,36.09046]]]}},{"type":"Feature","properties":{"kind":"minor-water","name":"Obed River","ftype":558,"lengthKm":1.77,"hu8":"06010208","pid":"123934672"},"geometry":{"type":"MultiLineString","coordinates":[[[-85.06762,35.93944],[-85.06745,35.93903],[-85.06699,35.93902],[-85.06556,35.94039],[-85.06534,35.94202],[-85.06616,35.94391],[-85.06684,35.944],[-85.06804,35.94316],[-85.0691,35.94386],[-85.06909,35.94498],[-85.06875,35.94542],[-85.06738,35.94595],[-85.06649,35.94687],[-85.06805,35.9492]]]}},{"type":"Feature","properties":{"kind":"minor-water","name":"Wolfpen Branch","ftype":460,"lengthKm":0.55,"hu8":"06010208","pid":"123941624"},"geometry":{"type":"MultiLineString","coordinates":[[[-85.09624,35.98775],[-85.09457,35.98707],[-85.09393,35.9871],[-85.0927,35.98752],[-85.09213,35.98732],[-85.0908,35.9881]]]}},{"type":"Feature","properties":{"kind":"minor-water","name":"No Business Creek","ftype":460,"lengthKm":0.43,"hu8":"06010208","pid":"123933638"},"geometry":{"type":"MultiLineString","coordinates":[[[-85.02644,36.13534],[-85.02617,36.13627],[-85.023,36.13772]]]}},{"type":"Feature","properties":{"kind":"minor-water","name":"No Business Creek","ftype":460,"lengthKm":0.31,"hu8":"06010208","pid":"123933611"},"geometry":{"type":"MultiLineString","coordinates":[[[-85.00719,36.14685],[-85.00649,36.14692],[-85.00557,36.14814],[-85.00479,36.14859]]]}},{"type":"Feature","properties":{"kind":"minor-water","name":"Daddys Creek","ftype":460,"lengthKm":1.89,"hu8":"06010208","pid":"123941396"},"geometry":{"type":"MultiLineString","coordinates":[[[-85.03761,35.79609],[-85.03517,35.79673],[-85.03522,35.79803],[-85.034,35.79954],[-85.03343,35.7991],[-85.03301,35.79718],[-85.0318,35.79682],[-85.03021,35.7971],[-85.02922,35.79838],[-85.02999,35.79993],[-85.02902,35.80184],[-85.02708,35.80209]]]}},{"type":"Feature","properties":{"kind":"minor-water","name":"No Business Creek","ftype":460,"lengthKm":1.11,"hu8":"06010208","pid":"123933616"},"geometry":{"type":"MultiLineString","coordinates":[[[-85.01959,36.14391],[-85.01498,36.1459],[-85.0144,36.14563],[-85.01357,36.14421],[-85.01237,36.1458],[-85.0119,36.14753]]]}},{"type":"Feature","properties":{"kind":"minor-water","name":"Coley Creek","ftype":460,"lengthKm":0.12,"hu8":"06010208","pid":"123938366"},"geometry":{"type":"MultiLineString","coordinates":[[[-85.09102,36.06995],[-85.08975,36.06952]]]}},{"type":"Feature","properties":{"kind":"minor-water","name":"Byrd Creek","ftype":460,"lengthKm":0.59,"hu8":"06010208","pid":"123934374"},"geometry":{"type":"MultiLineString","coordinates":[[[-85.06805,35.89693],[-85.06773,35.89619],[-85.06659,35.8956],[-85.06602,35.89577],[-85.0654,35.89556],[-85.06457,35.89486],[-85.06394,35.89478],[-85.06295,35.89521]]]}},{"type":"Feature","properties":{"kind":"minor-water","name":"Copeland Creek","ftype":460,"lengthKm":1.56,"hu8":"06010208","pid":"123938302"},"geometry":{"type":"MultiLineString","coordinates":[[[-85.10582,36.02204],[-85.10566,36.02117],[-85.10616,36.0201],[-85.10587,36.01987],[-85.10592,36.01917],[-85.10665,36.01802],[-85.10635,36.0174],[-85.10663,36.01693],[-85.10584,36.01613],[-85.10581,36.01476],[-85.10503,36.01446],[-85.10456,36.01489],[-85.10344,36.01505],[-85.10212,36.01474],[-85.10062,36.01313],[-85.09971,36.0128]]]}},{"type":"Feature","properties":{"kind":"minor-water","name":"Byrd Creek","ftype":460,"lengthKm":0.59,"hu8":"06010208","pid":"123934386"},"geometry":{"type":"MultiLineString","coordinates":[[[-85.03854,35.89382],[-85.03736,35.89349],[-85.03602,35.89392],[-85.03488,35.89489],[-85.03378,35.89454],[-85.03303,35.89393]]]}},{"type":"Feature","properties":{"kind":"minor-water","name":"Wilson Pen Branch","ftype":558,"lengthKm":0.08,"hu8":"06010208","pid":"123941556"},"geometry":{"type":"MultiLineString","coordinates":[[[-85.02777,35.87339],[-85.02861,35.87312]]]}},{"type":"Feature","properties":{"kind":"minor-water","name":"Drowning Creek","ftype":460,"lengthKm":1.89,"hu8":"06010208","pid":"123938416"},"geometry":{"type":"MultiLineString","coordinates":[[[-85.08237,36.059],[-85.0814,36.05771],[-85.0795,36.05726],[-85.0785,36.05663],[-85.07746,36.05441],[-85.07744,36.05335],[-85.0767,36.05294],[-85.07633,36.05221],[-85.07692,36.05071],[-85.07768,36.05023],[-85.0789,36.0499],[-85.07937,36.05007],[-85.08056,36.04938],[-85.08136,36.04947],[-85.08212,36.04918],[-85.08243,36.04758]]]}},{"type":"Feature","properties":{"kind":"minor-water","name":"Little Obed River","ftype":460,"lengthKm":0.67,"hu8":"06010208","pid":"123934042"},"geometry":{"type":"MultiLineString","coordinates":[[[-85.02301,35.97261],[-85.02364,35.97291],[-85.02533,35.97288],[-85.02605,35.97378],[-85.02677,35.97411],[-85.02765,35.97365],[-85.02926,35.9743]]]}},{"type":"Feature","properties":{"kind":"minor-water","name":"Meadow Creek","ftype":460,"lengthKm":0.23,"hu8":"06010208","pid":"123934047"},"geometry":{"type":"MultiLineString","coordinates":[[[-85.08815,35.97256],[-85.08751,35.97277],[-85.08759,35.97369],[-85.08698,35.97397]]]}},{"type":"Feature","properties":{"kind":"minor-water","name":"Lick Creek","ftype":460,"lengthKm":0.63,"hu8":"06010208","pid":"123941308"},"geometry":{"type":"MultiLineString","coordinates":[[[-85.04838,35.82781],[-85.04884,35.82647],[-85.04865,35.82591],[-85.04635,35.82573],[-85.04573,35.82402]]]}},{"type":"Feature","properties":{"kind":"minor-water","name":"Basses Creek","ftype":460,"lengthKm":0.79,"hu8":"06010208","pid":"123941230"},"geometry":{"type":"MultiLineString","coordinates":[[[-85.03971,35.85104],[-85.03898,35.8508],[-85.03841,35.84996],[-85.03801,35.85002],[-85.03795,35.85091],[-85.03888,35.85167],[-85.03962,35.85485]]]}},{"type":"Feature","properties":{"kind":"minor-water","name":"Lee Branch","ftype":460,"lengthKm":1,"hu8":"06010208","pid":"123938311"},"geometry":{"type":"MultiLineString","coordinates":[[[-85.10759,36.08651],[-85.10648,36.08879],[-85.10552,36.08904],[-85.10458,36.0897],[-85.10388,36.09276],[-85.10457,36.09425]]]}},{"type":"Feature","properties":{"kind":"minor-water","name":"Coon Hollow Branch","ftype":460,"lengthKm":0.12,"hu8":"06010208","pid":"123934328"},"geometry":{"type":"MultiLineString","coordinates":[[[-85.0205,35.90467],[-85.01937,35.90407]]]}},{"type":"Feature","properties":{"kind":"minor-water","name":"Clear Creek","ftype":460,"lengthKm":0.7,"hu8":"06010208","pid":"123941615"},"geometry":{"type":"MultiLineString","coordinates":[[[-85.09343,36.12087],[-85.09071,36.12233],[-85.08981,36.12422],[-85.08853,36.12553]]]}},{"type":"Feature","properties":{"kind":"minor-water","name":"Potter Creek","ftype":460,"lengthKm":0.46,"hu8":"06010208","pid":"123933963"},"geometry":{"type":"MultiLineString","coordinates":[[[-85.00074,35.9901],[-85.00307,35.99215],[-85.00477,35.99218]]]}},{"type":"Feature","properties":{"kind":"minor-water","name":"Peters Branch","ftype":558,"lengthKm":0.22,"hu8":"06010208","pid":"123934659"},"geometry":{"type":"MultiLineString","coordinates":[[[-85.0672,35.93052],[-85.06679,35.93123],[-85.067,35.93237]]]}},{"type":"Feature","properties":{"kind":"minor-water","name":"Scott Creek","ftype":460,"lengthKm":4.35,"hu8":"06010208","pid":"123938446"},"geometry":{"type":"MultiLineString","coordinates":[[[-85.04715,36.03903],[-85.04544,36.03771],[-85.04451,36.03904],[-85.04352,36.03968],[-85.04308,36.04058],[-85.04243,36.04094],[-85.04145,36.04091],[-85.04088,36.03992],[-85.03999,36.03971],[-85.03902,36.04023],[-85.03773,36.04036],[-85.03619,36.04093],[-85.03577,36.04162],[-85.03332,36.04124],[-85.03271,36.04253],[-85.03175,36.04259],[-85.03144,36.04296],[-85.03153,36.04328],[-85.03252,36.04368],[-85.0325,36.04397],[-85.03071,36.04523],[-85.0291,36.04507],[-85.02925,36.04427],[-85.029,36.04413],[-85.02852,36.04428],[-85.02794,36.04514],[-85.0272,36.04349],[-85.02629,36.043],[-85.02521,36.04398],[-85.02458,36.04404],[-85.02297,36.04231],[-85.02216,36.04286],[-85.02124,36.0442],[-85.01987,36.04432],[-85.01826,36.04542],[-85.01812,36.04606],[-85.01867,36.04665],[-85.01895,36.04787]]]}},{"type":"Feature","properties":{"kind":"minor-water","name":"Obed River","ftype":558,"lengthKm":0.55,"hu8":"06010208","pid":"123934707"},"geometry":{"type":"MultiLineString","coordinates":[[[-85.04568,35.97909],[-85.04392,35.97994],[-85.04218,35.98185],[-85.04197,35.98276]]]}},{"type":"Feature","properties":{"kind":"minor-water","name":"Patton Creek","ftype":460,"lengthKm":0.2,"hu8":"06010208","pid":"123938412"},"geometry":{"type":"MultiLineString","coordinates":[[[-85.01749,36.0505],[-85.01717,36.05017],[-85.01734,36.04881]]]}},{"type":"Feature","properties":{"kind":"minor-water","name":"Big Branch","ftype":460,"lengthKm":0.75,"hu8":"06010208","pid":"123933563"},"geometry":{"type":"MultiLineString","coordinates":[[[-85.0134,36.17137],[-85.0135,36.17038],[-85.01541,36.16676],[-85.01477,36.16546],[-85.0149,36.16507]]]}},{"type":"Feature","properties":{"kind":"minor-water","name":"Drowning Creek","ftype":460,"lengthKm":1,"hu8":"06010208","pid":"123938465"},"geometry":{"type":"MultiLineString","coordinates":[[[-85.07755,36.04009],[-85.07929,36.03951],[-85.07889,36.0389],[-85.07943,36.03789],[-85.07899,36.03642],[-85.07947,36.03611],[-85.07994,36.03629],[-85.07973,36.0354],[-85.07906,36.03534],[-85.0787,36.03481],[-85.07851,36.03358]]]}},{"type":"Feature","properties":{"kind":"minor-water","name":"Clear Creek","ftype":460,"lengthKm":0.74,"hu8":"06010208","pid":"123932803"},"geometry":{"type":"MultiLineString","coordinates":[[[-85.1483,36.09207],[-85.14668,36.09205],[-85.14585,36.09087],[-85.14402,36.09008],[-85.14217,36.08986],[-85.14132,36.09022]]]}},{"type":"Feature","properties":{"kind":"minor-water","name":"Meadow Creek","ftype":460,"lengthKm":0.81,"hu8":"06010208","pid":"123933995"},"geometry":{"type":"MultiLineString","coordinates":[[[-85.06751,35.98626],[-85.0667,35.98592],[-85.06525,35.98634],[-85.06485,35.98742],[-85.06365,35.98832],[-85.06275,35.99019],[-85.062,35.99071]]]}},{"type":"Feature","properties":{"kind":"minor-water","name":"Copeland Creek","ftype":460,"lengthKm":0.6,"hu8":"06010208","pid":"123938485"},"geometry":{"type":"MultiLineString","coordinates":[[[-85.10781,36.02905],[-85.1077,36.02819],[-85.10717,36.0281],[-85.10728,36.02723],[-85.10663,36.0258],[-85.10531,36.02517],[-85.10519,36.02472]]]}},{"type":"Feature","properties":{"kind":"minor-water","name":"Stillhouse Creek","ftype":460,"lengthKm":0.21,"hu8":"06010208","pid":"123934405"},"geometry":{"type":"MultiLineString","coordinates":[[[-85.03519,35.88974],[-85.03361,35.89108]]]}},{"type":"Feature","properties":{"kind":"minor-water","name":"Peters Branch","ftype":558,"lengthKm":0.03,"hu8":"06010208","pid":"123934620"},"geometry":{"type":"MultiLineString","coordinates":[[[-85.05854,35.91841],[-85.05865,35.91869]]]}},{"type":"Feature","properties":{"kind":"minor-water","name":"Clear Creek","ftype":460,"lengthKm":2.1,"hu8":"06010208","pid":"123933567"},"geometry":{"type":"MultiLineString","coordinates":[[[-85.0394,36.16579],[-85.03929,36.16736],[-85.03876,36.16753],[-85.03793,36.16681],[-85.03725,36.16271],[-85.03654,36.16221],[-85.03553,36.16246],[-85.03476,36.16331],[-85.03429,36.16575],[-85.03225,36.16647],[-85.03168,36.1672],[-85.0318,36.16759],[-85.03309,36.16848],[-85.0334,36.16914],[-85.03157,36.1694]]]}},{"type":"Feature","properties":{"kind":"minor-water","name":"Obed River","ftype":558,"lengthKm":0.45,"hu8":"06010208","pid":"123938640"},"geometry":{"type":"MultiLineString","coordinates":[[[-85.03414,36.00857],[-85.03378,36.00961],[-85.03379,36.01255]]]}},{"type":"Feature","properties":{"kind":"minor-water","name":"Sulphur Spring Branch","ftype":558,"lengthKm":0.07,"hu8":"06010208","pid":"123941521"},"geometry":{"type":"MultiLineString","coordinates":[[[-85.03556,35.83884],[-85.03525,35.83829]]]}},{"type":"Feature","properties":{"kind":"minor-water","name":"Coley Creek","ftype":460,"lengthKm":1.05,"hu8":"06010208","pid":"123938362"},"geometry":{"type":"MultiLineString","coordinates":[[[-85.09677,36.07643],[-85.09658,36.07509],[-85.09695,36.07335],[-85.09586,36.0716],[-85.09425,36.07056],[-85.09102,36.06995]]]}},{"type":"Feature","properties":{"kind":"minor-water","name":"Spiers Branch","ftype":460,"lengthKm":0.65,"hu8":"06010208","pid":"123934178"},"geometry":{"type":"MultiLineString","coordinates":[[[-85.04931,35.94073],[-85.04887,35.94245],[-85.04934,35.94331],[-85.04905,35.94601],[-85.04946,35.94626]]]}},{"type":"Feature","properties":{"kind":"minor-water","name":"Obed River","ftype":460,"lengthKm":0.89,"hu8":"06010208","pid":"123934120"},"geometry":{"type":"MultiLineString","coordinates":[[[-85.05099,35.95854],[-85.05141,35.95929],[-85.05055,35.96139],[-85.051,35.96143],[-85.0524,35.96056],[-85.0531,35.96056],[-85.05478,35.96149],[-85.05519,35.96242]]]}},{"type":"Feature","properties":{"kind":"minor-water","name":"Lick Creek","ftype":460,"lengthKm":0.63,"hu8":"06010208","pid":"123941372"},"geometry":{"type":"MultiLineString","coordinates":[[[-85.01838,35.81106],[-85.01735,35.81129],[-85.01701,35.81112],[-85.01727,35.80877],[-85.0165,35.80755],[-85.01663,35.80677]]]}},{"type":"Feature","properties":{"kind":"minor-water","name":"Threemile Creek","ftype":460,"lengthKm":0.6,"hu8":"06010208","pid":"123934307"},"geometry":{"type":"MultiLineString","coordinates":[[[-85.04601,35.91037],[-85.0443,35.91188],[-85.04558,35.91333],[-85.04556,35.91491]]]}},{"type":"Feature","properties":{"kind":"minor-water","name":"Burnt Cabin Branch","ftype":460,"lengthKm":0.11,"hu8":"06010208","pid":"123941410"},"geometry":{"type":"MultiLineString","coordinates":[[[-85.06013,35.7891],[-85.05944,35.78995]]]}},{"type":"Feature","properties":{"kind":"minor-water","name":"Poplar Branch","ftype":460,"lengthKm":0.78,"hu8":"06010208","pid":"123932830"},"geometry":{"type":"MultiLineString","coordinates":[[[-85.17538,36.07629],[-85.1747,36.07616],[-85.17304,36.0765],[-85.17214,36.07583],[-85.17002,36.07537],[-85.1695,36.0745],[-85.16854,36.07413],[-85.16853,36.07362]]]}},{"type":"Feature","properties":{"kind":"minor-water","name":"Panther Creek","ftype":460,"lengthKm":0.58,"hu8":"06010208","pid":"123932863"},"geometry":{"type":"MultiLineString","coordinates":[[[-85.15055,36.05723],[-85.14906,36.05862],[-85.14793,36.05922],[-85.14514,36.05935]]]}},{"type":"Feature","properties":{"kind":"minor-water","name":"Burnt Cabin Branch","ftype":460,"lengthKm":0.54,"hu8":"06010208","pid":"123941411"},"geometry":{"type":"MultiLineString","coordinates":[[[-85.07126,35.79177],[-85.07051,35.79126],[-85.06977,35.78947],[-85.06853,35.78829],[-85.06833,35.78769]]]}},{"type":"Feature","properties":{"kind":"minor-water","name":"Clear Creek","ftype":460,"lengthKm":0.09,"hu8":"06010208","pid":"123933622"},"geometry":{"type":"MultiLineString","coordinates":[[[-85.06734,36.14243],[-85.06651,36.14283]]]}},{"type":"Feature","properties":{"kind":"minor-water","name":"Obed River","ftype":558,"lengthKm":0.99,"hu8":"06010208","pid":"123938652"},"geometry":{"type":"MultiLineString","coordinates":[[[-85.0152,36.03178],[-85.01488,36.03316],[-85.01356,36.03342],[-85.00879,36.03239],[-85.00835,36.03177],[-85.00655,36.03092]]]}},{"type":"Feature","properties":{"kind":"minor-water","name":"Clear Creek","ftype":460,"lengthKm":0.27,"hu8":"06010208","pid":"123938193"},"geometry":{"type":"MultiLineString","coordinates":[[[-85.09673,36.12019],[-85.09577,36.12078],[-85.09396,36.12065]]]}},{"type":"Feature","properties":{"kind":"minor-water","name":"Obed River","ftype":460,"lengthKm":0.94,"hu8":"06010208","pid":"123934135"},"geometry":{"type":"MultiLineString","coordinates":[[[-85.0586,35.9555],[-85.05845,35.95663],[-85.05807,35.95676],[-85.05685,35.95665],[-85.05615,35.95554],[-85.05561,35.95527],[-85.05354,35.95602],[-85.05227,35.95477],[-85.05267,35.9541]]]}},{"type":"Feature","properties":{"kind":"minor-water","name":"Peters Branch","ftype":558,"lengthKm":0.24,"hu8":"06010208","pid":"123934657"},"geometry":{"type":"MultiLineString","coordinates":[[[-85.06599,35.92904],[-85.0665,35.92926],[-85.06625,35.92999],[-85.0672,35.93052]]]}},{"type":"Feature","properties":{"kind":"minor-water","name":"Meadow Creek","ftype":460,"lengthKm":0.33,"hu8":"06010208","pid":"123933994"},"geometry":{"type":"MultiLineString","coordinates":[[[-85.07087,35.98701],[-85.07017,35.98713],[-85.06853,35.98632],[-85.06751,35.98626]]]}},{"type":"Feature","properties":{"kind":"minor-water","name":"Clear Creek","ftype":460,"lengthKm":0.46,"hu8":"06010208","pid":"123933629"},"geometry":{"type":"MultiLineString","coordinates":[[[-85.07066,36.14005],[-85.07002,36.13982],[-85.06936,36.14001],[-85.06831,36.14193],[-85.06734,36.14243]]]}},{"type":"Feature","properties":{"kind":"minor-water","name":"Lee Branch","ftype":460,"lengthKm":0.71,"hu8":"06010208","pid":"123938274"},"geometry":{"type":"MultiLineString","coordinates":[[[-85.10457,36.09425],[-85.10465,36.09529],[-85.10398,36.09639],[-85.10233,36.09851],[-85.10137,36.09897],[-85.10086,36.09959]]]}},{"type":"Feature","properties":{"kind":"minor-water","name":"Byrd Creek","ftype":460,"lengthKm":0.51,"hu8":"06010208","pid":"123934384"},"geometry":{"type":"MultiLineString","coordinates":[[[-85.0425,35.89356],[-85.04184,35.89381],[-85.04141,35.89474],[-85.04045,35.89515],[-85.03994,35.89504],[-85.03854,35.89382]]]}},{"type":"Feature","properties":{"kind":"minor-water","name":"Peters Branch","ftype":460,"lengthKm":0.98,"hu8":"06010208","pid":"123934216"},"geometry":{"type":"MultiLineString","coordinates":[[[-85.067,35.93237],[-85.0675,35.93279],[-85.06709,35.93336],[-85.06694,35.93457],[-85.06765,35.93529],[-85.06705,35.93555],[-85.06703,35.93659],[-85.0676,35.93707],[-85.06744,35.93757],[-85.0686,35.93862],[-85.06838,35.93926],[-85.06776,35.93951]]]}},{"type":"Feature","properties":{"kind":"minor-water","name":"Spring Branch","ftype":460,"lengthKm":0.21,"hu8":"06010208","pid":"123934299"},"geometry":{"type":"MultiLineString","coordinates":[[[-85.06505,35.91241],[-85.06376,35.91397]]]}},{"type":"Feature","properties":{"kind":"minor-water","name":"No Business Creek","ftype":460,"lengthKm":0.12,"hu8":"06010208","pid":"123933593"},"geometry":{"type":"MultiLineString","coordinates":[[[-85.00014,36.14971],[-85.00029,36.15081]]]}},{"type":"Feature","properties":{"kind":"minor-water","name":"Peters Branch","ftype":460,"lengthKm":1.01,"hu8":"06010208","pid":"123934241"},"geometry":{"type":"MultiLineString","coordinates":[[[-85.05854,35.92495],[-85.05819,35.92652],[-85.05888,35.92789],[-85.05954,35.92808],[-85.06042,35.92773],[-85.06392,35.9294],[-85.06548,35.9288]]]}},{"type":"Feature","properties":{"kind":"minor-water","name":"Basses Creek","ftype":460,"lengthKm":0.78,"hu8":"06010208","pid":"123941206"},"geometry":{"type":"MultiLineString","coordinates":[[[-85.02933,35.85441],[-85.0276,35.85401],[-85.02615,35.85513],[-85.02465,35.85375],[-85.0222,35.85452]]]}},{"type":"Feature","properties":{"kind":"minor-water","name":"Obed River","ftype":460,"lengthKm":0.43,"hu8":"06010208","pid":"123934233"},"geometry":{"type":"MultiLineString","coordinates":[[[-85.09732,35.92785],[-85.09583,35.92741],[-85.09403,35.92729],[-85.09297,35.928]]]}},{"type":"Feature","properties":{"kind":"minor-water","name":"Spring Branch","ftype":460,"lengthKm":2.06,"hu8":"06010208","pid":"123934281"},"geometry":{"type":"MultiLineString","coordinates":[[[-85.07562,35.91671],[-85.07722,35.91744],[-85.07726,35.91807],[-85.07777,35.91857],[-85.07748,35.91945],[-85.07881,35.92277],[-85.08056,35.92396],[-85.08134,35.9241],[-85.08222,35.92576],[-85.08156,35.92658],[-85.08078,35.9289],[-85.07906,35.93037],[-85.0789,35.93143],[-85.07826,35.9317]]]}},{"type":"Feature","properties":{"kind":"minor-water","name":"Scale Creek","ftype":460,"lengthKm":0.96,"hu8":"06010208","pid":"123938325"},"geometry":{"type":"MultiLineString","coordinates":[[[-85.05251,36.08251],[-85.05603,36.08557],[-85.0569,36.08616],[-85.0578,36.08625],[-85.0574,36.0874],[-85.05651,36.08815],[-85.05656,36.08876]]]}},{"type":"Feature","properties":{"kind":"minor-water","name":"Byrd Creek","ftype":460,"lengthKm":0.51,"hu8":"06010208","pid":"123934392"},"geometry":{"type":"MultiLineString","coordinates":[[[-85.02482,35.89321],[-85.02324,35.89263],[-85.02124,35.89342],[-85.02053,35.89301],[-85.02044,35.89234]]]}},{"type":"Feature","properties":{"kind":"minor-water","name":"Lick Creek","ftype":460,"lengthKm":0.66,"hu8":"06010208","pid":"123941303"},"geometry":{"type":"MultiLineString","coordinates":[[[-85.06124,35.82551],[-85.06005,35.82546],[-85.05862,35.82697],[-85.0577,35.82686],[-85.05708,35.8262],[-85.05556,35.82695]]]}},{"type":"Feature","properties":{"kind":"minor-water","name":"Obed River","ftype":558,"lengthKm":0.47,"hu8":"06010208","pid":"123934711"},"geometry":{"type":"MultiLineString","coordinates":[[[-85.04436,35.98806],[-85.04433,35.98855],[-85.04488,35.98921],[-85.04744,35.98966],[-85.04792,35.99034]]]}},{"type":"Feature","properties":{"kind":"minor-water","name":"Adams Creek","ftype":558,"lengthKm":0.15,"hu8":"06010208","pid":"123938585"},"geometry":{"type":"MultiLineString","coordinates":[[[-85.02099,36.09616],[-85.02187,36.09502]]]}},{"type":"Feature","properties":{"kind":"minor-water","name":"Rocky Branch","ftype":460,"lengthKm":1.76,"hu8":"06010208","pid":"123938538"},"geometry":{"type":"MultiLineString","coordinates":[[[-85.02297,36.00368],[-85.02505,36.00336],[-85.02584,36.00384],[-85.02581,36.00477],[-85.02623,36.005],[-85.02712,36.00486],[-85.02805,36.00375],[-85.02836,36.00376],[-85.02904,36.00505],[-85.02833,36.00745],[-85.03022,36.00861],[-85.03084,36.00933],[-85.03218,36.00842],[-85.03412,36.00848]]]}},{"type":"Feature","properties":{"kind":"minor-water","name":"Clear Creek","ftype":460,"lengthKm":0.79,"hu8":"06010208","pid":"123933603"},"geometry":{"type":"MultiLineString","coordinates":[[[-85.04992,36.14946],[-85.0492,36.14932],[-85.04851,36.14984],[-85.04871,36.15178],[-85.04823,36.1525],[-85.04461,36.15318]]]}},{"type":"Feature","properties":{"kind":"minor-water","name":"Gum Branch","ftype":460,"lengthKm":0.57,"hu8":"06010208","pid":"123932857"},"geometry":{"type":"MultiLineString","coordinates":[[[-85.1824,36.0594],[-85.18156,36.05944],[-85.18061,36.06014],[-85.18016,36.05954],[-85.1796,36.05944],[-85.17724,36.06058]]]}},{"type":"Feature","properties":{"kind":"minor-water","name":"Walker Branch","ftype":460,"lengthKm":0.74,"hu8":"06010208","pid":"123934077"},"geometry":{"type":"MultiLineString","coordinates":[[[-85.09343,35.96665],[-85.09211,35.96681],[-85.09042,35.96745],[-85.08975,35.96932],[-85.08905,35.96979],[-85.08843,35.97112]]]}},{"type":"Feature","properties":{"kind":"minor-water","name":"No Business Creek","ftype":460,"lengthKm":0.47,"hu8":"06010208","pid":"123941617"},"geometry":{"type":"MultiLineString","coordinates":[[[-85.03485,36.12237],[-85.03479,36.12326],[-85.03383,36.12418],[-85.03235,36.12479],[-85.03199,36.12551]]]}},{"type":"Feature","properties":{"kind":"minor-water","name":"Daddys Creek","ftype":460,"lengthKm":0.87,"hu8":"06010208","pid":"123941422"},"geometry":{"type":"MultiLineString","coordinates":[[[-85.04585,35.78253],[-85.04522,35.78284],[-85.04438,35.78259],[-85.04368,35.78419],[-85.04202,35.78502],[-85.04329,35.78646],[-85.04154,35.78641]]]}},{"type":"Feature","properties":{"kind":"minor-water","name":"Clear Creek","ftype":460,"lengthKm":0.91,"hu8":"06010208","pid":"123932812"},"geometry":{"type":"MultiLineString","coordinates":[[[-85.15372,36.08462],[-85.15296,36.08458],[-85.15254,36.08526],[-85.15151,36.08583],[-85.15113,36.08664],[-85.15189,36.08705],[-85.15153,36.08827],[-85.14961,36.09005],[-85.14968,36.0906]]]}},{"type":"Feature","properties":{"kind":"minor-water","name":"Byrd Creek","ftype":460,"lengthKm":0.21,"hu8":"06010208","pid":"123934399"},"geometry":{"type":"MultiLineString","coordinates":[[[-85.02044,35.89234],[-85.02061,35.89123],[-85.02021,35.89087],[-85.01989,35.89096]]]}},{"type":"Feature","properties":{"kind":"minor-water","name":"Long Branch","ftype":460,"lengthKm":2.14,"hu8":"06010208","pid":"123932839"},"geometry":{"type":"MultiLineString","coordinates":[[[-85.1466,36.06969],[-85.1454,36.07213],[-85.14456,36.07276],[-85.14374,36.07425],[-85.14307,36.07475],[-85.14321,36.07558],[-85.14214,36.07727],[-85.14105,36.07816],[-85.14025,36.07955],[-85.13858,36.08075],[-85.1383,36.08139],[-85.13655,36.08249],[-85.1338,36.08218],[-85.13265,36.08308]]]}},{"type":"Feature","properties":{"kind":"minor-water","name":"Big Branch","ftype":460,"lengthKm":0.25,"hu8":"06010208","pid":"123933549"},"geometry":{"type":"MultiLineString","coordinates":[[[-85.01255,36.17348],[-85.0134,36.17137]]]}},{"type":"Feature","properties":{"kind":"minor-water","name":"Wolfpen Branch","ftype":460,"lengthKm":0.37,"hu8":"06010208","pid":"123933979"},"geometry":{"type":"MultiLineString","coordinates":[[[-85.08852,35.98811],[-85.08604,35.9882],[-85.08448,35.98784]]]}},{"type":"Feature","properties":{"kind":"minor-water","name":"Drowning Creek","ftype":460,"lengthKm":0.98,"hu8":"06010208","pid":"123938493"},"geometry":{"type":"MultiLineString","coordinates":[[[-85.07616,36.02723],[-85.07602,36.0266],[-85.07501,36.02619],[-85.07497,36.02577],[-85.07443,36.02556],[-85.07451,36.02521],[-85.07405,36.02508],[-85.0742,36.02353],[-85.0734,36.02312],[-85.07208,36.02002]]]}},{"type":"Feature","properties":{"kind":"minor-water","name":"Meadow Creek","ftype":460,"lengthKm":0.17,"hu8":"06010208","pid":"123933990"},"geometry":{"type":"MultiLineString","coordinates":[[[-85.07246,35.98678],[-85.07192,35.98693],[-85.07112,35.98666],[-85.07087,35.98701]]]}},{"type":"Feature","properties":{"kind":"minor-water","name":"Clear Creek","ftype":460,"lengthKm":0.65,"hu8":"06010208","pid":"123933665"},"geometry":{"type":"MultiLineString","coordinates":[[[-85.08853,36.12553],[-85.08809,36.12626],[-85.08712,36.12694],[-85.08733,36.12837],[-85.09011,36.12957]]]}},{"type":"Feature","properties":{"kind":"minor-water","name":"Threemile Creek","ftype":460,"lengthKm":1.26,"hu8":"06010208","pid":"123934263"},"geometry":{"type":"MultiLineString","coordinates":[[[-85.02484,35.92166],[-85.02178,35.92165],[-85.02016,35.9223],[-85.01834,35.9223],[-85.01679,35.92141],[-85.01422,35.92069],[-85.01379,35.91985],[-85.01249,35.91911]]]}},{"type":"Feature","properties":{"kind":"minor-water","name":"Martin Creek","ftype":558,"lengthKm":0.46,"hu8":"06010208","pid":"123934669"},"geometry":{"type":"MultiLineString","coordinates":[[[-85.07291,35.94797],[-85.06805,35.9492]]]}},{"type":"Feature","properties":{"kind":"minor-water","name":"Little Obed River","ftype":460,"lengthKm":0.32,"hu8":"06010208","pid":"123934062"},"geometry":{"type":"MultiLineString","coordinates":[[[-85.01255,35.96865],[-85.01375,35.96889],[-85.01569,35.96994]]]}},{"type":"Feature","properties":{"kind":"minor-water","name":"Clear Creek","ftype":460,"lengthKm":0.64,"hu8":"06010208","pid":"123933648"},"geometry":{"type":"MultiLineString","coordinates":[[[-85.08155,36.13312],[-85.08169,36.13399],[-85.08073,36.13455],[-85.08065,36.13527],[-85.08111,36.13565],[-85.08306,36.13598],[-85.08323,36.13655],[-85.08293,36.13691]]]}},{"type":"Feature","properties":{"kind":"minor-water","name":"Panther Creek","ftype":460,"lengthKm":0.32,"hu8":"06010208","pid":"123932822"},"geometry":{"type":"MultiLineString","coordinates":[[[-85.13283,36.0802],[-85.13265,36.08308]]]}},{"type":"Feature","properties":{"kind":"minor-water","name":"Onemile Creek","ftype":460,"lengthKm":0.62,"hu8":"06010208","pid":"123934226"},"geometry":{"type":"MultiLineString","coordinates":[[[-85.03183,35.92762],[-85.03048,35.92984],[-85.02938,35.92984],[-85.02874,35.93017],[-85.02764,35.93145]]]}},{"type":"Feature","properties":{"kind":"minor-water","name":"Byrd Creek","ftype":460,"lengthKm":0.25,"hu8":"06010208","pid":"123934394"},"geometry":{"type":"MultiLineString","coordinates":[[[-85.01692,35.89213],[-85.01576,35.89239],[-85.01484,35.89343]]]}},{"type":"Feature","properties":{"kind":"minor-water","name":"Lee Branch","ftype":460,"lengthKm":0.79,"hu8":"06010208","pid":"123938250"},"geometry":{"type":"MultiLineString","coordinates":[[[-85.10086,36.09959],[-85.10033,36.1005],[-85.09993,36.10299],[-85.09871,36.10457],[-85.09805,36.10622]]]}},{"type":"Feature","properties":{"kind":"minor-water","name":"Clear Creek","ftype":460,"lengthKm":0.71,"hu8":"06010208","pid":"123933599"},"geometry":{"type":"MultiLineString","coordinates":[[[-85.06503,36.14959],[-85.06312,36.15066],[-85.06039,36.15006],[-85.05864,36.15176]]]}},{"type":"Feature","properties":{"kind":"minor-water","name":"Byrd Creek","ftype":460,"lengthKm":0.15,"hu8":"06010208","pid":"123934376"},"geometry":{"type":"MultiLineString","coordinates":[[[-85.0618,35.89431],[-85.06013,35.89447]]]}},{"type":"Feature","properties":{"kind":"minor-water","name":"Basses Creek","ftype":558,"lengthKm":0.34,"hu8":"06010208","pid":"123934509"},"geometry":{"type":"MultiLineString","coordinates":[[[-85.08204,35.87731],[-85.08068,35.87729],[-85.07848,35.87648]]]}},{"type":"Feature","properties":{"kind":"minor-water","name":"Clear Creek","ftype":460,"lengthKm":0.32,"hu8":"06010208","pid":"123938207"},"geometry":{"type":"MultiLineString","coordinates":[[[-85.09578,36.11332],[-85.09708,36.11439],[-85.09664,36.11576]]]}},{"type":"Feature","properties":{"kind":"minor-water","name":"Lickfork Creek","ftype":460,"lengthKm":0.45,"hu8":"06010208","pid":"123938232"},"geometry":{"type":"MultiLineString","coordinates":[[[-85.0672,36.10573],[-85.06558,36.10513],[-85.0624,36.10535]]]}},{"type":"Feature","properties":{"kind":"minor-water","name":"Clear Creek","ftype":460,"lengthKm":0.25,"hu8":"06010208","pid":"123938212"},"geometry":{"type":"MultiLineString","coordinates":[[[-85.09629,36.11125],[-85.09568,36.11197],[-85.09578,36.11332]]]}},{"type":"Feature","properties":{"kind":"minor-water","name":"Apple Orchard Branch","ftype":460,"lengthKm":1.46,"hu8":"06010208","pid":"123941203"},"geometry":{"type":"MultiLineString","coordinates":[[[-85.01865,35.86546],[-85.01866,35.86478],[-85.01924,35.86467],[-85.01951,35.86425],[-85.01883,35.86295],[-85.01949,35.8628],[-85.02038,35.86141],[-85.02138,35.86095],[-85.02154,35.85986],[-85.02255,35.85906],[-85.02232,35.85782],[-85.02293,35.85721],[-85.0222,35.85452]]]}},{"type":"Feature","properties":{"kind":"minor-water","name":"Patton Creek","ftype":460,"lengthKm":0.85,"hu8":"06010208","pid":"123938383"},"geometry":{"type":"MultiLineString","coordinates":[[[-85.05098,36.06365],[-85.0488,36.06368],[-85.04801,36.06294],[-85.04704,36.06265],[-85.04501,36.06269],[-85.0437,36.06052]]]}},{"type":"Feature","properties":{"kind":"minor-water","name":"Onemile Creek","ftype":460,"lengthKm":0.37,"hu8":"06010208","pid":"123934245"},"geometry":{"type":"MultiLineString","coordinates":[[[-85.03799,35.92455],[-85.03686,35.92412],[-85.03558,35.92442],[-85.03431,35.92513]]]}},{"type":"Feature","properties":{"kind":"minor-water","name":"Clear Creek","ftype":460,"lengthKm":0.89,"hu8":"06010208","pid":"123933572"},"geometry":{"type":"MultiLineString","coordinates":[[[-85.02274,36.16529],[-85.02178,36.16525],[-85.02023,36.1637],[-85.0195,36.16267],[-85.01926,36.16115],[-85.01876,36.16045],[-85.01666,36.16012]]]}},{"type":"Feature","properties":{"kind":"minor-water","name":"Drowning Creek","ftype":460,"lengthKm":0.62,"hu8":"06010208","pid":"123938475"},"geometry":{"type":"MultiLineString","coordinates":[[[-85.07851,36.03358],[-85.07863,36.03237],[-85.07815,36.0318],[-85.07809,36.03104],[-85.07876,36.02959],[-85.07779,36.02853]]]}},{"type":"Feature","properties":{"kind":"minor-water","name":"Town Branch","ftype":460,"lengthKm":2.35,"hu8":"06010208","pid":"123934166"},"geometry":{"type":"MultiLineString","coordinates":[[[-85.02983,35.94374],[-85.03063,35.94517],[-85.03004,35.94669],[-85.03082,35.94834],[-85.03244,35.94934],[-85.03371,35.95083],[-85.03444,35.95094],[-85.03731,35.95045],[-85.03801,35.95074],[-85.03934,35.95058],[-85.0404,35.95117],[-85.04252,35.95172],[-85.04323,35.9525],[-85.04395,35.95264],[-85.04842,35.952]]]}},{"type":"Feature","properties":{"kind":"minor-water","name":"Clear Creek","ftype":460,"lengthKm":0.4,"hu8":"06010208","pid":"123932850"},"geometry":{"type":"MultiLineString","coordinates":[[[-85.17432,36.06215],[-85.1733,36.06331],[-85.1706,36.06368]]]}},{"type":"Feature","properties":{"kind":"minor-water","name":"Clear Creek","ftype":460,"lengthKm":1.51,"hu8":"06010208","pid":"123933577"},"geometry":{"type":"MultiLineString","coordinates":[[[-85.0149,36.16507],[-85.01375,36.16501],[-85.01284,36.16459],[-85.01214,36.16224],[-85.01235,36.16108],[-85.01493,36.15875],[-85.01493,36.15792],[-85.01387,36.15751],[-85.01217,36.15932],[-85.01092,36.15969]]]}},{"type":"Feature","properties":{"kind":"minor-water","name":"Peters Branch","ftype":460,"lengthKm":0.77,"hu8":"06010208","pid":"123934268"},"geometry":{"type":"MultiLineString","coordinates":[[[-85.05865,35.91869],[-85.05897,35.91979],[-85.06016,35.92137],[-85.05976,35.92246],[-85.05914,35.92294],[-85.059,35.92445],[-85.05854,35.92495]]]}},{"type":"Feature","properties":{"kind":"minor-water","name":"Lick Creek","ftype":460,"lengthKm":0.81,"hu8":"06010208","pid":"123941362"},"geometry":{"type":"MultiLineString","coordinates":[[[-85.02605,35.81296],[-85.02467,35.81323],[-85.02064,35.81052],[-85.01838,35.81106]]]}},{"type":"Feature","properties":{"kind":"minor-water","name":"Scale Creek","ftype":460,"lengthKm":1.73,"hu8":"06010208","pid":"123938358"},"geometry":{"type":"MultiLineString","coordinates":[[[-85.06164,36.07011],[-85.05987,36.0718],[-85.05871,36.07706],[-85.0561,36.07786],[-85.0544,36.07953],[-85.05344,36.07992],[-85.05251,36.08251]]]}},{"type":"Feature","properties":{"kind":"minor-water","name":"Flatrock Branch","ftype":460,"lengthKm":1.15,"hu8":"06010208","pid":"123941211"},"geometry":{"type":"MultiLineString","coordinates":[[[-85.07826,35.8528],[-85.07658,35.85313],[-85.07455,35.85428],[-85.07392,35.85547],[-85.07307,35.8554],[-85.0713,35.8573],[-85.07136,35.85825],[-85.06993,35.8594]]]}},{"type":"Feature","properties":{"kind":"minor-water","name":"Spring Branch","ftype":460,"lengthKm":0.61,"hu8":"06010208","pid":"123934325"},"geometry":{"type":"MultiLineString","coordinates":[[[-85.06898,35.90736],[-85.06815,35.90793],[-85.06637,35.90848],[-85.06526,35.91145]]]}},{"type":"Feature","properties":{"kind":"minor-water","name":"Burnt Cabin Branch","ftype":460,"lengthKm":1.09,"hu8":"06010208","pid":"123941406"},"geometry":{"type":"MultiLineString","coordinates":[[[-85.08286,35.79248],[-85.0794,35.79253],[-85.0761,35.79319],[-85.07249,35.79248],[-85.07126,35.79177]]]}},{"type":"Feature","properties":{"kind":"minor-water","name":"Meadow Creek","ftype":460,"lengthKm":0.37,"hu8":"06010208","pid":"123934014"},"geometry":{"type":"MultiLineString","coordinates":[[[-85.08504,35.9798],[-85.08345,35.98127],[-85.08291,35.98143],[-85.0827,35.98236]]]}},{"type":"Feature","properties":{"kind":"minor-water","name":"Patton Creek","ftype":460,"lengthKm":1.31,"hu8":"06010208","pid":"123938398"},"geometry":{"type":"MultiLineString","coordinates":[[[-85.04087,36.06008],[-85.03941,36.05809],[-85.03903,36.05667],[-85.03768,36.05704],[-85.03656,36.05697],[-85.03683,36.05837],[-85.03583,36.05859],[-85.03453,36.05828],[-85.03411,36.05663],[-85.03331,36.05602]]]}},{"type":"Feature","properties":{"kind":"minor-water","name":"Stephens Branch","ftype":460,"lengthKm":0.72,"hu8":"06010208","pid":"123938491"},"geometry":{"type":"MultiLineString","coordinates":[[[-85.12263,36.02171],[-85.11893,36.02299],[-85.11782,36.02304],[-85.11731,36.02351],[-85.1152,36.02368]]]}},{"type":"Feature","properties":{"kind":"minor-water","name":"Basses Creek","ftype":460,"lengthKm":0.78,"hu8":"06010208","pid":"123941213"},"geometry":{"type":"MultiLineString","coordinates":[[[-85.02154,35.8544],[-85.01942,35.85275],[-85.017,35.85247],[-85.01571,35.85178],[-85.01405,35.85203]]]}},{"type":"Feature","properties":{"kind":"minor-water","name":"Clear Creek","ftype":460,"lengthKm":0.8,"hu8":"06010208","pid":"123932846"},"geometry":{"type":"MultiLineString","coordinates":[[[-85.16873,36.06432],[-85.16806,36.06476],[-85.16789,36.0654],[-85.16835,36.06629],[-85.16746,36.06714],[-85.16657,36.06717],[-85.16678,36.06831],[-85.16602,36.06808],[-85.16592,36.06872],[-85.16531,36.06905]]]}},{"type":"Feature","properties":{"kind":"minor-water","name":"Panther Creek","ftype":460,"lengthKm":1.22,"hu8":"06010208","pid":"123932856"},"geometry":{"type":"MultiLineString","coordinates":[[[-85.14514,36.05935],[-85.14484,36.06061],[-85.14535,36.06114],[-85.1454,36.06233],[-85.14336,36.06311],[-85.14308,36.06384],[-85.14104,36.06437],[-85.14086,36.0649],[-85.14169,36.06569],[-85.14045,36.06634],[-85.14019,36.06699]]]}},{"type":"Feature","properties":{"kind":"minor-water","name":"Burnt Cabin Branch","ftype":460,"lengthKm":0.57,"hu8":"06010208","pid":"123941397"},"geometry":{"type":"MultiLineString","coordinates":[[[-85.04314,35.79859],[-85.03761,35.79609]]]}},{"type":"Feature","properties":{"kind":"minor-water","name":"Lickfork Creek","ftype":460,"lengthKm":0.38,"hu8":"06010208","pid":"123938226"},"geometry":{"type":"MultiLineString","coordinates":[[[-85.05844,36.10561],[-85.05631,36.10593],[-85.05573,36.10688],[-85.05508,36.10712]]]}},{"type":"Feature","properties":{"kind":"minor-water","name":"Adams Creek","ftype":558,"lengthKm":0.06,"hu8":"06010208","pid":"123938582"},"geometry":{"type":"MultiLineString","coordinates":[[[-85.01907,36.10198],[-85.01921,36.10146]]]}},{"type":"Feature","properties":{"kind":"minor-water","name":"Drowning Creek","ftype":460,"lengthKm":1.19,"hu8":"06010208","pid":"123938380"},"geometry":{"type":"MultiLineString","coordinates":[[[-85.1189,36.06289],[-85.11567,36.06413],[-85.11428,36.06415],[-85.11348,36.06464],[-85.11197,36.06497],[-85.1112,36.06601],[-85.10998,36.06651],[-85.10912,36.06635],[-85.10747,36.06714]]]}},{"type":"Feature","properties":{"kind":"minor-water","name":"Littlefield Branch","ftype":460,"lengthKm":0.19,"hu8":"06010208","pid":"123934127"},"geometry":{"type":"MultiLineString","coordinates":[[[-85.09558,35.95718],[-85.0949,35.9573],[-85.09377,35.95806]]]}},{"type":"Feature","properties":{"kind":"minor-water","name":"Copeland Creek","ftype":460,"lengthKm":0.25,"hu8":"06010208","pid":"123938522"},"geometry":{"type":"MultiLineString","coordinates":[[[-85.10047,36.00924],[-85.10031,36.0087],[-85.09837,36.00814]]]}},{"type":"Feature","properties":{"kind":"minor-water","name":"Obed River","ftype":558,"lengthKm":0.32,"hu8":"06010208","pid":"123938636"},"geometry":{"type":"MultiLineString","coordinates":[[[-85.03547,36.00516],[-85.03492,36.00568],[-85.03449,36.00784]]]}},{"type":"Feature","properties":{"kind":"minor-water","name":"Basses Creek","ftype":460,"lengthKm":0.58,"hu8":"06010208","pid":"123941189"},"geometry":{"type":"MultiLineString","coordinates":[[[-85.06302,35.86129],[-85.06351,35.86099],[-85.06611,35.86219],[-85.06779,35.86035]]]}},{"type":"Feature","properties":{"kind":"minor-water","name":"Daddys Creek","ftype":460,"lengthKm":1.26,"hu8":"06010208","pid":"123939502"},"geometry":{"type":"MultiLineString","coordinates":[[[-85.09795,35.74633],[-85.09883,35.7473],[-85.09906,35.75049],[-85.0981,35.75195],[-85.09704,35.75276],[-85.09685,35.75354],[-85.09319,35.75498]]]}},{"type":"Feature","properties":{"kind":"minor-water","name":"Caney Fork Creek","ftype":460,"lengthKm":1.48,"hu8":"06010208","pid":"123938482"},"geometry":{"type":"MultiLineString","coordinates":[[[-85.1317,36.03058],[-85.13091,36.02949],[-85.12935,36.03012],[-85.12727,36.03016],[-85.12647,36.03078],[-85.12449,36.03046],[-85.1236,36.02968],[-85.12171,36.0299],[-85.12127,36.02931],[-85.12,36.02886],[-85.11938,36.02819],[-85.11796,36.02782]]]}},{"type":"Feature","properties":{"kind":"minor-water","name":"Little Obed River","ftype":460,"lengthKm":0.79,"hu8":"06010208","pid":"123934029"},"geometry":{"type":"MultiLineString","coordinates":[[[-84.99828,35.97708],[-85.00027,35.97614],[-85.00088,35.97532],[-85.00199,35.97475],[-85.00342,35.97552],[-85.00375,35.97478],[-85.00506,35.97465]]]}},{"type":"Feature","properties":{"kind":"minor-water","name":"Byrd Creek","ftype":460,"lengthKm":0.3,"hu8":"06010208","pid":"123934383"},"geometry":{"type":"MultiLineString","coordinates":[[[-85.03303,35.89393],[-85.03148,35.89364],[-85.03045,35.89483]]]}},{"type":"Feature","properties":{"kind":"minor-water","name":"Long Branch","ftype":460,"lengthKm":0.18,"hu8":"06010208","pid":"123941278"},"geometry":{"type":"MultiLineString","coordinates":[[[-85.02326,35.83408],[-85.02456,35.8329]]]}},{"type":"Feature","properties":{"kind":"minor-water","name":"Daddys Creek","ftype":460,"lengthKm":1.95,"hu8":"06010208","pid":"123941374"},"geometry":{"type":"MultiLineString","coordinates":[[[-85.01548,35.80644],[-85.01401,35.80941],[-85.0135,35.81098],[-85.01351,35.81263],[-85.01301,35.81324],[-85.01179,35.8135],[-85.00767,35.81259],[-85.00617,35.8131],[-85.00633,35.81434],[-85.00809,35.81622],[-85.00788,35.81708]]]}},{"type":"Feature","properties":{"kind":"minor-water","name":"Clear Creek","ftype":460,"lengthKm":0.18,"hu8":"06010208","pid":"123932847"},"geometry":{"type":"MultiLineString","coordinates":[[[-85.1706,36.06368],[-85.16873,36.06432]]]}},{"type":"Feature","properties":{"kind":"minor-water","name":"Procter Creek","ftype":460,"lengthKm":0.36,"hu8":"06010208","pid":"123933998"},"geometry":{"type":"MultiLineString","coordinates":[[[-85.02731,35.98358],[-85.02962,35.98618]]]}},{"type":"Feature","properties":{"kind":"minor-water","name":"Scott Creek","ftype":460,"lengthKm":1.34,"hu8":"06010208","pid":"123936257"},"geometry":{"type":"MultiLineString","coordinates":[[[-85.00531,36.04551],[-85.00358,36.04516],[-85.00297,36.04558],[-85.00008,36.04611],[-84.99736,36.0449],[-84.99571,36.04471],[-84.99474,36.04502],[-84.99222,36.047]]]}},{"type":"Feature","properties":{"kind":"minor-water","name":"Drowning Creek","ftype":460,"lengthKm":0.63,"hu8":"06010208","pid":"123938503"},"geometry":{"type":"MultiLineString","coordinates":[[[-85.07208,36.02002],[-85.07152,36.01867],[-85.07033,36.01855],[-85.07001,36.01823],[-85.0699,36.01533]]]}},{"type":"Feature","properties":{"kind":"minor-water","name":"Hog Heaven Branch","ftype":558,"lengthKm":0.24,"hu8":"06010208","pid":"123941522"},"geometry":{"type":"MultiLineString","coordinates":[[[-85.04362,35.83575],[-85.04415,35.8336]]]}},{"type":"Feature","properties":{"kind":"minor-water","name":"Scott Creek","ftype":460,"lengthKm":0.65,"hu8":"06010208","pid":"123938453"},"geometry":{"type":"MultiLineString","coordinates":[[[-85.05589,36.03835],[-85.05482,36.03857],[-85.05434,36.03811],[-85.05356,36.0383],[-85.05294,36.03748],[-85.05162,36.03772],[-85.04963,36.03731]]]}},{"type":"Feature","properties":{"kind":"minor-water","name":"Meadow Creek","ftype":460,"lengthKm":0.04,"hu8":"06010208","pid":"123933989"},"geometry":{"type":"MultiLineString","coordinates":[[[-85.07276,35.98704],[-85.07246,35.98678]]]}},{"type":"Feature","properties":{"kind":"minor-water","name":"Copeland Creek","ftype":460,"lengthKm":1.03,"hu8":"06010208","pid":"123932888"},"geometry":{"type":"MultiLineString","coordinates":[[[-85.12925,36.04011],[-85.12797,36.03944],[-85.12582,36.03971],[-85.12482,36.03852],[-85.12411,36.0388],[-85.12339,36.03867],[-85.12251,36.03911],[-85.1212,36.03858],[-85.11988,36.03875],[-85.1194,36.03908]]]}},{"type":"Feature","properties":{"kind":"minor-water","name":"Bear Creek","ftype":460,"lengthKm":0.2,"hu8":"06010208","pid":"123933608"},"geometry":{"type":"MultiLineString","coordinates":[[[-85.05014,36.14784],[-85.05038,36.1491],[-85.04992,36.14946]]]}},{"type":"Feature","properties":{"kind":"minor-water","name":"Buck Creek","ftype":558,"lengthKm":0.05,"hu8":"06010208","pid":"123934562"},"geometry":{"type":"MultiLineString","coordinates":[[[-85.00162,35.87633],[-85.00174,35.8768]]]}},{"type":"Feature","properties":{"kind":"minor-water","name":"Martin Creek","ftype":558,"lengthKm":0.08,"hu8":"06010208","pid":"123934641"},"geometry":{"type":"MultiLineString","coordinates":[[[-85.09674,35.94135],[-85.09582,35.94143]]]}},{"type":"Feature","properties":{"kind":"minor-water","name":"Bear Creek","ftype":460,"lengthKm":0.14,"hu8":"06010208","pid":"123933612"},"geometry":{"type":"MultiLineString","coordinates":[[[-85.05021,36.14655],[-85.05014,36.14784]]]}},{"type":"Feature","properties":{"kind":"minor-water","name":"Cottrell Branch","ftype":460,"lengthKm":0.95,"hu8":"06010208","pid":"123941276"},"geometry":{"type":"MultiLineString","coordinates":[[[-85.08424,35.83467],[-85.08288,35.83528],[-85.08099,35.83742],[-85.07838,35.8416]]]}},{"type":"Feature","properties":{"kind":"minor-water","name":"Cottrell Branch","ftype":460,"lengthKm":0.59,"hu8":"06010208","pid":"123941246"},"geometry":{"type":"MultiLineString","coordinates":[[[-85.06765,35.84745],[-85.06646,35.84796],[-85.06607,35.84865],[-85.06548,35.84887],[-85.06558,35.84949],[-85.06528,35.84975],[-85.06339,35.84933],[-85.06304,35.84949]]]}},{"type":"Feature","properties":{"kind":"minor-water","name":"Basses Creek","ftype":460,"lengthKm":0.58,"hu8":"06010208","pid":"123941239"},"geometry":{"type":"MultiLineString","coordinates":[[[-85.04864,35.84845],[-85.0476,35.84828],[-85.04514,35.85119],[-85.04427,35.8517]]]}},{"type":"Feature","properties":{"kind":"minor-water","name":"Potter Creek","ftype":460,"lengthKm":0.28,"hu8":"06010208","pid":"123933944"},"geometry":{"type":"MultiLineString","coordinates":[[[-85.00763,35.99615],[-85.00958,35.99806]]]}},{"type":"Feature","properties":{"kind":"minor-water","name":"Bear Creek","ftype":460,"lengthKm":2.68,"hu8":"06010208","pid":"123938199"},"geometry":{"type":"MultiLineString","coordinates":[[[-85.07441,36.11732],[-85.07179,36.11793],[-85.07025,36.11863],[-85.06707,36.11835],[-85.06581,36.1186],[-85.0638,36.12057],[-85.06283,36.12221],[-85.06118,36.12266],[-85.05965,36.12353],[-85.05928,36.12443],[-85.0576,36.12525],[-85.05733,36.12571],[-85.05707,36.12677],[-85.05733,36.12771],[-85.05686,36.1289],[-85.05653,36.13212]]]}},{"type":"Feature","properties":{"kind":"minor-water","name":"Panther Creek","ftype":460,"lengthKm":0.37,"hu8":"06010208","pid":"123932825"},"geometry":{"type":"MultiLineString","coordinates":[[[-85.13211,36.07715],[-85.1318,36.07775],[-85.13273,36.07885],[-85.13283,36.0802]]]}},{"type":"Feature","properties":{"kind":"minor-water","name":"Middle Branch","ftype":460,"lengthKm":1.1,"hu8":"06010208","pid":"123938187"},"geometry":{"type":"MultiLineString","coordinates":[[[-85.07225,36.1236],[-85.07194,36.12474],[-85.07256,36.12651],[-85.07338,36.12757],[-85.07439,36.12809],[-85.07492,36.12792],[-85.07604,36.12836],[-85.07713,36.12955],[-85.07892,36.1305]]]}},{"type":"Feature","properties":{"kind":"minor-water","name":"Lick Creek","ftype":460,"lengthKm":0.06,"hu8":"06010208","pid":"123941317"},"geometry":{"type":"MultiLineString","coordinates":[[[-85.04074,35.8236],[-85.04056,35.82307]]]}},{"type":"Feature","properties":{"kind":"minor-water","name":"Clear Creek","ftype":460,"lengthKm":2.69,"hu8":"06010208","pid":"123938245"},"geometry":{"type":"MultiLineString","coordinates":[[[-85.11193,36.10117],[-85.10876,36.10095],[-85.10841,36.10202],[-85.10743,36.1024],[-85.10688,36.103],[-85.10725,36.10458],[-85.10657,36.10771],[-85.10553,36.10788],[-85.1046,36.10735],[-85.10445,36.10688],[-85.10345,36.10671],[-85.10279,36.10726],[-85.10202,36.10733],[-85.10133,36.10816],[-85.10047,36.10814],[-85.10042,36.10976],[-85.10104,36.11166],[-85.10075,36.11213],[-85.09955,36.11234],[-85.09629,36.11125]]]}},{"type":"Feature","properties":{"kind":"minor-water","name":"Long Branch","ftype":460,"lengthKm":0.22,"hu8":"06010208","pid":"123941282"},"geometry":{"type":"MultiLineString","coordinates":[[[-85.02509,35.83279],[-85.02701,35.83156]]]}},{"type":"Feature","properties":{"kind":"minor-water","name":"Littlefield Branch","ftype":460,"lengthKm":0.83,"hu8":"06010208","pid":"123934126"},"geometry":{"type":"MultiLineString","coordinates":[[[-85.09377,35.95806],[-85.09312,35.95834],[-85.09226,35.95955],[-85.09115,35.95998],[-85.08892,35.96408]]]}},{"type":"Feature","properties":{"kind":"minor-water","name":"Procter Creek","ftype":460,"lengthKm":1.55,"hu8":"06010208","pid":"123938556"},"geometry":{"type":"MultiLineString","coordinates":[[[-85.03098,35.99598],[-85.03084,35.9983],[-85.03124,35.99897],[-85.03065,35.9995],[-85.03155,36.00054],[-85.03086,36.00131],[-85.03243,36.00323],[-85.03243,36.00391],[-85.03357,36.00583],[-85.03283,36.00706],[-85.03447,36.00774]]]}},{"type":"Feature","properties":{"kind":"minor-water","name":"Panther Creek","ftype":558,"lengthKm":0.09,"hu8":"06010208","pid":"123932926"},"geometry":{"type":"MultiLineString","coordinates":[[[-85.15949,36.05248],[-85.15858,36.05287]]]}},{"type":"Feature","properties":{"kind":"minor-water","name":"Basses Creek","ftype":460,"lengthKm":0.29,"hu8":"06010208","pid":"123941223"},"geometry":{"type":"MultiLineString","coordinates":[[[-85.01405,35.85203],[-85.01291,35.8516],[-85.0115,35.85051]]]}},{"type":"Feature","properties":{"kind":"minor-water","name":"Scale Creek","ftype":460,"lengthKm":0.39,"hu8":"06010208","pid":"123938293"},"geometry":{"type":"MultiLineString","coordinates":[[[-85.05656,36.08876],[-85.05601,36.09056],[-85.05438,36.09156]]]}},{"type":"Feature","properties":{"kind":"minor-water","name":"Scott Creek","ftype":460,"lengthKm":0.18,"hu8":"06010208","pid":"123938447"},"geometry":{"type":"MultiLineString","coordinates":[[[-85.04785,36.03763],[-85.04746,36.03787],[-85.04715,36.03903]]]}},{"type":"Feature","properties":{"kind":"minor-water","name":"Lickfork Creek","ftype":460,"lengthKm":0.36,"hu8":"06010208","pid":"123938230"},"geometry":{"type":"MultiLineString","coordinates":[[[-85.0624,36.10535],[-85.05844,36.10561]]]}},{"type":"Feature","properties":{"kind":"minor-water","name":"Hog Heaven Branch","ftype":558,"lengthKm":0.1,"hu8":"06010208","pid":"123941520"},"geometry":{"type":"MultiLineString","coordinates":[[[-85.03928,35.84044],[-85.03994,35.83973]]]}},{"type":"Feature","properties":{"kind":"minor-water","name":"Scott Creek","ftype":460,"lengthKm":0.14,"hu8":"06010208","pid":"123938421"},"geometry":{"type":"MultiLineString","coordinates":[[[-85.00694,36.04579],[-85.00544,36.04554]]]}},{"type":"Feature","properties":{"kind":"minor-water","name":"Rocky Branch","ftype":460,"lengthKm":0.3,"hu8":"06010208","pid":"123933932"},"geometry":{"type":"MultiLineString","coordinates":[[[-85.00467,36.00113],[-85.00497,36.0007],[-85.00567,36.00057],[-85.00664,35.99985],[-85.0068,35.99933]]]}},{"type":"Feature","properties":{"kind":"minor-water","name":"Daddys Creek","ftype":460,"lengthKm":1.88,"hu8":"06010208","pid":"123941580"},"geometry":{"type":"MultiLineString","coordinates":[[[-85.00243,35.83227],[-85.00142,35.83296],[-84.9995,35.83295],[-84.99973,35.83351],[-85.00262,35.83552],[-85.00062,35.83702],[-84.99995,35.83891],[-84.99918,35.83893],[-84.9976,35.8376],[-84.99697,35.83769],[-84.99643,35.83873],[-84.99696,35.84096]]]}},{"type":"Feature","properties":{"kind":"minor-water","name":"Clear Creek","ftype":460,"lengthKm":0.35,"hu8":"06010208","pid":"123933556"},"geometry":{"type":"MultiLineString","coordinates":[[[-85.03157,36.1694],[-85.03064,36.16951],[-85.02914,36.17057],[-85.02829,36.1703]]]}},{"type":"Feature","properties":{"kind":"minor-water","name":"Clear Creek","ftype":460,"lengthKm":1.72,"hu8":"06010208","pid":"123938270"},"geometry":{"type":"MultiLineString","coordinates":[[[-85.12118,36.09644],[-85.11973,36.09631],[-85.1187,36.09653],[-85.11753,36.09619],[-85.11708,36.09572],[-85.1167,36.09583],[-85.11538,36.09744],[-85.11541,36.09919],[-85.11755,36.09929],[-85.11783,36.10002],[-85.1171,36.10015],[-85.11576,36.10113],[-85.11348,36.10069],[-85.11193,36.10117]]]}},{"type":"Feature","properties":{"kind":"minor-water","name":"Littlefield Branch","ftype":460,"lengthKm":0.57,"hu8":"06010208","pid":"123934082"},"geometry":{"type":"MultiLineString","coordinates":[[[-85.08804,35.96617],[-85.08883,35.96836],[-85.088,35.96986],[-85.08813,35.97103]]]}},{"type":"Feature","properties":{"kind":"minor-water","name":"Copeland Creek","ftype":460,"lengthKm":0.77,"hu8":"06010208","pid":"123932887"},"geometry":{"type":"MultiLineString","coordinates":[[[-85.13561,36.04349],[-85.13416,36.04081],[-85.12925,36.04011]]]}},{"type":"Feature","properties":{"kind":"minor-water","name":"Clear Creek","ftype":460,"lengthKm":0.14,"hu8":"06010208","pid":"123933590"},"geometry":{"type":"MultiLineString","coordinates":[[[-85.05864,36.15176],[-85.05756,36.15266]]]}},{"type":"Feature","properties":{"kind":"minor-water","name":"Copeland Creek","ftype":460,"lengthKm":0.31,"hu8":"06010208","pid":"123938459"},"geometry":{"type":"MultiLineString","coordinates":[[[-85.11072,36.03858],[-85.11062,36.03779],[-85.10923,36.03612]]]}},{"type":"Feature","properties":{"kind":"minor-water","name":"Onemile Creek","ftype":460,"lengthKm":1.58,"hu8":"06010208","pid":"123935257"},"geometry":{"type":"MultiLineString","coordinates":[[[-85.00066,35.93521],[-85.00033,35.93538],[-84.99932,35.93434],[-84.99854,35.93419],[-84.99849,35.933],[-84.99695,35.93239],[-84.99608,35.93119],[-84.99108,35.92989],[-84.98918,35.92987],[-84.98825,35.92932],[-84.9868,35.92949]]]}},{"type":"Feature","properties":{"kind":"minor-water","name":"Martin Creek","ftype":558,"lengthKm":0.75,"hu8":"06010208","pid":"123934667"},"geometry":{"type":"MultiLineString","coordinates":[[[-85.08097,35.94643],[-85.07982,35.9469],[-85.07291,35.94797]]]}},{"type":"Feature","properties":{"kind":"minor-water","name":"Copeland Creek","ftype":460,"lengthKm":0.63,"hu8":"06010208","pid":"123938514"},"geometry":{"type":"MultiLineString","coordinates":[[[-85.09971,36.0128],[-85.09802,36.01203],[-85.09784,36.01156],[-85.09875,36.01087],[-85.09993,36.01077],[-85.10047,36.00924]]]}},{"type":"Feature","properties":{"kind":"minor-water","name":"Copeland Creek","ftype":460,"lengthKm":0.58,"hu8":"06010208","pid":"123938519"},"geometry":{"type":"MultiLineString","coordinates":[[[-85.09337,36.00854],[-85.09258,36.00932],[-85.09204,36.00944],[-85.09073,36.00921],[-85.08944,36.00851],[-85.0877,36.00885]]]}},{"type":"Feature","properties":{"kind":"minor-water","name":"Gould Creek","ftype":558,"lengthKm":0.01,"hu8":"06010208","pid":"123938651"},"geometry":{"type":"MultiLineString","coordinates":[[[-85.01529,36.03172],[-85.0152,36.03178]]]}},{"type":"Feature","properties":{"kind":"minor-water","name":"Lick Creek","ftype":460,"lengthKm":0.76,"hu8":"06010208","pid":"123941330"},"geometry":{"type":"MultiLineString","coordinates":[[[-85.08081,35.82138],[-85.07827,35.82207],[-85.07793,35.82273],[-85.07529,35.82299],[-85.07353,35.82404]]]}},{"type":"Feature","properties":{"kind":"minor-water","name":"Wallace Branch","ftype":460,"lengthKm":0.83,"hu8":"06010208","pid":"123936388"},"geometry":{"type":"MultiLineString","coordinates":[[[-84.99751,36.01002],[-84.99799,36.00961],[-84.99812,36.00895],[-84.99932,36.00836],[-84.99978,36.00757],[-85.00399,36.00507]]]}},{"type":"Feature","properties":{"kind":"minor-water","name":"Daddys Creek","ftype":460,"lengthKm":0.33,"hu8":"06010208","pid":"123941341"},"geometry":{"type":"MultiLineString","coordinates":[[[-85.00831,35.81776],[-85.00969,35.81875],[-85.0114,35.81923]]]}},{"type":"Feature","properties":{"kind":"minor-water","name":"Adams Creek","ftype":460,"lengthKm":0.05,"hu8":"06010208","pid":"123938242"},"geometry":{"type":"MultiLineString","coordinates":[[[-85.01921,36.10146],[-85.0192,36.10097]]]}},{"type":"Feature","properties":{"kind":"minor-water","name":"Adams Creek","ftype":460,"lengthKm":0.12,"hu8":"06010208","pid":"123938349"},"geometry":{"type":"MultiLineString","coordinates":[[[-85.01471,36.07268],[-85.01365,36.07339]]]}},{"type":"Feature","properties":{"kind":"minor-water","name":"Burnt Cabin Branch","ftype":460,"lengthKm":0.62,"hu8":"06010208","pid":"123941401"},"geometry":{"type":"MultiLineString","coordinates":[[[-85.05406,35.79437],[-85.05424,35.79512],[-85.05371,35.79535],[-85.05347,35.79594],[-85.05083,35.79717],[-85.0501,35.79824]]]}},{"type":"Feature","properties":{"kind":"minor-water","name":"Obed River","ftype":558,"lengthKm":0.08,"hu8":"06010208","pid":"123938648"},"geometry":{"type":"MultiLineString","coordinates":[[[-85.01759,36.01883],[-85.01692,36.0193]]]}},{"type":"Feature","properties":{"kind":"minor-water","name":"Basses Creek","ftype":558,"lengthKm":0.07,"hu8":"06010208","pid":"123941555"},"geometry":{"type":"MultiLineString","coordinates":[[[-85.03003,35.8547],[-85.02933,35.85441]]]}},{"type":"Feature","properties":{"kind":"minor-water","name":"Baker Branch","ftype":460,"lengthKm":0.77,"hu8":"06010208","pid":"123933945"},"geometry":{"type":"MultiLineString","coordinates":[[[-85.10605,35.99777],[-85.10359,35.99793],[-85.10231,35.99767],[-85.10123,35.9982],[-85.09906,35.99854],[-85.09788,35.99821]]]}},{"type":"Feature","properties":{"kind":"minor-water","name":"Caney Fork Creek","ftype":558,"lengthKm":0.18,"hu8":"06010208","pid":"123932919"},"geometry":{"type":"MultiLineString","coordinates":[[[-85.15377,36.04369],[-85.15191,36.04306]]]}},{"type":"Feature","properties":{"kind":"minor-water","name":"Lick Creek","ftype":460,"lengthKm":0.29,"hu8":"06010208","pid":"123941329"},"geometry":{"type":"MultiLineString","coordinates":[[[-85.08353,35.82275],[-85.08156,35.82152],[-85.08081,35.82138]]]}},{"type":"Feature","properties":{"kind":"minor-water","name":"Drowning Creek","ftype":460,"lengthKm":1,"hu8":"06010208","pid":"123938396"},"geometry":{"type":"MultiLineString","coordinates":[[[-85.09124,36.05928],[-85.08884,36.05769],[-85.0865,36.05949],[-85.08535,36.05915],[-85.08442,36.05935],[-85.0835,36.05858],[-85.08237,36.059]]]}},{"type":"Feature","properties":{"kind":"minor-water","name":"Little Obed River","ftype":460,"lengthKm":0.57,"hu8":"06010208","pid":"123934063"},"geometry":{"type":"MultiLineString","coordinates":[[[-85.00865,35.972],[-85.0111,35.96862],[-85.01255,35.96865]]]}},{"type":"Feature","properties":{"kind":"minor-water","name":"Basses Creek","ftype":460,"lengthKm":0.29,"hu8":"06010208","pid":"123941238"},"geometry":{"type":"MultiLineString","coordinates":[[[-85.05152,35.84953],[-85.04864,35.84845]]]}},{"type":"Feature","properties":{"kind":"minor-water","name":"Threemile Creek","ftype":460,"lengthKm":1.05,"hu8":"06010208","pid":"123934277"},"geometry":{"type":"MultiLineString","coordinates":[[[-85.01078,35.91669],[-85.00916,35.9157],[-85.00795,35.91694],[-85.00562,35.91606],[-85.00479,35.91628],[-85.00428,35.91707],[-85.00282,35.91659],[-85.00131,35.91689]]]}},{"type":"Feature","properties":{"kind":"minor-water","name":"Littlefield Branch","ftype":460,"lengthKm":0.36,"hu8":"06010208","pid":"123934171"},"geometry":{"type":"MultiLineString","coordinates":[[[-85.11128,35.94446],[-85.10735,35.94478]]]}},{"type":"Feature","properties":{"kind":"minor-water","name":"Long Branch","ftype":460,"lengthKm":0.05,"hu8":"06010208","pid":"123941279"},"geometry":{"type":"MultiLineString","coordinates":[[[-85.02456,35.8329],[-85.02509,35.83279]]]}},{"type":"Feature","properties":{"kind":"minor-water","name":"Procter Creek","ftype":460,"lengthKm":0.61,"hu8":"06010208","pid":"123933962"},"geometry":{"type":"MultiLineString","coordinates":[[[-85.03055,35.99069],[-85.03128,35.9925],[-85.03094,35.99367],[-85.0312,35.99485],[-85.03098,35.99598]]]}},{"type":"Feature","properties":{"kind":"minor-water","name":"Littlefield Branch","ftype":460,"lengthKm":0.44,"hu8":"06010208","pid":"123934133"},"geometry":{"type":"MultiLineString","coordinates":[[[-85.10014,35.95579],[-85.09558,35.95718]]]}},{"type":"Feature","properties":{"kind":"minor-water","name":"Basses Creek","ftype":460,"lengthKm":0.39,"hu8":"06010208","pid":"123941231"},"geometry":{"type":"MultiLineString","coordinates":[[[-85.05538,35.8509],[-85.05336,35.85064],[-85.05152,35.84953]]]}},{"type":"Feature","properties":{"kind":"minor-water","name":"Lick Creek","ftype":460,"lengthKm":0.28,"hu8":"06010208","pid":"123941349"},"geometry":{"type":"MultiLineString","coordinates":[[[-85.03368,35.81696],[-85.0321,35.8165],[-85.03067,35.81667]]]}},{"type":"Feature","properties":{"kind":"minor-water","name":"Adams Creek","ftype":460,"lengthKm":0.7,"hu8":"06010208","pid":"123938296"},"geometry":{"type":"MultiLineString","coordinates":[[[-85.02371,36.08804],[-85.02354,36.08733],[-85.02419,36.08595],[-85.02519,36.08559],[-85.02547,36.08478],[-85.02451,36.08359],[-85.02501,36.08272]]]}},{"type":"Feature","properties":{"kind":"minor-water","name":"Peters Branch","ftype":558,"lengthKm":0.01,"hu8":"06010208","pid":"123934671"},"geometry":{"type":"MultiLineString","coordinates":[[[-85.06776,35.93951],[-85.06762,35.93944]]]}},{"type":"Feature","properties":{"kind":"minor-water","name":"Basses Creek","ftype":558,"lengthKm":0.95,"hu8":"06010208","pid":"123941465"},"geometry":{"type":"MultiLineString","coordinates":[[[-85.0684,35.86813],[-85.06366,35.86431],[-85.06282,35.86226],[-85.06302,35.86129]]]}},{"type":"Feature","properties":{"kind":"minor-water","name":"Drowning Creek","ftype":460,"lengthKm":0.21,"hu8":"06010208","pid":"123938480"},"geometry":{"type":"MultiLineString","coordinates":[[[-85.07779,36.02853],[-85.07616,36.02723]]]}},{"type":"Feature","properties":{"kind":"minor-water","name":"Black Drowning Creek","ftype":460,"lengthKm":0.67,"hu8":"06010208","pid":"123938548"},"geometry":{"type":"MultiLineString","coordinates":[[[-85.06059,36.00697],[-85.06129,36.00545],[-85.06096,36.0054],[-85.06122,36.00447],[-85.06191,36.00391],[-85.06289,36.00218],[-85.06259,36.00171]]]}},{"type":"Feature","properties":{"kind":"minor-water","name":"Drowning Creek","ftype":460,"lengthKm":0.57,"hu8":"06010208","pid":"123938387"},"geometry":{"type":"MultiLineString","coordinates":[[[-85.12362,36.06048],[-85.12198,36.0626],[-85.12015,36.06269],[-85.1194,36.0631],[-85.1189,36.06289]]]}},{"type":"Feature","properties":{"kind":"minor-water","name":"Caney Fork Creek","ftype":460,"lengthKm":0.15,"hu8":"06010208","pid":"123932908"},"geometry":{"type":"MultiLineString","coordinates":[[[-85.13318,36.03119],[-85.1317,36.03058]]]}},{"type":"Feature","properties":{"kind":"minor-water","name":"Coon Hollow Branch","ftype":460,"lengthKm":0.22,"hu8":"06010208","pid":"123934340"},"geometry":{"type":"MultiLineString","coordinates":[[[-85.0134,35.90336],[-85.01222,35.90296],[-85.01143,35.90227]]]}},{"type":"Feature","properties":{"kind":"minor-water","name":"Wilson Pen Branch","ftype":558,"lengthKm":0.1,"hu8":"06010208","pid":"123941554"},"geometry":{"type":"MultiLineString","coordinates":[[[-85.03076,35.8554],[-85.03003,35.8547]]]}},{"type":"Feature","properties":{"kind":"minor-water","name":"Flatrock Branch","ftype":460,"lengthKm":0.37,"hu8":"06010208","pid":"123941219"},"geometry":{"type":"MultiLineString","coordinates":[[[-85.08223,35.85213],[-85.08071,35.85205],[-85.07826,35.8528]]]}},{"type":"Feature","properties":{"kind":"minor-water","name":"Adams Creek","ftype":558,"lengthKm":0.21,"hu8":"06010208","pid":"123938583"},"geometry":{"type":"MultiLineString","coordinates":[[[-85.0192,36.10097],[-85.0194,36.09909]]]}},{"type":"Feature","properties":{"kind":"minor-water","name":"Spiers Branch","ftype":460,"lengthKm":0.5,"hu8":"06010208","pid":"123934157"},"geometry":{"type":"MultiLineString","coordinates":[[[-85.04903,35.94786],[-85.04851,35.94885],[-85.04906,35.94976],[-85.04834,35.95088],[-85.04842,35.952]]]}},{"type":"Feature","properties":{"kind":"minor-water","name":"Stephens Branch","ftype":460,"lengthKm":0.79,"hu8":"06010208","pid":"123938489"},"geometry":{"type":"MultiLineString","coordinates":[[[-85.11328,36.02429],[-85.11231,36.02455],[-85.11174,36.02349],[-85.11042,36.02266],[-85.10582,36.02204]]]}},{"type":"Feature","properties":{"kind":"minor-water","name":"Lickfork Creek","ftype":460,"lengthKm":0.41,"hu8":"06010208","pid":"123938247"},"geometry":{"type":"MultiLineString","coordinates":[[[-85.08306,36.10002],[-85.08263,36.10101],[-85.08056,36.10163],[-85.07988,36.10229]]]}},{"type":"Feature","properties":{"kind":"minor-water","name":"Drowning Creek","ftype":460,"lengthKm":0.16,"hu8":"06010208","pid":"123938389"},"geometry":{"type":"MultiLineString","coordinates":[[[-85.09302,36.05957],[-85.09124,36.05928]]]}},{"type":"Feature","properties":{"kind":"minor-water","name":"Caney Fork Creek","ftype":460,"lengthKm":0.33,"hu8":"06010208","pid":"123932878"},"geometry":{"type":"MultiLineString","coordinates":[[[-85.15445,36.04659],[-85.15413,36.04412],[-85.15377,36.04369]]]}},{"type":"Feature","properties":{"kind":"minor-water","name":"Basses Creek","ftype":460,"lengthKm":0.5,"hu8":"06010208","pid":"123941217"},"geometry":{"type":"MultiLineString","coordinates":[[[-85.00147,35.85151],[-84.99968,35.85079],[-84.99876,35.84799]]]}},{"type":"Feature","properties":{"kind":"minor-water","name":"Adams Creek","ftype":460,"lengthKm":0.12,"hu8":"06010208","pid":"123938342"},"geometry":{"type":"MultiLineString","coordinates":[[[-85.01365,36.07339],[-85.01264,36.0741]]]}},{"type":"Feature","properties":{"kind":"minor-water","name":"Clear Creek","ftype":460,"lengthKm":0.93,"hu8":"06010208","pid":"123938299"},"geometry":{"type":"MultiLineString","coordinates":[[[-85.12661,36.08931],[-85.12496,36.08921],[-85.12417,36.08966],[-85.12508,36.09076],[-85.12469,36.09262],[-85.12538,36.09561]]]}},{"type":"Feature","properties":{"kind":"minor-water","name":"Littlefield Branch","ftype":460,"lengthKm":0.03,"hu8":"06010208","pid":"123934058"},"geometry":{"type":"MultiLineString","coordinates":[[[-85.08813,35.97103],[-85.08843,35.97112]]]}},{"type":"Feature","properties":{"kind":"minor-water","name":"Lick Creek","ftype":460,"lengthKm":0.81,"hu8":"06010208","pid":"123941311"},"geometry":{"type":"MultiLineString","coordinates":[[[-85.06862,35.82403],[-85.06654,35.82491],[-85.06487,35.82469],[-85.06423,35.82422],[-85.06346,35.82528],[-85.06262,35.82581],[-85.06189,35.82589],[-85.06124,35.82551]]]}},{"type":"Feature","properties":{"kind":"minor-water","name":"Sulphur Spring Branch","ftype":460,"lengthKm":0.24,"hu8":"06010208","pid":"123941262"},"geometry":{"type":"MultiLineString","coordinates":[[[-85.03572,35.84079],[-85.03617,35.83969],[-85.03556,35.83884]]]}},{"type":"Feature","properties":{"kind":"minor-water","name":"Panther Creek","ftype":558,"lengthKm":0.64,"hu8":"06010208","pid":"123932940"},"geometry":{"type":"MultiLineString","coordinates":[[[-85.14019,36.06699],[-85.1397,36.06841],[-85.13557,36.06876],[-85.13452,36.0685]]]}},{"type":"Feature","properties":{"kind":"minor-water","name":"Drowning Creek","ftype":460,"lengthKm":0.47,"hu8":"06010208","pid":"123932870"},"geometry":{"type":"MultiLineString","coordinates":[[[-85.13533,36.05249],[-85.13505,36.05533],[-85.13406,36.05645]]]}},{"type":"Feature","properties":{"kind":"minor-water","name":"Byrd Creek","ftype":460,"lengthKm":0.14,"hu8":"06010208","pid":"123934377"},"geometry":{"type":"MultiLineString","coordinates":[[[-85.06295,35.89521],[-85.0618,35.89431]]]}},{"type":"Feature","properties":{"kind":"minor-water","name":"Byrd Creek","ftype":460,"lengthKm":0.24,"hu8":"06010208","pid":"123934363"},"geometry":{"type":"MultiLineString","coordinates":[[[-85.0686,35.89902],[-85.06796,35.8975],[-85.06805,35.89693]]]}},{"type":"Feature","properties":{"kind":"minor-water","name":"Martin Creek","ftype":558,"lengthKm":0.04,"hu8":"06010208","pid":"123934666"},"geometry":{"type":"MultiLineString","coordinates":[[[-85.08135,35.94652],[-85.08097,35.94643]]]}},{"type":"Feature","properties":{"kind":"minor-water","name":"Apple Orchard Branch","ftype":460,"lengthKm":0.24,"hu8":"06010208","pid":"123941185"},"geometry":{"type":"MultiLineString","coordinates":[[[-85.01656,35.86645],[-85.01798,35.86538],[-85.01865,35.86546]]]}},{"type":"Feature","properties":{"kind":"minor-water","name":"Clear Creek","ftype":460,"lengthKm":0.3,"hu8":"06010208","pid":"123932811"},"geometry":{"type":"MultiLineString","coordinates":[[[-85.15686,36.08482],[-85.15577,36.08462],[-85.15464,36.08496],[-85.15372,36.08462]]]}},{"type":"Feature","properties":{"kind":"minor-water","name":"Daddys Creek","ftype":460,"lengthKm":0.09,"hu8":"06010208","pid":"123941300"},"geometry":{"type":"MultiLineString","coordinates":[[[-85.00583,35.82665],[-85.00514,35.82601]]]}},{"type":"Feature","properties":{"kind":"minor-water","name":"Myatt Creek","ftype":558,"lengthKm":0.09,"hu8":"06010208","pid":"123938581"},"geometry":{"type":"MultiLineString","coordinates":[[[-85.00671,36.10298],[-85.00601,36.10361]]]}},{"type":"Feature","properties":{"kind":"minor-water","name":"Basses Creek","ftype":460,"lengthKm":0.06,"hu8":"06010208","pid":"123941204"},"geometry":{"type":"MultiLineString","coordinates":[[[-85.0222,35.85452],[-85.02154,35.8544]]]}},{"type":"Feature","properties":{"kind":"minor-water","name":"Daddys Creek","ftype":460,"lengthKm":0.39,"hu8":"06010208","pid":"123941304"},"geometry":{"type":"MultiLineString","coordinates":[[[-85.00667,35.82445],[-85.00594,35.82487],[-85.00688,35.82561],[-85.00685,35.82639],[-85.00654,35.8267],[-85.00583,35.82665]]]}},{"type":"Feature","properties":{"kind":"minor-water","name":"Basses Creek","ftype":460,"lengthKm":0.32,"hu8":"06010208","pid":"123934436"},"geometry":{"type":"MultiLineString","coordinates":[[[-85.09488,35.87703],[-85.09196,35.8786]]]}},{"type":"Feature","properties":{"kind":"minor-water","name":"Cottrell Branch","ftype":460,"lengthKm":0.2,"hu8":"06010208","pid":"123941228"},"geometry":{"type":"MultiLineString","coordinates":[[[-85.06343,35.85123],[-85.06135,35.8507]]]}},{"type":"Feature","properties":{"kind":"minor-water","name":"Spiers Branch","ftype":558,"lengthKm":0.18,"hu8":"06010208","pid":"123934624"},"geometry":{"type":"MultiLineString","coordinates":[[[-85.05079,35.92365],[-85.04937,35.92485]]]}},{"type":"Feature","properties":{"kind":"minor-water","name":"Byrd Creek","ftype":558,"lengthKm":0.34,"hu8":"06010208","pid":"123934531"},"geometry":{"type":"MultiLineString","coordinates":[[[-85.06013,35.89447],[-85.0594,35.89452],[-85.05788,35.89357],[-85.05687,35.89387]]]}},{"type":"Feature","properties":{"kind":"minor-water","name":"Byrd Creek","ftype":558,"lengthKm":0.67,"hu8":"06010208","pid":"123934534"},"geometry":{"type":"MultiLineString","coordinates":[[[-85.05687,35.89387],[-85.05517,35.89279],[-85.05403,35.89162],[-85.05059,35.8913]]]}},{"type":"Feature","properties":{"kind":"minor-water","name":"Bear Creek","ftype":460,"lengthKm":0.34,"hu8":"06010208","pid":"123933619"},"geometry":{"type":"MultiLineString","coordinates":[[[-85.04945,36.1436],[-85.05026,36.14511],[-85.05021,36.14655]]]}},{"type":"Feature","properties":{"kind":"minor-water","name":"Potter Creek","ftype":460,"lengthKm":0.12,"hu8":"06010208","pid":"123933936"},"geometry":{"type":"MultiLineString","coordinates":[[[-85.00958,35.99806],[-85.01021,35.99904]]]}},{"type":"Feature","properties":{"kind":"minor-water","name":"Caney Fork Creek","ftype":558,"lengthKm":0.03,"hu8":"06010208","pid":"123932925"},"geometry":{"type":"MultiLineString","coordinates":[[[-85.14782,36.03862],[-85.1479,36.03838]]]}},{"type":"Feature","properties":{"kind":"minor-water","name":"Basses Creek","ftype":558,"lengthKm":0.16,"hu8":"06010208","pid":"123934511"},"geometry":{"type":"MultiLineString","coordinates":[[[-85.07848,35.87648],[-85.0784,35.87507]]]}},{"type":"Feature","properties":{"kind":"minor-water","name":"Clear Creek","ftype":460,"lengthKm":0.99,"hu8":"06010208","pid":"123932808"},"geometry":{"type":"MultiLineString","coordinates":[[[-85.13093,36.0847],[-85.12841,36.08651],[-85.12985,36.08793],[-85.12976,36.08955],[-85.12932,36.08971],[-85.12794,36.0891],[-85.12661,36.08931]]]}},{"type":"Feature","properties":{"kind":"minor-water","name":"Clear Creek","ftype":460,"lengthKm":0.46,"hu8":"06010208","pid":"123938267"},"geometry":{"type":"MultiLineString","coordinates":[[[-85.12538,36.09561],[-85.1254,36.09633],[-85.12424,36.09659],[-85.12118,36.09644]]]}},{"type":"Feature","properties":{"kind":"minor-water","name":"Stillhouse Creek","ftype":460,"lengthKm":1.55,"hu8":"06010208","pid":"123941171"},"geometry":{"type":"MultiLineString","coordinates":[[[-85.0416,35.87329],[-85.04252,35.87507],[-85.04419,35.87595],[-85.04534,35.87739],[-85.04526,35.87799],[-85.04432,35.87915],[-85.04528,35.88102],[-85.04334,35.88223],[-85.04254,35.88336],[-85.04118,35.88425]]]}},{"type":"Feature","properties":{"kind":"minor-water","name":"Daddys Creek","ftype":460,"lengthKm":0.16,"hu8":"06010208","pid":"123941429"},"geometry":{"type":"MultiLineString","coordinates":[[[-85.04636,35.78128],[-85.04656,35.78183],[-85.04585,35.78253]]]}},{"type":"Feature","properties":{"kind":"minor-water","name":"Sulphur Spring Branch","ftype":558,"lengthKm":0.24,"hu8":"06010208","pid":"123941523"},"geometry":{"type":"MultiLineString","coordinates":[[[-85.03803,35.82859],[-85.03842,35.82805],[-85.03953,35.82788],[-85.03978,35.82732]]]}},{"type":"Feature","properties":{"kind":"minor-water","name":"Copeland Creek","ftype":460,"lengthKm":1.04,"hu8":"06010208","pid":"123938450"},"geometry":{"type":"MultiLineString","coordinates":[[[-85.1194,36.03908],[-85.11596,36.03933],[-85.11548,36.04019],[-85.1145,36.04002],[-85.11317,36.04072],[-85.11289,36.04047],[-85.11309,36.03939],[-85.11072,36.03858]]]}},{"type":"Feature","properties":{"kind":"minor-water","name":"Caney Fork Creek","ftype":460,"lengthKm":0.59,"hu8":"06010208","pid":"123932901"},"geometry":{"type":"MultiLineString","coordinates":[[[-85.1479,36.03838],[-85.14863,36.0376],[-85.14896,36.03641],[-85.14756,36.03356]]]}},{"type":"Feature","properties":{"kind":"minor-water","name":"Drowning Creek","ftype":460,"lengthKm":0.38,"hu8":"06010208","pid":"123938393"},"geometry":{"type":"MultiLineString","coordinates":[[[-85.10127,36.06091],[-85.10094,36.06033],[-85.0994,36.05999],[-85.09827,36.05885]]]}},{"type":"Feature","properties":{"kind":"minor-water","name":"Little Obed River","ftype":558,"lengthKm":0.18,"hu8":"06010208","pid":"123934685"},"geometry":{"type":"MultiLineString","coordinates":[[[-85.00506,35.97465],[-85.0062,35.9748],[-85.00674,35.97423]]]}},{"type":"Feature","properties":{"kind":"minor-water","name":"Byrd Creek","ftype":558,"lengthKm":0.17,"hu8":"06010208","pid":"123934535"},"geometry":{"type":"MultiLineString","coordinates":[[[-85.05059,35.8913],[-85.04919,35.8923]]]}},{"type":"Feature","properties":{"kind":"minor-water","name":"Adams Creek","ftype":460,"lengthKm":0.01,"hu8":"06010208","pid":"123938266"},"geometry":{"type":"MultiLineString","coordinates":[[[-85.02092,36.09617],[-85.02099,36.09616]]]}},{"type":"Feature","properties":{"kind":"minor-water","name":"Drowning Creek","ftype":460,"lengthKm":0.48,"hu8":"06010208","pid":"123932860"},"geometry":{"type":"MultiLineString","coordinates":[[[-85.12732,36.05782],[-85.12665,36.05903],[-85.12588,36.05909],[-85.12451,36.06026],[-85.12362,36.06048]]]}},{"type":"Feature","properties":{"kind":"minor-water","name":"Littlefield Branch","ftype":460,"lengthKm":0.09,"hu8":"06010208","pid":"123934170"},"geometry":{"type":"MultiLineString","coordinates":[[[-85.11213,35.94484],[-85.11128,35.94446]]]}},{"type":"Feature","properties":{"kind":"minor-water","name":"Sulphur Spring Branch","ftype":460,"lengthKm":1.24,"hu8":"06010208","pid":"123941290"},"geometry":{"type":"MultiLineString","coordinates":[[[-85.03525,35.83829],[-85.03387,35.8364],[-85.03443,35.83579],[-85.03497,35.83412],[-85.03609,35.83339],[-85.03614,35.83231],[-85.03772,35.83061],[-85.03754,35.82949],[-85.03803,35.82859]]]}},{"type":"Feature","properties":{"kind":"minor-water","name":"Scott Creek","ftype":460,"lengthKm":0.01,"hu8":"06010208","pid":"123938422"},"geometry":{"type":"MultiLineString","coordinates":[[[-85.00544,36.04554],[-85.00531,36.04551]]]}},{"type":"Feature","properties":{"kind":"minor-water","name":"No Business Creek","ftype":460,"lengthKm":0.84,"hu8":"06010208","pid":"123938211"},"geometry":{"type":"MultiLineString","coordinates":[[[-85.04762,36.11058],[-85.0473,36.11175],[-85.04659,36.11219],[-85.04593,36.11361],[-85.045,36.11464],[-85.04153,36.11526]]]}},{"type":"Feature","properties":{"kind":"minor-water","name":"Obed River","ftype":460,"lengthKm":0.45,"hu8":"06010208","pid":"123934264"},"geometry":{"type":"MultiLineString","coordinates":[[[-85.10511,35.92042],[-85.10285,35.92399]]]}},{"type":"Feature","properties":{"kind":"minor-water","name":"How Come You Creek","ftype":460,"lengthKm":2.72,"hu8":"06010208","pid":"123938218"},"geometry":{"type":"MultiLineString","coordinates":[[[-85.02917,36.10735],[-85.02713,36.11028],[-85.02757,36.11175],[-85.02679,36.11381],[-85.02683,36.11452],[-85.02621,36.11497],[-85.02493,36.11808],[-85.02414,36.1188],[-85.0239,36.11988],[-85.0233,36.12045],[-85.02247,36.12233],[-85.02116,36.12286],[-85.02037,36.12478],[-85.018,36.12748],[-85.01834,36.12828],[-85.01818,36.12885]]]}},{"type":"Feature","properties":{"kind":"minor-water","name":"Basses Creek","ftype":558,"lengthKm":0.88,"hu8":"06010208","pid":"123941464"},"geometry":{"type":"MultiLineString","coordinates":[[[-85.07631,35.87281],[-85.0684,35.86813]]]}},{"type":"Feature","properties":{"kind":"minor-water","name":"Sulphur Spring Branch","ftype":460,"lengthKm":0.44,"hu8":"06010208","pid":"123941309"},"geometry":{"type":"MultiLineString","coordinates":[[[-85.03978,35.82732],[-85.04016,35.8269],[-85.03996,35.82585],[-85.04074,35.8236]]]}},{"type":"Feature","properties":{"kind":"minor-water","name":"Big Branch","ftype":460,"lengthKm":1.45,"hu8":"06010208","pid":"123933542"},"geometry":{"type":"MultiLineString","coordinates":[[[-85.0107,36.18272],[-85.00753,36.1821],[-85.00696,36.17976],[-85.00867,36.17835],[-85.00964,36.17704],[-85.01029,36.17686],[-85.01054,36.17606],[-85.01145,36.17529],[-85.0116,36.17439],[-85.01255,36.17348]]]}},{"type":"Feature","properties":{"kind":"minor-water","name":"Drowning Creek","ftype":558,"lengthKm":0.22,"hu8":"06010208","pid":"123932934"},"geometry":{"type":"MultiLineString","coordinates":[[[-85.13692,36.05093],[-85.13533,36.05249]]]}},{"type":"Feature","properties":{"kind":"minor-water","name":"Daddys Creek","ftype":460,"lengthKm":0.42,"hu8":"06010208","pid":"123941376"},"geometry":{"type":"MultiLineString","coordinates":[[[-85.02109,35.8066],[-85.01926,35.80672],[-85.01784,35.80632],[-85.01663,35.80677]]]}},{"type":"Feature","properties":{"kind":"minor-water","name":"Daddys Creek","ftype":460,"lengthKm":0.07,"hu8":"06010208","pid":"123941441"},"geometry":{"type":"MultiLineString","coordinates":[[[-85.07233,35.77423],[-85.07196,35.77476]]]}},{"type":"Feature","properties":{"kind":"minor-water","name":"Muddy Branch","ftype":558,"lengthKm":0.05,"hu8":"06010208","pid":"123941524"},"geometry":{"type":"MultiLineString","coordinates":[[[-85.04777,35.80661],[-85.04828,35.80674]]]}},{"type":"Feature","properties":{"kind":"minor-water","name":"Littlefield Branch","ftype":460,"lengthKm":0.02,"hu8":"06010208","pid":"123934155"},"geometry":{"type":"MultiLineString","coordinates":[[[-85.10079,35.94898],[-85.10072,35.94913]]]}},{"type":"Feature","properties":{"kind":"minor-water","name":"Lick Creek","ftype":460,"lengthKm":0.55,"hu8":"06010208","pid":"123941312"},"geometry":{"type":"MultiLineString","coordinates":[[[-85.07327,35.82534],[-85.07214,35.82514],[-85.07152,35.82564],[-85.07072,35.82575],[-85.07041,35.82556],[-85.07042,35.82489],[-85.06862,35.82403]]]}},{"type":"Feature","properties":{"kind":"minor-water","name":"Obed River","ftype":558,"lengthKm":0.09,"hu8":"06010208","pid":"123938638"},"geometry":{"type":"MultiLineString","coordinates":[[[-85.03449,36.00784],[-85.03414,36.00857]]]}},{"type":"Feature","properties":{"kind":"minor-water","name":"Clear Creek","ftype":460,"lengthKm":0.62,"hu8":"06010208","pid":"123938202"},"geometry":{"type":"MultiLineString","coordinates":[[[-85.09664,36.11576],[-85.09719,36.11707],[-85.09531,36.11829],[-85.0967,36.11981],[-85.09673,36.12019]]]}},{"type":"Feature","properties":{"kind":"minor-water","name":"Spiers Branch","ftype":558,"lengthKm":0.04,"hu8":"06010208","pid":"123934622"},"geometry":{"type":"MultiLineString","coordinates":[[[-85.05256,35.91954],[-85.05258,35.91992]]]}},{"type":"Feature","properties":{"kind":"minor-water","name":"Lick Creek","ftype":460,"lengthKm":0.15,"hu8":"06010208","pid":"123941314"},"geometry":{"type":"MultiLineString","coordinates":[[[-85.07353,35.82404],[-85.07327,35.82534]]]}},{"type":"Feature","properties":{"kind":"minor-water","name":"Lick Creek","ftype":460,"lengthKm":0.52,"hu8":"06010208","pid":"123941332"},"geometry":{"type":"MultiLineString","coordinates":[[[-85.04056,35.82307],[-85.03907,35.82293],[-85.03819,35.82254],[-85.03603,35.8205]]]}},{"type":"Feature","properties":{"kind":"minor-water","name":"Cottrell Branch","ftype":460,"lengthKm":0.52,"hu8":"06010208","pid":"123941227"},"geometry":{"type":"MultiLineString","coordinates":[[[-85.06135,35.8507],[-85.06063,35.85126],[-85.05962,35.85116],[-85.05866,35.85186],[-85.05624,35.8522]]]}},{"type":"Feature","properties":{"kind":"minor-water","name":"Daddys Creek","ftype":460,"lengthKm":1.4,"hu8":"06010208","pid":"123941450"},"geometry":{"type":"MultiLineString","coordinates":[[[-85.07996,35.76401],[-85.07716,35.76553],[-85.0756,35.76688],[-85.07501,35.76928],[-85.07347,35.77091],[-85.07355,35.77156],[-85.07233,35.77423]]]}},{"type":"Feature","properties":{"kind":"minor-water","name":"Scott Creek","ftype":460,"lengthKm":1.13,"hu8":"06010208","pid":"123938418"},"geometry":{"type":"MultiLineString","coordinates":[[[-85.01734,36.04881],[-85.0152,36.0484],[-85.01119,36.04928],[-85.00944,36.04716],[-85.00694,36.04579]]]}},{"type":"Feature","properties":{"kind":"minor-water","name":"Littlefield Branch","ftype":460,"lengthKm":0.36,"hu8":"06010208","pid":"123934159"},"geometry":{"type":"MultiLineString","coordinates":[[[-85.10328,35.94652],[-85.10291,35.94702],[-85.10198,35.94741],[-85.10079,35.94898]]]}},{"type":"Feature","properties":{"kind":"minor-water","name":"Hog Heaven Branch","ftype":460,"lengthKm":0.59,"hu8":"06010208","pid":"123941268"},"geometry":{"type":"MultiLineString","coordinates":[[[-85.03994,35.83973],[-85.04225,35.83861],[-85.04337,35.83725],[-85.04362,35.83575]]]}},{"type":"Feature","properties":{"kind":"minor-water","name":"Threemile Creek","ftype":460,"lengthKm":0.33,"hu8":"06010208","pid":"123934275"},"geometry":{"type":"MultiLineString","coordinates":[[[-85.01249,35.91911],[-85.01165,35.91738],[-85.01091,35.91714],[-85.01078,35.91669]]]}},{"type":"Feature","properties":{"kind":"minor-water","name":"Spiers Branch","ftype":558,"lengthKm":0.16,"hu8":"06010208","pid":"123934623"},"geometry":{"type":"MultiLineString","coordinates":[[[-85.0522,35.92153],[-85.05144,35.92186],[-85.05135,35.92256]]]}},{"type":"Feature","properties":{"kind":"minor-water","name":"Procter Creek","ftype":558,"lengthKm":0.52,"hu8":"06010208","pid":"123934700"},"geometry":{"type":"MultiLineString","coordinates":[[[-85.02962,35.98618],[-85.02968,35.9875],[-85.03072,35.99004],[-85.03055,35.99069]]]}},{"type":"Feature","properties":{"kind":"minor-water","name":"Basses Creek","ftype":460,"lengthKm":0.42,"hu8":"06010208","pid":"123941222"},"geometry":{"type":"MultiLineString","coordinates":[[[-85.04427,35.8517],[-85.04218,35.85172],[-85.03971,35.85104]]]}},{"type":"Feature","properties":{"kind":"minor-water","name":"Basses Creek","ftype":460,"lengthKm":0.08,"hu8":"06010208","pid":"123941215"},"geometry":{"type":"MultiLineString","coordinates":[[[-85.00233,35.85155],[-85.00147,35.85151]]]}},{"type":"Feature","properties":{"kind":"minor-water","name":"Scott Creek","ftype":460,"lengthKm":0.18,"hu8":"06010208","pid":"123938414"},"geometry":{"type":"MultiLineString","coordinates":[[[-85.01895,36.04787],[-85.01734,36.04881]]]}},{"type":"Feature","properties":{"kind":"minor-water","name":"Rocky Branch","ftype":460,"lengthKm":0.32,"hu8":"06010208","pid":"123933934"},"geometry":{"type":"MultiLineString","coordinates":[[[-85.0068,35.99933],[-85.00911,35.99884],[-85.01021,35.99904]]]}},{"type":"Feature","properties":{"kind":"minor-water","name":"Copeland Creek","ftype":460,"lengthKm":0.26,"hu8":"06010208","pid":"123932877"},"geometry":{"type":"MultiLineString","coordinates":[[[-85.13707,36.04602],[-85.13574,36.04391]]]}},{"type":"Feature","properties":{"kind":"minor-water","name":"Littlefield Branch","ftype":460,"lengthKm":0.25,"hu8":"06010208","pid":"123934137"},"geometry":{"type":"MultiLineString","coordinates":[[[-85.10176,35.95408],[-85.10144,35.95483],[-85.10014,35.95579]]]}},{"type":"Feature","properties":{"kind":"minor-water","name":"Lick Creek","ftype":460,"lengthKm":0.55,"hu8":"06010208","pid":"123941318"},"geometry":{"type":"MultiLineString","coordinates":[[[-85.08675,35.82885],[-85.08541,35.82873],[-85.08478,35.82838],[-85.08413,35.82521]]]}},{"type":"Feature","properties":{"kind":"minor-water","name":"Daddys Creek","ftype":460,"lengthKm":0.86,"hu8":"06010208","pid":"123941299"},"geometry":{"type":"MultiLineString","coordinates":[[[-85.00514,35.82601],[-85.00424,35.82648],[-85.00393,35.82753],[-85.00385,35.82871],[-85.00449,35.82955],[-85.00449,35.83022],[-85.0028,35.83084],[-85.00243,35.83227]]]}},{"type":"Feature","properties":{"kind":"minor-water","name":"Byrd Creek","ftype":460,"lengthKm":0.68,"hu8":"06010208","pid":"123934355"},"geometry":{"type":"MultiLineString","coordinates":[[[-85.07414,35.90213],[-85.07358,35.90069],[-85.07248,35.89966],[-85.07079,35.89899],[-85.06866,35.89911]]]}},{"type":"Feature","properties":{"kind":"minor-water","name":"Lick Creek","ftype":460,"lengthKm":0.11,"hu8":"06010208","pid":"123941322"},"geometry":{"type":"MultiLineString","coordinates":[[[-85.08394,35.8237],[-85.08353,35.82275]]]}},{"type":"Feature","properties":{"kind":"minor-water","name":"Frost Branch","ftype":460,"lengthKm":0.35,"hu8":"06010208","pid":"123934026"},"geometry":{"type":"MultiLineString","coordinates":[[[-85.11123,35.97856],[-85.10931,35.97784],[-85.10817,35.97669]]]}},{"type":"Feature","properties":{"kind":"minor-water","name":"Lickfork Creek","ftype":460,"lengthKm":0.61,"hu8":"06010208","pid":"123938237"},"geometry":{"type":"MultiLineString","coordinates":[[[-85.07349,36.10452],[-85.07156,36.10498],[-85.06986,36.10499],[-85.06789,36.10598],[-85.0672,36.10573]]]}},{"type":"Feature","properties":{"kind":"minor-water","name":"Myatt Creek","ftype":460,"lengthKm":1.45,"hu8":"06010208","pid":"123938236"},"geometry":{"type":"MultiLineString","coordinates":[[[-85.00601,36.10361],[-85.00617,36.10447],[-85.00525,36.10576],[-85.00062,36.10656],[-84.99524,36.10601],[-84.99259,36.10477]]]}},{"type":"Feature","properties":{"kind":"minor-water","name":"Rocky Branch","ftype":460,"lengthKm":0.61,"hu8":"06010208","pid":"123936405"},"geometry":{"type":"MultiLineString","coordinates":[[[-84.99806,36.00145],[-85.00135,36.00181],[-85.00299,36.00121],[-85.00467,36.00113]]]}},{"type":"Feature","properties":{"kind":"minor-water","name":"Caney Fork Creek","ftype":460,"lengthKm":0.67,"hu8":"06010208","pid":"123932890"},"geometry":{"type":"MultiLineString","coordinates":[[[-85.15191,36.04306],[-85.14949,36.0423],[-85.14872,36.03999],[-85.14782,36.03862]]]}},{"type":"Feature","properties":{"kind":"minor-water","name":"Littlefield Branch","ftype":460,"lengthKm":0.39,"hu8":"06010208","pid":"123934153"},"geometry":{"type":"MultiLineString","coordinates":[[[-85.10072,35.94913],[-85.10079,35.95124],[-85.10136,35.95201],[-85.10133,35.9525]]]}},{"type":"Feature","properties":{"kind":"minor-water","name":"Daddys Creek","ftype":460,"lengthKm":0.11,"hu8":"06010208","pid":"123941375"},"geometry":{"type":"MultiLineString","coordinates":[[[-85.01663,35.80677],[-85.01548,35.80644]]]}},{"type":"Feature","properties":{"kind":"minor-water","name":"Procter Creek","ftype":558,"lengthKm":0.01,"hu8":"06010208","pid":"123938637"},"geometry":{"type":"MultiLineString","coordinates":[[[-85.03447,36.00774],[-85.03449,36.00784]]]}},{"type":"Feature","properties":{"kind":"minor-water","name":"Baker Branch","ftype":460,"lengthKm":2.48,"hu8":"06010208","pid":"123938560"},"geometry":{"type":"MultiLineString","coordinates":[[[-85.09788,35.99821],[-85.09637,35.99863],[-85.09227,35.99836],[-85.09097,35.99884],[-85.0883,36.00185],[-85.08581,36.00344],[-85.08163,36.00313],[-85.08003,36.00346],[-85.07587,36.00779]]]}},{"type":"Feature","properties":{"kind":"minor-water","name":"Basses Creek","ftype":558,"lengthKm":0.08,"hu8":"06010208","pid":"123934505"},"geometry":{"type":"MultiLineString","coordinates":[[[-85.09551,35.87653],[-85.09488,35.87703]]]}},{"type":"Feature","properties":{"kind":"minor-water","name":"Caney Fork Creek","ftype":460,"lengthKm":0.94,"hu8":"06010208","pid":"123932903"},"geometry":{"type":"MultiLineString","coordinates":[[[-85.14756,36.03356],[-85.14446,36.03331],[-85.1403,36.03485],[-85.13919,36.03478],[-85.13907,36.03429],[-85.13867,36.03436],[-85.13832,36.03396]]]}},{"type":"Feature","properties":{"kind":"minor-water","name":"Cottrell Branch","ftype":460,"lengthKm":0.47,"hu8":"06010208","pid":"123941286"},"geometry":{"type":"MultiLineString","coordinates":[[[-85.0878,35.8316],[-85.08645,35.8323],[-85.08424,35.83467]]]}},{"type":"Feature","properties":{"kind":"minor-water","name":"Daddys Creek","ftype":460,"lengthKm":0.08,"hu8":"06010208","pid":"123941344"},"geometry":{"type":"MultiLineString","coordinates":[[[-85.00788,35.81708],[-85.00831,35.81776]]]}},{"type":"Feature","properties":{"kind":"minor-water","name":"Daddys Creek","ftype":460,"lengthKm":1.69,"hu8":"06010208","pid":"123941455"},"geometry":{"type":"MultiLineString","coordinates":[[[-85.09319,35.75498],[-85.09132,35.75668],[-85.08718,35.75737],[-85.08629,35.75814],[-85.08344,35.75924],[-85.08264,35.76056],[-85.08184,35.76093],[-85.08128,35.76182],[-85.08096,35.76186],[-85.08047,35.763],[-85.08015,35.76309],[-85.07996,35.76401]]]}},{"type":"Feature","properties":{"kind":"minor-water","name":"Byrd Creek","ftype":460,"lengthKm":0.01,"hu8":"06010208","pid":"123934354"},"geometry":{"type":"MultiLineString","coordinates":[[[-85.06866,35.89911],[-85.0686,35.89902]]]}},{"type":"Feature","properties":{"kind":"minor-water","name":"Obed River","ftype":558,"lengthKm":0.11,"hu8":"06010208","pid":"123934629"},"geometry":{"type":"MultiLineString","coordinates":[[[-85.11469,35.91622],[-85.1146,35.91718]]]}},{"type":"Feature","properties":{"kind":"minor-water","name":"Meadow Creek","ftype":460,"lengthKm":0.12,"hu8":"06010208","pid":"123934051"},"geometry":{"type":"MultiLineString","coordinates":[[[-85.08866,35.97155],[-85.08815,35.97256]]]}},{"type":"Feature","properties":{"kind":"minor-water","name":"Byrd Creek","ftype":460,"lengthKm":0.04,"hu8":"06010208","pid":"123934388"},"geometry":{"type":"MultiLineString","coordinates":[[[-85.02521,35.89327],[-85.02482,35.89321]]]}},{"type":"Feature","properties":{"kind":"minor-water","name":"Littlefield Branch","ftype":460,"lengthKm":0.07,"hu8":"06010208","pid":"123934160"},"geometry":{"type":"MultiLineString","coordinates":[[[-85.10403,35.94633],[-85.10328,35.94652]]]}},{"type":"Feature","properties":{"kind":"minor-water","name":"Basses Creek","ftype":558,"lengthKm":0.2,"hu8":"06010208","pid":"123934507"},"geometry":{"type":"MultiLineString","coordinates":[[[-85.0838,35.87627],[-85.08273,35.87664],[-85.08204,35.87731]]]}},{"type":"Feature","properties":{"kind":"minor-water","name":"Clear Creek","ftype":460,"lengthKm":0.77,"hu8":"06010208","pid":"123933655"},"geometry":{"type":"MultiLineString","coordinates":[[[-85.09011,36.12957],[-85.09122,36.12975],[-85.0913,36.13009],[-85.08938,36.13043],[-85.0878,36.13106],[-85.08747,36.132],[-85.08803,36.13287],[-85.08748,36.13338]]]}},{"type":"Feature","properties":{"kind":"minor-water","name":"Wolfpen Branch","ftype":460,"lengthKm":0.08,"hu8":"06010208","pid":"123933982"},"geometry":{"type":"MultiLineString","coordinates":[[[-85.09712,35.9878],[-85.09624,35.98775]]]}},{"type":"Feature","properties":{"kind":"minor-water","name":"Byrd Creek","ftype":558,"lengthKm":0.11,"hu8":"06010208","pid":"123934518"},"geometry":{"type":"MultiLineString","coordinates":[[[-85.07409,35.90316],[-85.07414,35.90213]]]}},{"type":"Feature","properties":{"kind":"minor-water","name":"Byrd Creek","ftype":558,"lengthKm":0.11,"hu8":"06010208","pid":"123934575"},"geometry":{"type":"MultiLineString","coordinates":[[[-85.00999,35.89522],[-85.00877,35.895]]]}},{"type":"Feature","properties":{"kind":"minor-water","name":"Clear Creek","ftype":460,"lengthKm":0.05,"hu8":"06010208","pid":"123938191"},"geometry":{"type":"MultiLineString","coordinates":[[[-85.09396,36.12065],[-85.09343,36.12087]]]}},{"type":"Feature","properties":{"kind":"minor-water","name":"Copeland Creek","ftype":460,"lengthKm":0.47,"hu8":"06010208","pid":"123938470"},"geometry":{"type":"MultiLineString","coordinates":[[[-85.10923,36.03612],[-85.10933,36.03524],[-85.11028,36.03482],[-85.11141,36.03251]]]}},{"type":"Feature","properties":{"kind":"minor-water","name":"Rocky Branch","ftype":460,"lengthKm":1.29,"hu8":"06010208","pid":"123933933"},"geometry":{"type":"MultiLineString","coordinates":[[[-85.01021,35.99904],[-85.0124,36.0008],[-85.0168,36.00216],[-85.01789,36.0022],[-85.01851,36.00274],[-85.01968,36.00209],[-85.02086,36.00182],[-85.02148,36.00196],[-85.02168,36.001]]]}},{"type":"Feature","properties":{"kind":"minor-water","name":"Littlefield Branch","ftype":460,"lengthKm":0.57,"hu8":"06010208","pid":"123934169"},"geometry":{"type":"MultiLineString","coordinates":[[[-85.11601,35.94827],[-85.11574,35.9471],[-85.11481,35.9459],[-85.11409,35.94551],[-85.11311,35.94547],[-85.11213,35.94484]]]}},{"type":"Feature","properties":{"kind":"minor-water","name":"Threemile Creek","ftype":460,"lengthKm":0.75,"hu8":"06010208","pid":"123935296"},"geometry":{"type":"MultiLineString","coordinates":[[[-85.00131,35.91689],[-84.99637,35.91648],[-84.99369,35.91819]]]}},{"type":"Feature","properties":{"kind":"minor-water","name":"Adams Creek","ftype":460,"lengthKm":1.11,"hu8":"06010208","pid":"123938355"},"geometry":{"type":"MultiLineString","coordinates":[[[-85.00788,36.07441],[-85.00698,36.07226],[-85.00462,36.07134],[-85.00286,36.07152],[-85.00052,36.07235],[-84.99968,36.07189],[-84.99808,36.07163]]]}},{"type":"Feature","properties":{"kind":"minor-water","name":"How Come You Creek","ftype":460,"lengthKm":1.15,"hu8":"06010208","pid":"123933654"},"geometry":{"type":"MultiLineString","coordinates":[[[-85.01818,36.12885],[-85.01821,36.12938],[-85.01763,36.13028],[-85.01842,36.13173],[-85.01739,36.1321],[-85.01731,36.13299],[-85.01665,36.13314],[-85.01653,36.13447],[-85.01556,36.1358],[-85.01577,36.13681],[-85.01464,36.13711]]]}},{"type":"Feature","properties":{"kind":"minor-water","name":"Stillhouse Creek","ftype":460,"lengthKm":0.07,"hu8":"06010208","pid":"123934407"},"geometry":{"type":"MultiLineString","coordinates":[[[-85.03557,35.88914],[-85.03519,35.88974]]]}},{"type":"Feature","properties":{"kind":"minor-water","name":"Procter Creek","ftype":460,"lengthKm":0.87,"hu8":"06010208","pid":"123934010"},"geometry":{"type":"MultiLineString","coordinates":[[[-85.01958,35.97935],[-85.02091,35.97943],[-85.02388,35.98205],[-85.02731,35.98358]]]}},{"type":"Feature","properties":{"kind":"minor-water","name":"Clear Creek","ftype":460,"lengthKm":0.5,"hu8":"06010208","pid":"123933635"},"geometry":{"type":"MultiLineString","coordinates":[[[-85.08293,36.13691],[-85.08149,36.13825],[-85.07815,36.13829]]]}},{"type":"Feature","properties":{"kind":"minor-water","name":"Coon Hollow Branch","ftype":558,"lengthKm":0.09,"hu8":"06010208","pid":"123934583"},"geometry":{"type":"MultiLineString","coordinates":[[[-85.02399,35.90497],[-85.02311,35.90542]]]}},{"type":"Feature","properties":{"kind":"minor-water","name":"Little Obed River","ftype":460,"lengthKm":0.3,"hu8":"06010208","pid":"123934045"},"geometry":{"type":"MultiLineString","coordinates":[[[-85.00674,35.97423],[-85.00865,35.972]]]}},{"type":"Feature","properties":{"kind":"minor-water","name":"Drowning Creek","ftype":460,"lengthKm":0.46,"hu8":"06010208","pid":"123932864"},"geometry":{"type":"MultiLineString","coordinates":[[[-85.13193,36.05694],[-85.12931,36.05746],[-85.12855,36.05728],[-85.12788,36.05792],[-85.12732,36.05782]]]}},{"type":"Feature","properties":{"kind":"minor-water","name":"Caney Fork Creek","ftype":460,"lengthKm":0.83,"hu8":"06010208","pid":"123938481"},"geometry":{"type":"MultiLineString","coordinates":[[[-85.11796,36.02782],[-85.11738,36.02869],[-85.11648,36.02926],[-85.11448,36.03017],[-85.11337,36.0303],[-85.11275,36.03155],[-85.11141,36.03251]]]}},{"type":"Feature","properties":{"kind":"minor-water","name":"Daddys Creek","ftype":460,"lengthKm":0.64,"hu8":"06010208","pid":"123941323"},"geometry":{"type":"MultiLineString","coordinates":[[[-85.00989,35.82092],[-85.00673,35.8217],[-85.00659,35.82261],[-85.00729,35.82362],[-85.00667,35.82445]]]}},{"type":"Feature","properties":{"kind":"minor-water","name":"Byrd Creek","ftype":460,"lengthKm":0.05,"hu8":"06010208","pid":"123934368"},"geometry":{"type":"MultiLineString","coordinates":[[[-85.03045,35.89483],[-85.02993,35.89497]]]}},{"type":"Feature","properties":{"kind":"minor-water","name":"Stillhouse Creek","ftype":558,"lengthKm":0.14,"hu8":"06010208","pid":"123934546"},"geometry":{"type":"MultiLineString","coordinates":[[[-85.03593,35.88793],[-85.03557,35.88914]]]}},{"type":"Feature","properties":{"kind":"minor-water","name":"How Come You Creek","ftype":460,"lengthKm":1,"hu8":"06010208","pid":"123933634"},"geometry":{"type":"MultiLineString","coordinates":[[[-85.01464,36.13711],[-85.01568,36.14032],[-85.01446,36.1406],[-85.01304,36.14158],[-85.01079,36.14111],[-85.01013,36.14131],[-85.00977,36.14191]]]}},{"type":"Feature","properties":{"kind":"minor-water","name":"Drowning Creek","ftype":460,"lengthKm":1.1,"hu8":"06010208","pid":"123938385"},"geometry":{"type":"MultiLineString","coordinates":[[[-85.10747,36.06714],[-85.10568,36.06678],[-85.10469,36.06499],[-85.10335,36.06506],[-85.10265,36.06312],[-85.10051,36.06202],[-85.10127,36.06091]]]}},{"type":"Feature","properties":{"kind":"minor-water","name":"Obed River","ftype":460,"lengthKm":0.55,"hu8":"06010208","pid":"123934269"},"geometry":{"type":"MultiLineString","coordinates":[[[-85.11096,35.91916],[-85.10925,35.91961],[-85.10643,35.91981],[-85.10511,35.92042]]]}},{"type":"Feature","properties":{"kind":"minor-water","name":"Obed River","ftype":460,"lengthKm":0.4,"hu8":"06010208","pid":"123934247"},"geometry":{"type":"MultiLineString","coordinates":[[[-85.10285,35.92399],[-85.10196,35.92545],[-85.10041,35.92698]]]}},{"type":"Feature","properties":{"kind":"minor-water","name":"Coon Hollow Branch","ftype":558,"lengthKm":0.05,"hu8":"06010208","pid":"123934586"},"geometry":{"type":"MultiLineString","coordinates":[[[-85.02217,35.90533],[-85.02183,35.90502]]]}},{"type":"Feature","properties":{"kind":"minor-water","name":"Gould Creek","ftype":558,"lengthKm":0.1,"hu8":"06010208","pid":"123938616"},"geometry":{"type":"MultiLineString","coordinates":[[[-85.04053,36.02661],[-85.03946,36.02665]]]}},{"type":"Feature","properties":{"kind":"minor-water","name":"Obed River","ftype":558,"lengthKm":0.9,"hu8":"06010208","pid":"123934675"},"geometry":{"type":"MultiLineString","coordinates":[[[-85.06723,35.95307],[-85.06469,35.95297],[-85.0602,35.95348],[-85.0586,35.9555]]]}},{"type":"Feature","properties":{"kind":"minor-water","name":"Basses Creek","ftype":558,"lengthKm":0.17,"hu8":"06010208","pid":"123934506"},"geometry":{"type":"MultiLineString","coordinates":[[[-85.09196,35.8786],[-85.09079,35.87865],[-85.09028,35.87827]]]}},{"type":"Feature","properties":{"kind":"minor-water","name":"Bear Creek","ftype":460,"lengthKm":1.57,"hu8":"06010208","pid":"123933650"},"geometry":{"type":"MultiLineString","coordinates":[[[-85.05653,36.13212],[-85.05599,36.13245],[-85.05456,36.13569],[-85.05495,36.13719],[-85.05416,36.13791],[-85.05359,36.13921],[-85.05392,36.14085],[-85.05077,36.14305],[-85.04945,36.1436]]]}},{"type":"Feature","properties":{"kind":"minor-water","name":"Coon Hollow Branch","ftype":460,"lengthKm":0.07,"hu8":"06010208","pid":"123934342"},"geometry":{"type":"MultiLineString","coordinates":[[[-85.00972,35.90166],[-85.00897,35.90145]]]}},{"type":"Feature","properties":{"kind":"minor-water","name":"Coley Creek","ftype":558,"lengthKm":0.07,"hu8":"06010208","pid":"123938617"},"geometry":{"type":"MultiLineString","coordinates":[[[-85.09693,36.07703],[-85.09677,36.07643]]]}},{"type":"Feature","properties":{"kind":"minor-water","name":"Cottrell Branch","ftype":460,"lengthKm":0.2,"hu8":"06010208","pid":"123941233"},"geometry":{"type":"MultiLineString","coordinates":[[[-85.06304,35.84949],[-85.06343,35.85123]]]}},{"type":"Feature","properties":{"kind":"minor-water","name":"Obed River","ftype":460,"lengthKm":0.17,"hu8":"06010208","pid":"123934282"},"geometry":{"type":"MultiLineString","coordinates":[[[-85.1146,35.91718],[-85.11364,35.91848]]]}},{"type":"Feature","properties":{"kind":"minor-water","name":"Stillhouse Creek","ftype":558,"lengthKm":0.63,"hu8":"06010208","pid":"123934544"},"geometry":{"type":"MultiLineString","coordinates":[[[-85.04118,35.88425],[-85.03775,35.88603],[-85.03593,35.88793]]]}},{"type":"Feature","properties":{"kind":"minor-water","name":"Littlefield Branch","ftype":460,"lengthKm":0.19,"hu8":"06010208","pid":"123934144"},"geometry":{"type":"MultiLineString","coordinates":[[[-85.10133,35.9525],[-85.1011,35.95285],[-85.10176,35.95408]]]}},{"type":"Feature","properties":{"kind":"minor-water","name":"Black Drowning Creek","ftype":460,"lengthKm":0.81,"hu8":"06010208","pid":"123933948"},"geometry":{"type":"MultiLineString","coordinates":[[[-85.06259,36.00171],[-85.06099,36.00006],[-85.06053,35.99839],[-85.05887,35.99767],[-85.05929,35.99695],[-85.05791,35.99666]]]}},{"type":"Feature","properties":{"kind":"minor-water","name":"Wallace Branch","ftype":460,"lengthKm":0.57,"hu8":"06010208","pid":"123938541"},"geometry":{"type":"MultiLineString","coordinates":[[[-85.00399,36.00507],[-85.0056,36.00422],[-85.00455,36.00312],[-85.00491,36.00228],[-85.00456,36.00194],[-85.00467,36.00113]]]}},{"type":"Feature","properties":{"kind":"minor-water","name":"Martin Creek","ftype":460,"lengthKm":0.2,"hu8":"06010208","pid":"123934179"},"geometry":{"type":"MultiLineString","coordinates":[[[-85.09582,35.94143],[-85.09365,35.94171]]]}},{"type":"Feature","properties":{"kind":"minor-water","name":"Spiers Branch","ftype":460,"lengthKm":0.05,"hu8":"06010208","pid":"123934143"},"geometry":{"type":"MultiLineString","coordinates":[[[-85.04842,35.952],[-85.04868,35.95235]]]}},{"type":"Feature","properties":{"kind":"minor-water","name":"Cottrell Branch","ftype":460,"lengthKm":0.67,"hu8":"06010208","pid":"123941256"},"geometry":{"type":"MultiLineString","coordinates":[[[-85.07032,35.84243],[-85.06881,35.84405],[-85.06925,35.84547],[-85.06754,35.84681],[-85.06765,35.84745]]]}},{"type":"Feature","properties":{"kind":"minor-water","name":"Coley Creek","ftype":558,"lengthKm":0.39,"hu8":"06010208","pid":"123938621"},"geometry":{"type":"MultiLineString","coordinates":[[[-85.08665,36.06783],[-85.08632,36.06667],[-85.08386,36.06556]]]}},{"type":"Feature","properties":{"kind":"minor-water","name":"Obed River","ftype":558,"lengthKm":0.3,"hu8":"06010208","pid":"123938642"},"geometry":{"type":"MultiLineString","coordinates":[[[-85.03379,36.01255],[-85.03233,36.01493]]]}},{"type":"Feature","properties":{"kind":"minor-water","name":"Flatrock Branch","ftype":460,"lengthKm":0.62,"hu8":"06010208","pid":"123941254"},"geometry":{"type":"MultiLineString","coordinates":[[[-85.09375,35.84501],[-85.09197,35.84465],[-85.08886,35.84607],[-85.08742,35.84578]]]}},{"type":"Feature","properties":{"kind":"minor-water","name":"Clear Creek","ftype":460,"lengthKm":0.64,"hu8":"06010208","pid":"123933575"},"geometry":{"type":"MultiLineString","coordinates":[[[-85.04136,36.15926],[-85.04138,36.16079],[-85.03933,36.16256],[-85.03917,36.16356],[-85.03979,36.16413]]]}},{"type":"Feature","properties":{"kind":"minor-water","name":"Littlefield Branch","ftype":460,"lengthKm":0.25,"hu8":"06010208","pid":"123934089"},"geometry":{"type":"MultiLineString","coordinates":[[[-85.08892,35.96408],[-85.08887,35.96507],[-85.08804,35.96617]]]}},{"type":"Feature","properties":{"kind":"minor-water","name":"Stephens Branch","ftype":558,"lengthKm":0.19,"hu8":"06010208","pid":"123938625"},"geometry":{"type":"MultiLineString","coordinates":[[[-85.1152,36.02368],[-85.11328,36.02429]]]}},{"type":"Feature","properties":{"kind":"minor-water","name":"Drowning Creek","ftype":558,"lengthKm":0.2,"hu8":"06010208","pid":"123932935"},"geometry":{"type":"MultiLineString","coordinates":[[[-85.13406,36.05645],[-85.13193,36.05694]]]}},{"type":"Feature","properties":{"kind":"minor-water","name":"Littlefield Branch","ftype":460,"lengthKm":0.2,"hu8":"06010208","pid":"123934168"},"geometry":{"type":"MultiLineString","coordinates":[[[-85.10735,35.94478],[-85.10538,35.94554]]]}},{"type":"Feature","properties":{"kind":"minor-water","name":"Lick Creek","ftype":460,"lengthKm":0.03,"hu8":"06010208","pid":"123941292"},"geometry":{"type":"MultiLineString","coordinates":[[[-85.05175,35.82818],[-85.05154,35.82833]]]}},{"type":"Feature","properties":{"kind":"minor-water","name":"No Business Creek","ftype":460,"lengthKm":0.41,"hu8":"06010208","pid":"123938201"},"geometry":{"type":"MultiLineString","coordinates":[[[-85.04153,36.11526],[-85.04067,36.11643],[-85.04127,36.11875]]]}},{"type":"Feature","properties":{"kind":"minor-water","name":"Daddys Creek","ftype":460,"lengthKm":0.36,"hu8":"06010208","pid":"123941402"},"geometry":{"type":"MultiLineString","coordinates":[[[-85.04018,35.79363],[-85.03905,35.79435],[-85.03761,35.79609]]]}},{"type":"Feature","properties":{"kind":"minor-water","name":"Drowning Creek","ftype":460,"lengthKm":0.89,"hu8":"06010208","pid":"123938395"},"geometry":{"type":"MultiLineString","coordinates":[[[-85.09827,36.05885],[-85.09758,36.0584],[-85.09723,36.05848],[-85.09709,36.06002],[-85.09608,36.05907],[-85.09551,36.05903],[-85.09495,36.06077],[-85.09302,36.05957]]]}},{"type":"Feature","properties":{"kind":"minor-water","name":"Daddys Creek","ftype":460,"lengthKm":0.32,"hu8":"06010208","pid":"123941334"},"geometry":{"type":"MultiLineString","coordinates":[[[-85.0114,35.81923],[-85.01198,35.81969],[-85.01188,35.81992],[-85.01093,35.82063],[-85.00989,35.82092]]]}},{"type":"Feature","properties":{"kind":"minor-water","name":"Lick Creek","ftype":460,"lengthKm":0.42,"hu8":"06010208","pid":"123941294"},"geometry":{"type":"MultiLineString","coordinates":[[[-85.05154,35.82833],[-85.05037,35.82947],[-85.04838,35.82781]]]}},{"type":"Feature","properties":{"kind":"minor-water","name":"Meadow Creek","ftype":460,"lengthKm":0.3,"hu8":"06010208","pid":"123934041"},"geometry":{"type":"MultiLineString","coordinates":[[[-85.08698,35.97397],[-85.08549,35.97634]]]}},{"type":"Feature","properties":{"kind":"minor-water","name":"Hog Heaven Branch","ftype":460,"lengthKm":0.84,"hu8":"06010208","pid":"123941293"},"geometry":{"type":"MultiLineString","coordinates":[[[-85.04415,35.8336],[-85.04468,35.83356],[-85.04518,35.83246],[-85.04695,35.83132],[-85.04661,35.8301],[-85.04761,35.82889],[-85.04785,35.828],[-85.04838,35.82781]]]}},{"type":"Feature","properties":{"kind":"minor-water","name":"Flatrock Branch","ftype":460,"lengthKm":0.23,"hu8":"06010208","pid":"123941190"},"geometry":{"type":"MultiLineString","coordinates":[[[-85.06993,35.8594],[-85.06899,35.85943],[-85.06779,35.86035]]]}},{"type":"Feature","properties":{"kind":"minor-water","name":"Long Branch","ftype":460,"lengthKm":0.05,"hu8":"06010208","pid":"123941283"},"geometry":{"type":"MultiLineString","coordinates":[[[-85.02701,35.83156],[-85.0275,35.8313]]]}},{"type":"Feature","properties":{"kind":"minor-water","name":"Lee Branch","ftype":460,"lengthKm":0.65,"hu8":"06010208","pid":"123938229"},"geometry":{"type":"MultiLineString","coordinates":[[[-85.09805,36.10622],[-85.09746,36.10939],[-85.09778,36.11058],[-85.09659,36.11088],[-85.09629,36.11125]]]}},{"type":"Feature","properties":{"kind":"minor-water","name":"Patton Creek","ftype":460,"lengthKm":0.3,"hu8":"06010208","pid":"123938386"},"geometry":{"type":"MultiLineString","coordinates":[[[-85.0437,36.06052],[-85.0429,36.06047],[-85.0419,36.05971],[-85.04087,36.06008]]]}},{"type":"Feature","properties":{"kind":"minor-water","name":"How Come You Creek","ftype":460,"lengthKm":0.61,"hu8":"06010208","pid":"123933620"},"geometry":{"type":"MultiLineString","coordinates":[[[-85.00977,36.14191],[-85.0094,36.14234],[-85.00887,36.14489],[-85.00719,36.14685]]]}},{"type":"Feature","properties":{"kind":"minor-water","name":"Copeland Creek","ftype":558,"lengthKm":0.05,"hu8":"06010208","pid":"123932920"},"geometry":{"type":"MultiLineString","coordinates":[[[-85.13574,36.04391],[-85.13561,36.04349]]]}},{"type":"Feature","properties":{"kind":"minor-water","name":"Black Drowning Creek","ftype":460,"lengthKm":0.98,"hu8":"06010208","pid":"123938526"},"geometry":{"type":"MultiLineString","coordinates":[[[-85.06767,36.00929],[-85.06669,36.0083],[-85.06644,36.00752],[-85.06544,36.00708],[-85.06516,36.00832],[-85.06374,36.00866],[-85.06322,36.00825],[-85.06286,36.00844],[-85.06255,36.00787],[-85.06059,36.00697]]]}},{"type":"Feature","properties":{"kind":"minor-water","name":"Obed River","ftype":558,"lengthKm":0.02,"hu8":"06010208","pid":"123934705"},"geometry":{"type":"MultiLineString","coordinates":[[[-85.0458,35.97895],[-85.04568,35.97909]]]}},{"type":"Feature","properties":{"kind":"minor-water","name":"Meadow Creek","ftype":460,"lengthKm":0.05,"hu8":"06010208","pid":"123934056"},"geometry":{"type":"MultiLineString","coordinates":[[[-85.08843,35.97112],[-85.08866,35.97155]]]}},{"type":"Feature","properties":{"kind":"minor-water","name":"Lick Creek","ftype":460,"lengthKm":0.15,"hu8":"06010208","pid":"123941337"},"geometry":{"type":"MultiLineString","coordinates":[[[-85.03603,35.8205],[-85.03588,35.81918]]]}},{"type":"Feature","properties":{"kind":"minor-water","name":"Caney Fork Creek","ftype":460,"lengthKm":0.66,"hu8":"06010208","pid":"123932906"},"geometry":{"type":"MultiLineString","coordinates":[[[-85.13832,36.03396],[-85.1369,36.03318],[-85.13569,36.03369],[-85.13474,36.03337],[-85.13447,36.0325],[-85.13318,36.03119]]]}},{"type":"Feature","properties":{"kind":"minor-water","name":"Black Drowning Creek","ftype":558,"lengthKm":0.02,"hu8":"06010208","pid":"123934714"},"geometry":{"type":"MultiLineString","coordinates":[[[-85.04681,35.99578],[-85.04664,35.9958]]]}},{"type":"Feature","properties":{"kind":"minor-water","name":"Basses Creek","ftype":558,"lengthKm":0.12,"hu8":"06010208","pid":"123941551"},"geometry":{"type":"MultiLineString","coordinates":[[[-85.03922,35.8554],[-85.03818,35.85603]]]}},{"type":"Feature","properties":{"kind":"minor-water","name":"Obed River","ftype":558,"lengthKm":0.74,"hu8":"06010208","pid":"123938654"},"geometry":{"type":"MultiLineString","coordinates":[[[-85.00655,36.03092],[-85.00599,36.02976],[-85.00438,36.02859],[-85.00301,36.02878],[-84.99996,36.02826]]]}},{"type":"Feature","properties":{"kind":"minor-water","name":"Wilson Pen Branch","ftype":460,"lengthKm":0.82,"hu8":"06010208","pid":"123941199"},"geometry":{"type":"MultiLineString","coordinates":[[[-85.0316,35.86205],[-85.03175,35.86079],[-85.03287,35.85927],[-85.03267,35.85795],[-85.0311,35.85624],[-85.03076,35.8554]]]}},{"type":"Feature","properties":{"kind":"minor-water","name":"Littlefield Branch","ftype":558,"lengthKm":0.03,"hu8":"06010208","pid":"{A5C92208-EED6-4FA6-A804-5C91F5654516}"},"geometry":{"type":"MultiLineString","coordinates":[[[-85.1044,35.94625],[-85.10403,35.94633]]]}},{"type":"Feature","properties":{"kind":"minor-water","name":"Littlefield Branch","ftype":558,"lengthKm":0.12,"hu8":"06010208","pid":"{1AACD3C8-2564-47D1-A72A-D613A02E3C74}"},"geometry":{"type":"MultiLineString","coordinates":[[[-85.10538,35.94554],[-85.1044,35.94625]]]}},{"type":"Feature","properties":{"kind":"minor-water","name":"Lick Creek","ftype":558,"lengthKm":0.16,"hu8":"06010208","pid":"{EE4DAC70-A5D9-40DD-82C0-627569ACA4E5}"},"geometry":{"type":"MultiLineString","coordinates":[[[-85.08413,35.82521],[-85.08396,35.82374]]]}},{"type":"Feature","properties":{"kind":"minor-water","name":"Lick Creek","ftype":558,"lengthKm":0,"hu8":"06010208","pid":"{B7BA90CF-8B6F-4EA0-AB54-2CD42244E270}"},"geometry":{"type":"MultiLineString","coordinates":[[[-85.08396,35.82374],[-85.08394,35.8237]]]}},{"type":"Feature","properties":{"kind":"minor-water","name":"Cottrell Branch","ftype":460,"lengthKm":0.39,"hu8":"06010208","pid":"{A633E958-40D1-4241-9807-5665400D18F1}"},"geometry":{"type":"MultiLineString","coordinates":[[[-85.07421,35.84184],[-85.07281,35.84153],[-85.07233,35.84194],[-85.07161,35.84184],[-85.07032,35.84243]]]}},{"type":"Feature","properties":{"kind":"minor-water","name":"Cottrell Branch","ftype":558,"lengthKm":0.42,"hu8":"06010208","pid":"{1A9A0413-C5A2-462D-BA7A-4A03F6ACEBE5}"},"geometry":{"type":"MultiLineString","coordinates":[[[-85.07838,35.8416],[-85.0775,35.8421],[-85.07618,35.84164],[-85.07514,35.84207],[-85.07421,35.84184]]]}},{"type":"Feature","properties":{"kind":"minor-water","name":"Hazelnut Branch","ftype":460,"lengthKm":1.27,"hu8":"06020001","pid":"139277765"},"geometry":{"type":"MultiLineString","coordinates":[[[-85.04114,35.58777],[-85.0417,35.58521],[-85.04242,35.58486],[-85.04274,35.58389],[-85.04343,35.58349],[-85.04429,35.58218],[-85.04396,35.58044],[-85.04434,35.57726]]]}},{"type":"Feature","properties":{"kind":"minor-water","name":"Tigues Creek","ftype":460,"lengthKm":0.49,"hu8":"06020001","pid":"139276542"},"geometry":{"type":"MultiLineString","coordinates":[[[-85.10293,35.55509],[-85.10169,35.55548],[-85.10051,35.55665],[-85.09968,35.55651],[-85.09882,35.55744]]]}},{"type":"Feature","properties":{"kind":"minor-water","name":"Laurel Creek","ftype":460,"lengthKm":0.99,"hu8":"06020001","pid":"139276509"},"geometry":{"type":"MultiLineString","coordinates":[[[-85.01312,35.56552],[-85.01368,35.56537],[-85.01471,35.56436],[-85.013,35.56345],[-85.01165,35.56164],[-85.01153,35.56011],[-85.01184,35.55963],[-85.01274,35.55931],[-85.01273,35.55885]]]}},{"type":"Feature","properties":{"kind":"minor-water","name":"Double Branch","ftype":460,"lengthKm":0.55,"hu8":"06020001","pid":"139277770"},"geometry":{"type":"MultiLineString","coordinates":[[[-85.0561,35.6359],[-85.05802,35.63514],[-85.05836,35.63406],[-85.05931,35.63399],[-85.06044,35.633]]]}},{"type":"Feature","properties":{"kind":"minor-water","name":"Mitts Creek","ftype":460,"lengthKm":0.71,"hu8":"06020001","pid":"139279681"},"geometry":{"type":"MultiLineString","coordinates":[[[-85.08225,35.62487],[-85.08259,35.62434],[-85.08216,35.62354],[-85.08332,35.6232],[-85.08345,35.62229],[-85.08267,35.62196],[-85.08301,35.62177],[-85.08284,35.62136],[-85.08347,35.61997]]]}},{"type":"Feature","properties":{"kind":"minor-water","name":"Henderson Creek","ftype":460,"lengthKm":1.42,"hu8":"06020001","pid":"139277760"},"geometry":{"type":"MultiLineString","coordinates":[[[-85.06153,35.60779],[-85.06133,35.60722],[-85.06241,35.60633],[-85.06276,35.60563],[-85.06167,35.60455],[-85.0621,35.6024],[-85.06079,35.60119],[-85.06067,35.60035],[-85.06236,35.59973],[-85.06295,35.59832],[-85.06426,35.59787]]]}},{"type":"Feature","properties":{"kind":"minor-water","name":"Coalbank Branch","ftype":460,"lengthKm":0.42,"hu8":"06020001","pid":"139277792"},"geometry":{"type":"MultiLineString","coordinates":[[[-85.10584,35.60734],[-85.10535,35.60792],[-85.10374,35.60882],[-85.1029,35.61009]]]}},{"type":"Feature","properties":{"kind":"minor-water","name":"Henderson Creek","ftype":460,"lengthKm":0.38,"hu8":"06020001","pid":"139277753"},"geometry":{"type":"MultiLineString","coordinates":[[[-85.06426,35.59787],[-85.06477,35.59726],[-85.06478,35.59615],[-85.06444,35.59559],[-85.06338,35.59524]]]}},{"type":"Feature","properties":{"kind":"minor-water","name":"Paine Creek","ftype":460,"lengthKm":2.35,"hu8":"06020001","pid":"139277741"},"geometry":{"type":"MultiLineString","coordinates":[[[-84.99797,35.55591],[-84.99995,35.55435],[-85.00147,35.55149],[-85.00254,35.5507],[-85.00346,35.54897],[-85.0035,35.54825],[-85.00502,35.54619],[-85.00496,35.54465],[-85.00616,35.54285],[-85.00882,35.53984],[-85.01016,35.53896],[-85.01126,35.5387]]]}},{"type":"Feature","properties":{"kind":"minor-water","name":"Laurel Creek","ftype":460,"lengthKm":0.29,"hu8":"06020001","pid":"139279879"},"geometry":{"type":"MultiLineString","coordinates":[[[-85.04478,35.59467],[-85.04158,35.59438]]]}},{"type":"Feature","properties":{"kind":"minor-water","name":"Polebridge Creek","ftype":460,"lengthKm":0.72,"hu8":"06020001","pid":"139277811"},"geometry":{"type":"MultiLineString","coordinates":[[[-85.12451,35.57679],[-85.12325,35.57657],[-85.12173,35.57686],[-85.12041,35.57802],[-85.11861,35.57792],[-85.11742,35.57734]]]}},{"type":"Feature","properties":{"kind":"minor-water","name":"Tigues Creek","ftype":460,"lengthKm":0.26,"hu8":"06020001","pid":"139276557"},"geometry":{"type":"MultiLineString","coordinates":[[[-85.12184,35.56115],[-85.12155,35.56112],[-85.12164,35.56055],[-85.12039,35.55936]]]}},{"type":"Feature","properties":{"kind":"minor-water","name":"Coalbank Branch","ftype":460,"lengthKm":1.02,"hu8":"06020001","pid":"139277793"},"geometry":{"type":"MultiLineString","coordinates":[[[-85.1029,35.61009],[-85.10267,35.61055],[-85.10207,35.61065],[-85.10091,35.60984],[-85.09937,35.60993],[-85.09908,35.61083],[-85.09789,35.61071],[-85.0962,35.60999],[-85.0935,35.60964]]]}},{"type":"Feature","properties":{"kind":"minor-water","name":"Tigues Creek","ftype":460,"lengthKm":0.4,"hu8":"06020001","pid":"139276544"},"geometry":{"type":"MultiLineString","coordinates":[[[-85.09706,35.55687],[-85.09627,35.55704],[-85.09618,35.55649],[-85.0955,35.55667],[-85.09424,35.5561],[-85.09355,35.55639]]]}},{"type":"Feature","properties":{"kind":"minor-water","name":"Tigues Creek","ftype":460,"lengthKm":1.04,"hu8":"06020001","pid":"139276553"},"geometry":{"type":"MultiLineString","coordinates":[[[-85.07167,35.55717],[-85.07096,35.55736],[-85.07031,35.55684],[-85.06955,35.55709],[-85.06845,35.55629],[-85.06783,35.55676],[-85.06749,35.55634],[-85.06795,35.55599],[-85.06731,35.55566],[-85.06726,35.55524],[-85.06644,35.55523],[-85.06571,35.55561],[-85.06544,35.55495],[-85.06482,35.55502],[-85.06474,35.55532],[-85.06435,35.55489]]]}},{"type":"Feature","properties":{"kind":"minor-water","name":"Coalbank Branch","ftype":460,"lengthKm":0.7,"hu8":"06020001","pid":"139279653"},"geometry":{"type":"MultiLineString","coordinates":[[[-85.11578,35.59755],[-85.1152,35.59787],[-85.11513,35.59951],[-85.11406,35.60042],[-85.11325,35.60054],[-85.11257,35.60022],[-85.1122,35.60051],[-85.1108,35.60041]]]}},{"type":"Feature","properties":{"kind":"minor-water","name":"Henderson Creek","ftype":460,"lengthKm":0.5,"hu8":"06020001","pid":"139277779"},"geometry":{"type":"MultiLineString","coordinates":[[[-85.07569,35.61314],[-85.07472,35.61205],[-85.07268,35.61156],[-85.07232,35.61083],[-85.07163,35.61062]]]}},{"type":"Feature","properties":{"kind":"minor-water","name":"Coalbank Branch","ftype":460,"lengthKm":0.13,"hu8":"06020001","pid":"139279657"},"geometry":{"type":"MultiLineString","coordinates":[[[-85.10783,35.6037],[-85.10771,35.60487]]]}},{"type":"Feature","properties":{"kind":"minor-water","name":"Henderson Creek","ftype":460,"lengthKm":0.81,"hu8":"06020001","pid":"139277751"},"geometry":{"type":"MultiLineString","coordinates":[[[-85.04633,35.57317],[-85.04651,35.57101],[-85.04715,35.57033],[-85.04712,35.56805],[-85.04762,35.56612]]]}},{"type":"Feature","properties":{"kind":"minor-water","name":"Henderson Creek","ftype":460,"lengthKm":0.58,"hu8":"06020001","pid":"139277756"},"geometry":{"type":"MultiLineString","coordinates":[[[-85.0566,35.58905],[-85.05484,35.58689],[-85.05376,35.58616],[-85.05339,35.58471]]]}},{"type":"Feature","properties":{"kind":"minor-water","name":"Polebridge Creek","ftype":460,"lengthKm":2.05,"hu8":"06020001","pid":"139276520"},"geometry":{"type":"MultiLineString","coordinates":[[[-85.06687,35.56724],[-85.06623,35.5665],[-85.06507,35.56682],[-85.06003,35.56625],[-85.05702,35.56389],[-85.05404,35.56279],[-85.05162,35.55989],[-85.04818,35.55965]]]}},{"type":"Feature","properties":{"kind":"minor-water","name":"Polebridge Creek","ftype":460,"lengthKm":1.04,"hu8":"06020001","pid":"139276529"},"geometry":{"type":"MultiLineString","coordinates":[[[-85.10244,35.57213],[-85.10174,35.57238],[-85.09989,35.57194],[-85.09718,35.5719],[-85.09514,35.57231],[-85.09349,35.5732],[-85.09156,35.57361]]]}},{"type":"Feature","properties":{"kind":"minor-water","name":"Muddy Branch","ftype":460,"lengthKm":0.89,"hu8":"06020001","pid":"139277794"},"geometry":{"type":"MultiLineString","coordinates":[[[-85.13173,35.60082],[-85.1295,35.60036],[-85.12553,35.60158],[-85.12335,35.60255],[-85.12302,35.60316]]]}},{"type":"Feature","properties":{"kind":"minor-water","name":"Laurel Creek","ftype":460,"lengthKm":1.74,"hu8":"06020001","pid":"139276510"},"geometry":{"type":"MultiLineString","coordinates":[[[-85.01273,35.55885],[-85.01166,35.55854],[-85.01145,35.55818],[-85.01146,35.55511],[-85.01247,35.55452],[-85.01263,35.55362],[-85.01388,35.55387],[-85.01434,35.55372],[-85.01482,35.5512],[-85.01547,35.55109],[-85.01674,35.55155],[-85.0176,35.55153],[-85.01973,35.55052],[-85.02053,35.54977]]]}},{"type":"Feature","properties":{"kind":"minor-water","name":"Tigues Creek","ftype":460,"lengthKm":1.28,"hu8":"06020001","pid":"139276555"},"geometry":{"type":"MultiLineString","coordinates":[[[-85.13065,35.57256],[-85.12973,35.57268],[-85.12824,35.57205],[-85.12788,35.57101],[-85.12891,35.56843],[-85.12874,35.56789],[-85.12757,35.56658],[-85.12446,35.5643]]]}},{"type":"Feature","properties":{"kind":"minor-water","name":"Double Branch","ftype":460,"lengthKm":1.56,"hu8":"06020001","pid":"139277771"},"geometry":{"type":"MultiLineString","coordinates":[[[-85.04667,35.64548],[-85.04687,35.64442],[-85.0486,35.64233],[-85.0484,35.64102],[-85.04873,35.6407],[-85.05143,35.64072],[-85.05205,35.64036],[-85.05283,35.63879],[-85.05277,35.63823],[-85.05349,35.63721],[-85.0561,35.6359]]]}},{"type":"Feature","properties":{"kind":"minor-water","name":"Henderson Creek","ftype":460,"lengthKm":0.76,"hu8":"06020001","pid":"139277777"},"geometry":{"type":"MultiLineString","coordinates":[[[-85.08347,35.61997],[-85.08156,35.61873],[-85.08096,35.61798],[-85.08004,35.61779],[-85.07905,35.61713],[-85.07732,35.61549]]]}},{"type":"Feature","properties":{"kind":"minor-water","name":"Laurel Creek","ftype":558,"lengthKm":0.27,"hu8":"06020001","pid":"139284864"},"geometry":{"type":"MultiLineString","coordinates":[[[-85.03916,35.59624],[-85.03828,35.59691],[-85.03662,35.59747]]]}},{"type":"Feature","properties":{"kind":"minor-water","name":"Tigues Creek","ftype":460,"lengthKm":0.3,"hu8":"06020001","pid":"139276546"},"geometry":{"type":"MultiLineString","coordinates":[[[-85.09172,35.5548],[-85.09123,35.554],[-85.09133,35.55313],[-85.09038,35.55263]]]}},{"type":"Feature","properties":{"kind":"minor-water","name":"Lowry Creek","ftype":460,"lengthKm":1.6,"hu8":"06020001","pid":"139277788"},"geometry":{"type":"MultiLineString","coordinates":[[[-85.0752,35.60252],[-85.0736,35.60354],[-85.07261,35.60463],[-85.07185,35.60448],[-85.07078,35.60374],[-85.06919,35.60343],[-85.06825,35.60201],[-85.06585,35.60194],[-85.06568,35.60165],[-85.06606,35.60127],[-85.0658,35.60018],[-85.06515,35.59885],[-85.06419,35.5983],[-85.06426,35.59787]]]}},{"type":"Feature","properties":{"kind":"minor-water","name":"Barber Branch","ftype":460,"lengthKm":1.49,"hu8":"06020001","pid":"139277790"},"geometry":{"type":"MultiLineString","coordinates":[[[-85.10236,35.62315],[-85.10181,35.62266],[-85.1006,35.62244],[-85.10045,35.62162],[-85.09975,35.62091],[-85.09985,35.61972],[-85.09768,35.61832],[-85.09608,35.61603],[-85.09609,35.61472],[-85.09661,35.61434],[-85.09591,35.61335],[-85.09606,35.6125]]]}},{"type":"Feature","properties":{"kind":"minor-water","name":"Henderson Creek","ftype":460,"lengthKm":1.44,"hu8":"06020001","pid":"139277757"},"geometry":{"type":"MultiLineString","coordinates":[[[-85.05339,35.58471],[-85.0542,35.58289],[-85.05621,35.5817],[-85.05666,35.58032],[-85.05518,35.57774],[-85.05417,35.57809],[-85.05239,35.57775],[-85.05099,35.57569]]]}},{"type":"Feature","properties":{"kind":"minor-water","name":"Polebridge Creek","ftype":460,"lengthKm":1.68,"hu8":"06020001","pid":"139276523"},"geometry":{"type":"MultiLineString","coordinates":[[[-85.08912,35.57665],[-85.08805,35.57713],[-85.08567,35.57689],[-85.08483,35.57563],[-85.08349,35.57552],[-85.08172,35.57737],[-85.07976,35.57724],[-85.07678,35.57619],[-85.07529,35.57616],[-85.07419,35.57451]]]}},{"type":"Feature","properties":{"kind":"minor-water","name":"Laurel Creek","ftype":460,"lengthKm":2.34,"hu8":"06020001","pid":"139276516"},"geometry":{"type":"MultiLineString","coordinates":[[[-85.02889,35.59513],[-85.02851,35.59477],[-85.028,35.59478],[-85.02762,35.59411],[-85.02574,35.59271],[-85.02458,35.59244],[-85.02482,35.59167],[-85.02456,35.59136],[-85.02361,35.59133],[-85.02343,35.5909],[-85.02282,35.59089],[-85.02142,35.59018],[-85.02091,35.59067],[-85.02031,35.59038],[-85.01924,35.5891],[-85.01953,35.58836],[-85.01873,35.58761],[-85.01844,35.58597],[-85.01662,35.58589],[-85.01696,35.58495],[-85.01646,35.58448],[-85.01668,35.58388],[-85.01586,35.58296],[-85.01621,35.58228],[-85.01592,35.582]]]}},{"type":"Feature","properties":{"kind":"minor-water","name":"Laurel Creek","ftype":460,"lengthKm":0.83,"hu8":"06020001","pid":"139276515"},"geometry":{"type":"MultiLineString","coordinates":[[[-85.03662,35.59747],[-85.03578,35.59736],[-85.0344,35.59627],[-85.03203,35.59658],[-85.03141,35.59622],[-85.03125,35.59563],[-85.02947,35.59506],[-85.02889,35.59513]]]}},{"type":"Feature","properties":{"kind":"minor-water","name":"Henderson Creek","ftype":460,"lengthKm":0.96,"hu8":"06020001","pid":"139277754"},"geometry":{"type":"MultiLineString","coordinates":[[[-85.06338,35.59524],[-85.06278,35.59504],[-85.06235,35.59441],[-85.06276,35.59242],[-85.06194,35.5905],[-85.06143,35.59],[-85.05848,35.58881]]]}},{"type":"Feature","properties":{"kind":"minor-water","name":"Tigues Creek","ftype":460,"lengthKm":0.17,"hu8":"06020001","pid":"139276559"},"geometry":{"type":"MultiLineString","coordinates":[[[-85.11638,35.55746],[-85.11474,35.55673]]]}},{"type":"Feature","properties":{"kind":"minor-water","name":"Polebridge Creek","ftype":460,"lengthKm":0.69,"hu8":"06020001","pid":"139276527"},"geometry":{"type":"MultiLineString","coordinates":[[[-85.11174,35.5723],[-85.10951,35.57091],[-85.10748,35.57138],[-85.10636,35.57041],[-85.10534,35.57072]]]}},{"type":"Feature","properties":{"kind":"minor-water","name":"Henderson Creek","ftype":460,"lengthKm":0.4,"hu8":"06020001","pid":"139277759"},"geometry":{"type":"MultiLineString","coordinates":[[[-85.06231,35.61127],[-85.06187,35.61077],[-85.06153,35.60779]]]}},{"type":"Feature","properties":{"kind":"minor-water","name":"Henderson Creek","ftype":460,"lengthKm":1.01,"hu8":"06020001","pid":"139277780"},"geometry":{"type":"MultiLineString","coordinates":[[[-85.07163,35.61062],[-85.06929,35.61022],[-85.06856,35.61091],[-85.06772,35.61012],[-85.06681,35.61063],[-85.06592,35.61171],[-85.06231,35.61127]]]}},{"type":"Feature","properties":{"kind":"minor-water","name":"Lowry Creek","ftype":460,"lengthKm":1.05,"hu8":"06020001","pid":"139277786"},"geometry":{"type":"MultiLineString","coordinates":[[[-85.08565,35.60084],[-85.08542,35.60058],[-85.08424,35.60071],[-85.08304,35.60136],[-85.08259,35.60109],[-85.08184,35.60148],[-85.08202,35.60175],[-85.08172,35.6019],[-85.08137,35.6015],[-85.08065,35.60164],[-85.08073,35.60222],[-85.08021,35.60219],[-85.07966,35.60277],[-85.07923,35.60214],[-85.07843,35.60222],[-85.07736,35.60181]]]}},{"type":"Feature","properties":{"kind":"minor-water","name":"Mitts Creek","ftype":460,"lengthKm":1.17,"hu8":"06020001","pid":"139279675"},"geometry":{"type":"MultiLineString","coordinates":[[[-85.07948,35.63394],[-85.08005,35.63284],[-85.07967,35.63188],[-85.08005,35.63026],[-85.07975,35.62821],[-85.08043,35.62744],[-85.08004,35.62661],[-85.08139,35.62487],[-85.08225,35.62487]]]}},{"type":"Feature","properties":{"kind":"minor-water","name":"Laurel Creek","ftype":558,"lengthKm":0.3,"hu8":"06020001","pid":"139284862"},"geometry":{"type":"MultiLineString","coordinates":[[[-85.04158,35.59438],[-85.03916,35.59624]]]}},{"type":"Feature","properties":{"kind":"minor-water","name":"Mitts Creek","ftype":460,"lengthKm":0.72,"hu8":"06020001","pid":"139279673"},"geometry":{"type":"MultiLineString","coordinates":[[[-85.07774,35.63799],[-85.07584,35.63683],[-85.07576,35.63632],[-85.07699,35.63545],[-85.07868,35.63506],[-85.07948,35.63394]]]}},{"type":"Feature","properties":{"kind":"minor-water","name":"Coalbank Branch","ftype":460,"lengthKm":0.36,"hu8":"06020001","pid":"139279654"},"geometry":{"type":"MultiLineString","coordinates":[[[-85.11689,35.59325],[-85.11722,35.59562],[-85.11667,35.59638]]]}},{"type":"Feature","properties":{"kind":"minor-water","name":"Coalbank Branch","ftype":558,"lengthKm":0.16,"hu8":"06020001","pid":"139284888"},"geometry":{"type":"MultiLineString","coordinates":[[[-85.11667,35.59638],[-85.116,35.59687],[-85.11614,35.59755]]]}},{"type":"Feature","properties":{"kind":"minor-water","name":"Eden Branch","ftype":460,"lengthKm":0.25,"hu8":"06020001","pid":"139277813"},"geometry":{"type":"MultiLineString","coordinates":[[[-85.08184,35.56274],[-85.08034,35.56461]]]}},{"type":"Feature","properties":{"kind":"minor-water","name":"Card Branch","ftype":558,"lengthKm":0.05,"hu8":"06020001","pid":"139284892"},"geometry":{"type":"MultiLineString","coordinates":[[[-85.10163,35.59387],[-85.10157,35.5934]]]}},{"type":"Feature","properties":{"kind":"minor-water","name":"Coalbank Branch","ftype":460,"lengthKm":0.32,"hu8":"06020001","pid":"139279656"},"geometry":{"type":"MultiLineString","coordinates":[[[-85.10771,35.60487],[-85.10584,35.60734]]]}},{"type":"Feature","properties":{"kind":"minor-water","name":"Henderson Creek","ftype":460,"lengthKm":0.3,"hu8":"06020001","pid":"139277778"},"geometry":{"type":"MultiLineString","coordinates":[[[-85.07732,35.61549],[-85.07569,35.61314]]]}},{"type":"Feature","properties":{"kind":"minor-water","name":"Tigues Creek","ftype":460,"lengthKm":0.71,"hu8":"06020001","pid":"139276548"},"geometry":{"type":"MultiLineString","coordinates":[[[-85.09146,35.55087],[-85.08998,35.55141],[-85.08932,35.54985],[-85.08681,35.54971],[-85.08548,35.54882]]]}},{"type":"Feature","properties":{"kind":"minor-water","name":"Board Tree Branch","ftype":460,"lengthKm":0.53,"hu8":"06020001","pid":"139277745"},"geometry":{"type":"MultiLineString","coordinates":[[[-85.02598,35.58753],[-85.0246,35.58607],[-85.02436,35.58487],[-85.02353,35.58463],[-85.02341,35.58403],[-85.02372,35.58374]]]}},{"type":"Feature","properties":{"kind":"minor-water","name":"Tigues Creek","ftype":460,"lengthKm":1.35,"hu8":"06020001","pid":"139276549"},"geometry":{"type":"MultiLineString","coordinates":[[[-85.08548,35.54882],[-85.08285,35.55043],[-85.08103,35.55111],[-85.0806,35.55096],[-85.08055,35.5503],[-85.08023,35.55028],[-85.07836,35.55223],[-85.07736,35.55235],[-85.07766,35.55181],[-85.07589,35.55192],[-85.07645,35.55274],[-85.07612,35.55283]]]}},{"type":"Feature","properties":{"kind":"minor-water","name":"Henderson Creek","ftype":460,"lengthKm":0.47,"hu8":"06020001","pid":"139276519"},"geometry":{"type":"MultiLineString","coordinates":[[[-85.03203,35.55037],[-85.03153,35.54978],[-85.03086,35.54628]]]}},{"type":"Feature","properties":{"kind":"minor-water","name":"Polebridge Creek","ftype":460,"lengthKm":0.42,"hu8":"06020001","pid":"139276530"},"geometry":{"type":"MultiLineString","coordinates":[[[-85.09156,35.57361],[-85.09094,35.57386],[-85.08944,35.57538],[-85.08912,35.57665]]]}},{"type":"Feature","properties":{"kind":"minor-water","name":"Eden Branch","ftype":460,"lengthKm":1.53,"hu8":"06020001","pid":"139277814"},"geometry":{"type":"MultiLineString","coordinates":[[[-85.08034,35.56461],[-85.07954,35.56575],[-85.07903,35.56742],[-85.07728,35.56846],[-85.07638,35.5679],[-85.07186,35.56813],[-85.07064,35.56771],[-85.06927,35.56791],[-85.06761,35.56766],[-85.06687,35.56724]]]}},{"type":"Feature","properties":{"kind":"minor-water","name":"Board Tree Branch","ftype":460,"lengthKm":0.8,"hu8":"06020001","pid":"139277746"},"geometry":{"type":"MultiLineString","coordinates":[[[-85.02372,35.58374],[-85.0233,35.58315],[-85.02194,35.58275],[-85.02122,35.58292],[-85.0203,35.58252],[-85.01922,35.58264],[-85.01841,35.58199],[-85.01592,35.582]]]}},{"type":"Feature","properties":{"kind":"minor-water","name":"Tigues Creek","ftype":460,"lengthKm":0.24,"hu8":"06020001","pid":"139276547"},"geometry":{"type":"MultiLineString","coordinates":[[[-85.09038,35.55263],[-85.09129,35.55201],[-85.09146,35.55087]]]}},{"type":"Feature","properties":{"kind":"minor-water","name":"Double Branch","ftype":558,"lengthKm":0.44,"hu8":"06020001","pid":"139284799"},"geometry":{"type":"MultiLineString","coordinates":[[[-85.06172,35.63006],[-85.06136,35.62897],[-85.06014,35.6273],[-85.05903,35.62745]]]}},{"type":"Feature","properties":{"kind":"minor-water","name":"Double Branch","ftype":460,"lengthKm":0.58,"hu8":"06020001","pid":"139277762"},"geometry":{"type":"MultiLineString","coordinates":[[[-85.05789,35.62599],[-85.05802,35.62498],[-85.05882,35.62485],[-85.05942,35.62351],[-85.0599,35.62326],[-85.05961,35.62196],[-85.0599,35.62179]]]}},{"type":"Feature","properties":{"kind":"minor-water","name":"Henderson Creek","ftype":460,"lengthKm":0.08,"hu8":"06020001","pid":"139277750"},"geometry":{"type":"MultiLineString","coordinates":[[[-85.04685,35.5738],[-85.04633,35.57317]]]}},{"type":"Feature","properties":{"kind":"minor-water","name":"Henderson Creek","ftype":460,"lengthKm":0.99,"hu8":"06020001","pid":"139276518"},"geometry":{"type":"MultiLineString","coordinates":[[[-85.0392,35.55692],[-85.03839,35.55646],[-85.03722,35.55455],[-85.03549,35.55282],[-85.03424,35.55218],[-85.03203,35.55037]]]}},{"type":"Feature","properties":{"kind":"minor-water","name":"Tigues Creek","ftype":460,"lengthKm":0.85,"hu8":"06020001","pid":"139276561"},"geometry":{"type":"MultiLineString","coordinates":[[[-85.11348,35.55479],[-85.10946,35.55505],[-85.10447,35.55347]]]}},{"type":"Feature","properties":{"kind":"minor-water","name":"Tigues Creek","ftype":460,"lengthKm":3.17,"hu8":"06020001","pid":"139276554"},"geometry":{"type":"MultiLineString","coordinates":[[[-85.06435,35.55489],[-85.06345,35.55527],[-85.06224,35.55459],[-85.06184,35.55597],[-85.06121,35.5566],[-85.06062,35.55671],[-85.05832,35.55543],[-85.0533,35.55491],[-85.05238,35.55436],[-85.05125,35.55514],[-85.05084,35.55423],[-85.05183,35.55258],[-85.05159,35.55216],[-85.04933,35.55247],[-85.04826,35.551],[-85.04697,35.55051],[-85.04754,35.54962],[-85.04728,35.54892],[-85.0467,35.54879],[-85.04302,35.54932],[-85.04229,35.54901],[-85.04177,35.54775]]]}},{"type":"Feature","properties":{"kind":"minor-water","name":"Roaring Creek","ftype":460,"lengthKm":0.92,"hu8":"06020001","pid":"139276578"},"geometry":{"type":"MultiLineString","coordinates":[[[-85.13937,35.56142],[-85.1387,35.55961],[-85.14035,35.55835],[-85.14002,35.55768],[-85.14031,35.55688],[-85.13998,35.55589],[-85.14047,35.55549],[-85.13938,35.55439]]]}},{"type":"Feature","properties":{"kind":"minor-water","name":"Muddy Branch","ftype":460,"lengthKm":2.03,"hu8":"06020001","pid":"139277795"},"geometry":{"type":"MultiLineString","coordinates":[[[-85.12302,35.60316],[-85.12227,35.60536],[-85.12052,35.60766],[-85.12068,35.60902],[-85.11853,35.61002],[-85.11743,35.61172],[-85.11603,35.61201],[-85.11517,35.61138],[-85.11365,35.6112],[-85.11098,35.60952],[-85.10949,35.60914],[-85.10882,35.60931]]]}},{"type":"Feature","properties":{"kind":"minor-water","name":"Roaring Creek","ftype":460,"lengthKm":1.03,"hu8":"06020001","pid":"139276576"},"geometry":{"type":"MultiLineString","coordinates":[[[-85.13744,35.57243],[-85.13703,35.57139],[-85.13706,35.56963],[-85.13791,35.56801],[-85.13782,35.56622],[-85.13853,35.56524],[-85.13889,35.56356]]]}},{"type":"Feature","properties":{"kind":"minor-water","name":"Polebridge Creek","ftype":460,"lengthKm":0.32,"hu8":"06020001","pid":"139277810"},"geometry":{"type":"MultiLineString","coordinates":[[[-85.12802,35.57738],[-85.12451,35.57679]]]}},{"type":"Feature","properties":{"kind":"minor-water","name":"Henderson Creek","ftype":460,"lengthKm":1.41,"hu8":"06020001","pid":"139277781"},"geometry":{"type":"MultiLineString","coordinates":[[[-85.09128,35.63908],[-85.09042,35.63795],[-85.09072,35.63569],[-85.09247,35.63266],[-85.0932,35.63196],[-85.09261,35.63114],[-85.09299,35.63057],[-85.09187,35.62998],[-85.09085,35.62806]]]}},{"type":"Feature","properties":{"kind":"minor-water","name":"Roaring Creek","ftype":460,"lengthKm":0.25,"hu8":"06020001","pid":"139276577"},"geometry":{"type":"MultiLineString","coordinates":[[[-85.13889,35.56356],[-85.13953,35.56226],[-85.13937,35.56142]]]}},{"type":"Feature","properties":{"kind":"minor-water","name":"Hazelnut Branch","ftype":460,"lengthKm":0.45,"hu8":"06020001","pid":"139277766"},"geometry":{"type":"MultiLineString","coordinates":[[[-85.04434,35.57726],[-85.04685,35.5738]]]}},{"type":"Feature","properties":{"kind":"minor-water","name":"Card Branch","ftype":460,"lengthKm":0.55,"hu8":"06020001","pid":"139277798"},"geometry":{"type":"MultiLineString","coordinates":[[[-85.09011,35.5901],[-85.08903,35.58967],[-85.08903,35.58926],[-85.08835,35.58897],[-85.08755,35.58775],[-85.08676,35.58737],[-85.08581,35.58737]]]}},{"type":"Feature","properties":{"kind":"minor-water","name":"Polebridge Creek","ftype":460,"lengthKm":0.59,"hu8":"06020001","pid":"139276522"},"geometry":{"type":"MultiLineString","coordinates":[[[-85.06625,35.57233],[-85.06601,35.57129],[-85.06693,35.56984],[-85.06687,35.56724]]]}},{"type":"Feature","properties":{"kind":"minor-water","name":"Polebridge Creek","ftype":460,"lengthKm":0.38,"hu8":"06020001","pid":"139277812"},"geometry":{"type":"MultiLineString","coordinates":[[[-85.11742,35.57734],[-85.11407,35.57535]]]}},{"type":"Feature","properties":{"kind":"minor-water","name":"Tigues Creek","ftype":460,"lengthKm":0.13,"hu8":"06020001","pid":"139276551"},"geometry":{"type":"MultiLineString","coordinates":[[[-85.07434,35.55299],[-85.07473,35.55415]]]}},{"type":"Feature","properties":{"kind":"minor-water","name":"Laurel Creek","ftype":460,"lengthKm":0.37,"hu8":"06020001","pid":"139276512"},"geometry":{"type":"MultiLineString","coordinates":[[[-85.01326,35.57882],[-85.01248,35.57872],[-85.01059,35.57652]]]}},{"type":"Feature","properties":{"kind":"minor-water","name":"Polebridge Creek","ftype":460,"lengthKm":0.07,"hu8":"06020001","pid":"139276524"},"geometry":{"type":"MultiLineString","coordinates":[[[-85.07419,35.57451],[-85.0734,35.57466]]]}},{"type":"Feature","properties":{"kind":"minor-water","name":"Henderson Creek","ftype":558,"lengthKm":0.05,"hu8":"06020001","pid":"139284782"},"geometry":{"type":"MultiLineString","coordinates":[[[-85.09151,35.63953],[-85.09128,35.63908]]]}},{"type":"Feature","properties":{"kind":"minor-water","name":"Tigues Creek","ftype":460,"lengthKm":0.23,"hu8":"06020001","pid":"139276543"},"geometry":{"type":"MultiLineString","coordinates":[[[-85.09882,35.55744],[-85.09837,35.55683],[-85.09767,35.55655],[-85.09745,35.55689],[-85.09706,35.55687]]]}},{"type":"Feature","properties":{"kind":"minor-water","name":"Coalbank Branch","ftype":558,"lengthKm":0.03,"hu8":"06020001","pid":"139284887"},"geometry":{"type":"MultiLineString","coordinates":[[[-85.11614,35.59755],[-85.11578,35.59755]]]}},{"type":"Feature","properties":{"kind":"minor-water","name":"Polebridge Creek","ftype":460,"lengthKm":0.54,"hu8":"06020001","pid":"139276525"},"geometry":{"type":"MultiLineString","coordinates":[[[-85.11407,35.57535],[-85.11401,35.57494],[-85.11455,35.57444],[-85.11417,35.57319],[-85.11388,35.57297],[-85.11266,35.57316],[-85.11269,35.57278],[-85.11215,35.57265],[-85.11213,35.57235]]]}},{"type":"Feature","properties":{"kind":"minor-water","name":"Roaring Creek","ftype":460,"lengthKm":0.3,"hu8":"06020001","pid":"139276580"},"geometry":{"type":"MultiLineString","coordinates":[[[-85.13907,35.55192],[-85.13974,35.55117],[-85.13971,35.54939]]]}},{"type":"Feature","properties":{"kind":"minor-water","name":"Laurel Creek","ftype":460,"lengthKm":0.47,"hu8":"06020001","pid":"139276511"},"geometry":{"type":"MultiLineString","coordinates":[[[-85.01592,35.582],[-85.01567,35.58096],[-85.01312,35.57926],[-85.01326,35.57882]]]}},{"type":"Feature","properties":{"kind":"minor-water","name":"Tigues Creek","ftype":558,"lengthKm":0.06,"hu8":"06020001","pid":"139284962"},"geometry":{"type":"MultiLineString","coordinates":[[[-85.13135,35.57251],[-85.13065,35.57256]]]}},{"type":"Feature","properties":{"kind":"minor-water","name":"Corder Branch","ftype":460,"lengthKm":0.62,"hu8":"06020001","pid":"139277804"},"geometry":{"type":"MultiLineString","coordinates":[[[-85.09425,35.58001],[-85.09373,35.5792],[-85.09175,35.57757],[-85.08999,35.57719],[-85.08912,35.57665]]]}},{"type":"Feature","properties":{"kind":"minor-water","name":"Lowry Creek","ftype":460,"lengthKm":0.31,"hu8":"06020001","pid":"139277784"},"geometry":{"type":"MultiLineString","coordinates":[[[-85.0891,35.60385],[-85.08702,35.60159]]]}},{"type":"Feature","properties":{"kind":"minor-water","name":"Card Branch","ftype":460,"lengthKm":0.7,"hu8":"06020001","pid":"139277801"},"geometry":{"type":"MultiLineString","coordinates":[[[-85.07411,35.58069],[-85.07365,35.58006],[-85.0735,35.57842],[-85.07403,35.57564],[-85.0734,35.57466]]]}},{"type":"Feature","properties":{"kind":"minor-water","name":"Henderson Creek","ftype":460,"lengthKm":0.72,"hu8":"06020001","pid":"139277752"},"geometry":{"type":"MultiLineString","coordinates":[[[-85.04762,35.56612],[-85.04818,35.55965]]]}},{"type":"Feature","properties":{"kind":"minor-water","name":"Barber Branch","ftype":460,"lengthKm":0.45,"hu8":"06020001","pid":"139277791"},"geometry":{"type":"MultiLineString","coordinates":[[[-85.09606,35.6125],[-85.09607,35.61103],[-85.09392,35.61021],[-85.0935,35.60964]]]}},{"type":"Feature","properties":{"kind":"minor-water","name":"Double Branch","ftype":460,"lengthKm":0.08,"hu8":"06020001","pid":"139277767"},"geometry":{"type":"MultiLineString","coordinates":[[[-85.06198,35.63047],[-85.06219,35.63022],[-85.06172,35.63006]]]}},{"type":"Feature","properties":{"kind":"minor-water","name":"Henderson Creek","ftype":460,"lengthKm":0.17,"hu8":"06020001","pid":"139277755"},"geometry":{"type":"MultiLineString","coordinates":[[[-85.05848,35.58881],[-85.0566,35.58905]]]}},{"type":"Feature","properties":{"kind":"minor-water","name":"Tigues Creek","ftype":460,"lengthKm":0.45,"hu8":"06020001","pid":"139276558"},"geometry":{"type":"MultiLineString","coordinates":[[[-85.12039,35.55936],[-85.11976,35.55847],[-85.1185,35.55846],[-85.11638,35.55746]]]}},{"type":"Feature","properties":{"kind":"minor-water","name":"Double Branch","ftype":460,"lengthKm":0.19,"hu8":"06020001","pid":"139277769"},"geometry":{"type":"MultiLineString","coordinates":[[[-85.05903,35.62745],[-85.05789,35.62599]]]}},{"type":"Feature","properties":{"kind":"minor-water","name":"Lowry Creek","ftype":460,"lengthKm":0.93,"hu8":"06020001","pid":"139277783"},"geometry":{"type":"MultiLineString","coordinates":[[[-85.0935,35.60964],[-85.09295,35.60769],[-85.09357,35.60642],[-85.09336,35.60547],[-85.09171,35.6051],[-85.0909,35.60458],[-85.08971,35.60449],[-85.0891,35.60385]]]}},{"type":"Feature","properties":{"kind":"minor-water","name":"Coalbank Branch","ftype":460,"lengthKm":0.48,"hu8":"06020001","pid":"139279659"},"geometry":{"type":"MultiLineString","coordinates":[[[-85.1108,35.60041],[-85.11021,35.60174],[-85.10941,35.60217],[-85.10915,35.60301],[-85.10783,35.6037]]]}},{"type":"Feature","properties":{"kind":"minor-water","name":"Card Branch","ftype":460,"lengthKm":0.93,"hu8":"06020001","pid":"139277799"},"geometry":{"type":"MultiLineString","coordinates":[[[-85.08581,35.58737],[-85.08536,35.58692],[-85.08417,35.58696],[-85.08394,35.58621],[-85.08289,35.58631],[-85.08282,35.58516],[-85.08172,35.58508],[-85.08128,35.58459],[-85.08072,35.58463],[-85.07957,35.58411],[-85.07838,35.58407]]]}},{"type":"Feature","properties":{"kind":"minor-water","name":"Corder Branch","ftype":460,"lengthKm":0.95,"hu8":"06020001","pid":"139277803"},"geometry":{"type":"MultiLineString","coordinates":[[[-85.10116,35.58524],[-85.09574,35.58344],[-85.09515,35.58271],[-85.09512,35.58126],[-85.09425,35.58001]]]}},{"type":"Feature","properties":{"kind":"minor-water","name":"Tigues Creek","ftype":460,"lengthKm":0.54,"hu8":"06020001","pid":"139276552"},"geometry":{"type":"MultiLineString","coordinates":[[[-85.07473,35.55415],[-85.07222,35.55536],[-85.07235,35.5558],[-85.07157,35.55624],[-85.07193,35.55655],[-85.07145,35.55695],[-85.07167,35.55717]]]}},{"type":"Feature","properties":{"kind":"minor-water","name":"Henderson Creek","ftype":460,"lengthKm":1.25,"hu8":"06020001","pid":"139277782"},"geometry":{"type":"MultiLineString","coordinates":[[[-85.09085,35.62806],[-85.09076,35.62731],[-85.0903,35.6269],[-85.09055,35.62619],[-85.08948,35.62507],[-85.0879,35.62424],[-85.08765,35.6225],[-85.08692,35.62198],[-85.08655,35.62206],[-85.08607,35.62141],[-85.08434,35.62091],[-85.08347,35.61997]]]}},{"type":"Feature","properties":{"kind":"minor-water","name":"Tigues Creek","ftype":460,"lengthKm":0.29,"hu8":"06020001","pid":"139276550"},"geometry":{"type":"MultiLineString","coordinates":[[[-85.07612,35.55283],[-85.07557,35.55268],[-85.07549,35.55217],[-85.075,35.55194],[-85.07434,35.55299]]]}},{"type":"Feature","properties":{"kind":"minor-water","name":"Muddy Branch","ftype":460,"lengthKm":0.36,"hu8":"06020001","pid":"139277796"},"geometry":{"type":"MultiLineString","coordinates":[[[-85.10882,35.60931],[-85.10789,35.60895],[-85.10712,35.60783],[-85.10584,35.60734]]]}},{"type":"Feature","properties":{"kind":"minor-water","name":"Henderson Creek","ftype":460,"lengthKm":0.43,"hu8":"06020001","pid":"139277758"},"geometry":{"type":"MultiLineString","coordinates":[[[-85.05099,35.57569],[-85.04831,35.57468],[-85.04685,35.5738]]]}},{"type":"Feature","properties":{"kind":"minor-water","name":"Double Branch","ftype":460,"lengthKm":0.42,"hu8":"06020001","pid":"139277768"},"geometry":{"type":"MultiLineString","coordinates":[[[-85.06044,35.633],[-85.05985,35.63139],[-85.06061,35.63081],[-85.06154,35.63079],[-85.06198,35.63047]]]}},{"type":"Feature","properties":{"kind":"minor-water","name":"Polebridge Creek","ftype":460,"lengthKm":0.73,"hu8":"06020001","pid":"139276521"},"geometry":{"type":"MultiLineString","coordinates":[[[-85.0734,35.57466],[-85.07293,35.57478],[-85.06925,35.57263],[-85.06719,35.57264],[-85.06625,35.57233]]]}},{"type":"Feature","properties":{"kind":"minor-water","name":"Tigues Creek","ftype":460,"lengthKm":0.29,"hu8":"06020001","pid":"139276541"},"geometry":{"type":"MultiLineString","coordinates":[[[-85.10447,35.55347],[-85.10246,35.55479],[-85.10293,35.55509]]]}},{"type":"Feature","properties":{"kind":"minor-water","name":"Polebridge Creek","ftype":460,"lengthKm":0.63,"hu8":"06020001","pid":"139277809"},"geometry":{"type":"MultiLineString","coordinates":[[[-85.1343,35.57742],[-85.13182,35.57636],[-85.13081,35.57621],[-85.12802,35.57738]]]}},{"type":"Feature","properties":{"kind":"minor-water","name":"Lowry Creek","ftype":460,"lengthKm":0.17,"hu8":"06020001","pid":"139277785"},"geometry":{"type":"MultiLineString","coordinates":[[[-85.08702,35.60159],[-85.0864,35.60129],[-85.08648,35.60105],[-85.08565,35.60084]]]}},{"type":"Feature","properties":{"kind":"minor-water","name":"Henderson Creek","ftype":460,"lengthKm":0.89,"hu8":"06020001","pid":"139276517"},"geometry":{"type":"MultiLineString","coordinates":[[[-85.04818,35.55965],[-85.04666,35.55903],[-85.04555,35.55912],[-85.04434,35.5584],[-85.04267,35.55832],[-85.0392,35.55692]]]}},{"type":"Feature","properties":{"kind":"minor-water","name":"Card Branch","ftype":460,"lengthKm":0.63,"hu8":"06020001","pid":"139277800"},"geometry":{"type":"MultiLineString","coordinates":[[[-85.07838,35.58407],[-85.07784,35.58245],[-85.07576,35.58222],[-85.07549,35.58127],[-85.07411,35.58069]]]}},{"type":"Feature","properties":{"kind":"minor-water","name":"Tigues Creek","ftype":460,"lengthKm":0.3,"hu8":"06020001","pid":"139276545"},"geometry":{"type":"MultiLineString","coordinates":[[[-85.09355,35.55639],[-85.0929,35.55651],[-85.09262,35.55522],[-85.09172,35.5548]]]}},{"type":"Feature","properties":{"kind":"minor-water","name":"Tigues Creek","ftype":460,"lengthKm":0.42,"hu8":"06020001","pid":"139276556"},"geometry":{"type":"MultiLineString","coordinates":[[[-85.12446,35.5643],[-85.12184,35.56115]]]}},{"type":"Feature","properties":{"kind":"minor-water","name":"Card Branch","ftype":460,"lengthKm":1.33,"hu8":"06020001","pid":"139277797"},"geometry":{"type":"MultiLineString","coordinates":[[[-85.10157,35.5934],[-85.10091,35.59306],[-85.09971,35.59313],[-85.09791,35.59474],[-85.09325,35.59125],[-85.09064,35.5908],[-85.09011,35.5901]]]}},{"type":"Feature","properties":{"kind":"minor-water","name":"Lowry Creek","ftype":460,"lengthKm":0.29,"hu8":"06020001","pid":"139277787"},"geometry":{"type":"MultiLineString","coordinates":[[[-85.07736,35.60181],[-85.07626,35.6014],[-85.07606,35.60222],[-85.0752,35.60252]]]}},{"type":"Feature","properties":{"kind":"minor-water","name":"Corder Branch","ftype":460,"lengthKm":0.93,"hu8":"06020001","pid":"139277802"},"geometry":{"type":"MultiLineString","coordinates":[[[-85.10369,35.59314],[-85.10391,35.59221],[-85.1031,35.58928],[-85.10109,35.58612],[-85.10116,35.58524]]]}},{"type":"Feature","properties":{"kind":"minor-water","name":"Polebridge Creek","ftype":460,"lengthKm":0.34,"hu8":"06020001","pid":"139276528"},"geometry":{"type":"MultiLineString","coordinates":[[[-85.10534,35.57072],[-85.10474,35.57171],[-85.10284,35.57187],[-85.10244,35.57213]]]}},{"type":"Feature","properties":{"kind":"minor-water","name":"Tigues Creek","ftype":460,"lengthKm":0.32,"hu8":"06020001","pid":"139276560"},"geometry":{"type":"MultiLineString","coordinates":[[[-85.11474,35.55673],[-85.11447,35.5564],[-85.11483,35.55509],[-85.11348,35.55479]]]}},{"type":"Feature","properties":{"kind":"minor-water","name":"Double Branch","ftype":460,"lengthKm":1.03,"hu8":"06020001","pid":"139277761"},"geometry":{"type":"MultiLineString","coordinates":[[[-85.06003,35.6191],[-85.05945,35.61791],[-85.06063,35.61718],[-85.06033,35.61672],[-85.06073,35.61555],[-85.06027,35.61461],[-85.06165,35.61351],[-85.06138,35.6124],[-85.06231,35.61127]]]}},{"type":"Feature","properties":{"kind":"minor-water","name":"Roaring Creek","ftype":460,"lengthKm":0.31,"hu8":"06020001","pid":"139276579"},"geometry":{"type":"MultiLineString","coordinates":[[[-85.13938,35.55439],[-85.13887,35.55355],[-85.13948,35.5528],[-85.13907,35.55192]]]}},{"type":"Feature","properties":{"kind":"minor-water","name":"Laurel Creek","ftype":460,"lengthKm":0.3,"hu8":"06020001","pid":"139276513"},"geometry":{"type":"MultiLineString","coordinates":[[[-85.01059,35.57652],[-85.01039,35.57611],[-85.0107,35.57475],[-85.00961,35.57455]]]}},{"type":"Feature","properties":{"kind":"minor-water","name":"Board Tree Branch","ftype":460,"lengthKm":0.79,"hu8":"06020001","pid":"139277744"},"geometry":{"type":"MultiLineString","coordinates":[[[-85.03347,35.59005],[-85.03223,35.58966],[-85.0301,35.58981],[-85.02812,35.58941],[-85.027,35.58883],[-85.02598,35.58753]]]}},{"type":"Feature","properties":{"kind":"minor-water","name":"Barber Branch","ftype":460,"lengthKm":1.47,"hu8":"06020001","pid":"139277789"},"geometry":{"type":"MultiLineString","coordinates":[[[-85.11631,35.61945],[-85.11403,35.61876],[-85.1122,35.61944],[-85.11113,35.62023],[-85.11041,35.62132],[-85.10983,35.62139],[-85.10765,35.62279],[-85.10558,35.62274],[-85.10458,35.62322],[-85.10236,35.62315]]]}},{"type":"Feature","properties":{"kind":"minor-water","name":"Polebridge Creek","ftype":460,"lengthKm":0.04,"hu8":"06020001","pid":"139276526"},"geometry":{"type":"MultiLineString","coordinates":[[[-85.11213,35.57235],[-85.11174,35.5723]]]}},{"type":"Feature","properties":{"kind":"minor-water","name":"Double Branch","ftype":460,"lengthKm":0.33,"hu8":"06020001","pid":"139277763"},"geometry":{"type":"MultiLineString","coordinates":[[[-85.0599,35.62179],[-85.05946,35.62105],[-85.06013,35.62012],[-85.05986,35.61965],[-85.06003,35.6191]]]}},{"type":"Feature","properties":{"kind":"minor-water","name":"Laurel Creek","ftype":460,"lengthKm":1.57,"hu8":"06020001","pid":"139276514"},"geometry":{"type":"MultiLineString","coordinates":[[[-85.00961,35.57455],[-85.00943,35.57393],[-85.01089,35.57374],[-85.01123,35.57325],[-85.00968,35.57204],[-85.01188,35.5714],[-85.0126,35.57079],[-85.01249,35.5701],[-85.01346,35.57006],[-85.01385,35.56971],[-85.01347,35.56809],[-85.0136,35.5669],[-85.01279,35.56658],[-85.01226,35.56584],[-85.01249,35.56553],[-85.01312,35.56552]]]}},{"type":"Feature","properties":{"kind":"minor-water","name":"Harwood Branch","ftype":460,"lengthKm":1.46,"hu8":"06020001","pid":"139279780"},"geometry":{"type":"MultiLineString","coordinates":[[[-85.11205,35.54676],[-85.11178,35.54746],[-85.11223,35.54879],[-85.11105,35.5505],[-85.11137,35.55188],[-85.10994,35.55239],[-85.11006,35.55341],[-85.10861,35.55355],[-85.10799,35.55276],[-85.10606,35.55265],[-85.10541,35.55337],[-85.10447,35.55347]]]}},{"type":"Feature","properties":{"kind":"minor-water","name":"Sequatchie River","ftype":460,"lengthKm":0.11,"hu8":"06020004","pid":"51387393"},"geometry":{"type":"MultiLineString","coordinates":[[[-85.01741,35.77632],[-85.01714,35.77533]]]}},{"type":"Feature","properties":{"kind":"minor-water","name":"Oxier Branch","ftype":460,"lengthKm":1.48,"hu8":"06020004","pid":"51387703"},"geometry":{"type":"MultiLineString","coordinates":[[[-85.03506,35.7071],[-85.0383,35.70817],[-85.04096,35.71025],[-85.04417,35.71049],[-85.04501,35.71121],[-85.04861,35.71097],[-85.0493,35.71167]]]}},{"type":"Feature","properties":{"kind":"minor-water","name":"Mill Branch","ftype":558,"lengthKm":0.67,"hu8":"06020004","pid":"{8E69DB8D-5945-4F7C-84A1-17387B925E2B}"},"geometry":{"type":"MultiLineString","coordinates":[[[-85.05464,35.66179],[-85.05489,35.66029],[-85.05632,35.65874],[-85.05911,35.6576]]]}},{"type":"Feature","properties":{"kind":"minor-water","name":"Whiteoak Flat Branch","ftype":460,"lengthKm":0.65,"hu8":"06020004","pid":"{460472D7-47DD-4BA5-AD83-B17355FF5341}"},"geometry":{"type":"MultiLineString","coordinates":[[[-85.16861,35.55842],[-85.16752,35.55671],[-85.16585,35.55536],[-85.1657,35.55339]]]}},{"type":"Feature","properties":{"kind":"minor-water","name":"Whiteoak Flat Branch","ftype":558,"lengthKm":0.3,"hu8":"06020004","pid":"{08839876-B7B5-4D3B-9DE9-EA63BC9303F5}"},"geometry":{"type":"MultiLineString","coordinates":[[[-85.1657,35.55339],[-85.16629,35.55237],[-85.16534,35.55105]]]}},{"type":"Feature","properties":{"kind":"minor-water","name":"Hall Creek","ftype":558,"lengthKm":0.18,"hu8":"06020004","pid":"{4FCBB89B-BC86-4CE2-B482-32FBFE383C8F}"},"geometry":{"type":"MultiLineString","coordinates":[[[-85.1609,35.65928],[-85.16082,35.65768]]]}},{"type":"Feature","properties":{"kind":"minor-water","name":"Hall Creek","ftype":460,"lengthKm":0.85,"hu8":"06020004","pid":"{F028A96A-C015-4436-BF59-C61225A736DD}"},"geometry":{"type":"MultiLineString","coordinates":[[[-85.16082,35.65768],[-85.16234,35.65503],[-85.16036,35.65124],[-85.16043,35.65063]]]}},{"type":"Feature","properties":{"kind":"minor-water","name":"Stephens Branch","ftype":460,"lengthKm":0.47,"hu8":"06020004","pid":"51387533"},"geometry":{"type":"MultiLineString","coordinates":[[[-85.03261,35.74681],[-85.03233,35.74561],[-85.03057,35.74453],[-85.0301,35.74337]]]}},{"type":"Feature","properties":{"kind":"minor-water","name":"Mill Branch","ftype":460,"lengthKm":0.38,"hu8":"06020004","pid":"51387971"},"geometry":{"type":"MultiLineString","coordinates":[[[-85.07738,35.66429],[-85.07769,35.6651],[-85.07995,35.66684]]]}},{"type":"Feature","properties":{"kind":"minor-water","name":"Bracken Branch","ftype":460,"lengthKm":0.78,"hu8":"06020004","pid":"51388679"},"geometry":{"type":"MultiLineString","coordinates":[[[-85.24035,35.55783],[-85.23949,35.55756],[-85.23909,35.55771],[-85.23655,35.56033],[-85.23342,35.56026]]]}},{"type":"Feature","properties":{"kind":"minor-water","name":"Cold Spring Cove Branch","ftype":460,"lengthKm":0.9,"hu8":"06020004","pid":"51388101"},"geometry":{"type":"MultiLineString","coordinates":[[[-85.14436,35.65737],[-85.14462,35.65684],[-85.14293,35.65478],[-85.14176,35.65216],[-85.1411,35.65198],[-85.1405,35.65124],[-85.13966,35.65085]]]}},{"type":"Feature","properties":{"kind":"minor-water","name":"Skillern Creek","ftype":460,"lengthKm":0.64,"hu8":"06020004","pid":"51388513"},"geometry":{"type":"MultiLineString","coordinates":[[[-85.17705,35.58195],[-85.17858,35.58156],[-85.17882,35.58218],[-85.17968,35.5823],[-85.1802,35.58175],[-85.18176,35.58104],[-85.18289,35.58095]]]}},{"type":"Feature","properties":{"kind":"minor-water","name":"Sequatchie River","ftype":460,"lengthKm":1.05,"hu8":"06020004","pid":"51387865"},"geometry":{"type":"MultiLineString","coordinates":[[[-85.08354,35.69162],[-85.08478,35.69149],[-85.08525,35.69111],[-85.08443,35.68961],[-85.08498,35.68738],[-85.08554,35.68713],[-85.08799,35.68725],[-85.0889,35.686]]]}},{"type":"Feature","properties":{"kind":"minor-water","name":"Browns Creek","ftype":460,"lengthKm":0.67,"hu8":"06020004","pid":"51387597"},"geometry":{"type":"MultiLineString","coordinates":[[[-85.09627,35.73794],[-85.0955,35.73655],[-85.09585,35.73553],[-85.09556,35.73455],[-85.09691,35.73237]]]}},{"type":"Feature","properties":{"kind":"minor-water","name":"Skillern Creek","ftype":460,"lengthKm":0.72,"hu8":"06020004","pid":"51388527"},"geometry":{"type":"MultiLineString","coordinates":[[[-85.16777,35.57702],[-85.17033,35.57946],[-85.1724,35.58031],[-85.1741,35.58044]]]}},{"type":"Feature","properties":{"kind":"minor-water","name":"Sequatchie River","ftype":558,"lengthKm":0.14,"hu8":"06020004","pid":"51388235"},"geometry":{"type":"MultiLineString","coordinates":[[[-85.15159,35.63073],[-85.1531,35.63079]]]}},{"type":"Feature","properties":{"kind":"minor-water","name":"Skillern Creek","ftype":460,"lengthKm":0.44,"hu8":"06020004","pid":"51388515"},"geometry":{"type":"MultiLineString","coordinates":[[[-85.18289,35.58095],[-85.18339,35.58227],[-85.18529,35.58246],[-85.18631,35.58311]]]}},{"type":"Feature","properties":{"kind":"minor-water","name":"Skillern Creek","ftype":460,"lengthKm":1.68,"hu8":"06020004","pid":"51388563"},"geometry":{"type":"MultiLineString","coordinates":[[[-85.15242,35.57016],[-85.15409,35.57045],[-85.15734,35.574],[-85.15942,35.57455],[-85.16152,35.57595],[-85.16477,35.5764],[-85.16604,35.57711],[-85.16777,35.57702]]]}},{"type":"Feature","properties":{"kind":"minor-water","name":"Sequatchie River","ftype":558,"lengthKm":0.63,"hu8":"06020004","pid":"51388585"},"geometry":{"type":"MultiLineString","coordinates":[[[-85.22088,35.57563],[-85.22116,35.57538],[-85.2222,35.57566],[-85.22281,35.57524],[-85.22317,35.57621],[-85.22459,35.57698],[-85.22562,35.5771],[-85.22616,35.57682]]]}},{"type":"Feature","properties":{"kind":"minor-water","name":"Hellhole Branch","ftype":460,"lengthKm":2.09,"hu8":"06020004","pid":"51387763"},"geometry":{"type":"MultiLineString","coordinates":[[[-85.11253,35.71606],[-85.11046,35.71553],[-85.1098,35.71472],[-85.10811,35.71422],[-85.10726,35.71287],[-85.10531,35.71156],[-85.10298,35.71121],[-85.10261,35.71072],[-85.10256,35.70973],[-85.10165,35.70886],[-85.10079,35.70708],[-85.1009,35.70635],[-85.10015,35.70532],[-85.09997,35.70333],[-85.09936,35.70304]]]}},{"type":"Feature","properties":{"kind":"minor-water","name":"Skillern Creek","ftype":460,"lengthKm":1.01,"hu8":"06020004","pid":"51388487"},"geometry":{"type":"MultiLineString","coordinates":[[[-85.19053,35.58579],[-85.19074,35.58642],[-85.19133,35.58635],[-85.1917,35.5868],[-85.19219,35.58662],[-85.19366,35.58768],[-85.19362,35.58841],[-85.19421,35.58897],[-85.19631,35.58835],[-85.19848,35.5872]]]}},{"type":"Feature","properties":{"kind":"minor-water","name":"Flatwood Branch","ftype":460,"lengthKm":2.65,"hu8":"06020004","pid":"51388423"},"geometry":{"type":"MultiLineString","coordinates":[[[-85.23178,35.60681],[-85.2291,35.60795],[-85.2262,35.60772],[-85.22498,35.60651],[-85.2227,35.6058],[-85.22106,35.6045],[-85.21883,35.60421],[-85.21803,35.60335],[-85.21663,35.60262],[-85.21648,35.60183],[-85.21564,35.60168],[-85.21445,35.60009],[-85.2121,35.59953],[-85.20822,35.59716]]]}},{"type":"Feature","properties":{"kind":"minor-water","name":"Sequatchie River","ftype":558,"lengthKm":1.56,"hu8":"06020004","pid":"51388103"},"geometry":{"type":"MultiLineString","coordinates":[[[-85.12552,35.65535],[-85.12682,35.65386],[-85.129,35.65261],[-85.12954,35.65254],[-85.13084,35.65341],[-85.13402,35.65265],[-85.13604,35.65324],[-85.13958,35.65081]]]}},{"type":"Feature","properties":{"kind":"minor-water","name":"Rocky Branch","ftype":460,"lengthKm":0.34,"hu8":"06020004","pid":"51388743"},"geometry":{"type":"MultiLineString","coordinates":[[[-85.26398,35.55196],[-85.26063,35.55059]]]}},{"type":"Feature","properties":{"kind":"minor-water","name":"Cold Spring Cove Branch","ftype":460,"lengthKm":1.94,"hu8":"06020004","pid":"51387973"},"geometry":{"type":"MultiLineString","coordinates":[[[-85.16586,35.68537],[-85.16434,35.68298],[-85.16572,35.68173],[-85.16638,35.68165],[-85.16718,35.68099],[-85.16786,35.67944],[-85.16856,35.67937],[-85.16901,35.67849],[-85.16957,35.67839],[-85.17036,35.67881],[-85.17095,35.67867],[-85.17174,35.67693],[-85.1729,35.67659],[-85.17359,35.67447],[-85.17313,35.67289]]]}},{"type":"Feature","properties":{"kind":"minor-water","name":"Sequatchie River","ftype":558,"lengthKm":1.79,"hu8":"06020004","pid":"51388295"},"geometry":{"type":"MultiLineString","coordinates":[[[-85.15922,35.62403],[-85.16205,35.62308],[-85.16275,35.62546],[-85.16344,35.62506],[-85.16305,35.62417],[-85.16391,35.624],[-85.16526,35.62591],[-85.16566,35.62567],[-85.16597,35.62424],[-85.16662,35.62418],[-85.16774,35.62555],[-85.17049,35.62688]]]}},{"type":"Feature","properties":{"kind":"minor-water","name":"Stephens Branch","ftype":460,"lengthKm":0.18,"hu8":"06020004","pid":"51387413"},"geometry":{"type":"MultiLineString","coordinates":[[[-85.03657,35.77216],[-85.03819,35.77125]]]}},{"type":"Feature","properties":{"kind":"minor-water","name":"Rocky Branch","ftype":460,"lengthKm":0.16,"hu8":"06020004","pid":"51388717"},"geometry":{"type":"MultiLineString","coordinates":[[[-85.27722,35.556],[-85.27543,35.55595]]]}},{"type":"Feature","properties":{"kind":"minor-water","name":"Sequatchie River","ftype":460,"lengthKm":1.09,"hu8":"06020004","pid":"51387425"},"geometry":{"type":"MultiLineString","coordinates":[[[-85.01714,35.77533],[-85.01737,35.77382],[-85.01842,35.77191],[-85.01782,35.7709],[-85.01884,35.76793],[-85.01877,35.76737],[-85.01743,35.76639]]]}},{"type":"Feature","properties":{"kind":"minor-water","name":"Sequatchie River","ftype":460,"lengthKm":1.61,"hu8":"06020004","pid":"51387905"},"geometry":{"type":"MultiLineString","coordinates":[[[-85.09872,35.68615],[-85.09927,35.68584],[-85.09921,35.68507],[-85.0975,35.68444],[-85.09683,35.68383],[-85.09735,35.6831],[-85.09839,35.683],[-85.09759,35.68268],[-85.09612,35.68289],[-85.09552,35.68207],[-85.09552,35.68072],[-85.09473,35.67997],[-85.09547,35.67912],[-85.09415,35.6786],[-85.09492,35.67809],[-85.0947,35.67721]]]}},{"type":"Feature","properties":{"kind":"minor-water","name":"Sequatchie River","ftype":558,"lengthKm":0.12,"hu8":"06020004","pid":"51387553"},"geometry":{"type":"MultiLineString","coordinates":[[[-85.03682,35.73962],[-85.03618,35.73869]]]}},{"type":"Feature","properties":{"kind":"minor-water","name":"Taylor Branch","ftype":460,"lengthKm":0.41,"hu8":"06020004","pid":"51387715"},"geometry":{"type":"MultiLineString","coordinates":[[[-85.07749,35.71222],[-85.07748,35.71111],[-85.07654,35.70992],[-85.07645,35.70875]]]}},{"type":"Feature","properties":{"kind":"minor-water","name":"Mill Branch","ftype":460,"lengthKm":0.39,"hu8":"06020004","pid":"{CA3C537C-7AE2-4ACB-A959-79D9CA61D08D}"},"geometry":{"type":"MultiLineString","coordinates":[[[-85.05193,35.66283],[-85.05256,35.66206],[-85.05321,35.66278],[-85.05377,35.66278],[-85.05464,35.66179]]]}},{"type":"Feature","properties":{"kind":"minor-water","name":"Little Creek","ftype":460,"lengthKm":0.78,"hu8":"06020004","pid":"51387857"},"geometry":{"type":"MultiLineString","coordinates":[[[-85.10293,35.6934],[-85.10326,35.69244],[-85.10567,35.69104],[-85.10654,35.68974],[-85.10702,35.68956],[-85.10739,35.68787]]]}},{"type":"Feature","properties":{"kind":"minor-water","name":"Sequatchie River","ftype":558,"lengthKm":1.25,"hu8":"06020004","pid":"51388271"},"geometry":{"type":"MultiLineString","coordinates":[[[-85.1419,35.62772],[-85.14451,35.6279],[-85.14607,35.62973],[-85.147,35.62927],[-85.14797,35.62944],[-85.14781,35.62872],[-85.14615,35.62797],[-85.14587,35.62703],[-85.14717,35.62539]]]}},{"type":"Feature","properties":{"kind":"minor-water","name":"Flatwood Branch","ftype":460,"lengthKm":0.96,"hu8":"06020004","pid":"51388525"},"geometry":{"type":"MultiLineString","coordinates":[[[-85.21359,35.58881],[-85.21369,35.58761],[-85.21308,35.58731],[-85.2141,35.5864],[-85.2139,35.58516],[-85.21327,35.58488],[-85.21373,35.58395],[-85.21334,35.58319],[-85.21401,35.58295],[-85.21402,35.58226],[-85.21476,35.58195]]]}},{"type":"Feature","properties":{"kind":"minor-water","name":"Sequatchie River","ftype":460,"lengthKm":0.96,"hu8":"06020004","pid":"51387601"},"geometry":{"type":"MultiLineString","coordinates":[[[-85.03878,35.72996],[-85.03922,35.72941],[-85.03991,35.72936],[-85.04175,35.7302],[-85.04216,35.73111],[-85.043,35.73115],[-85.04376,35.72908],[-85.04396,35.72722]]]}},{"type":"Feature","properties":{"kind":"minor-water","name":"Sequatchie River","ftype":558,"lengthKm":0.71,"hu8":"06020004","pid":"51388667"},"geometry":{"type":"MultiLineString","coordinates":[[[-85.23242,35.56002],[-85.23279,35.55921],[-85.2325,35.55823],[-85.22972,35.55883],[-85.22926,35.55869],[-85.22906,35.55827],[-85.22975,35.55704]]]}},{"type":"Feature","properties":{"kind":"minor-water","name":"Sequatchie River","ftype":460,"lengthKm":0.16,"hu8":"06020004","pid":"51387335"},"geometry":{"type":"MultiLineString","coordinates":[[[-85.00785,35.79451],[-85.00897,35.79339]]]}},{"type":"Feature","properties":{"kind":"minor-water","name":"Browns Creek","ftype":460,"lengthKm":0.87,"hu8":"06020004","pid":"51387779"},"geometry":{"type":"MultiLineString","coordinates":[[[-85.09509,35.7091],[-85.09731,35.70523],[-85.09835,35.70175]]]}},{"type":"Feature","properties":{"kind":"minor-water","name":"Mill Branch","ftype":460,"lengthKm":0.82,"hu8":"06020004","pid":"51387921"},"geometry":{"type":"MultiLineString","coordinates":[[[-85.08495,35.67381],[-85.08568,35.67404],[-85.0878,35.67333],[-85.08946,35.67475],[-85.09296,35.67558]]]}},{"type":"Feature","properties":{"kind":"minor-water","name":"Sequatchie River","ftype":558,"lengthKm":3.1,"hu8":"06020004","pid":"51388619"},"geometry":{"type":"MultiLineString","coordinates":[[[-85.22616,35.57682],[-85.22508,35.57292],[-85.22413,35.57168],[-85.22536,35.57006],[-85.22691,35.57047],[-85.22857,35.5701],[-85.22924,35.56953],[-85.22831,35.56751],[-85.2267,35.56587],[-85.22681,35.56532],[-85.22801,35.56486],[-85.22833,35.56519],[-85.22824,35.56635],[-85.22929,35.56639],[-85.23107,35.56746],[-85.23194,35.56757],[-85.23312,35.56722],[-85.23335,35.56765],[-85.23281,35.56825],[-85.23296,35.56849],[-85.2348,35.56888],[-85.2353,35.56998],[-85.23638,35.56979]]]}},{"type":"Feature","properties":{"kind":"minor-water","name":"Sequatchie River","ftype":460,"lengthKm":0.9,"hu8":"06020004","pid":"51387605"},"geometry":{"type":"MultiLineString","coordinates":[[[-85.04396,35.72722],[-85.04617,35.72716],[-85.049,35.7284],[-85.04995,35.72935],[-85.05295,35.72902]]]}},{"type":"Feature","properties":{"kind":"minor-water","name":"Mill Branch","ftype":460,"lengthKm":1.32,"hu8":"06020004","pid":"51388053"},"geometry":{"type":"MultiLineString","coordinates":[[[-85.05911,35.6576],[-85.06166,35.65766],[-85.06338,35.65708],[-85.06623,35.65303],[-85.06773,35.6525],[-85.06862,35.65178],[-85.06927,35.65192],[-85.07011,35.6516]]]}},{"type":"Feature","properties":{"kind":"minor-water","name":"Stephens Branch","ftype":460,"lengthKm":0.97,"hu8":"06020004","pid":"51387523"},"geometry":{"type":"MultiLineString","coordinates":[[[-85.04906,35.75072],[-85.04994,35.74923],[-85.04988,35.74866],[-85.04945,35.74836],[-85.04711,35.74715],[-85.04453,35.74761],[-85.0428,35.74679]]]}},{"type":"Feature","properties":{"kind":"minor-water","name":"Swafford Branch","ftype":460,"lengthKm":1.01,"hu8":"06020004","pid":"51387625"},"geometry":{"type":"MultiLineString","coordinates":[[[-85.07354,35.7274],[-85.07222,35.7272],[-85.07214,35.72685],[-85.07136,35.72647],[-85.07005,35.72628],[-85.06893,35.72676],[-85.06725,35.7269],[-85.06627,35.72595],[-85.06578,35.72476],[-85.0649,35.72422]]]}},{"type":"Feature","properties":{"kind":"minor-water","name":"Sequatchie River","ftype":460,"lengthKm":0.96,"hu8":"06020004","pid":"51387441"},"geometry":{"type":"MultiLineString","coordinates":[[[-85.01787,35.7644],[-85.01774,35.76393],[-85.01648,35.76291],[-85.01774,35.76169],[-85.01881,35.76123],[-85.01917,35.76032],[-85.01854,35.75961],[-85.02054,35.75879],[-85.02048,35.75832]]]}},{"type":"Feature","properties":{"kind":"minor-water","name":"Sequatchie River","ftype":460,"lengthKm":1.38,"hu8":"06020004","pid":"51387825"},"geometry":{"type":"MultiLineString","coordinates":[[[-85.08124,35.699],[-85.08022,35.69919],[-85.07994,35.69887],[-85.07954,35.69784],[-85.08015,35.69726],[-85.08012,35.69663],[-85.08518,35.6938],[-85.08474,35.6932],[-85.08362,35.69315],[-85.08275,35.6925],[-85.08286,35.69205],[-85.08354,35.69162]]]}},{"type":"Feature","properties":{"kind":"minor-water","name":"Blair Creek","ftype":460,"lengthKm":2.43,"hu8":"06020004","pid":"51388901"},"geometry":{"type":"MultiLineString","coordinates":[[[-85.40455,35.55599],[-85.4038,35.55205],[-85.40377,35.54982],[-85.40303,35.54898],[-85.40241,35.54733],[-85.40052,35.54537],[-85.39968,35.544],[-85.39786,35.54273],[-85.39831,35.54081],[-85.39714,35.53904],[-85.39741,35.53846],[-85.3984,35.53769],[-85.39768,35.53667]]]}},{"type":"Feature","properties":{"kind":"minor-water","name":"Selby Creek","ftype":460,"lengthKm":0.47,"hu8":"06020004","pid":"51387353"},"geometry":{"type":"MultiLineString","coordinates":[[[-85.00405,35.79016],[-85.00659,35.79062],[-85.00884,35.79177]]]}},{"type":"Feature","properties":{"kind":"minor-water","name":"Sequatchie River","ftype":558,"lengthKm":1.95,"hu8":"06020004","pid":"51388001"},"geometry":{"type":"MultiLineString","coordinates":[[[-85.12284,35.66851],[-85.12381,35.66831],[-85.12387,35.66784],[-85.12188,35.66785],[-85.11959,35.66706],[-85.11838,35.66697],[-85.11807,35.66656],[-85.11941,35.66494],[-85.12244,35.66486],[-85.12282,35.6647],[-85.12274,35.66441],[-85.12196,35.6641],[-85.11973,35.66422],[-85.11839,35.66381],[-85.11694,35.66302],[-85.11618,35.66225]]]}},{"type":"Feature","properties":{"kind":"minor-water","name":"Wilson Branch","ftype":460,"lengthKm":0.13,"hu8":"06020004","pid":"51387407"},"geometry":{"type":"MultiLineString","coordinates":[[[-85.00353,35.77235],[-85.00488,35.77183]]]}},{"type":"Feature","properties":{"kind":"minor-water","name":"Spring Branch","ftype":460,"lengthKm":2.14,"hu8":"06020004","pid":"51389003"},"geometry":{"type":"MultiLineString","coordinates":[[[-85.45072,35.55053],[-85.45033,35.54901],[-85.45188,35.54656],[-85.45257,35.54624],[-85.45218,35.54481],[-85.45294,35.54439],[-85.45309,35.54345],[-85.45223,35.54252],[-85.45394,35.54106],[-85.45445,35.53738],[-85.45381,35.53536],[-85.45263,35.5346],[-85.45207,35.53374]]]}},{"type":"Feature","properties":{"kind":"minor-water","name":"Sequatchie River","ftype":558,"lengthKm":2.65,"hu8":"06020004","pid":"51387967"},"geometry":{"type":"MultiLineString","coordinates":[[[-85.10692,35.67943],[-85.10818,35.67766],[-85.10654,35.67666],[-85.10639,35.6753],[-85.10868,35.67269],[-85.1113,35.6711],[-85.11789,35.67022],[-85.11909,35.67047],[-85.12046,35.67156],[-85.12111,35.67155],[-85.12179,35.67081],[-85.12087,35.66946],[-85.12158,35.6688],[-85.12284,35.66851]]]}},{"type":"Feature","properties":{"kind":"minor-water","name":"Sequatchie River","ftype":460,"lengthKm":0.22,"hu8":"06020004","pid":"51387427"},"geometry":{"type":"MultiLineString","coordinates":[[[-85.01743,35.76639],[-85.01787,35.7644]]]}},{"type":"Feature","properties":{"kind":"minor-water","name":"Sequatchie River","ftype":558,"lengthKm":0.91,"hu8":"06020004","pid":"51388293"},"geometry":{"type":"MultiLineString","coordinates":[[[-85.15821,35.62862],[-85.1594,35.62887],[-85.16034,35.62806],[-85.16141,35.62842],[-85.16185,35.62813],[-85.16004,35.62582],[-85.15922,35.62403]]]}},{"type":"Feature","properties":{"kind":"minor-water","name":"Sequatchie River","ftype":558,"lengthKm":1.47,"hu8":"06020004","pid":"51388205"},"geometry":{"type":"MultiLineString","coordinates":[[[-85.13,35.63862],[-85.13084,35.63757],[-85.13404,35.63837],[-85.136,35.63789],[-85.13963,35.63649],[-85.14014,35.63547],[-85.1411,35.63538],[-85.14103,35.63463],[-85.14138,35.63433],[-85.14192,35.6342],[-85.14288,35.63452]]]}},{"type":"Feature","properties":{"kind":"minor-water","name":"Rocky Branch","ftype":460,"lengthKm":0.48,"hu8":"06020004","pid":"51387797"},"geometry":{"type":"MultiLineString","coordinates":[[[-85.14704,35.70653],[-85.1472,35.70563],[-85.14602,35.70535],[-85.14583,35.70458],[-85.14431,35.70347]]]}},{"type":"Feature","properties":{"kind":"minor-water","name":"Hellhole Branch","ftype":460,"lengthKm":1.33,"hu8":"06020004","pid":"51387659"},"geometry":{"type":"MultiLineString","coordinates":[[[-85.11698,35.73399],[-85.11636,35.73221],[-85.11635,35.73051],[-85.11572,35.72928],[-85.11602,35.72647],[-85.11844,35.7227]]]}},{"type":"Feature","properties":{"kind":"minor-water","name":"Sequatchie River","ftype":460,"lengthKm":1.16,"hu8":"06020004","pid":"51387479"},"geometry":{"type":"MultiLineString","coordinates":[[[-85.01927,35.75636],[-85.01969,35.75566],[-85.02219,35.75623],[-85.02329,35.75605],[-85.02372,35.7553],[-85.02299,35.75407],[-85.02462,35.75409],[-85.02512,35.75437],[-85.02567,35.75389],[-85.02545,35.7535],[-85.02439,35.75308],[-85.02415,35.75255]]]}},{"type":"Feature","properties":{"kind":"minor-water","name":"Sequatchie River","ftype":460,"lengthKm":1.96,"hu8":"06020004","pid":"51387531"},"geometry":{"type":"MultiLineString","coordinates":[[[-85.02415,35.75255],[-85.02372,35.75143],[-85.02419,35.74976],[-85.02495,35.74969],[-85.02625,35.7504],[-85.02786,35.75007],[-85.02806,35.74944],[-85.02569,35.74789],[-85.02698,35.74721],[-85.02968,35.74717],[-85.02965,35.7468],[-85.02831,35.74607],[-85.02814,35.74537],[-85.0301,35.74337]]]}},{"type":"Feature","properties":{"kind":"minor-water","name":"Sequatchie River","ftype":558,"lengthKm":0.28,"hu8":"06020004","pid":"51388575"},"geometry":{"type":"MultiLineString","coordinates":[[[-85.21994,35.57756],[-85.2201,35.577],[-85.22121,35.57658],[-85.22088,35.57563]]]}},{"type":"Feature","properties":{"kind":"minor-water","name":"Mill Branch","ftype":460,"lengthKm":1.46,"hu8":"06020004","pid":"51388055"},"geometry":{"type":"MultiLineString","coordinates":[[[-85.07011,35.6516],[-85.0714,35.65171],[-85.07373,35.65279],[-85.07546,35.6531],[-85.07603,35.65381],[-85.07598,35.65493],[-85.07679,35.65653],[-85.07739,35.65705],[-85.0775,35.65801],[-85.07938,35.65962],[-85.07978,35.66038]]]}},{"type":"Feature","properties":{"kind":"minor-water","name":"Little Creek","ftype":460,"lengthKm":0.05,"hu8":"06020004","pid":"51387899"},"geometry":{"type":"MultiLineString","coordinates":[[[-85.10729,35.67985],[-85.107,35.67949]]]}},{"type":"Feature","properties":{"kind":"minor-water","name":"Browns Creek","ftype":460,"lengthKm":2.02,"hu8":"06020004","pid":"51387683"},"geometry":{"type":"MultiLineString","coordinates":[[[-85.09691,35.73237],[-85.09672,35.73166],[-85.09789,35.73006],[-85.09737,35.7296],[-85.09712,35.72877],[-85.09852,35.72735],[-85.09863,35.72661],[-85.09576,35.72458],[-85.09511,35.72201],[-85.09542,35.7186],[-85.09397,35.71651]]]}},{"type":"Feature","properties":{"kind":"minor-water","name":"Sequatchie River","ftype":460,"lengthKm":0.86,"hu8":"06020004","pid":"51387623"},"geometry":{"type":"MultiLineString","coordinates":[[[-85.06155,35.72981],[-85.06262,35.72918],[-85.06299,35.72835],[-85.06278,35.7273],[-85.06221,35.72665],[-85.06208,35.72539],[-85.0635,35.72447],[-85.0649,35.72422]]]}},{"type":"Feature","properties":{"kind":"minor-water","name":"Sequatchie River","ftype":460,"lengthKm":1.04,"hu8":"06020004","pid":"51387787"},"geometry":{"type":"MultiLineString","coordinates":[[[-85.07535,35.70264],[-85.076,35.70138],[-85.07579,35.70062],[-85.07717,35.70055],[-85.07786,35.70109],[-85.08082,35.70076],[-85.08147,35.70115],[-85.0817,35.7007],[-85.08124,35.699]]]}},{"type":"Feature","properties":{"kind":"minor-water","name":"Sequatchie River","ftype":460,"lengthKm":1.06,"hu8":"06020004","pid":"51387603"},"geometry":{"type":"MultiLineString","coordinates":[[[-85.05295,35.72902],[-85.05333,35.72794],[-85.05499,35.72794],[-85.05561,35.72821],[-85.05681,35.7302],[-85.05873,35.7305],[-85.05973,35.72959],[-85.06155,35.72981]]]}},{"type":"Feature","properties":{"kind":"minor-water","name":"Rocky Branch","ftype":460,"lengthKm":0.42,"hu8":"06020004","pid":"51387809"},"geometry":{"type":"MultiLineString","coordinates":[[[-85.14431,35.70347],[-85.14283,35.70194],[-85.1406,35.70147]]]}},{"type":"Feature","properties":{"kind":"minor-water","name":"Roaring Branch","ftype":460,"lengthKm":1.74,"hu8":"06020004","pid":"51387429"},"geometry":{"type":"MultiLineString","coordinates":[[[-84.99968,35.76194],[-85.00336,35.76451],[-85.0056,35.76522],[-85.007,35.76673],[-85.01041,35.76839],[-85.01125,35.76839],[-85.01237,35.76758],[-85.01572,35.76792]]]}},{"type":"Feature","properties":{"kind":"minor-water","name":"Sequatchie River","ftype":460,"lengthKm":0.1,"hu8":"06020004","pid":"51387745"},"geometry":{"type":"MultiLineString","coordinates":[[[-85.07504,35.70354],[-85.07535,35.70264]]]}},{"type":"Feature","properties":{"kind":"minor-water","name":"Selby Creek","ftype":460,"lengthKm":1.65,"hu8":"06020004","pid":"51387357"},"geometry":{"type":"MultiLineString","coordinates":[[[-84.98409,35.78891],[-84.98622,35.78849],[-84.99058,35.78831],[-84.99633,35.78884],[-84.99744,35.78844],[-85.00208,35.7893]]]}},{"type":"Feature","properties":{"kind":"minor-water","name":"Big Brush Creek","ftype":460,"lengthKm":1.52,"hu8":"06020004","pid":"51388857"},"geometry":{"type":"MultiLineString","coordinates":[[[-85.42822,35.55827],[-85.42858,35.55585],[-85.4277,35.55511],[-85.42823,35.5546],[-85.42906,35.55488],[-85.43013,35.55426],[-85.43027,35.55395],[-85.42962,35.55327],[-85.43104,35.55274],[-85.43177,35.55185],[-85.43104,35.5511],[-85.43109,35.55039],[-85.43199,35.54954],[-85.43217,35.54815]]]}},{"type":"Feature","properties":{"kind":"minor-water","name":"Sequatchie River","ftype":460,"lengthKm":0.42,"hu8":"06020004","pid":"51387379"},"geometry":{"type":"MultiLineString","coordinates":[[[-85.01994,35.78101],[-85.02069,35.7796],[-85.02009,35.77885],[-85.01871,35.77813]]]}},{"type":"Feature","properties":{"kind":"minor-water","name":"Wilson Branch","ftype":460,"lengthKm":1.28,"hu8":"06020004","pid":"51387419"},"geometry":{"type":"MultiLineString","coordinates":[[[-85.00488,35.77183],[-85.00649,35.77108],[-85.00734,35.77099],[-85.01005,35.77127],[-85.01235,35.77206],[-85.01456,35.76855],[-85.01572,35.76792]]]}},{"type":"Feature","properties":{"kind":"minor-water","name":"Flatwood Branch","ftype":460,"lengthKm":0.25,"hu8":"06020004","pid":"51388471"},"geometry":{"type":"MultiLineString","coordinates":[[[-85.21204,35.59068],[-85.21359,35.58881]]]}},{"type":"Feature","properties":{"kind":"minor-water","name":"Oxier Branch","ftype":460,"lengthKm":1.02,"hu8":"06020004","pid":"51387705"},"geometry":{"type":"MultiLineString","coordinates":[[[-85.0493,35.71167],[-85.05054,35.71256],[-85.05166,35.71185],[-85.0538,35.71168],[-85.05453,35.71119],[-85.05539,35.71112],[-85.05688,35.71001],[-85.058,35.70839]]]}},{"type":"Feature","properties":{"kind":"minor-water","name":"Oxier Branch","ftype":460,"lengthKm":1.02,"hu8":"06020004","pid":"51387731"},"geometry":{"type":"MultiLineString","coordinates":[[[-85.058,35.70839],[-85.06179,35.70815],[-85.06429,35.70658],[-85.06557,35.70613],[-85.06631,35.70633],[-85.06732,35.70582],[-85.06824,35.70599]]]}},{"type":"Feature","properties":{"kind":"minor-water","name":"Browns Creek","ftype":460,"lengthKm":0.49,"hu8":"06020004","pid":"51387803"},"geometry":{"type":"MultiLineString","coordinates":[[[-85.09835,35.70175],[-85.09984,35.69923],[-85.10025,35.69915],[-85.10014,35.69879],[-85.10073,35.69883],[-85.10109,35.69854]]]}},{"type":"Feature","properties":{"kind":"minor-water","name":"Sequatchie River","ftype":558,"lengthKm":0.14,"hu8":"06020004","pid":"51388009"},"geometry":{"type":"MultiLineString","coordinates":[[[-85.11618,35.66225],[-85.11732,35.66141]]]}},{"type":"Feature","properties":{"kind":"minor-water","name":"Mill Branch","ftype":460,"lengthKm":0.18,"hu8":"06020004","pid":"51387927"},"geometry":{"type":"MultiLineString","coordinates":[[[-85.08355,35.67266],[-85.08495,35.67381]]]}},{"type":"Feature","properties":{"kind":"minor-water","name":"Sequatchie River","ftype":558,"lengthKm":1.4,"hu8":"06020004","pid":"51388551"},"geometry":{"type":"MultiLineString","coordinates":[[[-85.20336,35.58124],[-85.20535,35.58049],[-85.20595,35.58118],[-85.20651,35.58055],[-85.20751,35.58076],[-85.20851,35.57909],[-85.20844,35.57779],[-85.20898,35.5781],[-85.20944,35.57997],[-85.21085,35.57921],[-85.21161,35.57929],[-85.21226,35.57877]]]}},{"type":"Feature","properties":{"kind":"minor-water","name":"Sequatchie River","ftype":558,"lengthKm":1.27,"hu8":"06020004","pid":"51387909"},"geometry":{"type":"MultiLineString","coordinates":[[[-85.09494,35.67717],[-85.09651,35.67697],[-85.09728,35.6772],[-85.09804,35.67687],[-85.09966,35.67704],[-85.10345,35.68019],[-85.10501,35.68014],[-85.10578,35.67957],[-85.10692,35.67943]]]}},{"type":"Feature","properties":{"kind":"minor-water","name":"Stephens Branch","ftype":460,"lengthKm":2.88,"hu8":"06020004","pid":"51387497"},"geometry":{"type":"MultiLineString","coordinates":[[[-85.03819,35.77125],[-85.04001,35.77024],[-85.04168,35.76827],[-85.04561,35.76547],[-85.04893,35.76211],[-85.04949,35.76106],[-85.05193,35.75834],[-85.05218,35.75761],[-85.05163,35.75589],[-85.04908,35.7536],[-85.04852,35.75155],[-85.04906,35.75072]]]}},{"type":"Feature","properties":{"kind":"minor-water","name":"Bracken Branch","ftype":460,"lengthKm":1.66,"hu8":"06020004","pid":"51388633"},"geometry":{"type":"MultiLineString","coordinates":[[[-85.26315,35.57077],[-85.26241,35.57034],[-85.26223,35.56972],[-85.26016,35.56851],[-85.25907,35.56648],[-85.25848,35.56603],[-85.25491,35.5647],[-85.25211,35.56441],[-85.24969,35.56355],[-85.24876,35.56292]]]}},{"type":"Feature","properties":{"kind":"minor-water","name":"Sequatchie River","ftype":558,"lengthKm":1.5,"hu8":"06020004","pid":"51388079"},"geometry":{"type":"MultiLineString","coordinates":[[[-85.11732,35.66141],[-85.11902,35.66093],[-85.11936,35.66038],[-85.12189,35.65879],[-85.12266,35.65912],[-85.12329,35.66071],[-85.12514,35.66014],[-85.1248,35.65837],[-85.12552,35.65535]]]}},{"type":"Feature","properties":{"kind":"minor-water","name":"Rocky Branch","ftype":460,"lengthKm":3.6,"hu8":"06020004","pid":"51387867"},"geometry":{"type":"MultiLineString","coordinates":[[[-85.1406,35.70147],[-85.13862,35.70105],[-85.13625,35.69959],[-85.13456,35.69921],[-85.13391,35.6981],[-85.13338,35.69788],[-85.1288,35.69771],[-85.12564,35.69723],[-85.12461,35.69755],[-85.12341,35.6974],[-85.12172,35.69533],[-85.11922,35.69302],[-85.11897,35.69218],[-85.11747,35.69173],[-85.11741,35.69111],[-85.11683,35.69046],[-85.11551,35.69041],[-85.11488,35.68895],[-85.11378,35.68804],[-85.11284,35.68774],[-85.11124,35.68803],[-85.10953,35.68909]]]}},{"type":"Feature","properties":{"kind":"minor-water","name":"Mill Branch","ftype":460,"lengthKm":0.46,"hu8":"06020004","pid":"51387993"},"geometry":{"type":"MultiLineString","coordinates":[[[-85.07978,35.66038],[-85.079,35.66169],[-85.07803,35.66246],[-85.07732,35.66397]]]}},{"type":"Feature","properties":{"kind":"minor-water","name":"Taylor Branch","ftype":460,"lengthKm":1.15,"hu8":"06020004","pid":"51387667"},"geometry":{"type":"MultiLineString","coordinates":[[[-85.08668,35.72624],[-85.08536,35.72407],[-85.08586,35.72283],[-85.0841,35.72194],[-85.08215,35.72013],[-85.0819,35.71863],[-85.08222,35.71762]]]}},{"type":"Feature","properties":{"kind":"minor-water","name":"Rocky Branch","ftype":460,"lengthKm":0.98,"hu8":"06020004","pid":"51387735"},"geometry":{"type":"MultiLineString","coordinates":[[[-85.16208,35.71334],[-85.1612,35.71363],[-85.15856,35.71313],[-85.15677,35.71316],[-85.15593,35.71292],[-85.15565,35.71225],[-85.1537,35.71227],[-85.15274,35.71119]]]}},{"type":"Feature","properties":{"kind":"minor-water","name":"Sequatchie River","ftype":558,"lengthKm":0.29,"hu8":"06020004","pid":"51388557"},"geometry":{"type":"MultiLineString","coordinates":[[[-85.21983,35.5799],[-85.22025,35.5795],[-85.22039,35.57804],[-85.21994,35.57756]]]}},{"type":"Feature","properties":{"kind":"minor-water","name":"Oxier Branch","ftype":460,"lengthKm":0.74,"hu8":"06020004","pid":"51387701"},"geometry":{"type":"MultiLineString","coordinates":[[[-85.02942,35.71146],[-85.0318,35.71072],[-85.03341,35.70807],[-85.03506,35.7071]]]}},{"type":"Feature","properties":{"kind":"minor-water","name":"Swafford Branch","ftype":460,"lengthKm":0.91,"hu8":"06020004","pid":"51387535"},"geometry":{"type":"MultiLineString","coordinates":[[[-85.08858,35.74784],[-85.0861,35.74829],[-85.08502,35.7491],[-85.08409,35.74916],[-85.08207,35.74863],[-85.07971,35.74704]]]}},{"type":"Feature","properties":{"kind":"minor-water","name":"Little Creek","ftype":460,"lengthKm":1.83,"hu8":"06020004","pid":"51387793"},"geometry":{"type":"MultiLineString","coordinates":[[[-85.11712,35.70856],[-85.11476,35.70582],[-85.11251,35.70589],[-85.11132,35.70534],[-85.1078,35.7018],[-85.10655,35.70152],[-85.10486,35.70004],[-85.10309,35.70087],[-85.10225,35.70023]]]}},{"type":"Feature","properties":{"kind":"minor-water","name":"Sequatchie River","ftype":558,"lengthKm":0.87,"hu8":"06020004","pid":"51388275"},"geometry":{"type":"MultiLineString","coordinates":[[[-85.14717,35.62539],[-85.14991,35.62573],[-85.1503,35.62708],[-85.15106,35.62813],[-85.15057,35.62987],[-85.15159,35.63073]]]}},{"type":"Feature","properties":{"kind":"minor-water","name":"Sequatchie River","ftype":558,"lengthKm":3.53,"hu8":"06020004","pid":"51388341"},"geometry":{"type":"MultiLineString","coordinates":[[[-85.17049,35.62688],[-85.17398,35.62743],[-85.17631,35.62653],[-85.17635,35.62601],[-85.17602,35.6258],[-85.17289,35.62513],[-85.17023,35.62422],[-85.16867,35.62281],[-85.16955,35.61979],[-85.17429,35.62137],[-85.17552,35.62112],[-85.17678,35.61959],[-85.17664,35.61547],[-85.17621,35.61346],[-85.17637,35.61074]]]}},{"type":"Feature","properties":{"kind":"minor-water","name":"Sequatchie River","ftype":460,"lengthKm":0.45,"hu8":"06020004","pid":"51387645"},"geometry":{"type":"MultiLineString","coordinates":[[[-85.0649,35.72422],[-85.0679,35.72296],[-85.06715,35.72223],[-85.06719,35.72189]]]}},{"type":"Feature","properties":{"kind":"minor-water","name":"Bracken Branch","ftype":460,"lengthKm":0.16,"hu8":"06020004","pid":"51388637"},"geometry":{"type":"MultiLineString","coordinates":[[[-85.24876,35.56292],[-85.24703,35.56266]]]}},{"type":"Feature","properties":{"kind":"minor-water","name":"Swafford Branch","ftype":460,"lengthKm":0.26,"hu8":"06020004","pid":"51387541"},"geometry":{"type":"MultiLineString","coordinates":[[[-85.07971,35.74704],[-85.07696,35.74625]]]}},{"type":"Feature","properties":{"kind":"minor-water","name":"Zealy Branch","ftype":460,"lengthKm":0.22,"hu8":"06020004","pid":"51388085"},"geometry":{"type":"MultiLineString","coordinates":[[[-85.06211,35.64796],[-85.06171,35.64881],[-85.06181,35.64985]]]}},{"type":"Feature","properties":{"kind":"minor-water","name":"Skillern Creek","ftype":460,"lengthKm":0.71,"hu8":"06020004","pid":"51388691"},"geometry":{"type":"MultiLineString","coordinates":[[[-85.15905,35.548],[-85.15784,35.54941],[-85.15675,35.55006],[-85.15605,35.55252],[-85.15537,35.55339]]]}},{"type":"Feature","properties":{"kind":"minor-water","name":"Sequatchie River","ftype":558,"lengthKm":0.4,"hu8":"06020004","pid":"51388545"},"geometry":{"type":"MultiLineString","coordinates":[[[-85.21635,35.58087],[-85.2169,35.58089],[-85.21865,35.57941],[-85.21983,35.5799]]]}},{"type":"Feature","properties":{"kind":"minor-water","name":"Sequatchie River","ftype":558,"lengthKm":0.4,"hu8":"06020004","pid":"51388355"},"geometry":{"type":"MultiLineString","coordinates":[[[-85.17637,35.61074],[-85.17938,35.60813]]]}},{"type":"Feature","properties":{"kind":"minor-water","name":"Sequatchie River","ftype":460,"lengthKm":0.67,"hu8":"06020004","pid":"51387361"},"geometry":{"type":"MultiLineString","coordinates":[[[-85.00884,35.79177],[-85.0119,35.78895],[-85.01248,35.78769],[-85.01338,35.78717]]]}},{"type":"Feature","properties":{"kind":"minor-water","name":"Hellhole Branch","ftype":460,"lengthKm":0.15,"hu8":"06020004","pid":"51387693"},"geometry":{"type":"MultiLineString","coordinates":[[[-85.11405,35.71652],[-85.11294,35.71599],[-85.11253,35.71606]]]}},{"type":"Feature","properties":{"kind":"minor-water","name":"Skillern Creek","ftype":558,"lengthKm":0.01,"hu8":"06020004","pid":"51388477"},"geometry":{"type":"MultiLineString","coordinates":[[[-85.19848,35.5872],[-85.19852,35.58726]]]}},{"type":"Feature","properties":{"kind":"minor-water","name":"Rocky Branch","ftype":460,"lengthKm":0.39,"hu8":"06020004","pid":"51387749"},"geometry":{"type":"MultiLineString","coordinates":[[[-85.15274,35.71119],[-85.15138,35.71033],[-85.15077,35.70932],[-85.14969,35.70885]]]}},{"type":"Feature","properties":{"kind":"minor-water","name":"Hall Creek","ftype":460,"lengthKm":1.02,"hu8":"06020004","pid":"51388153"},"geometry":{"type":"MultiLineString","coordinates":[[[-85.16043,35.65063],[-85.16062,35.6497],[-85.16209,35.64729],[-85.16173,35.6464],[-85.16232,35.64532],[-85.16281,35.64522],[-85.1635,35.64429],[-85.16572,35.64356]]]}},{"type":"Feature","properties":{"kind":"minor-water","name":"Flatwood Branch","ftype":558,"lengthKm":0.02,"hu8":"06020004","pid":"51388531"},"geometry":{"type":"MultiLineString","coordinates":[[[-85.21623,35.581],[-85.21635,35.58087]]]}},{"type":"Feature","properties":{"kind":"minor-water","name":"Browns Creek","ftype":460,"lengthKm":1,"hu8":"06020004","pid":"51387725"},"geometry":{"type":"MultiLineString","coordinates":[[[-85.09397,35.71651],[-85.09217,35.71422],[-85.09256,35.71322],[-85.09215,35.71139],[-85.09333,35.71016],[-85.09509,35.7091]]]}},{"type":"Feature","properties":{"kind":"minor-water","name":"Skillern Creek","ftype":460,"lengthKm":0.37,"hu8":"06020004","pid":"51388641"},"geometry":{"type":"MultiLineString","coordinates":[[[-85.15537,35.55339],[-85.15376,35.55458],[-85.15285,35.556]]]}},{"type":"Feature","properties":{"kind":"minor-water","name":"McReynolds Branch","ftype":558,"lengthKm":0.01,"hu8":"06020004","pid":"51388521"},"geometry":{"type":"MultiLineString","coordinates":[[[-85.20325,35.58127],[-85.20336,35.58124]]]}},{"type":"Feature","properties":{"kind":"minor-water","name":"Markem Branch","ftype":460,"lengthKm":1.67,"hu8":"06020004","pid":"51388611"},"geometry":{"type":"MultiLineString","coordinates":[[[-85.17973,35.56285],[-85.18079,35.56437],[-85.18043,35.56533],[-85.18086,35.56768],[-85.18154,35.57067],[-85.18254,35.57268],[-85.18192,35.57578],[-85.18039,35.57665]]]}},{"type":"Feature","properties":{"kind":"minor-water","name":"Bracken Branch","ftype":460,"lengthKm":1.18,"hu8":"06020004","pid":"51388609"},"geometry":{"type":"MultiLineString","coordinates":[[[-85.26385,35.5799],[-85.26214,35.57923],[-85.26149,35.57804],[-85.26192,35.57644],[-85.26179,35.57506],[-85.26201,35.57446],[-85.26325,35.57332],[-85.26362,35.57227],[-85.26315,35.57077]]]}},{"type":"Feature","properties":{"kind":"minor-water","name":"Flatwood Branch","ftype":558,"lengthKm":0.03,"hu8":"06020004","pid":"51388441"},"geometry":{"type":"MultiLineString","coordinates":[[[-85.21181,35.59385],[-85.21202,35.5937]]]}},{"type":"Feature","properties":{"kind":"minor-water","name":"Sequatchie River","ftype":558,"lengthKm":0.33,"hu8":"06020004","pid":"51388217"},"geometry":{"type":"MultiLineString","coordinates":[[[-85.14288,35.63452],[-85.14306,35.63348],[-85.14199,35.6318]]]}},{"type":"Feature","properties":{"kind":"minor-water","name":"Rocky Branch","ftype":460,"lengthKm":0.88,"hu8":"06020004","pid":"51388719"},"geometry":{"type":"MultiLineString","coordinates":[[[-85.28423,35.56146],[-85.28089,35.55835],[-85.27722,35.556]]]}},{"type":"Feature","properties":{"kind":"minor-water","name":"Sequatchie River","ftype":460,"lengthKm":1.34,"hu8":"06020004","pid":"51387573"},"geometry":{"type":"MultiLineString","coordinates":[[[-85.03728,35.73809],[-85.03685,35.73703],[-85.03848,35.73631],[-85.03858,35.73586],[-85.0383,35.7355],[-85.03522,35.7343],[-85.03496,35.7334],[-85.03577,35.73261],[-85.03753,35.73188],[-85.03878,35.72996]]]}},{"type":"Feature","properties":{"kind":"minor-water","name":"Flatwood Branch","ftype":460,"lengthKm":0.31,"hu8":"06020004","pid":"51388459"},"geometry":{"type":"MultiLineString","coordinates":[[[-85.2122,35.59353],[-85.21169,35.59288],[-85.21213,35.59194],[-85.2121,35.59092]]]}},{"type":"Feature","properties":{"kind":"minor-water","name":"Swafford Branch","ftype":460,"lengthKm":0.06,"hu8":"06020004","pid":"51387613"},"geometry":{"type":"MultiLineString","coordinates":[[[-85.07384,35.72792],[-85.07354,35.7274]]]}},{"type":"Feature","properties":{"kind":"minor-water","name":"Sequatchie River","ftype":460,"lengthKm":0.23,"hu8":"06020004","pid":"51387387"},"geometry":{"type":"MultiLineString","coordinates":[[[-85.01871,35.77813],[-85.01741,35.77632]]]}},{"type":"Feature","properties":{"kind":"minor-water","name":"Sequatchie River","ftype":558,"lengthKm":0.06,"hu8":"06020004","pid":"51388177"},"geometry":{"type":"MultiLineString","coordinates":[[[-85.13016,35.63912],[-85.13,35.63862]]]}},{"type":"Feature","properties":{"kind":"minor-water","name":"Cold Spring Cove Branch","ftype":460,"lengthKm":0.59,"hu8":"06020004","pid":"51387997"},"geometry":{"type":"MultiLineString","coordinates":[[[-85.15967,35.66887],[-85.15864,35.66879],[-85.15732,35.66791],[-85.15384,35.66663]]]}},{"type":"Feature","properties":{"kind":"minor-water","name":"Flatwood Branch","ftype":460,"lengthKm":1.44,"hu8":"06020004","pid":"51388437"},"geometry":{"type":"MultiLineString","coordinates":[[[-85.24131,35.59668],[-85.23975,35.59788],[-85.23639,35.60162],[-85.23361,35.60561],[-85.23205,35.60632],[-85.23178,35.60681]]]}},{"type":"Feature","properties":{"kind":"minor-water","name":"Cold Spring Cove Branch","ftype":460,"lengthKm":1.11,"hu8":"06020004","pid":"51388035"},"geometry":{"type":"MultiLineString","coordinates":[[[-85.15384,35.66663],[-85.15209,35.66534],[-85.15116,35.66338],[-85.15008,35.66313],[-85.14972,35.66251],[-85.14802,35.66154],[-85.14511,35.66032]]]}},{"type":"Feature","properties":{"kind":"minor-water","name":"Skillern Creek","ftype":460,"lengthKm":0.57,"hu8":"06020004","pid":"51388493"},"geometry":{"type":"MultiLineString","coordinates":[[[-85.18631,35.58311],[-85.18692,35.58477],[-85.18916,35.58496],[-85.18949,35.58557],[-85.19053,35.58579]]]}},{"type":"Feature","properties":{"kind":"minor-water","name":"Mill Branch","ftype":460,"lengthKm":0.04,"hu8":"06020004","pid":"51387977"},"geometry":{"type":"MultiLineString","coordinates":[[[-85.07732,35.66397],[-85.07738,35.66429]]]}},{"type":"Feature","properties":{"kind":"minor-water","name":"Cold Spring Cove Branch","ftype":558,"lengthKm":0.01,"hu8":"06020004","pid":"51388105"},"geometry":{"type":"MultiLineString","coordinates":[[[-85.13966,35.65085],[-85.13958,35.65081]]]}},{"type":"Feature","properties":{"kind":"minor-water","name":"Sequatchie River","ftype":460,"lengthKm":0.63,"hu8":"06020004","pid":"51387743"},"geometry":{"type":"MultiLineString","coordinates":[[[-85.07645,35.70875],[-85.07685,35.7062],[-85.07595,35.70434],[-85.07504,35.70354]]]}},{"type":"Feature","properties":{"kind":"minor-water","name":"Pemberton Branch","ftype":460,"lengthKm":0.46,"hu8":"06020004","pid":"51388779"},"geometry":{"type":"MultiLineString","coordinates":[[[-85.27009,35.55],[-85.26975,35.54821],[-85.26894,35.5473],[-85.26857,35.54614]]]}},{"type":"Feature","properties":{"kind":"minor-water","name":"Bracken Branch","ftype":460,"lengthKm":0.09,"hu8":"06020004","pid":"51388647"},"geometry":{"type":"MultiLineString","coordinates":[[[-85.23342,35.56026],[-85.23251,35.56005]]]}},{"type":"Feature","properties":{"kind":"minor-water","name":"Bracken Branch","ftype":558,"lengthKm":0.01,"hu8":"06020004","pid":"51388651"},"geometry":{"type":"MultiLineString","coordinates":[[[-85.23251,35.56005],[-85.23242,35.56002]]]}},{"type":"Feature","properties":{"kind":"minor-water","name":"Whiteoak Flat Branch","ftype":460,"lengthKm":0.9,"hu8":"06020004","pid":"51388721"},"geometry":{"type":"MultiLineString","coordinates":[[[-85.16534,35.55105],[-85.16478,35.55065],[-85.16494,35.54999],[-85.16712,35.5463],[-85.16794,35.54565],[-85.17015,35.54559]]]}},{"type":"Feature","properties":{"kind":"minor-water","name":"Little Creek","ftype":460,"lengthKm":0.23,"hu8":"06020004","pid":"51387805"},"geometry":{"type":"MultiLineString","coordinates":[[[-85.10225,35.70023],[-85.10115,35.6992],[-85.10109,35.69854]]]}},{"type":"Feature","properties":{"kind":"minor-water","name":"Sequatchie River","ftype":558,"lengthKm":1.12,"hu8":"06020004","pid":"51388523"},"geometry":{"type":"MultiLineString","coordinates":[[[-85.19852,35.58726],[-85.19979,35.58727],[-85.20119,35.58784],[-85.2023,35.58734],[-85.20335,35.5855],[-85.20307,35.58471],[-85.20358,35.58433],[-85.20346,35.58291],[-85.204,35.58237],[-85.20336,35.58124]]]}},{"type":"Feature","properties":{"kind":"minor-water","name":"Skillern Creek","ftype":460,"lengthKm":0.07,"hu8":"06020004","pid":"51388507"},"geometry":{"type":"MultiLineString","coordinates":[[[-85.1741,35.58044],[-85.17484,35.58039]]]}},{"type":"Feature","properties":{"kind":"minor-water","name":"Flatwood Branch","ftype":460,"lengthKm":0.2,"hu8":"06020004","pid":"51388529"},"geometry":{"type":"MultiLineString","coordinates":[[[-85.21476,35.58195],[-85.21578,35.58188],[-85.21623,35.581]]]}},{"type":"Feature","properties":{"kind":"minor-water","name":"Sequatchie River","ftype":460,"lengthKm":0.09,"hu8":"06020004","pid":"51387453"},"geometry":{"type":"MultiLineString","coordinates":[[[-85.01871,35.75701],[-85.01927,35.75636]]]}},{"type":"Feature","properties":{"kind":"minor-water","name":"Flatwood Branch","ftype":460,"lengthKm":0.02,"hu8":"06020004","pid":"51388443"},"geometry":{"type":"MultiLineString","coordinates":[[[-85.21202,35.5937],[-85.2122,35.59353]]]}},{"type":"Feature","properties":{"kind":"minor-water","name":"Sequatchie River","ftype":460,"lengthKm":1.78,"hu8":"06020004","pid":"51387333"},"geometry":{"type":"MultiLineString","coordinates":[[[-84.9996,35.80865],[-85.00032,35.80729],[-85.00135,35.80648],[-85.00347,35.80336],[-85.00584,35.80076],[-85.00625,35.79875],[-85.00699,35.79722],[-85.00718,35.79554],[-85.00785,35.79451]]]}},{"type":"Feature","properties":{"kind":"minor-water","name":"Skillern Creek","ftype":460,"lengthKm":0.01,"hu8":"06020004","pid":"51388509"},"geometry":{"type":"MultiLineString","coordinates":[[[-85.17484,35.58039],[-85.17492,35.5804]]]}},{"type":"Feature","properties":{"kind":"minor-water","name":"Big Brush Creek","ftype":460,"lengthKm":0.19,"hu8":"06020004","pid":"51388707"},"geometry":{"type":"MultiLineString","coordinates":[[[-85.42409,35.57181],[-85.42516,35.57038]]]}},{"type":"Feature","properties":{"kind":"minor-water","name":"Oxier Branch","ftype":460,"lengthKm":0.73,"hu8":"06020004","pid":"51387741"},"geometry":{"type":"MultiLineString","coordinates":[[[-85.06824,35.70599],[-85.07046,35.70609],[-85.07326,35.70546],[-85.07504,35.70354]]]}},{"type":"Feature","properties":{"kind":"minor-water","name":"Rocky Branch","ftype":460,"lengthKm":0.21,"hu8":"06020004","pid":"51387863"},"geometry":{"type":"MultiLineString","coordinates":[[[-85.10953,35.68909],[-85.10916,35.68903],[-85.10866,35.68814],[-85.10799,35.68791]]]}},{"type":"Feature","properties":{"kind":"minor-water","name":"Cold Spring Cove Branch","ftype":460,"lengthKm":1.4,"hu8":"06020004","pid":"51387991"},"geometry":{"type":"MultiLineString","coordinates":[[[-85.17313,35.67289],[-85.1694,35.66966],[-85.16807,35.66924],[-85.16385,35.66933],[-85.16241,35.66964],[-85.15967,35.66887]]]}},{"type":"Feature","properties":{"kind":"minor-water","name":"Rocky Branch","ftype":460,"lengthKm":0.1,"hu8":"06020004","pid":"51387775"},"geometry":{"type":"MultiLineString","coordinates":[[[-85.14753,35.70733],[-85.14704,35.70653]]]}},{"type":"Feature","properties":{"kind":"minor-water","name":"Mill Branch","ftype":460,"lengthKm":0.24,"hu8":"06020004","pid":"51387911"},"geometry":{"type":"MultiLineString","coordinates":[[[-85.09296,35.67558],[-85.09414,35.6764],[-85.0947,35.67721]]]}},{"type":"Feature","properties":{"kind":"minor-water","name":"Cold Spring Cove Branch","ftype":460,"lengthKm":0.15,"hu8":"06020004","pid":"51388047"},"geometry":{"type":"MultiLineString","coordinates":[[[-85.14511,35.66032],[-85.14387,35.65948]]]}},{"type":"Feature","properties":{"kind":"minor-water","name":"Sequatchie River","ftype":460,"lengthKm":0.51,"hu8":"06020004","pid":"51387373"},"geometry":{"type":"MultiLineString","coordinates":[[[-85.01609,35.7839],[-85.01912,35.78268],[-85.01994,35.78101]]]}},{"type":"Feature","properties":{"kind":"minor-water","name":"Swafford Branch","ftype":460,"lengthKm":0.43,"hu8":"06020004","pid":"51387609"},"geometry":{"type":"MultiLineString","coordinates":[[[-85.07128,35.73112],[-85.0736,35.72887],[-85.07384,35.72792]]]}},{"type":"Feature","properties":{"kind":"minor-water","name":"Wilson Branch","ftype":460,"lengthKm":0.37,"hu8":"06020004","pid":"51387405"},"geometry":{"type":"MultiLineString","coordinates":[[[-84.99962,35.77299],[-85.00154,35.77314],[-85.00353,35.77235]]]}},{"type":"Feature","properties":{"kind":"minor-water","name":"Sequatchie River","ftype":558,"lengthKm":0.97,"hu8":"06020004","pid":"51388383"},"geometry":{"type":"MultiLineString","coordinates":[[[-85.17938,35.60813],[-85.18088,35.60736],[-85.18139,35.60615],[-85.18186,35.6063],[-85.18206,35.60675],[-85.1826,35.60671],[-85.18298,35.60513],[-85.1834,35.60477],[-85.18412,35.60478],[-85.18538,35.60581],[-85.18597,35.60572]]]}},{"type":"Feature","properties":{"kind":"minor-water","name":"Little Creek","ftype":460,"lengthKm":0.44,"hu8":"06020004","pid":"51387887"},"geometry":{"type":"MultiLineString","coordinates":[[[-85.10772,35.6842],[-85.10761,35.68308],[-85.10912,35.68249],[-85.10992,35.68115]]]}},{"type":"Feature","properties":{"kind":"minor-water","name":"Hall Creek","ftype":558,"lengthKm":0.01,"hu8":"06020004","pid":"51388285"},"geometry":{"type":"MultiLineString","coordinates":[[[-85.17046,35.62695],[-85.17049,35.62688]]]}},{"type":"Feature","properties":{"kind":"minor-water","name":"Rocky Branch","ftype":460,"lengthKm":0.05,"hu8":"06020004","pid":"51387859"},"geometry":{"type":"MultiLineString","coordinates":[[[-85.10799,35.68791],[-85.10739,35.68787]]]}},{"type":"Feature","properties":{"kind":"minor-water","name":"Mill Branch","ftype":460,"lengthKm":0.48,"hu8":"06020004","pid":"51387943"},"geometry":{"type":"MultiLineString","coordinates":[[[-85.0821,35.66856],[-85.08348,35.67139],[-85.08355,35.67266]]]}},{"type":"Feature","properties":{"kind":"minor-water","name":"Skillern Creek","ftype":460,"lengthKm":0.21,"hu8":"06020004","pid":"51388629"},"geometry":{"type":"MultiLineString","coordinates":[[[-85.15285,35.556],[-85.15342,35.55781]]]}},{"type":"Feature","properties":{"kind":"minor-water","name":"Bracken Branch","ftype":460,"lengthKm":0.3,"hu8":"06020004","pid":"51388657"},"geometry":{"type":"MultiLineString","coordinates":[[[-85.24703,35.56266],[-85.24619,35.56206],[-85.24549,35.56036]]]}},{"type":"Feature","properties":{"kind":"minor-water","name":"Little Creek","ftype":558,"lengthKm":0.01,"hu8":"06020004","pid":"51387901"},"geometry":{"type":"MultiLineString","coordinates":[[[-85.107,35.67949],[-85.10692,35.67943]]]}},{"type":"Feature","properties":{"kind":"minor-water","name":"Hall Creek","ftype":460,"lengthKm":0.51,"hu8":"06020004","pid":"51388219"},"geometry":{"type":"MultiLineString","coordinates":[[[-85.16992,35.63872],[-85.17061,35.63827],[-85.17095,35.6364],[-85.17067,35.6344]]]}},{"type":"Feature","properties":{"kind":"minor-water","name":"Bracken Branch","ftype":460,"lengthKm":0.55,"hu8":"06020004","pid":"51388673"},"geometry":{"type":"MultiLineString","coordinates":[[[-85.24549,35.56036],[-85.24259,35.55932],[-85.24035,35.55783]]]}},{"type":"Feature","properties":{"kind":"minor-water","name":"Big Brush Creek","ftype":460,"lengthKm":0.9,"hu8":"06020004","pid":"51388695"},"geometry":{"type":"MultiLineString","coordinates":[[[-85.42232,35.57874],[-85.42155,35.57768],[-85.42172,35.57312],[-85.42409,35.57181]]]}},{"type":"Feature","properties":{"kind":"minor-water","name":"Sequatchie River","ftype":460,"lengthKm":0.44,"hu8":"06020004","pid":"51387369"},"geometry":{"type":"MultiLineString","coordinates":[[[-85.01338,35.78717],[-85.01456,35.78626],[-85.01609,35.7839]]]}},{"type":"Feature","properties":{"kind":"minor-water","name":"McReynolds Branch","ftype":460,"lengthKm":1.54,"hu8":"06020004","pid":"51388615"},"geometry":{"type":"MultiLineString","coordinates":[[[-85.19323,35.56252],[-85.19474,35.56299],[-85.19527,35.56436],[-85.19511,35.56555],[-85.19444,35.56622],[-85.19394,35.5685],[-85.1943,35.56929],[-85.19382,35.57059],[-85.1943,35.57201],[-85.19534,35.57313],[-85.19467,35.57393],[-85.19495,35.57454]]]}},{"type":"Feature","properties":{"kind":"minor-water","name":"Zealy Branch","ftype":460,"lengthKm":0.87,"hu8":"06020004","pid":"51388075"},"geometry":{"type":"MultiLineString","coordinates":[[[-85.06181,35.64985],[-85.06322,35.65096],[-85.06594,35.65011],[-85.06699,35.65052],[-85.0679,35.65034],[-85.07011,35.6516]]]}},{"type":"Feature","properties":{"kind":"minor-water","name":"Skillern Creek","ftype":460,"lengthKm":0.26,"hu8":"06020004","pid":"51388511"},"geometry":{"type":"MultiLineString","coordinates":[[[-85.17492,35.5804],[-85.17582,35.58074],[-85.17705,35.58195]]]}},{"type":"Feature","properties":{"kind":"minor-water","name":"Flatwood Branch","ftype":460,"lengthKm":0.49,"hu8":"06020004","pid":"51388439"},"geometry":{"type":"MultiLineString","coordinates":[[[-85.20822,35.59716],[-85.21181,35.59385]]]}},{"type":"Feature","properties":{"kind":"minor-water","name":"Sequatchie River","ftype":460,"lengthKm":0.12,"hu8":"06020004","pid":"51387555"},"geometry":{"type":"MultiLineString","coordinates":[[[-85.03618,35.73869],[-85.03728,35.73809]]]}},{"type":"Feature","properties":{"kind":"minor-water","name":"Rocky Branch","ftype":460,"lengthKm":1.17,"hu8":"06020004","pid":"51388739"},"geometry":{"type":"MultiLineString","coordinates":[[[-85.27543,35.55595],[-85.27334,35.55543],[-85.27123,35.55433],[-85.26993,35.55435],[-85.26905,35.55396],[-85.26745,35.55401],[-85.26603,35.55346],[-85.26398,35.55196]]]}},{"type":"Feature","properties":{"kind":"minor-water","name":"Sequatchie River","ftype":460,"lengthKm":0.24,"hu8":"06020004","pid":"51387449"},"geometry":{"type":"MultiLineString","coordinates":[[[-85.02048,35.75832],[-85.01911,35.75796],[-85.01871,35.75701]]]}},{"type":"Feature","properties":{"kind":"minor-water","name":"Hall Creek","ftype":460,"lengthKm":1.34,"hu8":"06020004","pid":"51388111"},"geometry":{"type":"MultiLineString","coordinates":[[[-85.17053,35.66587],[-85.16981,35.66561],[-85.16889,35.66473],[-85.1663,35.66391],[-85.16441,35.66419],[-85.16283,35.66384],[-85.16198,35.66286],[-85.16205,35.66064],[-85.1609,35.65928]]]}},{"type":"Feature","properties":{"kind":"minor-water","name":"Hall Creek","ftype":460,"lengthKm":0.18,"hu8":"06020004","pid":"51388191"},"geometry":{"type":"MultiLineString","coordinates":[[[-85.16944,35.64023],[-85.16971,35.63976],[-85.16952,35.63908],[-85.16992,35.63879]]]}},{"type":"Feature","properties":{"kind":"minor-water","name":"Markem Branch","ftype":460,"lengthKm":0.54,"hu8":"06020004","pid":"51388533"},"geometry":{"type":"MultiLineString","coordinates":[[[-85.18039,35.57665],[-85.18075,35.57772],[-85.1821,35.57918],[-85.18289,35.58095]]]}},{"type":"Feature","properties":{"kind":"minor-water","name":"Big Brush Creek","ftype":460,"lengthKm":1.44,"hu8":"06020004","pid":"51388783"},"geometry":{"type":"MultiLineString","coordinates":[[[-85.42516,35.57038],[-85.42347,35.56629],[-85.42376,35.56574],[-85.42552,35.56445],[-85.42591,35.56316],[-85.42716,35.56237],[-85.42639,35.56166],[-85.42501,35.56149],[-85.42469,35.56006]]]}},{"type":"Feature","properties":{"kind":"minor-water","name":"Sequatchie River","ftype":460,"lengthKm":2,"hu8":"06020004","pid":"51387713"},"geometry":{"type":"MultiLineString","coordinates":[[[-85.06719,35.72189],[-85.06905,35.72093],[-85.06972,35.72103],[-85.07014,35.71922],[-85.07088,35.71818],[-85.07249,35.71686],[-85.07396,35.71676],[-85.07456,35.71594],[-85.07446,35.71509],[-85.07541,35.7148],[-85.07466,35.71394],[-85.07459,35.71328],[-85.07551,35.71228],[-85.07538,35.71152],[-85.07595,35.71052],[-85.07567,35.70989],[-85.07599,35.70897],[-85.07645,35.70875]]]}},{"type":"Feature","properties":{"kind":"minor-water","name":"Sequatchie River","ftype":460,"lengthKm":0.06,"hu8":"06020004","pid":"51387345"},"geometry":{"type":"MultiLineString","coordinates":[[[-85.00825,35.79208],[-85.00884,35.79177]]]}},{"type":"Feature","properties":{"kind":"minor-water","name":"Hall Creek","ftype":460,"lengthKm":0.53,"hu8":"06020004","pid":"51388183"},"geometry":{"type":"MultiLineString","coordinates":[[[-85.16572,35.64356],[-85.16756,35.6424],[-85.16773,35.64133],[-85.16944,35.64023]]]}},{"type":"Feature","properties":{"kind":"minor-water","name":"Zealy Branch","ftype":460,"lengthKm":0.95,"hu8":"06020004","pid":"51388089"},"geometry":{"type":"MultiLineString","coordinates":[[[-85.05286,35.64824],[-85.05454,35.64794],[-85.05773,35.64636],[-85.05875,35.64623],[-85.05987,35.64647],[-85.06211,35.64796]]]}},{"type":"Feature","properties":{"kind":"minor-water","name":"Flatwood Branch","ftype":460,"lengthKm":0.03,"hu8":"06020004","pid":"51388463"},"geometry":{"type":"MultiLineString","coordinates":[[[-85.2121,35.59092],[-85.21204,35.59068]]]}},{"type":"Feature","properties":{"kind":"minor-water","name":"Little Creek","ftype":460,"lengthKm":0.28,"hu8":"06020004","pid":"51387897"},"geometry":{"type":"MultiLineString","coordinates":[[[-85.10992,35.68115],[-85.10729,35.67985]]]}},{"type":"Feature","properties":{"kind":"minor-water","name":"Skillern Creek","ftype":460,"lengthKm":1.67,"hu8":"06020004","pid":"51388621"},"geometry":{"type":"MultiLineString","coordinates":[[[-85.15342,35.55781],[-85.15303,35.55831],[-85.15344,35.55883],[-85.1536,35.56],[-85.15294,35.56041],[-85.15238,35.56136],[-85.15039,35.56184],[-85.14955,35.56431],[-85.15014,35.56836],[-85.15242,35.57016]]]}},{"type":"Feature","properties":{"kind":"minor-water","name":"Swafford Branch","ftype":460,"lengthKm":1.27,"hu8":"06020004","pid":"51387561"},"geometry":{"type":"MultiLineString","coordinates":[[[-85.07696,35.74625],[-85.07499,35.74568],[-85.07476,35.74459],[-85.07328,35.74282],[-85.07351,35.74134],[-85.07324,35.74059],[-85.07387,35.7388],[-85.07504,35.7375],[-85.075,35.73679]]]}},{"type":"Feature","properties":{"kind":"minor-water","name":"Hellhole Branch","ftype":460,"lengthKm":0.03,"hu8":"06020004","pid":"51387663"},"geometry":{"type":"MultiLineString","coordinates":[[[-85.11844,35.7227],[-85.11847,35.7224]]]}},{"type":"Feature","properties":{"kind":"minor-water","name":"Sequatchie River","ftype":460,"lengthKm":0.02,"hu8":"06020004","pid":"51387907"},"geometry":{"type":"MultiLineString","coordinates":[[[-85.0947,35.67721],[-85.09494,35.67717]]]}},{"type":"Feature","properties":{"kind":"minor-water","name":"Sequatchie River","ftype":558,"lengthKm":1.11,"hu8":"06020004","pid":"51388125"},"geometry":{"type":"MultiLineString","coordinates":[[[-85.13958,35.65081],[-85.13995,35.65023],[-85.13847,35.6484],[-85.13774,35.64807],[-85.13554,35.6485],[-85.13393,35.64815],[-85.13266,35.64738],[-85.13118,35.64578]]]}},{"type":"Feature","properties":{"kind":"minor-water","name":"Big Brush Creek","ftype":460,"lengthKm":0.55,"hu8":"06020004","pid":"51388799"},"geometry":{"type":"MultiLineString","coordinates":[[[-85.42469,35.56006],[-85.42611,35.55958],[-85.42618,35.55772],[-85.42696,35.55817],[-85.42822,35.55827]]]}},{"type":"Feature","properties":{"kind":"minor-water","name":"Stephens Branch","ftype":460,"lengthKm":0.44,"hu8":"06020004","pid":"51387525"},"geometry":{"type":"MultiLineString","coordinates":[[[-85.0428,35.74679],[-85.04083,35.74659],[-85.03902,35.74751],[-85.03825,35.74756]]]}},{"type":"Feature","properties":{"kind":"minor-water","name":"Hall Creek","ftype":460,"lengthKm":0.01,"hu8":"06020004","pid":"51388195"},"geometry":{"type":"MultiLineString","coordinates":[[[-85.16992,35.63879],[-85.16992,35.63872]]]}},{"type":"Feature","properties":{"kind":"minor-water","name":"Wilson Branch","ftype":460,"lengthKm":0.24,"hu8":"06020004","pid":"51387423"},"geometry":{"type":"MultiLineString","coordinates":[[[-85.01572,35.76792],[-85.01688,35.76738],[-85.01743,35.76639]]]}},{"type":"Feature","properties":{"kind":"minor-water","name":"Hellhole Branch","ftype":460,"lengthKm":0.79,"hu8":"06020004","pid":"51387687"},"geometry":{"type":"MultiLineString","coordinates":[[[-85.11847,35.7224],[-85.11738,35.71953],[-85.11617,35.71813],[-85.11483,35.71746],[-85.11405,35.71652]]]}},{"type":"Feature","properties":{"kind":"minor-water","name":"Sequatchie River","ftype":558,"lengthKm":1.34,"hu8":"06020004","pid":"51388649"},"geometry":{"type":"MultiLineString","coordinates":[[[-85.23638,35.56979],[-85.2355,35.56671],[-85.23392,35.56444],[-85.23231,35.5647],[-85.23182,35.56451],[-85.23238,35.56244],[-85.23242,35.56002]]]}},{"type":"Feature","properties":{"kind":"minor-water","name":"Mill Branch","ftype":460,"lengthKm":0.28,"hu8":"06020004","pid":"51387949"},"geometry":{"type":"MultiLineString","coordinates":[[[-85.07995,35.66684],[-85.0809,35.66724],[-85.0821,35.66856]]]}},{"type":"Feature","properties":{"kind":"minor-water","name":"Sequatchie River","ftype":558,"lengthKm":0.54,"hu8":"06020004","pid":"51388549"},"geometry":{"type":"MultiLineString","coordinates":[[[-85.21226,35.57877],[-85.21358,35.57832],[-85.21456,35.57864],[-85.21617,35.5799],[-85.21635,35.58087]]]}},{"type":"Feature","properties":{"kind":"minor-water","name":"Sequatchie River","ftype":460,"lengthKm":0.6,"hu8":"06020004","pid":"51387545"},"geometry":{"type":"MultiLineString","coordinates":[[[-85.0301,35.74337],[-85.03153,35.74252],[-85.03324,35.74213],[-85.03299,35.74157],[-85.0308,35.74083]]]}},{"type":"Feature","properties":{"kind":"minor-water","name":"Taylor Branch","ftype":460,"lengthKm":0.1,"hu8":"06020004","pid":"51387677"},"geometry":{"type":"MultiLineString","coordinates":[[[-85.08222,35.71762],[-85.08129,35.71713]]]}},{"type":"Feature","properties":{"kind":"minor-water","name":"Sequatchie River","ftype":558,"lengthKm":2.62,"hu8":"06020004","pid":"51388475"},"geometry":{"type":"MultiLineString","coordinates":[[[-85.18605,35.59488],[-85.18599,35.59411],[-85.18815,35.59435],[-85.19048,35.59652],[-85.19133,35.59666],[-85.19179,35.59614],[-85.19201,35.59271],[-85.19233,35.59226],[-85.19275,35.59257],[-85.19341,35.59437],[-85.19424,35.59515],[-85.19483,35.59518],[-85.19673,35.59439],[-85.19762,35.59205],[-85.19852,35.58726]]]}},{"type":"Feature","properties":{"kind":"minor-water","name":"McReynolds Branch","ftype":460,"lengthKm":1.13,"hu8":"06020004","pid":"51388561"},"geometry":{"type":"MultiLineString","coordinates":[[[-85.19495,35.57454],[-85.19598,35.57509],[-85.20022,35.57896],[-85.20134,35.58111],[-85.2022,35.58144],[-85.20325,35.58127]]]}},{"type":"Feature","properties":{"kind":"minor-water","name":"Rocky Branch","ftype":460,"lengthKm":0.11,"hu8":"06020004","pid":"51388749"},"geometry":{"type":"MultiLineString","coordinates":[[[-85.26063,35.55059],[-85.25976,35.54984]]]}},{"type":"Feature","properties":{"kind":"minor-water","name":"Hellhole Branch","ftype":460,"lengthKm":0.18,"hu8":"06020004","pid":"51387781"},"geometry":{"type":"MultiLineString","coordinates":[[[-85.09936,35.70304],[-85.09878,35.70196],[-85.09835,35.70175]]]}},{"type":"Feature","properties":{"kind":"minor-water","name":"Taylor Branch","ftype":460,"lengthKm":0.69,"hu8":"06020004","pid":"51387699"},"geometry":{"type":"MultiLineString","coordinates":[[[-85.08129,35.71713],[-85.08089,35.71656],[-85.08116,35.7159],[-85.08091,35.71532],[-85.07894,35.71311],[-85.07749,35.71222]]]}},{"type":"Feature","properties":{"kind":"minor-water","name":"Sequatchie River","ftype":558,"lengthKm":0.43,"hu8":"06020004","pid":"51388427"},"geometry":{"type":"MultiLineString","coordinates":[[[-85.18605,35.59872],[-85.18633,35.59681],[-85.18593,35.5958],[-85.18605,35.59488]]]}},{"type":"Feature","properties":{"kind":"minor-water","name":"Sequatchie River","ftype":460,"lengthKm":0.88,"hu8":"06020004","pid":"51387551"},"geometry":{"type":"MultiLineString","coordinates":[[[-85.0308,35.74083],[-85.03022,35.74035],[-85.03049,35.73988],[-85.03358,35.73955],[-85.03639,35.741],[-85.03684,35.74044],[-85.03682,35.73962]]]}},{"type":"Feature","properties":{"kind":"minor-water","name":"Rocky Branch","ftype":460,"lengthKm":0.29,"hu8":"06020004","pid":"51387769"},"geometry":{"type":"MultiLineString","coordinates":[[[-85.14969,35.70885],[-85.14892,35.70864],[-85.14883,35.70783],[-85.14753,35.70733]]]}},{"type":"Feature","properties":{"kind":"minor-water","name":"Taylor Branch","ftype":460,"lengthKm":0.47,"hu8":"06020004","pid":"51387641"},"geometry":{"type":"MultiLineString","coordinates":[[[-85.09159,35.72535],[-85.08981,35.72608],[-85.08788,35.72637],[-85.08668,35.72624]]]}},{"type":"Feature","properties":{"kind":"minor-water","name":"Stephens Branch","ftype":460,"lengthKm":0.52,"hu8":"06020004","pid":"51387411"},"geometry":{"type":"MultiLineString","coordinates":[[[-85.03257,35.77548],[-85.0351,35.77385],[-85.03657,35.77216]]]}},{"type":"Feature","properties":{"kind":"minor-water","name":"Little Creek","ftype":460,"lengthKm":0.45,"hu8":"06020004","pid":"51387875"},"geometry":{"type":"MultiLineString","coordinates":[[[-85.10739,35.68787],[-85.10722,35.68754],[-85.10798,35.68596],[-85.10732,35.68527],[-85.10772,35.6842]]]}},{"type":"Feature","properties":{"kind":"minor-water","name":"Little Creek","ftype":460,"lengthKm":0.78,"hu8":"06020004","pid":"51387827"},"geometry":{"type":"MultiLineString","coordinates":[[[-85.10109,35.69854],[-85.10148,35.69791],[-85.10025,35.69717],[-85.10041,35.69645],[-85.09994,35.69556],[-85.10061,35.69445],[-85.10293,35.6934]]]}},{"type":"Feature","properties":{"kind":"minor-water","name":"Rocky Branch","ftype":460,"lengthKm":0.9,"hu8":"06020004","pid":"51388677"},"geometry":{"type":"MultiLineString","coordinates":[[[-85.29461,35.56423],[-85.29341,35.56385],[-85.29157,35.56382],[-85.28887,35.56246],[-85.28677,35.56228],[-85.28534,35.56179]]]}},{"type":"Feature","properties":{"kind":"minor-water","name":"Sequatchie River","ftype":460,"lengthKm":0.96,"hu8":"06020004","pid":"51387873"},"geometry":{"type":"MultiLineString","coordinates":[[[-85.0889,35.686],[-85.08964,35.6853],[-85.09156,35.68464],[-85.09558,35.68529],[-85.09872,35.68615]]]}},{"type":"Feature","properties":{"kind":"minor-water","name":"Sequatchie River","ftype":558,"lengthKm":1.01,"hu8":"06020004","pid":"51388173"},"geometry":{"type":"MultiLineString","coordinates":[[[-85.13118,35.64578],[-85.13003,35.64294],[-85.13292,35.6405],[-85.13145,35.63948],[-85.13016,35.63912]]]}},{"type":"Feature","properties":{"kind":"minor-water","name":"Cold Spring Cove Branch","ftype":460,"lengthKm":0.35,"hu8":"06020004","pid":"51387891"},"geometry":{"type":"MultiLineString","coordinates":[[[-85.1656,35.68849],[-85.16602,35.68728],[-85.16586,35.68537]]]}},{"type":"Feature","properties":{"kind":"minor-water","name":"Sequatchie River","ftype":460,"lengthKm":0.06,"hu8":"06020004","pid":"51387339"},"geometry":{"type":"MultiLineString","coordinates":[[[-85.00897,35.79339],[-85.00871,35.79287]]]}},{"type":"Feature","properties":{"kind":"minor-water","name":"Sequatchie River","ftype":558,"lengthKm":1.04,"hu8":"06020004","pid":"51388269"},"geometry":{"type":"MultiLineString","coordinates":[[[-85.1531,35.63079],[-85.15385,35.63083],[-85.15459,35.63028],[-85.156,35.62778],[-85.15791,35.62665],[-85.15879,35.62657],[-85.15921,35.62711],[-85.15814,35.62796],[-85.15821,35.62862]]]}},{"type":"Feature","properties":{"kind":"minor-water","name":"Stephens Branch","ftype":460,"lengthKm":0.11,"hu8":"06020004","pid":"51387505"},"geometry":{"type":"MultiLineString","coordinates":[[[-85.03825,35.74756],[-85.0375,35.74834]]]}},{"type":"Feature","properties":{"kind":"minor-water","name":"Rocky Branch","ftype":460,"lengthKm":0.11,"hu8":"06020004","pid":"51388681"},"geometry":{"type":"MultiLineString","coordinates":[[[-85.28534,35.56179],[-85.28423,35.56146]]]}},{"type":"Feature","properties":{"kind":"minor-water","name":"Stephens Branch","ftype":460,"lengthKm":0.56,"hu8":"06020004","pid":"51387517"},"geometry":{"type":"MultiLineString","coordinates":[[[-85.0375,35.74834],[-85.03696,35.74799],[-85.03669,35.74728],[-85.03573,35.74716],[-85.03483,35.74651],[-85.03433,35.74645],[-85.03332,35.74698],[-85.03261,35.74681]]]}},{"type":"Feature","properties":{"kind":"minor-water","name":"Sequatchie River","ftype":558,"lengthKm":1.16,"hu8":"06020004","pid":"51388753"},"geometry":{"type":"MultiLineString","coordinates":[[[-85.22975,35.55704],[-85.23124,35.55059],[-85.23183,35.54977],[-85.23335,35.54879],[-85.23357,35.54745]]]}},{"type":"Feature","properties":{"kind":"minor-water","name":"Selby Creek","ftype":460,"lengthKm":0.2,"hu8":"06020004","pid":"51387355"},"geometry":{"type":"MultiLineString","coordinates":[[[-85.00208,35.7893],[-85.00405,35.79016]]]}},{"type":"Feature","properties":{"kind":"minor-water","name":"Mill Branch","ftype":460,"lengthKm":0.8,"hu8":"06020004","pid":"51387957"},"geometry":{"type":"MultiLineString","coordinates":[[[-85.05111,35.6688],[-85.05073,35.6678],[-85.04947,35.66651],[-85.04946,35.66526],[-85.05052,35.66409],[-85.05155,35.66365],[-85.05193,35.66283]]]}},{"type":"Feature","properties":{"kind":"minor-water","name":"Cold Spring Cove Branch","ftype":460,"lengthKm":0.25,"hu8":"06020004","pid":"51388071"},"geometry":{"type":"MultiLineString","coordinates":[[[-85.14387,35.65948],[-85.14431,35.6585],[-85.14402,35.65788],[-85.14436,35.65737]]]}},{"type":"Feature","properties":{"kind":"minor-water","name":"Sequatchie River","ftype":460,"lengthKm":0.1,"hu8":"06020004","pid":"51387343"},"geometry":{"type":"MultiLineString","coordinates":[[[-85.00871,35.79287],[-85.00825,35.79208]]]}},{"type":"Feature","properties":{"kind":"minor-water","name":"Swafford Branch","ftype":460,"lengthKm":0.78,"hu8":"06020004","pid":"51387587"},"geometry":{"type":"MultiLineString","coordinates":[[[-85.075,35.73679],[-85.07465,35.73602],[-85.07299,35.73486],[-85.07287,35.73428],[-85.07319,35.73377],[-85.07277,35.73343],[-85.07239,35.73219],[-85.0714,35.73167],[-85.07128,35.73112]]]}},{"type":"Feature","properties":{"kind":"minor-water","name":"Sequatchie River","ftype":558,"lengthKm":0.53,"hu8":"06020004","pid":"51388249"},"geometry":{"type":"MultiLineString","coordinates":[[[-85.14199,35.6318],[-85.14157,35.63051],[-85.14062,35.62961],[-85.14127,35.62897],[-85.14128,35.62825],[-85.1419,35.62772]]]}},{"type":"Feature","properties":{"kind":"minor-water","name":"Sequatchie River","ftype":558,"lengthKm":0.95,"hu8":"06020004","pid":"51388407"},"geometry":{"type":"MultiLineString","coordinates":[[[-85.18597,35.60572],[-85.18597,35.60523],[-85.18531,35.60442],[-85.18502,35.60267],[-85.18578,35.60141],[-85.18437,35.60107],[-85.18605,35.59872]]]}},{"type":"Feature","properties":{"kind":"minor-water","name":"Hall Creek","ftype":460,"lengthKm":0.85,"hu8":"06020004","pid":"51388283"},"geometry":{"type":"MultiLineString","coordinates":[[[-85.17067,35.6344],[-85.17004,35.63198],[-85.17001,35.62757],[-85.17046,35.62695]]]}}]}