{"type":"FeatureCollection","features":[{"type":"Feature","properties":{"kind":"minor-water","name":"Sinking Creek","ftype":460,"lengthKm":1.25,"hu8":"06010106","pid":"132644840"},"geometry":{"type":"MultiLineString","coordinates":[[[-83.20561,35.98916],[-83.20373,35.99081],[-83.20194,35.99148],[-83.19844,35.99141],[-83.19655,35.98988],[-83.19514,35.99123],[-83.19435,35.99139]]]}},{"type":"Feature","properties":{"kind":"minor-water","name":"Mc Ginty Creek","ftype":460,"lengthKm":0.77,"hu8":"06010106","pid":"132652247"},"geometry":{"type":"MultiLineString","coordinates":[[[-83.15856,35.69908],[-83.15793,35.7037],[-83.15698,35.70586]]]}},{"type":"Feature","properties":{"kind":"minor-water","name":"Winding Stair Branch","ftype":460,"lengthKm":0.31,"hu8":"06010106","pid":"132653040"},"geometry":{"type":"MultiLineString","coordinates":[[[-83.06585,35.63902],[-83.06591,35.64004],[-83.06704,35.6416]]]}},{"type":"Feature","properties":{"kind":"minor-water","name":"East Fork Pigeon River","ftype":558,"lengthKm":0.04,"hu8":"06010106","pid":"132655929"},"geometry":{"type":"MultiLineString","coordinates":[[[-82.84523,35.46021],[-82.84551,35.45998]]]}},{"type":"Feature","properties":{"kind":"minor-water","name":"Maggot Spring Branch","ftype":460,"lengthKm":1.35,"hu8":"06010106","pid":"132654728"},"geometry":{"type":"MultiLineString","coordinates":[[[-83.13461,35.55383],[-83.13306,35.55645],[-83.13152,35.55804],[-83.13042,35.56025],[-83.13021,35.56165],[-83.12809,35.56457]]]}},{"type":"Feature","properties":{"kind":"minor-water","name":"Caldwell Fork","ftype":460,"lengthKm":0.75,"hu8":"06010106","pid":"132653425"},"geometry":{"type":"MultiLineString","coordinates":[[[-83.08831,35.62568],[-83.08949,35.62689],[-83.08914,35.62834],[-83.08852,35.62899],[-83.08822,35.63006],[-83.08621,35.63083]]]}},{"type":"Feature","properties":{"kind":"minor-water","name":"Cole Creek","ftype":460,"lengthKm":0.9,"hu8":"06010106","pid":"132648048"},"geometry":{"type":"MultiLineString","coordinates":[[[-83.27076,35.75884],[-83.27051,35.75979],[-83.27157,35.7615],[-83.27157,35.76261],[-83.27233,35.76357],[-83.273,35.76645]]]}},{"type":"Feature","properties":{"kind":"minor-water","name":"Mount Sterling Creek","ftype":460,"lengthKm":2.1,"hu8":"06010106","pid":"132649823"},"geometry":{"type":"MultiLineString","coordinates":[[[-83.11714,35.70755],[-83.11288,35.70622],[-83.11148,35.70638],[-83.10924,35.70581],[-83.10484,35.70587],[-83.1011,35.70535],[-83.09964,35.70557],[-83.0989,35.70599],[-83.09787,35.70772],[-83.09676,35.70813],[-83.09647,35.70866]]]}},{"type":"Feature","properties":{"kind":"minor-water","name":"Sinking Creek","ftype":460,"lengthKm":1.11,"hu8":"06010106","pid":"132644925"},"geometry":{"type":"MultiLineString","coordinates":[[[-83.24784,35.96737],[-83.24735,35.96744],[-83.24504,35.96952],[-83.24081,35.97074],[-83.23759,35.9709],[-83.23699,35.97122]]]}},{"type":"Feature","properties":{"kind":"minor-water","name":"Trail Hollow Branch","ftype":460,"lengthKm":0.6,"hu8":"06010106","pid":"132645879"},"geometry":{"type":"MultiLineString","coordinates":[[[-83.14935,35.80566],[-83.14731,35.80721],[-83.14504,35.80827],[-83.14462,35.80917]]]}},{"type":"Feature","properties":{"kind":"minor-water","name":"Cataloochee Creek","ftype":558,"lengthKm":0.39,"hu8":"06010106","pid":"132652498"},"geometry":{"type":"MultiLineString","coordinates":[[[-83.0689,35.67648],[-83.06698,35.67714],[-83.06542,35.67712],[-83.06504,35.67762]]]}},{"type":"Feature","properties":{"kind":"minor-water","name":"Cherry Cove Creek","ftype":460,"lengthKm":0.6,"hu8":"06010106","pid":"132657461"},"geometry":{"type":"MultiLineString","coordinates":[[[-83.00142,35.40696],[-83.0005,35.40878],[-82.9987,35.41038],[-82.99828,35.41161]]]}},{"type":"Feature","properties":{"kind":"minor-water","name":"Sinking Creek","ftype":460,"lengthKm":0.41,"hu8":"06010106","pid":"132645025"},"geometry":{"type":"MultiLineString","coordinates":[[[-83.25867,35.93813],[-83.25792,35.93903],[-83.25799,35.93948],[-83.25636,35.94117]]]}},{"type":"Feature","properties":{"kind":"minor-water","name":"Chavis Creek","ftype":460,"lengthKm":0.49,"hu8":"06010106","pid":"132647392"},"geometry":{"type":"MultiLineString","coordinates":[[[-83.27988,35.78025],[-83.28014,35.78139],[-83.28224,35.78237],[-83.28266,35.78357]]]}},{"type":"Feature","properties":{"kind":"minor-water","name":"Hemphill Creek","ftype":460,"lengthKm":0.54,"hu8":"06010106","pid":"132654425"},"geometry":{"type":"MultiLineString","coordinates":[[[-83.03677,35.56237],[-83.03346,35.56264],[-83.03223,35.56231],[-83.03087,35.56236]]]}},{"type":"Feature","properties":{"kind":"minor-water","name":"Hemphill Creek","ftype":460,"lengthKm":0.62,"hu8":"06010106","pid":"132654414"},"geometry":{"type":"MultiLineString","coordinates":[[[-83.06046,35.56503],[-83.05974,35.56526],[-83.05886,35.5649],[-83.05831,35.56523],[-83.05817,35.56588],[-83.05761,35.5661],[-83.05682,35.5662],[-83.05604,35.56584],[-83.05548,35.56617],[-83.05491,35.56602]]]}},{"type":"Feature","properties":{"kind":"minor-water","name":"Beech Creek","ftype":460,"lengthKm":1.33,"hu8":"06010106","pid":"132653317"},"geometry":{"type":"MultiLineString","coordinates":[[[-83.20083,35.64993],[-83.20076,35.64913],[-83.1994,35.64758],[-83.19818,35.64442],[-83.19504,35.64383],[-83.19255,35.64558],[-83.19175,35.64561]]]}},{"type":"Feature","properties":{"kind":"minor-water","name":"Cold Springs Creek","ftype":460,"lengthKm":0.26,"hu8":"06010106","pid":"132646192"},"geometry":{"type":"MultiLineString","coordinates":[[[-82.95496,35.78094],[-82.95637,35.77949],[-82.95627,35.77902]]]}},{"type":"Feature","properties":{"kind":"minor-water","name":"Polly Elbert Branch","ftype":460,"lengthKm":1.61,"hu8":"06010106","pid":"132645299"},"geometry":{"type":"MultiLineString","coordinates":[[[-83.17266,35.86782],[-83.175,35.86869],[-83.1756,35.86975],[-83.17698,35.87081],[-83.17814,35.87107],[-83.1799,35.872],[-83.18,35.87244],[-83.18102,35.87274],[-83.18643,35.87073],[-83.18696,35.86998]]]}},{"type":"Feature","properties":{"kind":"minor-water","name":"Chavis Creek","ftype":460,"lengthKm":0.57,"hu8":"06010106","pid":"132646515"},"geometry":{"type":"MultiLineString","coordinates":[[[-83.2771,35.80182],[-83.27708,35.80228],[-83.27547,35.80394],[-83.27521,35.8054],[-83.27403,35.80583]]]}},{"type":"Feature","properties":{"kind":"minor-water","name":"Old Bald Creek","ftype":460,"lengthKm":0.66,"hu8":"06010106","pid":"132657628"},"geometry":{"type":"MultiLineString","coordinates":[[[-83.02623,35.39776],[-83.02543,35.40045],[-83.02504,35.40357]]]}},{"type":"Feature","properties":{"kind":"minor-water","name":"Caney Creek","ftype":460,"lengthKm":0.07,"hu8":"06010106","pid":"132646360"},"geometry":{"type":"MultiLineString","coordinates":[[[-83.22753,35.80045],[-83.22827,35.80049]]]}},{"type":"Feature","properties":{"kind":"minor-water","name":"Fines Creek","ftype":460,"lengthKm":0.09,"hu8":"06010106","pid":"132648140"},"geometry":{"type":"MultiLineString","coordinates":[[[-82.92819,35.71356],[-82.92811,35.71279]]]}},{"type":"Feature","properties":{"kind":"minor-water","name":"Bailey Branch","ftype":460,"lengthKm":0.1,"hu8":"06010106","pid":"132645443"},"geometry":{"type":"MultiLineString","coordinates":[[[-83.26478,35.86195],[-83.26441,35.86281]]]}},{"type":"Feature","properties":{"kind":"minor-water","name":"Pretty Hollow Creek","ftype":460,"lengthKm":0.55,"hu8":"06010106","pid":"132652928"},"geometry":{"type":"MultiLineString","coordinates":[[[-83.1356,35.65847],[-83.13559,35.65781],[-83.13484,35.65656],[-83.13552,35.65518],[-83.13506,35.65429],[-83.13522,35.65382]]]}},{"type":"Feature","properties":{"kind":"minor-water","name":"Martin Creek","ftype":460,"lengthKm":0.15,"hu8":"06010106","pid":"132652276"},"geometry":{"type":"MultiLineString","coordinates":[[[-82.97623,35.6831],[-82.97734,35.68211]]]}},{"type":"Feature","properties":{"kind":"minor-water","name":"Cripple Creek","ftype":460,"lengthKm":0.13,"hu8":"06010106","pid":"132645719"},"geometry":{"type":"MultiLineString","coordinates":[[[-83.13349,35.81943],[-83.13491,35.81944]]]}},{"type":"Feature","properties":{"kind":"minor-water","name":"Stevens Creek","ftype":460,"lengthKm":0.6,"hu8":"06010106","pid":"132653025"},"geometry":{"type":"MultiLineString","coordinates":[[[-83.04181,35.64134],[-83.04025,35.643],[-83.03802,35.64402],[-83.03739,35.64518]]]}},{"type":"Feature","properties":{"kind":"minor-water","name":"Groundhog Creek","ftype":460,"lengthKm":0.1,"hu8":"06010106","pid":"132645991"},"geometry":{"type":"MultiLineString","coordinates":[[[-83.18292,35.80536],[-83.18188,35.805]]]}},{"type":"Feature","properties":{"kind":"minor-water","name":"Cataloochee Creek","ftype":558,"lengthKm":0.94,"hu8":"06010106","pid":"132652420"},"geometry":{"type":"MultiLineString","coordinates":[[[-83.06512,35.67904],[-83.06386,35.67964],[-83.06182,35.67959],[-83.05703,35.6808],[-83.05614,35.68165],[-83.0561,35.68209]]]}},{"type":"Feature","properties":{"kind":"minor-water","name":"Shiny Creek","ftype":460,"lengthKm":0.68,"hu8":"06010106","pid":"132657648"},"geometry":{"type":"MultiLineString","coordinates":[[[-82.9895,35.39227],[-82.98882,35.39449],[-82.98924,35.39833]]]}},{"type":"Feature","properties":{"kind":"minor-water","name":"Rocky Branch","ftype":558,"lengthKm":0.01,"hu8":"06010106","pid":"132656327"},"geometry":{"type":"MultiLineString","coordinates":[[[-82.90255,35.45194],[-82.90261,35.45199]]]}},{"type":"Feature","properties":{"kind":"minor-water","name":"West Fork Campbell Creek","ftype":460,"lengthKm":0.29,"hu8":"06010106","pid":"132656391"},"geometry":{"type":"MultiLineString","coordinates":[[[-83.12704,35.47435],[-83.12734,35.47545],[-83.1268,35.47689]]]}},{"type":"Feature","properties":{"kind":"minor-water","name":"Liz Branch","ftype":460,"lengthKm":0.72,"hu8":"06010106","pid":"132652658"},"geometry":{"type":"MultiLineString","coordinates":[[[-83.0534,35.66749],[-83.04685,35.66385]]]}},{"type":"Feature","properties":{"kind":"minor-water","name":"Cold Springs Creek","ftype":460,"lengthKm":0.28,"hu8":"06010106","pid":"132647852"},"geometry":{"type":"MultiLineString","coordinates":[[[-83.01215,35.73959],[-83.01403,35.73961],[-83.01493,35.73895]]]}},{"type":"Feature","properties":{"kind":"minor-water","name":"Messer Fork","ftype":460,"lengthKm":2.94,"hu8":"06010106","pid":"132653747"},"geometry":{"type":"MultiLineString","coordinates":[[[-83.16684,35.61658],[-83.16094,35.61552],[-83.15843,35.61561],[-83.15778,35.61605],[-83.1559,35.61536],[-83.15347,35.61521],[-83.1509,35.61574],[-83.14714,35.6147],[-83.14402,35.61532],[-83.14299,35.61583],[-83.14111,35.61599],[-83.13808,35.61486],[-83.13576,35.6146]]]}},{"type":"Feature","properties":{"kind":"minor-water","name":"Cove Creek","ftype":460,"lengthKm":0.4,"hu8":"06010106","pid":"132652228"},"geometry":{"type":"MultiLineString","coordinates":[[[-82.93062,35.67602],[-82.93182,35.67633],[-82.93492,35.67597]]]}},{"type":"Feature","properties":{"kind":"minor-water","name":"Allen Creek","ftype":460,"lengthKm":0.85,"hu8":"06010106","pid":"132657064"},"geometry":{"type":"MultiLineString","coordinates":[[[-83.0087,35.43016],[-83.00903,35.43105],[-83.00865,35.43324],[-83.00951,35.43518],[-83.00961,35.43617],[-83.00902,35.43758]]]}},{"type":"Feature","properties":{"kind":"minor-water","name":"Shelton Branch","ftype":460,"lengthKm":1.46,"hu8":"06010106","pid":"132655734"},"geometry":{"type":"MultiLineString","coordinates":[[[-82.98541,35.48086],[-82.98544,35.48177],[-82.98458,35.48337],[-82.98528,35.48584],[-82.98467,35.4878],[-82.98558,35.49102],[-82.985,35.49187],[-82.98327,35.49263]]]}},{"type":"Feature","properties":{"kind":"minor-water","name":"Little East Fork Pigeon River","ftype":460,"lengthKm":0.2,"hu8":"06010106","pid":"132657773"},"geometry":{"type":"MultiLineString","coordinates":[[[-82.89231,35.36942],[-82.89352,35.37095]]]}},{"type":"Feature","properties":{"kind":"minor-water","name":"Deer Creek","ftype":460,"lengthKm":1.07,"hu8":"06010106","pid":"132652141"},"geometry":{"type":"MultiLineString","coordinates":[[[-83.25192,35.71174],[-83.24915,35.71302],[-83.24748,35.71308],[-83.24639,35.7128],[-83.24532,35.71314],[-83.24458,35.71388],[-83.24425,35.71526],[-83.24324,35.71647]]]}},{"type":"Feature","properties":{"kind":"minor-water","name":"Crying Creek","ftype":460,"lengthKm":1.07,"hu8":"06010106","pid":"132647839"},"geometry":{"type":"MultiLineString","coordinates":[[[-83.2149,35.76018],[-83.21464,35.76049],[-83.21489,35.76129],[-83.2143,35.76252],[-83.21505,35.76373],[-83.21521,35.76531],[-83.21585,35.76595],[-83.2157,35.76682],[-83.21621,35.76921]]]}},{"type":"Feature","properties":{"kind":"minor-water","name":"Cove Creek","ftype":460,"lengthKm":0.12,"hu8":"06010106","pid":"132653653"},"geometry":{"type":"MultiLineString","coordinates":[[[-83.03659,35.60762],[-83.03524,35.60742]]]}},{"type":"Feature","properties":{"kind":"minor-water","name":"Cripple Creek","ftype":460,"lengthKm":0.3,"hu8":"06010106","pid":"132645700"},"geometry":{"type":"MultiLineString","coordinates":[[[-83.12955,35.82425],[-83.12972,35.82302],[-83.12917,35.82166]]]}},{"type":"Feature","properties":{"kind":"minor-water","name":"Low Gap Branch","ftype":460,"lengthKm":0.55,"hu8":"06010106","pid":"132648272"},"geometry":{"type":"MultiLineString","coordinates":[[[-83.18108,35.73554],[-83.17962,35.73653],[-83.1757,35.73525]]]}},{"type":"Feature","properties":{"kind":"minor-water","name":"Jonathans Creek","ftype":460,"lengthKm":0.29,"hu8":"06010106","pid":"132655436"},"geometry":{"type":"MultiLineString","coordinates":[[[-83.13315,35.51642],[-83.13257,35.51641],[-83.1312,35.51704],[-83.1301,35.51703]]]}},{"type":"Feature","properties":{"kind":"minor-water","name":"Winding Stair Branch","ftype":460,"lengthKm":0.17,"hu8":"06010106","pid":"132653101"},"geometry":{"type":"MultiLineString","coordinates":[[[-83.05626,35.63531],[-83.05715,35.63598],[-83.05783,35.63599]]]}},{"type":"Feature","properties":{"kind":"minor-water","name":"Caldwell Fork","ftype":460,"lengthKm":1.02,"hu8":"06010106","pid":"132654279"},"geometry":{"type":"MultiLineString","coordinates":[[[-83.12293,35.57787],[-83.12233,35.57898],[-83.12151,35.57932],[-83.1214,35.57966],[-83.12188,35.58082],[-83.12147,35.58128],[-83.12189,35.58331],[-83.12185,35.58486],[-83.12145,35.5851],[-83.12168,35.58612]]]}},{"type":"Feature","properties":{"kind":"minor-water","name":"Deep Gap Creek","ftype":460,"lengthKm":0.32,"hu8":"06010106","pid":"132657333"},"geometry":{"type":"MultiLineString","coordinates":[[[-82.98022,35.41215],[-82.9825,35.41266],[-82.98364,35.41251]]]}},{"type":"Feature","properties":{"kind":"minor-water","name":"Straight Creek","ftype":460,"lengthKm":1.63,"hu8":"06010106","pid":"132654404"},"geometry":{"type":"MultiLineString","coordinates":[[[-83.16091,35.57683],[-83.15653,35.57577],[-83.15413,35.57583],[-83.1499,35.575],[-83.1475,35.57641],[-83.14396,35.57744]]]}},{"type":"Feature","properties":{"kind":"minor-water","name":"Browning Branch","ftype":558,"lengthKm":0.02,"hu8":"06010106","pid":"132655835"},"geometry":{"type":"MultiLineString","coordinates":[[[-83.0083,35.48021],[-83.00844,35.4803]]]}},{"type":"Feature","properties":{"kind":"minor-water","name":"Caney Creek","ftype":460,"lengthKm":0.21,"hu8":"06010106","pid":"132646310"},"geometry":{"type":"MultiLineString","coordinates":[[[-83.23581,35.80206],[-83.23805,35.80253]]]}},{"type":"Feature","properties":{"kind":"minor-water","name":"Middle Creek","ftype":460,"lengthKm":0.69,"hu8":"06010106","pid":"132645487"},"geometry":{"type":"MultiLineString","coordinates":[[[-83.25327,35.85524],[-83.25219,35.85531],[-83.25125,35.85623],[-83.2489,35.85599],[-83.24665,35.85721]]]}},{"type":"Feature","properties":{"kind":"minor-water","name":"Messer Branch","ftype":460,"lengthKm":0.47,"hu8":"06010106","pid":"132653971"},"geometry":{"type":"MultiLineString","coordinates":[[[-83.04754,35.59648],[-83.04676,35.59826],[-83.04671,35.60059]]]}},{"type":"Feature","properties":{"kind":"minor-water","name":"Sam Branch","ftype":460,"lengthKm":1.47,"hu8":"06010106","pid":"132656762"},"geometry":{"type":"MultiLineString","coordinates":[[[-82.94214,35.44383],[-82.93998,35.44245],[-82.93568,35.43817],[-82.93322,35.43673],[-82.93202,35.43561],[-82.93027,35.4353]]]}},{"type":"Feature","properties":{"kind":"minor-water","name":"Turnalay Creek","ftype":460,"lengthKm":0.49,"hu8":"06010106","pid":"132645694"},"geometry":{"type":"MultiLineString","coordinates":[[[-83.11449,35.82068],[-83.11506,35.82087],[-83.11572,35.82191],[-83.11661,35.82231],[-83.11764,35.824]]]}},{"type":"Feature","properties":{"kind":"minor-water","name":"Buckeye Creek","ftype":460,"lengthKm":0.32,"hu8":"06010106","pid":"132647980"},"geometry":{"type":"MultiLineString","coordinates":[[[-83.26286,35.75855],[-83.26352,35.76087],[-83.2633,35.76136]]]}},{"type":"Feature","properties":{"kind":"minor-water","name":"Raccoon Creek","ftype":460,"lengthKm":0.46,"hu8":"06010106","pid":"132655536"},"geometry":{"type":"MultiLineString","coordinates":[[[-82.96491,35.49141],[-82.963,35.49522]]]}},{"type":"Feature","properties":{"kind":"minor-water","name":"Parks Branch","ftype":460,"lengthKm":0.32,"hu8":"06010106","pid":"132654229"},"geometry":{"type":"MultiLineString","coordinates":[[[-83.00644,35.57135],[-83.00628,35.57424]]]}},{"type":"Feature","properties":{"kind":"minor-water","name":"Deep Gap Creek","ftype":460,"lengthKm":0.34,"hu8":"06010106","pid":"132657334"},"geometry":{"type":"MultiLineString","coordinates":[[[-82.98364,35.41251],[-82.98732,35.41324]]]}},{"type":"Feature","properties":{"kind":"minor-water","name":"Richland Creek","ftype":460,"lengthKm":0.21,"hu8":"06010106","pid":"132655980"},"geometry":{"type":"MultiLineString","coordinates":[[[-83.00829,35.47692],[-83.00912,35.47866]]]}},{"type":"Feature","properties":{"kind":"minor-water","name":"Cherry Creek","ftype":460,"lengthKm":0.28,"hu8":"06010106","pid":"132645973"},"geometry":{"type":"MultiLineString","coordinates":[[[-82.96311,35.78299],[-82.96441,35.78244],[-82.96605,35.78254]]]}},{"type":"Feature","properties":{"kind":"minor-water","name":"Coggins Branch","ftype":460,"lengthKm":1.43,"hu8":"06010106","pid":"132652791"},"geometry":{"type":"MultiLineString","coordinates":[[[-83.09828,35.66235],[-83.09693,35.66246],[-83.09633,35.66279],[-83.09539,35.66409],[-83.09291,35.66416],[-83.09106,35.66526],[-83.08974,35.66629],[-83.08868,35.66804],[-83.08674,35.66974]]]}},{"type":"Feature","properties":{"kind":"minor-water","name":"Queen Creek","ftype":460,"lengthKm":1.32,"hu8":"06010106","pid":"132657741"},"geometry":{"type":"MultiLineString","coordinates":[[[-82.95376,35.38061],[-82.95213,35.38047],[-82.94793,35.38094],[-82.94332,35.38081],[-82.93949,35.37967]]]}},{"type":"Feature","properties":{"kind":"minor-water","name":"Big Creek","ftype":558,"lengthKm":0.33,"hu8":"06010106","pid":"132647546"},"geometry":{"type":"MultiLineString","coordinates":[[[-83.10431,35.75693],[-83.10424,35.75987]]]}},{"type":"Feature","properties":{"kind":"minor-water","name":"Onion Bed Branch","ftype":460,"lengthKm":1.32,"hu8":"06010106","pid":"132652656"},"geometry":{"type":"MultiLineString","coordinates":[[[-83.15211,35.68008],[-83.15077,35.67926],[-83.14888,35.6787],[-83.14656,35.67706],[-83.14544,35.6769],[-83.14391,35.67618],[-83.14037,35.67333]]]}},{"type":"Feature","properties":{"kind":"minor-water","name":"Cove Creek","ftype":460,"lengthKm":0.3,"hu8":"06010106","pid":"132653643"},"geometry":{"type":"MultiLineString","coordinates":[[[-83.0329,35.6076],[-83.03158,35.60781],[-83.0299,35.60702]]]}},{"type":"Feature","properties":{"kind":"minor-water","name":"Inman Branch","ftype":460,"lengthKm":1.35,"hu8":"06010106","pid":"132656405"},"geometry":{"type":"MultiLineString","coordinates":[[[-82.94311,35.45531],[-82.94003,35.45449],[-82.93942,35.45365],[-82.93792,35.45313],[-82.93622,35.45329],[-82.93396,35.4523],[-82.92937,35.45262]]]}},{"type":"Feature","properties":{"kind":"minor-water","name":"Greenbrier Creek","ftype":460,"lengthKm":1.47,"hu8":"06010106","pid":"132647228"},"geometry":{"type":"MultiLineString","coordinates":[[[-83.24326,35.78267],[-83.24333,35.78427],[-83.24268,35.78541],[-83.24268,35.78674],[-83.24227,35.78723],[-83.24243,35.78982],[-83.24209,35.7905],[-83.24243,35.7916],[-83.24212,35.79256],[-83.24253,35.79324],[-83.24212,35.79393],[-83.24256,35.79533]]]}},{"type":"Feature","properties":{"kind":"minor-water","name":"Clontz Branch","ftype":460,"lengthKm":2.45,"hu8":"06010106","pid":"132654253"},"geometry":{"type":"MultiLineString","coordinates":[[[-83.10077,35.57573],[-83.10045,35.57606],[-83.10016,35.57785],[-83.10023,35.57931],[-83.10144,35.5808],[-83.10263,35.58306],[-83.10261,35.58476],[-83.10466,35.58702],[-83.10437,35.58774],[-83.10451,35.58895],[-83.10571,35.59084],[-83.10765,35.59253],[-83.10808,35.5935],[-83.1095,35.59374],[-83.1101,35.59462]]]}},{"type":"Feature","properties":{"kind":"minor-water","name":"Mouse Creek","ftype":460,"lengthKm":1.59,"hu8":"06010106","pid":"132649525"},"geometry":{"type":"MultiLineString","coordinates":[[[-83.12197,35.70773],[-83.12331,35.70791],[-83.1248,35.70929],[-83.12676,35.70986],[-83.12837,35.71111],[-83.12881,35.71193],[-83.12832,35.7149],[-83.12965,35.71644],[-83.12999,35.71849]]]}},{"type":"Feature","properties":{"kind":"minor-water","name":"Pigeon River","ftype":558,"lengthKm":0.22,"hu8":"06010106","pid":"132652428"},"geometry":{"type":"MultiLineString","coordinates":[[[-83.03625,35.67951],[-83.03698,35.68137]]]}},{"type":"Feature","properties":{"kind":"minor-water","name":"Stevens Creek","ftype":460,"lengthKm":0.19,"hu8":"06010106","pid":"132652783"},"geometry":{"type":"MultiLineString","coordinates":[[[-83.03464,35.65204],[-83.03309,35.65321]]]}},{"type":"Feature","properties":{"kind":"minor-water","name":"Beaverdam Creek","ftype":460,"lengthKm":0.51,"hu8":"06010106","pid":"132653289"},"geometry":{"type":"MultiLineString","coordinates":[[[-82.83053,35.60877],[-82.82885,35.60688],[-82.8289,35.60461]]]}},{"type":"Feature","properties":{"kind":"minor-water","name":"Sweetwater Creek","ftype":460,"lengthKm":0.27,"hu8":"06010106","pid":"132645133"},"geometry":{"type":"MultiLineString","coordinates":[[[-83.16052,35.90157],[-83.16126,35.90154],[-83.16321,35.90237]]]}},{"type":"Feature","properties":{"kind":"minor-water","name":"Snowbird Creek","ftype":460,"lengthKm":0.02,"hu8":"06010106","pid":"132646339"},"geometry":{"type":"MultiLineString","coordinates":[[[-83.06008,35.78266],[-83.0603,35.78265]]]}},{"type":"Feature","properties":{"kind":"minor-water","name":"Cold Springs Creek","ftype":460,"lengthKm":0.09,"hu8":"06010106","pid":"132646657"},"geometry":{"type":"MultiLineString","coordinates":[[[-82.97153,35.76584],[-82.97232,35.76533]]]}},{"type":"Feature","properties":{"kind":"minor-water","name":"Cove Creek","ftype":460,"lengthKm":0.21,"hu8":"06010106","pid":"132653645"},"geometry":{"type":"MultiLineString","coordinates":[[[-83.02118,35.6059],[-83.01961,35.60563],[-83.01889,35.60582]]]}},{"type":"Feature","properties":{"kind":"minor-water","name":"Groundhog Creek","ftype":460,"lengthKm":0.3,"hu8":"06010106","pid":"132646904"},"geometry":{"type":"MultiLineString","coordinates":[[[-83.17329,35.78206],[-83.17436,35.78463]]]}},{"type":"Feature","properties":{"kind":"minor-water","name":"Swallow Fork","ftype":460,"lengthKm":0.96,"hu8":"06010106","pid":"132652230"},"geometry":{"type":"MultiLineString","coordinates":[[[-83.15071,35.69922],[-83.15228,35.69995],[-83.15279,35.70159],[-83.15564,35.70325],[-83.15636,35.70434],[-83.15625,35.70511],[-83.15665,35.70563]]]}},{"type":"Feature","properties":{"kind":"minor-water","name":"East Fork Pigeon River","ftype":558,"lengthKm":0.76,"hu8":"06010106","pid":"132657588"},"geometry":{"type":"MultiLineString","coordinates":[[[-82.80871,35.37647],[-82.80795,35.37953],[-82.80972,35.38043],[-82.81073,35.38231]]]}},{"type":"Feature","properties":{"kind":"minor-water","name":"Pigeon River","ftype":558,"lengthKm":0.29,"hu8":"06010106","pid":"132654787"},"geometry":{"type":"MultiLineString","coordinates":[[[-82.84048,35.52518],[-82.83999,35.52646],[-82.84012,35.52776]]]}},{"type":"Feature","properties":{"kind":"minor-water","name":"Lower Double Branch","ftype":460,"lengthKm":2.25,"hu8":"06010106","pid":"132653244"},"geometry":{"type":"MultiLineString","coordinates":[[[-83.10085,35.64659],[-83.10009,35.64563],[-83.09589,35.64268],[-83.0949,35.64064],[-83.09386,35.63995],[-83.09129,35.63934],[-83.09085,35.63812],[-83.08852,35.63591],[-83.08457,35.63385],[-83.08376,35.63372],[-83.08334,35.63397]]]}},{"type":"Feature","properties":{"kind":"minor-water","name":"Caney Creek","ftype":460,"lengthKm":0.64,"hu8":"06010106","pid":"132646363"},"geometry":{"type":"MultiLineString","coordinates":[[[-83.22827,35.80049],[-83.22872,35.80025],[-83.23234,35.80063],[-83.23279,35.80098],[-83.23344,35.80272]]]}},{"type":"Feature","properties":{"kind":"minor-water","name":"Big Creek","ftype":460,"lengthKm":0.44,"hu8":"06010106","pid":"132649858"},"geometry":{"type":"MultiLineString","coordinates":[[[-83.20925,35.71558],[-83.20749,35.71602],[-83.20667,35.71669],[-83.20562,35.71669],[-83.20493,35.71705]]]}},{"type":"Feature","properties":{"kind":"minor-water","name":"Stamey Cove Branch","ftype":460,"lengthKm":0.62,"hu8":"06010106","pid":"132655062"},"geometry":{"type":"MultiLineString","coordinates":[[[-82.86705,35.50943],[-82.86446,35.5092],[-82.8625,35.50847],[-82.86144,35.50841],[-82.8609,35.50765]]]}},{"type":"Feature","properties":{"kind":"minor-water","name":"Rowdy Creek","ftype":460,"lengthKm":1.63,"hu8":"06010106","pid":"132647000"},"geometry":{"type":"MultiLineString","coordinates":[[[-83.18344,35.78047],[-83.18525,35.78268],[-83.19057,35.78512],[-83.19144,35.78723],[-83.19364,35.78945],[-83.19341,35.7902],[-83.19386,35.79139]]]}},{"type":"Feature","properties":{"kind":"minor-water","name":"Little Rock Creek","ftype":460,"lengthKm":0.36,"hu8":"06010106","pid":"132648427"},"geometry":{"type":"MultiLineString","coordinates":[[[-83.22486,35.7356],[-83.22312,35.73623],[-83.22163,35.73736]]]}},{"type":"Feature","properties":{"kind":"minor-water","name":"McKee Branch","ftype":460,"lengthKm":1.11,"hu8":"06010106","pid":"132654063"},"geometry":{"type":"MultiLineString","coordinates":[[[-83.09202,35.58571],[-83.0923,35.58659],[-83.09389,35.58826],[-83.09753,35.5907],[-83.09766,35.59138],[-83.09867,35.59224],[-83.09871,35.59345]]]}},{"type":"Feature","properties":{"kind":"minor-water","name":"Fletcher Spring Branch","ftype":460,"lengthKm":0.07,"hu8":"06010106","pid":"132647258"},"geometry":{"type":"MultiLineString","coordinates":[[[-83.21629,35.77678],[-83.21693,35.77712]]]}},{"type":"Feature","properties":{"kind":"minor-water","name":"Runyon Creek","ftype":460,"lengthKm":0.41,"hu8":"06010106","pid":"132647508"},"geometry":{"type":"MultiLineString","coordinates":[[[-83.06657,35.75698],[-83.06731,35.75653],[-83.06811,35.7544],[-83.06872,35.75389]]]}},{"type":"Feature","properties":{"kind":"minor-water","name":"Bettis Branch","ftype":460,"lengthKm":0.81,"hu8":"06010106","pid":"132648162"},"geometry":{"type":"MultiLineString","coordinates":[[[-83.12266,35.73271],[-83.12326,35.73449],[-83.12436,35.73626],[-83.12463,35.73783],[-83.12659,35.73889]]]}},{"type":"Feature","properties":{"kind":"minor-water","name":"Barnes Branch","ftype":460,"lengthKm":1.36,"hu8":"06010106","pid":"132648154"},"geometry":{"type":"MultiLineString","coordinates":[[[-83.16366,35.75154],[-83.1636,35.75095],[-83.162,35.74946],[-83.16165,35.74872],[-83.16048,35.74812],[-83.15962,35.74725],[-83.15906,35.7463],[-83.159,35.74516],[-83.15767,35.74323],[-83.15761,35.7425],[-83.1568,35.74113]]]}},{"type":"Feature","properties":{"kind":"minor-water","name":"Cherry Creek","ftype":460,"lengthKm":0.09,"hu8":"06010106","pid":"132646077"},"geometry":{"type":"MultiLineString","coordinates":[[[-82.97002,35.78007],[-82.97057,35.77939]]]}},{"type":"Feature","properties":{"kind":"minor-water","name":"Tinker Branch","ftype":460,"lengthKm":0.35,"hu8":"06010106","pid":"132646317"},"geometry":{"type":"MultiLineString","coordinates":[[[-83.1329,35.7907],[-83.12945,35.79204]]]}},{"type":"Feature","properties":{"kind":"minor-water","name":"Whitesprings Branch","ftype":460,"lengthKm":1.04,"hu8":"06010106","pid":"132645195"},"geometry":{"type":"MultiLineString","coordinates":[[[-83.13524,35.88523],[-83.13493,35.88632],[-83.13543,35.88723],[-83.13658,35.88846],[-83.13767,35.88909],[-83.13808,35.88981],[-83.13976,35.89081],[-83.14084,35.89272]]]}},{"type":"Feature","properties":{"kind":"minor-water","name":"Bogard Creek","ftype":558,"lengthKm":0.95,"hu8":"06010106","pid":"132645370"},"geometry":{"type":"MultiLineString","coordinates":[[[-83.23726,35.86996],[-83.23611,35.86872],[-83.23437,35.86783],[-83.23293,35.86843],[-83.22964,35.86903],[-83.22846,35.86988]]]}},{"type":"Feature","properties":{"kind":"minor-water","name":"Mount Sterling Creek","ftype":460,"lengthKm":0.36,"hu8":"06010106","pid":"132658014"},"geometry":{"type":"MultiLineString","coordinates":[[[-83.07301,35.73084],[-83.07255,35.73163],[-83.07278,35.73261],[-83.07239,35.73326],[-83.07251,35.73392]]]}},{"type":"Feature","properties":{"kind":"minor-water","name":"Jonathans Creek","ftype":558,"lengthKm":0.4,"hu8":"06010106","pid":"132655243"},"geometry":{"type":"MultiLineString","coordinates":[[[-83.05048,35.519],[-83.04635,35.52033]]]}},{"type":"Feature","properties":{"kind":"minor-water","name":"Correll Branch","ftype":460,"lengthKm":1.35,"hu8":"06010106","pid":"132652296"},"geometry":{"type":"MultiLineString","coordinates":[[[-83.10665,35.69619],[-83.10412,35.69445],[-83.10127,35.69409],[-83.09982,35.69348],[-83.09842,35.69197],[-83.09795,35.6907],[-83.09739,35.69035],[-83.095,35.68997]]]}},{"type":"Feature","properties":{"kind":"minor-water","name":"Winding Stair Branch","ftype":460,"lengthKm":0.1,"hu8":"06010106","pid":"132653099"},"geometry":{"type":"MultiLineString","coordinates":[[[-83.05516,35.63558],[-83.05626,35.63531]]]}},{"type":"Feature","properties":{"kind":"minor-water","name":"Hurricane Creek","ftype":460,"lengthKm":0.12,"hu8":"06010106","pid":"132648158"},"geometry":{"type":"MultiLineString","coordinates":[[[-82.99705,35.72168],[-82.99838,35.72167]]]}},{"type":"Feature","properties":{"kind":"minor-water","name":"Morell Springs Branch","ftype":558,"lengthKm":0.01,"hu8":"06010106","pid":"132644943"},"geometry":{"type":"MultiLineString","coordinates":[[[-83.17926,35.95364],[-83.17918,35.95366]]]}},{"type":"Feature","properties":{"kind":"minor-water","name":"Garrett Creek","ftype":460,"lengthKm":0.96,"hu8":"06010106","pid":"132654586"},"geometry":{"type":"MultiLineString","coordinates":[[[-83.02005,35.55812],[-83.01999,35.5591],[-83.02101,35.55894],[-83.02192,35.56126],[-83.02208,35.56444],[-83.02262,35.56555]]]}},{"type":"Feature","properties":{"kind":"minor-water","name":"Hoglen Branch","ftype":460,"lengthKm":1.55,"hu8":"06010106","pid":"132653004"},"geometry":{"type":"MultiLineString","coordinates":[[[-83.05243,35.64638],[-83.05252,35.64567],[-83.05331,35.64497],[-83.05352,35.64428],[-83.05586,35.6425],[-83.05603,35.6415],[-83.05691,35.64136],[-83.05734,35.6409],[-83.05858,35.64136],[-83.05909,35.64201],[-83.06096,35.64271],[-83.06201,35.64271],[-83.06358,35.64217],[-83.06464,35.64224]]]}},{"type":"Feature","properties":{"kind":"minor-water","name":"West Fork Campbell Creek","ftype":460,"lengthKm":0.62,"hu8":"06010106","pid":"132656034"},"geometry":{"type":"MultiLineString","coordinates":[[[-83.12387,35.48733],[-83.12228,35.48793],[-83.12143,35.48909],[-83.12058,35.48959],[-83.12034,35.49022],[-83.11908,35.49105]]]}},{"type":"Feature","properties":{"kind":"minor-water","name":"Hurricane Creek","ftype":460,"lengthKm":0.05,"hu8":"06010106","pid":"132647901"},"geometry":{"type":"MultiLineString","coordinates":[[[-82.97624,35.73084],[-82.97656,35.7305]]]}},{"type":"Feature","properties":{"kind":"minor-water","name":"Cove Creek","ftype":460,"lengthKm":0.43,"hu8":"06010106","pid":"132652163"},"geometry":{"type":"MultiLineString","coordinates":[[[-82.92006,35.67655],[-82.92108,35.67688],[-82.92178,35.67666],[-82.92227,35.67735],[-82.9242,35.67735]]]}},{"type":"Feature","properties":{"kind":"minor-water","name":"Rocky Branch","ftype":460,"lengthKm":0.86,"hu8":"06010106","pid":"132657149"},"geometry":{"type":"MultiLineString","coordinates":[[[-83.02171,35.42625],[-83.02073,35.42678],[-83.01691,35.42704],[-83.01254,35.42802]]]}},{"type":"Feature","properties":{"kind":"minor-water","name":"Allen Creek","ftype":460,"lengthKm":0.45,"hu8":"06010106","pid":"132657316"},"geometry":{"type":"MultiLineString","coordinates":[[[-83.00143,35.41601],[-83.00619,35.41703]]]}},{"type":"Feature","properties":{"kind":"minor-water","name":"Groundhog Creek","ftype":460,"lengthKm":0.46,"hu8":"06010106","pid":"132646312"},"geometry":{"type":"MultiLineString","coordinates":[[[-83.0223,35.78071],[-83.02347,35.77959],[-83.02523,35.7796],[-83.02663,35.7791]]]}},{"type":"Feature","properties":{"kind":"minor-water","name":"Old Bald Creek","ftype":460,"lengthKm":0.19,"hu8":"06010106","pid":"132657564"},"geometry":{"type":"MultiLineString","coordinates":[[[-83.02504,35.40357],[-83.02375,35.40486]]]}},{"type":"Feature","properties":{"kind":"minor-water","name":"East Fork Pigeon River","ftype":558,"lengthKm":0.09,"hu8":"06010106","pid":"132656144"},"geometry":{"type":"MultiLineString","coordinates":[[[-82.82288,35.45022],[-82.82384,35.44991]]]}},{"type":"Feature","properties":{"kind":"minor-water","name":"Toms Branch","ftype":460,"lengthKm":0.46,"hu8":"06010106","pid":"132649044"},"geometry":{"type":"MultiLineString","coordinates":[[[-82.99411,35.71055],[-82.9945,35.71232],[-82.99597,35.71434]]]}},{"type":"Feature","properties":{"kind":"minor-water","name":"Chestnut Branch","ftype":460,"lengthKm":0.36,"hu8":"06010106","pid":"132647570"},"geometry":{"type":"MultiLineString","coordinates":[[[-83.1314,35.75881],[-83.12911,35.7591],[-83.12745,35.75891]]]}},{"type":"Feature","properties":{"kind":"minor-water","name":"North Fork Bogard Creek","ftype":460,"lengthKm":0.91,"hu8":"06010106","pid":"132645254"},"geometry":{"type":"MultiLineString","coordinates":[[[-83.30643,35.89835],[-83.30969,35.89346],[-83.30988,35.89206],[-83.30937,35.89093]]]}},{"type":"Feature","properties":{"kind":"minor-water","name":"West Fork Pigeon River","ftype":558,"lengthKm":0.56,"hu8":"06010106","pid":"132656252"},"geometry":{"type":"MultiLineString","coordinates":[[[-82.90012,35.45519],[-82.89942,35.45578],[-82.89943,35.45627],[-82.90277,35.45608],[-82.9039,35.45636]]]}},{"type":"Feature","properties":{"kind":"minor-water","name":"Indian Camp Creek","ftype":460,"lengthKm":0.92,"hu8":"06010106","pid":"132647994"},"geometry":{"type":"MultiLineString","coordinates":[[[-83.27681,35.75905],[-83.27675,35.76037],[-83.27616,35.76076],[-83.27575,35.76249],[-83.273,35.76645]]]}},{"type":"Feature","properties":{"kind":"minor-water","name":"Middle Creek","ftype":460,"lengthKm":0.71,"hu8":"06010106","pid":"132645638"},"geometry":{"type":"MultiLineString","coordinates":[[[-83.2708,35.84348],[-83.27025,35.84396],[-83.26802,35.84355],[-83.26608,35.84359],[-83.26423,35.84427],[-83.26367,35.84474]]]}},{"type":"Feature","properties":{"kind":"minor-water","name":"Gunter Fork","ftype":460,"lengthKm":0.53,"hu8":"06010106","pid":"132652209"},"geometry":{"type":"MultiLineString","coordinates":[[[-83.18362,35.70342],[-83.18232,35.7041],[-83.18086,35.70396],[-83.1786,35.70538]]]}},{"type":"Feature","properties":{"kind":"minor-water","name":"Laurel Branch","ftype":460,"lengthKm":0.24,"hu8":"06010106","pid":"132652364"},"geometry":{"type":"MultiLineString","coordinates":[[[-83.04094,35.67942],[-83.03876,35.68063]]]}},{"type":"Feature","properties":{"kind":"minor-water","name":"Raccoon Creek","ftype":460,"lengthKm":0.16,"hu8":"06010106","pid":"132655720"},"geometry":{"type":"MultiLineString","coordinates":[[[-82.9648,35.47945],[-82.96479,35.48089]]]}},{"type":"Feature","properties":{"kind":"minor-water","name":"Middle Creek","ftype":460,"lengthKm":0.16,"hu8":"06010106","pid":"132645539"},"geometry":{"type":"MultiLineString","coordinates":[[[-83.28365,35.85676],[-83.28331,35.85537]]]}},{"type":"Feature","properties":{"kind":"minor-water","name":"Fines Creek","ftype":460,"lengthKm":0.46,"hu8":"06010106","pid":"132652143"},"geometry":{"type":"MultiLineString","coordinates":[[[-82.95102,35.6816],[-82.95263,35.68079],[-82.9557,35.68146]]]}},{"type":"Feature","properties":{"kind":"minor-water","name":"Polly Elbert Branch","ftype":460,"lengthKm":0.76,"hu8":"06010106","pid":"132645325"},"geometry":{"type":"MultiLineString","coordinates":[[[-83.16511,35.86493],[-83.17188,35.86719],[-83.17266,35.86782]]]}},{"type":"Feature","properties":{"kind":"minor-water","name":"Rogers Cove Creek","ftype":558,"lengthKm":0,"hu8":"06010106","pid":"132653695"},"geometry":{"type":"MultiLineString","coordinates":[[[-82.89373,35.58923],[-82.89377,35.58925]]]}},{"type":"Feature","properties":{"kind":"minor-water","name":"Pigeonroost Branch","ftype":460,"lengthKm":0.15,"hu8":"06010106","pid":"132645428"},"geometry":{"type":"MultiLineString","coordinates":[[[-83.16108,35.85403],[-83.16256,35.8534]]]}},{"type":"Feature","properties":{"kind":"minor-water","name":"Pigeonroost Branch","ftype":460,"lengthKm":0.25,"hu8":"06010106","pid":"132645420"},"geometry":{"type":"MultiLineString","coordinates":[[[-83.15857,35.85503],[-83.16108,35.85403]]]}},{"type":"Feature","properties":{"kind":"minor-water","name":"Messer Branch","ftype":460,"lengthKm":0.72,"hu8":"06010106","pid":"132645575"},"geometry":{"type":"MultiLineString","coordinates":[[[-83.12705,35.83927],[-83.12739,35.83871],[-83.12933,35.83773],[-83.12877,35.83673],[-83.12911,35.83572],[-83.13132,35.83512]]]}},{"type":"Feature","properties":{"kind":"minor-water","name":"Fines Creek","ftype":460,"lengthKm":0.43,"hu8":"06010106","pid":"132652330"},"geometry":{"type":"MultiLineString","coordinates":[[[-82.97999,35.67573],[-82.97939,35.67734],[-82.98167,35.67857]]]}},{"type":"Feature","properties":{"kind":"minor-water","name":"West Fork Pigeon River","ftype":558,"lengthKm":0.76,"hu8":"06010106","pid":"132656868"},"geometry":{"type":"MultiLineString","coordinates":[[[-82.9247,35.4304],[-82.92575,35.43038],[-82.92861,35.43243],[-82.92846,35.43315],[-82.92677,35.43483]]]}},{"type":"Feature","properties":{"kind":"minor-water","name":"Bennett Branch","ftype":460,"lengthKm":0.51,"hu8":"06010106","pid":"132645657"},"geometry":{"type":"MultiLineString","coordinates":[[[-83.12182,35.82942],[-83.12282,35.82853],[-83.1231,35.82638],[-83.12434,35.82576]]]}},{"type":"Feature","properties":{"kind":"minor-water","name":"Chute Branch","ftype":460,"lengthKm":0.48,"hu8":"06010106","pid":"132646094"},"geometry":{"type":"MultiLineString","coordinates":[[[-83.10633,35.7949],[-83.10777,35.79485],[-83.10903,35.79526],[-83.11122,35.79424]]]}},{"type":"Feature","properties":{"kind":"minor-water","name":"Long Branch","ftype":460,"lengthKm":0.72,"hu8":"06010106","pid":"132656132"},"geometry":{"type":"MultiLineString","coordinates":[[[-82.79875,35.4487],[-82.80321,35.44932],[-82.80638,35.44819]]]}},{"type":"Feature","properties":{"kind":"minor-water","name":"Campbell Creek","ftype":460,"lengthKm":0.52,"hu8":"06010106","pid":"132655397"},"geometry":{"type":"MultiLineString","coordinates":[[[-83.09853,35.51457],[-83.09733,35.51562],[-83.09717,35.51805],[-83.09639,35.51858]]]}},{"type":"Feature","properties":{"kind":"minor-water","name":"Gunter Fork","ftype":460,"lengthKm":0.8,"hu8":"06010106","pid":"132652372"},"geometry":{"type":"MultiLineString","coordinates":[[[-83.19531,35.69634],[-83.19408,35.69625],[-83.18768,35.69962]]]}},{"type":"Feature","properties":{"kind":"minor-water","name":"Rube Rock Branch","ftype":460,"lengthKm":0.42,"hu8":"06010106","pid":"132647109"},"geometry":{"type":"MultiLineString","coordinates":[[[-83.01424,35.75981],[-83.01622,35.7589],[-83.01857,35.75881]]]}},{"type":"Feature","properties":{"kind":"minor-water","name":"Rube Rock Branch","ftype":460,"lengthKm":0.33,"hu8":"06010106","pid":"132647063"},"geometry":{"type":"MultiLineString","coordinates":[[[-83.0071,35.76373],[-83.00933,35.76143]]]}},{"type":"Feature","properties":{"kind":"minor-water","name":"Panther Creek","ftype":460,"lengthKm":0.46,"hu8":"06010106","pid":"132652868"},"geometry":{"type":"MultiLineString","coordinates":[[[-82.98911,35.64502],[-82.99008,35.64395],[-82.99008,35.64245],[-82.99081,35.64133]]]}},{"type":"Feature","properties":{"kind":"minor-water","name":"Wesley Creek","ftype":460,"lengthKm":0.04,"hu8":"06010106","pid":"132648208"},"geometry":{"type":"MultiLineString","coordinates":[[[-82.94692,35.71157],[-82.94674,35.71125]]]}},{"type":"Feature","properties":{"kind":"minor-water","name":"Greenbrier Creek","ftype":460,"lengthKm":1.82,"hu8":"06010106","pid":"132647721"},"geometry":{"type":"MultiLineString","coordinates":[[[-83.25114,35.76656],[-83.25063,35.76771],[-83.24895,35.76885],[-83.24841,35.76959],[-83.24852,35.7701],[-83.24671,35.77189],[-83.24665,35.77289],[-83.24581,35.77347],[-83.24525,35.77465],[-83.24445,35.77523],[-83.24383,35.77521],[-83.24252,35.77671],[-83.24219,35.77998]]]}},{"type":"Feature","properties":{"kind":"minor-water","name":"Caldwell Fork","ftype":460,"lengthKm":0.14,"hu8":"06010106","pid":"132654118"},"geometry":{"type":"MultiLineString","coordinates":[[[-83.12144,35.58762],[-83.12006,35.58811]]]}},{"type":"Feature","properties":{"kind":"minor-water","name":"Stingy Branch","ftype":460,"lengthKm":0.59,"hu8":"06010106","pid":"132654128"},"geometry":{"type":"MultiLineString","coordinates":[[[-82.96143,35.56978],[-82.95788,35.57038],[-82.95712,35.5712],[-82.95673,35.5725]]]}},{"type":"Feature","properties":{"kind":"minor-water","name":"Martin Creek","ftype":460,"lengthKm":0.38,"hu8":"06010106","pid":"132649503"},"geometry":{"type":"MultiLineString","coordinates":[[[-82.96958,35.71116],[-82.97041,35.70785]]]}},{"type":"Feature","properties":{"kind":"minor-water","name":"Bogard Creek","ftype":460,"lengthKm":0.37,"hu8":"06010106","pid":"132645383"},"geometry":{"type":"MultiLineString","coordinates":[[[-83.25154,35.87],[-83.25037,35.86866],[-83.24937,35.8685],[-83.24877,35.8678]]]}},{"type":"Feature","properties":{"kind":"minor-water","name":"Fines Creek","ftype":460,"lengthKm":0.33,"hu8":"06010106","pid":"132647853"},"geometry":{"type":"MultiLineString","coordinates":[[[-82.9284,35.73048],[-82.92853,35.72924],[-82.92804,35.72801],[-82.92827,35.7276]]]}},{"type":"Feature","properties":{"kind":"minor-water","name":"Pigeon River","ftype":558,"lengthKm":0.17,"hu8":"06010106","pid":"132652120"},"geometry":{"type":"MultiLineString","coordinates":[[[-83.04503,35.6932],[-83.0469,35.69345]]]}},{"type":"Feature","properties":{"kind":"minor-water","name":"Pigeon River","ftype":558,"lengthKm":0.16,"hu8":"06010106","pid":"132658505"},"geometry":{"type":"MultiLineString","coordinates":[[[-82.98907,35.63591],[-82.98891,35.63731]]]}},{"type":"Feature","properties":{"kind":"minor-water","name":"Pigeon River","ftype":558,"lengthKm":0.13,"hu8":"06010106","pid":"132658517"},"geometry":{"type":"MultiLineString","coordinates":[[[-82.86601,35.54651],[-82.86739,35.54634]]]}},{"type":"Feature","properties":{"kind":"minor-water","name":"Skiffley Creek","ftype":460,"lengthKm":0.73,"hu8":"06010106","pid":"132646817"},"geometry":{"type":"MultiLineString","coordinates":[[[-83.04811,35.77273],[-83.04753,35.7704],[-83.04358,35.76772]]]}},{"type":"Feature","properties":{"kind":"minor-water","name":"Tobes Creek","ftype":460,"lengthKm":0.29,"hu8":"06010106","pid":"132646802"},"geometry":{"type":"MultiLineString","coordinates":[[[-83.1259,35.77947],[-83.1238,35.77941],[-83.12277,35.77898]]]}},{"type":"Feature","properties":{"kind":"minor-water","name":"Cripple Creek","ftype":460,"lengthKm":0.32,"hu8":"06010106","pid":"132645517"},"geometry":{"type":"MultiLineString","coordinates":[[[-83.11285,35.83946],[-83.11434,35.83861],[-83.11601,35.8391]]]}},{"type":"Feature","properties":{"kind":"minor-water","name":"Cove Field Branch","ftype":460,"lengthKm":0.11,"hu8":"06010106","pid":"132656904"},"geometry":{"type":"MultiLineString","coordinates":[[[-83.01027,35.43811],[-83.00963,35.438],[-83.00936,35.43836]]]}},{"type":"Feature","properties":{"kind":"minor-water","name":"Beaverdam Creek","ftype":460,"lengthKm":0.42,"hu8":"06010106","pid":"132654029"},"geometry":{"type":"MultiLineString","coordinates":[[[-82.82907,35.56689],[-82.82801,35.56586],[-82.82815,35.5642],[-82.82862,35.56355]]]}},{"type":"Feature","properties":{"kind":"minor-water","name":"Rocky Branch","ftype":460,"lengthKm":0.4,"hu8":"06010106","pid":"132657268"},"geometry":{"type":"MultiLineString","coordinates":[[[-83.04141,35.42284],[-83.03867,35.42272],[-83.03716,35.42219]]]}},{"type":"Feature","properties":{"kind":"minor-water","name":"Wesley Creek","ftype":460,"lengthKm":0.21,"hu8":"06010106","pid":"132648936"},"geometry":{"type":"MultiLineString","coordinates":[[[-82.94712,35.70693],[-82.94723,35.70506]]]}},{"type":"Feature","properties":{"kind":"minor-water","name":"Little East Fork Pigeon River","ftype":460,"lengthKm":0.67,"hu8":"06010106","pid":"132657771"},"geometry":{"type":"MultiLineString","coordinates":[[[-82.89352,35.37095],[-82.89157,35.37399],[-82.89134,35.37558],[-82.89172,35.37655]]]}},{"type":"Feature","properties":{"kind":"minor-water","name":"Pigeon River","ftype":558,"lengthKm":0.25,"hu8":"06010106","pid":"132652693"},"geometry":{"type":"MultiLineString","coordinates":[[[-82.99223,35.6557],[-82.99106,35.65632],[-82.99036,35.65727]]]}},{"type":"Feature","properties":{"kind":"minor-water","name":"East Fork Campbell Creek","ftype":460,"lengthKm":0.73,"hu8":"06010106","pid":"132656502"},"geometry":{"type":"MultiLineString","coordinates":[[[-83.11768,35.4689],[-83.11516,35.47235],[-83.11392,35.47467]]]}},{"type":"Feature","properties":{"kind":"minor-water","name":"Henderson Branch","ftype":460,"lengthKm":0.17,"hu8":"06010106","pid":"132656486"},"geometry":{"type":"MultiLineString","coordinates":[[[-82.84582,35.43922],[-82.84403,35.43981]]]}},{"type":"Feature","properties":{"kind":"minor-water","name":"Crabtree Creek","ftype":460,"lengthKm":0.38,"hu8":"06010106","pid":"132653627"},"geometry":{"type":"MultiLineString","coordinates":[[[-82.93043,35.59912],[-82.93137,35.59875],[-82.93219,35.59885],[-82.93258,35.59837],[-82.93413,35.59799]]]}},{"type":"Feature","properties":{"kind":"minor-water","name":"Fines Creek","ftype":460,"lengthKm":0.14,"hu8":"06010106","pid":"132652220"},"geometry":{"type":"MultiLineString","coordinates":[[[-82.95836,35.67929],[-82.95969,35.67869]]]}},{"type":"Feature","properties":{"kind":"minor-water","name":"Rube Rock Branch","ftype":460,"lengthKm":0.18,"hu8":"06010106","pid":"132647137"},"geometry":{"type":"MultiLineString","coordinates":[[[-83.02262,35.75919],[-83.02431,35.75841]]]}},{"type":"Feature","properties":{"kind":"minor-water","name":"McKinney Branch","ftype":460,"lengthKm":0.92,"hu8":"06010106","pid":"132647602"},"geometry":{"type":"MultiLineString","coordinates":[[[-83.25954,35.77838],[-83.25926,35.77912],[-83.25775,35.77974],[-83.25733,35.78124],[-83.25674,35.78178],[-83.2565,35.78316],[-83.25711,35.78426],[-83.25699,35.78548]]]}},{"type":"Feature","properties":{"kind":"minor-water","name":"Cooks Creek","ftype":460,"lengthKm":1.13,"hu8":"06010106","pid":"132652751"},"geometry":{"type":"MultiLineString","coordinates":[[[-83.16153,35.67382],[-83.15956,35.67431],[-83.15807,35.67401],[-83.15688,35.67277],[-83.15619,35.66959],[-83.15607,35.66716]]]}},{"type":"Feature","properties":{"kind":"minor-water","name":"Barnes Branch","ftype":460,"lengthKm":0.1,"hu8":"06010106","pid":"132646401"},"geometry":{"type":"MultiLineString","coordinates":[[[-83.14903,35.79118],[-83.1479,35.79102]]]}},{"type":"Feature","properties":{"kind":"minor-water","name":"Cove Creek","ftype":460,"lengthKm":0.3,"hu8":"06010106","pid":"132652151"},"geometry":{"type":"MultiLineString","coordinates":[[[-82.91531,35.6771],[-82.9167,35.67725],[-82.91855,35.67671]]]}},{"type":"Feature","properties":{"kind":"minor-water","name":"Sally Haynes Branch","ftype":460,"lengthKm":0.45,"hu8":"06010106","pid":"132654809"},"geometry":{"type":"MultiLineString","coordinates":[[[-82.88293,35.52821],[-82.88169,35.53092],[-82.88162,35.53203]]]}},{"type":"Feature","properties":{"kind":"minor-water","name":"Ephraim Branch","ftype":460,"lengthKm":0.19,"hu8":"06010106","pid":"132646651"},"geometry":{"type":"MultiLineString","coordinates":[[[-83.02003,35.77828],[-83.02066,35.77772],[-83.0208,35.77676]]]}},{"type":"Feature","properties":{"kind":"minor-water","name":"Raccoon Creek","ftype":460,"lengthKm":0.49,"hu8":"06010106","pid":"132655365"},"geometry":{"type":"MultiLineString","coordinates":[[[-82.96416,35.50119],[-82.96279,35.50303],[-82.96324,35.50529]]]}},{"type":"Feature","properties":{"kind":"minor-water","name":"Cherry Creek","ftype":460,"lengthKm":0.06,"hu8":"06010106","pid":"132646269"},"geometry":{"type":"MultiLineString","coordinates":[[[-82.97166,35.77445],[-82.97154,35.77395]]]}},{"type":"Feature","properties":{"kind":"minor-water","name":"Jonathans Creek","ftype":558,"lengthKm":0.36,"hu8":"06010106","pid":"132654670"},"geometry":{"type":"MultiLineString","coordinates":[[[-83.02108,35.54966],[-83.02111,35.55128],[-83.02151,35.55242],[-83.02193,35.55273]]]}},{"type":"Feature","properties":{"kind":"minor-water","name":"Long Branch","ftype":460,"lengthKm":1.1,"hu8":"06010106","pid":"132656084"},"geometry":{"type":"MultiLineString","coordinates":[[[-82.79363,35.457],[-82.79364,35.45619],[-82.79498,35.45497],[-82.79495,35.45375],[-82.79555,35.45159],[-82.79686,35.44973],[-82.79875,35.4487]]]}},{"type":"Feature","properties":{"kind":"minor-water","name":"Queen Creek","ftype":460,"lengthKm":0.19,"hu8":"06010106","pid":"132657697"},"geometry":{"type":"MultiLineString","coordinates":[[[-82.96216,35.38457],[-82.96009,35.38448]]]}},{"type":"Feature","properties":{"kind":"minor-water","name":"Big Creek","ftype":558,"lengthKm":0.49,"hu8":"06010106","pid":"132648117"},"geometry":{"type":"MultiLineString","coordinates":[[[-83.14482,35.73702],[-83.14415,35.73731],[-83.14146,35.73719],[-83.13954,35.73754]]]}},{"type":"Feature","properties":{"kind":"minor-water","name":"Sinking Creek","ftype":460,"lengthKm":0.77,"hu8":"06010106","pid":"132652398"},"geometry":{"type":"MultiLineString","coordinates":[[[-83.22428,35.69683],[-83.22349,35.69716],[-83.22212,35.69853],[-83.22073,35.70035],[-83.22017,35.70194],[-83.21954,35.70237]]]}},{"type":"Feature","properties":{"kind":"minor-water","name":"Caldwell Fork","ftype":460,"lengthKm":0.04,"hu8":"06010106","pid":"132653844"},"geometry":{"type":"MultiLineString","coordinates":[[[-83.10194,35.6037],[-83.10225,35.60401]]]}},{"type":"Feature","properties":{"kind":"minor-water","name":"Long Branch","ftype":460,"lengthKm":0.06,"hu8":"06010106","pid":"132654090"},"geometry":{"type":"MultiLineString","coordinates":[[[-82.928,35.56963],[-82.92864,35.56974]]]}},{"type":"Feature","properties":{"kind":"minor-water","name":"Pigeon River","ftype":558,"lengthKm":0.52,"hu8":"06010106","pid":"132652529"},"geometry":{"type":"MultiLineString","coordinates":[[[-82.99513,35.66642],[-82.99631,35.6681],[-82.99872,35.67008]]]}},{"type":"Feature","properties":{"kind":"minor-water","name":"Raccoon Creek","ftype":460,"lengthKm":0.49,"hu8":"06010106","pid":"132655608"},"geometry":{"type":"MultiLineString","coordinates":[[[-82.96563,35.4873],[-82.96599,35.48784],[-82.96609,35.48919],[-82.96521,35.49015],[-82.96491,35.49141]]]}},{"type":"Feature","properties":{"kind":"minor-water","name":"Pigeon River","ftype":558,"lengthKm":0.54,"hu8":"06010106","pid":"132654748"},"geometry":{"type":"MultiLineString","coordinates":[[[-82.92104,35.53508],[-82.92482,35.53884]]]}},{"type":"Feature","properties":{"kind":"minor-water","name":"Hurricane Gap Branch","ftype":460,"lengthKm":0.83,"hu8":"06010106","pid":"132647648"},"geometry":{"type":"MultiLineString","coordinates":[[[-82.97169,35.74222],[-82.97338,35.7404],[-82.97438,35.73995],[-82.97664,35.74079],[-82.97939,35.74093]]]}},{"type":"Feature","properties":{"kind":"minor-water","name":"Tobes Creek","ftype":460,"lengthKm":0.26,"hu8":"06010106","pid":"132646573"},"geometry":{"type":"MultiLineString","coordinates":[[[-83.11488,35.78311],[-83.11377,35.78426],[-83.11271,35.78456]]]}},{"type":"Feature","properties":{"kind":"minor-water","name":"Bailey Branch","ftype":460,"lengthKm":0.32,"hu8":"06010106","pid":"132645468"},"geometry":{"type":"MultiLineString","coordinates":[[[-83.27383,35.86029],[-83.27039,35.85978]]]}},{"type":"Feature","properties":{"kind":"minor-water","name":"Jonathans Creek","ftype":558,"lengthKm":0.32,"hu8":"06010106","pid":"132655026"},"geometry":{"type":"MultiLineString","coordinates":[[[-83.02915,35.53261],[-83.02867,35.53548]]]}},{"type":"Feature","properties":{"kind":"minor-water","name":"Thickety Creek","ftype":460,"lengthKm":0.17,"hu8":"06010106","pid":"132653973"},"geometry":{"type":"MultiLineString","coordinates":[[[-82.86776,35.57202],[-82.86754,35.57113],[-82.86789,35.57054]]]}},{"type":"Feature","properties":{"kind":"minor-water","name":"West Fork Pigeon River","ftype":558,"lengthKm":0.05,"hu8":"06010106","pid":"132657177"},"geometry":{"type":"MultiLineString","coordinates":[[[-82.92938,35.41506],[-82.92907,35.4154]]]}},{"type":"Feature","properties":{"kind":"minor-water","name":"Cold Springs Creek","ftype":460,"lengthKm":0.17,"hu8":"06010106","pid":"132647317"},"geometry":{"type":"MultiLineString","coordinates":[[[-83.00055,35.75316],[-83.00176,35.75199]]]}},{"type":"Feature","properties":{"kind":"minor-water","name":"Big Creek","ftype":460,"lengthKm":0.41,"hu8":"06010106","pid":"132652222"},"geometry":{"type":"MultiLineString","coordinates":[[[-83.23252,35.70868],[-83.23064,35.71015],[-83.22874,35.71031]]]}},{"type":"Feature","properties":{"kind":"minor-water","name":"Richland Creek","ftype":558,"lengthKm":0.02,"hu8":"06010106","pid":"132657030"},"geometry":{"type":"MultiLineString","coordinates":[[[-83.07332,35.44128],[-83.07333,35.44143]]]}},{"type":"Feature","properties":{"kind":"minor-water","name":"Pigeon River","ftype":558,"lengthKm":0.2,"hu8":"06010106","pid":"132652507"},"geometry":{"type":"MultiLineString","coordinates":[[[-83.00717,35.67006],[-83.00932,35.66971]]]}},{"type":"Feature","properties":{"kind":"minor-water","name":"Palmer Creek","ftype":460,"lengthKm":0.8,"hu8":"06010106","pid":"132653361"},"geometry":{"type":"MultiLineString","coordinates":[[[-83.15194,35.63484],[-83.15116,35.63462],[-83.15054,35.63503],[-83.14941,35.63518],[-83.14849,35.63489],[-83.14654,35.63584],[-83.14379,35.63555]]]}},{"type":"Feature","properties":{"kind":"minor-water","name":"Right Fork Cove Creek","ftype":460,"lengthKm":0.21,"hu8":"06010106","pid":"132653556"},"geometry":{"type":"MultiLineString","coordinates":[[[-83.03228,35.61481],[-83.03005,35.61423]]]}},{"type":"Feature","properties":{"kind":"minor-water","name":"Polly Elbert Branch","ftype":460,"lengthKm":0.46,"hu8":"06010106","pid":"132645360"},"geometry":{"type":"MultiLineString","coordinates":[[[-83.16255,35.86166],[-83.1645,35.86272],[-83.16511,35.86493]]]}},{"type":"Feature","properties":{"kind":"minor-water","name":"Fines Creek","ftype":460,"lengthKm":0.37,"hu8":"06010106","pid":"132649968"},"geometry":{"type":"MultiLineString","coordinates":[[[-82.94177,35.68774],[-82.94561,35.68665]]]}},{"type":"Feature","properties":{"kind":"minor-water","name":"Cove Creek","ftype":460,"lengthKm":0.21,"hu8":"06010106","pid":"132653983"},"geometry":{"type":"MultiLineString","coordinates":[[[-83.05756,35.60398],[-83.05634,35.60479],[-83.05558,35.60492]]]}},{"type":"Feature","properties":{"kind":"minor-water","name":"Rough Fork","ftype":460,"lengthKm":0.77,"hu8":"06010106","pid":"132653912"},"geometry":{"type":"MultiLineString","coordinates":[[[-83.12928,35.60494],[-83.12897,35.6053],[-83.12881,35.60731],[-83.12976,35.61043],[-83.12859,35.61128]]]}},{"type":"Feature","properties":{"kind":"minor-water","name":"Hemphill Creek","ftype":460,"lengthKm":0.49,"hu8":"06010106","pid":"132654384"},"geometry":{"type":"MultiLineString","coordinates":[[[-83.0306,35.56266],[-83.02913,35.5636],[-83.02832,35.56364],[-83.02625,35.56506]]]}},{"type":"Feature","properties":{"kind":"minor-water","name":"Garden Creek","ftype":460,"lengthKm":0.13,"hu8":"06010106","pid":"132655430"},"geometry":{"type":"MultiLineString","coordinates":[[[-82.84341,35.48498],[-82.84463,35.48566]]]}},{"type":"Feature","properties":{"kind":"minor-water","name":"Stingy Branch","ftype":460,"lengthKm":1.33,"hu8":"06010106","pid":"132654378"},"geometry":{"type":"MultiLineString","coordinates":[[[-82.98935,35.55867],[-82.98838,35.56039],[-82.98714,35.56152],[-82.9848,35.56241],[-82.9835,35.56242],[-82.98097,35.56374],[-82.97953,35.56378],[-82.97872,35.56438],[-82.97761,35.56416]]]}},{"type":"Feature","properties":{"kind":"minor-water","name":"Mossy Branch","ftype":460,"lengthKm":0.3,"hu8":"06010106","pid":"132653376"},"geometry":{"type":"MultiLineString","coordinates":[[[-83.10121,35.62912],[-83.0996,35.62878],[-83.09869,35.62807],[-83.09832,35.62825]]]}},{"type":"Feature","properties":{"kind":"minor-water","name":"Little Bald Branch","ftype":460,"lengthKm":0.35,"hu8":"06010106","pid":"132654490"},"geometry":{"type":"MultiLineString","coordinates":[[[-83.12743,35.56647],[-83.12796,35.56892],[-83.1275,35.56946]]]}},{"type":"Feature","properties":{"kind":"minor-water","name":"Indian Camp Creek","ftype":460,"lengthKm":0.29,"hu8":"06010106","pid":"132649459"},"geometry":{"type":"MultiLineString","coordinates":[[[-83.27261,35.73266],[-83.27298,35.73286],[-83.2726,35.73368],[-83.27308,35.73428],[-83.27287,35.73489]]]}},{"type":"Feature","properties":{"kind":"minor-water","name":"Shoestring Branch","ftype":460,"lengthKm":0.4,"hu8":"06010106","pid":"132646246"},"geometry":{"type":"MultiLineString","coordinates":[[[-83.16599,35.79607],[-83.16688,35.79583],[-83.1677,35.79607],[-83.16904,35.79787]]]}},{"type":"Feature","properties":{"kind":"minor-water","name":"Green Creek","ftype":558,"lengthKm":0.01,"hu8":"06010106","pid":"132657889"},"geometry":{"type":"MultiLineString","coordinates":[[[-82.91276,35.35327],[-82.91267,35.35333]]]}},{"type":"Feature","properties":{"kind":"minor-water","name":"Slide Branch","ftype":460,"lengthKm":0.46,"hu8":"06010106","pid":"132652292"},"geometry":{"type":"MultiLineString","coordinates":[[[-83.23244,35.70459],[-83.23212,35.70694],[-83.23252,35.70868]]]}},{"type":"Feature","properties":{"kind":"minor-water","name":"McKee Branch","ftype":460,"lengthKm":0.87,"hu8":"06010106","pid":"132654038"},"geometry":{"type":"MultiLineString","coordinates":[[[-83.09871,35.59345],[-83.09871,35.59461],[-83.09989,35.59647],[-83.10051,35.59695],[-83.10172,35.59715],[-83.10318,35.5989],[-83.10325,35.59961]]]}},{"type":"Feature","properties":{"kind":"minor-water","name":"Cataloochee Creek","ftype":558,"lengthKm":0.63,"hu8":"06010106","pid":"132653176"},"geometry":{"type":"MultiLineString","coordinates":[[[-83.08331,35.63399],[-83.08364,35.6351],[-83.08342,35.63735],[-83.0825,35.63904],[-83.08198,35.63923]]]}},{"type":"Feature","properties":{"kind":"minor-water","name":"Richland Creek","ftype":558,"lengthKm":0.04,"hu8":"06010106","pid":"132655769"},"geometry":{"type":"MultiLineString","coordinates":[[[-83.00743,35.48179],[-83.00722,35.48208]]]}},{"type":"Feature","properties":{"kind":"minor-water","name":"Hemphill Creek","ftype":460,"lengthKm":0.44,"hu8":"06010106","pid":"132654484"},"geometry":{"type":"MultiLineString","coordinates":[[[-83.08663,35.56535],[-83.08575,35.56521],[-83.08415,35.56557],[-83.08316,35.56613],[-83.08211,35.56612]]]}},{"type":"Feature","properties":{"kind":"minor-water","name":"English Creek","ftype":460,"lengthKm":0.17,"hu8":"06010106","pid":"132645083"},"geometry":{"type":"MultiLineString","coordinates":[[[-83.19887,35.91489],[-83.19812,35.91469],[-83.19726,35.91529]]]}},{"type":"Feature","properties":{"kind":"minor-water","name":"Pigeon River","ftype":558,"lengthKm":0.08,"hu8":"06010106","pid":"132654496"},"geometry":{"type":"MultiLineString","coordinates":[[[-82.8805,35.54222],[-82.88141,35.54221]]]}},{"type":"Feature","properties":{"kind":"minor-water","name":"Chavis Creek","ftype":460,"lengthKm":0.68,"hu8":"06010106","pid":"132646251"},"geometry":{"type":"MultiLineString","coordinates":[[[-83.26969,35.80737],[-83.26899,35.80744],[-83.26834,35.80672],[-83.26775,35.80657],[-83.26701,35.8072],[-83.26553,35.80696],[-83.26458,35.80736],[-83.26424,35.80715],[-83.26346,35.80776]]]}},{"type":"Feature","properties":{"kind":"minor-water","name":"Chestnut Branch","ftype":460,"lengthKm":0.83,"hu8":"06010106","pid":"132647626"},"geometry":{"type":"MultiLineString","coordinates":[[[-83.1499,35.76019],[-83.14829,35.76007],[-83.14601,35.75872],[-83.1412,35.75861]]]}},{"type":"Feature","properties":{"kind":"minor-water","name":"Caney Creek","ftype":460,"lengthKm":0.42,"hu8":"06010106","pid":"132646421"},"geometry":{"type":"MultiLineString","coordinates":[[[-83.21428,35.79772],[-83.21546,35.79841],[-83.21687,35.7987],[-83.21757,35.79857],[-83.2184,35.799]]]}},{"type":"Feature","properties":{"kind":"minor-water","name":"Beaverdam Creek","ftype":460,"lengthKm":0.24,"hu8":"06010106","pid":"132653423"},"geometry":{"type":"MultiLineString","coordinates":[[[-82.83079,35.5995],[-82.83111,35.59735]]]}},{"type":"Feature","properties":{"kind":"minor-water","name":"South Fork Bogard Creek","ftype":460,"lengthKm":0.2,"hu8":"06010106","pid":"132645356"},"geometry":{"type":"MultiLineString","coordinates":[[[-83.29094,35.87592],[-83.28882,35.87529]]]}},{"type":"Feature","properties":{"kind":"minor-water","name":"Laurel Creek","ftype":460,"lengthKm":0.51,"hu8":"06010106","pid":"132648044"},"geometry":{"type":"MultiLineString","coordinates":[[[-83.08265,35.73705],[-83.08379,35.73797],[-83.0841,35.73927],[-83.08482,35.73973],[-83.08519,35.7409]]]}},{"type":"Feature","properties":{"kind":"minor-water","name":"Chute Branch","ftype":460,"lengthKm":0.58,"hu8":"06010106","pid":"132646004"},"geometry":{"type":"MultiLineString","coordinates":[[[-83.10007,35.80014],[-83.10034,35.79981],[-83.10015,35.79908],[-83.10125,35.79762],[-83.10228,35.79666],[-83.10288,35.7965],[-83.10319,35.79596]]]}},{"type":"Feature","properties":{"kind":"minor-water","name":"Cold Springs Creek","ftype":460,"lengthKm":0.37,"hu8":"06010106","pid":"132647638"},"geometry":{"type":"MultiLineString","coordinates":[[[-83.00739,35.74583],[-83.0084,35.74427],[-83.01024,35.74376]]]}},{"type":"Feature","properties":{"kind":"minor-water","name":"Tinker Branch","ftype":460,"lengthKm":0.35,"hu8":"06010106","pid":"132646489"},"geometry":{"type":"MultiLineString","coordinates":[[[-83.13643,35.78748],[-83.1358,35.78852],[-83.13373,35.78963]]]}},{"type":"Feature","properties":{"kind":"minor-water","name":"Bogard Creek","ftype":558,"lengthKm":0.82,"hu8":"06010106","pid":"132645387"},"geometry":{"type":"MultiLineString","coordinates":[[[-83.24237,35.86732],[-83.24335,35.86821],[-83.24333,35.86943],[-83.24241,35.86949],[-83.24103,35.86895],[-83.23759,35.86993]]]}},{"type":"Feature","properties":{"kind":"minor-water","name":"Fines Creek","ftype":460,"lengthKm":0.3,"hu8":"06010106","pid":"132647884"},"geometry":{"type":"MultiLineString","coordinates":[[[-82.92806,35.72641],[-82.92714,35.72589],[-82.92703,35.72455],[-82.92669,35.72421]]]}},{"type":"Feature","properties":{"kind":"minor-water","name":"Correll Branch","ftype":460,"lengthKm":0.55,"hu8":"06010106","pid":"132652620"},"geometry":{"type":"MultiLineString","coordinates":[[[-83.08681,35.67331],[-83.08594,35.67242],[-83.08492,35.67056],[-83.08381,35.67032],[-83.08324,35.66965]]]}},{"type":"Feature","properties":{"kind":"minor-water","name":"Hen Wallow Creek","ftype":460,"lengthKm":0.77,"hu8":"06010106","pid":"132647770"},"geometry":{"type":"MultiLineString","coordinates":[[[-83.23661,35.76395],[-83.23755,35.7646],[-83.23838,35.76594],[-83.2393,35.76604],[-83.24083,35.76739],[-83.24026,35.76912]]]}},{"type":"Feature","properties":{"kind":"minor-water","name":"Beaverdam Creek","ftype":460,"lengthKm":0.09,"hu8":"06010106","pid":"132653884"},"geometry":{"type":"MultiLineString","coordinates":[[[-82.82862,35.57169],[-82.82913,35.57095]]]}},{"type":"Feature","properties":{"kind":"minor-water","name":"Cold Springs Creek","ftype":460,"lengthKm":0.15,"hu8":"06010106","pid":"132646746"},"geometry":{"type":"MultiLineString","coordinates":[[[-82.97404,35.76472],[-82.97551,35.76402]]]}},{"type":"Feature","properties":{"kind":"minor-water","name":"Cold Springs Creek","ftype":460,"lengthKm":0.21,"hu8":"06010106","pid":"132647284"},"geometry":{"type":"MultiLineString","coordinates":[[[-82.99859,35.75224],[-82.9993,35.75273],[-82.99969,35.75354],[-82.99999,35.75353]]]}},{"type":"Feature","properties":{"kind":"minor-water","name":"Pigeon River","ftype":558,"lengthKm":0.15,"hu8":"06010106","pid":"132652573"},"geometry":{"type":"MultiLineString","coordinates":[[[-82.99216,35.66485],[-82.99363,35.66538]]]}},{"type":"Feature","properties":{"kind":"minor-water","name":"Panther Branch","ftype":460,"lengthKm":0.71,"hu8":"06010106","pid":"132657048"},"geometry":{"type":"MultiLineString","coordinates":[[[-82.90368,35.42411],[-82.90509,35.42361],[-82.90921,35.42118],[-82.91046,35.42129]]]}},{"type":"Feature","properties":{"kind":"minor-water","name":"Jonathans Creek","ftype":460,"lengthKm":1.14,"hu8":"06010106","pid":"132655841"},"geometry":{"type":"MultiLineString","coordinates":[[[-83.15666,35.49625],[-83.15591,35.49684],[-83.15565,35.49756],[-83.15423,35.49847],[-83.15244,35.50025],[-83.15055,35.50131],[-83.14909,35.50403]]]}},{"type":"Feature","properties":{"kind":"minor-water","name":"Bee Branch","ftype":460,"lengthKm":0.51,"hu8":"06010106","pid":"132657469"},"geometry":{"type":"MultiLineString","coordinates":[[[-82.79814,35.38474],[-82.79977,35.38478],[-82.80156,35.38432],[-82.80363,35.3845]]]}},{"type":"Feature","properties":{"kind":"minor-water","name":"Crabtree Creek","ftype":460,"lengthKm":0.13,"hu8":"06010106","pid":"132653481"},"geometry":{"type":"MultiLineString","coordinates":[[[-82.90982,35.60359],[-82.91106,35.60294]]]}},{"type":"Feature","properties":{"kind":"minor-water","name":"East Fork Pigeon River","ftype":460,"lengthKm":1.24,"hu8":"06010106","pid":"132657929"},"geometry":{"type":"MultiLineString","coordinates":[[[-82.82963,35.32721],[-82.82925,35.32827],[-82.82779,35.32942],[-82.82742,35.33101],[-82.82661,35.33208],[-82.82754,35.33503],[-82.82751,35.33618],[-82.82685,35.33734]]]}},{"type":"Feature","properties":{"kind":"minor-water","name":"Caldwell Fork","ftype":460,"lengthKm":1.32,"hu8":"06010106","pid":"132653635"},"geometry":{"type":"MultiLineString","coordinates":[[[-83.09525,35.61436],[-83.09588,35.61612],[-83.09424,35.61593],[-83.0943,35.61742],[-83.09324,35.61795],[-83.0931,35.61883],[-83.09157,35.61865],[-83.09046,35.62075],[-83.08881,35.62191]]]}},{"type":"Feature","properties":{"kind":"minor-water","name":"Nelson Branch","ftype":460,"lengthKm":0.34,"hu8":"06010106","pid":"132653967"},"geometry":{"type":"MultiLineString","coordinates":[[[-83.02456,35.58971],[-83.02259,35.58817],[-83.02161,35.58828]]]}},{"type":"Feature","properties":{"kind":"minor-water","name":"Weaver Branch","ftype":460,"lengthKm":0.36,"hu8":"06010106","pid":"132645601"},"geometry":{"type":"MultiLineString","coordinates":[[[-83.19778,35.83787],[-83.19726,35.83794],[-83.19561,35.83917],[-83.19442,35.83938]]]}},{"type":"Feature","properties":{"kind":"minor-water","name":"Buckeye Creek","ftype":460,"lengthKm":0.77,"hu8":"06010106","pid":"132648062"},"geometry":{"type":"MultiLineString","coordinates":[[[-83.26105,35.75199],[-83.26177,35.75422],[-83.26284,35.75549],[-83.26261,35.7578],[-83.26286,35.75855]]]}},{"type":"Feature","properties":{"kind":"minor-water","name":"Swallow Fork","ftype":460,"lengthKm":0.52,"hu8":"06010106","pid":"132652270"},"geometry":{"type":"MultiLineString","coordinates":[[[-83.13817,35.69654],[-83.13931,35.69627],[-83.14118,35.69654],[-83.14362,35.69737]]]}},{"type":"Feature","properties":{"kind":"minor-water","name":"Laurel Creek","ftype":460,"lengthKm":0.23,"hu8":"06010106","pid":"132647256"},"geometry":{"type":"MultiLineString","coordinates":[[[-83.09465,35.76332],[-83.09678,35.76442]]]}},{"type":"Feature","properties":{"kind":"minor-water","name":"Crawford Creek","ftype":460,"lengthKm":0.22,"hu8":"06010106","pid":"132657572"},"geometry":{"type":"MultiLineString","coordinates":[[[-82.8582,35.38426],[-82.85804,35.38619]]]}},{"type":"Feature","properties":{"kind":"minor-water","name":"Miller Branch","ftype":460,"lengthKm":0.1,"hu8":"06010106","pid":"132645961"},"geometry":{"type":"MultiLineString","coordinates":[[[-83.16795,35.80407],[-83.16836,35.8049]]]}},{"type":"Feature","properties":{"kind":"minor-water","name":"Beaverdam Creek","ftype":558,"lengthKm":0.02,"hu8":"06010106","pid":"132654408"},"geometry":{"type":"MultiLineString","coordinates":[[[-82.84629,35.54146],[-82.84641,35.54135]]]}},{"type":"Feature","properties":{"kind":"minor-water","name":"Mulbrook Branch","ftype":460,"lengthKm":0.5,"hu8":"06010106","pid":"132653275"},"geometry":{"type":"MultiLineString","coordinates":[[[-82.93069,35.6206],[-82.93291,35.61653]]]}},{"type":"Feature","properties":{"kind":"minor-water","name":"Little Cataloochee Creek","ftype":460,"lengthKm":0.31,"hu8":"06010106","pid":"132652665"},"geometry":{"type":"MultiLineString","coordinates":[[[-83.10343,35.67109],[-83.10245,35.67025],[-83.1006,35.66959]]]}},{"type":"Feature","properties":{"kind":"minor-water","name":"Andy Branch","ftype":460,"lengthKm":2.19,"hu8":"06010106","pid":"132652640"},"geometry":{"type":"MultiLineString","coordinates":[[[-83.12241,35.68706],[-83.12047,35.68525],[-83.11746,35.68606],[-83.11623,35.68613],[-83.11489,35.6854],[-83.11432,35.68411],[-83.11464,35.68133],[-83.11226,35.67965],[-83.1116,35.67836],[-83.11055,35.6775],[-83.10884,35.67692],[-83.1079,35.67551]]]}},{"type":"Feature","properties":{"kind":"minor-water","name":"Richland Creek","ftype":558,"lengthKm":0.06,"hu8":"06010106","pid":"132655395"},"geometry":{"type":"MultiLineString","coordinates":[[[-82.9801,35.50152],[-82.97989,35.50204]]]}},{"type":"Feature","properties":{"kind":"minor-water","name":"Big Creek","ftype":460,"lengthKm":0.73,"hu8":"06010106","pid":"132650546"},"geometry":{"type":"MultiLineString","coordinates":[[[-83.17366,35.70999],[-83.1732,35.71032],[-83.17113,35.71065],[-83.16808,35.70987],[-83.16669,35.71118]]]}},{"type":"Feature","properties":{"kind":"minor-water","name":"Middle Creek","ftype":460,"lengthKm":0.44,"hu8":"06010106","pid":"132645446"},"geometry":{"type":"MultiLineString","coordinates":[[[-83.23588,35.85837],[-83.23414,35.85907],[-83.23226,35.86091]]]}},{"type":"Feature","properties":{"kind":"minor-water","name":"Little Rock Creek","ftype":460,"lengthKm":0.37,"hu8":"06010106","pid":"132648282"},"geometry":{"type":"MultiLineString","coordinates":[[[-83.22163,35.73736],[-83.22023,35.73862],[-83.21821,35.73889]]]}},{"type":"Feature","properties":{"kind":"minor-water","name":"Wesley Creek","ftype":460,"lengthKm":0.02,"hu8":"06010106","pid":"132649475"},"geometry":{"type":"MultiLineString","coordinates":[[[-82.94748,35.69383],[-82.94739,35.69365]]]}},{"type":"Feature","properties":{"kind":"minor-water","name":"Rush Fork","ftype":460,"lengthKm":0.56,"hu8":"06010106","pid":"132653324"},"geometry":{"type":"MultiLineString","coordinates":[[[-82.9373,35.61877],[-82.9367,35.61736],[-82.93553,35.6162],[-82.93449,35.61436]]]}},{"type":"Feature","properties":{"kind":"minor-water","name":"South Fork Bogard Creek","ftype":460,"lengthKm":0.14,"hu8":"06010106","pid":"132645351"},"geometry":{"type":"MultiLineString","coordinates":[[[-83.28882,35.87529],[-83.28747,35.87586]]]}},{"type":"Feature","properties":{"kind":"minor-water","name":"Cataloochee Creek","ftype":558,"lengthKm":0.34,"hu8":"06010106","pid":"132652997"},"geometry":{"type":"MultiLineString","coordinates":[[[-83.07743,35.64266],[-83.07672,35.64314],[-83.07683,35.64398],[-83.07625,35.64535]]]}},{"type":"Feature","properties":{"kind":"minor-water","name":"Caldwell Fork","ftype":460,"lengthKm":0.41,"hu8":"06010106","pid":"132653838"},"geometry":{"type":"MultiLineString","coordinates":[[[-83.10225,35.60401],[-83.10094,35.60529],[-83.10083,35.6063],[-83.09974,35.60674]]]}},{"type":"Feature","properties":{"kind":"minor-water","name":"Swallow Fork","ftype":460,"lengthKm":1.55,"hu8":"06010106","pid":"132652262"},"geometry":{"type":"MultiLineString","coordinates":[[[-83.12614,35.70116],[-83.12747,35.70142],[-83.12907,35.703],[-83.13064,35.70319],[-83.13144,35.70216],[-83.13346,35.70152],[-83.13433,35.69952],[-83.13579,35.69827],[-83.1371,35.69765],[-83.13817,35.69654]]]}},{"type":"Feature","properties":{"kind":"minor-water","name":"Cataloochee Creek","ftype":558,"lengthKm":0.46,"hu8":"06010106","pid":"132653055"},"geometry":{"type":"MultiLineString","coordinates":[[[-83.07996,35.63978],[-83.07852,35.64008],[-83.07851,35.64173],[-83.07743,35.64266]]]}},{"type":"Feature","properties":{"kind":"minor-water","name":"McMahan Branch","ftype":460,"lengthKm":0.16,"hu8":"06010106","pid":"132645099"},"geometry":{"type":"MultiLineString","coordinates":[[[-83.16143,35.90746],[-83.16219,35.90741],[-83.163,35.90685]]]}},{"type":"Feature","properties":{"kind":"minor-water","name":"Bird Creek","ftype":460,"lengthKm":1.45,"hu8":"06010106","pid":"132655833"},"geometry":{"type":"MultiLineString","coordinates":[[[-82.93045,35.47388],[-82.92742,35.47357],[-82.92271,35.47139],[-82.91538,35.46993]]]}},{"type":"Feature","properties":{"kind":"minor-water","name":"Hen Wallow Creek","ftype":460,"lengthKm":0.68,"hu8":"06010106","pid":"132647806"},"geometry":{"type":"MultiLineString","coordinates":[[[-83.23117,35.75974],[-83.23384,35.76234],[-83.23661,35.76395]]]}},{"type":"Feature","properties":{"kind":"minor-water","name":"Bear Branch","ftype":460,"lengthKm":0.81,"hu8":"06010106","pid":"132653995"},"geometry":{"type":"MultiLineString","coordinates":[[[-83.17073,35.60345],[-83.17004,35.60355],[-83.1677,35.60237],[-83.16352,35.60188],[-83.16235,35.60238]]]}},{"type":"Feature","properties":{"kind":"minor-water","name":"Weaver Branch","ftype":460,"lengthKm":0.23,"hu8":"06010106","pid":"132645567"},"geometry":{"type":"MultiLineString","coordinates":[[[-83.18713,35.8423],[-83.18608,35.84307],[-83.18643,35.84394]]]}},{"type":"Feature","properties":{"kind":"minor-water","name":"Cold Springs Creek","ftype":460,"lengthKm":0.03,"hu8":"06010106","pid":"132646805"},"geometry":{"type":"MultiLineString","coordinates":[[[-82.97683,35.76336],[-82.97695,35.7631]]]}},{"type":"Feature","properties":{"kind":"minor-water","name":"George Ira Creek","ftype":460,"lengthKm":0.57,"hu8":"06010106","pid":"132654180"},"geometry":{"type":"MultiLineString","coordinates":[[[-83.15578,35.58946],[-83.15175,35.59193],[-83.1514,35.59293]]]}},{"type":"Feature","properties":{"kind":"minor-water","name":"Groundhog Creek","ftype":460,"lengthKm":0.33,"hu8":"06010106","pid":"132647174"},"geometry":{"type":"MultiLineString","coordinates":[[[-83.03269,35.7621],[-83.03292,35.76138],[-83.03383,35.76063],[-83.0352,35.76022]]]}},{"type":"Feature","properties":{"kind":"minor-water","name":"Pigeon River","ftype":558,"lengthKm":0.38,"hu8":"06010106","pid":"132654500"},"geometry":{"type":"MultiLineString","coordinates":[[[-82.84518,35.53811],[-82.84565,35.54044],[-82.84641,35.54135]]]}},{"type":"Feature","properties":{"kind":"minor-water","name":"Rock Creek","ftype":460,"lengthKm":1.32,"hu8":"06010106","pid":"132649274"},"geometry":{"type":"MultiLineString","coordinates":[[[-83.21904,35.72758],[-83.21893,35.7299],[-83.21743,35.73241],[-83.21683,35.73533],[-83.21686,35.73645],[-83.21821,35.73889]]]}},{"type":"Feature","properties":{"kind":"minor-water","name":"Conard Branch","ftype":460,"lengthKm":1.64,"hu8":"06010106","pid":"132652759"},"geometry":{"type":"MultiLineString","coordinates":[[[-83.12481,35.66192],[-83.12414,35.66273],[-83.12201,35.66357],[-83.12078,35.66339],[-83.11923,35.66263],[-83.11681,35.6631],[-83.11577,35.66395],[-83.11376,35.66406],[-83.11225,35.66486],[-83.11137,35.66614],[-83.10966,35.66689]]]}},{"type":"Feature","properties":{"kind":"minor-water","name":"Robinson Creek","ftype":460,"lengthKm":0.75,"hu8":"06010106","pid":"132647566"},"geometry":{"type":"MultiLineString","coordinates":[[[-83.16676,35.76172],[-83.16783,35.76439],[-83.17142,35.767]]]}},{"type":"Feature","properties":{"kind":"minor-water","name":"Onion Bed Branch","ftype":460,"lengthKm":0.53,"hu8":"06010106","pid":"132652717"},"geometry":{"type":"MultiLineString","coordinates":[[[-83.14037,35.67333],[-83.13906,35.67118],[-83.13682,35.66965]]]}},{"type":"Feature","properties":{"kind":"minor-water","name":"Barnes Branch","ftype":460,"lengthKm":0.31,"hu8":"06010106","pid":"132646393"},"geometry":{"type":"MultiLineString","coordinates":[[[-83.15238,35.79182],[-83.15134,35.7918],[-83.14903,35.79118]]]}},{"type":"Feature","properties":{"kind":"minor-water","name":"Middle Creek","ftype":460,"lengthKm":0.33,"hu8":"06010106","pid":"132645645"},"geometry":{"type":"MultiLineString","coordinates":[[[-83.27684,35.84538],[-83.27652,35.84391],[-83.27502,35.84309]]]}},{"type":"Feature","properties":{"kind":"minor-water","name":"Cold Springs Creek","ftype":460,"lengthKm":0.22,"hu8":"06010106","pid":"132647018"},"geometry":{"type":"MultiLineString","coordinates":[[[-82.99267,35.75987],[-82.99366,35.75932],[-82.99416,35.75845]]]}},{"type":"Feature","properties":{"kind":"minor-water","name":"Parks Branch","ftype":460,"lengthKm":0.38,"hu8":"06010106","pid":"132654345"},"geometry":{"type":"MultiLineString","coordinates":[[[-83.00484,35.56116],[-83.00519,35.56231],[-83.00521,35.5645]]]}},{"type":"Feature","properties":{"kind":"minor-water","name":"Grassy Branch","ftype":460,"lengthKm":0.3,"hu8":"06010106","pid":"132647558"},"geometry":{"type":"MultiLineString","coordinates":[[[-83.00087,35.74577],[-83.0022,35.74507],[-83.00393,35.74524]]]}},{"type":"Feature","properties":{"kind":"minor-water","name":"Crying Creek","ftype":460,"lengthKm":0.9,"hu8":"06010106","pid":"132647536"},"geometry":{"type":"MultiLineString","coordinates":[[[-83.21621,35.76921],[-83.21629,35.76975],[-83.21569,35.77084],[-83.21646,35.77232],[-83.21545,35.77543],[-83.21629,35.77678]]]}},{"type":"Feature","properties":{"kind":"minor-water","name":"Sag Branch","ftype":460,"lengthKm":0.74,"hu8":"06010106","pid":"132653709"},"geometry":{"type":"MultiLineString","coordinates":[[[-83.08922,35.61021],[-83.09003,35.61029],[-83.09317,35.61208],[-83.09525,35.61436]]]}},{"type":"Feature","properties":{"kind":"minor-water","name":"Farmer Branch","ftype":460,"lengthKm":1.19,"hu8":"06010106","pid":"132656403"},"geometry":{"type":"MultiLineString","coordinates":[[[-82.97296,35.4567],[-82.97674,35.45768],[-82.98014,35.46077],[-82.98259,35.4616],[-82.98298,35.46267]]]}},{"type":"Feature","properties":{"kind":"minor-water","name":"Sinking Creek","ftype":460,"lengthKm":0.92,"hu8":"06010106","pid":"132644865"},"geometry":{"type":"MultiLineString","coordinates":[[[-83.20653,35.97881],[-83.2076,35.98073],[-83.20823,35.9836],[-83.2078,35.98685]]]}},{"type":"Feature","properties":{"kind":"minor-water","name":"Cold Springs Creek","ftype":460,"lengthKm":0.4,"hu8":"06010106","pid":"132647260"},"geometry":{"type":"MultiLineString","coordinates":[[[-82.99515,35.7572],[-82.99698,35.75535],[-82.99715,35.75413]]]}},{"type":"Feature","properties":{"kind":"minor-water","name":"Straight Creek","ftype":460,"lengthKm":0.61,"hu8":"06010106","pid":"132654361"},"geometry":{"type":"MultiLineString","coordinates":[[[-83.14396,35.57744],[-83.14141,35.57761],[-83.13805,35.57562]]]}},{"type":"Feature","properties":{"kind":"minor-water","name":"English Creek","ftype":460,"lengthKm":0.13,"hu8":"06010106","pid":"132644993"},"geometry":{"type":"MultiLineString","coordinates":[[[-83.17792,35.93744],[-83.17693,35.93828]]]}},{"type":"Feature","properties":{"kind":"minor-water","name":"Caldwell Fork","ftype":460,"lengthKm":1.6,"hu8":"06010106","pid":"132654829"},"geometry":{"type":"MultiLineString","coordinates":[[[-83.14775,35.55543],[-83.14756,35.55635],[-83.14701,35.55699],[-83.14698,35.55795],[-83.14744,35.55958],[-83.14859,35.56094],[-83.14828,35.56311],[-83.14715,35.56454],[-83.14561,35.56558],[-83.14511,35.56725],[-83.14406,35.568]]]}},{"type":"Feature","properties":{"kind":"minor-water","name":"Jones Cove Branch","ftype":460,"lengthKm":0.71,"hu8":"06010106","pid":"132654797"},"geometry":{"type":"MultiLineString","coordinates":[[[-82.94867,35.5363],[-82.94919,35.53827],[-82.95029,35.53984],[-82.95006,35.54076],[-82.94873,35.54196]]]}},{"type":"Feature","properties":{"kind":"minor-water","name":"Cripple Creek","ftype":460,"lengthKm":0.99,"hu8":"06010106","pid":"132645508"},"geometry":{"type":"MultiLineString","coordinates":[[[-83.10672,35.84568],[-83.11003,35.84402],[-83.10961,35.84202],[-83.11135,35.84038],[-83.11285,35.83946]]]}},{"type":"Feature","properties":{"kind":"minor-water","name":"Pisgah Creek","ftype":460,"lengthKm":0.26,"hu8":"06010106","pid":"132656634"},"geometry":{"type":"MultiLineString","coordinates":[[[-82.79155,35.42708],[-82.79317,35.42705],[-82.79412,35.42772]]]}},{"type":"Feature","properties":{"kind":"minor-water","name":"Pigeon River","ftype":558,"lengthKm":0.2,"hu8":"06010106","pid":"132652328"},"geometry":{"type":"MultiLineString","coordinates":[[[-83.03743,35.6823],[-83.03814,35.68405]]]}},{"type":"Feature","properties":{"kind":"minor-water","name":"Sinking Creek","ftype":460,"lengthKm":0.33,"hu8":"06010106","pid":"132652310"},"geometry":{"type":"MultiLineString","coordinates":[[[-83.21954,35.70237],[-83.2174,35.70476]]]}},{"type":"Feature","properties":{"kind":"minor-water","name":"Pigeon River","ftype":558,"lengthKm":0.34,"hu8":"06010106","pid":"132652286"},"geometry":{"type":"MultiLineString","coordinates":[[[-83.03812,35.68515],[-83.03791,35.68573],[-83.0357,35.68742]]]}},{"type":"Feature","properties":{"kind":"minor-water","name":"East Fork Pigeon River","ftype":558,"lengthKm":0.28,"hu8":"06010106","pid":"132657010"},"geometry":{"type":"MultiLineString","coordinates":[[[-82.8082,35.41231],[-82.80833,35.41311],[-82.81037,35.41342]]]}},{"type":"Feature","properties":{"kind":"minor-water","name":"Leatherwood Branch","ftype":460,"lengthKm":1.69,"hu8":"06010106","pid":"132648661"},"geometry":{"type":"MultiLineString","coordinates":[[[-83.09902,35.72129],[-83.09798,35.71973],[-83.0972,35.7196],[-83.0933,35.72078],[-83.09104,35.72072],[-83.09034,35.72146],[-83.08677,35.72268],[-83.0844,35.72564]]]}},{"type":"Feature","properties":{"kind":"minor-water","name":"West Fork Pigeon River","ftype":460,"lengthKm":0.29,"hu8":"06010106","pid":"132657994"},"geometry":{"type":"MultiLineString","coordinates":[[[-82.9101,35.31382],[-82.90845,35.31475],[-82.90774,35.31551]]]}},{"type":"Feature","properties":{"kind":"minor-water","name":"Messer Fork","ftype":460,"lengthKm":0.74,"hu8":"06010106","pid":"132653776"},"geometry":{"type":"MultiLineString","coordinates":[[[-83.13487,35.61378],[-83.13346,35.61168],[-83.13244,35.61104],[-83.13065,35.61072],[-83.12859,35.61128]]]}},{"type":"Feature","properties":{"kind":"minor-water","name":"Toms Creek","ftype":460,"lengthKm":0.63,"hu8":"06010106","pid":"132647788"},"geometry":{"type":"MultiLineString","coordinates":[[[-83.18938,35.75897],[-83.19219,35.75967],[-83.1934,35.7603],[-83.19598,35.75998]]]}},{"type":"Feature","properties":{"kind":"minor-water","name":"Pretty Hollow Creek","ftype":460,"lengthKm":0.28,"hu8":"06010106","pid":"132652967"},"geometry":{"type":"MultiLineString","coordinates":[[[-83.13522,35.65382],[-83.13514,35.65316],[-83.13434,35.65253],[-83.13389,35.65164]]]}},{"type":"Feature","properties":{"kind":"minor-water","name":"Wilkins Creek","ftype":460,"lengthKm":0.3,"hu8":"06010106","pid":"132649661"},"geometry":{"type":"MultiLineString","coordinates":[[[-83.01349,35.70653],[-83.01543,35.70432]]]}},{"type":"Feature","properties":{"kind":"minor-water","name":"Cole Creek","ftype":460,"lengthKm":1.8,"hu8":"06010106","pid":"132648358"},"geometry":{"type":"MultiLineString","coordinates":[[[-83.26131,35.73853],[-83.26187,35.73929],[-83.26255,35.74171],[-83.26404,35.74393],[-83.26415,35.74628],[-83.26494,35.74762],[-83.26495,35.7487],[-83.26661,35.75061],[-83.26852,35.75164],[-83.26933,35.75262]]]}},{"type":"Feature","properties":{"kind":"minor-water","name":"Sorrell Creek","ftype":460,"lengthKm":0.36,"hu8":"06010106","pid":"132657384"},"geometry":{"type":"MultiLineString","coordinates":[[[-82.87411,35.39884],[-82.87572,35.39829],[-82.87744,35.39707]]]}},{"type":"Feature","properties":{"kind":"minor-water","name":"Caldwell Fork","ftype":460,"lengthKm":1.95,"hu8":"06010106","pid":"132654584"},"geometry":{"type":"MultiLineString","coordinates":[[[-83.14406,35.568],[-83.1432,35.5708],[-83.14094,35.5715],[-83.13903,35.57155],[-83.13753,35.57097],[-83.1363,35.57114],[-83.13476,35.57068],[-83.13303,35.57084],[-83.13207,35.57124],[-83.12911,35.57118],[-83.12777,35.57201],[-83.12614,35.57216]]]}},{"type":"Feature","properties":{"kind":"minor-water","name":"Pigeon River","ftype":558,"lengthKm":0.39,"hu8":"06010106","pid":"132652470"},"geometry":{"type":"MultiLineString","coordinates":[[[-83.0308,35.6735],[-83.03419,35.67561]]]}},{"type":"Feature","properties":{"kind":"minor-water","name":"East Fork Pigeon River","ftype":460,"lengthKm":0.02,"hu8":"06010106","pid":"132657594"},"geometry":{"type":"MultiLineString","coordinates":[[[-82.80878,35.37631],[-82.80871,35.37647]]]}},{"type":"Feature","properties":{"kind":"minor-water","name":"Garrett Creek","ftype":460,"lengthKm":0.3,"hu8":"06010106","pid":"132654761"},"geometry":{"type":"MultiLineString","coordinates":[[[-83.01819,35.54642],[-83.01803,35.54913]]]}},{"type":"Feature","properties":{"kind":"minor-water","name":"Middle Creek","ftype":460,"lengthKm":0.18,"hu8":"06010106","pid":"132645604"},"geometry":{"type":"MultiLineString","coordinates":[[[-83.26367,35.84474],[-83.26248,35.84609]]]}},{"type":"Feature","properties":{"kind":"minor-water","name":"Messer Branch","ftype":460,"lengthKm":0.61,"hu8":"06010106","pid":"132645621"},"geometry":{"type":"MultiLineString","coordinates":[[[-83.13132,35.83512],[-83.13164,35.83451],[-83.13113,35.83302],[-83.13112,35.83124],[-83.12973,35.83032]]]}},{"type":"Feature","properties":{"kind":"minor-water","name":"Garden Creek","ftype":460,"lengthKm":0.13,"hu8":"06010106","pid":"132655476"},"geometry":{"type":"MultiLineString","coordinates":[[[-82.82962,35.48005],[-82.83067,35.48089]]]}},{"type":"Feature","properties":{"kind":"minor-water","name":"Raccoon Creek","ftype":460,"lengthKm":0.25,"hu8":"06010106","pid":"132655837"},"geometry":{"type":"MultiLineString","coordinates":[[[-82.95029,35.47374],[-82.9513,35.47386],[-82.9528,35.47458]]]}},{"type":"Feature","properties":{"kind":"minor-water","name":"Laurel Branch","ftype":460,"lengthKm":0.28,"hu8":"06010106","pid":"132652523"},"geometry":{"type":"MultiLineString","coordinates":[[[-83.04433,35.67415],[-83.04287,35.6753],[-83.04253,35.67611]]]}},{"type":"Feature","properties":{"kind":"minor-water","name":"Cataloochee Creek","ftype":558,"lengthKm":0.26,"hu8":"06010106","pid":"132652721"},"geometry":{"type":"MultiLineString","coordinates":[[[-83.07456,35.66123],[-83.07285,35.66233],[-83.0727,35.66284]]]}},{"type":"Feature","properties":{"kind":"minor-water","name":"Snowbird Creek","ftype":460,"lengthKm":0.24,"hu8":"06010106","pid":"132646443"},"geometry":{"type":"MultiLineString","coordinates":[[[-83.0603,35.78265],[-83.06167,35.78193],[-83.06266,35.78189]]]}},{"type":"Feature","properties":{"kind":"minor-water","name":"Right Hand Prong West Fork Pigeon River","ftype":558,"lengthKm":0,"hu8":"06010106","pid":"132657813"},"geometry":{"type":"MultiLineString","coordinates":[[[-82.93861,35.37037],[-82.93858,35.37034]]]}},{"type":"Feature","properties":{"kind":"minor-water","name":"Hall Branch","ftype":460,"lengthKm":1.05,"hu8":"06010106","pid":"132652870"},"geometry":{"type":"MultiLineString","coordinates":[[[-83.0846,35.65167],[-83.08393,35.65148],[-83.08237,35.65235],[-83.08078,35.6522],[-83.0779,35.65253],[-83.07472,35.65175],[-83.07371,35.65217]]]}},{"type":"Feature","properties":{"kind":"minor-water","name":"Cripple Creek","ftype":460,"lengthKm":0.38,"hu8":"06010106","pid":"132645763"},"geometry":{"type":"MultiLineString","coordinates":[[[-83.14128,35.81712],[-83.14263,35.81794],[-83.14515,35.81762]]]}},{"type":"Feature","properties":{"kind":"minor-water","name":"Chavis Creek","ftype":460,"lengthKm":0.2,"hu8":"06010106","pid":"132647272"},"geometry":{"type":"MultiLineString","coordinates":[[[-83.28266,35.78357],[-83.28082,35.78458]]]}},{"type":"Feature","properties":{"kind":"minor-water","name":"Cripple Creek","ftype":558,"lengthKm":0.12,"hu8":"06010106","pid":"132645755"},"geometry":{"type":"MultiLineString","coordinates":[[[-83.14541,35.81765],[-83.14551,35.818],[-83.14629,35.81833]]]}},{"type":"Feature","properties":{"kind":"minor-water","name":"Flat Branch","ftype":460,"lengthKm":0.47,"hu8":"06010106","pid":"132647252"},"geometry":{"type":"MultiLineString","coordinates":[[[-83.08737,35.76234],[-83.08731,35.76299],[-83.08649,35.76412],[-83.08654,35.76476],[-83.08498,35.76581]]]}},{"type":"Feature","properties":{"kind":"minor-water","name":"Fines Creek","ftype":460,"lengthKm":0.33,"hu8":"06010106","pid":"132652541"},"geometry":{"type":"MultiLineString","coordinates":[[[-82.99172,35.66715],[-82.991,35.66637],[-82.99161,35.66585],[-82.9931,35.6655]]]}},{"type":"Feature","properties":{"kind":"minor-water","name":"Liner Creek","ftype":460,"lengthKm":0.3,"hu8":"06010106","pid":"132653398"},"geometry":{"type":"MultiLineString","coordinates":[[[-82.89118,35.60492],[-82.89454,35.6051]]]}},{"type":"Feature","properties":{"kind":"minor-water","name":"Pigeon River","ftype":558,"lengthKm":0.19,"hu8":"06010106","pid":"132654765"},"geometry":{"type":"MultiLineString","coordinates":[[[-82.91905,35.53456],[-82.92104,35.53508]]]}},{"type":"Feature","properties":{"kind":"minor-water","name":"Little East Fork Pigeon River","ftype":460,"lengthKm":0.12,"hu8":"06010106","pid":"132657654"},"geometry":{"type":"MultiLineString","coordinates":[[[-82.89565,35.38099],[-82.89551,35.38209]]]}},{"type":"Feature","properties":{"kind":"minor-water","name":"Crabtree Creek","ftype":460,"lengthKm":0.19,"hu8":"06010106","pid":"132653498"},"geometry":{"type":"MultiLineString","coordinates":[[[-82.91106,35.60294],[-82.91276,35.60193]]]}},{"type":"Feature","properties":{"kind":"minor-water","name":"Abe Branch","ftype":460,"lengthKm":0.64,"hu8":"06010106","pid":"132646383"},"geometry":{"type":"MultiLineString","coordinates":[[[-83.17356,35.79407],[-83.17463,35.79519],[-83.17532,35.79547],[-83.17707,35.79495],[-83.17772,35.7952],[-83.17972,35.79493]]]}},{"type":"Feature","properties":{"kind":"minor-water","name":"Little Cataloochee Creek","ftype":460,"lengthKm":0.43,"hu8":"06010106","pid":"132652663"},"geometry":{"type":"MultiLineString","coordinates":[[[-83.1006,35.66959],[-83.09588,35.66987]]]}},{"type":"Feature","properties":{"kind":"minor-water","name":"Rice Cove Creek","ftype":460,"lengthKm":1.59,"hu8":"06010106","pid":"132653790"},"geometry":{"type":"MultiLineString","coordinates":[[[-82.84841,35.5843],[-82.84725,35.58319],[-82.84632,35.58289],[-82.84369,35.58107],[-82.84248,35.58102],[-82.84109,35.5805],[-82.83927,35.58058],[-82.8375,35.58021],[-82.83446,35.57841],[-82.83393,35.57758]]]}},{"type":"Feature","properties":{"kind":"minor-water","name":"Pigeon River","ftype":558,"lengthKm":0.15,"hu8":"06010106","pid":"132655588"},"geometry":{"type":"MultiLineString","coordinates":[[[-82.88179,35.47879],[-82.88203,35.48009]]]}},{"type":"Feature","properties":{"kind":"minor-water","name":"Straight Creek","ftype":460,"lengthKm":1.38,"hu8":"06010106","pid":"132654392"},"geometry":{"type":"MultiLineString","coordinates":[[[-83.13805,35.57562],[-83.13658,35.57396],[-83.13522,35.57382],[-83.13426,35.57399],[-83.13301,35.57477],[-83.13115,35.5749],[-83.12781,35.57574],[-83.12719,35.57644],[-83.12495,35.57698]]]}},{"type":"Feature","properties":{"kind":"minor-water","name":"Toms Branch","ftype":460,"lengthKm":0.11,"hu8":"06010106","pid":"132652181"},"geometry":{"type":"MultiLineString","coordinates":[[[-82.98995,35.6838],[-82.9895,35.68288]]]}},{"type":"Feature","properties":{"kind":"minor-water","name":"Arrington Branch","ftype":460,"lengthKm":0.47,"hu8":"06010106","pid":"132652659"},"geometry":{"type":"MultiLineString","coordinates":[[[-82.95803,35.65666],[-82.96038,35.65806],[-82.96261,35.65855]]]}},{"type":"Feature","properties":{"kind":"minor-water","name":"Martin Creek","ftype":460,"lengthKm":0.3,"hu8":"06010106","pid":"132652126"},"geometry":{"type":"MultiLineString","coordinates":[[[-82.97551,35.68822],[-82.97479,35.6856]]]}},{"type":"Feature","properties":{"kind":"minor-water","name":"Reed Creek","ftype":460,"lengthKm":0.47,"hu8":"06010106","pid":"132656588"},"geometry":{"type":"MultiLineString","coordinates":[[[-82.78226,35.42856],[-82.78744,35.42797]]]}},{"type":"Feature","properties":{"kind":"minor-water","name":"Henderson Branch","ftype":460,"lengthKm":0.54,"hu8":"06010106","pid":"132656453"},"geometry":{"type":"MultiLineString","coordinates":[[[-82.84403,35.43981],[-82.84127,35.44061],[-82.84069,35.44187],[-82.8397,35.44267]]]}},{"type":"Feature","properties":{"kind":"minor-water","name":"Dogwood Flats Creek","ftype":460,"lengthKm":0.29,"hu8":"06010106","pid":"132649931"},"geometry":{"type":"MultiLineString","coordinates":[[[-83.08342,35.70243],[-83.08261,35.70331],[-83.08088,35.70386]]]}},{"type":"Feature","properties":{"kind":"minor-water","name":"Fines Creek","ftype":460,"lengthKm":0.22,"hu8":"06010106","pid":"132652332"},"geometry":{"type":"MultiLineString","coordinates":[[[-82.96734,35.67703],[-82.96836,35.67723],[-82.96942,35.67652]]]}},{"type":"Feature","properties":{"kind":"minor-water","name":"Cripple Creek","ftype":460,"lengthKm":0.37,"hu8":"06010106","pid":"132645764"},"geometry":{"type":"MultiLineString","coordinates":[[[-83.13791,35.81816],[-83.13872,35.81806],[-83.13973,35.81702],[-83.1408,35.81682],[-83.14128,35.81712]]]}},{"type":"Feature","properties":{"kind":"minor-water","name":"Allen Creek","ftype":460,"lengthKm":0.31,"hu8":"06010106","pid":"132657364"},"geometry":{"type":"MultiLineString","coordinates":[[[-82.99828,35.41161],[-82.99907,35.4143]]]}},{"type":"Feature","properties":{"kind":"minor-water","name":"Allen Creek","ftype":460,"lengthKm":0.18,"hu8":"06010106","pid":"132657320"},"geometry":{"type":"MultiLineString","coordinates":[[[-82.9997,35.41547],[-83.00113,35.4156],[-83.00143,35.41601]]]}},{"type":"Feature","properties":{"kind":"minor-water","name":"Jonathans Creek","ftype":558,"lengthKm":0.43,"hu8":"06010106","pid":"132653987"},"geometry":{"type":"MultiLineString","coordinates":[[[-83.00822,35.58635],[-83.00865,35.58856],[-83.00852,35.58956],[-83.00806,35.59006]]]}},{"type":"Feature","properties":{"kind":"minor-water","name":"Cataloochee Creek","ftype":558,"lengthKm":0.88,"hu8":"06010106","pid":"132652785"},"geometry":{"type":"MultiLineString","coordinates":[[[-83.07435,35.65568],[-83.07294,35.6568],[-83.07496,35.65734],[-83.07493,35.65857],[-83.07384,35.66],[-83.07478,35.66058],[-83.07456,35.66123]]]}},{"type":"Feature","properties":{"kind":"minor-water","name":"Sorrell Creek","ftype":460,"lengthKm":0.05,"hu8":"06010106","pid":"132657438"},"geometry":{"type":"MultiLineString","coordinates":[[[-82.88729,35.39647],[-82.8878,35.39628]]]}},{"type":"Feature","properties":{"kind":"minor-water","name":"Shoestring Branch","ftype":460,"lengthKm":0.5,"hu8":"06010106","pid":"132646177"},"geometry":{"type":"MultiLineString","coordinates":[[[-83.16904,35.79787],[-83.1694,35.79921],[-83.17012,35.80002],[-83.17088,35.8001],[-83.17257,35.79959]]]}},{"type":"Feature","properties":{"kind":"minor-water","name":"Jonathans Creek","ftype":558,"lengthKm":0.36,"hu8":"06010106","pid":"132655098"},"geometry":{"type":"MultiLineString","coordinates":[[[-83.02906,35.52929],[-83.02916,35.53255]]]}},{"type":"Feature","properties":{"kind":"minor-water","name":"O'Neil Branch","ftype":460,"lengthKm":0.27,"hu8":"06010106","pid":"132644890"},"geometry":{"type":"MultiLineString","coordinates":[[[-83.24077,35.9784],[-83.2387,35.97871],[-83.23813,35.97924]]]}},{"type":"Feature","properties":{"kind":"minor-water","name":"Groundhog Creek","ftype":460,"lengthKm":0.27,"hu8":"06010106","pid":"132646969"},"geometry":{"type":"MultiLineString","coordinates":[[[-83.02998,35.76643],[-83.03021,35.76555],[-83.03156,35.7645]]]}},{"type":"Feature","properties":{"kind":"minor-water","name":"Gunter Fork","ftype":460,"lengthKm":0.59,"hu8":"06010106","pid":"132652300"},"geometry":{"type":"MultiLineString","coordinates":[[[-83.18768,35.69962],[-83.1872,35.70067],[-83.18573,35.70239],[-83.18504,35.7026],[-83.18457,35.70318],[-83.18362,35.70342]]]}},{"type":"Feature","properties":{"kind":"minor-water","name":"Davidson Branch","ftype":460,"lengthKm":0.86,"hu8":"06010106","pid":"132653164"},"geometry":{"type":"MultiLineString","coordinates":[[[-83.12017,35.64628],[-83.12014,35.64541],[-83.12084,35.64345],[-83.12043,35.64214],[-83.12094,35.64099],[-83.12019,35.63879]]]}},{"type":"Feature","properties":{"kind":"minor-water","name":"Thickety Creek","ftype":558,"lengthKm":0.02,"hu8":"06010106","pid":"132654349"},"geometry":{"type":"MultiLineString","coordinates":[[[-82.86742,35.54649],[-82.86739,35.54634]]]}},{"type":"Feature","properties":{"kind":"minor-water","name":"East Fork Pigeon River","ftype":558,"lengthKm":0.51,"hu8":"06010106","pid":"132657308"},"geometry":{"type":"MultiLineString","coordinates":[[[-82.81256,35.39511],[-82.81286,35.39589],[-82.81177,35.39959]]]}},{"type":"Feature","properties":{"kind":"minor-water","name":"Big Creek","ftype":558,"lengthKm":0.01,"hu8":"06010106","pid":"132657509"},"geometry":{"type":"MultiLineString","coordinates":[[[-82.93732,35.39745],[-82.93725,35.39735]]]}},{"type":"Feature","properties":{"kind":"minor-water","name":"Laurel Creek","ftype":460,"lengthKm":0.12,"hu8":"06010106","pid":"132647674"},"geometry":{"type":"MultiLineString","coordinates":[[[-83.08851,35.75098],[-83.08902,35.75197]]]}},{"type":"Feature","properties":{"kind":"minor-water","name":"Richland Creek","ftype":460,"lengthKm":0.66,"hu8":"06010106","pid":"132656180"},"geometry":{"type":"MultiLineString","coordinates":[[[-83.00935,35.46989],[-83.00978,35.47111],[-83.00846,35.47567]]]}},{"type":"Feature","properties":{"kind":"minor-water","name":"Chavis Creek","ftype":460,"lengthKm":0.23,"hu8":"06010106","pid":"132646186"},"geometry":{"type":"MultiLineString","coordinates":[[[-83.26346,35.80776],[-83.26144,35.80807],[-83.26115,35.80843]]]}},{"type":"Feature","properties":{"kind":"minor-water","name":"Stevens Creek","ftype":460,"lengthKm":0.44,"hu8":"06010106","pid":"132652761"},"geometry":{"type":"MultiLineString","coordinates":[[[-83.03301,35.65868],[-83.03204,35.6605],[-83.03099,35.66071],[-83.0299,35.66136]]]}},{"type":"Feature","properties":{"kind":"minor-water","name":"Chavis Creek","ftype":460,"lengthKm":0.42,"hu8":"06010106","pid":"132646892"},"geometry":{"type":"MultiLineString","coordinates":[[[-83.28199,35.79397],[-83.27949,35.79494],[-83.27855,35.79624]]]}},{"type":"Feature","properties":{"kind":"minor-water","name":"Skiffley Creek","ftype":460,"lengthKm":0.18,"hu8":"06010106","pid":"132647290"},"geometry":{"type":"MultiLineString","coordinates":[[[-83.04075,35.7647],[-83.0402,35.76428],[-83.04015,35.76329]]]}},{"type":"Feature","properties":{"kind":"minor-water","name":"Fletcher Spring Branch","ftype":460,"lengthKm":0.57,"hu8":"06010106","pid":"132647226"},"geometry":{"type":"MultiLineString","coordinates":[[[-83.21693,35.77712],[-83.21746,35.78044],[-83.21703,35.78093],[-83.21707,35.7821]]]}},{"type":"Feature","properties":{"kind":"minor-water","name":"Laurel Branch","ftype":460,"lengthKm":0.47,"hu8":"06010106","pid":"132652581"},"geometry":{"type":"MultiLineString","coordinates":[[[-83.05027,35.67133],[-83.04779,35.67175],[-83.04563,35.67308]]]}},{"type":"Feature","properties":{"kind":"minor-water","name":"Rabbitskin Branch","ftype":558,"lengthKm":0.03,"hu8":"06010106","pid":"132653242"},"geometry":{"type":"MultiLineString","coordinates":[[[-82.98745,35.62304],[-82.98731,35.62333]]]}},{"type":"Feature","properties":{"kind":"minor-water","name":"Baxter Creek","ftype":460,"lengthKm":0.54,"hu8":"06010106","pid":"132647932"},"geometry":{"type":"MultiLineString","coordinates":[[[-83.11364,35.74078],[-83.11383,35.74278],[-83.11438,35.74359],[-83.11549,35.74429],[-83.11581,35.74501]]]}},{"type":"Feature","properties":{"kind":"minor-water","name":"Bogard Creek","ftype":460,"lengthKm":0.6,"hu8":"06010106","pid":"132645388"},"geometry":{"type":"MultiLineString","coordinates":[[[-83.24877,35.8678],[-83.24423,35.86675],[-83.24239,35.86717]]]}},{"type":"Feature","properties":{"kind":"minor-water","name":"South Fork Bogard Creek","ftype":460,"lengthKm":0.27,"hu8":"06010106","pid":"132645335"},"geometry":{"type":"MultiLineString","coordinates":[[[-83.28468,35.87719],[-83.28208,35.87841]]]}},{"type":"Feature","properties":{"kind":"minor-water","name":"Arrington Branch","ftype":460,"lengthKm":0.47,"hu8":"06010106","pid":"132652610"},"geometry":{"type":"MultiLineString","coordinates":[[[-82.98321,35.66092],[-82.9844,35.66139],[-82.98494,35.66218],[-82.98667,35.66262],[-82.98737,35.66315]]]}},{"type":"Feature","properties":{"kind":"minor-water","name":"Middle Creek","ftype":460,"lengthKm":0.34,"hu8":"06010106","pid":"132645572"},"geometry":{"type":"MultiLineString","coordinates":[[[-83.25944,35.84927],[-83.25824,35.85034],[-83.25885,35.85099],[-83.25847,35.85171]]]}},{"type":"Feature","properties":{"kind":"minor-water","name":"Panther Branch","ftype":460,"lengthKm":0.65,"hu8":"06010106","pid":"132656872"},"geometry":{"type":"MultiLineString","coordinates":[[[-82.88585,35.42571],[-82.8904,35.4267],[-82.8929,35.42647]]]}},{"type":"Feature","properties":{"kind":"minor-water","name":"Whaley Branch","ftype":460,"lengthKm":0.5,"hu8":"06010106","pid":"132647024"},"geometry":{"type":"MultiLineString","coordinates":[[[-83.10639,35.7714],[-83.10488,35.77237],[-83.10316,35.77189],[-83.10156,35.77256]]]}},{"type":"Feature","properties":{"kind":"minor-water","name":"Right Fork Cove Creek","ftype":460,"lengthKm":0.2,"hu8":"06010106","pid":"132653338"},"geometry":{"type":"MultiLineString","coordinates":[[[-83.04246,35.62642],[-83.0424,35.62463]]]}},{"type":"Feature","properties":{"kind":"minor-water","name":"East Fork Pigeon River","ftype":558,"lengthKm":0.15,"hu8":"06010106","pid":"132655849"},"geometry":{"type":"MultiLineString","coordinates":[[[-82.86994,35.46428],[-82.8698,35.46562]]]}},{"type":"Feature","properties":{"kind":"minor-water","name":"Bennett Branch","ftype":460,"lengthKm":0.98,"hu8":"06010106","pid":"132657860"},"geometry":{"type":"MultiLineString","coordinates":[[[-82.80863,35.35012],[-82.81058,35.35029],[-82.8121,35.35202],[-82.815,35.35374],[-82.81614,35.35411],[-82.81755,35.354]]]}},{"type":"Feature","properties":{"kind":"minor-water","name":"John Mack Creek","ftype":460,"lengthKm":2.37,"hu8":"06010106","pid":"132651253"},"geometry":{"type":"MultiLineString","coordinates":[[[-83.13619,35.70511],[-83.13646,35.70574],[-83.13735,35.70644],[-83.14069,35.70722],[-83.14162,35.70796],[-83.14431,35.70885],[-83.1451,35.71061],[-83.14708,35.71091],[-83.14788,35.71077],[-83.14886,35.70922],[-83.15061,35.70803],[-83.15321,35.7072],[-83.15484,35.70583],[-83.15665,35.70563]]]}},{"type":"Feature","properties":{"kind":"minor-water","name":"Wesley Creek","ftype":460,"lengthKm":0.15,"hu8":"06010106","pid":"132648099"},"geometry":{"type":"MultiLineString","coordinates":[[[-82.94906,35.7176],[-82.94859,35.71631]]]}},{"type":"Feature","properties":{"kind":"minor-water","name":"Carolina Prong","ftype":460,"lengthKm":0.32,"hu8":"06010106","pid":"132647193"},"geometry":{"type":"MultiLineString","coordinates":[[[-83.13619,35.76961],[-83.13389,35.76993],[-83.13326,35.77079]]]}},{"type":"Feature","properties":{"kind":"minor-water","name":"Big Bald Branch","ftype":460,"lengthKm":0.35,"hu8":"06010106","pid":"132654325"},"geometry":{"type":"MultiLineString","coordinates":[[[-83.12132,35.57507],[-83.12194,35.57571],[-83.12293,35.57787]]]}},{"type":"Feature","properties":{"kind":"minor-water","name":"Wolf Cove Creek","ftype":460,"lengthKm":1.58,"hu8":"06010106","pid":"132654219"},"geometry":{"type":"MultiLineString","coordinates":[[[-83.15012,35.58435],[-83.14775,35.5864],[-83.14454,35.59131],[-83.14448,35.59498],[-83.14538,35.59699]]]}},{"type":"Feature","properties":{"kind":"minor-water","name":"East Fork Pigeon River","ftype":558,"lengthKm":0.34,"hu8":"06010106","pid":"132655994"},"geometry":{"type":"MultiLineString","coordinates":[[[-82.84843,35.45873],[-82.85138,35.46058]]]}},{"type":"Feature","properties":{"kind":"minor-water","name":"Ugly Creek","ftype":460,"lengthKm":0.62,"hu8":"06010106","pid":"132657540"},"geometry":{"type":"MultiLineString","coordinates":[[[-82.82086,35.38296],[-82.81656,35.38333],[-82.81464,35.38471]]]}},{"type":"Feature","properties":{"kind":"minor-water","name":"Mount Sterling Creek","ftype":460,"lengthKm":0.63,"hu8":"06010106","pid":"132647719"},"geometry":{"type":"MultiLineString","coordinates":[[[-83.0748,35.74777],[-83.07684,35.74893],[-83.07663,35.75028],[-83.07592,35.75114],[-83.07464,35.75186]]]}},{"type":"Feature","properties":{"kind":"minor-water","name":"Fines Creek","ftype":460,"lengthKm":0.24,"hu8":"06010106","pid":"132652195"},"geometry":{"type":"MultiLineString","coordinates":[[[-82.95654,35.68016],[-82.95677,35.67929],[-82.95836,35.67929]]]}},{"type":"Feature","properties":{"kind":"minor-water","name":"Polly Elbert Branch","ftype":460,"lengthKm":0.23,"hu8":"06010106","pid":"132645302"},"geometry":{"type":"MultiLineString","coordinates":[[[-83.18696,35.86998],[-83.18941,35.86952]]]}},{"type":"Feature","properties":{"kind":"minor-water","name":"Raven Cliff Branch","ftype":460,"lengthKm":0.63,"hu8":"06010106","pid":"132646918"},"geometry":{"type":"MultiLineString","coordinates":[[[-82.96737,35.75976],[-82.96898,35.76131],[-82.97321,35.76249]]]}},{"type":"Feature","properties":{"kind":"minor-water","name":"Caney Creek","ftype":460,"lengthKm":0.61,"hu8":"06010106","pid":"132647069"},"geometry":{"type":"MultiLineString","coordinates":[[[-83.20163,35.78087],[-83.20222,35.78153],[-83.20245,35.78296],[-83.20321,35.78378],[-83.20355,35.78524],[-83.20406,35.78585]]]}},{"type":"Feature","properties":{"kind":"minor-water","name":"Peter Cove Branch","ftype":460,"lengthKm":0.25,"hu8":"06010106","pid":"132655568"},"geometry":{"type":"MultiLineString","coordinates":[[[-82.90342,35.48481],[-82.90265,35.48267]]]}},{"type":"Feature","properties":{"kind":"minor-water","name":"Mount Sterling Creek","ftype":460,"lengthKm":0.38,"hu8":"06010106","pid":"132648288"},"geometry":{"type":"MultiLineString","coordinates":[[[-83.07876,35.72482],[-83.0781,35.72553],[-83.07792,35.72633],[-83.07605,35.72712]]]}},{"type":"Feature","properties":{"kind":"minor-water","name":"Fine Branch","ftype":460,"lengthKm":0.39,"hu8":"06010106","pid":"132645046"},"geometry":{"type":"MultiLineString","coordinates":[[[-83.21204,35.92814],[-83.21105,35.92763],[-83.2103,35.92761],[-83.20901,35.92831],[-83.2083,35.928]]]}},{"type":"Feature","properties":{"kind":"minor-water","name":"Tom Hall Branch","ftype":460,"lengthKm":0.1,"hu8":"06010106","pid":"132647406"},"geometry":{"type":"MultiLineString","coordinates":[[[-83.0324,35.7527],[-83.03346,35.75268]]]}},{"type":"Feature","properties":{"kind":"minor-water","name":"Kyker Branch","ftype":460,"lengthKm":0.34,"hu8":"06010106","pid":"132645175"},"geometry":{"type":"MultiLineString","coordinates":[[[-83.23592,35.89794],[-83.23565,35.89945],[-83.23663,35.89969],[-83.23603,35.90015]]]}},{"type":"Feature","properties":{"kind":"minor-water","name":"Groundhog Creek","ftype":460,"lengthKm":0.13,"hu8":"06010106","pid":"132646503"},"geometry":{"type":"MultiLineString","coordinates":[[[-83.02663,35.7791],[-83.0267,35.77792]]]}},{"type":"Feature","properties":{"kind":"minor-water","name":"Pisgah Creek","ftype":460,"lengthKm":0.81,"hu8":"06010106","pid":"132656764"},"geometry":{"type":"MultiLineString","coordinates":[[[-82.75285,35.41676],[-82.75541,35.41646],[-82.75899,35.41673],[-82.76167,35.41634]]]}},{"type":"Feature","properties":{"kind":"minor-water","name":"Weaver Branch","ftype":460,"lengthKm":0.8,"hu8":"06010106","pid":"132645587"},"geometry":{"type":"MultiLineString","coordinates":[[[-83.19442,35.83938],[-83.19402,35.83961],[-83.19343,35.83937],[-83.19147,35.83963],[-83.18982,35.84155],[-83.18713,35.8423]]]}},{"type":"Feature","properties":{"kind":"minor-water","name":"Thickety Creek","ftype":460,"lengthKm":0.29,"hu8":"06010106","pid":"132654098"},"geometry":{"type":"MultiLineString","coordinates":[[[-82.86667,35.564],[-82.86604,35.5638],[-82.86539,35.56185]]]}},{"type":"Feature","properties":{"kind":"minor-water","name":"Mill Creek","ftype":460,"lengthKm":0.57,"hu8":"06010106","pid":"132645743"},"geometry":{"type":"MultiLineString","coordinates":[[[-83.14265,35.82207],[-83.14427,35.82161],[-83.14468,35.82021],[-83.14591,35.81915],[-83.14628,35.81837]]]}},{"type":"Feature","properties":{"kind":"minor-water","name":"Caldwell Fork","ftype":460,"lengthKm":0.23,"hu8":"06010106","pid":"132654295"},"geometry":{"type":"MultiLineString","coordinates":[[[-83.12495,35.57698],[-83.12438,35.57774],[-83.12293,35.57787]]]}},{"type":"Feature","properties":{"kind":"minor-water","name":"Bee Branch","ftype":558,"lengthKm":0,"hu8":"06010106","pid":"132657536"},"geometry":{"type":"MultiLineString","coordinates":[[[-82.8107,35.38233],[-82.81073,35.38231]]]}},{"type":"Feature","properties":{"kind":"minor-water","name":"Mouse Creek","ftype":460,"lengthKm":0.31,"hu8":"06010106","pid":"132649293"},"geometry":{"type":"MultiLineString","coordinates":[[[-83.12999,35.71849],[-83.13105,35.72113]]]}},{"type":"Feature","properties":{"kind":"minor-water","name":"Hen Wallow Creek","ftype":460,"lengthKm":0.35,"hu8":"06010106","pid":"132647616"},"geometry":{"type":"MultiLineString","coordinates":[[[-83.24026,35.76912],[-83.2415,35.77061],[-83.24127,35.77199]]]}},{"type":"Feature","properties":{"kind":"minor-water","name":"English Creek","ftype":460,"lengthKm":0.77,"hu8":"06010106","pid":"132645150"},"geometry":{"type":"MultiLineString","coordinates":[[[-83.22852,35.90397],[-83.22847,35.90563],[-83.22555,35.90609],[-83.22428,35.90694],[-83.22297,35.90647],[-83.22255,35.90661]]]}},{"type":"Feature","properties":{"kind":"minor-water","name":"White Oak Creek","ftype":460,"lengthKm":0.22,"hu8":"06010106","pid":"132652713"},"geometry":{"type":"MultiLineString","coordinates":[[[-83.04347,35.66103],[-83.04345,35.66161],[-83.04251,35.66276]]]}},{"type":"Feature","properties":{"kind":"minor-water","name":"Liner Creek","ftype":460,"lengthKm":0.71,"hu8":"06010106","pid":"132653459"},"geometry":{"type":"MultiLineString","coordinates":[[[-82.89454,35.6051],[-82.89575,35.60501],[-82.89864,35.6039],[-82.90201,35.60322]]]}},{"type":"Feature","properties":{"kind":"minor-water","name":"Rough Fork","ftype":460,"lengthKm":0.69,"hu8":"06010106","pid":"132653753"},"geometry":{"type":"MultiLineString","coordinates":[[[-83.12442,35.61104],[-83.12258,35.61253],[-83.12209,35.61455],[-83.12045,35.61605]]]}},{"type":"Feature","properties":{"kind":"minor-water","name":"Painter Branch","ftype":460,"lengthKm":0.28,"hu8":"06010106","pid":"132646353"},"geometry":{"type":"MultiLineString","coordinates":[[[-83.07689,35.78533],[-83.0796,35.78407]]]}},{"type":"Feature","properties":{"kind":"minor-water","name":"Bogard Creek","ftype":460,"lengthKm":1.27,"hu8":"06010106","pid":"132645359"},"geometry":{"type":"MultiLineString","coordinates":[[[-83.2602,35.87762],[-83.25902,35.87511],[-83.25727,35.87431],[-83.25684,35.87342],[-83.25566,35.87246],[-83.25581,35.87166],[-83.25341,35.8713],[-83.25154,35.87]]]}},{"type":"Feature","properties":{"kind":"minor-water","name":"Cataloochee Creek","ftype":558,"lengthKm":0.56,"hu8":"06010106","pid":"132652122"},"geometry":{"type":"MultiLineString","coordinates":[[[-83.0543,35.69372],[-83.05273,35.69378],[-83.04984,35.69317],[-83.04829,35.69367]]]}},{"type":"Feature","properties":{"kind":"minor-water","name":"Pigeonroost Branch","ftype":460,"lengthKm":1.3,"hu8":"06010106","pid":"132645531"},"geometry":{"type":"MultiLineString","coordinates":[[[-83.1709,35.85034],[-83.17162,35.84977],[-83.17153,35.84931],[-83.17216,35.8485],[-83.17412,35.84807],[-83.17613,35.84656],[-83.17718,35.84469],[-83.17783,35.84438],[-83.17781,35.8438],[-83.17835,35.84303],[-83.17922,35.8424],[-83.17916,35.84185]]]}},{"type":"Feature","properties":{"kind":"minor-water","name":"Horse Creek","ftype":460,"lengthKm":2.4,"hu8":"06010106","pid":"132654189"},"geometry":{"type":"MultiLineString","coordinates":[[[-83.17871,35.5885],[-83.17717,35.59025],[-83.17671,35.59144],[-83.17565,35.59274],[-83.17223,35.59449],[-83.16793,35.59595],[-83.16643,35.59699],[-83.16422,35.59738],[-83.16257,35.5981],[-83.16182,35.59914],[-83.16196,35.6006],[-83.16242,35.60128],[-83.16235,35.60238]]]}},{"type":"Feature","properties":{"kind":"minor-water","name":"Beaverdam Creek","ftype":460,"lengthKm":0.04,"hu8":"06010106","pid":"132654144"},"geometry":{"type":"MultiLineString","coordinates":[[[-82.83007,35.55523],[-82.83023,35.55488]]]}},{"type":"Feature","properties":{"kind":"minor-water","name":"Chavis Creek","ftype":460,"lengthKm":0.56,"hu8":"06010106","pid":"132645803"},"geometry":{"type":"MultiLineString","coordinates":[[[-83.25596,35.82648],[-83.25596,35.82718],[-83.25526,35.82784],[-83.25531,35.82824],[-83.25446,35.82843],[-83.25401,35.8291],[-83.25263,35.82905],[-83.25233,35.82945]]]}},{"type":"Feature","properties":{"kind":"minor-water","name":"Carolina Prong","ftype":460,"lengthKm":0.37,"hu8":"06010106","pid":"132647187"},"geometry":{"type":"MultiLineString","coordinates":[[[-83.14369,35.7712],[-83.14145,35.77017],[-83.13992,35.77022]]]}},{"type":"Feature","properties":{"kind":"minor-water","name":"Sally Haynes Branch","ftype":558,"lengthKm":0.01,"hu8":"06010106","pid":"132654504"},"geometry":{"type":"MultiLineString","coordinates":[[[-82.88142,35.54209],[-82.88141,35.54221]]]}},{"type":"Feature","properties":{"kind":"minor-water","name":"Fines Creek","ftype":460,"lengthKm":0.18,"hu8":"06010106","pid":"132649256"},"geometry":{"type":"MultiLineString","coordinates":[[[-82.9292,35.69821],[-82.92939,35.69656]]]}},{"type":"Feature","properties":{"kind":"minor-water","name":"Miller Branch","ftype":460,"lengthKm":0.46,"hu8":"06010106","pid":"132645947"},"geometry":{"type":"MultiLineString","coordinates":[[[-83.16836,35.8049],[-83.17035,35.80617],[-83.17147,35.80803]]]}},{"type":"Feature","properties":{"kind":"minor-water","name":"Sinking Creek","ftype":460,"lengthKm":0.59,"hu8":"06010106","pid":"132645139"},"geometry":{"type":"MultiLineString","coordinates":[[[-83.27914,35.91302],[-83.27832,35.91362],[-83.2771,35.91584],[-83.27574,35.91744]]]}},{"type":"Feature","properties":{"kind":"minor-water","name":"West Fork Campbell Creek","ftype":460,"lengthKm":0.03,"hu8":"06010106","pid":"132656319"},"geometry":{"type":"MultiLineString","coordinates":[[[-83.1268,35.47689],[-83.12677,35.47714]]]}},{"type":"Feature","properties":{"kind":"minor-water","name":"Middle Creek","ftype":460,"lengthKm":0.06,"hu8":"06010106","pid":"132645450"},"geometry":{"type":"MultiLineString","coordinates":[[[-83.2365,35.85817],[-83.23588,35.85837]]]}},{"type":"Feature","properties":{"kind":"minor-water","name":"Cold Springs Creek","ftype":460,"lengthKm":0.19,"hu8":"06010106","pid":"132646532"},"geometry":{"type":"MultiLineString","coordinates":[[[-82.96667,35.7705],[-82.96813,35.76922]]]}},{"type":"Feature","properties":{"kind":"minor-water","name":"Factory Branch","ftype":460,"lengthKm":0.22,"hu8":"06010106","pid":"132655001"},"geometry":{"type":"MultiLineString","coordinates":[[[-82.99717,35.52817],[-82.99585,35.52771],[-82.99535,35.52706]]]}},{"type":"Feature","properties":{"kind":"minor-water","name":"Indian Camp Creek","ftype":460,"lengthKm":0.4,"hu8":"06010106","pid":"132649720"},"geometry":{"type":"MultiLineString","coordinates":[[[-83.26754,35.7235],[-83.26896,35.72426],[-83.27079,35.72593]]]}},{"type":"Feature","properties":{"kind":"minor-water","name":"Middle Creek","ftype":460,"lengthKm":0.41,"hu8":"06010106","pid":"132645532"},"geometry":{"type":"MultiLineString","coordinates":[[[-83.25578,35.85249],[-83.25485,35.85274],[-83.25377,35.85387],[-83.25371,35.85473],[-83.25327,35.85524]]]}},{"type":"Feature","properties":{"kind":"minor-water","name":"Jonathans Creek","ftype":460,"lengthKm":0.53,"hu8":"06010106","pid":"132655321"},"geometry":{"type":"MultiLineString","coordinates":[[[-83.1195,35.52243],[-83.1162,35.5233],[-83.11384,35.52351]]]}},{"type":"Feature","properties":{"kind":"minor-water","name":"Skiffley Creek","ftype":460,"lengthKm":0.11,"hu8":"06010106","pid":"132646985"},"geometry":{"type":"MultiLineString","coordinates":[[[-83.04207,35.767],[-83.04143,35.76618]]]}},{"type":"Feature","properties":{"kind":"minor-water","name":"Leatherwood Branch","ftype":460,"lengthKm":0.47,"hu8":"06010106","pid":"132654025"},"geometry":{"type":"MultiLineString","coordinates":[[[-83.00088,35.58368],[-83.00117,35.58495],[-83.00067,35.58565],[-83.00141,35.58641],[-83.00151,35.58756]]]}},{"type":"Feature","properties":{"kind":"minor-water","name":"Trail Hollow Branch","ftype":460,"lengthKm":0.05,"hu8":"06010106","pid":"132645883"},"geometry":{"type":"MultiLineString","coordinates":[[[-83.14986,35.80548],[-83.14935,35.80566]]]}},{"type":"Feature","properties":{"kind":"minor-water","name":"Fines Creek","ftype":460,"lengthKm":0.46,"hu8":"06010106","pid":"132649507"},"geometry":{"type":"MultiLineString","coordinates":[[[-82.9308,35.69292],[-82.93132,35.69238],[-82.93208,35.69253],[-82.9329,35.69163],[-82.93279,35.68991]]]}},{"type":"Feature","properties":{"kind":"minor-water","name":"Turnpike Creek","ftype":460,"lengthKm":1.43,"hu8":"06010106","pid":"132657791"},"geometry":{"type":"MultiLineString","coordinates":[[[-82.91897,35.37907],[-82.92037,35.37863],[-82.92182,35.37774],[-82.92563,35.37433],[-82.93156,35.37165]]]}},{"type":"Feature","properties":{"kind":"minor-water","name":"Jonathans Creek","ftype":558,"lengthKm":0.27,"hu8":"06010106","pid":"132653755"},"geometry":{"type":"MultiLineString","coordinates":[[[-83.0077,35.60086],[-83.00861,35.60317]]]}},{"type":"Feature","properties":{"kind":"minor-water","name":"Jonathans Creek","ftype":558,"lengthKm":0.08,"hu8":"06010106","pid":"132655116"},"geometry":{"type":"MultiLineString","coordinates":[[[-83.03107,35.52334],[-83.03068,35.52394]]]}},{"type":"Feature","properties":{"kind":"minor-water","name":"Groundhog Creek","ftype":460,"lengthKm":0.6,"hu8":"06010106","pid":"132647082"},"geometry":{"type":"MultiLineString","coordinates":[[[-83.16599,35.77581],[-83.16675,35.77637],[-83.16904,35.7771],[-83.17044,35.77826],[-83.17062,35.77918]]]}},{"type":"Feature","properties":{"kind":"minor-water","name":"Mouse Creek","ftype":460,"lengthKm":0.65,"hu8":"06010106","pid":"132648256"},"geometry":{"type":"MultiLineString","coordinates":[[[-83.13477,35.72953],[-83.13468,35.73238],[-83.13343,35.73426],[-83.13383,35.73504]]]}},{"type":"Feature","properties":{"kind":"minor-water","name":"Cherry Creek","ftype":460,"lengthKm":0.49,"hu8":"06010106","pid":"132645931"},"geometry":{"type":"MultiLineString","coordinates":[[[-82.96087,35.79009],[-82.96083,35.78836],[-82.96152,35.78576]]]}},{"type":"Feature","properties":{"kind":"minor-water","name":"Murray Branch","ftype":558,"lengthKm":0.02,"hu8":"06010106","pid":"132654341"},"geometry":{"type":"MultiLineString","coordinates":[[[-82.85715,35.54579],[-82.85709,35.54562]]]}},{"type":"Feature","properties":{"kind":"minor-water","name":"Little East Fork Pigeon River","ftype":460,"lengthKm":0.21,"hu8":"06010106","pid":"132657046"},"geometry":{"type":"MultiLineString","coordinates":[[[-82.91046,35.42129],[-82.91057,35.42224],[-82.91162,35.42259]]]}},{"type":"Feature","properties":{"kind":"minor-water","name":"Gabes Creek","ftype":460,"lengthKm":1.57,"hu8":"06010106","pid":"132648172"},"geometry":{"type":"MultiLineString","coordinates":[[[-83.24302,35.75117],[-83.24381,35.75266],[-83.24503,35.75324],[-83.24703,35.75362],[-83.24863,35.75533],[-83.25002,35.75606],[-83.25064,35.75711],[-83.25132,35.75755],[-83.2513,35.75872],[-83.25233,35.76173]]]}},{"type":"Feature","properties":{"kind":"minor-water","name":"Hemphill Creek","ftype":460,"lengthKm":0.19,"hu8":"06010106","pid":"132654427"},"geometry":{"type":"MultiLineString","coordinates":[[[-83.06844,35.56545],[-83.06643,35.56592]]]}},{"type":"Feature","properties":{"kind":"minor-water","name":"Richland Creek","ftype":460,"lengthKm":0.17,"hu8":"06010106","pid":"132655894"},"geometry":{"type":"MultiLineString","coordinates":[[[-83.00912,35.47866],[-83.00867,35.48013]]]}},{"type":"Feature","properties":{"kind":"minor-water","name":"Caney Creek","ftype":460,"lengthKm":0.37,"hu8":"06010106","pid":"132646255"},"geometry":{"type":"MultiLineString","coordinates":[[[-83.23344,35.80272],[-83.23399,35.80336],[-83.23462,35.80202],[-83.23511,35.80175],[-83.23581,35.80206]]]}},{"type":"Feature","properties":{"kind":"minor-water","name":"Inadu Creek","ftype":460,"lengthKm":1.6,"hu8":"06010106","pid":"132649076"},"geometry":{"type":"MultiLineString","coordinates":[[[-83.24022,35.72793],[-83.23962,35.73092],[-83.23909,35.73196],[-83.23717,35.73437],[-83.23351,35.73747],[-83.23139,35.74002]]]}},{"type":"Feature","properties":{"kind":"minor-water","name":"Mount Sterling Creek","ftype":460,"lengthKm":0.32,"hu8":"06010106","pid":"132647924"},"geometry":{"type":"MultiLineString","coordinates":[[[-83.07514,35.74501],[-83.07455,35.74706],[-83.0748,35.74777]]]}},{"type":"Feature","properties":{"kind":"minor-water","name":"Cold Springs Creek","ftype":460,"lengthKm":0.32,"hu8":"06010106","pid":"132647786"},"geometry":{"type":"MultiLineString","coordinates":[[[-83.01215,35.74266],[-83.01076,35.74151],[-83.01074,35.7408],[-83.01117,35.7404]]]}},{"type":"Feature","properties":{"kind":"minor-water","name":"Messer Branch","ftype":460,"lengthKm":0.43,"hu8":"06010106","pid":"132652669"},"geometry":{"type":"MultiLineString","coordinates":[[[-83.01373,35.66828],[-83.01361,35.66907],[-83.01463,35.67033],[-83.01445,35.67105],[-83.01479,35.67179]]]}},{"type":"Feature","properties":{"kind":"minor-water","name":"Jonathans Creek","ftype":558,"lengthKm":0.41,"hu8":"06010106","pid":"132653906"},"geometry":{"type":"MultiLineString","coordinates":[[[-83.00788,35.59301],[-83.00756,35.59672]]]}},{"type":"Feature","properties":{"kind":"minor-water","name":"Pisgah Creek","ftype":460,"lengthKm":0.66,"hu8":"06010106","pid":"132656924"},"geometry":{"type":"MultiLineString","coordinates":[[[-82.77435,35.4113],[-82.78037,35.41465]]]}},{"type":"Feature","properties":{"kind":"minor-water","name":"Thickety Creek","ftype":460,"lengthKm":0.45,"hu8":"06010106","pid":"132654065"},"geometry":{"type":"MultiLineString","coordinates":[[[-82.86694,35.56794],[-82.86739,35.56682],[-82.86667,35.564]]]}},{"type":"Feature","properties":{"kind":"minor-water","name":"Weaver Branch","ftype":460,"lengthKm":1.32,"hu8":"06010106","pid":"132645779"},"geometry":{"type":"MultiLineString","coordinates":[[[-83.20282,35.82216],[-83.20373,35.82448],[-83.20465,35.82577],[-83.2055,35.82828],[-83.20571,35.82929],[-83.20533,35.83066],[-83.20631,35.83349]]]}},{"type":"Feature","properties":{"kind":"minor-water","name":"McMahan Branch","ftype":460,"lengthKm":0.45,"hu8":"06010106","pid":"132645101"},"geometry":{"type":"MultiLineString","coordinates":[[[-83.163,35.90685],[-83.1664,35.90697],[-83.16785,35.90745]]]}},{"type":"Feature","properties":{"kind":"minor-water","name":"Palmer Creek","ftype":460,"lengthKm":0.88,"hu8":"06010106","pid":"132653325"},"geometry":{"type":"MultiLineString","coordinates":[[[-83.12727,35.63801],[-83.12647,35.63761],[-83.12619,35.63612],[-83.12528,35.63524],[-83.12352,35.63585],[-83.12256,35.63582],[-83.1211,35.63665],[-83.12026,35.63668]]]}},{"type":"Feature","properties":{"kind":"minor-water","name":"Pigeon River","ftype":558,"lengthKm":0.35,"hu8":"06010106","pid":"132654398"},"geometry":{"type":"MultiLineString","coordinates":[[[-82.87009,35.54592],[-82.87369,35.54483]]]}},{"type":"Feature","properties":{"kind":"minor-water","name":"Rough Fork","ftype":460,"lengthKm":0.15,"hu8":"06010106","pid":"132653503"},"geometry":{"type":"MultiLineString","coordinates":[[[-83.11264,35.62493],[-83.11132,35.62571]]]}},{"type":"Feature","properties":{"kind":"minor-water","name":"Correll Branch","ftype":460,"lengthKm":1.34,"hu8":"06010106","pid":"132652177"},"geometry":{"type":"MultiLineString","coordinates":[[[-83.11998,35.70087],[-83.11798,35.7004],[-83.11513,35.69866],[-83.11241,35.69798],[-83.10903,35.69641],[-83.1073,35.69604],[-83.10665,35.69619]]]}},{"type":"Feature","properties":{"kind":"minor-water","name":"Jonathans Creek","ftype":558,"lengthKm":0.44,"hu8":"06010106","pid":"132653669"},"geometry":{"type":"MultiLineString","coordinates":[[[-83.00896,35.60432],[-83.00873,35.60495],[-83.00899,35.60564],[-83.01134,35.60733]]]}},{"type":"Feature","properties":{"kind":"minor-water","name":"Browning Branch","ftype":460,"lengthKm":0.15,"hu8":"06010106","pid":"132656496"},"geometry":{"type":"MultiLineString","coordinates":[[[-83.00152,35.45649],[-83.00138,35.45712],[-83.00074,35.45756]]]}},{"type":"Feature","properties":{"kind":"minor-water","name":"Pine Tree Cove Creek","ftype":558,"lengthKm":0.01,"hu8":"06010106","pid":"132655344"},"geometry":{"type":"MultiLineString","coordinates":[[[-83.06684,35.514],[-83.06681,35.51409]]]}},{"type":"Feature","properties":{"kind":"minor-water","name":"Stingy Branch","ftype":460,"lengthKm":0.15,"hu8":"06010106","pid":"132654263"},"geometry":{"type":"MultiLineString","coordinates":[[[-82.97761,35.56416],[-82.97621,35.56489]]]}},{"type":"Feature","properties":{"kind":"minor-water","name":"Big Creek","ftype":460,"lengthKm":0.35,"hu8":"06010106","pid":"132657504"},"geometry":{"type":"MultiLineString","coordinates":[[[-82.94114,35.39864],[-82.93905,35.39861],[-82.93757,35.39774]]]}},{"type":"Feature","properties":{"kind":"minor-water","name":"Palmer Branch","ftype":460,"lengthKm":0.76,"hu8":"06010106","pid":"132653592"},"geometry":{"type":"MultiLineString","coordinates":[[[-83.08534,35.61613],[-83.08615,35.61713],[-83.08823,35.61865],[-83.08827,35.62029],[-83.08889,35.62125],[-83.08881,35.62191]]]}},{"type":"Feature","properties":{"kind":"minor-water","name":"Caldwell Fork","ftype":460,"lengthKm":0.15,"hu8":"06010106","pid":"132653798"},"geometry":{"type":"MultiLineString","coordinates":[[[-83.09974,35.60674],[-83.09815,35.60712]]]}},{"type":"Feature","properties":{"kind":"minor-water","name":"Little Cataloochee Creek","ftype":460,"lengthKm":0.59,"hu8":"06010106","pid":"132652624"},"geometry":{"type":"MultiLineString","coordinates":[[[-83.08324,35.66965],[-83.08109,35.66936],[-83.07849,35.66967],[-83.07717,35.6706]]]}},{"type":"Feature","properties":{"kind":"minor-water","name":"Henderson Branch","ftype":460,"lengthKm":0.72,"hu8":"06010106","pid":"132656538"},"geometry":{"type":"MultiLineString","coordinates":[[[-82.85297,35.43816],[-82.85007,35.43736],[-82.84774,35.438],[-82.84582,35.43922]]]}},{"type":"Feature","properties":{"kind":"minor-water","name":"Wesley Creek","ftype":460,"lengthKm":0.36,"hu8":"06010106","pid":"132648074"},"geometry":{"type":"MultiLineString","coordinates":[[[-82.95022,35.7283],[-82.95079,35.72507]]]}},{"type":"Feature","properties":{"kind":"minor-water","name":"Cripple Creek","ftype":460,"lengthKm":0.37,"hu8":"06010106","pid":"132645522"},"geometry":{"type":"MultiLineString","coordinates":[[[-83.11601,35.8391],[-83.11916,35.8391],[-83.12002,35.83878]]]}},{"type":"Feature","properties":{"kind":"minor-water","name":"Caldwell Fork","ftype":460,"lengthKm":0.67,"hu8":"06010106","pid":"132654116"},"geometry":{"type":"MultiLineString","coordinates":[[[-83.12006,35.58811],[-83.11745,35.5888],[-83.11526,35.58843],[-83.11475,35.58878],[-83.11304,35.58909]]]}},{"type":"Feature","properties":{"kind":"minor-water","name":"Rush Fork","ftype":460,"lengthKm":2.81,"hu8":"06010106","pid":"132652840"},"geometry":{"type":"MultiLineString","coordinates":[[[-82.91691,35.64929],[-82.92395,35.6478],[-82.92627,35.64637],[-82.92805,35.64605],[-82.92949,35.64501],[-82.93471,35.64413],[-82.93802,35.64188],[-82.93961,35.64143],[-82.93985,35.63992],[-82.94054,35.63964],[-82.94089,35.63856],[-82.94206,35.63748]]]}},{"type":"Feature","properties":{"kind":"minor-water","name":"Fines Creek","ftype":460,"lengthKm":0.1,"hu8":"06010106","pid":"132652234"},"geometry":{"type":"MultiLineString","coordinates":[[[-82.96011,35.67871],[-82.9612,35.6787]]]}},{"type":"Feature","properties":{"kind":"minor-water","name":"Woody Branch","ftype":460,"lengthKm":0.33,"hu8":"06010106","pid":"132652598"},"geometry":{"type":"MultiLineString","coordinates":[[[-83.11809,35.67731],[-83.11664,35.67609],[-83.11623,35.67482]]]}},{"type":"Feature","properties":{"kind":"minor-water","name":"Steestachee Branch","ftype":558,"lengthKm":0.11,"hu8":"06010106","pid":"132657278"},"geometry":{"type":"MultiLineString","coordinates":[[[-83.01073,35.41896],[-83.00981,35.41956]]]}},{"type":"Feature","properties":{"kind":"minor-water","name":"Groundhog Creek","ftype":460,"lengthKm":0.09,"hu8":"06010106","pid":"132645981"},"geometry":{"type":"MultiLineString","coordinates":[[[-83.17997,35.80559],[-83.18,35.80638]]]}},{"type":"Feature","properties":{"kind":"minor-water","name":"Gilliland Fork","ftype":460,"lengthKm":1.17,"hu8":"06010106","pid":"132647352"},"geometry":{"type":"MultiLineString","coordinates":[[[-83.19159,35.77277],[-83.19439,35.77218],[-83.19662,35.77339],[-83.19713,35.77397],[-83.19719,35.77472],[-83.19869,35.77657],[-83.2008,35.77712],[-83.20127,35.77749]]]}},{"type":"Feature","properties":{"kind":"minor-water","name":"Richland Creek","ftype":558,"lengthKm":0.19,"hu8":"06010106","pid":"132655825"},"geometry":{"type":"MultiLineString","coordinates":[[[-83.00844,35.4803],[-83.00743,35.48179]]]}},{"type":"Feature","properties":{"kind":"minor-water","name":"Snowbird Creek","ftype":460,"lengthKm":0.2,"hu8":"06010106","pid":"132646323"},"geometry":{"type":"MultiLineString","coordinates":[[[-83.05814,35.78311],[-83.05952,35.78311],[-83.06008,35.78266]]]}},{"type":"Feature","properties":{"kind":"minor-water","name":"Rocky Branch","ftype":460,"lengthKm":0.68,"hu8":"06010106","pid":"132652741"},"geometry":{"type":"MultiLineString","coordinates":[[[-83.00212,35.65394],[-82.99858,35.65433],[-82.99516,35.65589]]]}},{"type":"Feature","properties":{"kind":"minor-water","name":"Rough Fork","ftype":460,"lengthKm":0.41,"hu8":"06010106","pid":"132653649"},"geometry":{"type":"MultiLineString","coordinates":[[[-83.11883,35.61836],[-83.11834,35.61982],[-83.11668,35.62152]]]}},{"type":"Feature","properties":{"kind":"minor-water","name":"Middle Creek","ftype":460,"lengthKm":0.15,"hu8":"06010106","pid":"132645588"},"geometry":{"type":"MultiLineString","coordinates":[[[-83.26248,35.84609],[-83.26249,35.84642],[-83.2615,35.84707]]]}},{"type":"Feature","properties":{"kind":"minor-water","name":"Fines Creek","ftype":460,"lengthKm":0.24,"hu8":"06010106","pid":"132652334"},"geometry":{"type":"MultiLineString","coordinates":[[[-82.974,35.67477],[-82.97462,35.675],[-82.97656,35.67462]]]}},{"type":"Feature","properties":{"kind":"minor-water","name":"Trail Hollow Branch","ftype":460,"lengthKm":0.22,"hu8":"06010106","pid":"132645905"},"geometry":{"type":"MultiLineString","coordinates":[[[-83.15206,35.80458],[-83.14986,35.80548]]]}},{"type":"Feature","properties":{"kind":"minor-water","name":"Pigeon River","ftype":558,"lengthKm":0.06,"hu8":"06010106","pid":"132652542"},"geometry":{"type":"MultiLineString","coordinates":[[[-82.9941,35.66559],[-82.99462,35.66596]]]}},{"type":"Feature","properties":{"kind":"minor-water","name":"Den Branch","ftype":460,"lengthKm":0.31,"hu8":"06010106","pid":"132653513"},"geometry":{"type":"MultiLineString","coordinates":[[[-83.07755,35.61941],[-83.07884,35.61996],[-83.07946,35.62147]]]}},{"type":"Feature","properties":{"kind":"minor-water","name":"Burnett Creek","ftype":460,"lengthKm":0.41,"hu8":"06010106","pid":"132656258"},"geometry":{"type":"MultiLineString","coordinates":[[[-82.83536,35.44775],[-82.83583,35.44969],[-82.8357,35.45063],[-82.83505,35.45116]]]}},{"type":"Feature","properties":{"kind":"minor-water","name":"Big Creek","ftype":460,"lengthKm":0.66,"hu8":"06010106","pid":"132650407"},"geometry":{"type":"MultiLineString","coordinates":[[[-83.16669,35.71118],[-83.1656,35.71361],[-83.16559,35.71557],[-83.16421,35.71643]]]}},{"type":"Feature","properties":{"kind":"minor-water","name":"Laurel Branch","ftype":460,"lengthKm":0.2,"hu8":"06010106","pid":"132652350"},"geometry":{"type":"MultiLineString","coordinates":[[[-83.0021,35.69933],[-83.00277,35.6976]]]}},{"type":"Feature","properties":{"kind":"minor-water","name":"Sinking Creek","ftype":460,"lengthKm":1.48,"hu8":"06010106","pid":"132652258"},"geometry":{"type":"MultiLineString","coordinates":[[[-83.2174,35.70476],[-83.21611,35.70771],[-83.21484,35.70879],[-83.21382,35.71032],[-83.21277,35.71087],[-83.21197,35.71212],[-83.21087,35.71231],[-83.21039,35.7127],[-83.20925,35.71558]]]}},{"type":"Feature","properties":{"kind":"minor-water","name":"Groundhog Creek","ftype":460,"lengthKm":1.17,"hu8":"06010106","pid":"132647434"},"geometry":{"type":"MultiLineString","coordinates":[[[-83.16166,35.76633],[-83.16285,35.77045],[-83.16301,35.77248],[-83.16365,35.77304],[-83.16401,35.77394],[-83.1656,35.77498],[-83.16599,35.77581]]]}},{"type":"Feature","properties":{"kind":"minor-water","name":"Caney Creek","ftype":460,"lengthKm":0.17,"hu8":"06010106","pid":"132646301"},"geometry":{"type":"MultiLineString","coordinates":[[[-83.23971,35.80266],[-83.24022,35.80251],[-83.24106,35.80341]]]}},{"type":"Feature","properties":{"kind":"minor-water","name":"Hen Wallow Creek","ftype":460,"lengthKm":0.86,"hu8":"06010106","pid":"132647568"},"geometry":{"type":"MultiLineString","coordinates":[[[-83.24127,35.77199],[-83.24092,35.77238],[-83.24082,35.77362],[-83.2412,35.77449],[-83.24076,35.77603],[-83.24118,35.77663],[-83.24128,35.7794]]]}},{"type":"Feature","properties":{"kind":"minor-water","name":"Jonathans Creek","ftype":460,"lengthKm":0.48,"hu8":"06010106","pid":"132655347"},"geometry":{"type":"MultiLineString","coordinates":[[[-83.08396,35.51782],[-83.08201,35.51768],[-83.08046,35.51528]]]}},{"type":"Feature","properties":{"kind":"minor-water","name":"Bogard Creek","ftype":460,"lengthKm":0.46,"hu8":"06010106","pid":"132645311"},"geometry":{"type":"MultiLineString","coordinates":[[[-83.27975,35.87859],[-83.27877,35.87857],[-83.27703,35.87942],[-83.27502,35.87971]]]}},{"type":"Feature","properties":{"kind":"minor-water","name":"Nick Creek","ftype":460,"lengthKm":0.59,"hu8":"06010106","pid":"132656754"},"geometry":{"type":"MultiLineString","coordinates":[[[-82.95112,35.4402],[-82.94934,35.43913],[-82.94551,35.43754]]]}},{"type":"Feature","properties":{"kind":"minor-water","name":"Swallow Fork","ftype":460,"lengthKm":0.76,"hu8":"06010106","pid":"132649775"},"geometry":{"type":"MultiLineString","coordinates":[[[-83.16281,35.71019],[-83.16353,35.71217],[-83.16546,35.71456],[-83.16418,35.71568],[-83.16419,35.71608]]]}},{"type":"Feature","properties":{"kind":"minor-water","name":"Little Nettle Branch","ftype":460,"lengthKm":1.48,"hu8":"06010106","pid":"132652254"},"geometry":{"type":"MultiLineString","coordinates":[[[-83.20265,35.70301],[-83.19989,35.70687],[-83.1999,35.71121],[-83.20033,35.71445],[-83.1996,35.71551]]]}},{"type":"Feature","properties":{"kind":"minor-water","name":"Rough Fork","ftype":460,"lengthKm":1.18,"hu8":"06010106","pid":"132654001"},"geometry":{"type":"MultiLineString","coordinates":[[[-83.15478,35.60539],[-83.15237,35.60449],[-83.15018,35.60205],[-83.14861,35.60128],[-83.1465,35.59959],[-83.14525,35.59967],[-83.14483,35.60011]]]}},{"type":"Feature","properties":{"kind":"minor-water","name":"Indian Camp Creek","ftype":460,"lengthKm":0.59,"hu8":"06010106","pid":"132649639"},"geometry":{"type":"MultiLineString","coordinates":[[[-83.27079,35.72593],[-83.27148,35.72733],[-83.2718,35.73115]]]}},{"type":"Feature","properties":{"kind":"minor-water","name":"Shiny Creek","ftype":460,"lengthKm":0.07,"hu8":"06010106","pid":"132657759"},"geometry":{"type":"MultiLineString","coordinates":[[[-82.9918,35.38249],[-82.99154,35.38308]]]}},{"type":"Feature","properties":{"kind":"minor-water","name":"East Fork Pigeon River","ftype":558,"lengthKm":0.22,"hu8":"06010106","pid":"132656002"},"geometry":{"type":"MultiLineString","coordinates":[[[-82.85842,35.46126],[-82.86013,35.45988]]]}},{"type":"Feature","properties":{"kind":"minor-water","name":"Pretty Hollow Creek","ftype":460,"lengthKm":1.9,"hu8":"06010106","pid":"132652715"},"geometry":{"type":"MultiLineString","coordinates":[[[-83.14137,35.68505],[-83.14061,35.68325],[-83.13952,35.68252],[-83.13927,35.68194],[-83.13893,35.68067],[-83.13906,35.67934],[-83.13784,35.67868],[-83.13687,35.67586],[-83.13556,35.67424],[-83.1355,35.67274],[-83.13682,35.66965]]]}},{"type":"Feature","properties":{"kind":"minor-water","name":"Pigeon River","ftype":558,"lengthKm":0.52,"hu8":"06010106","pid":"132654969"},"geometry":{"type":"MultiLineString","coordinates":[[[-82.85626,35.51364],[-82.85628,35.5141],[-82.8557,35.51459],[-82.85199,35.51642]]]}},{"type":"Feature","properties":{"kind":"minor-water","name":"Arrington Branch","ftype":460,"lengthKm":0.2,"hu8":"06010106","pid":"132652689"},"geometry":{"type":"MultiLineString","coordinates":[[[-82.97823,35.65662],[-82.97989,35.65787]]]}},{"type":"Feature","properties":{"kind":"minor-water","name":"Greenbrier Creek","ftype":460,"lengthKm":0.43,"hu8":"06010106","pid":"132646615"},"geometry":{"type":"MultiLineString","coordinates":[[[-83.24221,35.79588],[-83.24175,35.79843],[-83.24241,35.7996]]]}},{"type":"Feature","properties":{"kind":"minor-water","name":"Bailey Branch","ftype":460,"lengthKm":0.56,"hu8":"06010106","pid":"132645459"},"geometry":{"type":"MultiLineString","coordinates":[[[-83.28037,35.86421],[-83.27994,35.86244],[-83.27951,35.86195],[-83.2764,35.86133]]]}},{"type":"Feature","properties":{"kind":"minor-water","name":"Bear Branch","ftype":460,"lengthKm":0.09,"hu8":"06010106","pid":"132647222"},"geometry":{"type":"MultiLineString","coordinates":[[[-82.99033,35.75317],[-82.99131,35.75287]]]}},{"type":"Feature","properties":{"kind":"minor-water","name":"Fall Branch","ftype":460,"lengthKm":0.07,"hu8":"06010106","pid":"132647123"},"geometry":{"type":"MultiLineString","coordinates":[[[-82.96417,35.75291],[-82.96496,35.75277]]]}},{"type":"Feature","properties":{"kind":"minor-water","name":"Allen Creek","ftype":460,"lengthKm":0.4,"hu8":"06010106","pid":"132656850"},"geometry":{"type":"MultiLineString","coordinates":[[[-83.0085,35.4404],[-83.00768,35.44148],[-83.0074,35.44311],[-83.00696,35.44366]]]}},{"type":"Feature","properties":{"kind":"minor-water","name":"Wesley Creek","ftype":460,"lengthKm":0.14,"hu8":"06010106","pid":"132648284"},"geometry":{"type":"MultiLineString","coordinates":[[[-82.94616,35.70961],[-82.94691,35.70853]]]}},{"type":"Feature","properties":{"kind":"minor-water","name":"Fines Creek","ftype":460,"lengthKm":0.51,"hu8":"06010106","pid":"132649620"},"geometry":{"type":"MultiLineString","coordinates":[[[-82.93279,35.68991],[-82.93361,35.68948],[-82.9359,35.69],[-82.9373,35.68959],[-82.93813,35.68964]]]}},{"type":"Feature","properties":{"kind":"minor-water","name":"Cold Springs Creek","ftype":460,"lengthKm":0.48,"hu8":"06010106","pid":"132646320"},"geometry":{"type":"MultiLineString","coordinates":[[[-82.95998,35.77402],[-82.9648,35.77211]]]}},{"type":"Feature","properties":{"kind":"minor-water","name":"Coldspring Branch","ftype":460,"lengthKm":0.97,"hu8":"06010106","pid":"132645204"},"geometry":{"type":"MultiLineString","coordinates":[[[-83.25532,35.89896],[-83.24952,35.89655],[-83.24522,35.89662]]]}},{"type":"Feature","properties":{"kind":"minor-water","name":"Grassy Branch","ftype":460,"lengthKm":0.29,"hu8":"06010106","pid":"132647556"},"geometry":{"type":"MultiLineString","coordinates":[[[-83.00393,35.74524],[-83.00545,35.74623],[-83.00667,35.74639]]]}},{"type":"Feature","properties":{"kind":"minor-water","name":"Pigeon River","ftype":558,"lengthKm":0.25,"hu8":"06010106","pid":"132652729"},"geometry":{"type":"MultiLineString","coordinates":[[[-82.99475,35.65162],[-82.99271,35.6532]]]}},{"type":"Feature","properties":{"kind":"minor-water","name":"Toms Creek","ftype":460,"lengthKm":0.91,"hu8":"06010106","pid":"132647890"},"geometry":{"type":"MultiLineString","coordinates":[[[-83.1823,35.75353],[-83.18265,35.75422],[-83.18502,35.7565],[-83.18666,35.75761],[-83.18823,35.75788],[-83.18938,35.75897]]]}},{"type":"Feature","properties":{"kind":"minor-water","name":"Snowbird Creek","ftype":460,"lengthKm":0.16,"hu8":"06010106","pid":"132646669"},"geometry":{"type":"MultiLineString","coordinates":[[[-83.07258,35.77701],[-83.07426,35.77667]]]}},{"type":"Feature","properties":{"kind":"minor-water","name":"Mill Creek","ftype":460,"lengthKm":0.56,"hu8":"06010106","pid":"132645555"},"geometry":{"type":"MultiLineString","coordinates":[[[-83.13868,35.84334],[-83.13819,35.84145],[-83.13989,35.83865]]]}},{"type":"Feature","properties":{"kind":"minor-water","name":"Tobes Creek","ftype":460,"lengthKm":0.12,"hu8":"06010106","pid":"132646788"},"geometry":{"type":"MultiLineString","coordinates":[[[-83.12277,35.77898],[-83.12165,35.77953]]]}},{"type":"Feature","properties":{"kind":"minor-water","name":"O'Neil Branch","ftype":460,"lengthKm":0.18,"hu8":"06010106","pid":"132644884"},"geometry":{"type":"MultiLineString","coordinates":[[[-83.22593,35.97838],[-83.22512,35.97801],[-83.22454,35.97731]]]}},{"type":"Feature","properties":{"kind":"minor-water","name":"Long Branch","ftype":558,"lengthKm":0.02,"hu8":"06010106","pid":"132654106"},"geometry":{"type":"MultiLineString","coordinates":[[[-82.95147,35.57122],[-82.95171,35.57124]]]}},{"type":"Feature","properties":{"kind":"minor-water","name":"Stingy Branch","ftype":460,"lengthKm":1.02,"hu8":"06010106","pid":"132654241"},"geometry":{"type":"MultiLineString","coordinates":[[[-82.96924,35.56393],[-82.9674,35.56658],[-82.96547,35.5683],[-82.96443,35.56881],[-82.96223,35.56897],[-82.96143,35.56978]]]}},{"type":"Feature","properties":{"kind":"minor-water","name":"Sinking Creek","ftype":460,"lengthKm":0.08,"hu8":"06010106","pid":"132644927"},"geometry":{"type":"MultiLineString","coordinates":[[[-83.24877,35.96725],[-83.24784,35.96737]]]}},{"type":"Feature","properties":{"kind":"minor-water","name":"Allen Creek","ftype":558,"lengthKm":0.08,"hu8":"06010106","pid":"132657284"},"geometry":{"type":"MultiLineString","coordinates":[[[-83.00824,35.41856],[-83.00892,35.41817]]]}},{"type":"Feature","properties":{"kind":"minor-water","name":"Mossy Branch","ftype":460,"lengthKm":2.48,"hu8":"06010106","pid":"132653378"},"geometry":{"type":"MultiLineString","coordinates":[[[-83.10625,35.64819],[-83.10922,35.64475],[-83.10935,35.64322],[-83.1087,35.64255],[-83.1092,35.64066],[-83.10976,35.63988],[-83.10968,35.63916],[-83.1104,35.63694],[-83.1095,35.63501],[-83.10844,35.63392],[-83.10785,35.63202],[-83.1064,35.62936],[-83.10456,35.62959]]]}},{"type":"Feature","properties":{"kind":"minor-water","name":"Rube Rock Branch","ftype":460,"lengthKm":0.54,"hu8":"06010106","pid":"132647336"},"geometry":{"type":"MultiLineString","coordinates":[[[-83.02606,35.7585],[-83.02671,35.75841],[-83.02866,35.75719],[-83.03146,35.75698]]]}},{"type":"Feature","properties":{"kind":"minor-water","name":"Crabtree Creek","ftype":460,"lengthKm":0.81,"hu8":"06010106","pid":"132653614"},"geometry":{"type":"MultiLineString","coordinates":[[[-82.94297,35.60253],[-82.94699,35.60018],[-82.94843,35.60003],[-82.95093,35.60057]]]}},{"type":"Feature","properties":{"kind":"minor-water","name":"Big Branch","ftype":460,"lengthKm":0.42,"hu8":"06010106","pid":"132653963"},"geometry":{"type":"MultiLineString","coordinates":[[[-82.94065,35.57938],[-82.94526,35.57977]]]}},{"type":"Feature","properties":{"kind":"minor-water","name":"Raccoon Creek","ftype":460,"lengthKm":1.28,"hu8":"06010106","pid":"132655319"},"geometry":{"type":"MultiLineString","coordinates":[[[-82.96324,35.50529],[-82.96401,35.506],[-82.96485,35.50765],[-82.96653,35.50854],[-82.96723,35.50935],[-82.96842,35.51201],[-82.96862,35.5139],[-82.96955,35.51508]]]}},{"type":"Feature","properties":{"kind":"minor-water","name":"Caldwell Fork","ftype":460,"lengthKm":0.19,"hu8":"06010106","pid":"132654168"},"geometry":{"type":"MultiLineString","coordinates":[[[-83.12168,35.58612],[-83.12202,35.58694],[-83.12144,35.58762]]]}},{"type":"Feature","properties":{"kind":"minor-water","name":"Rock Creek","ftype":460,"lengthKm":1.66,"hu8":"06010106","pid":"132648244"},"geometry":{"type":"MultiLineString","coordinates":[[[-83.21573,35.74826],[-83.21587,35.74861],[-83.21435,35.75113],[-83.21449,35.75181],[-83.21397,35.75292],[-83.21413,35.75505],[-83.21345,35.75569],[-83.21322,35.75723],[-83.21207,35.75872],[-83.21217,35.75929],[-83.2115,35.75967],[-83.21178,35.76053],[-83.21068,35.76091],[-83.21052,35.76137]]]}},{"type":"Feature","properties":{"kind":"minor-water","name":"West Fork Pigeon River","ftype":558,"lengthKm":0.4,"hu8":"06010106","pid":"132655676"},"geometry":{"type":"MultiLineString","coordinates":[[[-82.88471,35.47157],[-82.8841,35.47292],[-82.88391,35.47505]]]}},{"type":"Feature","properties":{"kind":"minor-water","name":"Robinson Creek","ftype":460,"lengthKm":3.74,"hu8":"06010106","pid":"132647452"},"geometry":{"type":"MultiLineString","coordinates":[[[-83.17142,35.767],[-83.17322,35.76914],[-83.17539,35.77278],[-83.17666,35.77344],[-83.17926,35.77405],[-83.18064,35.7747],[-83.18112,35.77575],[-83.18234,35.77683],[-83.18408,35.77738],[-83.18652,35.77925],[-83.18796,35.77937],[-83.19011,35.78059],[-83.1917,35.78275],[-83.19165,35.78343],[-83.19211,35.78426],[-83.19279,35.78466],[-83.19445,35.78694],[-83.19495,35.78891],[-83.1943,35.78954],[-83.19433,35.79044],[-83.19386,35.79139]]]}},{"type":"Feature","properties":{"kind":"minor-water","name":"Mossy Branch","ftype":460,"lengthKm":0.44,"hu8":"06010106","pid":"132653388"},"geometry":{"type":"MultiLineString","coordinates":[[[-83.09832,35.62825],[-83.09352,35.62864]]]}},{"type":"Feature","properties":{"kind":"minor-water","name":"Plott Creek","ftype":460,"lengthKm":0.29,"hu8":"06010106","pid":"132655986"},"geometry":{"type":"MultiLineString","coordinates":[[[-83.04655,35.48216],[-83.04456,35.48138],[-83.04406,35.48071]]]}},{"type":"Feature","properties":{"kind":"minor-water","name":"Gilliland Fork","ftype":460,"lengthKm":0.49,"hu8":"06010106","pid":"132647340"},"geometry":{"type":"MultiLineString","coordinates":[[[-83.18641,35.77271],[-83.18827,35.77275],[-83.19025,35.77237],[-83.19115,35.77243],[-83.19159,35.77277]]]}},{"type":"Feature","properties":{"kind":"minor-water","name":"Toms Creek","ftype":460,"lengthKm":0.58,"hu8":"06010106","pid":"132647691"},"geometry":{"type":"MultiLineString","coordinates":[[[-83.20438,35.76248],[-83.20511,35.76254],[-83.20652,35.76325],[-83.2081,35.76274],[-83.20906,35.76315],[-83.21033,35.76307]]]}},{"type":"Feature","properties":{"kind":"minor-water","name":"Shanty Branch","ftype":460,"lengthKm":2.07,"hu8":"06010106","pid":"132653538"},"geometry":{"type":"MultiLineString","coordinates":[[[-83.14339,35.6313],[-83.14154,35.63075],[-83.13906,35.63098],[-83.13802,35.63049],[-83.135,35.63071],[-83.13354,35.62985],[-83.13224,35.6296],[-83.13001,35.62813],[-83.12926,35.62632],[-83.12752,35.6256],[-83.12666,35.62483],[-83.1257,35.62366],[-83.12576,35.62298]]]}},{"type":"Feature","properties":{"kind":"minor-water","name":"East Fork Pigeon River","ftype":558,"lengthKm":0.13,"hu8":"06010106","pid":"132656070"},"geometry":{"type":"MultiLineString","coordinates":[[[-82.86789,35.45733],[-82.86934,35.45754]]]}},{"type":"Feature","properties":{"kind":"minor-water","name":"Snelson Branch","ftype":460,"lengthKm":0.27,"hu8":"06010106","pid":"132652681"},"geometry":{"type":"MultiLineString","coordinates":[[[-83.05701,35.66408],[-83.0541,35.66369]]]}},{"type":"Feature","properties":{"kind":"minor-water","name":"Palmer Creek","ftype":558,"lengthKm":0.54,"hu8":"06010106","pid":"132653408"},"geometry":{"type":"MultiLineString","coordinates":[[[-83.09913,35.62751],[-83.09537,35.62763],[-83.09345,35.6286]]]}},{"type":"Feature","properties":{"kind":"minor-water","name":"Fines Creek","ftype":460,"lengthKm":0.4,"hu8":"06010106","pid":"132652324"},"geometry":{"type":"MultiLineString","coordinates":[[[-82.98587,35.68037],[-82.98639,35.67928],[-82.98594,35.6769]]]}},{"type":"Feature","properties":{"kind":"minor-water","name":"Sinking Creek","ftype":460,"lengthKm":1.22,"hu8":"06010106","pid":"132644908"},"geometry":{"type":"MultiLineString","coordinates":[[[-83.23601,35.97223],[-83.2344,35.97253],[-83.23155,35.97466],[-83.22647,35.97578],[-83.22507,35.97716],[-83.22454,35.97731]]]}},{"type":"Feature","properties":{"kind":"minor-water","name":"Right Fork Cove Creek","ftype":460,"lengthKm":0.18,"hu8":"06010106","pid":"132653384"},"geometry":{"type":"MultiLineString","coordinates":[[[-83.04045,35.62288],[-83.03903,35.62233],[-83.03895,35.62199]]]}},{"type":"Feature","properties":{"kind":"minor-water","name":"Bird Creek","ftype":460,"lengthKm":0.29,"hu8":"06010106","pid":"132655915"},"geometry":{"type":"MultiLineString","coordinates":[[[-82.91538,35.46993],[-82.91412,35.46864],[-82.91387,35.46773]]]}},{"type":"Feature","properties":{"kind":"minor-water","name":"Kyker Branch","ftype":460,"lengthKm":0.11,"hu8":"06010106","pid":"132645224"},"geometry":{"type":"MultiLineString","coordinates":[[[-83.25738,35.89039],[-83.25613,35.89045]]]}},{"type":"Feature","properties":{"kind":"minor-water","name":"Swallow Fork","ftype":460,"lengthKm":0.84,"hu8":"06010106","pid":"132651141"},"geometry":{"type":"MultiLineString","coordinates":[[[-83.15698,35.70586],[-83.15748,35.70667],[-83.15885,35.70737],[-83.15996,35.70767],[-83.16075,35.70722],[-83.16123,35.70729],[-83.16248,35.70883],[-83.16281,35.71019]]]}},{"type":"Feature","properties":{"kind":"minor-water","name":"Cold Creek","ftype":558,"lengthKm":0.01,"hu8":"06010106","pid":"132656690"},"geometry":{"type":"MultiLineString","coordinates":[[[-82.81254,35.42567],[-82.81245,35.42567]]]}},{"type":"Feature","properties":{"kind":"minor-water","name":"Bennett Branch","ftype":460,"lengthKm":1.2,"hu8":"06010106","pid":"132645618"},"geometry":{"type":"MultiLineString","coordinates":[[[-83.11169,35.83507],[-83.11456,35.83509],[-83.11583,35.83478],[-83.11767,35.83315],[-83.12043,35.83169],[-83.12182,35.82942]]]}},{"type":"Feature","properties":{"kind":"minor-water","name":"Fines Creek","ftype":460,"lengthKm":0.62,"hu8":"06010106","pid":"132648278"},"geometry":{"type":"MultiLineString","coordinates":[[[-82.92841,35.70715],[-82.92807,35.70614],[-82.92853,35.7052],[-82.92741,35.70335],[-82.92759,35.7027],[-82.92834,35.70222]]]}},{"type":"Feature","properties":{"kind":"minor-water","name":"Beaverdam Creek","ftype":460,"lengthKm":0.64,"hu8":"06010106","pid":"132653117"},"geometry":{"type":"MultiLineString","coordinates":[[[-82.83125,35.61441],[-82.83053,35.61231],[-82.83053,35.60877]]]}},{"type":"Feature","properties":{"kind":"minor-water","name":"Campbell Creek","ftype":460,"lengthKm":0.74,"hu8":"06010106","pid":"132655753"},"geometry":{"type":"MultiLineString","coordinates":[[[-83.11612,35.49425],[-83.11611,35.49586],[-83.11397,35.49762],[-83.11349,35.49914],[-83.1123,35.49941]]]}},{"type":"Feature","properties":{"kind":"minor-water","name":"Lost Bottom Creek","ftype":460,"lengthKm":0.73,"hu8":"06010106","pid":"132653068"},"geometry":{"type":"MultiLineString","coordinates":[[[-83.1672,35.6514],[-83.16489,35.64965],[-83.16269,35.64971],[-83.16109,35.64796]]]}},{"type":"Feature","properties":{"kind":"minor-water","name":"Groundhog Creek","ftype":460,"lengthKm":0.67,"hu8":"06010106","pid":"132646104"},"geometry":{"type":"MultiLineString","coordinates":[[[-83.18851,35.80203],[-83.18646,35.80259],[-83.18543,35.80353],[-83.18469,35.80479],[-83.18379,35.80532],[-83.18292,35.80536]]]}},{"type":"Feature","properties":{"kind":"minor-water","name":"Caney Creek","ftype":460,"lengthKm":0.2,"hu8":"06010106","pid":"132646469"},"geometry":{"type":"MultiLineString","coordinates":[[[-83.21269,35.79651],[-83.21407,35.79727],[-83.21428,35.79772]]]}},{"type":"Feature","properties":{"kind":"minor-water","name":"White Oak Creek","ftype":460,"lengthKm":0.21,"hu8":"06010106","pid":"132652737"},"geometry":{"type":"MultiLineString","coordinates":[[[-83.04613,35.65835],[-83.04471,35.65934],[-83.04424,35.65925]]]}},{"type":"Feature","properties":{"kind":"minor-water","name":"East Fork Campbell Creek","ftype":460,"lengthKm":0.22,"hu8":"06010106","pid":"132656337"},"geometry":{"type":"MultiLineString","coordinates":[[[-83.11392,35.47467],[-83.113,35.4765]]]}},{"type":"Feature","properties":{"kind":"minor-water","name":"Pigeon River","ftype":558,"lengthKm":0.25,"hu8":"06010106","pid":"132654598"},"geometry":{"type":"MultiLineString","coordinates":[[[-82.89246,35.54156],[-82.89216,35.54041],[-82.8928,35.53948]]]}},{"type":"Feature","properties":{"kind":"minor-water","name":"Groundhog Creek","ftype":460,"lengthKm":0.11,"hu8":"06010106","pid":"132646909"},"geometry":{"type":"MultiLineString","coordinates":[[[-83.02845,35.76698],[-83.02957,35.76667]]]}},{"type":"Feature","properties":{"kind":"minor-water","name":"Prophet Branch","ftype":460,"lengthKm":1.66,"hu8":"06010106","pid":"132648115"},"geometry":{"type":"MultiLineString","coordinates":[[[-83.15401,35.74919],[-83.15337,35.74844],[-83.15145,35.74745],[-83.15161,35.74647],[-83.15093,35.74537],[-83.14925,35.74382],[-83.14877,35.7426],[-83.14801,35.74225],[-83.14756,35.7407],[-83.14623,35.73947],[-83.14488,35.73705]]]}},{"type":"Feature","properties":{"kind":"minor-water","name":"Big Creek","ftype":460,"lengthKm":0.46,"hu8":"06010106","pid":"132649812"},"geometry":{"type":"MultiLineString","coordinates":[[[-83.18753,35.71606],[-83.18653,35.71489],[-83.18463,35.7145],[-83.18379,35.71362]]]}},{"type":"Feature","properties":{"kind":"minor-water","name":"Dawn Branch","ftype":460,"lengthKm":0.52,"hu8":"06010106","pid":"132653868"},"geometry":{"type":"MultiLineString","coordinates":[[[-82.96383,35.58653],[-82.96282,35.58783],[-82.96108,35.58864],[-82.96036,35.58868],[-82.96001,35.58951]]]}},{"type":"Feature","properties":{"kind":"minor-water","name":"Dogwood Flats Creek","ftype":460,"lengthKm":0.18,"hu8":"06010106","pid":"132648268"},"geometry":{"type":"MultiLineString","coordinates":[[[-83.07392,35.72612],[-83.07388,35.72773]]]}},{"type":"Feature","properties":{"kind":"minor-water","name":"Inadu Creek","ftype":460,"lengthKm":1.55,"hu8":"06010106","pid":"132648252"},"geometry":{"type":"MultiLineString","coordinates":[[[-83.2289,35.7412],[-83.22764,35.74192],[-83.22618,35.74231],[-83.22339,35.74411],[-83.22024,35.74375],[-83.21921,35.74416],[-83.21824,35.74549],[-83.21723,35.74602],[-83.21573,35.74826]]]}},{"type":"Feature","properties":{"kind":"minor-water","name":"Tinker Branch","ftype":460,"lengthKm":0.04,"hu8":"06010106","pid":"132646235"},"geometry":{"type":"MultiLineString","coordinates":[[[-83.12945,35.79204],[-83.12926,35.79234]]]}},{"type":"Feature","properties":{"kind":"minor-water","name":"East Fork Pigeon River","ftype":460,"lengthKm":0.35,"hu8":"06010106","pid":"132657709"},"geometry":{"type":"MultiLineString","coordinates":[[[-82.816,35.3677],[-82.81534,35.37081]]]}},{"type":"Feature","properties":{"kind":"minor-water","name":"West Fork Pigeon River","ftype":460,"lengthKm":0.33,"hu8":"06010106","pid":"132657949"},"geometry":{"type":"MultiLineString","coordinates":[[[-82.90922,35.32759],[-82.90926,35.32831],[-82.90828,35.3291],[-82.90826,35.33022]]]}},{"type":"Feature","properties":{"kind":"minor-water","name":"Cove Creek","ftype":460,"lengthKm":0.23,"hu8":"06010106","pid":"132653639"},"geometry":{"type":"MultiLineString","coordinates":[[[-83.01453,35.60708],[-83.01199,35.60708]]]}},{"type":"Feature","properties":{"kind":"minor-water","name":"Rocky Branch","ftype":460,"lengthKm":0.3,"hu8":"06010106","pid":"132656477"},"geometry":{"type":"MultiLineString","coordinates":[[[-82.89448,35.44489],[-82.89578,35.44739]]]}},{"type":"Feature","properties":{"kind":"minor-water","name":"Crabtree Creek","ftype":460,"lengthKm":0.13,"hu8":"06010106","pid":"132653633"},"geometry":{"type":"MultiLineString","coordinates":[[[-82.92026,35.59638],[-82.92157,35.59687]]]}},{"type":"Feature","properties":{"kind":"minor-water","name":"Caldwell Fork","ftype":460,"lengthKm":0.18,"hu8":"06010106","pid":"132653916"},"geometry":{"type":"MultiLineString","coordinates":[[[-83.10325,35.59961],[-83.10274,35.59987],[-83.10233,35.60091]]]}},{"type":"Feature","properties":{"kind":"minor-water","name":"Toms Branch","ftype":460,"lengthKm":0.34,"hu8":"06010106","pid":"132648254"},"geometry":{"type":"MultiLineString","coordinates":[[[-82.99718,35.71508],[-82.99791,35.71591],[-82.9986,35.71614],[-82.99875,35.71661],[-82.99976,35.71713]]]}},{"type":"Feature","properties":{"kind":"minor-water","name":"Pigeon River","ftype":558,"lengthKm":0.24,"hu8":"06010106","pid":"132652486"},"geometry":{"type":"MultiLineString","coordinates":[[[-83.00307,35.67082],[-83.00572,35.67053]]]}},{"type":"Feature","properties":{"kind":"minor-water","name":"Chestnut Orchard Branch","ftype":460,"lengthKm":0.13,"hu8":"06010106","pid":"132646602"},"geometry":{"type":"MultiLineString","coordinates":[[[-83.01954,35.7717],[-83.021,35.77168]]]}},{"type":"Feature","properties":{"kind":"minor-water","name":"Mount Sterling Creek","ftype":460,"lengthKm":0.51,"hu8":"06010106","pid":"132649094"},"geometry":{"type":"MultiLineString","coordinates":[[[-83.08974,35.71572],[-83.08879,35.71717],[-83.08717,35.71835],[-83.08648,35.71941]]]}},{"type":"Feature","properties":{"kind":"minor-water","name":"Bogard Creek","ftype":558,"lengthKm":0.03,"hu8":"06010106","pid":"132645348"},"geometry":{"type":"MultiLineString","coordinates":[[[-83.23759,35.86993],[-83.23726,35.86996]]]}},{"type":"Feature","properties":{"kind":"minor-water","name":"Indian Camp Creek","ftype":460,"lengthKm":1.18,"hu8":"06010106","pid":"132650055"},"geometry":{"type":"MultiLineString","coordinates":[[[-83.25665,35.71878],[-83.2583,35.72089],[-83.26113,35.72251],[-83.26754,35.7235]]]}},{"type":"Feature","properties":{"kind":"minor-water","name":"Middle Creek","ftype":460,"lengthKm":0.2,"hu8":"06010106","pid":"132645520"},"geometry":{"type":"MultiLineString","coordinates":[[[-83.28545,35.85756],[-83.28465,35.85751],[-83.28365,35.85676]]]}},{"type":"Feature","properties":{"kind":"minor-water","name":"Pisgah Creek","ftype":460,"lengthKm":0.16,"hu8":"06010106","pid":"132656800"},"geometry":{"type":"MultiLineString","coordinates":[[[-82.81024,35.42122],[-82.81179,35.42183]]]}},{"type":"Feature","properties":{"kind":"minor-water","name":"Beech Creek","ftype":460,"lengthKm":0.26,"hu8":"06010106","pid":"132653258"},"geometry":{"type":"MultiLineString","coordinates":[[[-83.19175,35.64561],[-83.19011,35.64572],[-83.18901,35.64537]]]}},{"type":"Feature","properties":{"kind":"minor-water","name":"Ephraim Branch","ftype":460,"lengthKm":0.28,"hu8":"06010106","pid":"132646243"},"geometry":{"type":"MultiLineString","coordinates":[[[-83.01411,35.78062],[-83.01545,35.78069],[-83.01683,35.77984]]]}},{"type":"Feature","properties":{"kind":"minor-water","name":"Rathbone Branch","ftype":460,"lengthKm":0.25,"hu8":"06010106","pid":"132652743"},"geometry":{"type":"MultiLineString","coordinates":[[[-82.97869,35.64924],[-82.97956,35.6498],[-82.98042,35.65094]]]}},{"type":"Feature","properties":{"kind":"minor-water","name":"Palmer Creek","ftype":558,"lengthKm":0.86,"hu8":"06010106","pid":"132653441"},"geometry":{"type":"MultiLineString","coordinates":[[[-83.1085,35.62639],[-83.1054,35.62702],[-83.09913,35.62751]]]}},{"type":"Feature","properties":{"kind":"minor-water","name":"Garrett Creek","ftype":460,"lengthKm":0.18,"hu8":"06010106","pid":"132654817"},"geometry":{"type":"MultiLineString","coordinates":[[[-83.01001,35.54267],[-83.01199,35.54261]]]}},{"type":"Feature","properties":{"kind":"minor-water","name":"South Fork Bogard Creek","ftype":460,"lengthKm":0.18,"hu8":"06010106","pid":"132645346"},"geometry":{"type":"MultiLineString","coordinates":[[[-83.28747,35.87586],[-83.28559,35.87627]]]}},{"type":"Feature","properties":{"kind":"minor-water","name":"Fines Creek","ftype":460,"lengthKm":0.05,"hu8":"06010106","pid":"132648107"},"geometry":{"type":"MultiLineString","coordinates":[[[-82.92798,35.71402],[-82.92819,35.71356]]]}},{"type":"Feature","properties":{"kind":"minor-water","name":"Middle Creek","ftype":460,"lengthKm":0.34,"hu8":"06010106","pid":"132645583"},"geometry":{"type":"MultiLineString","coordinates":[[[-83.2615,35.84707],[-83.26109,35.84822],[-83.26005,35.84843],[-83.25944,35.84927]]]}},{"type":"Feature","properties":{"kind":"minor-water","name":"McClure Creek","ftype":460,"lengthKm":0.41,"hu8":"06010106","pid":"132657052"},"geometry":{"type":"MultiLineString","coordinates":[[[-82.96213,35.426],[-82.96113,35.42619],[-82.95962,35.42717],[-82.95811,35.42763]]]}},{"type":"Feature","properties":{"kind":"minor-water","name":"Webb Branch","ftype":460,"lengthKm":0.05,"hu8":"06010106","pid":"132647071"},"geometry":{"type":"MultiLineString","coordinates":[[[-83.22914,35.78317],[-83.22958,35.78349]]]}},{"type":"Feature","properties":{"kind":"minor-water","name":"Woody Creek","ftype":460,"lengthKm":1.02,"hu8":"06010106","pid":"132654170"},"geometry":{"type":"MultiLineString","coordinates":[[[-83.1617,35.58946],[-83.16113,35.58996],[-83.15964,35.59049],[-83.15298,35.59219],[-83.1514,35.59293]]]}},{"type":"Feature","properties":{"kind":"minor-water","name":"Skiffley Creek","ftype":460,"lengthKm":0.16,"hu8":"06010106","pid":"132646967"},"geometry":{"type":"MultiLineString","coordinates":[[[-83.04358,35.76772],[-83.04207,35.767]]]}},{"type":"Feature","properties":{"kind":"minor-water","name":"Laurel Creek","ftype":460,"lengthKm":0.43,"hu8":"06010106","pid":"132647238"},"geometry":{"type":"MultiLineString","coordinates":[[[-83.09797,35.76467],[-83.09861,35.76474],[-83.0993,35.76421],[-83.10027,35.76447],[-83.1011,35.76435],[-83.1019,35.76522]]]}},{"type":"Feature","properties":{"kind":"minor-water","name":"Old Bald Creek","ftype":460,"lengthKm":0.44,"hu8":"06010106","pid":"132657444"},"geometry":{"type":"MultiLineString","coordinates":[[[-83.01824,35.41019],[-83.01511,35.41239],[-83.01437,35.41241]]]}},{"type":"Feature","properties":{"kind":"minor-water","name":"Holly Bottom Branch","ftype":460,"lengthKm":0.51,"hu8":"06010106","pid":"132646504"},"geometry":{"type":"MultiLineString","coordinates":[[[-83.04173,35.7834],[-83.04108,35.78223],[-83.03733,35.78088]]]}},{"type":"Feature","properties":{"kind":"minor-water","name":"Big Creek","ftype":460,"lengthKm":0.21,"hu8":"06010106","pid":"132649893"},"geometry":{"type":"MultiLineString","coordinates":[[[-83.20188,35.71572],[-83.20099,35.71583],[-83.1996,35.71551]]]}},{"type":"Feature","properties":{"kind":"minor-water","name":"Mill Creek","ftype":460,"lengthKm":0.44,"hu8":"06010106","pid":"132645703"},"geometry":{"type":"MultiLineString","coordinates":[[[-83.14187,35.82582],[-83.14214,35.82524],[-83.14207,35.82272],[-83.14265,35.82207]]]}},{"type":"Feature","properties":{"kind":"minor-water","name":"South Fork Bogard Creek","ftype":460,"lengthKm":0.27,"hu8":"06010106","pid":"132645368"},"geometry":{"type":"MultiLineString","coordinates":[[[-83.29767,35.87487],[-83.29472,35.87536]]]}},{"type":"Feature","properties":{"kind":"minor-water","name":"Bear Branch","ftype":460,"lengthKm":0.1,"hu8":"06010106","pid":"132647210"},"geometry":{"type":"MultiLineString","coordinates":[[[-82.98927,35.75328],[-82.99033,35.75317]]]}},{"type":"Feature","properties":{"kind":"minor-water","name":"East Fork Pigeon River","ftype":558,"lengthKm":0.07,"hu8":"06010106","pid":"132655962"},"geometry":{"type":"MultiLineString","coordinates":[[[-82.84108,35.45905],[-82.84096,35.45965]]]}},{"type":"Feature","properties":{"kind":"minor-water","name":"East Fork Campbell Creek","ftype":460,"lengthKm":0.67,"hu8":"06010106","pid":"132656096"},"geometry":{"type":"MultiLineString","coordinates":[[[-83.11172,35.48297],[-83.11157,35.48499],[-83.11318,35.48787],[-83.11307,35.48873]]]}},{"type":"Feature","properties":{"kind":"minor-water","name":"Cherry Cove Creek","ftype":460,"lengthKm":0.64,"hu8":"06010106","pid":"132657745"},"geometry":{"type":"MultiLineString","coordinates":[[[-83.01667,35.38717],[-83.01402,35.38913],[-83.01222,35.3897],[-83.01127,35.3907]]]}},{"type":"Feature","properties":{"kind":"minor-water","name":"Rogers Cove Creek","ftype":460,"lengthKm":0.65,"hu8":"06010106","pid":"132653540"},"geometry":{"type":"MultiLineString","coordinates":[[[-82.9002,35.59793],[-82.90062,35.59804],[-82.90105,35.5993],[-82.90121,35.60251],[-82.90201,35.60322]]]}},{"type":"Feature","properties":{"kind":"minor-water","name":"Shelton Branch","ftype":460,"lengthKm":0.41,"hu8":"06010106","pid":"132656046"},"geometry":{"type":"MultiLineString","coordinates":[[[-82.98131,35.47099],[-82.98235,35.47251],[-82.9843,35.4736]]]}},{"type":"Feature","properties":{"kind":"minor-water","name":"Big Bald Branch","ftype":460,"lengthKm":0.83,"hu8":"06010106","pid":"132654608"},"geometry":{"type":"MultiLineString","coordinates":[[[-83.1159,35.56385],[-83.11863,35.56592],[-83.11955,35.56753],[-83.11949,35.56866],[-83.12005,35.57008]]]}},{"type":"Feature","properties":{"kind":"minor-water","name":"Pigeon River","ftype":558,"lengthKm":0.02,"hu8":"06010106","pid":"132654602"},"geometry":{"type":"MultiLineString","coordinates":[[[-82.8928,35.53948],[-82.89299,35.53941]]]}},{"type":"Feature","properties":{"kind":"minor-water","name":"West Fork Campbell Creek","ftype":460,"lengthKm":0.3,"hu8":"06010106","pid":"132656264"},"geometry":{"type":"MultiLineString","coordinates":[[[-83.12569,35.4795],[-83.12552,35.48038],[-83.12593,35.48212]]]}},{"type":"Feature","properties":{"kind":"minor-water","name":"Richland Creek","ftype":558,"lengthKm":0.47,"hu8":"06010106","pid":"132654869"},"geometry":{"type":"MultiLineString","coordinates":[[[-82.96189,35.53178],[-82.96116,35.53393],[-82.96002,35.53452],[-82.95897,35.53466]]]}},{"type":"Feature","properties":{"kind":"minor-water","name":"Pigeon River","ftype":558,"lengthKm":0.19,"hu8":"06010106","pid":"132651634"},"geometry":{"type":"MultiLineString","coordinates":[[[-83.04829,35.69367],[-83.05005,35.69468]]]}},{"type":"Feature","properties":{"kind":"minor-water","name":"Mill Creek","ftype":460,"lengthKm":0.8,"hu8":"06010106","pid":"132645489"},"geometry":{"type":"MultiLineString","coordinates":[[[-83.13924,35.85053],[-83.13868,35.84334]]]}},{"type":"Feature","properties":{"kind":"minor-water","name":"Flat Branch","ftype":460,"lengthKm":0.51,"hu8":"06010106","pid":"132647121"},"geometry":{"type":"MultiLineString","coordinates":[[[-83.08498,35.76581],[-83.08495,35.7704]]]}},{"type":"Feature","properties":{"kind":"minor-water","name":"Parks Branch","ftype":460,"lengthKm":0.53,"hu8":"06010106","pid":"132654055"},"geometry":{"type":"MultiLineString","coordinates":[[[-83.00678,35.57653],[-83.008,35.57842],[-83.00796,35.58028],[-83.00826,35.58097]]]}},{"type":"Feature","properties":{"kind":"minor-water","name":"Jonathans Creek","ftype":558,"lengthKm":0.05,"hu8":"06010106","pid":"132653186"},"geometry":{"type":"MultiLineString","coordinates":[[[-83.00742,35.62549],[-83.00711,35.62586]]]}},{"type":"Feature","properties":{"kind":"minor-water","name":"Laurel Branch","ftype":460,"lengthKm":0.2,"hu8":"06010106","pid":"132645105"},"geometry":{"type":"MultiLineString","coordinates":[[[-83.22959,35.91259],[-83.22826,35.91261],[-83.22776,35.9132]]]}},{"type":"Feature","properties":{"kind":"minor-water","name":"Pretty Hollow Creek","ftype":460,"lengthKm":1,"hu8":"06010106","pid":"132653248"},"geometry":{"type":"MultiLineString","coordinates":[[[-83.13321,35.65117],[-83.13256,35.65088],[-83.13256,35.64985],[-83.13189,35.64869],[-83.12992,35.64768],[-83.12966,35.64555],[-83.12999,35.64496],[-83.12962,35.64359]]]}},{"type":"Feature","properties":{"kind":"minor-water","name":"Pigeonroost Branch","ftype":460,"lengthKm":0.82,"hu8":"06010106","pid":"132645409"},"geometry":{"type":"MultiLineString","coordinates":[[[-83.15253,35.8598],[-83.15453,35.8592],[-83.15505,35.85771],[-83.15579,35.85679],[-83.15693,35.85635],[-83.15739,35.8556],[-83.15857,35.85503]]]}},{"type":"Feature","properties":{"kind":"minor-water","name":"Tobes Creek","ftype":460,"lengthKm":0.05,"hu8":"06010106","pid":"132646874"},"geometry":{"type":"MultiLineString","coordinates":[[[-83.12841,35.77797],[-83.12785,35.77798]]]}},{"type":"Feature","properties":{"kind":"minor-water","name":"Turnalay Creek","ftype":460,"lengthKm":0.6,"hu8":"06010106","pid":"132645686"},"geometry":{"type":"MultiLineString","coordinates":[[[-83.1016,35.8237],[-83.10524,35.82373],[-83.10809,35.82308]]]}},{"type":"Feature","properties":{"kind":"minor-water","name":"Mill Creek","ftype":460,"lengthKm":0.8,"hu8":"06010106","pid":"132645669"},"geometry":{"type":"MultiLineString","coordinates":[[[-83.13952,35.83219],[-83.13883,35.83118],[-83.14008,35.82988],[-83.14151,35.82604],[-83.14187,35.82582]]]}},{"type":"Feature","properties":{"kind":"minor-water","name":"Jonathans Creek","ftype":460,"lengthKm":0.45,"hu8":"06010106","pid":"132655544"},"geometry":{"type":"MultiLineString","coordinates":[[[-83.14556,35.51108],[-83.14516,35.51122],[-83.14431,35.5126],[-83.14235,35.514]]]}},{"type":"Feature","properties":{"kind":"minor-water","name":"Hungry Creek","ftype":460,"lengthKm":0.53,"hu8":"06010106","pid":"132657181"},"geometry":{"type":"MultiLineString","coordinates":[[[-82.80222,35.40148],[-82.80429,35.401],[-82.80661,35.40165],[-82.80785,35.40151]]]}},{"type":"Feature","properties":{"kind":"minor-water","name":"Cove Creek","ftype":460,"lengthKm":0.08,"hu8":"06010106","pid":"132652250"},"geometry":{"type":"MultiLineString","coordinates":[[[-82.95137,35.67684],[-82.95206,35.67645]]]}},{"type":"Feature","properties":{"kind":"minor-water","name":"Pigeon River","ftype":558,"lengthKm":0.4,"hu8":"06010106","pid":"132654227"},"geometry":{"type":"MultiLineString","coordinates":[[[-82.95569,35.56329],[-82.95681,35.5646],[-82.9564,35.56659]]]}},{"type":"Feature","properties":{"kind":"minor-water","name":"Bald Creek","ftype":460,"lengthKm":0.66,"hu8":"06010106","pid":"132653301"},"geometry":{"type":"MultiLineString","coordinates":[[[-82.89775,35.61776],[-82.89791,35.61598],[-82.89682,35.61269],[-82.89709,35.61198]]]}},{"type":"Feature","properties":{"kind":"minor-water","name":"Laurel Creek","ftype":460,"lengthKm":0.49,"hu8":"06010106","pid":"132647598"},"geometry":{"type":"MultiLineString","coordinates":[[[-83.08913,35.75464],[-83.0903,35.75577],[-83.09137,35.75854]]]}},{"type":"Feature","properties":{"kind":"minor-water","name":"West Fork Pigeon River","ftype":558,"lengthKm":0.04,"hu8":"06010106","pid":"132657733"},"geometry":{"type":"MultiLineString","coordinates":[[[-82.93927,35.37927],[-82.93915,35.37966]]]}},{"type":"Feature","properties":{"kind":"minor-water","name":"Right Hand Prong West Fork Pigeon River","ftype":460,"lengthKm":0.32,"hu8":"06010106","pid":"132657844"},"geometry":{"type":"MultiLineString","coordinates":[[[-82.95491,35.36805],[-82.95369,35.36773],[-82.9516,35.36836]]]}},{"type":"Feature","properties":{"kind":"minor-water","name":"Garden Creek","ftype":460,"lengthKm":0.16,"hu8":"06010106","pid":"132655222"},"geometry":{"type":"MultiLineString","coordinates":[[[-82.84615,35.49797],[-82.84671,35.49851],[-82.84757,35.4984]]]}},{"type":"Feature","properties":{"kind":"minor-water","name":"Pigeon River","ftype":558,"lengthKm":0.03,"hu8":"06010106","pid":"132658513"},"geometry":{"type":"MultiLineString","coordinates":[[[-82.99963,35.62666],[-82.99975,35.62694]]]}},{"type":"Feature","properties":{"kind":"minor-water","name":"Factory Branch","ftype":460,"lengthKm":0.41,"hu8":"06010106","pid":"132655018"},"geometry":{"type":"MultiLineString","coordinates":[[[-82.98568,35.5251],[-82.98444,35.52481],[-82.98404,35.52496],[-82.98155,35.52385]]]}},{"type":"Feature","properties":{"kind":"minor-water","name":"Chavis Creek","ftype":460,"lengthKm":0.66,"hu8":"06010106","pid":"132647059"},"geometry":{"type":"MultiLineString","coordinates":[[[-83.28163,35.78832],[-83.2819,35.78851],[-83.2821,35.79037],[-83.2816,35.79226],[-83.28221,35.79351],[-83.28199,35.79397]]]}},{"type":"Feature","properties":{"kind":"minor-water","name":"Indian Camp Creek","ftype":460,"lengthKm":0.96,"hu8":"06010106","pid":"132647447"},"geometry":{"type":"MultiLineString","coordinates":[[[-83.26678,35.77741],[-83.26689,35.77822],[-83.26563,35.77847],[-83.26504,35.77915],[-83.26401,35.77917],[-83.26276,35.77962],[-83.26106,35.78071],[-83.26016,35.78286]]]}},{"type":"Feature","properties":{"kind":"minor-water","name":"Laurel Branch","ftype":460,"lengthKm":0.33,"hu8":"06010106","pid":"132645068"},"geometry":{"type":"MultiLineString","coordinates":[[[-83.23908,35.92718],[-83.23834,35.92423]]]}},{"type":"Feature","properties":{"kind":"minor-water","name":"Leatherwood Branch","ftype":460,"lengthKm":0.89,"hu8":"06010106","pid":"132647618"},"geometry":{"type":"MultiLineString","coordinates":[[[-83.12468,35.75612],[-83.12404,35.75724],[-83.12316,35.75744],[-83.1194,35.75685],[-83.11756,35.75577],[-83.11628,35.75575]]]}},{"type":"Feature","properties":{"kind":"minor-water","name":"Leatherwood Branch","ftype":460,"lengthKm":1.18,"hu8":"06010106","pid":"132647604"},"geometry":{"type":"MultiLineString","coordinates":[[[-83.11628,35.75575],[-83.11351,35.75554],[-83.11219,35.75604],[-83.11083,35.75602],[-83.10873,35.75518],[-83.10742,35.75502],[-83.10442,35.75689]]]}},{"type":"Feature","properties":{"kind":"minor-water","name":"Pretty Hollow Creek","ftype":460,"lengthKm":0.2,"hu8":"06010106","pid":"132652725"},"geometry":{"type":"MultiLineString","coordinates":[[[-83.13682,35.66965],[-83.13732,35.66792]]]}},{"type":"Feature","properties":{"kind":"minor-water","name":"Turnalay Creek","ftype":460,"lengthKm":0.53,"hu8":"06010106","pid":"132645678"},"geometry":{"type":"MultiLineString","coordinates":[[[-83.12434,35.82576],[-83.12469,35.82595],[-83.1263,35.82488],[-83.12955,35.82425]]]}},{"type":"Feature","properties":{"kind":"minor-water","name":"Carolina Prong","ftype":460,"lengthKm":0.97,"hu8":"06010106","pid":"132647135"},"geometry":{"type":"MultiLineString","coordinates":[[[-83.13326,35.77079],[-83.13226,35.773],[-83.1315,35.77366],[-83.13088,35.77547],[-83.12995,35.7758],[-83.12785,35.77798]]]}},{"type":"Feature","properties":{"kind":"minor-water","name":"Correll Branch","ftype":460,"lengthKm":0.3,"hu8":"06010106","pid":"132652531"},"geometry":{"type":"MultiLineString","coordinates":[[[-83.08892,35.67963],[-83.08875,35.6769]]]}},{"type":"Feature","properties":{"kind":"minor-water","name":"Deep Gap Creek","ftype":460,"lengthKm":0.19,"hu8":"06010106","pid":"132657346"},"geometry":{"type":"MultiLineString","coordinates":[[[-82.97839,35.41129],[-82.98022,35.41215]]]}},{"type":"Feature","properties":{"kind":"minor-water","name":"Wesley Creek","ftype":460,"lengthKm":0.32,"hu8":"06010106","pid":"132649471"},"geometry":{"type":"MultiLineString","coordinates":[[[-82.94699,35.69867],[-82.94728,35.69582]]]}},{"type":"Feature","properties":{"kind":"minor-water","name":"Chestnut Branch","ftype":460,"lengthKm":0.07,"hu8":"06010106","pid":"132647550"},"geometry":{"type":"MultiLineString","coordinates":[[[-83.12745,35.75891],[-83.12668,35.75882]]]}},{"type":"Feature","properties":{"kind":"minor-water","name":"Long Branch","ftype":460,"lengthKm":0.44,"hu8":"06010106","pid":"132656246"},"geometry":{"type":"MultiLineString","coordinates":[[[-82.81052,35.44691],[-82.81159,35.44728],[-82.81227,35.44721],[-82.81473,35.44578]]]}},{"type":"Feature","properties":{"kind":"minor-water","name":"Middle Prong West Fork Pigeon River","ftype":460,"lengthKm":0.34,"hu8":"06010106","pid":"132657937"},"geometry":{"type":"MultiLineString","coordinates":[[[-82.94375,35.33712],[-82.94334,35.33887],[-82.94364,35.34008]]]}},{"type":"Feature","properties":{"kind":"minor-water","name":"Caney Creek","ftype":460,"lengthKm":0.9,"hu8":"06010106","pid":"132646887"},"geometry":{"type":"MultiLineString","coordinates":[[[-83.20406,35.78585],[-83.20637,35.78668],[-83.20686,35.78758],[-83.20718,35.78927],[-83.207,35.78993],[-83.20763,35.79149],[-83.20703,35.79245]]]}},{"type":"Feature","properties":{"kind":"minor-water","name":"Cove Creek","ftype":460,"lengthKm":0.18,"hu8":"06010106","pid":"132652242"},"geometry":{"type":"MultiLineString","coordinates":[[[-82.93942,35.67583],[-82.9414,35.67562]]]}},{"type":"Feature","properties":{"kind":"minor-water","name":"Bearpen Branch","ftype":558,"lengthKm":0.17,"hu8":"06010106","pid":"132657163"},"geometry":{"type":"MultiLineString","coordinates":[[[-83.00744,35.42468],[-83.00795,35.42452],[-83.00837,35.42476],[-83.00904,35.42443]]]}},{"type":"Feature","properties":{"kind":"minor-water","name":"Richland Creek","ftype":460,"lengthKm":0.19,"hu8":"06010106","pid":"132657020"},"geometry":{"type":"MultiLineString","coordinates":[[[-83.07333,35.44143],[-83.07294,35.44215],[-83.07203,35.44267]]]}},{"type":"Feature","properties":{"kind":"minor-water","name":"Cameron Branch","ftype":460,"lengthKm":0.7,"hu8":"06010106","pid":"132645165"},"geometry":{"type":"MultiLineString","coordinates":[[[-83.13443,35.88955],[-83.13669,35.89068],[-83.13886,35.89251],[-83.14084,35.89272]]]}},{"type":"Feature","properties":{"kind":"minor-water","name":"Shiny Creek","ftype":460,"lengthKm":0.52,"hu8":"06010106","pid":"132657574"},"geometry":{"type":"MultiLineString","coordinates":[[[-82.98924,35.39833],[-82.99032,35.40017],[-82.99089,35.40058],[-82.9907,35.40189],[-82.99106,35.40255]]]}},{"type":"Feature","properties":{"kind":"minor-water","name":"East Fork Pigeon River","ftype":558,"lengthKm":0.18,"hu8":"06010106","pid":"132655935"},"geometry":{"type":"MultiLineString","coordinates":[[[-82.85138,35.46058],[-82.85319,35.46127]]]}},{"type":"Feature","properties":{"kind":"minor-water","name":"Pigeon River","ftype":558,"lengthKm":0.12,"hu8":"06010106","pid":"132654448"},"geometry":{"type":"MultiLineString","coordinates":[[[-82.87642,35.54391],[-82.87753,35.54334]]]}},{"type":"Feature","properties":{"kind":"minor-water","name":"Mulbrook Branch","ftype":460,"lengthKm":0.3,"hu8":"06010106","pid":"132653323"},"geometry":{"type":"MultiLineString","coordinates":[[[-82.93291,35.61653],[-82.93403,35.616],[-82.93449,35.61436]]]}},{"type":"Feature","properties":{"kind":"minor-water","name":"Chambers Branch","ftype":558,"lengthKm":0.01,"hu8":"06010106","pid":"132654718"},"geometry":{"type":"MultiLineString","coordinates":[[[-82.90805,35.53518],[-82.90798,35.5351]]]}},{"type":"Feature","properties":{"kind":"minor-water","name":"Factory Branch","ftype":460,"lengthKm":0.19,"hu8":"06010106","pid":"132654987"},"geometry":{"type":"MultiLineString","coordinates":[[[-82.99896,35.52901],[-82.99717,35.52817]]]}},{"type":"Feature","properties":{"kind":"minor-water","name":"Messer Branch","ftype":460,"lengthKm":0.62,"hu8":"06010106","pid":"132645380"},"geometry":{"type":"MultiLineString","coordinates":[[[-83.13434,35.85797],[-83.13238,35.85791],[-83.13115,35.85741],[-83.13065,35.85709],[-83.1299,35.85553],[-83.12915,35.85532]]]}},{"type":"Feature","properties":{"kind":"minor-water","name":"Cove Creek","ftype":460,"lengthKm":0.68,"hu8":"06010106","pid":"132652135"},"geometry":{"type":"MultiLineString","coordinates":[[[-82.90581,35.67791],[-82.9074,35.67704],[-82.90987,35.67677],[-82.91295,35.67686]]]}},{"type":"Feature","properties":{"kind":"minor-water","name":"Dina Branch","ftype":460,"lengthKm":0.84,"hu8":"06010106","pid":"132657840"},"geometry":{"type":"MultiLineString","coordinates":[[[-82.85945,35.35785],[-82.85743,35.35842],[-82.85467,35.36048],[-82.85316,35.36214],[-82.85239,35.36249]]]}},{"type":"Feature","properties":{"kind":"minor-water","name":"Allen Creek","ftype":460,"lengthKm":0.09,"hu8":"06010106","pid":"132657157"},"geometry":{"type":"MultiLineString","coordinates":[[[-83.00929,35.4246],[-83.00926,35.42543]]]}},{"type":"Feature","properties":{"kind":"minor-water","name":"Chavis Creek","ftype":460,"lengthKm":0.87,"hu8":"06010106","pid":"132645747"},"geometry":{"type":"MultiLineString","coordinates":[[[-83.25233,35.82945],[-83.25158,35.82953],[-83.25026,35.83172],[-83.249,35.83155],[-83.24777,35.83185],[-83.24758,35.83289],[-83.24593,35.83381]]]}},{"type":"Feature","properties":{"kind":"minor-water","name":"Big Bald Branch","ftype":460,"lengthKm":0.6,"hu8":"06010106","pid":"132654452"},"geometry":{"type":"MultiLineString","coordinates":[[[-83.12005,35.57008],[-83.12149,35.57161],[-83.12132,35.57507]]]}},{"type":"Feature","properties":{"kind":"minor-water","name":"Fine Branch","ftype":460,"lengthKm":0.4,"hu8":"06010106","pid":"132645049"},"geometry":{"type":"MultiLineString","coordinates":[[[-83.2083,35.928],[-83.20738,35.92746],[-83.20529,35.92533]]]}},{"type":"Feature","properties":{"kind":"minor-water","name":"Little East Fork Pigeon River","ftype":460,"lengthKm":0.59,"hu8":"06010106","pid":"132657608"},"geometry":{"type":"MultiLineString","coordinates":[[[-82.89549,35.38551],[-82.89596,35.38595],[-82.89603,35.38707],[-82.89716,35.38759],[-82.89776,35.38904],[-82.89738,35.39005]]]}},{"type":"Feature","properties":{"kind":"minor-water","name":"Chestnut Orchard Branch","ftype":460,"lengthKm":0.26,"hu8":"06010106","pid":"132646677"},"geometry":{"type":"MultiLineString","coordinates":[[[-83.021,35.77168],[-83.02371,35.77084]]]}},{"type":"Feature","properties":{"kind":"minor-water","name":"Bogard Creek","ftype":460,"lengthKm":0.21,"hu8":"06010106","pid":"132645318"},"geometry":{"type":"MultiLineString","coordinates":[[[-83.28208,35.87841],[-83.27975,35.87859]]]}},{"type":"Feature","properties":{"kind":"minor-water","name":"Big Branch","ftype":558,"lengthKm":0.02,"hu8":"06010106","pid":"132653961"},"geometry":{"type":"MultiLineString","coordinates":[[[-82.94526,35.57977],[-82.94545,35.57984]]]}},{"type":"Feature","properties":{"kind":"minor-water","name":"Rabbit Branch","ftype":460,"lengthKm":0.45,"hu8":"06010106","pid":"132645681"},"geometry":{"type":"MultiLineString","coordinates":[[[-83.21692,35.83351],[-83.21866,35.83491],[-83.21975,35.83681]]]}},{"type":"Feature","properties":{"kind":"minor-water","name":"O'Neil Branch","ftype":460,"lengthKm":0.75,"hu8":"06010106","pid":"132644892"},"geometry":{"type":"MultiLineString","coordinates":[[[-83.23813,35.97924],[-83.23756,35.97921],[-83.23276,35.97698],[-83.23087,35.97793]]]}},{"type":"Feature","properties":{"kind":"minor-water","name":"Groundhog Creek","ftype":460,"lengthKm":0.4,"hu8":"06010106","pid":"132647286"},"geometry":{"type":"MultiLineString","coordinates":[[[-83.03539,35.75953],[-83.03628,35.75756],[-83.0359,35.75697],[-83.0362,35.75614]]]}},{"type":"Feature","properties":{"kind":"minor-water","name":"Bowen Branch","ftype":558,"lengthKm":0.02,"hu8":"06010106","pid":"132654374"},"geometry":{"type":"MultiLineString","coordinates":[[[-82.87015,35.54608],[-82.87009,35.54592]]]}},{"type":"Feature","properties":{"kind":"minor-water","name":"Bear Branch","ftype":460,"lengthKm":0.33,"hu8":"06010106","pid":"132647141"},"geometry":{"type":"MultiLineString","coordinates":[[[-82.98696,35.7583],[-82.98622,35.75645],[-82.9863,35.7554]]]}},{"type":"Feature","properties":{"kind":"minor-water","name":"Turkey Creek","ftype":460,"lengthKm":0.33,"hu8":"06010106","pid":"132649523"},"geometry":{"type":"MultiLineString","coordinates":[[[-82.92213,35.68867],[-82.9255,35.68975]]]}},{"type":"Feature","properties":{"kind":"minor-water","name":"Pigeon River","ftype":558,"lengthKm":0.02,"hu8":"06010106","pid":"132654482"},"geometry":{"type":"MultiLineString","coordinates":[[[-82.93967,35.54912],[-82.9398,35.54921]]]}},{"type":"Feature","properties":{"kind":"minor-water","name":"Hemphill Creek","ftype":460,"lengthKm":0.03,"hu8":"06010106","pid":"132654444"},"geometry":{"type":"MultiLineString","coordinates":[[[-83.0779,35.56618],[-83.07756,35.56614]]]}},{"type":"Feature","properties":{"kind":"minor-water","name":"Groundhog Creek","ftype":460,"lengthKm":0.3,"hu8":"06010106","pid":"132646263"},"geometry":{"type":"MultiLineString","coordinates":[[[-83.18757,35.79762],[-83.1885,35.79828],[-83.1906,35.79837]]]}},{"type":"Feature","properties":{"kind":"minor-water","name":"Fletcher Spring Branch","ftype":460,"lengthKm":3.17,"hu8":"06010106","pid":"132647701"},"geometry":{"type":"MultiLineString","coordinates":[[[-83.21635,35.75029],[-83.21588,35.75132],[-83.21558,35.75357],[-83.21488,35.7549],[-83.21484,35.75677],[-83.21401,35.75936],[-83.21441,35.76043],[-83.21398,35.76071],[-83.21363,35.76232],[-83.21262,35.76417],[-83.21258,35.76506],[-83.21303,35.76584],[-83.2125,35.76714],[-83.21331,35.76841],[-83.21396,35.7708],[-83.21336,35.77189],[-83.21371,35.77361],[-83.21461,35.77481],[-83.21484,35.77584],[-83.21629,35.77678]]]}},{"type":"Feature","properties":{"kind":"minor-water","name":"Shingle Branch","ftype":460,"lengthKm":0.77,"hu8":"06010106","pid":"132648954"},"geometry":{"type":"MultiLineString","coordinates":[[[-82.9596,35.70717],[-82.95658,35.70548],[-82.95399,35.70513],[-82.95212,35.70412]]]}},{"type":"Feature","properties":{"kind":"minor-water","name":"Martin Creek","ftype":460,"lengthKm":0.27,"hu8":"06010106","pid":"132650000"},"geometry":{"type":"MultiLineString","coordinates":[[[-82.97557,35.69414],[-82.97643,35.69178]]]}},{"type":"Feature","properties":{"kind":"minor-water","name":"Greenbrier Creek","ftype":460,"lengthKm":1.14,"hu8":"06010106","pid":"132648546"},"geometry":{"type":"MultiLineString","coordinates":[[[-83.24888,35.73744],[-83.24838,35.73953],[-83.24871,35.7413],[-83.25134,35.74339],[-83.25283,35.74652]]]}},{"type":"Feature","properties":{"kind":"minor-water","name":"Woody Creek","ftype":460,"lengthKm":0.36,"hu8":"06010106","pid":"132654045"},"geometry":{"type":"MultiLineString","coordinates":[[[-83.14538,35.59699],[-83.14477,35.59778],[-83.14483,35.60011]]]}},{"type":"Feature","properties":{"kind":"minor-water","name":"Hurricane Creek","ftype":460,"lengthKm":0.12,"hu8":"06010106","pid":"132648228"},"geometry":{"type":"MultiLineString","coordinates":[[[-83.01664,35.71883],[-83.01791,35.71902]]]}},{"type":"Feature","properties":{"kind":"minor-water","name":"Buckeye Creek","ftype":460,"lengthKm":0.97,"hu8":"06010106","pid":"132648191"},"geometry":{"type":"MultiLineString","coordinates":[[[-83.25981,35.74354],[-83.25959,35.74576],[-83.26054,35.74844],[-83.26019,35.74963],[-83.26117,35.75155],[-83.26105,35.75199]]]}},{"type":"Feature","properties":{"kind":"minor-water","name":"West Fork Pigeon River","ftype":558,"lengthKm":0.11,"hu8":"06010106","pid":"132657294"},"geometry":{"type":"MultiLineString","coordinates":[[[-82.9306,35.40921],[-82.93074,35.40962],[-82.93039,35.41007]]]}},{"type":"Feature","properties":{"kind":"minor-water","name":"Palmer Creek","ftype":558,"lengthKm":0.82,"hu8":"06010106","pid":"132653351"},"geometry":{"type":"MultiLineString","coordinates":[[[-83.09345,35.6286],[-83.09262,35.62892],[-83.09157,35.62994],[-83.09105,35.63149],[-83.08814,35.6313],[-83.08656,35.6309]]]}},{"type":"Feature","properties":{"kind":"minor-water","name":"Crabtree Creek","ftype":460,"lengthKm":0.35,"hu8":"06010106","pid":"132653536"},"geometry":{"type":"MultiLineString","coordinates":[[[-82.91276,35.60193],[-82.91572,35.59984]]]}},{"type":"Feature","properties":{"kind":"minor-water","name":"Copperhead Branch","ftype":460,"lengthKm":2.03,"hu8":"06010106","pid":"132649756"},"geometry":{"type":"MultiLineString","coordinates":[[[-83.25455,35.72081],[-83.25493,35.72236],[-83.2555,35.72318],[-83.25954,35.72624],[-83.26243,35.7269],[-83.26664,35.72912],[-83.26926,35.72967],[-83.2718,35.73115]]]}},{"type":"Feature","properties":{"kind":"minor-water","name":"Huskycamp Branch","ftype":460,"lengthKm":1.56,"hu8":"06010106","pid":"132645786"},"geometry":{"type":"MultiLineString","coordinates":[[[-83.1653,35.83029],[-83.1655,35.82853],[-83.16506,35.82684],[-83.16384,35.82524],[-83.16339,35.82373],[-83.16062,35.81994],[-83.15952,35.81905],[-83.16039,35.81781]]]}},{"type":"Feature","properties":{"kind":"minor-water","name":"Chestnut Branch","ftype":460,"lengthKm":0.1,"hu8":"06010106","pid":"132647522"},"geometry":{"type":"MultiLineString","coordinates":[[[-83.1241,35.75957],[-83.12295,35.75959]]]}},{"type":"Feature","properties":{"kind":"minor-water","name":"White Oak Creek","ftype":460,"lengthKm":0.31,"hu8":"06010106","pid":"132652547"},"geometry":{"type":"MultiLineString","coordinates":[[[-83.03776,35.67167],[-83.03595,35.67259],[-83.03607,35.67367]]]}},{"type":"Feature","properties":{"kind":"minor-water","name":"Little East Fork Pigeon River","ftype":460,"lengthKm":0.69,"hu8":"06010106","pid":"132657457"},"geometry":{"type":"MultiLineString","coordinates":[[[-82.89666,35.39569],[-82.8978,35.39742],[-82.89833,35.39955],[-82.8991,35.40027],[-82.89869,35.40135]]]}},{"type":"Feature","properties":{"kind":"minor-water","name":"Pigeon River","ftype":558,"lengthKm":0.36,"hu8":"06010106","pid":"132653262"},"geometry":{"type":"MultiLineString","coordinates":[[[-82.98348,35.62234],[-82.98731,35.62333]]]}},{"type":"Feature","properties":{"kind":"minor-water","name":"Garrett Creek","ftype":460,"lengthKm":0.33,"hu8":"06010106","pid":"132654640"},"geometry":{"type":"MultiLineString","coordinates":[[[-83.01837,35.55171],[-83.02073,35.55395]]]}},{"type":"Feature","properties":{"kind":"minor-water","name":"Bogard Creek","ftype":460,"lengthKm":0.85,"hu8":"06010106","pid":"132645297"},"geometry":{"type":"MultiLineString","coordinates":[[[-83.27366,35.87967],[-83.27129,35.87917],[-83.27008,35.87846],[-83.26869,35.87885],[-83.26783,35.87871],[-83.26679,35.87925],[-83.26495,35.87949]]]}},{"type":"Feature","properties":{"kind":"minor-water","name":"Chestnut Branch","ftype":460,"lengthKm":0.08,"hu8":"06010106","pid":"132647580"},"geometry":{"type":"MultiLineString","coordinates":[[[-83.13398,35.7584],[-83.1331,35.75855]]]}},{"type":"Feature","properties":{"kind":"minor-water","name":"Snelson Branch","ftype":460,"lengthKm":0.46,"hu8":"06010106","pid":"132652691"},"geometry":{"type":"MultiLineString","coordinates":[[[-83.04695,35.66179],[-83.04372,35.6632],[-83.0424,35.66285]]]}},{"type":"Feature","properties":{"kind":"minor-water","name":"Pigeon River","ftype":558,"lengthKm":0.26,"hu8":"06010106","pid":"132652898"},"geometry":{"type":"MultiLineString","coordinates":[[[-82.98959,35.63912],[-82.99008,35.64026],[-82.99097,35.64108]]]}},{"type":"Feature","properties":{"kind":"minor-water","name":"Panther Branch","ftype":460,"lengthKm":0.13,"hu8":"06010106","pid":"132647792"},"geometry":{"type":"MultiLineString","coordinates":[[[-83.1798,35.75782],[-83.18122,35.75779]]]}},{"type":"Feature","properties":{"kind":"minor-water","name":"Richland Creek","ftype":558,"lengthKm":0.17,"hu8":"06010106","pid":"132655150"},"geometry":{"type":"MultiLineString","coordinates":[[[-82.96965,35.51506],[-82.97028,35.5165]]]}},{"type":"Feature","properties":{"kind":"minor-water","name":"Panther Creek","ftype":460,"lengthKm":0.06,"hu8":"06010106","pid":"132652852"},"geometry":{"type":"MultiLineString","coordinates":[[[-82.97274,35.64088],[-82.97329,35.64059]]]}},{"type":"Feature","properties":{"kind":"minor-water","name":"Medford Branch","ftype":460,"lengthKm":0.62,"hu8":"06010106","pid":"132656836"},"geometry":{"type":"MultiLineString","coordinates":[[[-82.99301,35.43944],[-82.99638,35.4425],[-82.9965,35.44399]]]}},{"type":"Feature","properties":{"kind":"minor-water","name":"Bald Creek","ftype":460,"lengthKm":0.18,"hu8":"06010106","pid":"132652854"},"geometry":{"type":"MultiLineString","coordinates":[[[-82.89269,35.63301],[-82.89219,35.63214],[-82.89244,35.6315]]]}},{"type":"Feature","properties":{"kind":"minor-water","name":"Indian Camp Creek","ftype":558,"lengthKm":0.79,"hu8":"06010106","pid":"132647011"},"geometry":{"type":"MultiLineString","coordinates":[[[-83.25395,35.78781],[-83.2539,35.78896],[-83.25308,35.78978],[-83.25285,35.79101],[-83.25307,35.79203],[-83.25392,35.79215],[-83.2544,35.79254],[-83.2541,35.79385]]]}},{"type":"Feature","properties":{"kind":"minor-water","name":"Jonathans Creek","ftype":558,"lengthKm":0.25,"hu8":"06010106","pid":"132653172"},"geometry":{"type":"MultiLineString","coordinates":[[[-83.00711,35.62586],[-83.00455,35.62674]]]}},{"type":"Feature","properties":{"kind":"minor-water","name":"Lost Bottom Creek","ftype":460,"lengthKm":0.66,"hu8":"06010106","pid":"132653128"},"geometry":{"type":"MultiLineString","coordinates":[[[-83.16109,35.64796],[-83.16067,35.6461],[-83.15937,35.64543],[-83.15834,35.64543],[-83.15642,35.64429]]]}},{"type":"Feature","properties":{"kind":"minor-water","name":"Winding Stair Branch","ftype":460,"lengthKm":0.81,"hu8":"06010106","pid":"132653095"},"geometry":{"type":"MultiLineString","coordinates":[[[-83.05783,35.63599],[-83.05887,35.63674],[-83.06353,35.63792],[-83.06585,35.63902]]]}},{"type":"Feature","properties":{"kind":"minor-water","name":"Dotson Branch","ftype":460,"lengthKm":1.31,"hu8":"06010106","pid":"132653564"},"geometry":{"type":"MultiLineString","coordinates":[[[-82.97079,35.60473],[-82.9693,35.60712],[-82.96925,35.60844],[-82.96967,35.60864],[-82.96955,35.6101],[-82.96504,35.61214],[-82.96489,35.61256],[-82.9655,35.61376]]]}},{"type":"Feature","properties":{"kind":"minor-water","name":"Cold Springs Creek","ftype":460,"lengthKm":0.17,"hu8":"06010106","pid":"132646465"},"geometry":{"type":"MultiLineString","coordinates":[[[-82.96548,35.77163],[-82.96584,35.77093],[-82.96663,35.77056]]]}},{"type":"Feature","properties":{"kind":"minor-water","name":"Haywood Gap Stream","ftype":460,"lengthKm":0.3,"hu8":"06010106","pid":"132657990"},"geometry":{"type":"MultiLineString","coordinates":[[[-82.9499,35.31921],[-82.94936,35.32015],[-82.94949,35.32177]]]}},{"type":"Feature","properties":{"kind":"minor-water","name":"Pigeon River","ftype":558,"lengthKm":0.43,"hu8":"06010106","pid":"132654917"},"geometry":{"type":"MultiLineString","coordinates":[[[-82.85199,35.51642],[-82.84739,35.51723]]]}},{"type":"Feature","properties":{"kind":"minor-water","name":"East Fork Pigeon River","ftype":460,"lengthKm":0.09,"hu8":"06010106","pid":"132657834"},"geometry":{"type":"MultiLineString","coordinates":[[[-82.81755,35.354],[-82.81849,35.35436]]]}},{"type":"Feature","properties":{"kind":"minor-water","name":"Middle Prong West Fork Pigeon River","ftype":460,"lengthKm":1.89,"hu8":"06010106","pid":"132657890"},"geometry":{"type":"MultiLineString","coordinates":[[[-82.94398,35.35642],[-82.94343,35.35708],[-82.9433,35.35817],[-82.94221,35.35868],[-82.94068,35.36036],[-82.93932,35.36129],[-82.93929,35.36228],[-82.93793,35.36306],[-82.93888,35.366],[-82.93979,35.36623],[-82.94018,35.36806],[-82.93997,35.36885],[-82.93871,35.37018]]]}},{"type":"Feature","properties":{"kind":"minor-water","name":"West Fork Pigeon River","ftype":558,"lengthKm":0.44,"hu8":"06010106","pid":"132656708"},"geometry":{"type":"MultiLineString","coordinates":[[[-82.92163,35.43805],[-82.91987,35.43802],[-82.91723,35.43671]]]}},{"type":"Feature","properties":{"kind":"minor-water","name":"Thickety Creek","ftype":460,"lengthKm":0.93,"hu8":"06010106","pid":"132653874"},"geometry":{"type":"MultiLineString","coordinates":[[[-82.8651,35.58327],[-82.86648,35.58118],[-82.86673,35.57779],[-82.86725,35.57722],[-82.8679,35.57538]]]}},{"type":"Feature","properties":{"kind":"minor-water","name":"Lost Bottom Creek","ftype":460,"lengthKm":1.57,"hu8":"06010106","pid":"132653034"},"geometry":{"type":"MultiLineString","coordinates":[[[-83.18119,35.6572],[-83.18126,35.65645],[-83.18072,35.65569],[-83.17881,35.65513],[-83.17782,35.65519],[-83.17451,35.65261],[-83.1727,35.65159],[-83.16883,35.65181],[-83.1672,35.6514]]]}},{"type":"Feature","properties":{"kind":"minor-water","name":"Sinking Creek","ftype":558,"lengthKm":0.02,"hu8":"06010106","pid":"132645076"},"geometry":{"type":"MultiLineString","coordinates":[[[-83.26536,35.92569],[-83.26525,35.92587]]]}},{"type":"Feature","properties":{"kind":"minor-water","name":"Pigeon River","ftype":558,"lengthKm":0.1,"hu8":"06010106","pid":"132654568"},"geometry":{"type":"MultiLineString","coordinates":[[[-82.89216,35.54246],[-82.89246,35.54156]]]}},{"type":"Feature","properties":{"kind":"minor-water","name":"Pigeon River","ftype":558,"lengthKm":0.02,"hu8":"06010106","pid":"132654716"},"geometry":{"type":"MultiLineString","coordinates":[[[-82.90777,35.53518],[-82.90798,35.5351]]]}},{"type":"Feature","properties":{"kind":"minor-water","name":"Big Creek","ftype":558,"lengthKm":0.29,"hu8":"06010106","pid":"132647606"},"geometry":{"type":"MultiLineString","coordinates":[[[-83.1054,35.75459],[-83.10458,35.75554],[-83.10431,35.75693]]]}},{"type":"Feature","properties":{"kind":"minor-water","name":"North Fork Bogard Creek","ftype":460,"lengthKm":1.3,"hu8":"06010106","pid":"132645274"},"geometry":{"type":"MultiLineString","coordinates":[[[-83.30937,35.89093],[-83.30687,35.88901],[-83.30332,35.88812],[-83.30146,35.88844],[-83.29934,35.88828],[-83.29658,35.88687]]]}},{"type":"Feature","properties":{"kind":"minor-water","name":"Chestnut Branch","ftype":460,"lengthKm":0.16,"hu8":"06010106","pid":"132647578"},"geometry":{"type":"MultiLineString","coordinates":[[[-83.1331,35.75855],[-83.1314,35.75881]]]}},{"type":"Feature","properties":{"kind":"minor-water","name":"Conard Branch","ftype":460,"lengthKm":0.88,"hu8":"06010106","pid":"132652701"},"geometry":{"type":"MultiLineString","coordinates":[[[-83.10966,35.66689],[-83.10738,35.66805],[-83.1006,35.66959]]]}},{"type":"Feature","properties":{"kind":"minor-water","name":"Big Creek","ftype":460,"lengthKm":0.74,"hu8":"06010106","pid":"132650779"},"geometry":{"type":"MultiLineString","coordinates":[[[-83.18096,35.71132],[-83.17946,35.71131],[-83.17825,35.71005],[-83.17698,35.70956],[-83.17366,35.70999]]]}},{"type":"Feature","properties":{"kind":"minor-water","name":"Camp Branch","ftype":460,"lengthKm":0.06,"hu8":"06010106","pid":"132656473"},"geometry":{"type":"MultiLineString","coordinates":[[[-82.98272,35.45475],[-82.98334,35.45496]]]}},{"type":"Feature","properties":{"kind":"minor-water","name":"Fines Creek","ftype":460,"lengthKm":0.12,"hu8":"06010106","pid":"132648094"},"geometry":{"type":"MultiLineString","coordinates":[[[-82.9272,35.71532],[-82.9277,35.71433]]]}},{"type":"Feature","properties":{"kind":"minor-water","name":"Wesley Creek","ftype":460,"lengthKm":0.31,"hu8":"06010106","pid":"132649982"},"geometry":{"type":"MultiLineString","coordinates":[[[-82.94739,35.69365],[-82.94644,35.69098]]]}},{"type":"Feature","properties":{"kind":"minor-water","name":"Davidson Branch","ftype":460,"lengthKm":0.67,"hu8":"06010106","pid":"132652910"},"geometry":{"type":"MultiLineString","coordinates":[[[-83.12204,35.65916],[-83.12164,35.65866],[-83.12145,35.6565],[-83.12081,35.65542],[-83.12032,35.65335]]]}},{"type":"Feature","properties":{"kind":"minor-water","name":"Indian Camp Creek","ftype":558,"lengthKm":0.46,"hu8":"06010106","pid":"132647089"},"geometry":{"type":"MultiLineString","coordinates":[[[-83.25698,35.7855],[-83.25659,35.78571],[-83.25667,35.78671],[-83.25433,35.78704],[-83.25395,35.78781]]]}},{"type":"Feature","properties":{"kind":"minor-water","name":"Pisgah Creek","ftype":460,"lengthKm":0.02,"hu8":"06010106","pid":"132656864"},"geometry":{"type":"MultiLineString","coordinates":[[[-82.76775,35.41301],[-82.76794,35.41305]]]}},{"type":"Feature","properties":{"kind":"minor-water","name":"Middle Creek","ftype":460,"lengthKm":0.4,"hu8":"06010106","pid":"132645644"},"geometry":{"type":"MultiLineString","coordinates":[[[-83.27502,35.84309],[-83.2727,35.84285],[-83.2708,35.84348]]]}},{"type":"Feature","properties":{"kind":"minor-water","name":"Low Gap Branch","ftype":460,"lengthKm":0.48,"hu8":"06010106","pid":"132648571"},"geometry":{"type":"MultiLineString","coordinates":[[[-83.16747,35.7322],[-83.16625,35.73126],[-83.16524,35.73077],[-83.16373,35.7306],[-83.16315,35.73002]]]}},{"type":"Feature","properties":{"kind":"minor-water","name":"Dude Branch","ftype":460,"lengthKm":0.94,"hu8":"06010106","pid":"132652288"},"geometry":{"type":"MultiLineString","coordinates":[[[-83.12171,35.69874],[-83.11965,35.6973],[-83.11699,35.69414],[-83.11579,35.69357],[-83.11489,35.69248]]]}},{"type":"Feature","properties":{"kind":"minor-water","name":"Chute Branch","ftype":460,"lengthKm":0.31,"hu8":"06010106","pid":"132646125"},"geometry":{"type":"MultiLineString","coordinates":[[[-83.11122,35.79424],[-83.1144,35.79329]]]}},{"type":"Feature","properties":{"kind":"minor-water","name":"Pretty Hollow Creek","ftype":460,"lengthKm":0.45,"hu8":"06010106","pid":"132652773"},"geometry":{"type":"MultiLineString","coordinates":[[[-83.13732,35.66792],[-83.13701,35.66391]]]}},{"type":"Feature","properties":{"kind":"minor-water","name":"Shiny Creek","ftype":460,"lengthKm":0.43,"hu8":"06010106","pid":"132657680"},"geometry":{"type":"MultiLineString","coordinates":[[[-82.9899,35.38846],[-82.99008,35.38953],[-82.9895,35.39227]]]}},{"type":"Feature","properties":{"kind":"minor-water","name":"Chavis Creek","ftype":460,"lengthKm":0.43,"hu8":"06010106","pid":"132646170"},"geometry":{"type":"MultiLineString","coordinates":[[[-83.26115,35.80843],[-83.2607,35.80919],[-83.25993,35.80944],[-83.2597,35.80991],[-83.25964,35.81079],[-83.26064,35.81125]]]}},{"type":"Feature","properties":{"kind":"minor-water","name":"Rough Fork","ftype":460,"lengthKm":0.57,"hu8":"06010106","pid":"132653552"},"geometry":{"type":"MultiLineString","coordinates":[[[-83.11668,35.62152],[-83.11591,35.62212],[-83.11584,35.62303],[-83.11527,35.62378],[-83.11264,35.62493]]]}},{"type":"Feature","properties":{"kind":"minor-water","name":"Flat Laurel Creek","ftype":460,"lengthKm":0.18,"hu8":"06010106","pid":"132657963"},"geometry":{"type":"MultiLineString","coordinates":[[[-82.8927,35.32228],[-82.89414,35.32345]]]}},{"type":"Feature","properties":{"kind":"minor-water","name":"Little Cataloochee Creek","ftype":460,"lengthKm":0.55,"hu8":"06010106","pid":"132652626"},"geometry":{"type":"MultiLineString","coordinates":[[[-83.07717,35.6706],[-83.07649,35.67034],[-83.07569,35.67045],[-83.07501,35.67003],[-83.07378,35.67007],[-83.0723,35.66853]]]}},{"type":"Feature","properties":{"kind":"minor-water","name":"Cove Creek","ftype":460,"lengthKm":0.44,"hu8":"06010106","pid":"132653705"},"geometry":{"type":"MultiLineString","coordinates":[[[-83.04937,35.60645],[-83.04454,35.60589]]]}},{"type":"Feature","properties":{"kind":"minor-water","name":"West Fork Campbell Creek","ftype":460,"lengthKm":0.65,"hu8":"06010106","pid":"132656206"},"geometry":{"type":"MultiLineString","coordinates":[[[-83.12593,35.48212],[-83.12621,35.4847],[-83.12563,35.48572],[-83.12387,35.48733]]]}},{"type":"Feature","properties":{"kind":"minor-water","name":"Den Branch","ftype":460,"lengthKm":2,"hu8":"06010106","pid":"132653736"},"geometry":{"type":"MultiLineString","coordinates":[[[-83.07078,35.60392],[-83.07153,35.60585],[-83.07122,35.60979],[-83.07157,35.61169],[-83.07415,35.6158],[-83.07435,35.61799],[-83.07594,35.61938],[-83.07685,35.61959],[-83.07755,35.61941]]]}},{"type":"Feature","properties":{"kind":"minor-water","name":"Crawford Creek","ftype":460,"lengthKm":0.14,"hu8":"06010106","pid":"132657392"},"geometry":{"type":"MultiLineString","coordinates":[[[-82.84493,35.39277],[-82.84357,35.39335]]]}},{"type":"Feature","properties":{"kind":"minor-water","name":"Plott Creek","ftype":460,"lengthKm":0.37,"hu8":"06010106","pid":"132655952"},"geometry":{"type":"MultiLineString","coordinates":[[[-83.05389,35.4829],[-83.05251,35.48276],[-83.0499,35.4832]]]}},{"type":"Feature","properties":{"kind":"minor-water","name":"West Fork Pigeon River","ftype":558,"lengthKm":0.26,"hu8":"06010106","pid":"132656365"},"geometry":{"type":"MultiLineString","coordinates":[[[-82.90479,35.45043],[-82.90261,35.45199]]]}},{"type":"Feature","properties":{"kind":"minor-water","name":"Caldwell Fork","ftype":460,"lengthKm":1.14,"hu8":"06010106","pid":"132653734"},"geometry":{"type":"MultiLineString","coordinates":[[[-83.09815,35.60712],[-83.09672,35.60747],[-83.09599,35.60861],[-83.09659,35.61089],[-83.09652,35.61247],[-83.09772,35.6139],[-83.09727,35.61422],[-83.09525,35.61436]]]}},{"type":"Feature","properties":{"kind":"minor-water","name":"Cold Springs Creek","ftype":460,"lengthKm":0.01,"hu8":"06010106","pid":"132646623"},"geometry":{"type":"MultiLineString","coordinates":[[[-82.97083,35.76649],[-82.97089,35.76642]]]}},{"type":"Feature","properties":{"kind":"minor-water","name":"Cove Creek","ftype":460,"lengthKm":0.29,"hu8":"06010106","pid":"132653697"},"geometry":{"type":"MultiLineString","coordinates":[[[-83.0442,35.60589],[-83.04321,35.60634],[-83.0411,35.60638]]]}},{"type":"Feature","properties":{"kind":"minor-water","name":"Orchard Branch","ftype":460,"lengthKm":0.39,"hu8":"06010106","pid":"132648096"},"geometry":{"type":"MultiLineString","coordinates":[[[-82.93353,35.71875],[-82.93251,35.71765],[-82.93093,35.71706],[-82.93067,35.71637]]]}},{"type":"Feature","properties":{"kind":"minor-water","name":"Sag Branch","ftype":460,"lengthKm":0.96,"hu8":"06010106","pid":"132653814"},"geometry":{"type":"MultiLineString","coordinates":[[[-83.07665,35.60068],[-83.07709,35.60287],[-83.0786,35.60398],[-83.07932,35.60551],[-83.08179,35.60789]]]}},{"type":"Feature","properties":{"kind":"minor-water","name":"Turnalay Creek","ftype":460,"lengthKm":0.35,"hu8":"06010106","pid":"132645668"},"geometry":{"type":"MultiLineString","coordinates":[[[-83.11764,35.824],[-83.11952,35.82494],[-83.11998,35.82622]]]}},{"type":"Feature","properties":{"kind":"minor-water","name":"Garden Creek","ftype":460,"lengthKm":0.07,"hu8":"06010106","pid":"132655462"},"geometry":{"type":"MultiLineString","coordinates":[[[-82.83067,35.48089],[-82.83146,35.48083]]]}},{"type":"Feature","properties":{"kind":"minor-water","name":"Stevens Creek","ftype":558,"lengthKm":0.23,"hu8":"06010106","pid":"132652511"},"geometry":{"type":"MultiLineString","coordinates":[[[-83.02275,35.67124],[-83.023,35.67222],[-83.0237,35.67311]]]}},{"type":"Feature","properties":{"kind":"minor-water","name":"Counterfeit Branch","ftype":460,"lengthKm":0.69,"hu8":"06010106","pid":"132647588"},"geometry":{"type":"MultiLineString","coordinates":[[[-83.05669,35.76128],[-83.05779,35.75904],[-83.05941,35.75813],[-83.06105,35.75643]]]}},{"type":"Feature","properties":{"kind":"minor-water","name":"Liner Creek","ftype":460,"lengthKm":0.32,"hu8":"06010106","pid":"132653467"},"geometry":{"type":"MultiLineString","coordinates":[[[-82.90201,35.60322],[-82.90442,35.60302],[-82.90502,35.60382]]]}},{"type":"Feature","properties":{"kind":"minor-water","name":"Tobes Creek","ftype":460,"lengthKm":0.23,"hu8":"06010106","pid":"132646685"},"geometry":{"type":"MultiLineString","coordinates":[[[-83.12116,35.78093],[-83.11962,35.78193],[-83.11899,35.78197]]]}},{"type":"Feature","properties":{"kind":"minor-water","name":"Messer Branch","ftype":460,"lengthKm":0.81,"hu8":"06010106","pid":"132645507"},"geometry":{"type":"MultiLineString","coordinates":[[[-83.12764,35.84826],[-83.12794,35.84468],[-83.12844,35.84374],[-83.12845,35.84256],[-83.12795,35.84109]]]}},{"type":"Feature","properties":{"kind":"minor-water","name":"Middle Creek","ftype":460,"lengthKm":1.12,"hu8":"06010106","pid":"132645426"},"geometry":{"type":"MultiLineString","coordinates":[[[-83.23226,35.86091],[-83.23156,35.86165],[-83.22912,35.86238],[-83.22853,35.86491],[-83.22717,35.86718],[-83.22671,35.86904]]]}},{"type":"Feature","properties":{"kind":"minor-water","name":"Crawford Creek","ftype":460,"lengthKm":0.47,"hu8":"06010106","pid":"132657337"},"geometry":{"type":"MultiLineString","coordinates":[[[-82.83724,35.39677],[-82.83403,35.39576],[-82.83226,35.39552]]]}},{"type":"Feature","properties":{"kind":"minor-water","name":"Groundhog Creek","ftype":460,"lengthKm":0.18,"hu8":"06010106","pid":"132645989"},"geometry":{"type":"MultiLineString","coordinates":[[[-83.18188,35.805],[-83.17997,35.80559]]]}},{"type":"Feature","properties":{"kind":"minor-water","name":"Patton Branch","ftype":558,"lengthKm":0.02,"hu8":"06010106","pid":"132654470"},"geometry":{"type":"MultiLineString","coordinates":[[[-82.87815,35.54251],[-82.87832,35.54262]]]}},{"type":"Feature","properties":{"kind":"minor-water","name":"Pigeon River","ftype":558,"lengthKm":0.27,"hu8":"06010106","pid":"132654440"},"geometry":{"type":"MultiLineString","coordinates":[[[-82.87369,35.54483],[-82.87642,35.54391]]]}},{"type":"Feature","properties":{"kind":"minor-water","name":"Pigeon River","ftype":558,"lengthKm":0.11,"hu8":"06010106","pid":"132654460"},"geometry":{"type":"MultiLineString","coordinates":[[[-82.87753,35.54334],[-82.87832,35.54262]]]}},{"type":"Feature","properties":{"kind":"minor-water","name":"White Oak Flats Branch","ftype":460,"lengthKm":0.23,"hu8":"06010106","pid":"132647574"},"geometry":{"type":"MultiLineString","coordinates":[[[-83.03194,35.74849],[-83.03434,35.74924]]]}},{"type":"Feature","properties":{"kind":"minor-water","name":"Chavis Creek","ftype":460,"lengthKm":0.36,"hu8":"06010106","pid":"132646327"},"geometry":{"type":"MultiLineString","coordinates":[[[-83.27342,35.80611],[-83.26969,35.80737]]]}},{"type":"Feature","properties":{"kind":"minor-water","name":"Chambers Branch","ftype":460,"lengthKm":0.91,"hu8":"06010106","pid":"132654712"},"geometry":{"type":"MultiLineString","coordinates":[[[-82.90738,35.54274],[-82.90637,35.54139],[-82.90621,35.54006],[-82.90659,35.53766],[-82.90816,35.53547],[-82.90805,35.53518]]]}},{"type":"Feature","properties":{"kind":"minor-water","name":"Chestnut Branch","ftype":460,"lengthKm":1.05,"hu8":"06010106","pid":"132647610"},"geometry":{"type":"MultiLineString","coordinates":[[[-83.16123,35.76141],[-83.15985,35.76116],[-83.15848,35.76043],[-83.15655,35.76016],[-83.1499,35.76019]]]}},{"type":"Feature","properties":{"kind":"minor-water","name":"Pigeon River","ftype":558,"lengthKm":1.1,"hu8":"06010106","pid":"132653572"},"geometry":{"type":"MultiLineString","coordinates":[[[-82.9543,35.60253],[-82.95707,35.60375],[-82.95955,35.60369],[-82.96172,35.605],[-82.96221,35.60579],[-82.96265,35.608]]]}},{"type":"Feature","properties":{"kind":"minor-water","name":"Morgan Creek","ftype":460,"lengthKm":0.49,"hu8":"06010106","pid":"132652137"},"geometry":{"type":"MultiLineString","coordinates":[[[-82.95332,35.68426],[-82.95303,35.68389],[-82.95336,35.68219],[-82.95446,35.68147],[-82.95535,35.68167],[-82.9557,35.68146]]]}},{"type":"Feature","properties":{"kind":"minor-water","name":"White Oak Creek","ftype":460,"lengthKm":0.27,"hu8":"06010106","pid":"132652638"},"geometry":{"type":"MultiLineString","coordinates":[[[-83.04016,35.6688],[-83.03835,35.67072]]]}},{"type":"Feature","properties":{"kind":"minor-water","name":"Gray Camp Branch","ftype":460,"lengthKm":2.04,"hu8":"06010106","pid":"132648090"},"geometry":{"type":"MultiLineString","coordinates":[[[-83.15187,35.7516],[-83.15128,35.75149],[-83.14948,35.75024],[-83.14944,35.74883],[-83.14851,35.74757],[-83.14746,35.74736],[-83.14495,35.74578],[-83.14184,35.74192],[-83.1414,35.74039],[-83.14027,35.73957],[-83.14011,35.73799],[-83.13961,35.73758]]]}},{"type":"Feature","properties":{"kind":"minor-water","name":"Cataloochee Creek","ftype":558,"lengthKm":0.7,"hu8":"06010106","pid":"132652948"},"geometry":{"type":"MultiLineString","coordinates":[[[-83.07567,35.64631],[-83.07357,35.64955],[-83.07368,35.65219]]]}},{"type":"Feature","properties":{"kind":"minor-water","name":"Orchard Branch","ftype":460,"lengthKm":0.77,"hu8":"06010106","pid":"132648024"},"geometry":{"type":"MultiLineString","coordinates":[[[-82.93912,35.7238],[-82.93684,35.72359],[-82.93492,35.72246],[-82.9343,35.72126],[-82.93397,35.71941]]]}},{"type":"Feature","properties":{"kind":"minor-water","name":"Laurel Creek","ftype":460,"lengthKm":1.21,"hu8":"06010106","pid":"132648290"},"geometry":{"type":"MultiLineString","coordinates":[[[-83.09982,35.72362],[-83.09334,35.72366],[-83.09038,35.72501],[-83.087,35.72581]]]}},{"type":"Feature","properties":{"kind":"minor-water","name":"Plott Creek","ftype":460,"lengthKm":0.45,"hu8":"06010106","pid":"132655956"},"geometry":{"type":"MultiLineString","coordinates":[[[-83.05883,35.48337],[-83.05663,35.48345],[-83.05389,35.4829]]]}},{"type":"Feature","properties":{"kind":"minor-water","name":"Turkey Creek","ftype":460,"lengthKm":0.2,"hu8":"06010106","pid":"132649439"},"geometry":{"type":"MultiLineString","coordinates":[[[-82.91076,35.69413],[-82.91129,35.69379],[-82.91171,35.69261]]]}},{"type":"Feature","properties":{"kind":"minor-water","name":"Laurel Branch","ftype":460,"lengthKm":0.58,"hu8":"06010106","pid":"132657658"},"geometry":{"type":"MultiLineString","coordinates":[[[-82.95395,35.38736],[-82.95085,35.38828],[-82.94773,35.38837]]]}},{"type":"Feature","properties":{"kind":"minor-water","name":"Right Fork Cove Creek","ftype":460,"lengthKm":0.14,"hu8":"06010106","pid":"132653507"},"geometry":{"type":"MultiLineString","coordinates":[[[-83.03765,35.62049],[-83.03666,35.61957]]]}},{"type":"Feature","properties":{"kind":"minor-water","name":"North Fork Bogard Creek","ftype":460,"lengthKm":0.48,"hu8":"06010106","pid":"132645313"},"geometry":{"type":"MultiLineString","coordinates":[[[-83.29048,35.88097],[-83.2871,35.87927],[-83.28574,35.87917]]]}},{"type":"Feature","properties":{"kind":"minor-water","name":"Big Creek","ftype":558,"lengthKm":0.09,"hu8":"06010106","pid":"132648028"},"geometry":{"type":"MultiLineString","coordinates":[[[-83.12647,35.7403],[-83.12596,35.74098]]]}},{"type":"Feature","properties":{"kind":"minor-water","name":"Gilliland Creek","ftype":460,"lengthKm":0.19,"hu8":"06010106","pid":"132650645"},"geometry":{"type":"MultiLineString","coordinates":[[[-83.08163,35.72032],[-83.08086,35.72194]]]}},{"type":"Feature","properties":{"kind":"minor-water","name":"Big Creek","ftype":460,"lengthKm":0.5,"hu8":"06010106","pid":"132650283"},"geometry":{"type":"MultiLineString","coordinates":[[[-83.21462,35.71569],[-83.2137,35.71548],[-83.21266,35.71574],[-83.21009,35.71536],[-83.20925,35.71558]]]}},{"type":"Feature","properties":{"kind":"minor-water","name":"Caney Creek","ftype":460,"lengthKm":0.29,"hu8":"06010106","pid":"132647105"},"geometry":{"type":"MultiLineString","coordinates":[[[-83.20116,35.77825],[-83.20163,35.78087]]]}},{"type":"Feature","properties":{"kind":"minor-water","name":"Counterfeit Branch","ftype":460,"lengthKm":0.67,"hu8":"06010106","pid":"132647038"},"geometry":{"type":"MultiLineString","coordinates":[[[-83.05374,35.76927],[-83.05483,35.76723],[-83.05529,35.7644],[-83.05591,35.76362]]]}},{"type":"Feature","properties":{"kind":"minor-water","name":"Cold Creek","ftype":460,"lengthKm":0.71,"hu8":"06010106","pid":"132656888"},"geometry":{"type":"MultiLineString","coordinates":[[[-82.83023,35.41902],[-82.82883,35.41977],[-82.82677,35.42031],[-82.82404,35.42267]]]}},{"type":"Feature","properties":{"kind":"minor-water","name":"Pounding Mill Branch","ftype":460,"lengthKm":0.45,"hu8":"06010106","pid":"132646927"},"geometry":{"type":"MultiLineString","coordinates":[[[-82.99519,35.7636],[-82.9917,35.76207],[-82.99119,35.7614]]]}},{"type":"Feature","properties":{"kind":"minor-water","name":"Little East Fork Pigeon River","ftype":460,"lengthKm":0.45,"hu8":"06010106","pid":"132657280"},"geometry":{"type":"MultiLineString","coordinates":[[[-82.90399,35.40696],[-82.90425,35.40753],[-82.90376,35.4089],[-82.90469,35.41078]]]}},{"type":"Feature","properties":{"kind":"minor-water","name":"Sweetwater Creek","ftype":460,"lengthKm":0.76,"hu8":"06010106","pid":"132645102"},"geometry":{"type":"MultiLineString","coordinates":[[[-83.13355,35.90922],[-83.1351,35.90794],[-83.13585,35.90667],[-83.13862,35.90381]]]}},{"type":"Feature","properties":{"kind":"minor-water","name":"Long Branch","ftype":460,"lengthKm":0.19,"hu8":"06010106","pid":"132653287"},"geometry":{"type":"MultiLineString","coordinates":[[[-82.82731,35.60567],[-82.82804,35.60491],[-82.8289,35.60461]]]}},{"type":"Feature","properties":{"kind":"minor-water","name":"Chestnut Branch","ftype":460,"lengthKm":0.68,"hu8":"06010106","pid":"132647612"},"geometry":{"type":"MultiLineString","coordinates":[[[-83.1412,35.75861],[-83.13851,35.7587],[-83.13722,35.75804],[-83.13398,35.7584]]]}},{"type":"Feature","properties":{"kind":"minor-water","name":"Cataloochee Creek","ftype":558,"lengthKm":0.68,"hu8":"06010106","pid":"132652707"},"geometry":{"type":"MultiLineString","coordinates":[[[-83.0727,35.66284],[-83.07349,35.66359],[-83.07364,35.66423],[-83.07265,35.66611],[-83.0727,35.66741],[-83.07226,35.6685]]]}},{"type":"Feature","properties":{"kind":"minor-water","name":"Cove Creek","ftype":460,"lengthKm":0.21,"hu8":"06010106","pid":"132652167"},"geometry":{"type":"MultiLineString","coordinates":[[[-82.9242,35.67735],[-82.92488,35.67696],[-82.92632,35.67678]]]}},{"type":"Feature","properties":{"kind":"minor-water","name":"Indian Camp Creek","ftype":460,"lengthKm":0.81,"hu8":"06010106","pid":"132647794"},"geometry":{"type":"MultiLineString","coordinates":[[[-83.273,35.76645],[-83.27209,35.76798],[-83.27068,35.76901],[-83.26905,35.76937],[-83.26745,35.7708],[-83.2666,35.77095]]]}},{"type":"Feature","properties":{"kind":"minor-water","name":"Rough Fork","ftype":460,"lengthKm":0.91,"hu8":"06010106","pid":"132653993"},"geometry":{"type":"MultiLineString","coordinates":[[[-83.14483,35.60011],[-83.14441,35.6011],[-83.14324,35.60097],[-83.14209,35.60122],[-83.14029,35.60078],[-83.13989,35.60014],[-83.13656,35.59889]]]}},{"type":"Feature","properties":{"kind":"minor-water","name":"Leatherwood Branch","ftype":460,"lengthKm":0.54,"hu8":"06010106","pid":"132653872"},"geometry":{"type":"MultiLineString","coordinates":[[[-83.00297,35.59039],[-83.00474,35.59206],[-83.00477,35.59338],[-83.00413,35.59464]]]}},{"type":"Feature","properties":{"kind":"minor-water","name":"Pounding Mill Branch","ftype":460,"lengthKm":0.48,"hu8":"06010106","pid":"132646798"},"geometry":{"type":"MultiLineString","coordinates":[[[-82.99619,35.76947],[-82.99545,35.76814],[-82.99585,35.76606],[-82.99637,35.76543]]]}},{"type":"Feature","properties":{"kind":"minor-water","name":"Fines Creek","ftype":460,"lengthKm":0.14,"hu8":"06010106","pid":"132652280"},"geometry":{"type":"MultiLineString","coordinates":[[[-82.96217,35.67827],[-82.96307,35.67721]]]}},{"type":"Feature","properties":{"kind":"minor-water","name":"Chavis Creek","ftype":460,"lengthKm":0.8,"hu8":"06010106","pid":"132645977"},"geometry":{"type":"MultiLineString","coordinates":[[[-83.25959,35.81413],[-83.25885,35.81696],[-83.25973,35.81778],[-83.25775,35.81786],[-83.25703,35.81939]]]}},{"type":"Feature","properties":{"kind":"minor-water","name":"Little Bald Branch","ftype":460,"lengthKm":1.07,"hu8":"06010106","pid":"132654785"},"geometry":{"type":"MultiLineString","coordinates":[[[-83.12349,35.55639],[-83.12397,35.55771],[-83.12423,35.56059],[-83.12487,35.56143],[-83.12667,35.5621],[-83.1276,35.563],[-83.12809,35.56457]]]}},{"type":"Feature","properties":{"kind":"minor-water","name":"Indian Camp Creek","ftype":558,"lengthKm":0.39,"hu8":"06010106","pid":"132646526"},"geometry":{"type":"MultiLineString","coordinates":[[[-83.25486,35.7994],[-83.25356,35.80087],[-83.25156,35.80141]]]}},{"type":"Feature","properties":{"kind":"minor-water","name":"Cove Creek","ftype":460,"lengthKm":0.26,"hu8":"06010106","pid":"132652193"},"geometry":{"type":"MultiLineString","coordinates":[[[-82.9281,35.67708],[-82.92968,35.67662],[-82.93062,35.67602]]]}},{"type":"Feature","properties":{"kind":"minor-water","name":"Caney Creek","ftype":460,"lengthKm":0.21,"hu8":"06010106","pid":"132646343"},"geometry":{"type":"MultiLineString","coordinates":[[[-83.22116,35.80044],[-83.22274,35.80098],[-83.22298,35.80146]]]}},{"type":"Feature","properties":{"kind":"minor-water","name":"West Fork Pigeon River","ftype":558,"lengthKm":0.01,"hu8":"06010106","pid":"132656552"},"geometry":{"type":"MultiLineString","coordinates":[[[-82.91423,35.44407],[-82.91414,35.44407]]]}},{"type":"Feature","properties":{"kind":"minor-water","name":"Medford Branch","ftype":558,"lengthKm":0.03,"hu8":"06010106","pid":"132656746"},"geometry":{"type":"MultiLineString","coordinates":[[[-82.9965,35.44399],[-82.99655,35.44426]]]}},{"type":"Feature","properties":{"kind":"minor-water","name":"Dix Creek","ftype":460,"lengthKm":0.19,"hu8":"06010106","pid":"132656738"},"geometry":{"type":"MultiLineString","coordinates":[[[-82.87502,35.4306],[-82.87542,35.43132],[-82.87533,35.4322]]]}},{"type":"Feature","properties":{"kind":"minor-water","name":"Woody Creek","ftype":460,"lengthKm":0.82,"hu8":"06010106","pid":"132654110"},"geometry":{"type":"MultiLineString","coordinates":[[[-83.1514,35.59293],[-83.14958,35.59482],[-83.14854,35.59678],[-83.14743,35.59696],[-83.14626,35.59648],[-83.14538,35.59699]]]}},{"type":"Feature","properties":{"kind":"minor-water","name":"Huskycamp Branch","ftype":460,"lengthKm":0.34,"hu8":"06010106","pid":"132645789"},"geometry":{"type":"MultiLineString","coordinates":[[[-83.16039,35.81781],[-83.15871,35.81868],[-83.15761,35.81751]]]}},{"type":"Feature","properties":{"kind":"minor-water","name":"Slide Branch","ftype":460,"lengthKm":1.13,"hu8":"06010106","pid":"132652426"},"geometry":{"type":"MultiLineString","coordinates":[[[-83.22787,35.69534],[-83.22801,35.69622],[-83.22951,35.69821],[-83.2301,35.69992],[-83.23156,35.70163],[-83.23164,35.70324],[-83.23244,35.70459]]]}},{"type":"Feature","properties":{"kind":"minor-water","name":"Caldwell Fork","ftype":460,"lengthKm":0.61,"hu8":"06010106","pid":"132653489"},"geometry":{"type":"MultiLineString","coordinates":[[[-83.08881,35.62191],[-83.08813,35.62233],[-83.08916,35.623],[-83.08994,35.62401],[-83.08809,35.62485],[-83.08831,35.62568]]]}},{"type":"Feature","properties":{"kind":"minor-water","name":"Cricket Branch","ftype":460,"lengthKm":2.46,"hu8":"06010106","pid":"132647898"},"geometry":{"type":"MultiLineString","coordinates":[[[-83.25385,35.76152],[-83.25414,35.76201],[-83.25384,35.76323],[-83.25475,35.76458],[-83.25445,35.76604],[-83.25522,35.76649],[-83.25523,35.76777],[-83.25589,35.76893],[-83.25622,35.77106],[-83.25594,35.77318],[-83.25487,35.77429],[-83.25454,35.7754],[-83.25472,35.77593],[-83.25444,35.77656],[-83.2548,35.77721],[-83.25443,35.77818],[-83.25451,35.78002],[-83.25294,35.78197]]]}},{"type":"Feature","properties":{"kind":"minor-water","name":"Right Fork Cove Creek","ftype":460,"lengthKm":0.28,"hu8":"06010106","pid":"132653641"},"geometry":{"type":"MultiLineString","coordinates":[[[-83.02436,35.6107],[-83.02378,35.60968],[-83.02263,35.60931],[-83.02247,35.60896]]]}},{"type":"Feature","properties":{"kind":"minor-water","name":"Lower Falling Branch","ftype":460,"lengthKm":1.59,"hu8":"06010106","pid":"132648018"},"geometry":{"type":"MultiLineString","coordinates":[[[-83.23679,35.75048],[-83.23739,35.752],[-83.23788,35.75507],[-83.23836,35.75584],[-83.23801,35.75683],[-83.23878,35.75884],[-83.23799,35.76022],[-83.23775,35.76151],[-83.23646,35.76291],[-83.23661,35.76395]]]}},{"type":"Feature","properties":{"kind":"minor-water","name":"Hurricane Creek","ftype":460,"lengthKm":0.08,"hu8":"06010106","pid":"132647940"},"geometry":{"type":"MultiLineString","coordinates":[[[-82.98626,35.72956],[-82.98714,35.72958]]]}},{"type":"Feature","properties":{"kind":"minor-water","name":"Turnalay Creek","ftype":460,"lengthKm":0.44,"hu8":"06010106","pid":"132645658"},"geometry":{"type":"MultiLineString","coordinates":[[[-83.11998,35.82622],[-83.12074,35.82656],[-83.12091,35.82616],[-83.12204,35.82574],[-83.12434,35.82576]]]}},{"type":"Feature","properties":{"kind":"minor-water","name":"Middle Creek","ftype":460,"lengthKm":0.15,"hu8":"06010106","pid":"132645628"},"geometry":{"type":"MultiLineString","coordinates":[[[-83.27752,35.84655],[-83.27731,35.8457],[-83.27684,35.84538]]]}},{"type":"Feature","properties":{"kind":"minor-water","name":"Morell Springs Branch","ftype":460,"lengthKm":0.28,"hu8":"06010106","pid":"132644966"},"geometry":{"type":"MultiLineString","coordinates":[[[-83.19391,35.94689],[-83.19122,35.94822]]]}},{"type":"Feature","properties":{"kind":"minor-water","name":"Bird Creek","ftype":460,"lengthKm":0.07,"hu8":"06010106","pid":"132655751"},"geometry":{"type":"MultiLineString","coordinates":[[[-82.89787,35.47034],[-82.89719,35.4701]]]}},{"type":"Feature","properties":{"kind":"minor-water","name":"Allen Creek","ftype":558,"lengthKm":0.17,"hu8":"06010106","pid":"132657286"},"geometry":{"type":"MultiLineString","coordinates":[[[-83.00892,35.41817],[-83.00981,35.41956]]]}},{"type":"Feature","properties":{"kind":"minor-water","name":"Big Creek","ftype":460,"lengthKm":2.44,"hu8":"06010106","pid":"132652416"},"geometry":{"type":"MultiLineString","coordinates":[[[-83.25361,35.69766],[-83.25304,35.69902],[-83.2515,35.70016],[-83.25032,35.69976],[-83.2493,35.70094],[-83.24659,35.70161],[-83.24552,35.70228],[-83.24372,35.7028],[-83.24199,35.7026],[-83.24111,35.70278],[-83.24051,35.70458],[-83.23841,35.70514],[-83.23427,35.70703],[-83.23287,35.70834]]]}},{"type":"Feature","properties":{"kind":"minor-water","name":"Yellow Creek","ftype":460,"lengthKm":2.31,"hu8":"06010106","pid":"132649961"},"geometry":{"type":"MultiLineString","coordinates":[[[-83.23886,35.72529],[-83.23805,35.7241],[-83.23516,35.72275],[-83.23437,35.72142],[-83.23209,35.71972],[-83.22536,35.71863],[-83.22399,35.71873],[-83.22253,35.71819],[-83.22129,35.71836],[-83.21827,35.71741],[-83.21718,35.71677]]]}},{"type":"Feature","properties":{"kind":"minor-water","name":"Runyon Creek","ftype":460,"lengthKm":0.16,"hu8":"06010106","pid":"132646824"},"geometry":{"type":"MultiLineString","coordinates":[[[-83.05959,35.77499],[-83.06097,35.77405]]]}},{"type":"Feature","properties":{"kind":"minor-water","name":"Weaver Branch","ftype":460,"lengthKm":0.24,"hu8":"06010106","pid":"132645653"},"geometry":{"type":"MultiLineString","coordinates":[[[-83.20475,35.83468],[-83.2046,35.8353],[-83.20345,35.83649]]]}},{"type":"Feature","properties":{"kind":"minor-water","name":"Dawn Branch","ftype":460,"lengthKm":0.52,"hu8":"06010106","pid":"132654017"},"geometry":{"type":"MultiLineString","coordinates":[[[-82.96427,35.57901],[-82.96514,35.58012],[-82.96755,35.58102],[-82.96794,35.58222]]]}},{"type":"Feature","properties":{"kind":"minor-water","name":"Dry Branch","ftype":460,"lengthKm":0.37,"hu8":"06010106","pid":"132647176"},"geometry":{"type":"MultiLineString","coordinates":[[[-83.03372,35.774],[-83.03447,35.77077]]]}},{"type":"Feature","properties":{"kind":"minor-water","name":"James Branch","ftype":460,"lengthKm":0.35,"hu8":"06010106","pid":"132652447"},"geometry":{"type":"MultiLineString","coordinates":[[[-82.93919,35.66506],[-82.94109,35.66779]]]}},{"type":"Feature","properties":{"kind":"minor-water","name":"Turnpike Creek","ftype":558,"lengthKm":0.02,"hu8":"06010106","pid":"132657793"},"geometry":{"type":"MultiLineString","coordinates":[[[-82.93156,35.37165],[-82.93179,35.37163]]]}},{"type":"Feature","properties":{"kind":"minor-water","name":"White Oak Flats Branch","ftype":460,"lengthKm":0.38,"hu8":"06010106","pid":"132647576"},"geometry":{"type":"MultiLineString","coordinates":[[[-83.01392,35.75377],[-83.01461,35.75346],[-83.01481,35.75303],[-83.01599,35.75268],[-83.01677,35.75159]]]}},{"type":"Feature","properties":{"kind":"minor-water","name":"Moody Branch","ftype":460,"lengthKm":0.54,"hu8":"06010106","pid":"132653771"},"geometry":{"type":"MultiLineString","coordinates":[[[-83.02198,35.60171],[-83.02094,35.60302],[-83.02108,35.60369],[-83.02077,35.60439],[-83.01897,35.60557]]]}},{"type":"Feature","properties":{"kind":"minor-water","name":"Dry Branch","ftype":460,"lengthKm":0.28,"hu8":"06010106","pid":"132646600"},"geometry":{"type":"MultiLineString","coordinates":[[[-83.04217,35.78018],[-83.03983,35.77851]]]}},{"type":"Feature","properties":{"kind":"minor-water","name":"Inman Branch","ftype":460,"lengthKm":0.62,"hu8":"06010106","pid":"132656413"},"geometry":{"type":"MultiLineString","coordinates":[[[-82.92937,35.45262],[-82.92753,35.45163],[-82.92309,35.45062]]]}},{"type":"Feature","properties":{"kind":"minor-water","name":"Factory Branch","ftype":460,"lengthKm":0.19,"hu8":"06010106","pid":"132655008"},"geometry":{"type":"MultiLineString","coordinates":[[[-82.98781,35.52529],[-82.98568,35.5251]]]}},{"type":"Feature","properties":{"kind":"minor-water","name":"Wycle Fork","ftype":460,"lengthKm":0.5,"hu8":"06010106","pid":"132655255"},"geometry":{"type":"MultiLineString","coordinates":[[[-83.17016,35.53404],[-83.1679,35.53296],[-83.16586,35.53134]]]}},{"type":"Feature","properties":{"kind":"minor-water","name":"Hungry Creek","ftype":558,"lengthKm":0.01,"hu8":"06010106","pid":"132657187"},"geometry":{"type":"MultiLineString","coordinates":[[[-82.80931,35.40147],[-82.80935,35.40152]]]}},{"type":"Feature","properties":{"kind":"minor-water","name":"L Davidson Branch","ftype":460,"lengthKm":1.36,"hu8":"06010106","pid":"132653162"},"geometry":{"type":"MultiLineString","coordinates":[[[-83.11067,35.64792],[-83.1117,35.6468],[-83.11283,35.64449],[-83.11455,35.64307],[-83.1153,35.64281],[-83.11775,35.64037],[-83.12019,35.63879]]]}},{"type":"Feature","properties":{"kind":"minor-water","name":"Richtop Branch","ftype":460,"lengthKm":1.17,"hu8":"06010106","pid":"132645740"},"geometry":{"type":"MultiLineString","coordinates":[[[-83.15593,35.82866],[-83.15716,35.8235],[-83.1555,35.82235],[-83.15489,35.82116],[-83.15721,35.82]]]}},{"type":"Feature","properties":{"kind":"minor-water","name":"Trail Hollow Branch","ftype":460,"lengthKm":0.48,"hu8":"06010106","pid":"132646278"},"geometry":{"type":"MultiLineString","coordinates":[[[-83.15743,35.79259],[-83.15826,35.79461],[-83.15834,35.79676]]]}},{"type":"Feature","properties":{"kind":"minor-water","name":"Conner Mill Branch","ftype":460,"lengthKm":2.01,"hu8":"06010106","pid":"132654947"},"geometry":{"type":"MultiLineString","coordinates":[[[-82.90529,35.52032],[-82.90512,35.52141],[-82.90637,35.52228],[-82.90647,35.52287],[-82.90827,35.52332],[-82.90723,35.5243],[-82.9071,35.52488],[-82.9074,35.52578],[-82.90726,35.52744],[-82.90801,35.52877],[-82.90809,35.52966],[-82.90726,35.53107],[-82.90734,35.53228],[-82.90671,35.53273],[-82.90611,35.53422],[-82.90672,35.53477],[-82.90771,35.53508]]]}},{"type":"Feature","properties":{"kind":"minor-water","name":"Little Cataloochee Creek","ftype":460,"lengthKm":0.33,"hu8":"06010106","pid":"132652634"},"geometry":{"type":"MultiLineString","coordinates":[[[-83.08674,35.66974],[-83.08471,35.66935],[-83.08324,35.66965]]]}},{"type":"Feature","properties":{"kind":"minor-water","name":"Shiny Creek","ftype":460,"lengthKm":0.74,"hu8":"06010106","pid":"132657836"},"geometry":{"type":"MultiLineString","coordinates":[[[-82.99141,35.37295],[-82.99047,35.3761],[-82.99088,35.37752],[-82.99221,35.37913]]]}},{"type":"Feature","properties":{"kind":"minor-water","name":"Davidson Branch","ftype":460,"lengthKm":0.61,"hu8":"06010106","pid":"132652994"},"geometry":{"type":"MultiLineString","coordinates":[[[-83.12032,35.65335],[-83.12028,35.65215],[-83.11912,35.6499],[-83.11937,35.64879],[-83.11916,35.64813]]]}},{"type":"Feature","properties":{"kind":"minor-water","name":"Bear Branch","ftype":460,"lengthKm":1.27,"hu8":"06010106","pid":"132653985"},"geometry":{"type":"MultiLineString","coordinates":[[[-83.18122,35.60498],[-83.18051,35.60686],[-83.1797,35.6071],[-83.17668,35.60677],[-83.1739,35.60582],[-83.17241,35.60564],[-83.17143,35.60389],[-83.17073,35.60345]]]}},{"type":"Feature","properties":{"kind":"minor-water","name":"Fines Creek","ftype":460,"lengthKm":0.23,"hu8":"06010106","pid":"132652394"},"geometry":{"type":"MultiLineString","coordinates":[[[-82.98971,35.67499],[-82.98992,35.67362],[-82.99045,35.67305]]]}},{"type":"Feature","properties":{"kind":"minor-water","name":"Webb Branch","ftype":460,"lengthKm":1.31,"hu8":"06010106","pid":"132646976"},"geometry":{"type":"MultiLineString","coordinates":[[[-83.23428,35.78659],[-83.23928,35.79085],[-83.24089,35.79539],[-83.24221,35.79588]]]}},{"type":"Feature","properties":{"kind":"minor-water","name":"Cove Creek","ftype":460,"lengthKm":0.3,"hu8":"06010106","pid":"132652268"},"geometry":{"type":"MultiLineString","coordinates":[[[-82.95444,35.67612],[-82.95608,35.67622],[-82.95619,35.67692],[-82.95688,35.6772]]]}},{"type":"Feature","properties":{"kind":"minor-water","name":"Woody Branch","ftype":460,"lengthKm":2.24,"hu8":"06010106","pid":"132652587"},"geometry":{"type":"MultiLineString","coordinates":[[[-83.13019,35.68998],[-83.12995,35.68839],[-83.12919,35.68791],[-83.12865,35.68655],[-83.12871,35.68527],[-83.12746,35.68363],[-83.12761,35.6818],[-83.12663,35.68027],[-83.12659,35.67913],[-83.12491,35.67837],[-83.12359,35.67669],[-83.1225,35.67617],[-83.12014,35.67715],[-83.11809,35.67731]]]}},{"type":"Feature","properties":{"kind":"minor-water","name":"Stingy Branch","ftype":460,"lengthKm":0.68,"hu8":"06010106","pid":"132654259"},"geometry":{"type":"MultiLineString","coordinates":[[[-82.97621,35.56489],[-82.97417,35.56484],[-82.97205,35.56361],[-82.97049,35.56355],[-82.96924,35.56393]]]}},{"type":"Feature","properties":{"kind":"minor-water","name":"Beech Creek","ftype":460,"lengthKm":1.77,"hu8":"06010106","pid":"132653400"},"geometry":{"type":"MultiLineString","coordinates":[[[-83.16847,35.63523],[-83.16655,35.63509],[-83.16492,35.6367],[-83.16343,35.63753],[-83.16006,35.63609],[-83.15864,35.63506],[-83.15639,35.63506],[-83.15472,35.63596],[-83.15385,35.63511],[-83.15194,35.63484]]]}},{"type":"Feature","properties":{"kind":"minor-water","name":"Long Branch","ftype":558,"lengthKm":0.04,"hu8":"06010106","pid":"132655815"},"geometry":{"type":"MultiLineString","coordinates":[[[-82.7934,35.45726],[-82.79363,35.457]]]}},{"type":"Feature","properties":{"kind":"minor-water","name":"Liner Creek","ftype":460,"lengthKm":0.84,"hu8":"06010106","pid":"132653236"},"geometry":{"type":"MultiLineString","coordinates":[[[-82.87004,35.61643],[-82.8706,35.61476],[-82.87399,35.61131],[-82.87554,35.61078]]]}},{"type":"Feature","properties":{"kind":"minor-water","name":"Groundhog Creek","ftype":460,"lengthKm":0.42,"hu8":"06010106","pid":"132646451"},"geometry":{"type":"MultiLineString","coordinates":[[[-83.18717,35.79394],[-83.18778,35.79581],[-83.18757,35.79762]]]}},{"type":"Feature","properties":{"kind":"minor-water","name":"Morrow Branch","ftype":460,"lengthKm":0.38,"hu8":"06010106","pid":"132653445"},"geometry":{"type":"MultiLineString","coordinates":[[[-83.02632,35.62537],[-83.02405,35.62445],[-83.02286,35.62351]]]}},{"type":"Feature","properties":{"kind":"minor-water","name":"Chestnut Orchard Branch","ftype":460,"lengthKm":0.42,"hu8":"06010106","pid":"132646596"},"geometry":{"type":"MultiLineString","coordinates":[[[-83.01503,35.77243],[-83.01773,35.77222],[-83.01954,35.7717]]]}},{"type":"Feature","properties":{"kind":"minor-water","name":"Tobes Creek","ftype":460,"lengthKm":0.16,"hu8":"06010106","pid":"132646755"},"geometry":{"type":"MultiLineString","coordinates":[[[-83.12165,35.77953],[-83.12116,35.78093]]]}},{"type":"Feature","properties":{"kind":"minor-water","name":"Kilby Branch","ftype":460,"lengthKm":1.21,"hu8":"06010106","pid":"132647984"},"geometry":{"type":"MultiLineString","coordinates":[[[-83.14394,35.74903],[-83.14237,35.74694],[-83.13964,35.74625],[-83.13623,35.74446],[-83.13288,35.74378]]]}},{"type":"Feature","properties":{"kind":"minor-water","name":"Cataloochee Creek","ftype":558,"lengthKm":0.19,"hu8":"06010106","pid":"132653089"},"geometry":{"type":"MultiLineString","coordinates":[[[-83.08198,35.63923],[-83.07996,35.63978]]]}},{"type":"Feature","properties":{"kind":"minor-water","name":"Pigeon River","ftype":558,"lengthKm":0.19,"hu8":"06010106","pid":"132653349"},"geometry":{"type":"MultiLineString","coordinates":[[[-82.96746,35.61498],[-82.96908,35.61612]]]}},{"type":"Feature","properties":{"kind":"minor-water","name":"Hemphill Creek","ftype":460,"lengthKm":0.46,"hu8":"06010106","pid":"132654442"},"geometry":{"type":"MultiLineString","coordinates":[[[-83.07532,35.56583],[-83.07425,35.56567],[-83.0729,35.56621],[-83.072,35.56604],[-83.07077,35.5669]]]}},{"type":"Feature","properties":{"kind":"minor-water","name":"Cherry Creek","ftype":460,"lengthKm":0.23,"hu8":"06010106","pid":"132646387"},"geometry":{"type":"MultiLineString","coordinates":[[[-82.97154,35.77395],[-82.97188,35.77253],[-82.97154,35.77196]]]}},{"type":"Feature","properties":{"kind":"minor-water","name":"Coggins Branch","ftype":460,"lengthKm":0.87,"hu8":"06010106","pid":"132652894"},"geometry":{"type":"MultiLineString","coordinates":[[[-83.10647,35.65234],[-83.10377,35.65416],[-83.10329,35.65509],[-83.10081,35.65783],[-83.10099,35.65839]]]}},{"type":"Feature","properties":{"kind":"minor-water","name":"Pigeon River","ftype":558,"lengthKm":0.17,"hu8":"06010106","pid":"132658495"},"geometry":{"type":"MultiLineString","coordinates":[[[-82.99526,35.64452],[-82.99567,35.64597]]]}},{"type":"Feature","properties":{"kind":"minor-water","name":"Richland Creek","ftype":558,"lengthKm":0.05,"hu8":"06010106","pid":"132655540"},"geometry":{"type":"MultiLineString","coordinates":[[[-82.99159,35.49429],[-82.99132,35.49466]]]}},{"type":"Feature","properties":{"kind":"minor-water","name":"Cricket Branch","ftype":460,"lengthKm":0.5,"hu8":"06010106","pid":"132647185"},"geometry":{"type":"MultiLineString","coordinates":[[[-83.25294,35.78197],[-83.25323,35.78296],[-83.25304,35.78432],[-83.25265,35.78457],[-83.25291,35.78627]]]}},{"type":"Feature","properties":{"kind":"minor-water","name":"Morell Springs Branch","ftype":460,"lengthKm":0.77,"hu8":"06010106","pid":"132644956"},"geometry":{"type":"MultiLineString","coordinates":[[[-83.19122,35.94822],[-83.18783,35.95013],[-83.18612,35.95342]]]}},{"type":"Feature","properties":{"kind":"minor-water","name":"Jonathans Creek","ftype":558,"lengthKm":0.17,"hu8":"06010106","pid":"132654561"},"geometry":{"type":"MultiLineString","coordinates":[[[-83.02396,35.56408],[-83.02362,35.56559]]]}},{"type":"Feature","properties":{"kind":"minor-water","name":"Fines Creek","ftype":460,"lengthKm":0.28,"hu8":"06010106","pid":"132647676"},"geometry":{"type":"MultiLineString","coordinates":[[[-82.92763,35.73624],[-82.92757,35.73536],[-82.92829,35.73381]]]}},{"type":"Feature","properties":{"kind":"minor-water","name":"Laurel Creek","ftype":460,"lengthKm":0.12,"hu8":"06010106","pid":"132647634"},"geometry":{"type":"MultiLineString","coordinates":[[[-83.08902,35.75197],[-83.0898,35.75289]]]}},{"type":"Feature","properties":{"kind":"minor-water","name":"Shanty Branch","ftype":460,"lengthKm":1.32,"hu8":"06010106","pid":"132653550"},"geometry":{"type":"MultiLineString","coordinates":[[[-83.12576,35.62298],[-83.12461,35.62266],[-83.12285,35.62296],[-83.12088,35.62436],[-83.11785,35.6256],[-83.11705,35.62553],[-83.11505,35.62468],[-83.11339,35.62508],[-83.11264,35.62493]]]}},{"type":"Feature","properties":{"kind":"minor-water","name":"Chestnut Branch","ftype":460,"lengthKm":0.25,"hu8":"06010106","pid":"132647544"},"geometry":{"type":"MultiLineString","coordinates":[[[-83.12668,35.75882],[-83.1241,35.75957]]]}},{"type":"Feature","properties":{"kind":"minor-water","name":"Greenbrier Creek","ftype":460,"lengthKm":0.74,"hu8":"06010106","pid":"132647920"},"geometry":{"type":"MultiLineString","coordinates":[[[-83.25233,35.76173],[-83.25213,35.76236],[-83.25273,35.76294],[-83.25293,35.76417],[-83.25364,35.76481],[-83.25386,35.76555],[-83.25114,35.76656]]]}},{"type":"Feature","properties":{"kind":"minor-water","name":"Jonathans Creek","ftype":558,"lengthKm":0.3,"hu8":"06010106","pid":"132654883"},"geometry":{"type":"MultiLineString","coordinates":[[[-83.02759,35.54337],[-83.02647,35.54495],[-83.02556,35.54539]]]}},{"type":"Feature","properties":{"kind":"minor-water","name":"Cold Springs Creek","ftype":460,"lengthKm":0.06,"hu8":"06010106","pid":"132646854"},"geometry":{"type":"MultiLineString","coordinates":[[[-82.98717,35.76277],[-82.98785,35.76276]]]}},{"type":"Feature","properties":{"kind":"minor-water","name":"Mine Branch","ftype":558,"lengthKm":0,"hu8":"06010106","pid":"132655324"},"geometry":{"type":"MultiLineString","coordinates":[[[-83.06356,35.51594],[-83.06358,35.51598]]]}},{"type":"Feature","properties":{"kind":"minor-water","name":"Pigeon River","ftype":558,"lengthKm":0.37,"hu8":"06010106","pid":"132652207"},"geometry":{"type":"MultiLineString","coordinates":[[[-83.03652,35.68991],[-83.03963,35.6921]]]}},{"type":"Feature","properties":{"kind":"minor-water","name":"Wolf Laurel Branch","ftype":460,"lengthKm":0.59,"hu8":"06010106","pid":"132655552"},"geometry":{"type":"MultiLineString","coordinates":[[[-83.15206,35.51125],[-83.14828,35.51127],[-83.1462,35.51092],[-83.14556,35.51108]]]}},{"type":"Feature","properties":{"kind":"minor-water","name":"Otter Creek","ftype":460,"lengthKm":2.48,"hu8":"06010106","pid":"132649465"},"geometry":{"type":"MultiLineString","coordinates":[[[-83.24771,35.72698],[-83.24974,35.72814],[-83.25216,35.72877],[-83.25487,35.73006],[-83.26103,35.73208],[-83.26488,35.73238],[-83.26512,35.73273],[-83.26597,35.73293],[-83.26833,35.7331],[-83.27144,35.73412],[-83.27287,35.73489]]]}},{"type":"Feature","properties":{"kind":"minor-water","name":"Wesley Creek","ftype":460,"lengthKm":0.18,"hu8":"06010106","pid":"132649245"},"geometry":{"type":"MultiLineString","coordinates":[[[-82.94662,35.70092],[-82.94677,35.69933]]]}},{"type":"Feature","properties":{"kind":"minor-water","name":"Mouse Creek","ftype":460,"lengthKm":0.29,"hu8":"06010106","pid":"132648920"},"geometry":{"type":"MultiLineString","coordinates":[[[-83.13105,35.72113],[-83.13102,35.72158],[-83.13181,35.72282],[-83.13169,35.72357]]]}},{"type":"Feature","properties":{"kind":"minor-water","name":"Fines Creek","ftype":460,"lengthKm":0.12,"hu8":"06010106","pid":"132648913"},"geometry":{"type":"MultiLineString","coordinates":[[[-82.92917,35.70041],[-82.9288,35.70022],[-82.92875,35.6995]]]}},{"type":"Feature","properties":{"kind":"minor-water","name":"Palmer Creek","ftype":460,"lengthKm":1.54,"hu8":"06010106","pid":"132653475"},"geometry":{"type":"MultiLineString","coordinates":[[[-83.12026,35.63668],[-83.11942,35.63443],[-83.11819,35.63348],[-83.11814,35.63237],[-83.11643,35.62902],[-83.11399,35.62758],[-83.11315,35.62657],[-83.11132,35.62571]]]}},{"type":"Feature","properties":{"kind":"minor-water","name":"Greenbrier Creek","ftype":460,"lengthKm":0.4,"hu8":"06010106","pid":"132647930"},"geometry":{"type":"MultiLineString","coordinates":[[[-83.25228,35.75851],[-83.25236,35.75971],[-83.25314,35.76083],[-83.25233,35.76173]]]}},{"type":"Feature","properties":{"kind":"minor-water","name":"Early Creek","ftype":460,"lengthKm":0.52,"hu8":"06010106","pid":"132652173"},"geometry":{"type":"MultiLineString","coordinates":[[[-83.08039,35.69356],[-83.07776,35.69286],[-83.07688,35.69327],[-83.07616,35.69304],[-83.07505,35.69348]]]}},{"type":"Feature","properties":{"kind":"minor-water","name":"Buckeye Creek","ftype":460,"lengthKm":0.42,"hu8":"06010106","pid":"132647774"},"geometry":{"type":"MultiLineString","coordinates":[[[-83.26632,35.76574],[-83.26678,35.76662],[-83.26642,35.76721],[-83.26679,35.76854],[-83.26665,35.7693]]]}},{"type":"Feature","properties":{"kind":"minor-water","name":"Lost Bottom Creek","ftype":460,"lengthKm":0.62,"hu8":"06010106","pid":"132653168"},"geometry":{"type":"MultiLineString","coordinates":[[[-83.15642,35.64429],[-83.1558,35.64282],[-83.15382,35.64201],[-83.15112,35.64226]]]}},{"type":"Feature","properties":{"kind":"minor-water","name":"Beech Creek","ftype":460,"lengthKm":1.63,"hu8":"06010106","pid":"132653402"},"geometry":{"type":"MultiLineString","coordinates":[[[-83.18211,35.6438],[-83.18074,35.64305],[-83.18008,35.64232],[-83.17918,35.64212],[-83.17861,35.64105],[-83.17698,35.64038],[-83.17465,35.63783],[-83.17295,35.637],[-83.1721,35.63605],[-83.16847,35.63523]]]}},{"type":"Feature","properties":{"kind":"minor-water","name":"Cataloochee Creek","ftype":558,"lengthKm":0.58,"hu8":"06010106","pid":"132653327"},"geometry":{"type":"MultiLineString","coordinates":[[[-83.08616,35.63086],[-83.08496,35.63061],[-83.08334,35.63142],[-83.08286,35.63278],[-83.08331,35.63399]]]}},{"type":"Feature","properties":{"kind":"minor-water","name":"Riding Fork","ftype":460,"lengthKm":1.64,"hu8":"06010106","pid":"132647652"},"geometry":{"type":"MultiLineString","coordinates":[[[-83.18777,35.76128],[-83.18965,35.76267],[-83.19101,35.76269],[-83.19422,35.76565],[-83.19671,35.76637],[-83.19935,35.76774],[-83.20007,35.76881],[-83.19952,35.77044]]]}},{"type":"Feature","properties":{"kind":"minor-water","name":"Pigeon River","ftype":558,"lengthKm":0.45,"hu8":"06010106","pid":"132655104"},"geometry":{"type":"MultiLineString","coordinates":[[[-82.86439,35.50526],[-82.8645,35.50578],[-82.86395,35.50642],[-82.86083,35.50751]]]}},{"type":"Feature","properties":{"kind":"minor-water","name":"Indian Camp Creek","ftype":558,"lengthKm":0.64,"hu8":"06010106","pid":"132646743"},"geometry":{"type":"MultiLineString","coordinates":[[[-83.2541,35.79385],[-83.25412,35.79866],[-83.25486,35.7994]]]}},{"type":"Feature","properties":{"kind":"minor-water","name":"Carolina Prong","ftype":460,"lengthKm":0.36,"hu8":"06010106","pid":"132647196"},"geometry":{"type":"MultiLineString","coordinates":[[[-83.13992,35.77022],[-83.13954,35.77035],[-83.13724,35.76951],[-83.13619,35.76961]]]}},{"type":"Feature","properties":{"kind":"minor-water","name":"Early Creek","ftype":460,"lengthKm":0.28,"hu8":"06010106","pid":"132652211"},"geometry":{"type":"MultiLineString","coordinates":[[[-83.06539,35.69282],[-83.0638,35.69061]]]}},{"type":"Feature","properties":{"kind":"minor-water","name":"Warm Cove Branch","ftype":460,"lengthKm":0.17,"hu8":"06010106","pid":"132654588"},"geometry":{"type":"MultiLineString","coordinates":[[[-83.14594,35.5679],[-83.14406,35.568]]]}},{"type":"Feature","properties":{"kind":"minor-water","name":"Plott Creek","ftype":460,"lengthKm":0.06,"hu8":"06010106","pid":"132655958"},"geometry":{"type":"MultiLineString","coordinates":[[[-83.05944,35.48348],[-83.05883,35.48337]]]}},{"type":"Feature","properties":{"kind":"minor-water","name":"Laurel Branch","ftype":558,"lengthKm":0.01,"hu8":"06010106","pid":"132657638"},"geometry":{"type":"MultiLineString","coordinates":[[[-82.9408,35.38754],[-82.94075,35.38747]]]}},{"type":"Feature","properties":{"kind":"minor-water","name":"Right Hand Prong West Fork Pigeon River","ftype":460,"lengthKm":0.19,"hu8":"06010106","pid":"132657874"},"geometry":{"type":"MultiLineString","coordinates":[[[-82.9649,35.3634],[-82.96321,35.3644]]]}},{"type":"Feature","properties":{"kind":"minor-water","name":"Laurel Creek","ftype":460,"lengthKm":0.43,"hu8":"06010106","pid":"132647849"},"geometry":{"type":"MultiLineString","coordinates":[[[-83.08803,35.74729],[-83.08833,35.7497],[-83.08865,35.74992],[-83.08851,35.75098]]]}},{"type":"Feature","properties":{"kind":"minor-water","name":"Yellow Creek","ftype":460,"lengthKm":0.25,"hu8":"06010106","pid":"132650336"},"geometry":{"type":"MultiLineString","coordinates":[[[-83.21718,35.71677],[-83.21608,35.71581],[-83.21498,35.71546]]]}},{"type":"Feature","properties":{"kind":"minor-water","name":"Cripple Creek","ftype":460,"lengthKm":0.5,"hu8":"06010106","pid":"132645717"},"geometry":{"type":"MultiLineString","coordinates":[[[-83.12917,35.82166],[-83.12955,35.82101],[-83.13141,35.82072],[-83.13284,35.81948],[-83.13349,35.81943]]]}},{"type":"Feature","properties":{"kind":"minor-water","name":"Woody Creek","ftype":460,"lengthKm":1.42,"hu8":"06010106","pid":"132654267"},"geometry":{"type":"MultiLineString","coordinates":[[[-83.17262,35.58176],[-83.172,35.58379],[-83.17054,35.58577],[-83.16755,35.58653],[-83.16562,35.58766],[-83.16502,35.58842],[-83.16388,35.58851],[-83.1617,35.58946]]]}},{"type":"Feature","properties":{"kind":"minor-water","name":"Laurel Branch","ftype":460,"lengthKm":0.4,"hu8":"06010106","pid":"132652440"},"geometry":{"type":"MultiLineString","coordinates":[[[-83.04253,35.67611],[-83.04094,35.67942]]]}},{"type":"Feature","properties":{"kind":"minor-water","name":"Bettis Branch","ftype":460,"lengthKm":2.41,"hu8":"06010106","pid":"132649329"},"geometry":{"type":"MultiLineString","coordinates":[[[-83.11497,35.71357],[-83.11711,35.71624],[-83.11884,35.72038],[-83.11898,35.7214],[-83.11854,35.72191],[-83.11855,35.72346],[-83.11772,35.72603],[-83.11764,35.72749],[-83.11857,35.72916],[-83.12107,35.73067],[-83.12266,35.73271]]]}},{"type":"Feature","properties":{"kind":"minor-water","name":"East Fork Pigeon River","ftype":558,"lengthKm":0.15,"hu8":"06010106","pid":"132656174"},"geometry":{"type":"MultiLineString","coordinates":[[[-82.83358,35.45049],[-82.83496,35.45123]]]}},{"type":"Feature","properties":{"kind":"minor-water","name":"West Fork Pigeon River","ftype":558,"lengthKm":0.63,"hu8":"06010106","pid":"132657795"},"geometry":{"type":"MultiLineString","coordinates":[[[-82.93179,35.37163],[-82.93272,35.37274],[-82.93472,35.37359],[-82.93605,35.37388],[-82.93771,35.3737]]]}},{"type":"Feature","properties":{"kind":"minor-water","name":"Phillips Branch","ftype":460,"lengthKm":0.23,"hu8":"06010106","pid":"132648182"},"geometry":{"type":"MultiLineString","coordinates":[[[-82.93322,35.71117],[-82.9317,35.71135],[-82.93141,35.71156],[-82.93153,35.71209]]]}},{"type":"Feature","properties":{"kind":"minor-water","name":"Warm Cove Branch","ftype":460,"lengthKm":1.38,"hu8":"06010106","pid":"132654590"},"geometry":{"type":"MultiLineString","coordinates":[[[-83.15974,35.57184],[-83.15552,35.56977],[-83.15051,35.57006],[-83.147,35.56818],[-83.14594,35.5679]]]}},{"type":"Feature","properties":{"kind":"minor-water","name":"Mount Sterling Creek","ftype":460,"lengthKm":1.03,"hu8":"06010106","pid":"132649511"},"geometry":{"type":"MultiLineString","coordinates":[[[-83.09647,35.70866],[-83.09564,35.70911],[-83.09391,35.71089],[-83.09179,35.71188],[-83.08974,35.71572]]]}},{"type":"Feature","properties":{"kind":"minor-water","name":"Chestnut Cove Creek","ftype":460,"lengthKm":1.53,"hu8":"06010106","pid":"132649467"},"geometry":{"type":"MultiLineString","coordinates":[[[-83.17869,35.72292],[-83.17662,35.72167],[-83.17586,35.72026],[-83.17373,35.71897],[-83.17156,35.71863],[-83.16723,35.71933],[-83.16416,35.71858]]]}},{"type":"Feature","properties":{"kind":"minor-water","name":"Snowbird Creek","ftype":460,"lengthKm":0.25,"hu8":"06010106","pid":"132646296"},"geometry":{"type":"MultiLineString","coordinates":[[[-83.04995,35.78642],[-83.05084,35.78518],[-83.05182,35.78491]]]}},{"type":"Feature","properties":{"kind":"minor-water","name":"Old Bald Creek","ftype":460,"lengthKm":0.47,"hu8":"06010106","pid":"132657550"},"geometry":{"type":"MultiLineString","coordinates":[[[-83.02375,35.40486],[-83.02258,35.40702],[-83.02102,35.40842]]]}},{"type":"Feature","properties":{"kind":"minor-water","name":"Laurel Creek","ftype":460,"lengthKm":0.39,"hu8":"06010106","pid":"132647926"},"geometry":{"type":"MultiLineString","coordinates":[[[-83.08519,35.7409],[-83.08585,35.74203],[-83.08677,35.74275],[-83.08675,35.74397]]]}},{"type":"Feature","properties":{"kind":"minor-water","name":"Toms Creek","ftype":460,"lengthKm":0.46,"hu8":"06010106","pid":"132647768"},"geometry":{"type":"MultiLineString","coordinates":[[[-83.19982,35.76081],[-83.2012,35.76133],[-83.20198,35.76201],[-83.20438,35.76248]]]}},{"type":"Feature","properties":{"kind":"minor-water","name":"Lost Bottom Creek","ftype":460,"lengthKm":1.19,"hu8":"06010106","pid":"132652918"},"geometry":{"type":"MultiLineString","coordinates":[[[-83.17962,35.66956],[-83.18043,35.6684],[-83.18066,35.66697],[-83.18006,35.66527],[-83.18008,35.66422],[-83.18046,35.66096],[-83.18109,35.65919]]]}},{"type":"Feature","properties":{"kind":"minor-water","name":"McClure Creek","ftype":460,"lengthKm":0.61,"hu8":"06010106","pid":"132656938"},"geometry":{"type":"MultiLineString","coordinates":[[[-82.92978,35.42771],[-82.92771,35.42836],[-82.92651,35.42836],[-82.92543,35.42883],[-82.92489,35.42929],[-82.92465,35.43032]]]}},{"type":"Feature","properties":{"kind":"minor-water","name":"Oskodah Branch","ftype":460,"lengthKm":1.19,"hu8":"06010106","pid":"132652322"},"geometry":{"type":"MultiLineString","coordinates":[[[-83.22463,35.70142],[-83.22417,35.70195],[-83.22395,35.70326],[-83.22393,35.70997],[-83.22217,35.71145]]]}},{"type":"Feature","properties":{"kind":"minor-water","name":"Chavis Creek","ftype":460,"lengthKm":0.48,"hu8":"06010106","pid":"132647224"},"geometry":{"type":"MultiLineString","coordinates":[[[-83.28082,35.78458],[-83.28253,35.78734],[-83.28163,35.78832]]]}},{"type":"Feature","properties":{"kind":"minor-water","name":"Pine Tree Cove Creek","ftype":460,"lengthKm":0.55,"hu8":"06010106","pid":"132655413"},"geometry":{"type":"MultiLineString","coordinates":[[[-83.07164,35.51129],[-83.06933,35.51191],[-83.0675,35.51306],[-83.06684,35.514]]]}},{"type":"Feature","properties":{"kind":"minor-water","name":"Wesley Creek","ftype":460,"lengthKm":0.32,"hu8":"06010106","pid":"132648196"},"geometry":{"type":"MultiLineString","coordinates":[[[-82.94772,35.71429],[-82.94711,35.71336],[-82.94692,35.71157]]]}},{"type":"Feature","properties":{"kind":"minor-water","name":"Greenbrier Creek","ftype":460,"lengthKm":1.38,"hu8":"06010106","pid":"132648168"},"geometry":{"type":"MultiLineString","coordinates":[[[-83.25283,35.74652],[-83.25283,35.74727],[-83.25363,35.74902],[-83.25344,35.75046],[-83.25382,35.75191],[-83.25309,35.75561],[-83.25229,35.75666],[-83.25255,35.75732],[-83.25228,35.75851]]]}},{"type":"Feature","properties":{"kind":"minor-water","name":"Hunter Branch","ftype":460,"lengthKm":0.31,"hu8":"06010106","pid":"132652781"},"geometry":{"type":"MultiLineString","coordinates":[[[-83.02445,35.65936],[-83.02472,35.6598],[-83.02452,35.66205]]]}},{"type":"Feature","properties":{"kind":"minor-water","name":"Cherry Creek","ftype":460,"lengthKm":0.49,"hu8":"06010106","pid":"132646215"},"geometry":{"type":"MultiLineString","coordinates":[[[-82.97057,35.77939],[-82.97195,35.77676],[-82.97167,35.77526]]]}},{"type":"Feature","properties":{"kind":"minor-water","name":"Panther Creek","ftype":460,"lengthKm":0.42,"hu8":"06010106","pid":"132652757"},"geometry":{"type":"MultiLineString","coordinates":[[[-82.95003,35.64824],[-82.95054,35.64892],[-82.95158,35.64943],[-82.95408,35.64953]]]}},{"type":"Feature","properties":{"kind":"minor-water","name":"Shoestring Branch","ftype":460,"lengthKm":0.66,"hu8":"06010106","pid":"132646481"},"geometry":{"type":"MultiLineString","coordinates":[[[-83.16365,35.79055],[-83.16506,35.79247],[-83.16492,35.79394],[-83.16523,35.79437],[-83.16484,35.79523],[-83.16531,35.7959]]]}},{"type":"Feature","properties":{"kind":"minor-water","name":"Wilkins Creek","ftype":460,"lengthKm":0.27,"hu8":"06010106","pid":"132652197"},"geometry":{"type":"MultiLineString","coordinates":[[[-83.02608,35.68974],[-83.0284,35.68817]]]}},{"type":"Feature","properties":{"kind":"minor-water","name":"Big Creek","ftype":460,"lengthKm":1.13,"hu8":"06010106","pid":"132650017"},"geometry":{"type":"MultiLineString","coordinates":[[[-83.19753,35.7158],[-83.19688,35.71561],[-83.19622,35.71488],[-83.19202,35.71381],[-83.19081,35.71416],[-83.19024,35.71589],[-83.1885,35.71578],[-83.18753,35.71606]]]}},{"type":"Feature","properties":{"kind":"minor-water","name":"Hurricane Creek","ftype":460,"lengthKm":2.37,"hu8":"06010106","pid":"132654122"},"geometry":{"type":"MultiLineString","coordinates":[[[-83.14047,35.58749],[-83.13952,35.58802],[-83.13864,35.59067],[-83.13727,35.59202],[-83.13446,35.59278],[-83.13405,35.59452],[-83.13221,35.5965],[-83.13141,35.59819],[-83.13153,35.59996],[-83.13089,35.60126],[-83.13097,35.60205],[-83.12908,35.60408],[-83.12928,35.60494]]]}},{"type":"Feature","properties":{"kind":"minor-water","name":"Richland Creek","ftype":460,"lengthKm":0.23,"hu8":"06010106","pid":"132656870"},"geometry":{"type":"MultiLineString","coordinates":[[[-83.06792,35.44597],[-83.06751,35.44702],[-83.06666,35.44771]]]}},{"type":"Feature","properties":{"kind":"minor-water","name":"Richtop Branch","ftype":460,"lengthKm":0.81,"hu8":"06010106","pid":"132645660"},"geometry":{"type":"MultiLineString","coordinates":[[[-83.15356,35.835],[-83.15268,35.83311],[-83.1538,35.8318],[-83.15414,35.83088],[-83.15557,35.82957],[-83.15593,35.82866]]]}},{"type":"Feature","properties":{"kind":"minor-water","name":"Toms Branch","ftype":460,"lengthKm":0.25,"hu8":"06010106","pid":"132652246"},"geometry":{"type":"MultiLineString","coordinates":[[[-82.98808,35.68164],[-82.98699,35.68074],[-82.98587,35.68037]]]}},{"type":"Feature","properties":{"kind":"minor-water","name":"Gilliland Fork","ftype":460,"lengthKm":1.55,"hu8":"06010106","pid":"132647502"},"geometry":{"type":"MultiLineString","coordinates":[[[-83.17599,35.76552],[-83.17565,35.76738],[-83.17585,35.76942],[-83.17663,35.77042],[-83.17844,35.77175],[-83.18034,35.77268],[-83.18288,35.77231],[-83.18405,35.77264],[-83.18641,35.77271]]]}},{"type":"Feature","properties":{"kind":"minor-water","name":"Caldwell Fork","ftype":460,"lengthKm":0.66,"hu8":"06010106","pid":"132654418"},"geometry":{"type":"MultiLineString","coordinates":[[[-83.12614,35.57216],[-83.12521,35.57244],[-83.12386,35.57358],[-83.12446,35.57639],[-83.12495,35.57698]]]}},{"type":"Feature","properties":{"kind":"minor-water","name":"Pigeon River","ftype":558,"lengthKm":0.2,"hu8":"06010106","pid":"132653264"},"geometry":{"type":"MultiLineString","coordinates":[[[-82.97983,35.62207],[-82.98201,35.62216]]]}},{"type":"Feature","properties":{"kind":"minor-water","name":"Kyker Branch","ftype":460,"lengthKm":0.5,"hu8":"06010106","pid":"132645199"},"geometry":{"type":"MultiLineString","coordinates":[[[-83.24468,35.89621],[-83.24326,35.89682],[-83.23928,35.89712]]]}},{"type":"Feature","properties":{"kind":"minor-water","name":"Indian Camp Creek","ftype":460,"lengthKm":3.25,"hu8":"06010106","pid":"132649112"},"geometry":{"type":"MultiLineString","coordinates":[[[-83.27287,35.73489],[-83.27375,35.73532],[-83.27423,35.73617],[-83.27514,35.73614],[-83.27581,35.73695],[-83.27679,35.73717],[-83.27759,35.73777],[-83.27855,35.73754],[-83.27962,35.74055],[-83.27929,35.74142],[-83.28008,35.74256],[-83.27956,35.74337],[-83.28013,35.74721],[-83.27944,35.74786],[-83.27971,35.7501],[-83.27902,35.75217],[-83.27794,35.7532],[-83.27841,35.75584],[-83.27743,35.75655],[-83.27709,35.7572],[-83.27742,35.75837],[-83.27681,35.75905]]]}},{"type":"Feature","properties":{"kind":"minor-water","name":"North Fork Bogard Creek","ftype":460,"lengthKm":0.29,"hu8":"06010106","pid":"132645316"},"geometry":{"type":"MultiLineString","coordinates":[[[-83.28574,35.87917],[-83.28432,35.87882],[-83.28263,35.87884]]]}},{"type":"Feature","properties":{"kind":"minor-water","name":"Rough Fork","ftype":460,"lengthKm":0.4,"hu8":"06010106","pid":"132653767"},"geometry":{"type":"MultiLineString","coordinates":[[[-83.12859,35.61128],[-83.12715,35.61075],[-83.12514,35.61077],[-83.12442,35.61104]]]}},{"type":"Feature","properties":{"kind":"minor-water","name":"Haywood Gap Stream","ftype":460,"lengthKm":0.51,"hu8":"06010106","pid":"132657998"},"geometry":{"type":"MultiLineString","coordinates":[[[-82.95258,35.31522],[-82.9499,35.31921]]]}},{"type":"Feature","properties":{"kind":"minor-water","name":"James Branch","ftype":460,"lengthKm":0.18,"hu8":"06010106","pid":"132652585"},"geometry":{"type":"MultiLineString","coordinates":[[[-82.9405,35.65837],[-82.94048,35.65995]]]}},{"type":"Feature","properties":{"kind":"minor-water","name":"Cataloochee Creek","ftype":558,"lengthKm":0.26,"hu8":"06010106","pid":"132652844"},"geometry":{"type":"MultiLineString","coordinates":[[[-83.07368,35.65219],[-83.07468,35.65435]]]}},{"type":"Feature","properties":{"kind":"minor-water","name":"Richland Creek","ftype":558,"lengthKm":0.3,"hu8":"06010106","pid":"132655580"},"geometry":{"type":"MultiLineString","coordinates":[[[-82.99325,35.49198],[-82.9927,35.49238],[-82.99159,35.49429]]]}},{"type":"Feature","properties":{"kind":"minor-water","name":"Weaver Branch","ftype":460,"lengthKm":0.46,"hu8":"06010106","pid":"132645631"},"geometry":{"type":"MultiLineString","coordinates":[[[-83.20232,35.83744],[-83.2004,35.83722],[-83.19996,35.83682],[-83.19778,35.83787]]]}},{"type":"Feature","properties":{"kind":"minor-water","name":"Cove Creek","ftype":460,"lengthKm":0.61,"hu8":"06010106","pid":"132652240"},"geometry":{"type":"MultiLineString","coordinates":[[[-82.94257,35.67586],[-82.943,35.67652],[-82.94386,35.67624],[-82.9468,35.67699],[-82.94861,35.67672]]]}},{"type":"Feature","properties":{"kind":"minor-water","name":"Dry Branch","ftype":460,"lengthKm":0.22,"hu8":"06010106","pid":"132645728"},"geometry":{"type":"MultiLineString","coordinates":[[[-83.1847,35.82309],[-83.18238,35.82371]]]}},{"type":"Feature","properties":{"kind":"minor-water","name":"Chestnut Branch","ftype":460,"lengthKm":0.28,"hu8":"06010106","pid":"132647528"},"geometry":{"type":"MultiLineString","coordinates":[[[-83.12295,35.75959],[-83.11989,35.75904]]]}},{"type":"Feature","properties":{"kind":"minor-water","name":"Dude Branch","ftype":460,"lengthKm":0.6,"hu8":"06010106","pid":"132652412"},"geometry":{"type":"MultiLineString","coordinates":[[[-83.10129,35.68603],[-83.09841,35.6849],[-83.09497,35.68447]]]}},{"type":"Feature","properties":{"kind":"minor-water","name":"Pigeon River","ftype":558,"lengthKm":0.49,"hu8":"06010106","pid":"132654412"},"geometry":{"type":"MultiLineString","coordinates":[[[-82.85709,35.54562],[-82.8598,35.54361],[-82.86137,35.54299]]]}},{"type":"Feature","properties":{"kind":"minor-water","name":"Coldspring Branch","ftype":460,"lengthKm":0.47,"hu8":"06010106","pid":"132657526"},"geometry":{"type":"MultiLineString","coordinates":[[[-82.98598,35.40231],[-82.98891,35.40281],[-82.99106,35.40255]]]}},{"type":"Feature","properties":{"kind":"minor-water","name":"Pigeon River","ftype":558,"lengthKm":0.13,"hu8":"06010106","pid":"132654763"},"geometry":{"type":"MultiLineString","coordinates":[[[-82.91768,35.5348],[-82.91905,35.53456]]]}},{"type":"Feature","properties":{"kind":"minor-water","name":"Pigeon River","ftype":558,"lengthKm":0.75,"hu8":"06010106","pid":"132654708"},"geometry":{"type":"MultiLineString","coordinates":[[[-82.84012,35.52776],[-82.84153,35.52917],[-82.84232,35.53202],[-82.84356,35.53372]]]}},{"type":"Feature","properties":{"kind":"minor-water","name":"Bogard Creek","ftype":460,"lengthKm":0.54,"hu8":"06010106","pid":"132645296"},"geometry":{"type":"MultiLineString","coordinates":[[[-83.26495,35.87949],[-83.26394,35.87902],[-83.26263,35.87916],[-83.26169,35.87865],[-83.26107,35.87756],[-83.2602,35.87762]]]}},{"type":"Feature","properties":{"kind":"minor-water","name":"Baxter Creek","ftype":460,"lengthKm":2,"hu8":"06010106","pid":"132648863"},"geometry":{"type":"MultiLineString","coordinates":[[[-83.11135,35.71681],[-83.11109,35.71874],[-83.11146,35.72135],[-83.10995,35.72256],[-83.10825,35.72297],[-83.10594,35.72506],[-83.10576,35.72646],[-83.1061,35.72742],[-83.10498,35.72917],[-83.10504,35.73065],[-83.10459,35.73223]]]}},{"type":"Feature","properties":{"kind":"minor-water","name":"Fines Creek","ftype":460,"lengthKm":0.15,"hu8":"06010106","pid":"132648696"},"geometry":{"type":"MultiLineString","coordinates":[[[-82.92834,35.70222],[-82.92913,35.70101]]]}},{"type":"Feature","properties":{"kind":"minor-water","name":"Tinker Branch","ftype":460,"lengthKm":0.15,"hu8":"06010106","pid":"132646409"},"geometry":{"type":"MultiLineString","coordinates":[[[-83.13373,35.78963],[-83.13303,35.79012],[-83.1329,35.7907]]]}},{"type":"Feature","properties":{"kind":"minor-water","name":"Pigeon River","ftype":558,"lengthKm":0.2,"hu8":"06010106","pid":"132652671"},"geometry":{"type":"MultiLineString","coordinates":[[[-82.9902,35.65751],[-82.98949,35.65923]]]}},{"type":"Feature","properties":{"kind":"minor-water","name":"South Fork Bogard Creek","ftype":460,"lengthKm":2,"hu8":"06010106","pid":"132645372"},"geometry":{"type":"MultiLineString","coordinates":[[[-83.30636,35.88596],[-83.30801,35.88435],[-83.309,35.88232],[-83.30881,35.88092],[-83.30759,35.87969],[-83.30696,35.87845],[-83.30469,35.8758],[-83.30257,35.87604],[-83.3016,35.87515],[-83.29767,35.87487]]]}},{"type":"Feature","properties":{"kind":"minor-water","name":"Pigeonroost Branch","ftype":460,"lengthKm":0.79,"hu8":"06010106","pid":"132645363"},"geometry":{"type":"MultiLineString","coordinates":[[[-83.14563,35.86385],[-83.14736,35.86292],[-83.14876,35.86145],[-83.1518,35.86042],[-83.15253,35.8598]]]}},{"type":"Feature","properties":{"kind":"minor-water","name":"Richland Creek","ftype":558,"lengthKm":0.28,"hu8":"06010106","pid":"132654907"},"geometry":{"type":"MultiLineString","coordinates":[[[-82.96228,35.52937],[-82.96247,35.53032],[-82.96189,35.53178]]]}},{"type":"Feature","properties":{"kind":"minor-water","name":"Mount Sterling Creek","ftype":460,"lengthKm":0.22,"hu8":"06010106","pid":"132648000"},"geometry":{"type":"MultiLineString","coordinates":[[[-83.07189,35.73651],[-83.07276,35.73835]]]}},{"type":"Feature","properties":{"kind":"minor-water","name":"Chestnut Orchard Branch","ftype":460,"lengthKm":0.04,"hu8":"06010106","pid":"132646732"},"geometry":{"type":"MultiLineString","coordinates":[[[-83.02544,35.77038],[-83.02587,35.77021]]]}},{"type":"Feature","properties":{"kind":"minor-water","name":"Raccoon Branch","ftype":460,"lengthKm":0.46,"hu8":"06010106","pid":"132648298"},"geometry":{"type":"MultiLineString","coordinates":[[[-82.96173,35.71357],[-82.95937,35.70994]]]}},{"type":"Feature","properties":{"kind":"minor-water","name":"Little East Fork Pigeon River","ftype":460,"lengthKm":0.59,"hu8":"06010106","pid":"132657137"},"geometry":{"type":"MultiLineString","coordinates":[[[-82.90673,35.41454],[-82.90697,35.41689],[-82.90639,35.41791],[-82.90553,35.41857],[-82.90565,35.41901],[-82.90609,35.41916]]]}},{"type":"Feature","properties":{"kind":"minor-water","name":"Schoolhouse Branch","ftype":460,"lengthKm":1.53,"hu8":"06010106","pid":"132657238"},"geometry":{"type":"MultiLineString","coordinates":[[[-82.89204,35.41572],[-82.89688,35.4161],[-82.89855,35.41586],[-82.90205,35.41415],[-82.90282,35.41284],[-82.90327,35.41049],[-82.90357,35.41036],[-82.90469,35.41078]]]}},{"type":"Feature","properties":{"kind":"minor-water","name":"Turkey Creek","ftype":460,"lengthKm":0.05,"hu8":"06010106","pid":"132649449"},"geometry":{"type":"MultiLineString","coordinates":[[[-82.91171,35.69261],[-82.91223,35.69249]]]}},{"type":"Feature","properties":{"kind":"minor-water","name":"Pigeon River","ftype":558,"lengthKm":0.02,"hu8":"06010106","pid":"132652436"},"geometry":{"type":"MultiLineString","coordinates":[[[-83.01442,35.67326],[-83.01466,35.67333]]]}},{"type":"Feature","properties":{"kind":"minor-water","name":"Laurel Branch","ftype":460,"lengthKm":0.12,"hu8":"06010106","pid":"132652406"},"geometry":{"type":"MultiLineString","coordinates":[[[-83.01364,35.67475],[-83.01382,35.67372]]]}},{"type":"Feature","properties":{"kind":"minor-water","name":"Stinking Camp Branch","ftype":460,"lengthKm":0.45,"hu8":"06010106","pid":"132647922"},"geometry":{"type":"MultiLineString","coordinates":[[[-83.06898,35.74032],[-83.06996,35.74064],[-83.07273,35.73979],[-83.0736,35.74005]]]}},{"type":"Feature","properties":{"kind":"minor-water","name":"James Branch","ftype":460,"lengthKm":0.4,"hu8":"06010106","pid":"132652685"},"geometry":{"type":"MultiLineString","coordinates":[[[-82.94638,35.65162],[-82.94453,35.65306],[-82.94297,35.65383]]]}},{"type":"Feature","properties":{"kind":"minor-water","name":"Woody Branch","ftype":460,"lengthKm":0.71,"hu8":"06010106","pid":"132652642"},"geometry":{"type":"MultiLineString","coordinates":[[[-83.11038,35.67374],[-83.10971,35.67386],[-83.10343,35.67109]]]}},{"type":"Feature","properties":{"kind":"minor-water","name":"Big Spring Branch","ftype":558,"lengthKm":0.02,"hu8":"06010106","pid":"132655218"},"geometry":{"type":"MultiLineString","coordinates":[[[-83.04646,35.52044],[-83.04635,35.52033]]]}},{"type":"Feature","properties":{"kind":"minor-water","name":"Pigeon River","ftype":558,"lengthKm":0.82,"hu8":"06010106","pid":"132658511"},"geometry":{"type":"MultiLineString","coordinates":[[[-82.99525,35.63111],[-82.98951,35.6344],[-82.98897,35.63503],[-82.98907,35.63591]]]}},{"type":"Feature","properties":{"kind":"minor-water","name":"Stinking Camp Branch","ftype":460,"lengthKm":0.48,"hu8":"06010106","pid":"132648110"},"geometry":{"type":"MultiLineString","coordinates":[[[-83.06345,35.73492],[-83.06436,35.73581],[-83.06476,35.73685],[-83.06637,35.73845]]]}},{"type":"Feature","properties":{"kind":"minor-water","name":"Camp Branch","ftype":460,"lengthKm":0.49,"hu8":"06010106","pid":"132652348"},"geometry":{"type":"MultiLineString","coordinates":[[[-83.00069,35.68219],[-83.00099,35.68153],[-83.00079,35.68099],[-83.00161,35.67972],[-83.00153,35.6792],[-83.00253,35.67831]]]}},{"type":"Feature","properties":{"kind":"minor-water","name":"McFalls Branch","ftype":460,"lengthKm":0.16,"hu8":"06010106","pid":"132646957"},"geometry":{"type":"MultiLineString","coordinates":[[[-83.16144,35.77935],[-83.16157,35.78075]]]}},{"type":"Feature","properties":{"kind":"minor-water","name":"Allen Creek","ftype":558,"lengthKm":0.03,"hu8":"06010106","pid":"132657165"},"geometry":{"type":"MultiLineString","coordinates":[[[-83.00904,35.42443],[-83.00929,35.4246]]]}},{"type":"Feature","properties":{"kind":"minor-water","name":"Eaglenest Creek","ftype":558,"lengthKm":0.01,"hu8":"06010106","pid":"132655759"},"geometry":{"type":"MultiLineString","coordinates":[[[-83.0073,35.48215],[-83.00722,35.48208]]]}},{"type":"Feature","properties":{"kind":"minor-water","name":"Tinker Branch","ftype":460,"lengthKm":0.34,"hu8":"06010106","pid":"132646222"},"geometry":{"type":"MultiLineString","coordinates":[[[-83.12926,35.79234],[-83.12904,35.7941],[-83.12824,35.79518]]]}},{"type":"Feature","properties":{"kind":"minor-water","name":"Pigeon River","ftype":558,"lengthKm":0.33,"hu8":"06010106","pid":"132654678"},"geometry":{"type":"MultiLineString","coordinates":[[[-82.89454,35.53761],[-82.89675,35.53528]]]}},{"type":"Feature","properties":{"kind":"minor-water","name":"Caney Creek","ftype":460,"lengthKm":0.24,"hu8":"06010106","pid":"132646492"},"geometry":{"type":"MultiLineString","coordinates":[[[-83.21049,35.79522],[-83.21269,35.79651]]]}},{"type":"Feature","properties":{"kind":"minor-water","name":"Caney Creek","ftype":460,"lengthKm":0.01,"hu8":"06010106","pid":"132646351"},"geometry":{"type":"MultiLineString","coordinates":[[[-83.22743,35.8004],[-83.22753,35.80045]]]}},{"type":"Feature","properties":{"kind":"minor-water","name":"Chavis Creek","ftype":460,"lengthKm":0.56,"hu8":"06010106","pid":"132646716"},"geometry":{"type":"MultiLineString","coordinates":[[[-83.27753,35.79716],[-83.27717,35.79917],[-83.27802,35.80072],[-83.2771,35.80182]]]}},{"type":"Feature","properties":{"kind":"minor-water","name":"Rough Fork","ftype":460,"lengthKm":0.4,"hu8":"06010106","pid":"132653991"},"geometry":{"type":"MultiLineString","coordinates":[[[-83.16235,35.60238],[-83.16198,35.60423],[-83.1609,35.60393],[-83.15998,35.60405]]]}},{"type":"Feature","properties":{"kind":"minor-water","name":"Stamey Cove Branch","ftype":460,"lengthKm":1.39,"hu8":"06010106","pid":"132655040"},"geometry":{"type":"MultiLineString","coordinates":[[[-82.88893,35.51257],[-82.88702,35.51243],[-82.88608,35.51271],[-82.88386,35.51243],[-82.88146,35.51272],[-82.8773,35.51213],[-82.87376,35.51216]]]}},{"type":"Feature","properties":{"kind":"minor-water","name":"Richland Creek","ftype":460,"lengthKm":0.42,"hu8":"06010106","pid":"132656678"},"geometry":{"type":"MultiLineString","coordinates":[[[-83.05438,35.45279],[-83.05262,35.45309],[-83.05004,35.45405]]]}},{"type":"Feature","properties":{"kind":"minor-water","name":"Cripple Creek","ftype":460,"lengthKm":0.33,"hu8":"06010106","pid":"132645553"},"geometry":{"type":"MultiLineString","coordinates":[[[-83.12002,35.83878],[-83.12083,35.8382],[-83.12196,35.8363]]]}},{"type":"Feature","properties":{"kind":"minor-water","name":"Moody Branch","ftype":460,"lengthKm":0.54,"hu8":"06010106","pid":"132653856"},"geometry":{"type":"MultiLineString","coordinates":[[[-83.02997,35.59319],[-83.02966,35.59374],[-83.02755,35.59436],[-83.02616,35.59512],[-83.02555,35.59506],[-83.02508,35.59549]]]}},{"type":"Feature","properties":{"kind":"minor-water","name":"McKee Branch","ftype":460,"lengthKm":0.42,"hu8":"06010106","pid":"132654138"},"geometry":{"type":"MultiLineString","coordinates":[[[-83.08829,35.58365],[-83.09076,35.5845],[-83.09202,35.58571]]]}},{"type":"Feature","properties":{"kind":"minor-water","name":"Mill Creek","ftype":460,"lengthKm":0.15,"hu8":"06010106","pid":"132645615"},"geometry":{"type":"MultiLineString","coordinates":[[[-83.13905,35.83332],[-83.13952,35.83317],[-83.13952,35.83219]]]}},{"type":"Feature","properties":{"kind":"minor-water","name":"Winding Stair Branch","ftype":460,"lengthKm":0.12,"hu8":"06010106","pid":"132653019"},"geometry":{"type":"MultiLineString","coordinates":[[[-83.06704,35.6416],[-83.06837,35.64184]]]}},{"type":"Feature","properties":{"kind":"minor-water","name":"Mouse Creek","ftype":460,"lengthKm":0.76,"hu8":"06010106","pid":"132648642"},"geometry":{"type":"MultiLineString","coordinates":[[[-83.13169,35.72357],[-83.13234,35.72516],[-83.13216,35.7262],[-83.13326,35.72673],[-83.13409,35.72765],[-83.13477,35.72953]]]}},{"type":"Feature","properties":{"kind":"minor-water","name":"Pigeon River","ftype":558,"lengthKm":0.39,"hu8":"06010106","pid":"132654857"},"geometry":{"type":"MultiLineString","coordinates":[[[-82.84531,35.51951],[-82.84642,35.52151],[-82.84799,35.52177]]]}},{"type":"Feature","properties":{"kind":"minor-water","name":"West Fork Pigeon River","ftype":460,"lengthKm":0.23,"hu8":"06010106","pid":"132657953"},"geometry":{"type":"MultiLineString","coordinates":[[[-82.90967,35.32589],[-82.90896,35.32618],[-82.90922,35.32759]]]}},{"type":"Feature","properties":{"kind":"minor-water","name":"Pigeon River","ftype":558,"lengthKm":0.02,"hu8":"06010106","pid":"132658519"},"geometry":{"type":"MultiLineString","coordinates":[[[-82.86581,35.54654],[-82.86601,35.54651]]]}},{"type":"Feature","properties":{"kind":"minor-water","name":"Cripple Creek","ftype":460,"lengthKm":0.72,"hu8":"06010106","pid":"132645679"},"geometry":{"type":"MultiLineString","coordinates":[[[-83.12973,35.83032],[-83.13004,35.82918],[-83.13055,35.82858],[-83.13053,35.82745],[-83.12923,35.82494],[-83.12955,35.82425]]]}},{"type":"Feature","properties":{"kind":"minor-water","name":"Jonathans Creek","ftype":558,"lengthKm":0.12,"hu8":"06010106","pid":"132654321"},"geometry":{"type":"MultiLineString","coordinates":[[[-83.02362,35.56559],[-83.02272,35.56633]]]}},{"type":"Feature","properties":{"kind":"minor-water","name":"Rowdy Creek","ftype":460,"lengthKm":2.69,"hu8":"06010106","pid":"132647490"},"geometry":{"type":"MultiLineString","coordinates":[[[-83.16486,35.76502],[-83.16749,35.76736],[-83.17051,35.77096],[-83.17347,35.77333],[-83.17422,35.77572],[-83.17558,35.77728],[-83.17588,35.77928],[-83.17637,35.78002],[-83.17756,35.78052],[-83.18041,35.77992],[-83.18209,35.78051],[-83.18344,35.78047]]]}},{"type":"Feature","properties":{"kind":"minor-water","name":"Crawford Creek","ftype":460,"lengthKm":0.3,"hu8":"06010106","pid":"132657465"},"geometry":{"type":"MultiLineString","coordinates":[[[-82.85387,35.39044],[-82.85242,35.39134],[-82.85198,35.39246]]]}},{"type":"Feature","properties":{"kind":"minor-water","name":"Upper Double Branch","ftype":460,"lengthKm":1.91,"hu8":"06010106","pid":"132653318"},"geometry":{"type":"MultiLineString","coordinates":[[[-83.10092,35.64286],[-83.09998,35.64189],[-83.09933,35.64166],[-83.09646,35.63836],[-83.09489,35.63772],[-83.09428,35.63688],[-83.09305,35.63626],[-83.09115,35.63436],[-83.08838,35.6333],[-83.08669,35.63148],[-83.08659,35.63093]]]}},{"type":"Feature","properties":{"kind":"minor-water","name":"Little Rock Creek","ftype":460,"lengthKm":1.34,"hu8":"06010106","pid":"132649132"},"geometry":{"type":"MultiLineString","coordinates":[[[-83.23594,35.72846],[-83.23499,35.73039],[-83.23195,35.73123],[-83.23059,35.73261],[-83.22947,35.733],[-83.22751,35.73468],[-83.22486,35.7356]]]}},{"type":"Feature","properties":{"kind":"minor-water","name":"Runyon Creek","ftype":460,"lengthKm":0.2,"hu8":"06010106","pid":"132646691"},"geometry":{"type":"MultiLineString","coordinates":[[[-83.05811,35.77638],[-83.05959,35.77499]]]}},{"type":"Feature","properties":{"kind":"minor-water","name":"Tobes Creek","ftype":460,"lengthKm":0.45,"hu8":"06010106","pid":"132646633"},"geometry":{"type":"MultiLineString","coordinates":[[[-83.11899,35.78197],[-83.11779,35.78223],[-83.11721,35.78323],[-83.11488,35.78311]]]}},{"type":"Feature","properties":{"kind":"minor-water","name":"Toms Branch","ftype":460,"lengthKm":0.64,"hu8":"06010106","pid":"132650641"},"geometry":{"type":"MultiLineString","coordinates":[[[-82.99662,35.69821],[-82.99504,35.69621],[-82.99453,35.69448],[-82.99339,35.69319]]]}},{"type":"Feature","properties":{"kind":"minor-water","name":"Richland Creek","ftype":460,"lengthKm":0.32,"hu8":"06010106","pid":"132656718"},"geometry":{"type":"MultiLineString","coordinates":[[[-83.0578,35.45203],[-83.05438,35.45279]]]}},{"type":"Feature","properties":{"kind":"minor-water","name":"Jim Branch","ftype":460,"lengthKm":1.11,"hu8":"06010106","pid":"132653930"},"geometry":{"type":"MultiLineString","coordinates":[[[-83.12329,35.59995],[-83.12201,35.60196],[-83.12363,35.60415],[-83.1243,35.60709],[-83.12401,35.60922]]]}},{"type":"Feature","properties":{"kind":"minor-water","name":"Toms Branch","ftype":460,"lengthKm":0.1,"hu8":"06010106","pid":"132648260"},"geometry":{"type":"MultiLineString","coordinates":[[[-82.99597,35.71434],[-82.99675,35.71495]]]}},{"type":"Feature","properties":{"kind":"minor-water","name":"Leatherwood Branch","ftype":460,"lengthKm":0.13,"hu8":"06010106","pid":"132653796"},"geometry":{"type":"MultiLineString","coordinates":[[[-83.00573,35.59725],[-83.00621,35.59749],[-83.00706,35.59732]]]}},{"type":"Feature","properties":{"kind":"minor-water","name":"Bailey Branch","ftype":460,"lengthKm":0.44,"hu8":"06010106","pid":"132645389"},"geometry":{"type":"MultiLineString","coordinates":[[[-83.25357,35.86784],[-83.25276,35.86796],[-83.25017,35.86756],[-83.24877,35.8678]]]}},{"type":"Feature","properties":{"kind":"minor-water","name":"Panther Branch","ftype":460,"lengthKm":0.78,"hu8":"06010106","pid":"132647780"},"geometry":{"type":"MultiLineString","coordinates":[[[-83.16779,35.75863],[-83.17219,35.75926],[-83.17631,35.75872]]]}},{"type":"Feature","properties":{"kind":"minor-water","name":"McFalls Branch","ftype":460,"lengthKm":0.56,"hu8":"06010106","pid":"132646912"},"geometry":{"type":"MultiLineString","coordinates":[[[-83.16157,35.78075],[-83.1628,35.78258],[-83.16589,35.7842]]]}},{"type":"Feature","properties":{"kind":"minor-water","name":"Lost Bottom Creek","ftype":460,"lengthKm":0.22,"hu8":"06010106","pid":"132652969"},"geometry":{"type":"MultiLineString","coordinates":[[[-83.18109,35.65919],[-83.18119,35.6572]]]}},{"type":"Feature","properties":{"kind":"minor-water","name":"Toms Creek","ftype":460,"lengthKm":1.19,"hu8":"06010106","pid":"132647978"},"geometry":{"type":"MultiLineString","coordinates":[[[-83.17176,35.74778],[-83.17344,35.75005],[-83.1752,35.7509],[-83.17671,35.75106],[-83.1823,35.75353]]]}},{"type":"Feature","properties":{"kind":"minor-water","name":"Big Creek","ftype":558,"lengthKm":0.21,"hu8":"06010106","pid":"132649479"},"geometry":{"type":"MultiLineString","coordinates":[[[-83.16402,35.71668],[-83.16409,35.71858]]]}},{"type":"Feature","properties":{"kind":"minor-water","name":"Groundhog Creek","ftype":460,"lengthKm":0.34,"hu8":"06010106","pid":"132646249"},"geometry":{"type":"MultiLineString","coordinates":[[[-83.1906,35.79837],[-83.19111,35.7988],[-83.19133,35.79969],[-83.19122,35.80063],[-83.19057,35.80097]]]}},{"type":"Feature","properties":{"kind":"minor-water","name":"Queen Creek","ftype":558,"lengthKm":0.01,"hu8":"06010106","pid":"132657725"},"geometry":{"type":"MultiLineString","coordinates":[[[-82.93923,35.37968],[-82.93915,35.37966]]]}},{"type":"Feature","properties":{"kind":"minor-water","name":"Den Branch","ftype":460,"lengthKm":0.69,"hu8":"06010106","pid":"132653465"},"geometry":{"type":"MultiLineString","coordinates":[[[-83.08216,35.62301],[-83.08464,35.62474],[-83.08519,35.6256],[-83.08658,35.62594],[-83.08831,35.62568]]]}},{"type":"Feature","properties":{"kind":"minor-water","name":"Messer Branch","ftype":460,"lengthKm":0.91,"hu8":"06010106","pid":"132645436"},"geometry":{"type":"MultiLineString","coordinates":[[[-83.12915,35.85532],[-83.12682,35.85411],[-83.12704,35.85002],[-83.12764,35.84826]]]}},{"type":"Feature","properties":{"kind":"minor-water","name":"Snowbird Creek","ftype":460,"lengthKm":0.1,"hu8":"06010106","pid":"132646737"},"geometry":{"type":"MultiLineString","coordinates":[[[-83.07654,35.77594],[-83.07763,35.77562]]]}},{"type":"Feature","properties":{"kind":"minor-water","name":"Bennett Branch","ftype":460,"lengthKm":0.66,"hu8":"06010106","pid":"132652832"},"geometry":{"type":"MultiLineString","coordinates":[[[-83.06143,35.65115],[-83.06397,35.65192],[-83.06747,35.65429]]]}},{"type":"Feature","properties":{"kind":"minor-water","name":"Cripple Creek","ftype":460,"lengthKm":0.32,"hu8":"06010106","pid":"132645729"},"geometry":{"type":"MultiLineString","coordinates":[[[-83.13491,35.81944],[-83.13587,35.81938],[-83.13699,35.81847],[-83.13791,35.81816]]]}},{"type":"Feature","properties":{"kind":"minor-water","name":"Fines Creek","ftype":460,"lengthKm":0.29,"hu8":"06010106","pid":"132648202"},"geometry":{"type":"MultiLineString","coordinates":[[[-82.9288,35.71164],[-82.92943,35.71042],[-82.92861,35.70928]]]}},{"type":"Feature","properties":{"kind":"minor-water","name":"Rush Fork","ftype":460,"lengthKm":0.27,"hu8":"06010106","pid":"132653085"},"geometry":{"type":"MultiLineString","coordinates":[[[-82.94301,35.62534],[-82.9409,35.62361]]]}},{"type":"Feature","properties":{"kind":"minor-water","name":"Pigeon River","ftype":558,"lengthKm":0.39,"hu8":"06010106","pid":"132652508"},"geometry":{"type":"MultiLineString","coordinates":[[[-83.01127,35.67101],[-83.01239,35.67233],[-83.01442,35.67326]]]}},{"type":"Feature","properties":{"kind":"minor-water","name":"Dotson Branch","ftype":558,"lengthKm":0.01,"hu8":"06010106","pid":"132653386"},"geometry":{"type":"MultiLineString","coordinates":[[[-82.9655,35.61376],[-82.96542,35.61384]]]}},{"type":"Feature","properties":{"kind":"minor-water","name":"Big Creek","ftype":558,"lengthKm":0.38,"hu8":"06010106","pid":"132647685"},"geometry":{"type":"MultiLineString","coordinates":[[[-83.10755,35.75173],[-83.10665,35.75249],[-83.1054,35.75459]]]}},{"type":"Feature","properties":{"kind":"minor-water","name":"Coldspring Branch","ftype":460,"lengthKm":0.06,"hu8":"06010106","pid":"132645183"},"geometry":{"type":"MultiLineString","coordinates":[[[-83.26069,35.8996],[-83.26003,35.8995]]]}},{"type":"Feature","properties":{"kind":"minor-water","name":"North Fork Bogard Creek","ftype":460,"lengthKm":0.88,"hu8":"06010106","pid":"132645293"},"geometry":{"type":"MultiLineString","coordinates":[[[-83.29658,35.88687],[-83.29455,35.88509],[-83.29418,35.88392],[-83.29339,35.88289],[-83.29048,35.88097]]]}},{"type":"Feature","properties":{"kind":"minor-water","name":"Caney Creek","ftype":460,"lengthKm":0.31,"hu8":"06010106","pid":"132646379"},"geometry":{"type":"MultiLineString","coordinates":[[[-83.2184,35.799],[-83.21868,35.79948],[-83.22072,35.80001],[-83.22116,35.80044]]]}},{"type":"Feature","properties":{"kind":"minor-water","name":"Groundhog Creek","ftype":460,"lengthKm":0.56,"hu8":"06010106","pid":"132646697"},"geometry":{"type":"MultiLineString","coordinates":[[[-83.02685,35.77496],[-83.0265,35.7748],[-83.02684,35.77268],[-83.02587,35.77021]]]}},{"type":"Feature","properties":{"kind":"minor-water","name":"Hemphill Creek","ftype":460,"lengthKm":0.27,"hu8":"06010106","pid":"132654386"},"geometry":{"type":"MultiLineString","coordinates":[[[-83.05091,35.56477],[-83.04798,35.56486]]]}},{"type":"Feature","properties":{"kind":"minor-water","name":"Garden Creek","ftype":460,"lengthKm":0.12,"hu8":"06010106","pid":"132655448"},"geometry":{"type":"MultiLineString","coordinates":[[[-82.83628,35.48305],[-82.83757,35.48336]]]}},{"type":"Feature","properties":{"kind":"minor-water","name":"Richland Creek","ftype":558,"lengthKm":0.09,"hu8":"06010106","pid":"132655656"},"geometry":{"type":"MultiLineString","coordinates":[[[-83.00374,35.48647],[-83.0031,35.48707]]]}},{"type":"Feature","properties":{"kind":"minor-water","name":"Webb Branch","ftype":460,"lengthKm":1.48,"hu8":"06010106","pid":"132647494"},"geometry":{"type":"MultiLineString","coordinates":[[[-83.23101,35.77152],[-83.23172,35.77458],[-83.23288,35.77583],[-83.23202,35.77822],[-83.23047,35.77873],[-83.2302,35.7795],[-83.22936,35.78033],[-83.22958,35.78141],[-83.22914,35.78317]]]}},{"type":"Feature","properties":{"kind":"minor-water","name":"Turkey Creek","ftype":460,"lengthKm":0.18,"hu8":"06010106","pid":"132649509"},"geometry":{"type":"MultiLineString","coordinates":[[[-82.91478,35.69134],[-82.91527,35.69033],[-82.91578,35.68999]]]}},{"type":"Feature","properties":{"kind":"minor-water","name":"East Fork Pigeon River","ftype":558,"lengthKm":0.3,"hu8":"06010106","pid":"132655992"},"geometry":{"type":"MultiLineString","coordinates":[[[-82.84551,35.45998],[-82.84843,35.45873]]]}},{"type":"Feature","properties":{"kind":"minor-water","name":"Cherry Creek","ftype":460,"lengthKm":0.09,"hu8":"06010106","pid":"132646259"},"geometry":{"type":"MultiLineString","coordinates":[[[-82.97167,35.77526],[-82.97166,35.77445]]]}},{"type":"Feature","properties":{"kind":"minor-water","name":"Camel Hump Creek","ftype":460,"lengthKm":2.96,"hu8":"06010106","pid":"132648991"},"geometry":{"type":"MultiLineString","coordinates":[[[-83.21414,35.72615],[-83.21195,35.72606],[-83.21124,35.7265],[-83.20966,35.72979],[-83.20789,35.73159],[-83.20722,35.73195],[-83.20606,35.73195],[-83.20395,35.73274],[-83.20318,35.7334],[-83.20188,35.73364],[-83.20088,35.73419],[-83.20064,35.73478],[-83.20097,35.73752],[-83.19879,35.73927],[-83.19976,35.74048],[-83.19979,35.7415],[-83.19916,35.74397],[-83.19838,35.74469]]]}},{"type":"Feature","properties":{"kind":"minor-water","name":"Ball Branch","ftype":460,"lengthKm":0.55,"hu8":"06010106","pid":"132648820"},"geometry":{"type":"MultiLineString","coordinates":[[[-83.09238,35.71835],[-83.08648,35.71941]]]}},{"type":"Feature","properties":{"kind":"minor-water","name":"Buckeye Creek","ftype":460,"lengthKm":0.59,"hu8":"06010106","pid":"132647916"},"geometry":{"type":"MultiLineString","coordinates":[[[-83.2633,35.76136],[-83.26369,35.76346],[-83.26448,35.76409],[-83.26475,35.76476],[-83.26632,35.76574]]]}},{"type":"Feature","properties":{"kind":"minor-water","name":"Falling Rock Creek","ftype":460,"lengthKm":3.38,"hu8":"06010106","pid":"132653773"},"geometry":{"type":"MultiLineString","coordinates":[[[-83.17731,35.61435],[-83.17953,35.61868],[-83.17986,35.6202],[-83.17925,35.62139],[-83.17709,35.62282],[-83.17622,35.62388],[-83.17383,35.62443],[-83.17179,35.62639],[-83.17007,35.62702],[-83.16902,35.62777],[-83.16778,35.62778],[-83.16752,35.62823],[-83.16604,35.62909],[-83.1649,35.62913],[-83.16395,35.62952],[-83.16178,35.62952],[-83.16096,35.62988],[-83.16042,35.62962],[-83.16007,35.62896],[-83.15966,35.6289],[-83.15793,35.62907],[-83.156,35.62998]]]}},{"type":"Feature","properties":{"kind":"minor-water","name":"Good Spring Branch","ftype":460,"lengthKm":1.57,"hu8":"06010106","pid":"132652942"},"geometry":{"type":"MultiLineString","coordinates":[[[-83.15207,35.65522],[-83.15131,35.65533],[-83.147,35.65412],[-83.14282,35.65478],[-83.13975,35.65446],[-83.13747,35.65387],[-83.13522,35.65382]]]}},{"type":"Feature","properties":{"kind":"minor-water","name":"Big Creek","ftype":558,"lengthKm":0.18,"hu8":"06010106","pid":"132647002"},"geometry":{"type":"MultiLineString","coordinates":[[[-83.10028,35.77173],[-83.10022,35.77218],[-83.10127,35.77295]]]}},{"type":"Feature","properties":{"kind":"minor-water","name":"Correll Branch","ftype":460,"lengthKm":0.25,"hu8":"06010106","pid":"132652308"},"geometry":{"type":"MultiLineString","coordinates":[[[-83.095,35.68997],[-83.09276,35.68868]]]}},{"type":"Feature","properties":{"kind":"minor-water","name":"Turkey Creek","ftype":460,"lengthKm":0.29,"hu8":"06010106","pid":"132649513"},"geometry":{"type":"MultiLineString","coordinates":[[[-82.92909,35.68945],[-82.93111,35.69036],[-82.93194,35.69019]]]}},{"type":"Feature","properties":{"kind":"minor-water","name":"Camp Branch","ftype":460,"lengthKm":0.19,"hu8":"06010106","pid":"132652462"},"geometry":{"type":"MultiLineString","coordinates":[[[-83.00465,35.67529],[-83.00549,35.67472],[-83.00583,35.67396]]]}},{"type":"Feature","properties":{"kind":"minor-water","name":"Mathews Branch","ftype":460,"lengthKm":1.71,"hu8":"06010106","pid":"132653364"},"geometry":{"type":"MultiLineString","coordinates":[[[-83.10327,35.64378],[-83.10265,35.64294],[-83.10249,35.64153],[-83.10314,35.63932],[-83.10298,35.63746],[-83.10253,35.63674],[-83.10258,35.63576],[-83.102,35.63493],[-83.10171,35.63238],[-83.10073,35.62966],[-83.10121,35.62912]]]}},{"type":"Feature","properties":{"kind":"minor-water","name":"Shiny Creek","ftype":460,"lengthKm":0.32,"hu8":"06010106","pid":"132657753"},"geometry":{"type":"MultiLineString","coordinates":[[[-82.99154,35.38308],[-82.99153,35.38363],[-82.99077,35.38475],[-82.99096,35.38579]]]}},{"type":"Feature","properties":{"kind":"minor-water","name":"Groundhog Creek","ftype":460,"lengthKm":0.23,"hu8":"06010106","pid":"132646152"},"geometry":{"type":"MultiLineString","coordinates":[[[-83.19057,35.80097],[-83.18967,35.80187],[-83.18851,35.80203]]]}},{"type":"Feature","properties":{"kind":"minor-water","name":"Shoestring Branch","ftype":460,"lengthKm":0.98,"hu8":"06010106","pid":"132646136"},"geometry":{"type":"MultiLineString","coordinates":[[[-83.17257,35.79959],[-83.17328,35.80071],[-83.1753,35.80216],[-83.17664,35.80268],[-83.17832,35.8046],[-83.17986,35.80514],[-83.17997,35.80559]]]}},{"type":"Feature","properties":{"kind":"minor-water","name":"Pigeon River","ftype":558,"lengthKm":0.09,"hu8":"06010106","pid":"132658515"},"geometry":{"type":"MultiLineString","coordinates":[[[-82.99884,35.62613],[-82.99963,35.62666]]]}},{"type":"Feature","properties":{"kind":"minor-water","name":"Bailey Branch","ftype":460,"lengthKm":0.37,"hu8":"06010106","pid":"132645439"},"geometry":{"type":"MultiLineString","coordinates":[[[-83.26441,35.86281],[-83.26217,35.86561]]]}},{"type":"Feature","properties":{"kind":"minor-water","name":"Dawn Branch","ftype":460,"lengthKm":0.31,"hu8":"06010106","pid":"132653820"},"geometry":{"type":"MultiLineString","coordinates":[[[-82.96001,35.58951],[-82.95934,35.58989],[-82.95738,35.58961],[-82.95688,35.58984]]]}},{"type":"Feature","properties":{"kind":"minor-water","name":"Big Creek","ftype":558,"lengthKm":0.15,"hu8":"06010106","pid":"132648040"},"geometry":{"type":"MultiLineString","coordinates":[[[-83.12667,35.73892],[-83.12648,35.74022]]]}},{"type":"Feature","properties":{"kind":"minor-water","name":"McClure Creek","ftype":460,"lengthKm":0.59,"hu8":"06010106","pid":"132657131"},"geometry":{"type":"MultiLineString","coordinates":[[[-82.96556,35.4216],[-82.96501,35.42306],[-82.96213,35.426]]]}},{"type":"Feature","properties":{"kind":"minor-water","name":"Leatherwood Branch","ftype":460,"lengthKm":0.53,"hu8":"06010106","pid":"132654023"},"geometry":{"type":"MultiLineString","coordinates":[[[-82.98963,35.58218],[-82.99209,35.58299],[-82.99364,35.58259],[-82.99506,35.58305]]]}},{"type":"Feature","properties":{"kind":"minor-water","name":"Caldwell Fork","ftype":460,"lengthKm":0.46,"hu8":"06010106","pid":"132654005"},"geometry":{"type":"MultiLineString","coordinates":[[[-83.10949,35.59536],[-83.10832,35.59632],[-83.10645,35.59694],[-83.10624,35.59734],[-83.10547,35.59762]]]}},{"type":"Feature","properties":{"kind":"minor-water","name":"Abe Branch","ftype":460,"lengthKm":0.81,"hu8":"06010106","pid":"132646385"},"geometry":{"type":"MultiLineString","coordinates":[[[-83.17972,35.79493],[-83.18099,35.79612],[-83.18279,35.79702],[-83.18405,35.79693],[-83.18594,35.79755],[-83.18757,35.79762]]]}},{"type":"Feature","properties":{"kind":"minor-water","name":"White Oak Creek","ftype":460,"lengthKm":0.21,"hu8":"06010106","pid":"132652667"},"geometry":{"type":"MultiLineString","coordinates":[[[-83.0424,35.66285],[-83.04158,35.66459]]]}},{"type":"Feature","properties":{"kind":"minor-water","name":"Big Creek","ftype":558,"lengthKm":0.22,"hu8":"06010106","pid":"132647776"},"geometry":{"type":"MultiLineString","coordinates":[[[-83.10934,35.75035],[-83.10755,35.75173]]]}},{"type":"Feature","properties":{"kind":"minor-water","name":"Cold Springs Creek","ftype":460,"lengthKm":0.3,"hu8":"06010106","pid":"132646894"},"geometry":{"type":"MultiLineString","coordinates":[[[-82.98109,35.76174],[-82.98314,35.76195],[-82.98436,35.7616]]]}},{"type":"Feature","properties":{"kind":"minor-water","name":"Baxter Creek","ftype":460,"lengthKm":1.28,"hu8":"06010106","pid":"132648121"},"geometry":{"type":"MultiLineString","coordinates":[[[-83.10459,35.73223],[-83.10614,35.73409],[-83.10942,35.73607],[-83.11139,35.73909],[-83.11364,35.74078]]]}},{"type":"Feature","properties":{"kind":"minor-water","name":"Sam Branch","ftype":558,"lengthKm":0.01,"hu8":"06010106","pid":"132656770"},"geometry":{"type":"MultiLineString","coordinates":[[[-82.92683,35.43487],[-82.92677,35.43483]]]}},{"type":"Feature","properties":{"kind":"minor-water","name":"Big Creek","ftype":558,"lengthKm":0.26,"hu8":"06010106","pid":"132648607"},"geometry":{"type":"MultiLineString","coordinates":[[[-83.15982,35.72726],[-83.15815,35.72762],[-83.15781,35.7285]]]}},{"type":"Feature","properties":{"kind":"minor-water","name":"Parks Branch","ftype":460,"lengthKm":0.19,"hu8":"06010106","pid":"132654150"},"geometry":{"type":"MultiLineString","coordinates":[[[-83.00634,35.57472],[-83.00679,35.57641]]]}},{"type":"Feature","properties":{"kind":"minor-water","name":"Rush Fork","ftype":460,"lengthKm":0.08,"hu8":"06010106","pid":"132653158"},"geometry":{"type":"MultiLineString","coordinates":[[[-82.93786,35.61933],[-82.9373,35.61877]]]}},{"type":"Feature","properties":{"kind":"minor-water","name":"Bear Branch","ftype":460,"lengthKm":0.08,"hu8":"06010106","pid":"132647198"},"geometry":{"type":"MultiLineString","coordinates":[[[-82.98762,35.75423],[-82.98839,35.75394]]]}},{"type":"Feature","properties":{"kind":"minor-water","name":"Double Gap Branch","ftype":460,"lengthKm":1.28,"hu8":"06010106","pid":"132654289"},"geometry":{"type":"MultiLineString","coordinates":[[[-83.11152,35.58055],[-83.11393,35.58073],[-83.11504,35.58136],[-83.11569,35.58234],[-83.11765,35.58368],[-83.11866,35.58515],[-83.11978,35.58567],[-83.12016,35.58692],[-83.12006,35.58811]]]}},{"type":"Feature","properties":{"kind":"minor-water","name":"Richland Creek","ftype":558,"lengthKm":0.3,"hu8":"06010106","pid":"132655757"},"geometry":{"type":"MultiLineString","coordinates":[[[-83.00722,35.48208],[-83.00591,35.48278],[-83.00493,35.48399]]]}},{"type":"Feature","properties":{"kind":"minor-water","name":"Jonathans Creek","ftype":558,"lengthKm":0.17,"hu8":"06010106","pid":"132654221"},"geometry":{"type":"MultiLineString","coordinates":[[[-83.02299,35.57101],[-83.02278,35.5725]]]}},{"type":"Feature","properties":{"kind":"minor-water","name":"Rush Fork","ftype":460,"lengthKm":0.3,"hu8":"06010106","pid":"132653340"},"geometry":{"type":"MultiLineString","coordinates":[[[-82.93449,35.61436],[-82.93488,35.61344],[-82.93616,35.61201]]]}},{"type":"Feature","properties":{"kind":"minor-water","name":"Pigeon River","ftype":558,"lengthKm":0.1,"hu8":"06010106","pid":"132652490"},"geometry":{"type":"MultiLineString","coordinates":[[[-83.02449,35.67299],[-83.02553,35.67285]]]}},{"type":"Feature","properties":{"kind":"minor-water","name":"Trail Hollow Branch","ftype":460,"lengthKm":0.17,"hu8":"06010106","pid":"132646180"},"geometry":{"type":"MultiLineString","coordinates":[[[-83.15834,35.79676],[-83.15869,35.79716],[-83.15809,35.79807]]]}},{"type":"Feature","properties":{"kind":"minor-water","name":"Deer Creek","ftype":460,"lengthKm":1.7,"hu8":"06010106","pid":"132652155"},"geometry":{"type":"MultiLineString","coordinates":[[[-83.24324,35.71647],[-83.23912,35.71572],[-83.23799,35.71426],[-83.23554,35.71435],[-83.23247,35.71278],[-83.2303,35.71276],[-83.22904,35.71176],[-83.2287,35.71079],[-83.22749,35.71085]]]}},{"type":"Feature","properties":{"kind":"minor-water","name":"Dogwood Flats Creek","ftype":460,"lengthKm":0.28,"hu8":"06010106","pid":"132652130"},"geometry":{"type":"MultiLineString","coordinates":[[[-83.08511,35.69898],[-83.08455,35.70042],[-83.08358,35.70108]]]}},{"type":"Feature","properties":{"kind":"minor-water","name":"Wilkins Creek","ftype":460,"lengthKm":0.23,"hu8":"06010106","pid":"132652108"},"geometry":{"type":"MultiLineString","coordinates":[[[-83.02351,35.69658],[-83.02433,35.69512],[-83.02417,35.69466]]]}},{"type":"Feature","properties":{"kind":"minor-water","name":"West Fork Pigeon River","ftype":460,"lengthKm":1.47,"hu8":"06010106","pid":"132658008"},"geometry":{"type":"MultiLineString","coordinates":[[[-82.91766,35.30357],[-82.9156,35.30498],[-82.91524,35.30692],[-82.91579,35.30869],[-82.91564,35.30933],[-82.91443,35.31038],[-82.91334,35.31216],[-82.9101,35.31382]]]}},{"type":"Feature","properties":{"kind":"minor-water","name":"Cold Springs Creek","ftype":460,"lengthKm":0.25,"hu8":"06010106","pid":"132646925"},"geometry":{"type":"MultiLineString","coordinates":[[[-82.98785,35.76276],[-82.98955,35.7622],[-82.98998,35.7615]]]}},{"type":"Feature","properties":{"kind":"minor-water","name":"Sally Branch","ftype":460,"lengthKm":0.18,"hu8":"06010106","pid":"132648050"},"geometry":{"type":"MultiLineString","coordinates":[[[-82.9236,35.71948],[-82.92483,35.71911],[-82.92513,35.7186]]]}},{"type":"Feature","properties":{"kind":"minor-water","name":"Fines Creek","ftype":460,"lengthKm":0.25,"hu8":"06010106","pid":"132647988"},"geometry":{"type":"MultiLineString","coordinates":[[[-82.92493,35.72104],[-82.9259,35.71988],[-82.92686,35.71959]]]}},{"type":"Feature","properties":{"kind":"minor-water","name":"McKee Branch","ftype":460,"lengthKm":0.6,"hu8":"06010106","pid":"132654136"},"geometry":{"type":"MultiLineString","coordinates":[[[-83.0807,35.58632],[-83.0819,35.58462],[-83.08247,35.58428],[-83.08477,35.58351],[-83.08585,35.58347]]]}},{"type":"Feature","properties":{"kind":"minor-water","name":"Pigeon River","ftype":558,"lengthKm":0.22,"hu8":"06010106","pid":"132652454"},"geometry":{"type":"MultiLineString","coordinates":[[[-83.01466,35.67333],[-83.01704,35.67375]]]}},{"type":"Feature","properties":{"kind":"minor-water","name":"East Fork Pigeon River","ftype":558,"lengthKm":0.04,"hu8":"06010106","pid":"132655801"},"geometry":{"type":"MultiLineString","coordinates":[[[-82.86991,35.46582],[-82.87015,35.4661]]]}},{"type":"Feature","properties":{"kind":"minor-water","name":"Little East Fork Pigeon River","ftype":460,"lengthKm":0.62,"hu8":"06010106","pid":"132657703"},"geometry":{"type":"MultiLineString","coordinates":[[[-82.89172,35.37655],[-82.89389,35.37905],[-82.89505,35.37984],[-82.89565,35.38099]]]}},{"type":"Feature","properties":{"kind":"minor-water","name":"Prophet Branch","ftype":460,"lengthKm":0.49,"hu8":"06010106","pid":"132647914"},"geometry":{"type":"MultiLineString","coordinates":[[[-83.15784,35.75193],[-83.15649,35.75115],[-83.15571,35.74968],[-83.15401,35.74919]]]}},{"type":"Feature","properties":{"kind":"minor-water","name":"Robinson Creek","ftype":460,"lengthKm":0.86,"hu8":"06010106","pid":"132646579"},"geometry":{"type":"MultiLineString","coordinates":[[[-83.19386,35.79139],[-83.19395,35.79238],[-83.19254,35.79398],[-83.19153,35.79639],[-83.19055,35.79773],[-83.1906,35.79837]]]}},{"type":"Feature","properties":{"kind":"minor-water","name":"North Prong Shining Creek","ftype":460,"lengthKm":0.96,"hu8":"06010106","pid":"132657801"},"geometry":{"type":"MultiLineString","coordinates":[[[-82.86386,35.36253],[-82.86326,35.36309],[-82.86073,35.36404],[-82.8539,35.36359]]]}},{"type":"Feature","properties":{"kind":"minor-water","name":"Bailey Branch","ftype":460,"lengthKm":0.58,"hu8":"06010106","pid":"132645464"},"geometry":{"type":"MultiLineString","coordinates":[[[-83.27039,35.85978],[-83.26807,35.86024],[-83.26682,35.86139],[-83.26478,35.86195]]]}},{"type":"Feature","properties":{"kind":"minor-water","name":"Middle Creek","ftype":460,"lengthKm":0.4,"hu8":"06010106","pid":"132645462"},"geometry":{"type":"MultiLineString","coordinates":[[[-83.24359,35.85745],[-83.24245,35.85737],[-83.24165,35.85806],[-83.24069,35.85736],[-83.23985,35.85748]]]}},{"type":"Feature","properties":{"kind":"minor-water","name":"Pisgah Creek","ftype":460,"lengthKm":0.77,"hu8":"06010106","pid":"132656744"},"geometry":{"type":"MultiLineString","coordinates":[[[-82.75012,35.42311],[-82.7513,35.42104],[-82.75144,35.41822],[-82.75285,35.41676]]]}},{"type":"Feature","properties":{"kind":"minor-water","name":"Mooney Branch","ftype":460,"lengthKm":0.28,"hu8":"06010106","pid":"132648072"},"geometry":{"type":"MultiLineString","coordinates":[[[-82.94571,35.72212],[-82.94683,35.72146],[-82.94761,35.72019]]]}},{"type":"Feature","properties":{"kind":"minor-water","name":"Kilby Branch","ftype":460,"lengthKm":0.72,"hu8":"06010106","pid":"132648032"},"geometry":{"type":"MultiLineString","coordinates":[[[-83.13288,35.74378],[-83.12813,35.74018],[-83.1266,35.74017]]]}},{"type":"Feature","properties":{"kind":"minor-water","name":"Panther Creek","ftype":558,"lengthKm":0.03,"hu8":"06010106","pid":"{8D3B5B01-8734-47BF-9418-2D3975E8B46A}"},"geometry":{"type":"MultiLineString","coordinates":[[[-82.99081,35.64133],[-82.99097,35.64108]]]}},{"type":"Feature","properties":{"kind":"minor-water","name":"Mouse Creek","ftype":558,"lengthKm":0.01,"hu8":"06010106","pid":"{37DA1F79-0068-4B90-8274-94451FE8FD50}"},"geometry":{"type":"MultiLineString","coordinates":[[[-83.13383,35.73504],[-83.13383,35.73511]]]}},{"type":"Feature","properties":{"kind":"minor-water","name":"Winding Stair Branch","ftype":558,"lengthKm":0,"hu8":"06010106","pid":"{8A8AA35C-6334-45BD-ABEE-68C6BA9BBF47}"},"geometry":{"type":"MultiLineString","coordinates":[[[-83.07565,35.64628],[-83.07567,35.64631]]]}},{"type":"Feature","properties":{"kind":"minor-water","name":"Lower Double Branch","ftype":558,"lengthKm":0,"hu8":"06010106","pid":"{6307F91F-D05F-4B3E-9791-6EF241EED1C5}"},"geometry":{"type":"MultiLineString","coordinates":[[[-83.08334,35.63397],[-83.08331,35.63399]]]}},{"type":"Feature","properties":{"kind":"minor-water","name":"Little Cataloochee Creek","ftype":558,"lengthKm":0,"hu8":"06010106","pid":"{C72ECC32-1486-4997-8F0E-FE1447AC8E31}"},"geometry":{"type":"MultiLineString","coordinates":[[[-83.0723,35.66853],[-83.07226,35.6685]]]}},{"type":"Feature","properties":{"kind":"minor-water","name":"Richtop Branch","ftype":558,"lengthKm":0.02,"hu8":"06010106","pid":"{04B04FA4-086E-4ABF-8FB5-55280DC70D4F}"},"geometry":{"type":"MultiLineString","coordinates":[[[-83.15595,35.81858],[-83.15578,35.81844]]]}},{"type":"Feature","properties":{"kind":"minor-water","name":"Parks Branch","ftype":460,"lengthKm":0.01,"hu8":"06010106","pid":"{A48EC399-F9DA-46A8-9827-0E4744AD4385}"},"geometry":{"type":"MultiLineString","coordinates":[[[-83.00679,35.57641],[-83.00678,35.57653]]]}},{"type":"Feature","properties":{"kind":"minor-water","name":"Nelson Branch","ftype":460,"lengthKm":0.06,"hu8":"06010106","pid":"{75F49147-0408-4386-8265-80A5941F259A}"},"geometry":{"type":"MultiLineString","coordinates":[[[-83.00878,35.59022],[-83.00818,35.59007]]]}},{"type":"Feature","properties":{"kind":"minor-water","name":"Jonathans Creek","ftype":558,"lengthKm":0.4,"hu8":"06010106","pid":"{5D755FFB-8E9D-4B53-8E40-62E9BA3A51A4}"},"geometry":{"type":"MultiLineString","coordinates":[[[-83.018,35.5759],[-83.01614,35.57915]]]}},{"type":"Feature","properties":{"kind":"minor-water","name":"Jonathans Creek","ftype":558,"lengthKm":0.06,"hu8":"06010106","pid":"{47E333BF-243B-4A28-A762-98FEEC64E911}"},"geometry":{"type":"MultiLineString","coordinates":[[[-83.00766,35.62498],[-83.00742,35.62549]]]}},{"type":"Feature","properties":{"kind":"minor-water","name":"Jonathans Creek","ftype":558,"lengthKm":0.11,"hu8":"06010106","pid":"{5A026058-566D-4320-9333-0B60348CC055}"},"geometry":{"type":"MultiLineString","coordinates":[[[-83.00755,35.62397],[-83.00766,35.62498]]]}},{"type":"Feature","properties":{"kind":"minor-water","name":"Bettis Branch","ftype":558,"lengthKm":0.01,"hu8":"06010106","pid":"{0A3F7990-4047-4A41-B6F1-C00B36FA3B5F}"},"geometry":{"type":"MultiLineString","coordinates":[[[-83.12659,35.73889],[-83.12667,35.73892]]]}},{"type":"Feature","properties":{"kind":"minor-water","name":"Greenbrier Creek","ftype":460,"lengthKm":0.45,"hu8":"06010106","pid":"{82A10CAA-A55E-47AB-AA72-719797DA61E9}"},"geometry":{"type":"MultiLineString","coordinates":[[[-83.2468,35.7338],[-83.24881,35.73662],[-83.24888,35.73744]]]}},{"type":"Feature","properties":{"kind":"minor-water","name":"Big Branch","ftype":558,"lengthKm":0.01,"hu8":"06010106","pid":"{9C49C730-6E0E-4AE0-9C36-1EE64386C9B2}"},"geometry":{"type":"MultiLineString","coordinates":[[[-83.10754,35.75162],[-83.10755,35.75173]]]}},{"type":"Feature","properties":{"kind":"minor-water","name":"Whaley Branch","ftype":558,"lengthKm":0.01,"hu8":"06010106","pid":"{AAF5E9B7-AEFD-416F-859F-DDFBBEB172D6}"},"geometry":{"type":"MultiLineString","coordinates":[[[-83.10132,35.77291],[-83.10127,35.77295]]]}},{"type":"Feature","properties":{"kind":"minor-water","name":"Big Creek","ftype":460,"lengthKm":0.05,"hu8":"06010106","pid":"{E3648FC3-08F1-4A90-BF45-D48B6A0152AB}"},"geometry":{"type":"MultiLineString","coordinates":[[[-83.23287,35.70834],[-83.23252,35.70868]]]}},{"type":"Feature","properties":{"kind":"minor-water","name":"Chestnut Cove Creek","ftype":558,"lengthKm":0.01,"hu8":"06010106","pid":"{29D6C3C0-86CC-4C30-B13A-18C8AB31A50A}"},"geometry":{"type":"MultiLineString","coordinates":[[[-83.16416,35.71858],[-83.16409,35.71858]]]}},{"type":"Feature","properties":{"kind":"minor-water","name":"Barnes Branch","ftype":558,"lengthKm":0.01,"hu8":"06010106","pid":"{BFD3431A-7FD2-4A50-ADEB-00B25FB66876}"},"geometry":{"type":"MultiLineString","coordinates":[[[-83.15214,35.73596],[-83.15207,35.73589]]]}},{"type":"Feature","properties":{"kind":"minor-water","name":"Big Creek","ftype":558,"lengthKm":0.01,"hu8":"06010106","pid":"{C70B6496-CE19-43FF-B492-5E5A1FB49C19}"},"geometry":{"type":"MultiLineString","coordinates":[[[-83.12648,35.74024],[-83.12647,35.7403]]]}},{"type":"Feature","properties":{"kind":"minor-water","name":"Indian Camp Creek","ftype":460,"lengthKm":0.08,"hu8":"06010106","pid":"{00616646-2158-4E53-A505-CC43246319F2}"},"geometry":{"type":"MultiLineString","coordinates":[[[-83.26016,35.78286],[-83.25953,35.78331]]]}},{"type":"Feature","properties":{"kind":"minor-water","name":"McKinney Branch","ftype":558,"lengthKm":0,"hu8":"06010106","pid":"{DE0D9A8A-F4E9-4A54-9BB6-E0B19CC50853}"},"geometry":{"type":"MultiLineString","coordinates":[[[-83.25699,35.78548],[-83.25698,35.7855]]]}},{"type":"Feature","properties":{"kind":"minor-water","name":"South Fork Bogard Creek","ftype":460,"lengthKm":0.13,"hu8":"06010106","pid":"{4718EFBB-7F34-499F-A1EC-07E48C1B7E66}"},"geometry":{"type":"MultiLineString","coordinates":[[[-83.28559,35.87627],[-83.28468,35.87719]]]}},{"type":"Feature","properties":{"kind":"minor-water","name":"Bailey Branch","ftype":460,"lengthKm":0.27,"hu8":"06010106","pid":"{DC8240C6-BC46-4719-90D7-9ED6F8A9CB1B}"},"geometry":{"type":"MultiLineString","coordinates":[[[-83.2764,35.86133],[-83.27599,35.8609],[-83.27383,35.86029]]]}},{"type":"Feature","properties":{"kind":"minor-water","name":"Webb Branch","ftype":558,"lengthKm":0.03,"hu8":"06010106","pid":"{5FADAA42-60B1-417A-B6BE-D238AB89F601}"},"geometry":{"type":"MultiLineString","coordinates":[[[-83.2301,35.78453],[-83.23038,35.78467]]]}},{"type":"Feature","properties":{"kind":"minor-water","name":"Chavis Creek","ftype":460,"lengthKm":0.68,"hu8":"06010106","pid":"{5174C566-CA97-4C4C-941A-35E300AE8BB7}"},"geometry":{"type":"MultiLineString","coordinates":[[[-83.25685,35.82074],[-83.25625,35.8216],[-83.25588,35.82369],[-83.2553,35.82454],[-83.25596,35.82648]]]}},{"type":"Feature","properties":{"kind":"minor-water","name":"Chavis Creek","ftype":460,"lengthKm":0.06,"hu8":"06010106","pid":"{4F706D37-3DBA-42EA-9D04-6FAE6AEA62AC}"},"geometry":{"type":"MultiLineString","coordinates":[[[-83.27403,35.80583],[-83.27342,35.80611]]]}},{"type":"Feature","properties":{"kind":"minor-water","name":"Richtop Branch","ftype":460,"lengthKm":0.19,"hu8":"06010106","pid":"{05445FD8-FF47-4E76-9C74-8B6074AD06E3}"},"geometry":{"type":"MultiLineString","coordinates":[[[-83.15721,35.82],[-83.15595,35.81858]]]}},{"type":"Feature","properties":{"kind":"minor-water","name":"Caney Creek","ftype":558,"lengthKm":0.01,"hu8":"06010106","pid":"{865827C0-5F93-41AA-B314-6243A4C9BDF4}"},"geometry":{"type":"MultiLineString","coordinates":[[[-83.24106,35.80341],[-83.24113,35.80342]]]}},{"type":"Feature","properties":{"kind":"minor-water","name":"Caney Creek","ftype":460,"lengthKm":0.1,"hu8":"06010106","pid":"{392655F7-4E07-4143-9E69-7F0914D4C863}"},"geometry":{"type":"MultiLineString","coordinates":[[[-83.23856,35.80255],[-83.23971,35.80266]]]}},{"type":"Feature","properties":{"kind":"minor-water","name":"Bogard Creek","ftype":558,"lengthKm":0.65,"hu8":"06010106","pid":"{1F21621A-3D46-47F0-A7A0-78C217A55125}"},"geometry":{"type":"MultiLineString","coordinates":[[[-83.22846,35.86988],[-83.22796,35.87026],[-83.22817,35.87095],[-83.22753,35.87194],[-83.22548,35.87174],[-83.2245,35.87209],[-83.22432,35.87268],[-83.22397,35.87266]]]}},{"type":"Feature","properties":{"kind":"minor-water","name":"Mill Creek","ftype":558,"lengthKm":0,"hu8":"06010106","pid":"{30B80F20-BCB6-4623-A49E-8E9747F5B104}"},"geometry":{"type":"MultiLineString","coordinates":[[[-83.14628,35.81837],[-83.14629,35.81833]]]}},{"type":"Feature","properties":{"kind":"minor-water","name":"Cripple Creek","ftype":558,"lengthKm":0.02,"hu8":"06010106","pid":"{9BA657A3-C2DC-46A4-932E-451414170617}"},"geometry":{"type":"MultiLineString","coordinates":[[[-83.14515,35.81762],[-83.14541,35.81765]]]}},{"type":"Feature","properties":{"kind":"minor-water","name":"Tobes Creek","ftype":558,"lengthKm":0.03,"hu8":"06010106","pid":"{2964877C-87BE-4D72-969E-7AD3EF97D01D}"},"geometry":{"type":"MultiLineString","coordinates":[[[-83.11271,35.78456],[-83.11245,35.78466]]]}},{"type":"Feature","properties":{"kind":"minor-water","name":"Cataloochee Creek","ftype":558,"lengthKm":0.16,"hu8":"06010106","pid":"{A5DD8A49-9271-4B11-8045-7CF6AEDA48EC}"},"geometry":{"type":"MultiLineString","coordinates":[[[-83.07468,35.65435],[-83.07476,35.65521],[-83.07435,35.65568]]]}},{"type":"Feature","properties":{"kind":"minor-water","name":"Tinker Branch","ftype":460,"lengthKm":0.09,"hu8":"06010106","pid":"{EEED3FA3-DBA3-4CD1-A53A-14CB797B6781}"},"geometry":{"type":"MultiLineString","coordinates":[[[-83.13742,35.7873],[-83.13643,35.78748]]]}},{"type":"Feature","properties":{"kind":"minor-water","name":"Webb Branch","ftype":460,"lengthKm":0.01,"hu8":"06010106","pid":"{5628151D-FCB6-4177-AAD4-216FF4511695}"},"geometry":{"type":"MultiLineString","coordinates":[[[-83.23001,35.78448],[-83.2301,35.78453]]]}},{"type":"Feature","properties":{"kind":"minor-water","name":"Big Creek","ftype":558,"lengthKm":0,"hu8":"06010106","pid":"{DD840858-7437-41DB-AEB7-468694A18DC3}"},"geometry":{"type":"MultiLineString","coordinates":[[[-83.12648,35.74022],[-83.12648,35.74024]]]}},{"type":"Feature","properties":{"kind":"minor-water","name":"Arrington Branch","ftype":558,"lengthKm":0.02,"hu8":"06010106","pid":"{EF06B62F-D524-463A-B5E3-929C2709B6C6}"},"geometry":{"type":"MultiLineString","coordinates":[[[-82.98938,35.66311],[-82.98955,35.66312]]]}},{"type":"Feature","properties":{"kind":"minor-water","name":"Jonathans Creek","ftype":558,"lengthKm":0.04,"hu8":"06010106","pid":"{29B6268F-CEC1-4995-AE70-017BB4F8F14E}"},"geometry":{"type":"MultiLineString","coordinates":[[[-83.00647,35.62159],[-83.00682,35.62174]]]}},{"type":"Feature","properties":{"kind":"minor-water","name":"Webb Branch","ftype":460,"lengthKm":0.04,"hu8":"06010106","pid":"{E86B45E4-E6FE-408A-9A53-9C1100DE115A}"},"geometry":{"type":"MultiLineString","coordinates":[[[-83.22958,35.78349],[-83.22974,35.78386]]]}},{"type":"Feature","properties":{"kind":"minor-water","name":"Webb Branch","ftype":460,"lengthKm":0.01,"hu8":"06010106","pid":"{47100F37-93E5-4D3C-8ECD-11E3F84F0134}"},"geometry":{"type":"MultiLineString","coordinates":[[[-83.22994,35.7842],[-83.22996,35.78425]]]}},{"type":"Feature","properties":{"kind":"minor-water","name":"Webb Branch","ftype":558,"lengthKm":0.04,"hu8":"06010106","pid":"{7833B939-DE6E-440D-8643-473D697890D5}"},"geometry":{"type":"MultiLineString","coordinates":[[[-83.22974,35.78386],[-83.22994,35.7842]]]}},{"type":"Feature","properties":{"kind":"minor-water","name":"South Fork Bogard Creek","ftype":460,"lengthKm":0.2,"hu8":"06010106","pid":"{D5D69411-F82F-4A34-81B5-547829F68841}"},"geometry":{"type":"MultiLineString","coordinates":[[[-83.29309,35.8755],[-83.29094,35.87592]]]}},{"type":"Feature","properties":{"kind":"minor-water","name":"Chavis Creek","ftype":558,"lengthKm":0.01,"hu8":"06010106","pid":"{5AD60B25-6117-42BE-B22C-D62E013B5601}"},"geometry":{"type":"MultiLineString","coordinates":[[[-83.24593,35.83381],[-83.24588,35.83383]]]}},{"type":"Feature","properties":{"kind":"minor-water","name":"Caldwell Fork","ftype":460,"lengthKm":0.1,"hu8":"06010106","pid":"{EECE8A76-13B3-4EBF-B911-6C55B6F93224}"},"geometry":{"type":"MultiLineString","coordinates":[[[-83.1101,35.59462],[-83.10949,35.59536]]]}},{"type":"Feature","properties":{"kind":"minor-water","name":"South Fork Bogard Creek","ftype":460,"lengthKm":0.15,"hu8":"06010106","pid":"{98BC48B9-9AF7-4293-BFE2-059462DFBC69}"},"geometry":{"type":"MultiLineString","coordinates":[[[-83.29472,35.87536],[-83.29309,35.8755]]]}},{"type":"Feature","properties":{"kind":"minor-water","name":"Caldwell Fork","ftype":460,"lengthKm":0.36,"hu8":"06010106","pid":"{D17C3AD9-04B8-479F-8981-78BF1C6ADE2B}"},"geometry":{"type":"MultiLineString","coordinates":[[[-83.10547,35.59762],[-83.10402,35.59817],[-83.10419,35.5992],[-83.10325,35.59961]]]}},{"type":"Feature","properties":{"kind":"minor-water","name":"Caldwell Fork","ftype":460,"lengthKm":0.14,"hu8":"06010106","pid":"{A6F76E43-3C33-4473-B10D-EF5093A39164}"},"geometry":{"type":"MultiLineString","coordinates":[[[-83.11304,35.58909],[-83.1126,35.59031]]]}},{"type":"Feature","properties":{"kind":"minor-water","name":"Caldwell Fork","ftype":460,"lengthKm":0.09,"hu8":"06010106","pid":"{16094E31-CFB2-4E3B-9FD7-657DD3905813}"},"geometry":{"type":"MultiLineString","coordinates":[[[-83.1126,35.59031],[-83.11276,35.59113]]]}},{"type":"Feature","properties":{"kind":"minor-water","name":"North Fork Bogard Creek","ftype":460,"lengthKm":0.07,"hu8":"06010106","pid":"{1763DF47-D819-43BF-8A2B-67BF647F7C4B}"},"geometry":{"type":"MultiLineString","coordinates":[[[-83.28263,35.87884],[-83.28208,35.87841]]]}},{"type":"Feature","properties":{"kind":"minor-water","name":"Palmer Creek","ftype":460,"lengthKm":0.06,"hu8":"06010106","pid":"{B027BFD9-FBE6-4C06-9156-B20B2C067E2F}"},"geometry":{"type":"MultiLineString","coordinates":[[[-83.14002,35.63852],[-83.13945,35.63873]]]}},{"type":"Feature","properties":{"kind":"minor-water","name":"Bogard Creek","ftype":460,"lengthKm":0.12,"hu8":"06010106","pid":"{67818821-7C32-4D1F-9325-B12417C664B2}"},"geometry":{"type":"MultiLineString","coordinates":[[[-83.27502,35.87971],[-83.27366,35.87967]]]}},{"type":"Feature","properties":{"kind":"minor-water","name":"Polly Elbert Branch","ftype":460,"lengthKm":0.21,"hu8":"06010106","pid":"{1E5AB6A4-557F-4179-8F1E-B6B6D15BB3AF}"},"geometry":{"type":"MultiLineString","coordinates":[[[-83.18941,35.86952],[-83.19031,35.87125]]]}},{"type":"Feature","properties":{"kind":"minor-water","name":"Rathbone Branch","ftype":558,"lengthKm":0.02,"hu8":"06010106","pid":"{97CBD986-E5B9-43E9-9A5F-0FE9B335CE44}"},"geometry":{"type":"MultiLineString","coordinates":[[[-82.99019,35.65714],[-82.99036,35.65727]]]}},{"type":"Feature","properties":{"kind":"minor-water","name":"Rocky Branch","ftype":558,"lengthKm":0.02,"hu8":"06010106","pid":"{AF3486DA-66BE-4AD7-809F-961FF70FC13A}"},"geometry":{"type":"MultiLineString","coordinates":[[[-82.99243,35.65573],[-82.99223,35.6557]]]}},{"type":"Feature","properties":{"kind":"minor-water","name":"Fines Creek","ftype":558,"lengthKm":0.05,"hu8":"06010106","pid":"{23E0A47D-84E9-4A55-8CE0-5996E3EBE508}"},"geometry":{"type":"MultiLineString","coordinates":[[[-82.9931,35.6655],[-82.99363,35.66538]]]}},{"type":"Feature","properties":{"kind":"minor-water","name":"Snowbird Creek","ftype":558,"lengthKm":0.01,"hu8":"06010106","pid":"{7F82FA14-EB23-438B-89D7-7048F2EF767E}"},"geometry":{"type":"MultiLineString","coordinates":[[[-83.08697,35.77111],[-83.087,35.77105]]]}},{"type":"Feature","properties":{"kind":"minor-water","name":"Jonathans Creek","ftype":558,"lengthKm":0.26,"hu8":"06010106","pid":"{02A2E873-E7C4-41E5-BF5A-19C3BDFDA767}"},"geometry":{"type":"MultiLineString","coordinates":[[[-83.00682,35.62174],[-83.00694,35.62282],[-83.00755,35.62397]]]}},{"type":"Feature","properties":{"kind":"minor-water","name":"Cataloochee Creek","ftype":558,"lengthKm":0.03,"hu8":"06010106","pid":"{5022E43C-E656-485B-8851-7F251BF0E195}"},"geometry":{"type":"MultiLineString","coordinates":[[[-83.05465,35.69365],[-83.0543,35.69372]]]}},{"type":"Feature","properties":{"kind":"minor-water","name":"Inadu Creek","ftype":460,"lengthKm":0.26,"hu8":"06010106","pid":"{7A3BB401-4225-4E1D-A90C-57BACF70522B}"},"geometry":{"type":"MultiLineString","coordinates":[[[-83.23139,35.74002],[-83.22994,35.74046],[-83.2289,35.7412]]]}},{"type":"Feature","properties":{"kind":"minor-water","name":"Big Creek","ftype":558,"lengthKm":0.67,"hu8":"06010106","pid":"{B9F5939A-242F-43D5-ACD3-BDC786F587C4}"},"geometry":{"type":"MultiLineString","coordinates":[[[-83.13954,35.73754],[-83.13671,35.73706],[-83.13546,35.73719],[-83.13458,35.73536],[-83.13383,35.73511]]]}},{"type":"Feature","properties":{"kind":"minor-water","name":"Big Creek","ftype":558,"lengthKm":1.09,"hu8":"06010106","pid":"{54402195-63B4-483D-B1C5-8BF84889B38D}"},"geometry":{"type":"MultiLineString","coordinates":[[[-83.12596,35.74098],[-83.12361,35.74098],[-83.12083,35.74293],[-83.1194,35.74339],[-83.11821,35.74484],[-83.11584,35.74509]]]}},{"type":"Feature","properties":{"kind":"minor-water","name":"Big Creek","ftype":558,"lengthKm":0.27,"hu8":"06010106","pid":"{8DC65580-9698-4AE2-9FCA-FB74028719FF}"},"geometry":{"type":"MultiLineString","coordinates":[[[-83.11584,35.74509],[-83.11536,35.74603],[-83.11611,35.74735]]]}},{"type":"Feature","properties":{"kind":"minor-water","name":"Big Creek","ftype":558,"lengthKm":0.07,"hu8":"06010106","pid":"{520130AD-8082-4E14-944F-005D098EE151}"},"geometry":{"type":"MultiLineString","coordinates":[[[-83.10081,35.76763],[-83.10066,35.76823]]]}},{"type":"Feature","properties":{"kind":"minor-water","name":"Chestnut Branch","ftype":558,"lengthKm":0.01,"hu8":"06010106","pid":"{56959E36-0D08-4BFD-A7BC-F690D54C3E3A}"},"geometry":{"type":"MultiLineString","coordinates":[[[-83.1043,35.75981],[-83.10424,35.75987]]]}},{"type":"Feature","properties":{"kind":"minor-water","name":"Early Creek","ftype":558,"lengthKm":0.01,"hu8":"06010106","pid":"{03C0B894-B231-40D8-AC19-4D680E2CC7E4}"},"geometry":{"type":"MultiLineString","coordinates":[[[-83.05923,35.68796],[-83.05915,35.68791]]]}},{"type":"Feature","properties":{"kind":"minor-water","name":"Weaver Branch","ftype":460,"lengthKm":0.12,"hu8":"06010106","pid":"{5FC0B71F-AAEE-4FCA-B9B4-22121754B674}"},"geometry":{"type":"MultiLineString","coordinates":[[[-83.2033,35.83676],[-83.20322,35.83706],[-83.20236,35.83742]]]}},{"type":"Feature","properties":{"kind":"minor-water","name":"Middle Creek","ftype":460,"lengthKm":0.12,"hu8":"06010106","pid":"{8162BA56-4445-4CA9-B018-3EF0715F86B3}"},"geometry":{"type":"MultiLineString","coordinates":[[[-83.23768,35.85777],[-83.2365,35.85817]]]}},{"type":"Feature","properties":{"kind":"minor-water","name":"Middle Creek","ftype":460,"lengthKm":0.3,"hu8":"06010106","pid":"{47776349-DA53-46C3-97D8-B339BD348D9F}"},"geometry":{"type":"MultiLineString","coordinates":[[[-83.24665,35.85721],[-83.24597,35.85705],[-83.24546,35.85746],[-83.24359,35.85745]]]}},{"type":"Feature","properties":{"kind":"minor-water","name":"Middle Creek","ftype":460,"lengthKm":0.52,"hu8":"06010106","pid":"{A6296039-A54B-44F2-A46D-677945FD9A1E}"},"geometry":{"type":"MultiLineString","coordinates":[[[-83.27997,35.85013],[-83.27915,35.84811],[-83.27829,35.8476],[-83.27745,35.84758],[-83.27752,35.84655]]]}},{"type":"Feature","properties":{"kind":"minor-water","name":"Davidson Branch","ftype":460,"lengthKm":0.23,"hu8":"06010106","pid":"{399D81D7-0AE2-409F-BB54-2AC015052DCC}"},"geometry":{"type":"MultiLineString","coordinates":[[[-83.11916,35.64813],[-83.12017,35.64628]]]}},{"type":"Feature","properties":{"kind":"minor-water","name":"Davidson Branch","ftype":460,"lengthKm":0.23,"hu8":"06010106","pid":"{2FF4A036-E631-4A32-8570-174B157AEED1}"},"geometry":{"type":"MultiLineString","coordinates":[[[-83.12019,35.63879],[-83.12026,35.63668]]]}},{"type":"Feature","properties":{"kind":"minor-water","name":"Cataloochee Creek","ftype":558,"lengthKm":0.04,"hu8":"06010106","pid":"{A04751D0-B554-4B4A-9693-82764A07F2D4}"},"geometry":{"type":"MultiLineString","coordinates":[[[-83.08656,35.6309],[-83.08616,35.63086]]]}},{"type":"Feature","properties":{"kind":"minor-water","name":"Abe Branch","ftype":558,"lengthKm":0.08,"hu8":"06010106","pid":"{B4CCA53F-BD43-456C-B107-EDAEB1021C8C}"},"geometry":{"type":"MultiLineString","coordinates":[[[-83.17053,35.79405],[-83.17138,35.79384]]]}},{"type":"Feature","properties":{"kind":"minor-water","name":"Polly Elbert Branch","ftype":558,"lengthKm":0,"hu8":"06010106","pid":"{6D0A3DA2-94ED-4D84-B03F-16557AB4FAEC}"},"geometry":{"type":"MultiLineString","coordinates":[[[-83.19031,35.87125],[-83.19035,35.87127]]]}},{"type":"Feature","properties":{"kind":"minor-water","name":"Palmer Creek","ftype":460,"lengthKm":0.05,"hu8":"06010106","pid":"{044CDEBF-0425-4643-AD0D-04779DDE7585}"},"geometry":{"type":"MultiLineString","coordinates":[[[-83.11132,35.62571],[-83.11083,35.62591]]]}},{"type":"Feature","properties":{"kind":"minor-water","name":"Pigeon River","ftype":558,"lengthKm":0.05,"hu8":"06010106","pid":"{F072FDB5-0E49-4DB4-926E-E979B8D9334C}"},"geometry":{"type":"MultiLineString","coordinates":[[[-82.99363,35.66538],[-82.9941,35.66559]]]}},{"type":"Feature","properties":{"kind":"minor-water","name":"Jonathans Creek","ftype":558,"lengthKm":0.24,"hu8":"06010106","pid":"{A58FF50D-0E95-4AA2-84CC-030B14A98B57}"},"geometry":{"type":"MultiLineString","coordinates":[[[-83.0041,35.62077],[-83.00464,35.62118],[-83.00647,35.62159]]]}},{"type":"Feature","properties":{"kind":"minor-water","name":"Jonathans Creek","ftype":558,"lengthKm":0.19,"hu8":"06010106","pid":"{9085D0C9-0DE5-447C-A5C8-0863811D1067}"},"geometry":{"type":"MultiLineString","coordinates":[[[-83.00371,35.61919],[-83.00367,35.6201],[-83.0041,35.62077]]]}},{"type":"Feature","properties":{"kind":"minor-water","name":"Jonathans Creek","ftype":558,"lengthKm":0.08,"hu8":"06010106","pid":"{37BBCAF7-513C-4810-9D72-EC8FA2960FC9}"},"geometry":{"type":"MultiLineString","coordinates":[[[-83.00378,35.6185],[-83.00371,35.61919]]]}},{"type":"Feature","properties":{"kind":"minor-water","name":"Jonathans Creek","ftype":558,"lengthKm":0.13,"hu8":"06010106","pid":"{50001E70-B60D-443E-8D4B-0C884D26A7F3}"},"geometry":{"type":"MultiLineString","coordinates":[[[-83.00437,35.61757],[-83.00437,35.61822],[-83.00378,35.6185]]]}},{"type":"Feature","properties":{"kind":"minor-water","name":"Jonathans Creek","ftype":558,"lengthKm":0.12,"hu8":"06010106","pid":"{5D9365CB-EC36-48D7-A1E8-E43311A9CA0F}"},"geometry":{"type":"MultiLineString","coordinates":[[[-83.0053,35.61683],[-83.00437,35.61757]]]}},{"type":"Feature","properties":{"kind":"minor-water","name":"Jonathans Creek","ftype":558,"lengthKm":0.01,"hu8":"06010106","pid":"{B5DE452A-1EEA-4164-9751-98D9D936EB52}"},"geometry":{"type":"MultiLineString","coordinates":[[[-83.0054,35.61677],[-83.0053,35.61683]]]}},{"type":"Feature","properties":{"kind":"minor-water","name":"Middle Creek","ftype":558,"lengthKm":0.01,"hu8":"06010106","pid":"{F2731A19-A304-4103-90F7-8638B7BFB9E4}"},"geometry":{"type":"MultiLineString","coordinates":[[[-83.22404,35.87023],[-83.22396,35.87028]]]}},{"type":"Feature","properties":{"kind":"minor-water","name":"Caney Creek","ftype":460,"lengthKm":0.43,"hu8":"06010106","pid":"{00B44E11-837B-4F7E-A1E2-2AB9EB5A756A}"},"geometry":{"type":"MultiLineString","coordinates":[[[-83.20703,35.79245],[-83.20736,35.79326],[-83.20834,35.79426],[-83.21026,35.795]]]}},{"type":"Feature","properties":{"kind":"minor-water","name":"Greenbrier Creek","ftype":558,"lengthKm":0.56,"hu8":"06010106","pid":"{B89E15AF-9397-411F-AE1C-EEC2D7E106F0}"},"geometry":{"type":"MultiLineString","coordinates":[[[-83.24241,35.7996],[-83.24298,35.80064],[-83.24239,35.80121],[-83.24317,35.80185],[-83.24371,35.80142],[-83.24434,35.80187],[-83.24552,35.80194]]]}},{"type":"Feature","properties":{"kind":"minor-water","name":"Chute Branch","ftype":558,"lengthKm":0.01,"hu8":"06010106","pid":"{32487CBE-2B7E-4F0D-B35E-56C397E8E0FC}"},"geometry":{"type":"MultiLineString","coordinates":[[[-83.1144,35.79329],[-83.11456,35.79327]]]}},{"type":"Feature","properties":{"kind":"minor-water","name":"Barnes Branch","ftype":558,"lengthKm":0.03,"hu8":"06010106","pid":"{F1E1BDD4-A091-4404-A81B-E03CDDA900E5}"},"geometry":{"type":"MultiLineString","coordinates":[[[-83.13586,35.80336],[-83.13562,35.80353]]]}},{"type":"Feature","properties":{"kind":"minor-water","name":"Weaver Branch","ftype":558,"lengthKm":0.03,"hu8":"06010106","pid":"{F917EB17-DA53-40E7-9850-52F8813C0073}"},"geometry":{"type":"MultiLineString","coordinates":[[[-83.20345,35.83649],[-83.2033,35.83676]]]}},{"type":"Feature","properties":{"kind":"minor-water","name":"Weaver Branch","ftype":460,"lengthKm":0,"hu8":"06010106","pid":"{8016C51C-8DB0-4D16-98EA-F249B4B8D635}"},"geometry":{"type":"MultiLineString","coordinates":[[[-83.20236,35.83742],[-83.20232,35.83744]]]}},{"type":"Feature","properties":{"kind":"minor-water","name":"Flat Branch","ftype":558,"lengthKm":0.01,"hu8":"06010106","pid":"{F2269774-5AB8-4ED3-923B-B31A9A41EBD7}"},"geometry":{"type":"MultiLineString","coordinates":[[[-83.08495,35.7704],[-83.08496,35.77053]]]}},{"type":"Feature","properties":{"kind":"minor-water","name":"Mount Sterling Creek","ftype":558,"lengthKm":0.01,"hu8":"06010106","pid":"{F7E0B979-3531-4C81-99F1-ECFAE6C93409}"},"geometry":{"type":"MultiLineString","coordinates":[[[-83.07048,35.75483],[-83.07042,35.75491]]]}},{"type":"Feature","properties":{"kind":"minor-water","name":"Runyon Creek","ftype":558,"lengthKm":0.01,"hu8":"06010106","pid":"{6A0243EA-5B67-44DB-82AF-0F5409FB683E}"},"geometry":{"type":"MultiLineString","coordinates":[[[-83.06872,35.75389],[-83.06881,35.75383]]]}},{"type":"Feature","properties":{"kind":"minor-water","name":"Counterfeit Branch","ftype":558,"lengthKm":0.01,"hu8":"06010106","pid":"{E1E98D36-0AB3-436B-94A1-88469D8C88F3}"},"geometry":{"type":"MultiLineString","coordinates":[[[-83.06618,35.7511],[-83.06627,35.75106]]]}},{"type":"Feature","properties":{"kind":"minor-water","name":"Groundhog Creek","ftype":460,"lengthKm":0.07,"hu8":"06010106","pid":"{1782715F-38F0-4521-AF9A-F64936CCE2D6}"},"geometry":{"type":"MultiLineString","coordinates":[[[-83.0352,35.76022],[-83.03536,35.75963]]]}},{"type":"Feature","properties":{"kind":"minor-water","name":"Dogwood Flats Creek","ftype":460,"lengthKm":0.14,"hu8":"06010106","pid":"{04A436B2-7F33-426B-8A3C-D3EFC131F5DC}"},"geometry":{"type":"MultiLineString","coordinates":[[[-83.073,35.72265],[-83.0725,35.72386]]]}},{"type":"Feature","properties":{"kind":"minor-water","name":"Morrow Branch","ftype":558,"lengthKm":0.01,"hu8":"06010106","pid":"{A25587AB-3EAF-4BAF-8573-A92F86E44D67}"},"geometry":{"type":"MultiLineString","coordinates":[[[-83.0149,35.61653],[-83.01484,35.61654]]]}},{"type":"Feature","properties":{"kind":"minor-water","name":"Mount Sterling Creek","ftype":460,"lengthKm":0.1,"hu8":"06010106","pid":"{08AE7A5C-CC86-46CF-9667-BEAE147A2AB7}"},"geometry":{"type":"MultiLineString","coordinates":[[[-83.08086,35.72194],[-83.0799,35.72247]]]}},{"type":"Feature","properties":{"kind":"minor-water","name":"White Oak Flats Branch","ftype":460,"lengthKm":0.29,"hu8":"06010106","pid":"{7D0AE04E-99EE-41E6-A045-2E0C5F6C496D}"},"geometry":{"type":"MultiLineString","coordinates":[[[-83.02706,35.7476],[-83.02775,35.74774],[-83.03011,35.747]]]}},{"type":"Feature","properties":{"kind":"minor-water","name":"White Oak Flats Branch","ftype":460,"lengthKm":0.29,"hu8":"06010106","pid":"{A67A8CAE-B838-4C7E-B257-780AA5389B24}"},"geometry":{"type":"MultiLineString","coordinates":[[[-83.02153,35.74797],[-83.02314,35.74722],[-83.02402,35.7464]]]}},{"type":"Feature","properties":{"kind":"minor-water","name":"Cold Springs Creek","ftype":460,"lengthKm":0.08,"hu8":"06010106","pid":"{4DE495E4-9960-40D1-80CE-36652310E03D}"},"geometry":{"type":"MultiLineString","coordinates":[[[-83.00468,35.74975],[-83.00538,35.74935]]]}},{"type":"Feature","properties":{"kind":"minor-water","name":"Leatherwood Branch","ftype":558,"lengthKm":0.01,"hu8":"06010106","pid":"{94DB6505-CCF5-4C92-8347-23B540C64E7C}"},"geometry":{"type":"MultiLineString","coordinates":[[[-83.00706,35.59732],[-83.00709,35.59738]]]}},{"type":"Feature","properties":{"kind":"minor-water","name":"Cove Creek","ftype":558,"lengthKm":0.01,"hu8":"06010106","pid":"{5734D02B-937A-44C6-90C0-51CB25A0CC16}"},"geometry":{"type":"MultiLineString","coordinates":[[[-83.01142,35.6073],[-83.01134,35.60733]]]}},{"type":"Feature","properties":{"kind":"minor-water","name":"Cold Springs Creek","ftype":460,"lengthKm":0.18,"hu8":"06010106","pid":"{37F89C3D-B424-43AA-BD5D-F4D657C9F8F2}"},"geometry":{"type":"MultiLineString","coordinates":[[[-83.00176,35.75199],[-83.00206,35.75041]]]}},{"type":"Feature","properties":{"kind":"minor-water","name":"Rube Rock Branch","ftype":460,"lengthKm":0.08,"hu8":"06010106","pid":"{B14B5CE4-9862-4284-AE85-547E2F974075}"},"geometry":{"type":"MultiLineString","coordinates":[[[-83.00938,35.76141],[-83.01014,35.76113]]]}},{"type":"Feature","properties":{"kind":"minor-water","name":"Cold Springs Creek","ftype":460,"lengthKm":0.08,"hu8":"06010106","pid":"{9F1A165D-ED21-4639-9E9F-B4DC3950F4D4}"},"geometry":{"type":"MultiLineString","coordinates":[[[-82.97551,35.76402],[-82.9763,35.76371]]]}},{"type":"Feature","properties":{"kind":"minor-water","name":"Skiffley Creek","ftype":460,"lengthKm":0.55,"hu8":"06010106","pid":"{009C7881-0C1A-4910-B82B-EAC3C090A2CD}"},"geometry":{"type":"MultiLineString","coordinates":[[[-83.0388,35.76105],[-83.03795,35.75615]]]}},{"type":"Feature","properties":{"kind":"minor-water","name":"Cold Springs Creek","ftype":460,"lengthKm":0.02,"hu8":"06010106","pid":"{E1A25FEF-F8B0-441C-8EF1-B4E9BF8D60D6}"},"geometry":{"type":"MultiLineString","coordinates":[[[-82.98534,35.76171],[-82.98548,35.76186]]]}},{"type":"Feature","properties":{"kind":"minor-water","name":"Groundhog Creek","ftype":460,"lengthKm":0.17,"hu8":"06010106","pid":"{9A9151B4-F2D5-4F18-97E4-F8EA092B9BC2}"},"geometry":{"type":"MultiLineString","coordinates":[[[-83.03156,35.7645],[-83.03215,35.76308]]]}},{"type":"Feature","properties":{"kind":"minor-water","name":"Rube Rock Branch","ftype":460,"lengthKm":0.01,"hu8":"06010106","pid":"{5C2555B1-C5FE-4A8E-95B4-D218FD13A447}"},"geometry":{"type":"MultiLineString","coordinates":[[[-83.00933,35.76143],[-83.00938,35.76141]]]}},{"type":"Feature","properties":{"kind":"minor-water","name":"Cold Springs Creek","ftype":460,"lengthKm":0.09,"hu8":"06010106","pid":"{D828C98F-3F33-434F-BD75-2A2CC1394FE4}"},"geometry":{"type":"MultiLineString","coordinates":[[[-82.97089,35.76642],[-82.97153,35.76584]]]}},{"type":"Feature","properties":{"kind":"minor-water","name":"Groundhog Creek","ftype":460,"lengthKm":0.12,"hu8":"06010106","pid":"{A6A60E10-0AB0-4400-910D-36AEF5AE572E}"},"geometry":{"type":"MultiLineString","coordinates":[[[-83.03215,35.76308],[-83.03269,35.7621]]]}},{"type":"Feature","properties":{"kind":"minor-water","name":"Parks Branch","ftype":558,"lengthKm":0.01,"hu8":"06010106","pid":"{A3BB4CA9-ACB3-4000-93CD-6FC5BF6204A6}"},"geometry":{"type":"MultiLineString","coordinates":[[[-83.00788,35.58575],[-83.00797,35.58581]]]}},{"type":"Feature","properties":{"kind":"minor-water","name":"Hemphill Creek","ftype":558,"lengthKm":0.01,"hu8":"06010106","pid":"{83774CD7-40B3-4896-9C64-F4702A862A7A}"},"geometry":{"type":"MultiLineString","coordinates":[[[-83.02373,35.5656],[-83.02362,35.56559]]]}},{"type":"Feature","properties":{"kind":"minor-water","name":"Nelson Branch","ftype":558,"lengthKm":0.01,"hu8":"06010106","pid":"{70E03FCB-3F63-4D83-B005-50BC93437B93}"},"geometry":{"type":"MultiLineString","coordinates":[[[-83.00818,35.59007],[-83.00806,35.59006]]]}},{"type":"Feature","properties":{"kind":"minor-water","name":"Greenbrier Creek","ftype":558,"lengthKm":0.27,"hu8":"06010106","pid":"{671D2CB9-141F-4434-BAAC-46ACDB4F0BA3}"},"geometry":{"type":"MultiLineString","coordinates":[[[-83.24552,35.80194],[-83.24713,35.80303],[-83.2474,35.80373]]]}},{"type":"Feature","properties":{"kind":"minor-water","name":"Cricket Branch","ftype":558,"lengthKm":0,"hu8":"06010106","pid":"{F15E92AA-DD26-4C3C-98D1-722A11674083}"},"geometry":{"type":"MultiLineString","coordinates":[[[-83.25392,35.78779],[-83.25395,35.78781]]]}},{"type":"Feature","properties":{"kind":"minor-water","name":"Panther Branch","ftype":460,"lengthKm":0.33,"hu8":"06010106","pid":"{5A28F120-8FDD-42B6-9336-773C09F3693C}"},"geometry":{"type":"MultiLineString","coordinates":[[[-83.17631,35.75872],[-83.1798,35.75782]]]}},{"type":"Feature","properties":{"kind":"minor-water","name":"Webb Branch","ftype":460,"lengthKm":0.42,"hu8":"06010106","pid":"{4C84453F-53AB-477D-8964-4B1EAC600B3C}"},"geometry":{"type":"MultiLineString","coordinates":[[[-83.23038,35.78467],[-83.23237,35.78601],[-83.23428,35.78659]]]}},{"type":"Feature","properties":{"kind":"minor-water","name":"Caney Creek","ftype":460,"lengthKm":0.03,"hu8":"06010106","pid":"{2481B91E-DB23-4C11-9C55-26A835D1DD2B}"},"geometry":{"type":"MultiLineString","coordinates":[[[-83.21026,35.795],[-83.21049,35.79522]]]}},{"type":"Feature","properties":{"kind":"minor-water","name":"Garrett Creek","ftype":558,"lengthKm":0.01,"hu8":"06010106","pid":"{3A826653-6F3D-43A2-8EFD-96905DBCE4A9}"},"geometry":{"type":"MultiLineString","coordinates":[[[-83.02268,35.56627],[-83.02272,35.56633]]]}},{"type":"Feature","properties":{"kind":"minor-water","name":"Groundhog Creek","ftype":558,"lengthKm":0.03,"hu8":"06010106","pid":"{8F80343E-CC6C-4FE9-A1D1-56B8281239ED}"},"geometry":{"type":"MultiLineString","coordinates":[[[-83.17619,35.81118],[-83.17629,35.81144]]]}},{"type":"Feature","properties":{"kind":"minor-water","name":"Jonathans Creek","ftype":558,"lengthKm":0.25,"hu8":"06010106","pid":"{5D07B34B-1F1F-440A-B526-6C3FA5F90F7F}"},"geometry":{"type":"MultiLineString","coordinates":[[[-83.00233,35.62671],[-83.00135,35.62714],[-82.99975,35.62694]]]}},{"type":"Feature","properties":{"kind":"minor-water","name":"Jonathans Creek","ftype":558,"lengthKm":0.22,"hu8":"06010106","pid":"{A8D8A5EE-2FA3-4117-8C43-2640C2A6F2F4}"},"geometry":{"type":"MultiLineString","coordinates":[[[-83.00726,35.61791],[-83.00579,35.61679],[-83.0054,35.61677]]]}},{"type":"Feature","properties":{"kind":"minor-water","name":"Jonathans Creek","ftype":558,"lengthKm":0.18,"hu8":"06010106","pid":"{2CE0F0A3-FE9F-4229-BEA2-79F7F7360239}"},"geometry":{"type":"MultiLineString","coordinates":[[[-83.00905,35.61862],[-83.00726,35.61791]]]}},{"type":"Feature","properties":{"kind":"minor-water","name":"Jonathans Creek","ftype":558,"lengthKm":0.15,"hu8":"06010106","pid":"{E7C41C90-76A5-4C9E-B197-E4F2015A0DEA}"},"geometry":{"type":"MultiLineString","coordinates":[[[-83.01072,35.61879],[-83.00905,35.61862]]]}},{"type":"Feature","properties":{"kind":"minor-water","name":"Big Creek","ftype":558,"lengthKm":0.19,"hu8":"06010106","pid":"{03F6B103-BC5F-42B6-8578-A83502AD2658}"},"geometry":{"type":"MultiLineString","coordinates":[[[-83.10293,35.76384],[-83.10197,35.76536]]]}},{"type":"Feature","properties":{"kind":"minor-water","name":"Big Creek","ftype":558,"lengthKm":0.08,"hu8":"06010106","pid":"{40D5CD17-97B8-44AE-A6E0-43FE89E04330}"},"geometry":{"type":"MultiLineString","coordinates":[[[-83.10197,35.76536],[-83.10208,35.76611]]]}},{"type":"Feature","properties":{"kind":"minor-water","name":"Big Creek","ftype":558,"lengthKm":0.2,"hu8":"06010106","pid":"{95047977-444E-4078-ACDB-0E4F0B15A5D9}"},"geometry":{"type":"MultiLineString","coordinates":[[[-83.10208,35.76611],[-83.10081,35.76763]]]}},{"type":"Feature","properties":{"kind":"minor-water","name":"Double Gap Branch","ftype":460,"lengthKm":0.26,"hu8":"06010106","pid":"{CDC675A8-C42E-4A54-A902-260B9F142F2D}"},"geometry":{"type":"MultiLineString","coordinates":[[[-83.10919,35.57936],[-83.11062,35.58042],[-83.11152,35.58055]]]}},{"type":"Feature","properties":{"kind":"minor-water","name":"Middle Creek","ftype":558,"lengthKm":0.3,"hu8":"06010106","pid":"{0ADF3117-02E6-4475-A4D5-059B30927DC1}"},"geometry":{"type":"MultiLineString","coordinates":[[[-83.22671,35.86904],[-83.2262,35.86895],[-83.2253,35.86945],[-83.22456,35.86948],[-83.22416,35.87017]]]}},{"type":"Feature","properties":{"kind":"minor-water","name":"Big Creek","ftype":558,"lengthKm":0.26,"hu8":"06010106","pid":"{84247DD4-0DBE-48C7-87AE-48A19B0C939E}"},"geometry":{"type":"MultiLineString","coordinates":[[[-83.11433,35.74947],[-83.1115,35.74889]]]}},{"type":"Feature","properties":{"kind":"minor-water","name":"McKee Branch","ftype":460,"lengthKm":0.22,"hu8":"06010106","pid":"{B8B696B0-D624-4B2C-8956-8126B5351543}"},"geometry":{"type":"MultiLineString","coordinates":[[[-83.08585,35.58347],[-83.08829,35.58365]]]}},{"type":"Feature","properties":{"kind":"minor-water","name":"Double Gap Branch","ftype":460,"lengthKm":0.44,"hu8":"06010106","pid":"{DAD17E58-843B-4FF7-82B4-7A9C6319816F}"},"geometry":{"type":"MultiLineString","coordinates":[[[-83.10425,35.57381],[-83.10773,35.5766]]]}},{"type":"Feature","properties":{"kind":"minor-water","name":"Double Gap Branch","ftype":460,"lengthKm":0.34,"hu8":"06010106","pid":"{AE07549C-320B-42F1-98E5-D3EFD7AAD4BA}"},"geometry":{"type":"MultiLineString","coordinates":[[[-83.10773,35.5766],[-83.10844,35.57865],[-83.10919,35.57936]]]}},{"type":"Feature","properties":{"kind":"minor-water","name":"Woody Branch","ftype":460,"lengthKm":0.59,"hu8":"06010106","pid":"{CAFE993F-B5F2-43EF-ABA2-49B89D40A1A2}"},"geometry":{"type":"MultiLineString","coordinates":[[[-83.11623,35.67482],[-83.1149,35.67382],[-83.11396,35.67354],[-83.11162,35.67335],[-83.11038,35.67374]]]}},{"type":"Feature","properties":{"kind":"minor-water","name":"Andy Branch","ftype":460,"lengthKm":0.51,"hu8":"06010106","pid":"{C0040834-9A05-44F2-ACF2-CB2EC2172FD6}"},"geometry":{"type":"MultiLineString","coordinates":[[[-83.12478,35.69417],[-83.12436,35.69273],[-83.12185,35.69033]]]}},{"type":"Feature","properties":{"kind":"minor-water","name":"Andy Branch","ftype":460,"lengthKm":0.38,"hu8":"06010106","pid":"{779E2DC6-F793-4F9F-93C3-160527B61BC5}"},"geometry":{"type":"MultiLineString","coordinates":[[[-83.12185,35.69033],[-83.12258,35.68891],[-83.12241,35.68706]]]}},{"type":"Feature","properties":{"kind":"minor-water","name":"Andy Branch","ftype":460,"lengthKm":0.72,"hu8":"06010106","pid":"{9B6B6FEC-E706-4D9E-A64E-A10AFAD3998C}"},"geometry":{"type":"MultiLineString","coordinates":[[[-83.1079,35.67551],[-83.10725,35.6752],[-83.10561,35.67513],[-83.10511,35.67474],[-83.1044,35.67236],[-83.10343,35.67109]]]}},{"type":"Feature","properties":{"kind":"minor-water","name":"Dude Branch","ftype":460,"lengthKm":0.12,"hu8":"06010106","pid":"{24B77E4E-102C-473A-A6DC-388116BAB889}"},"geometry":{"type":"MultiLineString","coordinates":[[[-83.1022,35.6868],[-83.10129,35.68603]]]}},{"type":"Feature","properties":{"kind":"minor-water","name":"Dude Branch","ftype":460,"lengthKm":0.07,"hu8":"06010106","pid":"{5FC9F274-A8E4-41D8-A0C5-92855F460059}"},"geometry":{"type":"MultiLineString","coordinates":[[[-83.10297,35.68672],[-83.1022,35.6868]]]}},{"type":"Feature","properties":{"kind":"minor-water","name":"Dude Branch","ftype":460,"lengthKm":0.17,"hu8":"06010106","pid":"{50BF27A8-2A67-47AE-BA3A-BC17CC1BF40F}"},"geometry":{"type":"MultiLineString","coordinates":[[[-83.10482,35.68696],[-83.10297,35.68672]]]}},{"type":"Feature","properties":{"kind":"minor-water","name":"Little Cataloochee Creek","ftype":460,"lengthKm":0.59,"hu8":"06010106","pid":"{8B426A65-91E5-4FDE-9705-2AD100B7B5EC}"},"geometry":{"type":"MultiLineString","coordinates":[[[-83.09298,35.66976],[-83.09027,35.66953],[-83.08934,35.67001],[-83.08806,35.67018],[-83.08674,35.66974]]]}},{"type":"Feature","properties":{"kind":"minor-water","name":"Big Creek","ftype":558,"lengthKm":0.22,"hu8":"06010106","pid":"{068F079B-8763-492B-861D-10AC15C498E4}"},"geometry":{"type":"MultiLineString","coordinates":[[[-83.1115,35.74889],[-83.11095,35.74901],[-83.10963,35.75012]]]}},{"type":"Feature","properties":{"kind":"minor-water","name":"Dude Branch","ftype":460,"lengthKm":0.57,"hu8":"06010106","pid":"{2430F545-B4D5-4126-93EE-D0E15E0047D6}"},"geometry":{"type":"MultiLineString","coordinates":[[[-83.09497,35.68447],[-83.09425,35.68397],[-83.09352,35.68391],[-83.09237,35.68276],[-83.0908,35.68274],[-83.08995,35.68204]]]}},{"type":"Feature","properties":{"kind":"minor-water","name":"Dude Branch","ftype":460,"lengthKm":0.48,"hu8":"06010106","pid":"{A8538173-F7B5-41B8-B767-4CCFDC603D33}"},"geometry":{"type":"MultiLineString","coordinates":[[[-83.11489,35.69248],[-83.11244,35.69143],[-83.11101,35.68976]]]}},{"type":"Feature","properties":{"kind":"minor-water","name":"Dude Branch","ftype":460,"lengthKm":0.3,"hu8":"06010106","pid":"{2DE6B16D-73B3-47BA-A093-84EF0B7102FC}"},"geometry":{"type":"MultiLineString","coordinates":[[[-83.10786,35.68805],[-83.10482,35.68696]]]}},{"type":"Feature","properties":{"kind":"minor-water","name":"Coggins Branch","ftype":460,"lengthKm":0.19,"hu8":"06010106","pid":"{7E4FEA44-3578-4917-AFCF-BFAC348B9026}"},"geometry":{"type":"MultiLineString","coordinates":[[[-83.10728,35.65075],[-83.10647,35.65234]]]}},{"type":"Feature","properties":{"kind":"minor-water","name":"Leatherwood Branch","ftype":558,"lengthKm":0.01,"hu8":"06010106","pid":"{1244AE80-7189-478A-AB1F-4D3CE2C9285A}"},"geometry":{"type":"MultiLineString","coordinates":[[[-83.10442,35.75689],[-83.10431,35.75693]]]}},{"type":"Feature","properties":{"kind":"minor-water","name":"Winding Stair Branch","ftype":460,"lengthKm":0.31,"hu8":"06010106","pid":"{DD8DE485-5836-43E3-B251-C6F1B4451BF2}"},"geometry":{"type":"MultiLineString","coordinates":[[[-83.05207,35.63674],[-83.05293,35.63611],[-83.05516,35.63558]]]}},{"type":"Feature","properties":{"kind":"minor-water","name":"Abe Branch","ftype":460,"lengthKm":0.03,"hu8":"06010106","pid":"{D90A306F-6CEB-4EE7-9663-1F8489961B4B}"},"geometry":{"type":"MultiLineString","coordinates":[[[-83.17323,35.79392],[-83.17356,35.79407]]]}},{"type":"Feature","properties":{"kind":"minor-water","name":"Abe Branch","ftype":460,"lengthKm":0.17,"hu8":"06010106","pid":"{36A1931C-F084-494E-B96D-D80F7345E66E}"},"geometry":{"type":"MultiLineString","coordinates":[[[-83.17138,35.79384],[-83.17323,35.79392]]]}},{"type":"Feature","properties":{"kind":"minor-water","name":"Trail Hollow Branch","ftype":558,"lengthKm":0.01,"hu8":"06010106","pid":"{CFF8C83A-F71E-41C0-B3DA-88F4C5822DF2}"},"geometry":{"type":"MultiLineString","coordinates":[[[-83.14462,35.80917],[-83.14454,35.80921]]]}},{"type":"Feature","properties":{"kind":"minor-water","name":"Miller Branch","ftype":558,"lengthKm":0.03,"hu8":"06010106","pid":"{73EA283E-C842-4B6A-AA44-06D03687E6C5}"},"geometry":{"type":"MultiLineString","coordinates":[[[-83.17232,35.81108],[-83.17224,35.81136]]]}},{"type":"Feature","properties":{"kind":"minor-water","name":"Groundhog Creek","ftype":558,"lengthKm":0.03,"hu8":"06010106","pid":"{FF61B13B-70D6-4D31-BEB3-CF512181D11A}"},"geometry":{"type":"MultiLineString","coordinates":[[[-83.0362,35.75614],[-83.0364,35.75596]]]}},{"type":"Feature","properties":{"kind":"minor-water","name":"Chestnut Orchard Branch","ftype":460,"lengthKm":0.17,"hu8":"06010106","pid":"{2F84817B-723E-4334-88C9-B3C1236EC6B3}"},"geometry":{"type":"MultiLineString","coordinates":[[[-83.02371,35.77084],[-83.02462,35.77083],[-83.02544,35.77038]]]}},{"type":"Feature","properties":{"kind":"minor-water","name":"Groundhog Creek","ftype":460,"lengthKm":0.12,"hu8":"06010106","pid":"{B39E595D-5543-4F0B-AACB-26BB75A89D02}"},"geometry":{"type":"MultiLineString","coordinates":[[[-83.02694,35.77608],[-83.02685,35.77496]]]}},{"type":"Feature","properties":{"kind":"minor-water","name":"Rube Rock Branch","ftype":558,"lengthKm":0.01,"hu8":"06010106","pid":"{6A922024-548F-4AA0-B5A4-EF5CCED771AE}"},"geometry":{"type":"MultiLineString","coordinates":[[[-83.03426,35.75525],[-83.03437,35.75517]]]}},{"type":"Feature","properties":{"kind":"minor-water","name":"Tom Hall Branch","ftype":558,"lengthKm":0.03,"hu8":"06010106","pid":"{3C9FADA4-36B3-4F72-BA7A-71F9DDDC7DC6}"},"geometry":{"type":"MultiLineString","coordinates":[[[-83.03346,35.75268],[-83.03381,35.75267]]]}},{"type":"Feature","properties":{"kind":"minor-water","name":"White Oak Flats Branch","ftype":558,"lengthKm":0.01,"hu8":"06010106","pid":"{73E35C9A-A3C5-4E7C-8D63-0321EEBD7E7E}"},"geometry":{"type":"MultiLineString","coordinates":[[[-83.03434,35.74924],[-83.03441,35.74925]]]}},{"type":"Feature","properties":{"kind":"minor-water","name":"Cold Springs Creek","ftype":460,"lengthKm":0.12,"hu8":"06010106","pid":"{61440183-AC2E-4802-AC63-BF963F0291A6}"},"geometry":{"type":"MultiLineString","coordinates":[[[-82.98602,35.76234],[-82.98646,35.76273],[-82.98717,35.76277]]]}},{"type":"Feature","properties":{"kind":"minor-water","name":"Weaver Branch","ftype":558,"lengthKm":0.02,"hu8":"06010106","pid":"{563D41DD-2FD0-4A98-B564-AC2730A42091}"},"geometry":{"type":"MultiLineString","coordinates":[[[-83.18643,35.84394],[-83.18627,35.84411]]]}},{"type":"Feature","properties":{"kind":"minor-water","name":"Hicks Branch","ftype":558,"lengthKm":0.01,"hu8":"06010106","pid":"{54E998BF-2B4C-4FAF-B64E-ED0DA882B87F}"},"geometry":{"type":"MultiLineString","coordinates":[[[-83.02951,35.73799],[-83.0295,35.73812]]]}},{"type":"Feature","properties":{"kind":"minor-water","name":"Cold Springs Creek","ftype":460,"lengthKm":0.19,"hu8":"06010106","pid":"{08D4B7CD-DD07-4A68-9648-B197D512EE2D}"},"geometry":{"type":"MultiLineString","coordinates":[[[-82.96829,35.76903],[-82.96994,35.7679]]]}},{"type":"Feature","properties":{"kind":"minor-water","name":"Slickrock Branch","ftype":558,"lengthKm":0.01,"hu8":"06010106","pid":"{DBB04286-E53B-4449-80ED-74BE9394D145}"},"geometry":{"type":"MultiLineString","coordinates":[[[-83.04001,35.72453],[-83.03997,35.72449]]]}},{"type":"Feature","properties":{"kind":"minor-water","name":"Big Creek","ftype":558,"lengthKm":0.59,"hu8":"06010106","pid":"{79243AC9-2D00-412A-A9DE-58021AFF0E55}"},"geometry":{"type":"MultiLineString","coordinates":[[[-83.16409,35.71858],[-83.16368,35.71917],[-83.16218,35.71958],[-83.16198,35.71992],[-83.16368,35.72253]]]}},{"type":"Feature","properties":{"kind":"minor-water","name":"Hurricane Creek","ftype":558,"lengthKm":0.01,"hu8":"06010106","pid":"{E8CBE04A-D467-486E-B146-43589B8533D0}"},"geometry":{"type":"MultiLineString","coordinates":[[[-83.02809,35.72385],[-83.02811,35.72395]]]}},{"type":"Feature","properties":{"kind":"minor-water","name":"Big Creek","ftype":460,"lengthKm":0.16,"hu8":"06010106","pid":"{50A61DE3-EBCB-4D61-A865-1EBCA77A07EE}"},"geometry":{"type":"MultiLineString","coordinates":[[[-83.20334,35.71654],[-83.20188,35.71572]]]}},{"type":"Feature","properties":{"kind":"minor-water","name":"Big Creek","ftype":460,"lengthKm":0.01,"hu8":"06010106","pid":"{98FD47D3-ADDF-4E13-BEC9-2196A6924637}"},"geometry":{"type":"MultiLineString","coordinates":[[[-83.20493,35.71705],[-83.20484,35.71705]]]}},{"type":"Feature","properties":{"kind":"minor-water","name":"Big Creek","ftype":460,"lengthKm":0.15,"hu8":"06010106","pid":"{740BC3CA-AEAB-4DD4-9836-6CFB0CE0CA50}"},"geometry":{"type":"MultiLineString","coordinates":[[[-83.20484,35.71705],[-83.20334,35.71654]]]}},{"type":"Feature","properties":{"kind":"minor-water","name":"Big Creek","ftype":460,"lengthKm":0.04,"hu8":"06010106","pid":"{FC9D62AC-381E-4CF5-94C4-9D923759ECF2}"},"geometry":{"type":"MultiLineString","coordinates":[[[-83.21498,35.71546],[-83.21462,35.71569]]]}},{"type":"Feature","properties":{"kind":"minor-water","name":"Big Creek","ftype":460,"lengthKm":0.19,"hu8":"06010106","pid":"{F2D0F029-2A0A-483C-9ED9-AE3C4EE59B52}"},"geometry":{"type":"MultiLineString","coordinates":[[[-83.1996,35.71551],[-83.19753,35.7158]]]}},{"type":"Feature","properties":{"kind":"minor-water","name":"Swallow Fork","ftype":460,"lengthKm":0.04,"hu8":"06010106","pid":"{9FE1A2F0-4AB3-4587-A893-9A7F42091319}"},"geometry":{"type":"MultiLineString","coordinates":[[[-83.16419,35.71608],[-83.16421,35.71643]]]}},{"type":"Feature","properties":{"kind":"minor-water","name":"Big Creek","ftype":460,"lengthKm":0.03,"hu8":"06010106","pid":"{44BE3206-9D5A-4C35-BD66-7F5BA7DBD97C}"},"geometry":{"type":"MultiLineString","coordinates":[[[-83.16421,35.71643],[-83.16402,35.71668]]]}},{"type":"Feature","properties":{"kind":"minor-water","name":"Big Creek","ftype":558,"lengthKm":0.57,"hu8":"06010106","pid":"{74C4FC9A-425C-4F94-8E08-829DDCF94D2E}"},"geometry":{"type":"MultiLineString","coordinates":[[[-83.16368,35.72253],[-83.16369,35.72417],[-83.16209,35.7263],[-83.16113,35.72694]]]}},{"type":"Feature","properties":{"kind":"minor-water","name":"Low Gap Branch","ftype":558,"lengthKm":0.01,"hu8":"06010106","pid":"{4B0C6489-7635-4C20-8B73-F039DEDC3FCF}"},"geometry":{"type":"MultiLineString","coordinates":[[[-83.15987,35.72731],[-83.15982,35.72726]]]}},{"type":"Feature","properties":{"kind":"minor-water","name":"Big Creek","ftype":558,"lengthKm":0.12,"hu8":"06010106","pid":"{5C59E515-520F-49CD-A08B-63D5B1BD3D07}"},"geometry":{"type":"MultiLineString","coordinates":[[[-83.16113,35.72694],[-83.15982,35.72726]]]}},{"type":"Feature","properties":{"kind":"minor-water","name":"Big Creek","ftype":558,"lengthKm":1.13,"hu8":"06010106","pid":"{9B963BBD-11B8-41DA-87C3-86EA0AD8E8DE}"},"geometry":{"type":"MultiLineString","coordinates":[[[-83.15781,35.7285],[-83.15756,35.73015],[-83.15694,35.73067],[-83.15291,35.73163],[-83.15183,35.73238],[-83.15165,35.73305],[-83.15316,35.73443],[-83.15332,35.73507]]]}},{"type":"Feature","properties":{"kind":"minor-water","name":"Big Creek","ftype":558,"lengthKm":0.15,"hu8":"06010106","pid":"{D452D2E2-9712-450B-BB2A-21FC7EC2B774}"},"geometry":{"type":"MultiLineString","coordinates":[[[-83.15332,35.73507],[-83.15207,35.73589]]]}},{"type":"Feature","properties":{"kind":"minor-water","name":"Gray Camp Branch","ftype":558,"lengthKm":0.01,"hu8":"06010106","pid":"{9B11CECB-8F99-4A49-8171-92C224513C21}"},"geometry":{"type":"MultiLineString","coordinates":[[[-83.13961,35.73758],[-83.13954,35.73754]]]}},{"type":"Feature","properties":{"kind":"minor-water","name":"Big Creek","ftype":558,"lengthKm":0.04,"hu8":"06010106","pid":"{3D1DD65E-DB28-4CF6-9A8C-F091EE0B9B2D}"},"geometry":{"type":"MultiLineString","coordinates":[[[-83.10963,35.75012],[-83.10934,35.75035]]]}},{"type":"Feature","properties":{"kind":"minor-water","name":"Chestnut Branch","ftype":460,"lengthKm":1.46,"hu8":"06010106","pid":"{ED5AEA1F-9670-4FD0-A870-82AF1B61EDC4}"},"geometry":{"type":"MultiLineString","coordinates":[[[-83.11989,35.75904],[-83.11848,35.75878],[-83.11409,35.75933],[-83.11123,35.75873],[-83.10922,35.75865],[-83.10841,35.75901],[-83.10755,35.75879],[-83.10684,35.75922],[-83.1043,35.75981]]]}},{"type":"Feature","properties":{"kind":"minor-water","name":"Big Creek","ftype":558,"lengthKm":0.38,"hu8":"06010106","pid":"{379852CF-6FAF-4704-AA0A-27DFA855887D}"},"geometry":{"type":"MultiLineString","coordinates":[[[-83.10424,35.75987],[-83.10447,35.76227],[-83.10355,35.763]]]}},{"type":"Feature","properties":{"kind":"minor-water","name":"Big Creek","ftype":558,"lengthKm":0.11,"hu8":"06010106","pid":"{3A43E71B-06D0-40CE-B5FA-43185629F82A}"},"geometry":{"type":"MultiLineString","coordinates":[[[-83.10355,35.763],[-83.10293,35.76384]]]}},{"type":"Feature","properties":{"kind":"minor-water","name":"Big Creek","ftype":460,"lengthKm":0.52,"hu8":"06010106","pid":"{E938E752-E271-4749-8FD5-C8FE823986F6}"},"geometry":{"type":"MultiLineString","coordinates":[[[-83.18379,35.71362],[-83.18437,35.71247],[-83.18413,35.71183],[-83.18305,35.71125],[-83.18096,35.71132]]]}},{"type":"Feature","properties":{"kind":"minor-water","name":"Low Gap Branch","ftype":460,"lengthKm":0.43,"hu8":"06010106","pid":"{F40A629C-E7F3-42F5-B43E-D6AE50C2AAAA}"},"geometry":{"type":"MultiLineString","coordinates":[[[-83.16315,35.73002],[-83.16217,35.72961],[-83.16198,35.72912],[-83.15987,35.72731]]]}},{"type":"Feature","properties":{"kind":"minor-water","name":"Low Gap Branch","ftype":460,"lengthKm":0.41,"hu8":"06010106","pid":"{0452B6AC-E779-441A-97F4-2E92F5791568}"},"geometry":{"type":"MultiLineString","coordinates":[[[-83.17135,35.734],[-83.16964,35.73348],[-83.16894,35.73284],[-83.16747,35.7322]]]}},{"type":"Feature","properties":{"kind":"minor-water","name":"Low Gap Branch","ftype":460,"lengthKm":0.42,"hu8":"06010106","pid":"{2878F7A6-4DD4-42C6-97DC-DB6100D3F201}"},"geometry":{"type":"MultiLineString","coordinates":[[[-83.1757,35.73525],[-83.17299,35.73425],[-83.17135,35.734]]]}},{"type":"Feature","properties":{"kind":"minor-water","name":"Big Creek","ftype":558,"lengthKm":0.22,"hu8":"06010106","pid":"{407A1914-2595-41C9-805F-D88ECB5A81FF}"},"geometry":{"type":"MultiLineString","coordinates":[[[-83.12833,35.73785],[-83.1273,35.73787],[-83.12667,35.73892]]]}},{"type":"Feature","properties":{"kind":"minor-water","name":"Swallow Fork","ftype":460,"lengthKm":0.23,"hu8":"06010106","pid":"{AC2882F1-817C-4D9D-A5AA-1F7564492568}"},"geometry":{"type":"MultiLineString","coordinates":[[[-83.14823,35.69885],[-83.15071,35.69922]]]}},{"type":"Feature","properties":{"kind":"minor-water","name":"Big Creek","ftype":558,"lengthKm":0.75,"hu8":"06010106","pid":"{660F6CE3-9669-4316-9545-E1544CA6AFC8}"},"geometry":{"type":"MultiLineString","coordinates":[[[-83.13223,35.73588],[-83.13101,35.73605],[-83.12948,35.73471],[-83.12862,35.73471],[-83.12825,35.73547],[-83.12857,35.73736],[-83.12833,35.73785]]]}},{"type":"Feature","properties":{"kind":"minor-water","name":"Big Creek","ftype":558,"lengthKm":0.22,"hu8":"06010106","pid":"{9F7BD98F-5FB9-4862-8A23-32F76A08498B}"},"geometry":{"type":"MultiLineString","coordinates":[[[-83.14618,35.73551],[-83.14606,35.73601],[-83.14482,35.73702]]]}},{"type":"Feature","properties":{"kind":"minor-water","name":"Big Creek","ftype":460,"lengthKm":0.14,"hu8":"06010106","pid":"{7C783EF0-E57E-4912-AE6B-4CB4E8FB0AB5}"},"geometry":{"type":"MultiLineString","coordinates":[[[-83.22874,35.71031],[-83.22797,35.71032],[-83.22749,35.71085]]]}},{"type":"Feature","properties":{"kind":"minor-water","name":"Barnes Branch","ftype":460,"lengthKm":0.74,"hu8":"06010106","pid":"{479FCF8D-942A-4562-86CD-72B3DBBFBAD0}"},"geometry":{"type":"MultiLineString","coordinates":[[[-83.1568,35.74113],[-83.15545,35.73863],[-83.15306,35.73732],[-83.15272,35.73642],[-83.15214,35.73596]]]}},{"type":"Feature","properties":{"kind":"minor-water","name":"Big Creek","ftype":558,"lengthKm":0.17,"hu8":"06010106","pid":"{BF4AE8EE-A67A-46FF-AA46-9613F3FE7970}"},"geometry":{"type":"MultiLineString","coordinates":[[[-83.13383,35.73511],[-83.13223,35.73588]]]}},{"type":"Feature","properties":{"kind":"minor-water","name":"Big Creek","ftype":558,"lengthKm":0.37,"hu8":"06010106","pid":"{4BE0B962-EC7E-400F-AC57-C65E64A96FDF}"},"geometry":{"type":"MultiLineString","coordinates":[[[-83.11611,35.74735],[-83.11648,35.74825],[-83.11631,35.74887],[-83.11538,35.74937],[-83.11433,35.74947]]]}},{"type":"Feature","properties":{"kind":"minor-water","name":"Prophet Branch","ftype":558,"lengthKm":0.01,"hu8":"06010106","pid":"{D4943EFC-7D12-486F-A06C-5ECF8F9A2AE6}"},"geometry":{"type":"MultiLineString","coordinates":[[[-83.14488,35.73705],[-83.14482,35.73702]]]}},{"type":"Feature","properties":{"kind":"minor-water","name":"Baxter Creek","ftype":558,"lengthKm":0.01,"hu8":"06010106","pid":"{9A6F28E5-5CB7-4EB4-B3CB-6854F347354E}"},"geometry":{"type":"MultiLineString","coordinates":[[[-83.11581,35.74501],[-83.11584,35.74509]]]}},{"type":"Feature","properties":{"kind":"minor-water","name":"Laurel Creek","ftype":558,"lengthKm":0.02,"hu8":"06010106","pid":"{976AE067-3BB9-49D4-B6B7-B3F1321875EE}"},"geometry":{"type":"MultiLineString","coordinates":[[[-83.1019,35.76522],[-83.10197,35.76536]]]}},{"type":"Feature","properties":{"kind":"minor-water","name":"Whaley Branch","ftype":558,"lengthKm":0.3,"hu8":"06010106","pid":"{2F795494-DA5D-449A-96BE-26F0139869F3}"},"geometry":{"type":"MultiLineString","coordinates":[[[-83.10127,35.77295],[-83.10106,35.77363],[-83.09944,35.77513]]]}},{"type":"Feature","properties":{"kind":"minor-water","name":"Kilby Branch","ftype":558,"lengthKm":0.01,"hu8":"06010106","pid":"{4A8DFDF9-5D2B-4D4E-BBFC-B67EDCCD77EC}"},"geometry":{"type":"MultiLineString","coordinates":[[[-83.1266,35.74017],[-83.12648,35.74022]]]}},{"type":"Feature","properties":{"kind":"minor-water","name":"Indian Camp Creek","ftype":460,"lengthKm":0.16,"hu8":"06010106","pid":"{FDDFFF03-B894-47C1-B492-60A3BE622675}"},"geometry":{"type":"MultiLineString","coordinates":[[[-83.2666,35.77095],[-83.26621,35.77123],[-83.2662,35.77228]]]}},{"type":"Feature","properties":{"kind":"minor-water","name":"Indian Camp Creek","ftype":460,"lengthKm":0.01,"hu8":"06010106","pid":"{ABEEF2CF-C4DE-4F6E-BE33-DAD35FA60262}"},"geometry":{"type":"MultiLineString","coordinates":[[[-83.2662,35.77228],[-83.2662,35.77234]]]}},{"type":"Feature","properties":{"kind":"minor-water","name":"Laurel Creek","ftype":460,"lengthKm":0.06,"hu8":"06010106","pid":"{FF90B261-52BD-4AA3-9FA3-41F561947799}"},"geometry":{"type":"MultiLineString","coordinates":[[[-83.08413,35.73275],[-83.08382,35.73326]]]}},{"type":"Feature","properties":{"kind":"minor-water","name":"Laurel Creek","ftype":460,"lengthKm":0.06,"hu8":"06010106","pid":"{8C42E119-B7C9-4CB8-89FC-370B65A2E37F}"},"geometry":{"type":"MultiLineString","coordinates":[[[-83.08382,35.73326],[-83.08359,35.73379]]]}},{"type":"Feature","properties":{"kind":"minor-water","name":"Laurel Creek","ftype":460,"lengthKm":0.16,"hu8":"06010106","pid":"{6D979BB6-54A1-401F-8CDC-F0EBCD5494F0}"},"geometry":{"type":"MultiLineString","coordinates":[[[-83.08359,35.73379],[-83.08279,35.73509]]]}},{"type":"Feature","properties":{"kind":"minor-water","name":"Whaley Branch","ftype":460,"lengthKm":0.31,"hu8":"06010106","pid":"{06AED33B-4BBB-40E8-927F-2CF658F4156D}"},"geometry":{"type":"MultiLineString","coordinates":[[[-83.10886,35.76981],[-83.10847,35.76969],[-83.10766,35.77014],[-83.10721,35.77087],[-83.10639,35.7714]]]}},{"type":"Feature","properties":{"kind":"minor-water","name":"Whaley Branch","ftype":460,"lengthKm":0.04,"hu8":"06010106","pid":"{FC9205BB-4BEE-4558-A8E6-0013A235810D}"},"geometry":{"type":"MultiLineString","coordinates":[[[-83.10156,35.77256],[-83.10132,35.77291]]]}},{"type":"Feature","properties":{"kind":"minor-water","name":"Laurel Creek","ftype":460,"lengthKm":0.4,"hu8":"06010106","pid":"{82BCC59E-99C1-4223-ADA1-F636DB32D673}"},"geometry":{"type":"MultiLineString","coordinates":[[[-83.0921,35.76066],[-83.09332,35.76099],[-83.09465,35.76332]]]}},{"type":"Feature","properties":{"kind":"minor-water","name":"Laurel Creek","ftype":460,"lengthKm":0.78,"hu8":"06010106","pid":"{0F002068-6908-41FD-88A5-BB2FC30AC5C6}"},"geometry":{"type":"MultiLineString","coordinates":[[[-83.08608,35.72621],[-83.08539,35.72738],[-83.08412,35.72812],[-83.0837,35.72879],[-83.08359,35.73016],[-83.0843,35.73238]]]}},{"type":"Feature","properties":{"kind":"minor-water","name":"Laurel Creek","ftype":460,"lengthKm":0.09,"hu8":"06010106","pid":"{3F9C5A4C-6D3A-4EDB-8009-CE8D3329D9AC}"},"geometry":{"type":"MultiLineString","coordinates":[[[-83.087,35.72581],[-83.08608,35.72621]]]}},{"type":"Feature","properties":{"kind":"minor-water","name":"Laurel Creek","ftype":460,"lengthKm":0.04,"hu8":"06010106","pid":"{5F83B25D-CE25-4A9F-BFFF-042DD6415345}"},"geometry":{"type":"MultiLineString","coordinates":[[[-83.0843,35.73238],[-83.08413,35.73275]]]}},{"type":"Feature","properties":{"kind":"minor-water","name":"Laurel Creek","ftype":460,"lengthKm":0.22,"hu8":"06010106","pid":"{C8A096C5-739C-4B1E-BE13-4C5F5B86EE81}"},"geometry":{"type":"MultiLineString","coordinates":[[[-83.08279,35.73509],[-83.08265,35.73705]]]}},{"type":"Feature","properties":{"kind":"minor-water","name":"Laurel Creek","ftype":460,"lengthKm":0.06,"hu8":"06010106","pid":"{2E79ADF4-D9C9-4DC5-9AED-A94148008B24}"},"geometry":{"type":"MultiLineString","coordinates":[[[-83.09678,35.76442],[-83.09732,35.7647]]]}},{"type":"Feature","properties":{"kind":"minor-water","name":"Laurel Creek","ftype":460,"lengthKm":0.23,"hu8":"06010106","pid":"{A257D3A8-F0E5-4C36-BBEF-5C52284EC95E}"},"geometry":{"type":"MultiLineString","coordinates":[[[-83.08675,35.74397],[-83.08679,35.74451],[-83.08785,35.74574]]]}},{"type":"Feature","properties":{"kind":"minor-water","name":"Laurel Creek","ftype":460,"lengthKm":0.14,"hu8":"06010106","pid":"{C9D1CF0B-5EA8-49EE-8252-9CC9372A990F}"},"geometry":{"type":"MultiLineString","coordinates":[[[-83.08785,35.74574],[-83.0879,35.747]]]}},{"type":"Feature","properties":{"kind":"minor-water","name":"Laurel Creek","ftype":460,"lengthKm":0.03,"hu8":"06010106","pid":"{CC6C0549-C95C-419B-B19E-F826E7F41E7E}"},"geometry":{"type":"MultiLineString","coordinates":[[[-83.0879,35.747],[-83.08803,35.74729]]]}},{"type":"Feature","properties":{"kind":"minor-water","name":"Laurel Creek","ftype":460,"lengthKm":0.2,"hu8":"06010106","pid":"{FBC74A7E-BC9E-488D-95C3-EF7A49061536}"},"geometry":{"type":"MultiLineString","coordinates":[[[-83.0898,35.75289],[-83.08913,35.75464]]]}},{"type":"Feature","properties":{"kind":"minor-water","name":"Laurel Creek","ftype":460,"lengthKm":0.06,"hu8":"06010106","pid":"{26453110-C212-49E8-8278-B754CA89F07F}"},"geometry":{"type":"MultiLineString","coordinates":[[[-83.09137,35.75854],[-83.09121,35.75903]]]}},{"type":"Feature","properties":{"kind":"minor-water","name":"Laurel Creek","ftype":460,"lengthKm":0.2,"hu8":"06010106","pid":"{CAE5E9A0-158C-46BE-8EC8-5E0B0AB2DF66}"},"geometry":{"type":"MultiLineString","coordinates":[[[-83.09121,35.75903],[-83.0921,35.76066]]]}},{"type":"Feature","properties":{"kind":"minor-water","name":"Laurel Creek","ftype":460,"lengthKm":0.06,"hu8":"06010106","pid":"{A952C5B6-00B9-4E2F-9DD5-48AB958E88B5}"},"geometry":{"type":"MultiLineString","coordinates":[[[-83.09732,35.7647],[-83.09797,35.76467]]]}},{"type":"Feature","properties":{"kind":"minor-water","name":"Big Creek","ftype":558,"lengthKm":0.4,"hu8":"06010106","pid":"{B9EAB5CE-385A-42BC-966B-9A9F112F9E2C}"},"geometry":{"type":"MultiLineString","coordinates":[[[-83.10066,35.76823],[-83.10155,35.76923],[-83.10159,35.7699],[-83.10043,35.77135]]]}},{"type":"Feature","properties":{"kind":"minor-water","name":"Big Creek","ftype":558,"lengthKm":0.01,"hu8":"06010106","pid":"{558E1FF9-FD9D-451E-8EE7-96FDD7D86E54}"},"geometry":{"type":"MultiLineString","coordinates":[[[-83.10032,35.77161],[-83.10028,35.77173]]]}},{"type":"Feature","properties":{"kind":"minor-water","name":"Big Creek","ftype":558,"lengthKm":0.03,"hu8":"06010106","pid":"{54668E80-3F59-473A-AA2C-66D629E8E469}"},"geometry":{"type":"MultiLineString","coordinates":[[[-83.10043,35.77135],[-83.10032,35.77161]]]}},{"type":"Feature","properties":{"kind":"minor-water","name":"Toms Creek","ftype":460,"lengthKm":0.36,"hu8":"06010106","pid":"{D0115E90-9B08-4A58-BB77-26F91510C03A}"},"geometry":{"type":"MultiLineString","coordinates":[[[-83.19598,35.75998],[-83.19831,35.76028],[-83.19982,35.76081]]]}},{"type":"Feature","properties":{"kind":"minor-water","name":"Rock Creek","ftype":460,"lengthKm":1.1,"hu8":"06010106","pid":"{86C69E53-B94B-4F6B-A001-1FCA618EC61F}"},"geometry":{"type":"MultiLineString","coordinates":[[[-83.21821,35.73889],[-83.21702,35.74097],[-83.21664,35.743],[-83.21621,35.74366],[-83.21602,35.74471],[-83.21629,35.74617],[-83.21603,35.74731],[-83.21561,35.74765],[-83.21573,35.74826]]]}},{"type":"Feature","properties":{"kind":"minor-water","name":"Rock Creek","ftype":460,"lengthKm":0.22,"hu8":"06010106","pid":"{3410DAD8-0E49-4033-ADC1-61E16EB1E9AA}"},"geometry":{"type":"MultiLineString","coordinates":[[[-83.21052,35.76137],[-83.21019,35.76239],[-83.2107,35.76317]]]}},{"type":"Feature","properties":{"kind":"minor-water","name":"Poplar Cove Branch","ftype":460,"lengthKm":0.06,"hu8":"06010106","pid":"{26731EAE-E99C-4243-970F-33EA8A5B1402}"},"geometry":{"type":"MultiLineString","coordinates":[[[-83.00367,35.74035],[-83.00429,35.74043]]]}},{"type":"Feature","properties":{"kind":"minor-water","name":"Bogard Creek","ftype":460,"lengthKm":0.02,"hu8":"06010106","pid":"{32A82A31-50B9-4C01-B892-BC899C6D1E85}"},"geometry":{"type":"MultiLineString","coordinates":[[[-83.24239,35.86717],[-83.24237,35.86732]]]}},{"type":"Feature","properties":{"kind":"minor-water","name":"Caney Creek","ftype":460,"lengthKm":0.04,"hu8":"06010106","pid":"{56D9A55C-EDA1-4202-94D4-97D7A053D29C}"},"geometry":{"type":"MultiLineString","coordinates":[[[-83.23805,35.80253],[-83.23847,35.80257]]]}},{"type":"Feature","properties":{"kind":"minor-water","name":"Caney Creek","ftype":558,"lengthKm":0.01,"hu8":"06010106","pid":"{74BDA6A9-620A-4D39-AFBF-6EC3B831EBD7}"},"geometry":{"type":"MultiLineString","coordinates":[[[-83.23847,35.80257],[-83.23856,35.80255]]]}},{"type":"Feature","properties":{"kind":"minor-water","name":"Cricket Branch","ftype":460,"lengthKm":0.17,"hu8":"06010106","pid":"{C975D662-2601-4DF4-9BC7-D499B5E02677}"},"geometry":{"type":"MultiLineString","coordinates":[[[-83.25299,35.78642],[-83.25392,35.78779]]]}},{"type":"Feature","properties":{"kind":"minor-water","name":"Cricket Branch","ftype":558,"lengthKm":0.02,"hu8":"06010106","pid":"{43715CF9-7233-46DA-BBD7-F3D5F7A74958}"},"geometry":{"type":"MultiLineString","coordinates":[[[-83.25291,35.78627],[-83.25299,35.78642]]]}},{"type":"Feature","properties":{"kind":"minor-water","name":"McKinney Branch","ftype":460,"lengthKm":0.38,"hu8":"06010106","pid":"{9FE15F65-D356-4A83-8FE3-61F5A0CDBA8E}"},"geometry":{"type":"MultiLineString","coordinates":[[[-83.26174,35.77527],[-83.2596,35.77826]]]}},{"type":"Feature","properties":{"kind":"minor-water","name":"McKinney Branch","ftype":558,"lengthKm":0.01,"hu8":"06010106","pid":"{1A64F80D-A40D-453A-92C5-603548BCE5DB}"},"geometry":{"type":"MultiLineString","coordinates":[[[-83.2596,35.77826],[-83.25954,35.77838]]]}},{"type":"Feature","properties":{"kind":"minor-water","name":"Middle Creek","ftype":460,"lengthKm":0.01,"hu8":"06010106","pid":"{BF5736FD-62C5-42A7-B49E-39C226905138}"},"geometry":{"type":"MultiLineString","coordinates":[[[-83.22416,35.87017],[-83.22404,35.87023]]]}},{"type":"Feature","properties":{"kind":"minor-water","name":"Webb Branch","ftype":558,"lengthKm":0.03,"hu8":"06010106","pid":"{961ED308-48E0-45D3-95BD-B90CAEB56217}"},"geometry":{"type":"MultiLineString","coordinates":[[[-83.22996,35.78425],[-83.23001,35.78448]]]}},{"type":"Feature","properties":{"kind":"minor-water","name":"Chavis Creek","ftype":460,"lengthKm":0.15,"hu8":"06010106","pid":"{878F1FA7-1B32-4CE8-8B86-7CF4F238FD3A}"},"geometry":{"type":"MultiLineString","coordinates":[[[-83.25703,35.81939],[-83.25685,35.82074]]]}},{"type":"Feature","properties":{"kind":"minor-water","name":"Indian Camp Creek","ftype":460,"lengthKm":0.21,"hu8":"06010106","pid":"{315D08C4-ADEF-4C75-9565-DF27FD470B61}"},"geometry":{"type":"MultiLineString","coordinates":[[[-83.2662,35.77234],[-83.26662,35.7742]]]}},{"type":"Feature","properties":{"kind":"minor-water","name":"Chute Branch","ftype":460,"lengthKm":0.33,"hu8":"06010106","pid":"{BC976008-4F86-47A2-8DE6-86DD5C736C8C}"},"geometry":{"type":"MultiLineString","coordinates":[[[-83.10319,35.79596],[-83.10485,35.79459],[-83.10614,35.79477]]]}},{"type":"Feature","properties":{"kind":"minor-water","name":"Chute Branch","ftype":558,"lengthKm":0.02,"hu8":"06010106","pid":"{67F5485A-8225-42DF-8E92-50D7E86BA888}"},"geometry":{"type":"MultiLineString","coordinates":[[[-83.10614,35.79477],[-83.10633,35.7949]]]}},{"type":"Feature","properties":{"kind":"minor-water","name":"Haynes Branch","ftype":460,"lengthKm":0.08,"hu8":"06010106","pid":"{213AC467-2035-411E-BAE2-A5336785A0A0}"},"geometry":{"type":"MultiLineString","coordinates":[[[-82.95253,35.71241],[-82.95196,35.71191]]]}},{"type":"Feature","properties":{"kind":"minor-water","name":"Haynes Branch","ftype":460,"lengthKm":0.03,"hu8":"06010106","pid":"{FD4D2EFC-8FCF-406A-8962-261476D15412}"},"geometry":{"type":"MultiLineString","coordinates":[[[-82.94709,35.71125],[-82.94674,35.71125]]]}},{"type":"Feature","properties":{"kind":"minor-water","name":"Sally Branch","ftype":460,"lengthKm":0.08,"hu8":"06010106","pid":"{9B191C3D-4B86-4C40-9266-B65FC37787CC}"},"geometry":{"type":"MultiLineString","coordinates":[[[-82.91789,35.71956],[-82.91877,35.71962]]]}},{"type":"Feature","properties":{"kind":"minor-water","name":"Cold Springs Creek","ftype":460,"lengthKm":0.05,"hu8":"06010106","pid":"{8012C2DD-3662-4F69-87E8-670F599E4FD1}"},"geometry":{"type":"MultiLineString","coordinates":[[[-82.998,35.75234],[-82.99859,35.75224]]]}},{"type":"Feature","properties":{"kind":"minor-water","name":"White Oak Flats Branch","ftype":460,"lengthKm":0.13,"hu8":"06010106","pid":"{4C2853B3-A3AE-4320-B6D0-F82380F3A810}"},"geometry":{"type":"MultiLineString","coordinates":[[[-83.01757,35.75072],[-83.01862,35.74988]]]}},{"type":"Feature","properties":{"kind":"minor-water","name":"White Oak Flats Branch","ftype":460,"lengthKm":0.08,"hu8":"06010106","pid":"{E5474A13-EEA5-4850-B2A5-04D9DFF3F08F}"},"geometry":{"type":"MultiLineString","coordinates":[[[-83.02064,35.74812],[-83.02153,35.74797]]]}},{"type":"Feature","properties":{"kind":"minor-water","name":"Phillips Branch","ftype":460,"lengthKm":0.03,"hu8":"06010106","pid":"{6EBC650B-A95E-4840-A05D-77ABE909EF0D}"},"geometry":{"type":"MultiLineString","coordinates":[[[-82.93153,35.71209],[-82.9314,35.71229]]]}},{"type":"Feature","properties":{"kind":"minor-water","name":"Haynes Branch","ftype":460,"lengthKm":0.05,"hu8":"06010106","pid":"{4C926FFC-5A53-46D2-8D87-932D970192C2}"},"geometry":{"type":"MultiLineString","coordinates":[[[-82.95298,35.7126],[-82.95253,35.71241]]]}},{"type":"Feature","properties":{"kind":"minor-water","name":"Fines Creek","ftype":460,"lengthKm":0.04,"hu8":"06010106","pid":"{6687E58E-782C-43CA-992E-C9319039CB60}"},"geometry":{"type":"MultiLineString","coordinates":[[[-82.9277,35.71433],[-82.92798,35.71402]]]}},{"type":"Feature","properties":{"kind":"minor-water","name":"Wesley Creek","ftype":460,"lengthKm":0.12,"hu8":"06010106","pid":"{476D083B-978E-4145-81AE-3ADFE0CA3FB2}"},"geometry":{"type":"MultiLineString","coordinates":[[[-82.94817,35.71535],[-82.94772,35.71429]]]}},{"type":"Feature","properties":{"kind":"minor-water","name":"Fines Creek","ftype":460,"lengthKm":0.08,"hu8":"06010106","pid":"{1CCFB30D-73B6-4C12-92C1-555304F07823}"},"geometry":{"type":"MultiLineString","coordinates":[[[-82.92741,35.71602],[-82.9272,35.71532]]]}},{"type":"Feature","properties":{"kind":"minor-water","name":"Orchard Branch","ftype":460,"lengthKm":0.08,"hu8":"06010106","pid":"{2B7FB24E-5B39-45C4-8EB8-ED3B7B3E3E45}"},"geometry":{"type":"MultiLineString","coordinates":[[[-82.93397,35.71941],[-82.93353,35.71875]]]}},{"type":"Feature","properties":{"kind":"minor-water","name":"Sally Branch","ftype":460,"lengthKm":0.06,"hu8":"06010106","pid":"{790694AF-04E9-43B2-A26B-54A5C977D4C1}"},"geometry":{"type":"MultiLineString","coordinates":[[[-82.91877,35.71962],[-82.91937,35.71972]]]}},{"type":"Feature","properties":{"kind":"minor-water","name":"Cold Springs Creek","ftype":460,"lengthKm":0.09,"hu8":"06010106","pid":"{6411E364-9830-4C9E-B6C8-FD42BC5E2D95}"},"geometry":{"type":"MultiLineString","coordinates":[[[-83.00667,35.74639],[-83.00739,35.74583]]]}},{"type":"Feature","properties":{"kind":"minor-water","name":"Sally Branch","ftype":460,"lengthKm":0.13,"hu8":"06010106","pid":"{663C6D26-2F99-413B-B22F-73AF7CA1CE8A}"},"geometry":{"type":"MultiLineString","coordinates":[[[-82.92264,35.72024],[-82.92331,35.72004],[-82.9236,35.71948]]]}},{"type":"Feature","properties":{"kind":"minor-water","name":"Fines Creek","ftype":460,"lengthKm":0.08,"hu8":"06010106","pid":"{05BC90DF-3D90-46B1-BA20-A00D02EDA183}"},"geometry":{"type":"MultiLineString","coordinates":[[[-82.92686,35.71959],[-82.92737,35.71898]]]}},{"type":"Feature","properties":{"kind":"minor-water","name":"Greenbrier Creek","ftype":460,"lengthKm":0.34,"hu8":"06010106","pid":"{63F43651-18B5-44D3-84EE-BB1AB0B2C478}"},"geometry":{"type":"MultiLineString","coordinates":[[[-83.24219,35.77998],[-83.24318,35.7808],[-83.24326,35.78267]]]}},{"type":"Feature","properties":{"kind":"minor-water","name":"Middle Creek","ftype":460,"lengthKm":0.12,"hu8":"06010106","pid":"{BE78816D-4DAF-460E-AF06-73D8D861EDA4}"},"geometry":{"type":"MultiLineString","coordinates":[[[-83.28074,35.851],[-83.27997,35.85013]]]}},{"type":"Feature","properties":{"kind":"minor-water","name":"Falling Rock Creek","ftype":460,"lengthKm":0.52,"hu8":"06010106","pid":"{5F8F777C-B74C-4D48-A487-27208ED12959}"},"geometry":{"type":"MultiLineString","coordinates":[[[-83.15464,35.63091],[-83.15436,35.63265],[-83.15194,35.63484]]]}},{"type":"Feature","properties":{"kind":"minor-water","name":"Pretty Hollow Creek","ftype":460,"lengthKm":0.01,"hu8":"06010106","pid":"{1266CD19-8618-44C2-A3CF-29E80A5FB106}"},"geometry":{"type":"MultiLineString","coordinates":[[[-83.1273,35.63814],[-83.12727,35.63801]]]}},{"type":"Feature","properties":{"kind":"minor-water","name":"Rough Fork","ftype":460,"lengthKm":0.23,"hu8":"06010106","pid":"{5B2E9A3D-6648-432E-AB0E-F0797E6C5EEC}"},"geometry":{"type":"MultiLineString","coordinates":[[[-83.12045,35.61605],[-83.11917,35.61784]]]}},{"type":"Feature","properties":{"kind":"minor-water","name":"Rough Fork","ftype":460,"lengthKm":0.07,"hu8":"06010106","pid":"{736CC44C-D589-4F9F-97F3-72BC63CEEFFA}"},"geometry":{"type":"MultiLineString","coordinates":[[[-83.11917,35.61784],[-83.11883,35.61836]]]}},{"type":"Feature","properties":{"kind":"minor-water","name":"Cataloochee Creek","ftype":558,"lengthKm":0.06,"hu8":"06010106","pid":"{AF7CA47E-9DED-4A30-8CCA-34D18A4A8A01}"},"geometry":{"type":"MultiLineString","coordinates":[[[-83.05915,35.68791],[-83.05859,35.6882]]]}},{"type":"Feature","properties":{"kind":"minor-water","name":"Little Bald Branch","ftype":460,"lengthKm":0.25,"hu8":"06010106","pid":"{58333FFA-094D-4E55-A4E1-5CBEF98964DA}"},"geometry":{"type":"MultiLineString","coordinates":[[[-83.1275,35.56946],[-83.12664,35.57155]]]}},{"type":"Feature","properties":{"kind":"minor-water","name":"Jim Branch","ftype":460,"lengthKm":0.21,"hu8":"06010106","pid":"{68D01A3D-C560-437E-AEA8-B544F8CFBB78}"},"geometry":{"type":"MultiLineString","coordinates":[[[-83.12401,35.60922],[-83.12442,35.61104]]]}},{"type":"Feature","properties":{"kind":"minor-water","name":"Rough Fork","ftype":460,"lengthKm":0.45,"hu8":"06010106","pid":"{097C14EF-EB99-4561-863C-05A512CFDA0D}"},"geometry":{"type":"MultiLineString","coordinates":[[[-83.13656,35.59889],[-83.13488,35.59946],[-83.13387,35.60014],[-83.13331,35.60156]]]}},{"type":"Feature","properties":{"kind":"minor-water","name":"Rough Fork","ftype":460,"lengthKm":0.53,"hu8":"06010106","pid":"{B849CE8E-C738-4806-B670-49A35E292869}"},"geometry":{"type":"MultiLineString","coordinates":[[[-83.15998,35.60405],[-83.15833,35.60384],[-83.15683,35.60496],[-83.15478,35.60539]]]}},{"type":"Feature","properties":{"kind":"minor-water","name":"Pounding Mill Branch","ftype":460,"lengthKm":0.09,"hu8":"06010106","pid":"{C00BB407-8724-44E0-840B-9BD4BDE58277}"},"geometry":{"type":"MultiLineString","coordinates":[[[-82.99595,35.77031],[-82.99617,35.76956]]]}},{"type":"Feature","properties":{"kind":"minor-water","name":"Little Bald Branch","ftype":460,"lengthKm":0.21,"hu8":"06010106","pid":"{CB2BFB26-3B18-4B7F-ADE7-2DB4A4DD0B0F}"},"geometry":{"type":"MultiLineString","coordinates":[[[-83.12283,35.55463],[-83.12276,35.55523],[-83.12349,35.55639]]]}},{"type":"Feature","properties":{"kind":"minor-water","name":"Falling Rock Creek","ftype":460,"lengthKm":0.17,"hu8":"06010106","pid":"{830198F9-44CC-440F-8A58-560DEEF52EEB}"},"geometry":{"type":"MultiLineString","coordinates":[[[-83.156,35.62998],[-83.15493,35.63034],[-83.15464,35.63091]]]}},{"type":"Feature","properties":{"kind":"minor-water","name":"Palmer Creek","ftype":460,"lengthKm":0.8,"hu8":"06010106","pid":"{C5100E63-E1B2-482B-82B8-163751595ADC}"},"geometry":{"type":"MultiLineString","coordinates":[[[-83.13569,35.63956],[-83.1321,35.63961],[-83.12727,35.63801]]]}},{"type":"Feature","properties":{"kind":"minor-water","name":"Palmer Creek","ftype":460,"lengthKm":0.4,"hu8":"06010106","pid":"{B4DED18F-18CD-4CB2-BFD0-ECC20AFAC83D}"},"geometry":{"type":"MultiLineString","coordinates":[[[-83.13945,35.63873],[-83.13813,35.63832],[-83.13682,35.63852],[-83.13569,35.63956]]]}},{"type":"Feature","properties":{"kind":"minor-water","name":"Pretty Hollow Creek","ftype":460,"lengthKm":0.68,"hu8":"06010106","pid":"{8A885010-0ADB-4E31-AABA-2A88DF389BAD}"},"geometry":{"type":"MultiLineString","coordinates":[[[-83.12962,35.64359],[-83.12963,35.64309],[-83.12849,35.64208],[-83.12844,35.63963],[-83.1273,35.63814]]]}},{"type":"Feature","properties":{"kind":"minor-water","name":"Cooks Creek","ftype":460,"lengthKm":0.19,"hu8":"06010106","pid":"{2F62F40B-EB81-4D14-8180-42659BFAFBBF}"},"geometry":{"type":"MultiLineString","coordinates":[[[-83.16345,35.67446],[-83.16153,35.67382]]]}},{"type":"Feature","properties":{"kind":"minor-water","name":"Caldwell Fork","ftype":460,"lengthKm":0.32,"hu8":"06010106","pid":"{42998875-8469-434C-9B74-E44424260B4A}"},"geometry":{"type":"MultiLineString","coordinates":[[[-83.14903,35.55287],[-83.14902,35.55361],[-83.14775,35.55543]]]}},{"type":"Feature","properties":{"kind":"minor-water","name":"Little Bald Branch","ftype":460,"lengthKm":0.22,"hu8":"06010106","pid":"{A23A039F-9766-4C99-A0E4-2A9D70CFD435}"},"geometry":{"type":"MultiLineString","coordinates":[[[-83.12809,35.56457],[-83.12743,35.56647]]]}},{"type":"Feature","properties":{"kind":"minor-water","name":"Sag Branch","ftype":460,"lengthKm":0.07,"hu8":"06010106","pid":"{711005DD-7633-454B-B577-88E9BC0A7755}"},"geometry":{"type":"MultiLineString","coordinates":[[[-83.08179,35.60789],[-83.08229,35.60841]]]}},{"type":"Feature","properties":{"kind":"minor-water","name":"Palmer Branch","ftype":460,"lengthKm":0.7,"hu8":"06010106","pid":"{28BBCA5F-2DCD-4B65-900E-5D07C9E1FDCD}"},"geometry":{"type":"MultiLineString","coordinates":[[[-83.08008,35.61227],[-83.08058,35.61318],[-83.08191,35.61417],[-83.08266,35.61556],[-83.08448,35.61619],[-83.08534,35.61613]]]}},{"type":"Feature","properties":{"kind":"minor-water","name":"Upper Double Branch","ftype":558,"lengthKm":0,"hu8":"06010106","pid":"{28144A69-94C0-4C86-944E-29546F834533}"},"geometry":{"type":"MultiLineString","coordinates":[[[-83.08659,35.63093],[-83.08656,35.6309]]]}},{"type":"Feature","properties":{"kind":"minor-water","name":"Wilkins Creek","ftype":558,"lengthKm":0.23,"hu8":"06010106","pid":"{1545D6AF-DB74-4DBF-9821-0134B59ABFC6}"},"geometry":{"type":"MultiLineString","coordinates":[[[-83.03259,35.68714],[-83.03515,35.68719]]]}},{"type":"Feature","properties":{"kind":"minor-water","name":"Wilkins Creek","ftype":558,"lengthKm":0.05,"hu8":"06010106","pid":"{FD4B8A93-C6BD-4385-A961-141BCF6D136F}"},"geometry":{"type":"MultiLineString","coordinates":[[[-83.03189,35.68706],[-83.03248,35.68714]]]}},{"type":"Feature","properties":{"kind":"minor-water","name":"Laurel Branch","ftype":558,"lengthKm":0.19,"hu8":"06010106","pid":"{77D04CF8-B641-4175-AF3C-F353BCC178DB}"},"geometry":{"type":"MultiLineString","coordinates":[[[-83.03863,35.68065],[-83.03767,35.68096],[-83.03712,35.68169]]]}},{"type":"Feature","properties":{"kind":"minor-water","name":"White Oak Creek","ftype":558,"lengthKm":0.23,"hu8":"06010106","pid":"{6B34682D-C142-41F1-92F1-53B2F32A16A7}"},"geometry":{"type":"MultiLineString","coordinates":[[[-83.03564,35.67405],[-83.03472,35.67455],[-83.03419,35.67561]]]}},{"type":"Feature","properties":{"kind":"minor-water","name":"Caldwell Fork","ftype":558,"lengthKm":0.01,"hu8":"06010106","pid":"{6E078F6A-681F-41B8-8051-44DB16828CE1}"},"geometry":{"type":"MultiLineString","coordinates":[[[-83.08621,35.63083],[-83.08616,35.63086]]]}},{"type":"Feature","properties":{"kind":"minor-water","name":"Hall Branch","ftype":558,"lengthKm":0,"hu8":"06010106","pid":"{6084827F-8AB5-4E8E-82CB-A595D6FDED0B}"},"geometry":{"type":"MultiLineString","coordinates":[[[-83.07371,35.65217],[-83.07368,35.65219]]]}},{"type":"Feature","properties":{"kind":"minor-water","name":"Stevens Creek","ftype":460,"lengthKm":0.23,"hu8":"06010106","pid":"{DB3E47A9-4129-496A-B8E6-C481088BAE49}"},"geometry":{"type":"MultiLineString","coordinates":[[[-83.04079,35.63735],[-83.0408,35.6383],[-83.04141,35.63935]]]}},{"type":"Feature","properties":{"kind":"minor-water","name":"Chavis Creek","ftype":460,"lengthKm":0.14,"hu8":"06010106","pid":"{5E9CC680-3A9A-4D52-9FFF-74D5364BA1E4}"},"geometry":{"type":"MultiLineString","coordinates":[[[-83.27855,35.79624],[-83.27753,35.79716]]]}},{"type":"Feature","properties":{"kind":"minor-water","name":"Sag Branch","ftype":460,"lengthKm":0.76,"hu8":"06010106","pid":"{44EAF11F-8076-4DFE-AE82-C2E721D42D7B}"},"geometry":{"type":"MultiLineString","coordinates":[[[-83.08229,35.60841],[-83.08351,35.60925],[-83.08499,35.61093],[-83.08922,35.61021]]]}},{"type":"Feature","properties":{"kind":"minor-water","name":"Messer Fork","ftype":460,"lengthKm":0.13,"hu8":"06010106","pid":"{9BDCE000-9987-43F3-A9D0-E5BA3BDEECCC}"},"geometry":{"type":"MultiLineString","coordinates":[[[-83.13576,35.6146],[-83.13521,35.61439],[-83.13487,35.61378]]]}},{"type":"Feature","properties":{"kind":"minor-water","name":"Mossy Branch","ftype":460,"lengthKm":0.32,"hu8":"06010106","pid":"{233E55E0-7ADE-4B1C-871D-E887E8A82728}"},"geometry":{"type":"MultiLineString","coordinates":[[[-83.10456,35.62959],[-83.10313,35.62933],[-83.10205,35.62948],[-83.10121,35.62912]]]}},{"type":"Feature","properties":{"kind":"minor-water","name":"Cataloochee Creek","ftype":558,"lengthKm":0.44,"hu8":"06010106","pid":"{3353DAB6-9624-4A49-BF11-3215D381F2FA}"},"geometry":{"type":"MultiLineString","coordinates":[[[-83.0553,35.68949],[-83.05436,35.69109],[-83.05538,35.692],[-83.0556,35.69294]]]}},{"type":"Feature","properties":{"kind":"minor-water","name":"Early Creek","ftype":460,"lengthKm":0.29,"hu8":"06010106","pid":"{A43834D7-A770-4ADC-8DC1-B353CBF939A1}"},"geometry":{"type":"MultiLineString","coordinates":[[[-83.06206,35.68911],[-83.06023,35.68811],[-83.05923,35.68796]]]}},{"type":"Feature","properties":{"kind":"minor-water","name":"Cataloochee Creek","ftype":558,"lengthKm":0.26,"hu8":"06010106","pid":"{A6613935-1449-4835-A3AA-952345CF1C46}"},"geometry":{"type":"MultiLineString","coordinates":[[[-83.07226,35.6685],[-83.07173,35.66874],[-83.07097,35.66841],[-83.06963,35.66867]]]}},{"type":"Feature","properties":{"kind":"minor-water","name":"Cataloochee Creek","ftype":558,"lengthKm":1.25,"hu8":"06010106","pid":"{27747B8D-B0E4-4DE0-99A5-0913C974039C}"},"geometry":{"type":"MultiLineString","coordinates":[[[-83.06818,35.66968],[-83.06784,35.67114],[-83.07196,35.67394],[-83.07279,35.6755],[-83.07257,35.67618],[-83.0689,35.67648]]]}},{"type":"Feature","properties":{"kind":"minor-water","name":"Cataloochee Creek","ftype":558,"lengthKm":0.18,"hu8":"06010106","pid":"{71233705-24EF-48EC-86C1-D59DC8E25234}"},"geometry":{"type":"MultiLineString","coordinates":[[[-83.06963,35.66867],[-83.06853,35.66915],[-83.06818,35.66968]]]}},{"type":"Feature","properties":{"kind":"minor-water","name":"Mossy Branch","ftype":558,"lengthKm":0.01,"hu8":"06010106","pid":"{103BB80A-F813-4044-A7D2-B778257E5B12}"},"geometry":{"type":"MultiLineString","coordinates":[[[-83.09352,35.62864],[-83.09345,35.6286]]]}},{"type":"Feature","properties":{"kind":"minor-water","name":"Coggins Branch","ftype":460,"lengthKm":0.53,"hu8":"06010106","pid":"{3B1B73EB-AA23-4DF3-81B4-D1F121E3C32D}"},"geometry":{"type":"MultiLineString","coordinates":[[[-83.10099,35.65839],[-83.10028,35.65931],[-83.1003,35.66046],[-83.09936,35.66104],[-83.09828,35.66235]]]}},{"type":"Feature","properties":{"kind":"minor-water","name":"Little Cataloochee Creek","ftype":460,"lengthKm":0.21,"hu8":"06010106","pid":"{40121B3D-2A0E-43C6-9AB1-84CDBD9B06A7}"},"geometry":{"type":"MultiLineString","coordinates":[[[-83.09529,35.66968],[-83.09298,35.66976]]]}},{"type":"Feature","properties":{"kind":"minor-water","name":"Little Cataloochee Creek","ftype":460,"lengthKm":0.06,"hu8":"06010106","pid":"{34AFF72F-AF07-4D5D-8B65-D4D1AC585A3E}"},"geometry":{"type":"MultiLineString","coordinates":[[[-83.09588,35.66987],[-83.09529,35.66968]]]}},{"type":"Feature","properties":{"kind":"minor-water","name":"Correll Branch","ftype":460,"lengthKm":0.35,"hu8":"06010106","pid":"{94A8924C-778D-46E9-87DA-958AB710EE15}"},"geometry":{"type":"MultiLineString","coordinates":[[[-83.0885,35.67618],[-83.08681,35.67331]]]}},{"type":"Feature","properties":{"kind":"minor-water","name":"Correll Branch","ftype":460,"lengthKm":0.08,"hu8":"06010106","pid":"{E68B61C7-93C7-4A2C-9675-3C79810C413A}"},"geometry":{"type":"MultiLineString","coordinates":[[[-83.08875,35.6769],[-83.0885,35.67618]]]}},{"type":"Feature","properties":{"kind":"minor-water","name":"Bennett Branch","ftype":558,"lengthKm":0,"hu8":"06010106","pid":"{E2DF7D32-5426-4E1B-B58A-583FB81966C0}"},"geometry":{"type":"MultiLineString","coordinates":[[[-83.07432,35.65565],[-83.07435,35.65568]]]}},{"type":"Feature","properties":{"kind":"minor-water","name":"Palmer Creek","ftype":558,"lengthKm":0.22,"hu8":"06010106","pid":"{F76ACB69-7944-42E3-848C-1275FE5F3F83}"},"geometry":{"type":"MultiLineString","coordinates":[[[-83.11083,35.62591],[-83.1085,35.62639]]]}},{"type":"Feature","properties":{"kind":"minor-water","name":"Early Creek","ftype":460,"lengthKm":0.13,"hu8":"06010106","pid":"{3B74AAC0-9616-463B-BAC2-42FCF9675ED3}"},"geometry":{"type":"MultiLineString","coordinates":[[[-83.06355,35.6902],[-83.06251,35.68943]]]}},{"type":"Feature","properties":{"kind":"minor-water","name":"Early Creek","ftype":460,"lengthKm":0.05,"hu8":"06010106","pid":"{533C3976-41B4-40E6-BB65-02F6E915BF69}"},"geometry":{"type":"MultiLineString","coordinates":[[[-83.0638,35.69061],[-83.06355,35.6902]]]}},{"type":"Feature","properties":{"kind":"minor-water","name":"Early Creek","ftype":460,"lengthKm":0.05,"hu8":"06010106","pid":"{B9C2767E-EF45-4717-A4FA-8704F88F5A7C}"},"geometry":{"type":"MultiLineString","coordinates":[[[-83.06251,35.68943],[-83.06206,35.68911]]]}},{"type":"Feature","properties":{"kind":"minor-water","name":"Early Creek","ftype":460,"lengthKm":0.22,"hu8":"06010106","pid":"{0A4CF952-0227-4995-B1D8-8A3944457A40}"},"geometry":{"type":"MultiLineString","coordinates":[[[-83.0688,35.6932],[-83.06635,35.69341]]]}},{"type":"Feature","properties":{"kind":"minor-water","name":"Early Creek","ftype":460,"lengthKm":0.27,"hu8":"06010106","pid":"{C8822C44-4916-4751-822A-EE27E4E2F82E}"},"geometry":{"type":"MultiLineString","coordinates":[[[-83.07179,35.69342],[-83.07017,35.69295],[-83.06889,35.69319]]]}},{"type":"Feature","properties":{"kind":"minor-water","name":"Early Creek","ftype":460,"lengthKm":0.11,"hu8":"06010106","pid":"{A9E1F106-865C-464F-902E-A115C14B9BF1}"},"geometry":{"type":"MultiLineString","coordinates":[[[-83.06635,35.69341],[-83.06539,35.69282]]]}},{"type":"Feature","properties":{"kind":"minor-water","name":"Early Creek","ftype":460,"lengthKm":0.01,"hu8":"06010106","pid":"{E2A0D5C0-5482-41A6-B0CF-0BA82F4FA9DC}"},"geometry":{"type":"MultiLineString","coordinates":[[[-83.06889,35.69319],[-83.0688,35.6932]]]}},{"type":"Feature","properties":{"kind":"minor-water","name":"Early Creek","ftype":460,"lengthKm":0.13,"hu8":"06010106","pid":"{DC340615-93A7-44E3-90D7-BB086A320FD5}"},"geometry":{"type":"MultiLineString","coordinates":[[[-83.07391,35.69368],[-83.07248,35.69343]]]}},{"type":"Feature","properties":{"kind":"minor-water","name":"Early Creek","ftype":460,"lengthKm":0.06,"hu8":"06010106","pid":"{7FFFA6B9-B1B6-4BDA-858D-0D3D2DB4C4D6}"},"geometry":{"type":"MultiLineString","coordinates":[[[-83.07248,35.69343],[-83.07179,35.69342]]]}},{"type":"Feature","properties":{"kind":"minor-water","name":"Early Creek","ftype":460,"lengthKm":0.11,"hu8":"06010106","pid":"{DE7498DD-3187-4639-99AD-D08DF6763334}"},"geometry":{"type":"MultiLineString","coordinates":[[[-83.07505,35.69348],[-83.07391,35.69368]]]}},{"type":"Feature","properties":{"kind":"minor-water","name":"Cataloochee Creek","ftype":558,"lengthKm":0.41,"hu8":"06010106","pid":"{5F485A72-AEC8-4A49-A1AB-FA6D2715A405}"},"geometry":{"type":"MultiLineString","coordinates":[[[-83.05824,35.68454],[-83.05839,35.68544],[-83.05781,35.68624],[-83.05787,35.68674],[-83.05956,35.68688]]]}},{"type":"Feature","properties":{"kind":"minor-water","name":"Cataloochee Creek","ftype":558,"lengthKm":0.21,"hu8":"06010106","pid":"{4F459B80-65FB-4D42-9FFB-C43B225A9F12}"},"geometry":{"type":"MultiLineString","coordinates":[[[-83.05659,35.68328],[-83.05764,35.68383],[-83.05824,35.68454]]]}},{"type":"Feature","properties":{"kind":"minor-water","name":"Cataloochee Creek","ftype":558,"lengthKm":0.14,"hu8":"06010106","pid":"{BD66477C-997F-4D5B-BA4C-EA7739E404EC}"},"geometry":{"type":"MultiLineString","coordinates":[[[-83.0561,35.68209],[-83.05659,35.68328]]]}},{"type":"Feature","properties":{"kind":"minor-water","name":"Cataloochee Creek","ftype":558,"lengthKm":0.11,"hu8":"06010106","pid":"{0A37822B-FD35-4484-A1A4-8E419638C949}"},"geometry":{"type":"MultiLineString","coordinates":[[[-83.05957,35.687],[-83.05915,35.68791]]]}},{"type":"Feature","properties":{"kind":"minor-water","name":"Cataloochee Creek","ftype":558,"lengthKm":0.01,"hu8":"06010106","pid":"{7A44ED2C-4F87-4E18-864D-8AB0ABD0F43B}"},"geometry":{"type":"MultiLineString","coordinates":[[[-83.05956,35.68688],[-83.05957,35.687]]]}},{"type":"Feature","properties":{"kind":"minor-water","name":"Cataloochee Creek","ftype":558,"lengthKm":0.26,"hu8":"06010106","pid":"{D2BA1BA6-A061-4A0C-9450-63BFB00CBB22}"},"geometry":{"type":"MultiLineString","coordinates":[[[-83.05731,35.6884],[-83.05577,35.68852],[-83.0553,35.68949]]]}},{"type":"Feature","properties":{"kind":"minor-water","name":"Cataloochee Creek","ftype":558,"lengthKm":0.12,"hu8":"06010106","pid":"{EC7E9740-A056-4BB5-979B-770D78B2F187}"},"geometry":{"type":"MultiLineString","coordinates":[[[-83.05859,35.6882],[-83.05731,35.6884]]]}},{"type":"Feature","properties":{"kind":"minor-water","name":"Cataloochee Creek","ftype":558,"lengthKm":0.09,"hu8":"06010106","pid":"{56CDC912-E4FA-4945-A158-CFBCC2A5D2FF}"},"geometry":{"type":"MultiLineString","coordinates":[[[-83.05546,35.69314],[-83.05465,35.69365]]]}},{"type":"Feature","properties":{"kind":"minor-water","name":"Cataloochee Creek","ftype":558,"lengthKm":0.03,"hu8":"06010106","pid":"{52558FA7-E914-494D-BA4A-2D57EB294A30}"},"geometry":{"type":"MultiLineString","coordinates":[[[-83.0556,35.69294],[-83.05546,35.69314]]]}},{"type":"Feature","properties":{"kind":"minor-water","name":"Little Bald Branch","ftype":460,"lengthKm":0.01,"hu8":"06010106","pid":"{16B07AEF-9564-491B-B746-B26E17094B11}"},"geometry":{"type":"MultiLineString","coordinates":[[[-83.12621,35.57211],[-83.12614,35.57216]]]}},{"type":"Feature","properties":{"kind":"minor-water","name":"Little Bald Branch","ftype":460,"lengthKm":0.07,"hu8":"06010106","pid":"{EC648ABB-B8D4-4B97-A3D7-F0948988B846}"},"geometry":{"type":"MultiLineString","coordinates":[[[-83.12664,35.57155],[-83.12621,35.57211]]]}},{"type":"Feature","properties":{"kind":"minor-water","name":"McFalls Branch","ftype":460,"lengthKm":0.27,"hu8":"06010106","pid":"{CB4C6F35-2F7F-4D2A-A869-0EFF744E34EF}"},"geometry":{"type":"MultiLineString","coordinates":[[[-83.17467,35.79211],[-83.17478,35.79262],[-83.17372,35.79327],[-83.17356,35.79407]]]}},{"type":"Feature","properties":{"kind":"minor-water","name":"McFalls Branch","ftype":558,"lengthKm":0.01,"hu8":"06010106","pid":"{70BDA13A-F35B-4DE2-90AC-AAE554135BB8}"},"geometry":{"type":"MultiLineString","coordinates":[[[-83.17454,35.79206],[-83.17467,35.79211]]]}},{"type":"Feature","properties":{"kind":"minor-water","name":"Tinker Branch","ftype":558,"lengthKm":0.02,"hu8":"06010106","pid":"{ACA0F5AC-6F36-4D56-9199-05823826E300}"},"geometry":{"type":"MultiLineString","coordinates":[[[-83.12824,35.79518],[-83.1283,35.79533]]]}},{"type":"Feature","properties":{"kind":"minor-water","name":"Pigeonroost Branch","ftype":558,"lengthKm":0.02,"hu8":"06010106","pid":"{D8E7D05A-B9FB-42FD-8F46-28A26D64C42A}"},"geometry":{"type":"MultiLineString","coordinates":[[[-83.17916,35.84185],[-83.17924,35.84171]]]}},{"type":"Feature","properties":{"kind":"minor-water","name":"Turnalay Creek","ftype":460,"lengthKm":0.39,"hu8":"06010106","pid":"{9FE5B6C1-30C1-4328-9F40-BAE10D487057}"},"geometry":{"type":"MultiLineString","coordinates":[[[-83.10821,35.82314],[-83.11102,35.82197],[-83.11186,35.82134]]]}},{"type":"Feature","properties":{"kind":"minor-water","name":"Turnalay Creek","ftype":558,"lengthKm":0.01,"hu8":"06010106","pid":"{958F64B8-1676-4713-B67C-2CF009DD1874}"},"geometry":{"type":"MultiLineString","coordinates":[[[-83.10809,35.82308],[-83.10821,35.82314]]]}},{"type":"Feature","properties":{"kind":"minor-water","name":"Watertank Branch","ftype":558,"lengthKm":0.06,"hu8":"06010106","pid":"{90FEFD84-5928-4EE5-81C3-9F97F4D7B7C8}"},"geometry":{"type":"MultiLineString","coordinates":[[[-83.12604,35.81108],[-83.12617,35.81059]]]}},{"type":"Feature","properties":{"kind":"minor-water","name":"James Branch","ftype":460,"lengthKm":0.05,"hu8":"06010106","pid":"{C7516224-833E-41A7-A5A7-7BF632406581}"},"geometry":{"type":"MultiLineString","coordinates":[[[-82.93918,35.66412],[-82.93906,35.66455]]]}},{"type":"Feature","properties":{"kind":"minor-water","name":"Groundhog Creek","ftype":460,"lengthKm":0.01,"hu8":"06010106","pid":"{D778D02B-2FA1-4A1A-9CB9-025F5BA1A120}"},"geometry":{"type":"MultiLineString","coordinates":[[[-83.02684,35.77696],[-83.02681,35.77689]]]}},{"type":"Feature","properties":{"kind":"minor-water","name":"Turkey Creek","ftype":460,"lengthKm":0.03,"hu8":"06010106","pid":"{A3919859-6CD5-4170-B15D-88B8B33ECCF5}"},"geometry":{"type":"MultiLineString","coordinates":[[[-82.91896,35.68828],[-82.91923,35.68821]]]}},{"type":"Feature","properties":{"kind":"minor-water","name":"Morgan Creek","ftype":460,"lengthKm":0.04,"hu8":"06010106","pid":"{84379BC1-7306-4980-A00D-FAC31CC3AC97}"},"geometry":{"type":"MultiLineString","coordinates":[[[-82.95441,35.68828],[-82.95425,35.68794]]]}},{"type":"Feature","properties":{"kind":"minor-water","name":"Mount Sterling Creek","ftype":460,"lengthKm":0.02,"hu8":"06010106","pid":"{43014997-381E-4B5A-B7D5-B1A5E6513075}"},"geometry":{"type":"MultiLineString","coordinates":[[[-83.07922,35.72421],[-83.0791,35.72437]]]}},{"type":"Feature","properties":{"kind":"minor-water","name":"Dogwood Flats Creek","ftype":460,"lengthKm":0.08,"hu8":"06010106","pid":"{C0712D3D-94D2-4400-ABE0-78C855BED36E}"},"geometry":{"type":"MultiLineString","coordinates":[[[-83.07952,35.70478],[-83.07878,35.70517]]]}},{"type":"Feature","properties":{"kind":"minor-water","name":"Arrington Branch","ftype":460,"lengthKm":0.06,"hu8":"06010106","pid":"{210F6014-CADB-402E-874B-6EF1B2938DBE}"},"geometry":{"type":"MultiLineString","coordinates":[[[-82.97786,35.65486],[-82.97814,35.65531]]]}},{"type":"Feature","properties":{"kind":"minor-water","name":"Garrett Creek","ftype":460,"lengthKm":0.08,"hu8":"06010106","pid":"{20F61027-F709-46AC-88ED-27305C77B247}"},"geometry":{"type":"MultiLineString","coordinates":[[[-83.02262,35.56555],[-83.02268,35.56627]]]}},{"type":"Feature","properties":{"kind":"minor-water","name":"Snowbird Creek","ftype":460,"lengthKm":0.14,"hu8":"06010106","pid":"{E1BD1A51-EAAC-4665-A907-18E0F4532837}"},"geometry":{"type":"MultiLineString","coordinates":[[[-83.07855,35.77538],[-83.0801,35.77539]]]}},{"type":"Feature","properties":{"kind":"minor-water","name":"Hemphill Creek","ftype":460,"lengthKm":0.12,"hu8":"06010106","pid":"{50D0FE33-F4A1-4640-B60E-FD38F7B7844F}"},"geometry":{"type":"MultiLineString","coordinates":[[[-83.04798,35.56486],[-83.04671,35.56469]]]}},{"type":"Feature","properties":{"kind":"minor-water","name":"Dogwood Flats Creek","ftype":460,"lengthKm":0.07,"hu8":"06010106","pid":"{55AB2FEE-ADE7-48BC-9A67-A7671DC91A34}"},"geometry":{"type":"MultiLineString","coordinates":[[[-83.07365,35.72551],[-83.07392,35.72612]]]}},{"type":"Feature","properties":{"kind":"minor-water","name":"Counterfeit Branch","ftype":460,"lengthKm":0.07,"hu8":"06010106","pid":"{01B0A136-91F0-4D85-ACE2-A631A06D2127}"},"geometry":{"type":"MultiLineString","coordinates":[[[-83.06557,35.75146],[-83.06618,35.7511]]]}},{"type":"Feature","properties":{"kind":"minor-water","name":"Toms Branch","ftype":460,"lengthKm":0.03,"hu8":"06010106","pid":"{F796CB24-956F-410A-AED0-2C649912C509}"},"geometry":{"type":"MultiLineString","coordinates":[[[-82.99976,35.71713],[-82.99986,35.71735]]]}},{"type":"Feature","properties":{"kind":"minor-water","name":"Flat Branch","ftype":460,"lengthKm":0.02,"hu8":"06010106","pid":"{F15090FC-BF4A-4F27-8696-EC3E7B0CEC15}"},"geometry":{"type":"MultiLineString","coordinates":[[[-83.08257,35.74808],[-83.08256,35.74824]]]}},{"type":"Feature","properties":{"kind":"minor-water","name":"Stinking Camp Branch","ftype":460,"lengthKm":0.1,"hu8":"06010106","pid":"{DBA4359F-E935-4FE0-AEA4-2E10DD2C864A}"},"geometry":{"type":"MultiLineString","coordinates":[[[-83.05823,35.72848],[-83.05806,35.72934]]]}},{"type":"Feature","properties":{"kind":"minor-water","name":"Cold Springs Creek","ftype":460,"lengthKm":0.15,"hu8":"06010106","pid":"{AB92F5D8-DB23-497A-ADA9-79335D926F32}"},"geometry":{"type":"MultiLineString","coordinates":[[[-83.02236,35.73815],[-83.02388,35.73752]]]}},{"type":"Feature","properties":{"kind":"minor-water","name":"Pigeon River","ftype":558,"lengthKm":0.08,"hu8":"06010106","pid":"{51EED38E-8628-4F5D-880E-28E8551357CA}"},"geometry":{"type":"MultiLineString","coordinates":[[[-83.00932,35.66971],[-83.0102,35.66995]]]}},{"type":"Feature","properties":{"kind":"minor-water","name":"Pigeon River","ftype":558,"lengthKm":0.08,"hu8":"06010106","pid":"{610251E7-060F-44CA-BFDD-05DA71819B24}"},"geometry":{"type":"MultiLineString","coordinates":[[[-83.03606,35.67883],[-83.03625,35.67951]]]}},{"type":"Feature","properties":{"kind":"minor-water","name":"Skiffley Creek","ftype":460,"lengthKm":0.01,"hu8":"06010106","pid":"{B2C643FD-56D2-4723-AB7D-73BB1E344FEF}"},"geometry":{"type":"MultiLineString","coordinates":[[[-83.04789,35.77414],[-83.04789,35.77407]]]}},{"type":"Feature","properties":{"kind":"minor-water","name":"Pigeon River","ftype":558,"lengthKm":0.07,"hu8":"06010106","pid":"{0C328D7E-F87D-43E9-9726-1E30F6D6C928}"},"geometry":{"type":"MultiLineString","coordinates":[[[-83.03712,35.68169],[-83.03743,35.6823]]]}},{"type":"Feature","properties":{"kind":"minor-water","name":"Runyon Creek","ftype":460,"lengthKm":0.05,"hu8":"06010106","pid":"{EAB6EAD3-BA94-483E-AD5F-D309A27974A7}"},"geometry":{"type":"MultiLineString","coordinates":[[[-83.0615,35.77261],[-83.06158,35.77216]]]}},{"type":"Feature","properties":{"kind":"minor-water","name":"Runyon Creek","ftype":460,"lengthKm":0.03,"hu8":"06010106","pid":"{C631DB5A-047B-4524-8889-97420BA3244D}"},"geometry":{"type":"MultiLineString","coordinates":[[[-83.06158,35.77216],[-83.06166,35.77193]]]}},{"type":"Feature","properties":{"kind":"minor-water","name":"Chestnut Orchard Branch","ftype":460,"lengthKm":0.37,"hu8":"06010106","pid":"{529DF718-5542-44A7-AD2C-CDB18F477A9E}"},"geometry":{"type":"MultiLineString","coordinates":[[[-83.01245,35.77492],[-83.01345,35.77339],[-83.01503,35.77243]]]}},{"type":"Feature","properties":{"kind":"minor-water","name":"Chestnut Orchard Branch","ftype":460,"lengthKm":0.07,"hu8":"06010106","pid":"{68AF619A-903E-4C83-B234-4E2F42A9F15E}"},"geometry":{"type":"MultiLineString","coordinates":[[[-83.01194,35.77536],[-83.01245,35.77492]]]}},{"type":"Feature","properties":{"kind":"minor-water","name":"Runyon Creek","ftype":460,"lengthKm":0.11,"hu8":"06010106","pid":"{08A44E3A-9B3E-4457-B541-68AC36D82AD5}"},"geometry":{"type":"MultiLineString","coordinates":[[[-83.06133,35.77355],[-83.0615,35.77261]]]}},{"type":"Feature","properties":{"kind":"minor-water","name":"Cold Springs Creek","ftype":460,"lengthKm":0.18,"hu8":"06010106","pid":"{207625E7-9E4C-423A-9AE1-356D36C7C116}"},"geometry":{"type":"MultiLineString","coordinates":[[[-82.95722,35.77703],[-82.95858,35.7758]]]}},{"type":"Feature","properties":{"kind":"minor-water","name":"Chestnut Orchard Branch","ftype":460,"lengthKm":0.26,"hu8":"06010106","pid":"{2D12172F-7803-44AA-8E80-F7B8B0D67318}"},"geometry":{"type":"MultiLineString","coordinates":[[[-83.00864,35.77717],[-83.00967,35.77701],[-83.01125,35.77624]]]}},{"type":"Feature","properties":{"kind":"minor-water","name":"Hemphill Creek","ftype":460,"lengthKm":0.13,"hu8":"06010106","pid":"{A37ECC15-D963-4493-BB07-2FE6920187B6}"},"geometry":{"type":"MultiLineString","coordinates":[[[-83.05234,35.56491],[-83.05091,35.56477]]]}},{"type":"Feature","properties":{"kind":"minor-water","name":"Hemphill Creek","ftype":460,"lengthKm":0.04,"hu8":"06010106","pid":"{653CC379-5D9C-4C82-BB1A-AA8CE7B82BF6}"},"geometry":{"type":"MultiLineString","coordinates":[[[-83.0529,35.56507],[-83.05245,35.56494]]]}},{"type":"Feature","properties":{"kind":"minor-water","name":"Fines Creek","ftype":460,"lengthKm":0.07,"hu8":"06010106","pid":"{B92BAB79-0018-4983-89AB-A3AB2441E417}"},"geometry":{"type":"MultiLineString","coordinates":[[[-82.93052,35.6935],[-82.9308,35.69292]]]}},{"type":"Feature","properties":{"kind":"minor-water","name":"Camp Branch","ftype":460,"lengthKm":0.2,"hu8":"06010106","pid":"{AD1327F2-DA21-4B71-A12E-0818FF0DA45B}"},"geometry":{"type":"MultiLineString","coordinates":[[[-83.00346,35.69237],[-83.00327,35.69058]]]}},{"type":"Feature","properties":{"kind":"minor-water","name":"Turkey Creek","ftype":460,"lengthKm":0.16,"hu8":"06010106","pid":"{E2FA5B04-B46E-4C6A-B6EF-82689004EC9E}"},"geometry":{"type":"MultiLineString","coordinates":[[[-82.90953,35.69554],[-82.90989,35.69494],[-82.91072,35.69461]]]}},{"type":"Feature","properties":{"kind":"minor-water","name":"Turkey Creek","ftype":460,"lengthKm":0.36,"hu8":"06010106","pid":"{59320A71-873D-4749-BE17-756D371AD0EA}"},"geometry":{"type":"MultiLineString","coordinates":[[[-82.90648,35.69735],[-82.90744,35.69646],[-82.90789,35.69651],[-82.90953,35.69554]]]}},{"type":"Feature","properties":{"kind":"minor-water","name":"Turkey Creek","ftype":460,"lengthKm":0.23,"hu8":"06010106","pid":"{EB7B9BC9-F1BF-4E6D-BA8A-7609B80985CA}"},"geometry":{"type":"MultiLineString","coordinates":[[[-82.90414,35.69793],[-82.90587,35.69769],[-82.90648,35.69735]]]}},{"type":"Feature","properties":{"kind":"minor-water","name":"Wilkins Creek","ftype":460,"lengthKm":0.19,"hu8":"06010106","pid":"{18FC4A40-BC21-4B0A-8C47-E14110648AD6}"},"geometry":{"type":"MultiLineString","coordinates":[[[-83.02436,35.69406],[-83.02508,35.69245]]]}},{"type":"Feature","properties":{"kind":"minor-water","name":"Martin Creek","ftype":460,"lengthKm":0.12,"hu8":"06010106","pid":"{E69DF557-AFBC-45C5-9899-D0C8234FFD27}"},"geometry":{"type":"MultiLineString","coordinates":[[[-82.97433,35.69569],[-82.97526,35.69488]]]}},{"type":"Feature","properties":{"kind":"minor-water","name":"Laurel Branch","ftype":460,"lengthKm":0.09,"hu8":"06010106","pid":"{E577787B-3C9B-42D1-B192-830CD7B3B4B6}"},"geometry":{"type":"MultiLineString","coordinates":[[[-83.00653,35.69226],[-83.00661,35.69144]]]}},{"type":"Feature","properties":{"kind":"minor-water","name":"Dogwood Flats Creek","ftype":460,"lengthKm":0.21,"hu8":"06010106","pid":"{1361395C-0396-4CD0-83F9-217DA7D6978A}"},"geometry":{"type":"MultiLineString","coordinates":[[[-83.0787,35.70533],[-83.07873,35.70572],[-83.07736,35.70668]]]}},{"type":"Feature","properties":{"kind":"minor-water","name":"Toms Branch","ftype":460,"lengthKm":0.22,"hu8":"06010106","pid":"{5FEA340C-F9D3-4315-ABD4-3A49BEC8C2A4}"},"geometry":{"type":"MultiLineString","coordinates":[[[-82.99214,35.70345],[-82.99172,35.70477],[-82.99191,35.70536]]]}},{"type":"Feature","properties":{"kind":"minor-water","name":"Dogwood Flats Creek","ftype":460,"lengthKm":0.11,"hu8":"06010106","pid":"{9C07E6DE-2934-42E3-8244-C9F5CD35B4E0}"},"geometry":{"type":"MultiLineString","coordinates":[[[-83.08067,35.70406],[-83.0798,35.70473]]]}},{"type":"Feature","properties":{"kind":"minor-water","name":"Toms Branch","ftype":460,"lengthKm":0.22,"hu8":"06010106","pid":"{D8E47C54-EBEB-474F-9F00-249AEA9E0CE0}"},"geometry":{"type":"MultiLineString","coordinates":[[[-82.99191,35.70536],[-82.99344,35.70693]]]}},{"type":"Feature","properties":{"kind":"minor-water","name":"Toms Branch","ftype":460,"lengthKm":0.22,"hu8":"06010106","pid":"{80E939D9-A70F-43C6-8142-1A412688A213}"},"geometry":{"type":"MultiLineString","coordinates":[[[-82.99344,35.70693],[-82.99319,35.70887]]]}},{"type":"Feature","properties":{"kind":"minor-water","name":"Toms Branch","ftype":460,"lengthKm":0.18,"hu8":"06010106","pid":"{181F9634-098E-4489-B54A-9A654C568D52}"},"geometry":{"type":"MultiLineString","coordinates":[[[-82.99319,35.70887],[-82.99409,35.71033]]]}},{"type":"Feature","properties":{"kind":"minor-water","name":"Dogwood Flats Creek","ftype":460,"lengthKm":0,"hu8":"06010106","pid":"{58678075-DE37-4549-94EB-5DB0D7AEFC25}"},"geometry":{"type":"MultiLineString","coordinates":[[[-83.08345,35.70242],[-83.08342,35.70243]]]}},{"type":"Feature","properties":{"kind":"minor-water","name":"Pigeon River","ftype":558,"lengthKm":0.12,"hu8":"06010106","pid":"{B4488EA1-6B5F-4E11-96FC-C9138899035B}"},"geometry":{"type":"MultiLineString","coordinates":[[[-83.03814,35.68405],[-83.03812,35.68515]]]}},{"type":"Feature","properties":{"kind":"minor-water","name":"Hemphill Creek","ftype":460,"lengthKm":0.4,"hu8":"06010106","pid":"{61BA41C5-DB0F-401A-B1E7-1312B1C46594}"},"geometry":{"type":"MultiLineString","coordinates":[[[-83.0413,35.56281],[-83.0381,35.56226],[-83.03692,35.56237]]]}},{"type":"Feature","properties":{"kind":"minor-water","name":"Hemphill Creek","ftype":460,"lengthKm":0.01,"hu8":"06010106","pid":"{14B76DC0-B120-4738-8709-CC731576CEBA}"},"geometry":{"type":"MultiLineString","coordinates":[[[-83.03692,35.56237],[-83.03677,35.56237]]]}},{"type":"Feature","properties":{"kind":"minor-water","name":"Parks Branch","ftype":460,"lengthKm":0.46,"hu8":"06010106","pid":"{91C2B78D-0030-4C0B-AC23-8F10EE9CF297}"},"geometry":{"type":"MultiLineString","coordinates":[[[-83.00587,35.56589],[-83.00662,35.56892],[-83.00651,35.56995]]]}},{"type":"Feature","properties":{"kind":"minor-water","name":"Hemphill Creek","ftype":460,"lengthKm":0.17,"hu8":"06010106","pid":"{4562647B-0680-40A7-B229-C2F66C45A731}"},"geometry":{"type":"MultiLineString","coordinates":[[[-83.0464,35.56466],[-83.04569,35.56503],[-83.04467,35.56489]]]}},{"type":"Feature","properties":{"kind":"minor-water","name":"Hemphill Creek","ftype":460,"lengthKm":0.01,"hu8":"06010106","pid":"{7619A62F-50AD-4B1D-A1D5-C3288E63E2F7}"},"geometry":{"type":"MultiLineString","coordinates":[[[-83.05245,35.56494],[-83.05234,35.56491]]]}},{"type":"Feature","properties":{"kind":"minor-water","name":"Hemphill Creek","ftype":460,"lengthKm":0.03,"hu8":"06010106","pid":"{60C24B13-BB7D-4E13-AB2A-0FD93BBEFE50}"},"geometry":{"type":"MultiLineString","coordinates":[[[-83.04671,35.56469],[-83.0464,35.56466]]]}},{"type":"Feature","properties":{"kind":"minor-water","name":"Hemphill Creek","ftype":460,"lengthKm":0.18,"hu8":"06010106","pid":"{424E93DC-B0B5-4B72-B5C8-7C8B4CA76113}"},"geometry":{"type":"MultiLineString","coordinates":[[[-83.06643,35.56592],[-83.06531,35.56591],[-83.06456,35.56624]]]}},{"type":"Feature","properties":{"kind":"minor-water","name":"Parks Branch","ftype":460,"lengthKm":0.53,"hu8":"06010106","pid":"{6FDA7DA2-A47E-4437-978D-B953DCFEB92D}"},"geometry":{"type":"MultiLineString","coordinates":[[[-83.0081,35.58147],[-83.00685,35.58286],[-83.00678,35.5835],[-83.00788,35.58575]]]}},{"type":"Feature","properties":{"kind":"minor-water","name":"Dogwood Flats Creek","ftype":460,"lengthKm":0.03,"hu8":"06010106","pid":"{A00A053B-9AD9-4937-9CF7-BD64117B04F1}"},"geometry":{"type":"MultiLineString","coordinates":[[[-83.0798,35.70473],[-83.07952,35.70478]]]}},{"type":"Feature","properties":{"kind":"minor-water","name":"Dogwood Flats Creek","ftype":460,"lengthKm":0.03,"hu8":"06010106","pid":"{351EE465-A42B-4CF9-8569-486431F8F760}"},"geometry":{"type":"MultiLineString","coordinates":[[[-83.08088,35.70386],[-83.08067,35.70406]]]}},{"type":"Feature","properties":{"kind":"minor-water","name":"Dogwood Flats Creek","ftype":460,"lengthKm":0.08,"hu8":"06010106","pid":"{E8C014F5-2298-45CE-B2E1-C41A8E09AB35}"},"geometry":{"type":"MultiLineString","coordinates":[[[-83.07721,35.70673],[-83.0766,35.70721]]]}},{"type":"Feature","properties":{"kind":"minor-water","name":"Toms Branch","ftype":460,"lengthKm":0.02,"hu8":"06010106","pid":"{4845B287-A78C-4ADF-BB8D-A166AF4A153A}"},"geometry":{"type":"MultiLineString","coordinates":[[[-82.99409,35.71033],[-82.99411,35.71055]]]}},{"type":"Feature","properties":{"kind":"minor-water","name":"Dogwood Flats Creek","ftype":460,"lengthKm":0.02,"hu8":"06010106","pid":"{62B1F1FF-E181-4586-A323-3B84CF90F47D}"},"geometry":{"type":"MultiLineString","coordinates":[[[-83.07878,35.70517],[-83.0787,35.70533]]]}},{"type":"Feature","properties":{"kind":"minor-water","name":"Dogwood Flats Creek","ftype":460,"lengthKm":0.2,"hu8":"06010106","pid":"{9155F906-F4E9-4629-BBED-3799D74584A5}"},"geometry":{"type":"MultiLineString","coordinates":[[[-83.07603,35.70735],[-83.07488,35.70886]]]}},{"type":"Feature","properties":{"kind":"minor-water","name":"Dogwood Flats Creek","ftype":460,"lengthKm":0.01,"hu8":"06010106","pid":"{7311BEFB-F011-4B92-AFAF-A40CE20F8FCD}"},"geometry":{"type":"MultiLineString","coordinates":[[[-83.07736,35.70668],[-83.07721,35.70673]]]}},{"type":"Feature","properties":{"kind":"minor-water","name":"Gilliland Creek","ftype":460,"lengthKm":1.75,"hu8":"06010106","pid":"{89EEC1AE-38EF-468F-AEB5-0F9EAF1FB827}"},"geometry":{"type":"MultiLineString","coordinates":[[[-83.10848,35.70223],[-83.10523,35.7019],[-83.10366,35.7029],[-83.09817,35.70366],[-83.09339,35.70617],[-83.09182,35.70814]]]}},{"type":"Feature","properties":{"kind":"minor-water","name":"Gilliland Creek","ftype":460,"lengthKm":0.44,"hu8":"06010106","pid":"{70B077A2-2298-4D71-8D6C-D8790B0BAF9D}"},"geometry":{"type":"MultiLineString","coordinates":[[[-83.09182,35.70814],[-83.08979,35.71047],[-83.08855,35.71094]]]}},{"type":"Feature","properties":{"kind":"minor-water","name":"Dogwood Flats Creek","ftype":460,"lengthKm":0.05,"hu8":"06010106","pid":"{9DDC2BF4-0EBC-43F7-8FA5-BB7ED0117107}"},"geometry":{"type":"MultiLineString","coordinates":[[[-83.0766,35.70721],[-83.07603,35.70735]]]}},{"type":"Feature","properties":{"kind":"minor-water","name":"Dogwood Flats Creek","ftype":460,"lengthKm":0.15,"hu8":"06010106","pid":"{8C48AABF-C9AA-4BEA-9047-B68DF8C35270}"},"geometry":{"type":"MultiLineString","coordinates":[[[-83.07488,35.70886],[-83.0749,35.70964],[-83.07452,35.71013]]]}},{"type":"Feature","properties":{"kind":"minor-water","name":"Crawford Branch","ftype":460,"lengthKm":0.2,"hu8":"06010106","pid":"{EFCEF191-CDD2-41EB-A2B4-4FCD18DF1E14}"},"geometry":{"type":"MultiLineString","coordinates":[[[-82.96701,35.71489],[-82.96847,35.71491],[-82.96913,35.7146]]]}},{"type":"Feature","properties":{"kind":"minor-water","name":"Toms Branch","ftype":460,"lengthKm":0.22,"hu8":"06010106","pid":"{4D962131-5DF3-4B71-91AC-D506562379B0}"},"geometry":{"type":"MultiLineString","coordinates":[[[-82.99986,35.71735],[-83.00201,35.71834]]]}},{"type":"Feature","properties":{"kind":"minor-water","name":"Crawford Branch","ftype":460,"lengthKm":0.14,"hu8":"06010106","pid":"{310BA6CC-E1BF-4CAC-BF1A-F6B8C7CD7593}"},"geometry":{"type":"MultiLineString","coordinates":[[[-82.97112,35.71425],[-82.97267,35.71426]]]}},{"type":"Feature","properties":{"kind":"minor-water","name":"Dicks Branch","ftype":460,"lengthKm":0.18,"hu8":"06010106","pid":"{0C16059B-5204-4896-93F2-62B3B40E4320}"},"geometry":{"type":"MultiLineString","coordinates":[[[-83.05742,35.70944],[-83.05625,35.71076]]]}},{"type":"Feature","properties":{"kind":"minor-water","name":"Dicks Branch","ftype":460,"lengthKm":0.14,"hu8":"06010106","pid":"{170AE629-A3F4-4F8B-A03D-90F1E6B40805}"},"geometry":{"type":"MultiLineString","coordinates":[[[-83.05627,35.71108],[-83.05604,35.71152],[-83.05514,35.71175]]]}},{"type":"Feature","properties":{"kind":"minor-water","name":"Crawford Branch","ftype":460,"lengthKm":0.21,"hu8":"06010106","pid":"{47C5F18A-E038-4FF2-8F7C-FB4A3AC0D4DF}"},"geometry":{"type":"MultiLineString","coordinates":[[[-82.97267,35.71426],[-82.9734,35.71474],[-82.97483,35.71486]]]}},{"type":"Feature","properties":{"kind":"minor-water","name":"Dogwood Flats Creek","ftype":460,"lengthKm":0.09,"hu8":"06010106","pid":"{AB30AA75-3B9C-4A44-AE4C-6F3E3DC44A1D}"},"geometry":{"type":"MultiLineString","coordinates":[[[-83.07452,35.71013],[-83.07449,35.71092]]]}},{"type":"Feature","properties":{"kind":"minor-water","name":"Crawford Branch","ftype":460,"lengthKm":0.12,"hu8":"06010106","pid":"{57CCE0EB-5C81-4A0F-86B0-520E2CD28D2A}"},"geometry":{"type":"MultiLineString","coordinates":[[[-82.96913,35.7146],[-82.97043,35.71447]]]}},{"type":"Feature","properties":{"kind":"minor-water","name":"Dogwood Flats Creek","ftype":460,"lengthKm":0.04,"hu8":"06010106","pid":"{B6C9D165-FB6C-47EB-8596-03428BCB384E}"},"geometry":{"type":"MultiLineString","coordinates":[[[-83.07449,35.71092],[-83.07457,35.71123]]]}},{"type":"Feature","properties":{"kind":"minor-water","name":"Gilliland Creek","ftype":460,"lengthKm":0.05,"hu8":"06010106","pid":"{3AAF430F-ACDF-4B95-BBEA-C17DE5A9536B}"},"geometry":{"type":"MultiLineString","coordinates":[[[-83.08855,35.71094],[-83.08828,35.71131]]]}},{"type":"Feature","properties":{"kind":"minor-water","name":"Crawford Branch","ftype":460,"lengthKm":0.12,"hu8":"06010106","pid":"{A969969B-A7C1-4AA5-845C-4608F042B26F}"},"geometry":{"type":"MultiLineString","coordinates":[[[-82.9755,35.71505],[-82.97675,35.71553]]]}},{"type":"Feature","properties":{"kind":"minor-water","name":"Crawford Branch","ftype":460,"lengthKm":0.07,"hu8":"06010106","pid":"{3C1D2DB1-8527-41F5-9FD7-74BFB528F9D0}"},"geometry":{"type":"MultiLineString","coordinates":[[[-82.97043,35.71447],[-82.97112,35.71425]]]}},{"type":"Feature","properties":{"kind":"minor-water","name":"Crawford Branch","ftype":460,"lengthKm":0.12,"hu8":"06010106","pid":"{D2E81C90-8A49-424C-9CE5-C0279545DF56}"},"geometry":{"type":"MultiLineString","coordinates":[[[-82.97675,35.71553],[-82.97777,35.71616]]]}},{"type":"Feature","properties":{"kind":"minor-water","name":"Dogwood Flats Creek","ftype":460,"lengthKm":0.18,"hu8":"06010106","pid":"{B7E26464-5247-47BF-874D-7ED917A1911F}"},"geometry":{"type":"MultiLineString","coordinates":[[[-83.07457,35.71123],[-83.07485,35.71214],[-83.07455,35.71281]]]}},{"type":"Feature","properties":{"kind":"minor-water","name":"Dogwood Flats Creek","ftype":460,"lengthKm":0.16,"hu8":"06010106","pid":"{33E82994-0F5A-4C40-BD3E-212D356EE5FF}"},"geometry":{"type":"MultiLineString","coordinates":[[[-83.07455,35.71281],[-83.07376,35.71405]]]}},{"type":"Feature","properties":{"kind":"minor-water","name":"Gilliland Creek","ftype":460,"lengthKm":0.15,"hu8":"06010106","pid":"{29B34B13-B3F5-48D9-ABB9-1C761ACFE642}"},"geometry":{"type":"MultiLineString","coordinates":[[[-83.08828,35.71131],[-83.08757,35.71249]]]}},{"type":"Feature","properties":{"kind":"minor-water","name":"Crawford Branch","ftype":460,"lengthKm":0.05,"hu8":"06010106","pid":"{2A12ADF0-2A49-481A-BF3D-17A743DBB83A}"},"geometry":{"type":"MultiLineString","coordinates":[[[-82.97483,35.71486],[-82.97531,35.71499]]]}},{"type":"Feature","properties":{"kind":"minor-water","name":"Toms Branch","ftype":460,"lengthKm":0.04,"hu8":"06010106","pid":"{0AB9E28A-8A7C-4937-9202-ADFFCCD27847}"},"geometry":{"type":"MultiLineString","coordinates":[[[-82.99675,35.71495],[-82.99718,35.71508]]]}},{"type":"Feature","properties":{"kind":"minor-water","name":"Dicks Branch","ftype":460,"lengthKm":0.24,"hu8":"06010106","pid":"{5A63BF03-EE4F-485C-9E76-EAAC276928F2}"},"geometry":{"type":"MultiLineString","coordinates":[[[-83.03884,35.71448],[-83.03772,35.7164]]]}},{"type":"Feature","properties":{"kind":"minor-water","name":"Dogwood Flats Creek","ftype":460,"lengthKm":0.14,"hu8":"06010106","pid":"{7A6B19F2-3064-470E-8755-AE42F4B9A7E5}"},"geometry":{"type":"MultiLineString","coordinates":[[[-83.08389,35.69459],[-83.08489,35.69551]]]}},{"type":"Feature","properties":{"kind":"minor-water","name":"Dogwood Flats Creek","ftype":460,"lengthKm":0.32,"hu8":"06010106","pid":"{F6F59915-8888-44D5-95EE-FF310F110F37}"},"geometry":{"type":"MultiLineString","coordinates":[[[-83.08489,35.69551],[-83.08552,35.69677],[-83.08499,35.69822]]]}},{"type":"Feature","properties":{"kind":"minor-water","name":"Dogwood Flats Creek","ftype":460,"lengthKm":0.09,"hu8":"06010106","pid":"{D7E50395-6242-4B3F-A1F1-05BC70B3FB3E}"},"geometry":{"type":"MultiLineString","coordinates":[[[-83.08499,35.69822],[-83.08511,35.69898]]]}},{"type":"Feature","properties":{"kind":"minor-water","name":"Dogwood Flats Creek","ftype":460,"lengthKm":0.15,"hu8":"06010106","pid":"{D30F8B26-DC12-41DE-8092-452604BE4434}"},"geometry":{"type":"MultiLineString","coordinates":[[[-83.08358,35.70108],[-83.08345,35.70242]]]}},{"type":"Feature","properties":{"kind":"minor-water","name":"Toms Branch","ftype":460,"lengthKm":0.04,"hu8":"06010106","pid":"{0931D022-89AC-4D9B-AF18-C38A74BEEA09}"},"geometry":{"type":"MultiLineString","coordinates":[[[-83.00201,35.71834],[-83.00227,35.71863]]]}},{"type":"Feature","properties":{"kind":"minor-water","name":"Crawford Branch","ftype":460,"lengthKm":0.02,"hu8":"06010106","pid":"{DFB93832-4831-4811-80CE-64969F542CA2}"},"geometry":{"type":"MultiLineString","coordinates":[[[-82.97531,35.71499],[-82.9755,35.71505]]]}},{"type":"Feature","properties":{"kind":"minor-water","name":"Dogwood Flats Creek","ftype":460,"lengthKm":0.05,"hu8":"06010106","pid":"{28855016-480D-433A-8D4A-FA31D6D4071E}"},"geometry":{"type":"MultiLineString","coordinates":[[[-83.07376,35.71405],[-83.07344,35.71437]]]}},{"type":"Feature","properties":{"kind":"minor-water","name":"Dicks Branch","ftype":460,"lengthKm":0.05,"hu8":"06010106","pid":"{6FF45C89-6D01-40EA-A7E7-D36469DC100F}"},"geometry":{"type":"MultiLineString","coordinates":[[[-83.04875,35.71462],[-83.04836,35.71497]]]}},{"type":"Feature","properties":{"kind":"minor-water","name":"Dicks Branch","ftype":460,"lengthKm":0.09,"hu8":"06010106","pid":"{09C71C53-0F77-4577-BE24-E114CDB30DBA}"},"geometry":{"type":"MultiLineString","coordinates":[[[-83.04836,35.71497],[-83.04753,35.71534]]]}},{"type":"Feature","properties":{"kind":"minor-water","name":"Dicks Branch","ftype":460,"lengthKm":0.07,"hu8":"06010106","pid":"{46D344E3-8AD0-4CC6-A34D-07FDB069CB10}"},"geometry":{"type":"MultiLineString","coordinates":[[[-83.05045,35.71396],[-83.04968,35.71414]]]}},{"type":"Feature","properties":{"kind":"minor-water","name":"Crawford Branch","ftype":460,"lengthKm":0.19,"hu8":"06010106","pid":"{CA44C98C-D7CB-41A6-9CB4-463B0822FB82}"},"geometry":{"type":"MultiLineString","coordinates":[[[-82.97777,35.71616],[-82.97925,35.71737]]]}},{"type":"Feature","properties":{"kind":"minor-water","name":"Gilliland Creek","ftype":460,"lengthKm":0.47,"hu8":"06010106","pid":"{66A62FAB-2B46-4761-B83E-FBCEF233ED0D}"},"geometry":{"type":"MultiLineString","coordinates":[[[-83.08757,35.71249],[-83.08669,35.71398],[-83.08556,35.7147],[-83.08501,35.71604]]]}},{"type":"Feature","properties":{"kind":"minor-water","name":"Dogwood Flats Creek","ftype":460,"lengthKm":0.28,"hu8":"06010106","pid":"{3AD2964C-C009-4A16-8EBC-0DFE98383EAF}"},"geometry":{"type":"MultiLineString","coordinates":[[[-83.07344,35.71437],[-83.07322,35.716],[-83.07259,35.71674]]]}},{"type":"Feature","properties":{"kind":"minor-water","name":"Crawford Branch","ftype":460,"lengthKm":0.42,"hu8":"06010106","pid":"{690DF0DB-D3DF-43A2-A727-808BFEAB8320}"},"geometry":{"type":"MultiLineString","coordinates":[[[-82.97925,35.71737],[-82.98115,35.71882],[-82.98219,35.72028]]]}},{"type":"Feature","properties":{"kind":"minor-water","name":"Gilliland Creek","ftype":460,"lengthKm":0.11,"hu8":"06010106","pid":"{DDBDFD93-651B-4309-97E4-CB4F15AC720E}"},"geometry":{"type":"MultiLineString","coordinates":[[[-83.08501,35.71604],[-83.08488,35.71705]]]}},{"type":"Feature","properties":{"kind":"minor-water","name":"Gilliland Creek","ftype":460,"lengthKm":0.31,"hu8":"06010106","pid":"{A9CFA246-C1F7-4F8F-851F-F6DA9ABD55A4}"},"geometry":{"type":"MultiLineString","coordinates":[[[-83.08488,35.71705],[-83.08336,35.71826],[-83.08282,35.71925]]]}},{"type":"Feature","properties":{"kind":"minor-water","name":"Dogwood Flats Creek","ftype":460,"lengthKm":0.17,"hu8":"06010106","pid":"{62E9F2E3-D732-4DC2-B484-1ED8C4774BEC}"},"geometry":{"type":"MultiLineString","coordinates":[[[-83.07259,35.71674],[-83.07281,35.71826]]]}},{"type":"Feature","properties":{"kind":"minor-water","name":"Hurricane Creek","ftype":460,"lengthKm":0.05,"hu8":"06010106","pid":"{2A438D79-9D19-4A61-8CD0-CAF34ED26941}"},"geometry":{"type":"MultiLineString","coordinates":[[[-83.02261,35.71918],[-83.02304,35.71892]]]}},{"type":"Feature","properties":{"kind":"minor-water","name":"Hurricane Creek","ftype":460,"lengthKm":0.08,"hu8":"06010106","pid":"{D7217029-71A4-4A1B-8B98-19E1FDB4A8CD}"},"geometry":{"type":"MultiLineString","coordinates":[[[-83.00147,35.71898],[-83.00227,35.71863]]]}},{"type":"Feature","properties":{"kind":"minor-water","name":"Hurricane Creek","ftype":460,"lengthKm":0.1,"hu8":"06010106","pid":"{24E84822-1595-4444-843C-CECD5F80101E}"},"geometry":{"type":"MultiLineString","coordinates":[[[-83.00478,35.71939],[-83.00548,35.71872]]]}},{"type":"Feature","properties":{"kind":"minor-water","name":"Gilliland Creek","ftype":460,"lengthKm":0.05,"hu8":"06010106","pid":"{C8590D26-9A2B-424F-8D1C-B7E461313C4C}"},"geometry":{"type":"MultiLineString","coordinates":[[[-83.08282,35.71925],[-83.08246,35.71954]]]}},{"type":"Feature","properties":{"kind":"minor-water","name":"Puncheon Camp Branch","ftype":558,"lengthKm":0.01,"hu8":"06010106","pid":"{755A2AFE-AAF6-4574-AFD5-4E67412EBA0D}"},"geometry":{"type":"MultiLineString","coordinates":[[[-83.05457,35.75467],[-83.05462,35.75469]]]}},{"type":"Feature","properties":{"kind":"minor-water","name":"Crawford Branch","ftype":460,"lengthKm":0.22,"hu8":"06010106","pid":"{82961733-F26A-4FFC-83C6-F39BD3ECCD6B}"},"geometry":{"type":"MultiLineString","coordinates":[[[-82.98219,35.72028],[-82.98146,35.72213]]]}},{"type":"Feature","properties":{"kind":"minor-water","name":"Crawford Branch","ftype":460,"lengthKm":0.17,"hu8":"06010106","pid":"{BC550314-5BB3-4402-9823-DA5F143CC9D8}"},"geometry":{"type":"MultiLineString","coordinates":[[[-82.98161,35.72244],[-82.9821,35.72354],[-82.9819,35.72387]]]}},{"type":"Feature","properties":{"kind":"minor-water","name":"Crawford Branch","ftype":460,"lengthKm":0.04,"hu8":"06010106","pid":"{948C3B8D-C399-4044-8C63-07C88ABB272C}"},"geometry":{"type":"MultiLineString","coordinates":[[[-82.98146,35.72213],[-82.98161,35.72244]]]}},{"type":"Feature","properties":{"kind":"minor-water","name":"Gilliland Creek","ftype":460,"lengthKm":0.11,"hu8":"06010106","pid":"{212602AD-DDB3-427A-B95B-192E7D193ED6}"},"geometry":{"type":"MultiLineString","coordinates":[[[-83.08246,35.71954],[-83.08163,35.72032]]]}},{"type":"Feature","properties":{"kind":"minor-water","name":"Dogwood Flats Creek","ftype":460,"lengthKm":0.13,"hu8":"06010106","pid":"{F36ED4A2-BC33-4886-88F4-354522360CC4}"},"geometry":{"type":"MultiLineString","coordinates":[[[-83.07281,35.71826],[-83.07297,35.71946]]]}},{"type":"Feature","properties":{"kind":"minor-water","name":"Mount Sterling Creek","ftype":460,"lengthKm":0.11,"hu8":"06010106","pid":"{CD2275EB-83AE-400B-B264-1F9231C8C063}"},"geometry":{"type":"MultiLineString","coordinates":[[[-83.0799,35.72247],[-83.07984,35.72344]]]}},{"type":"Feature","properties":{"kind":"minor-water","name":"White Oak Creek","ftype":460,"lengthKm":0.07,"hu8":"06010106","pid":"{4D1615C7-BAC5-41AB-B8BA-262FA4A8042E}"},"geometry":{"type":"MultiLineString","coordinates":[[[-83.0504,35.65596],[-83.04968,35.65611]]]}},{"type":"Feature","properties":{"kind":"minor-water","name":"Hurricane Creek","ftype":460,"lengthKm":0.23,"hu8":"06010106","pid":"{904AF205-4120-4444-990B-2206F0481013}"},"geometry":{"type":"MultiLineString","coordinates":[[[-82.99304,35.72384],[-82.99423,35.72342],[-82.99478,35.72246]]]}},{"type":"Feature","properties":{"kind":"minor-water","name":"Crawford Branch","ftype":460,"lengthKm":0.01,"hu8":"06010106","pid":"{E5A5D8FF-6707-44DC-9BB4-D5CB1ED835B6}"},"geometry":{"type":"MultiLineString","coordinates":[[[-82.9819,35.72387],[-82.98189,35.72393]]]}},{"type":"Feature","properties":{"kind":"minor-water","name":"Crawford Branch","ftype":460,"lengthKm":0.13,"hu8":"06010106","pid":"{BD0365FF-5585-4EDE-80AA-A5326BB3C910}"},"geometry":{"type":"MultiLineString","coordinates":[[[-82.98189,35.72393],[-82.98196,35.72506]]]}},{"type":"Feature","properties":{"kind":"minor-water","name":"Wilkins Creek","ftype":558,"lengthKm":0.06,"hu8":"06010106","pid":"{7B6E8721-F162-4AAD-848B-57753360DC9B}"},"geometry":{"type":"MultiLineString","coordinates":[[[-83.03515,35.68719],[-83.0357,35.68742]]]}},{"type":"Feature","properties":{"kind":"minor-water","name":"Hurricane Creek","ftype":460,"lengthKm":0.12,"hu8":"06010106","pid":"{98302F0C-30BB-4825-BF77-7BC448D47A85}"},"geometry":{"type":"MultiLineString","coordinates":[[[-82.99478,35.72246],[-82.99604,35.72201]]]}},{"type":"Feature","properties":{"kind":"minor-water","name":"Hurricane Creek","ftype":460,"lengthKm":0.15,"hu8":"06010106","pid":"{5FD2774F-A4C8-4D97-83C3-FD9E56C621F0}"},"geometry":{"type":"MultiLineString","coordinates":[[[-83.02422,35.72042],[-83.02562,35.72106]]]}},{"type":"Feature","properties":{"kind":"minor-water","name":"Mount Sterling Creek","ftype":460,"lengthKm":0.1,"hu8":"06010106","pid":"{3E4B72CF-05C8-4343-9576-12BD389F0BEF}"},"geometry":{"type":"MultiLineString","coordinates":[[[-83.07984,35.72344],[-83.07922,35.72421]]]}},{"type":"Feature","properties":{"kind":"minor-water","name":"Crawford Branch","ftype":460,"lengthKm":0.17,"hu8":"06010106","pid":"{9B60F03E-4E64-46DC-8053-C573CF1E8933}"},"geometry":{"type":"MultiLineString","coordinates":[[[-82.98277,35.72712],[-82.98286,35.72865]]]}},{"type":"Feature","properties":{"kind":"minor-water","name":"Dogwood Flats Creek","ftype":460,"lengthKm":0.14,"hu8":"06010106","pid":"{CAFFAC34-B1C0-4274-928E-E02632E098E3}"},"geometry":{"type":"MultiLineString","coordinates":[[[-83.07288,35.72452],[-83.07341,35.72474],[-83.07365,35.72551]]]}},{"type":"Feature","properties":{"kind":"minor-water","name":"Dogwood Flats Creek","ftype":460,"lengthKm":0.04,"hu8":"06010106","pid":"{4CCE6D0D-FD98-4F92-B637-9B0CBED8B93F}"},"geometry":{"type":"MultiLineString","coordinates":[[[-83.0725,35.72386],[-83.07261,35.72421]]]}},{"type":"Feature","properties":{"kind":"minor-water","name":"Mount Sterling Creek","ftype":460,"lengthKm":0.06,"hu8":"06010106","pid":"{730F75A1-B002-4ABB-AA21-665C76C1EAEC}"},"geometry":{"type":"MultiLineString","coordinates":[[[-83.0791,35.72437],[-83.07876,35.72482]]]}},{"type":"Feature","properties":{"kind":"minor-water","name":"Stinking Camp Branch","ftype":460,"lengthKm":0.18,"hu8":"06010106","pid":"{F76CC705-D5ED-4906-AF22-FA37795D1F05}"},"geometry":{"type":"MultiLineString","coordinates":[[[-83.05687,35.72455],[-83.05747,35.72532],[-83.05739,35.72604]]]}},{"type":"Feature","properties":{"kind":"minor-water","name":"Stinking Camp Branch","ftype":460,"lengthKm":0.14,"hu8":"06010106","pid":"{2BC9F9FB-F171-42DD-A930-541172BD66F4}"},"geometry":{"type":"MultiLineString","coordinates":[[[-83.05739,35.72604],[-83.05709,35.7263],[-83.05724,35.72715]]]}},{"type":"Feature","properties":{"kind":"minor-water","name":"Dogwood Flats Creek","ftype":460,"lengthKm":0.04,"hu8":"06010106","pid":"{ADB72252-82B7-46EF-A165-E97019E00E75}"},"geometry":{"type":"MultiLineString","coordinates":[[[-83.07261,35.72421],[-83.07288,35.72452]]]}},{"type":"Feature","properties":{"kind":"minor-water","name":"Hurricane Creek","ftype":460,"lengthKm":0.1,"hu8":"06010106","pid":"{29C78A33-653B-45A8-B287-9F43BDCD61D4}"},"geometry":{"type":"MultiLineString","coordinates":[[[-82.98999,35.72687],[-82.991,35.7266]]]}},{"type":"Feature","properties":{"kind":"minor-water","name":"Slickrock Branch","ftype":460,"lengthKm":0.05,"hu8":"06010106","pid":"{9E7D0CEB-9EC5-4676-BE5F-D4F62DA090EB}"},"geometry":{"type":"MultiLineString","coordinates":[[[-83.04036,35.72484],[-83.04001,35.72453]]]}},{"type":"Feature","properties":{"kind":"minor-water","name":"Leatherwood Branch","ftype":460,"lengthKm":0.6,"hu8":"06010106","pid":"{CF45C917-C1FD-426C-8704-F0C616C14E06}"},"geometry":{"type":"MultiLineString","coordinates":[[[-83.0844,35.72564],[-83.08432,35.72608],[-83.08303,35.72721],[-83.08061,35.72812],[-83.07908,35.72836]]]}},{"type":"Feature","properties":{"kind":"minor-water","name":"Stinking Camp Branch","ftype":460,"lengthKm":0.02,"hu8":"06010106","pid":"{CE0F1BF8-BEB3-4006-99E2-878195C5638A}"},"geometry":{"type":"MultiLineString","coordinates":[[[-83.05724,35.72715],[-83.05736,35.72728]]]}},{"type":"Feature","properties":{"kind":"minor-water","name":"Slickrock Branch","ftype":460,"lengthKm":0.33,"hu8":"06010106","pid":"{2942F3FF-FF48-4A26-9AA4-43D5C569A7BD}"},"geometry":{"type":"MultiLineString","coordinates":[[[-83.04302,35.72669],[-83.04226,35.72585],[-83.04095,35.7254],[-83.04036,35.72484]]]}},{"type":"Feature","properties":{"kind":"minor-water","name":"Stinking Camp Branch","ftype":460,"lengthKm":0.15,"hu8":"06010106","pid":"{96837D69-12EC-4F4C-81EC-F781DC15B31A}"},"geometry":{"type":"MultiLineString","coordinates":[[[-83.05736,35.72728],[-83.05823,35.72848]]]}},{"type":"Feature","properties":{"kind":"minor-water","name":"Hurricane Creek","ftype":460,"lengthKm":0.14,"hu8":"06010106","pid":"{6715DE9F-8DC3-4C09-8B2C-D8BB3575BAEA}"},"geometry":{"type":"MultiLineString","coordinates":[[[-82.98286,35.72865],[-82.98437,35.72907]]]}},{"type":"Feature","properties":{"kind":"minor-water","name":"Leatherwood Branch","ftype":460,"lengthKm":0.19,"hu8":"06010106","pid":"{4A5DBBB7-D85D-48F7-A38D-D883EEA32C1C}"},"geometry":{"type":"MultiLineString","coordinates":[[[-83.07773,35.728],[-83.07685,35.72716],[-83.07605,35.72712]]]}},{"type":"Feature","properties":{"kind":"minor-water","name":"Slickrock Branch","ftype":460,"lengthKm":0.15,"hu8":"06010106","pid":"{F14BAAF6-09CC-4844-A43F-771510339A07}"},"geometry":{"type":"MultiLineString","coordinates":[[[-83.04523,35.72771],[-83.0438,35.72704]]]}},{"type":"Feature","properties":{"kind":"minor-water","name":"Slickrock Branch","ftype":460,"lengthKm":0.07,"hu8":"06010106","pid":"{B207F138-F256-43F0-942B-932672EB7601}"},"geometry":{"type":"MultiLineString","coordinates":[[[-83.04606,35.72768],[-83.04523,35.72771]]]}},{"type":"Feature","properties":{"kind":"minor-water","name":"Mount Sterling Creek","ftype":460,"lengthKm":0.2,"hu8":"06010106","pid":"{28E2F413-D58C-4545-B39C-26CA2407C103}"},"geometry":{"type":"MultiLineString","coordinates":[[[-83.07388,35.72773],[-83.07295,35.72937]]]}},{"type":"Feature","properties":{"kind":"minor-water","name":"Slickrock Branch","ftype":460,"lengthKm":0.08,"hu8":"06010106","pid":"{47AE6F17-2793-48CF-A36A-715209E01A42}"},"geometry":{"type":"MultiLineString","coordinates":[[[-83.0438,35.72704],[-83.04302,35.72669]]]}},{"type":"Feature","properties":{"kind":"minor-water","name":"Leatherwood Branch","ftype":460,"lengthKm":0.12,"hu8":"06010106","pid":"{E81C9C2F-8DF8-4A4B-A8B8-539EB71C9BDC}"},"geometry":{"type":"MultiLineString","coordinates":[[[-83.07908,35.72836],[-83.07783,35.7281]]]}},{"type":"Feature","properties":{"kind":"minor-water","name":"Leatherwood Branch","ftype":460,"lengthKm":0.01,"hu8":"06010106","pid":"{3AC3DA1B-D2F0-48A9-ACDA-A43A89FA4016}"},"geometry":{"type":"MultiLineString","coordinates":[[[-83.07783,35.7281],[-83.07773,35.728]]]}},{"type":"Feature","properties":{"kind":"minor-water","name":"Stinking Camp Branch","ftype":460,"lengthKm":0.15,"hu8":"06010106","pid":"{128334A1-0E0D-4BAD-99EC-615CB5CEFF2B}"},"geometry":{"type":"MultiLineString","coordinates":[[[-83.05806,35.72934],[-83.05794,35.73065]]]}},{"type":"Feature","properties":{"kind":"minor-water","name":"Hurricane Creek","ftype":460,"lengthKm":0.18,"hu8":"06010106","pid":"{E47ABF25-F12F-42E1-B7F9-3D29B23E9031}"},"geometry":{"type":"MultiLineString","coordinates":[[[-82.96895,35.73307],[-82.97083,35.73251]]]}},{"type":"Feature","properties":{"kind":"minor-water","name":"Hicks Branch","ftype":460,"lengthKm":0.18,"hu8":"06010106","pid":"{7BD0837F-1649-4722-B1C0-01CD99D0CA4D}"},"geometry":{"type":"MultiLineString","coordinates":[[[-83.03509,35.73156],[-83.03446,35.73166],[-83.03397,35.73134],[-83.03327,35.7315]]]}},{"type":"Feature","properties":{"kind":"minor-water","name":"Hurricane Gap Branch","ftype":460,"lengthKm":0.41,"hu8":"06010106","pid":"{FBD8EEFD-96BA-4158-86C0-2029238CA725}"},"geometry":{"type":"MultiLineString","coordinates":[[[-82.98445,35.73246],[-82.98421,35.73119],[-82.98521,35.73006],[-82.98626,35.72956]]]}},{"type":"Feature","properties":{"kind":"minor-water","name":"Mount Sterling Creek","ftype":460,"lengthKm":0.16,"hu8":"06010106","pid":"{8101A5FC-7AA1-47F2-812D-E64A834503B9}"},"geometry":{"type":"MultiLineString","coordinates":[[[-83.07295,35.72937],[-83.07301,35.73084]]]}},{"type":"Feature","properties":{"kind":"minor-water","name":"Hurricane Gap Branch","ftype":460,"lengthKm":0.1,"hu8":"06010106","pid":"{D539AD6D-4DAF-4F44-90A0-2FC6384F2A0B}"},"geometry":{"type":"MultiLineString","coordinates":[[[-82.98408,35.73333],[-82.98445,35.73246]]]}},{"type":"Feature","properties":{"kind":"minor-water","name":"Wilkins Creek","ftype":558,"lengthKm":0.01,"hu8":"06010106","pid":"{FE118A44-1F27-4B0C-BB51-F6A1232A2377}"},"geometry":{"type":"MultiLineString","coordinates":[[[-83.03248,35.68714],[-83.03259,35.68714]]]}},{"type":"Feature","properties":{"kind":"minor-water","name":"Stinking Camp Branch","ftype":460,"lengthKm":0.27,"hu8":"06010106","pid":"{D5AA1ACB-24AE-4E98-AF38-6F2EB30CA17E}"},"geometry":{"type":"MultiLineString","coordinates":[[[-83.05848,35.7314],[-83.05903,35.73223],[-83.0604,35.73318]]]}},{"type":"Feature","properties":{"kind":"minor-water","name":"Hurricane Gap Branch","ftype":460,"lengthKm":0.06,"hu8":"06010106","pid":"{8B81D97A-E355-49B2-9719-42DE55E2C874}"},"geometry":{"type":"MultiLineString","coordinates":[[[-82.98366,35.73379],[-82.98408,35.73333]]]}},{"type":"Feature","properties":{"kind":"minor-water","name":"Hurricane Creek","ftype":460,"lengthKm":0.05,"hu8":"06010106","pid":"{02F18340-3D90-40D2-9EBE-C521237356CB}"},"geometry":{"type":"MultiLineString","coordinates":[[[-82.96855,35.73341],[-82.96895,35.73307]]]}},{"type":"Feature","properties":{"kind":"minor-water","name":"Hurricane Creek","ftype":460,"lengthKm":0.08,"hu8":"06010106","pid":"{B0B0B359-350F-447E-B25B-45E31C41A959}"},"geometry":{"type":"MultiLineString","coordinates":[[[-82.97083,35.73251],[-82.97155,35.73217]]]}},{"type":"Feature","properties":{"kind":"minor-water","name":"Hicks Branch","ftype":460,"lengthKm":0.17,"hu8":"06010106","pid":"{26500F68-45B3-4D45-AF53-6738E7986148}"},"geometry":{"type":"MultiLineString","coordinates":[[[-83.03678,35.73086],[-83.03509,35.73156]]]}},{"type":"Feature","properties":{"kind":"minor-water","name":"Stinking Camp Branch","ftype":460,"lengthKm":0.1,"hu8":"06010106","pid":"{4B5292E5-1C99-4251-81E0-BFBBB6EE9696}"},"geometry":{"type":"MultiLineString","coordinates":[[[-83.05794,35.73065],[-83.05848,35.7314]]]}},{"type":"Feature","properties":{"kind":"minor-water","name":"Pigeon River","ftype":558,"lengthKm":0.05,"hu8":"06010106","pid":"{6D9521CE-EFE0-4038-B697-E92B5B32097F}"},"geometry":{"type":"MultiLineString","coordinates":[[[-82.99462,35.66596],[-82.99503,35.66629]]]}},{"type":"Feature","properties":{"kind":"minor-water","name":"Hurricane Gap Branch","ftype":460,"lengthKm":0.15,"hu8":"06010106","pid":"{DC8A2C06-F68E-4D6D-AA63-BACB133EBEF6}"},"geometry":{"type":"MultiLineString","coordinates":[[[-82.98316,35.73512],[-82.98366,35.73379]]]}},{"type":"Feature","properties":{"kind":"minor-water","name":"Stinking Camp Branch","ftype":460,"lengthKm":0.12,"hu8":"06010106","pid":"{F903AD5F-B9BF-491F-8BF2-FC8658D09A3F}"},"geometry":{"type":"MultiLineString","coordinates":[[[-83.0604,35.73318],[-83.06156,35.73367]]]}},{"type":"Feature","properties":{"kind":"minor-water","name":"Stinking Camp Branch","ftype":460,"lengthKm":0.07,"hu8":"06010106","pid":"{23FD10BF-348E-48A3-9EC7-B686574F6B49}"},"geometry":{"type":"MultiLineString","coordinates":[[[-83.06801,35.73909],[-83.06855,35.73951]]]}},{"type":"Feature","properties":{"kind":"minor-water","name":"Hunter Branch","ftype":460,"lengthKm":0.07,"hu8":"06010106","pid":"{37814BD5-565E-45DB-B835-3A03A271CE8B}"},"geometry":{"type":"MultiLineString","coordinates":[[[-83.00749,35.73335],[-83.00788,35.73388]]]}},{"type":"Feature","properties":{"kind":"minor-water","name":"Cold Springs Creek","ftype":460,"lengthKm":0.17,"hu8":"06010106","pid":"{5CDD8D69-1B08-4C29-81D1-39F900E5007C}"},"geometry":{"type":"MultiLineString","coordinates":[[[-83.01742,35.73846],[-83.01905,35.73772]]]}},{"type":"Feature","properties":{"kind":"minor-water","name":"Stinking Camp Branch","ftype":460,"lengthKm":0.16,"hu8":"06010106","pid":"{ABF6496A-A945-4B8D-9566-F95F4CF596D3}"},"geometry":{"type":"MultiLineString","coordinates":[[[-83.06156,35.73367],[-83.06275,35.73473]]]}},{"type":"Feature","properties":{"kind":"minor-water","name":"Mount Sterling Creek","ftype":460,"lengthKm":0.18,"hu8":"06010106","pid":"{759D8DE0-C5BF-4876-B706-AA903159E51D}"},"geometry":{"type":"MultiLineString","coordinates":[[[-83.07267,35.73501],[-83.07264,35.73566],[-83.07193,35.73639]]]}},{"type":"Feature","properties":{"kind":"minor-water","name":"Mount Sterling Creek","ftype":460,"lengthKm":0.05,"hu8":"06010106","pid":"{447185E7-CF31-4CC2-B0F3-21CDB09C030F}"},"geometry":{"type":"MultiLineString","coordinates":[[[-83.07251,35.73392],[-83.07271,35.73435]]]}},{"type":"Feature","properties":{"kind":"minor-water","name":"Stinking Camp Branch","ftype":460,"lengthKm":0.07,"hu8":"06010106","pid":"{41BB5521-346B-45AC-AA9F-D6455D0DB6B9}"},"geometry":{"type":"MultiLineString","coordinates":[[[-83.06275,35.73473],[-83.06345,35.73492]]]}},{"type":"Feature","properties":{"kind":"minor-water","name":"Poplar Cove Branch","ftype":460,"lengthKm":0.4,"hu8":"06010106","pid":"{0C1D9B89-9343-4991-8A97-7AB2ED3A8E24}"},"geometry":{"type":"MultiLineString","coordinates":[[[-82.99848,35.73525],[-82.99946,35.73772],[-83.00048,35.73821]]]}},{"type":"Feature","properties":{"kind":"minor-water","name":"Flat Branch","ftype":460,"lengthKm":0.29,"hu8":"06010106","pid":"{D5D00BAD-CBC5-46AC-95A3-89D4116BDC6A}"},"geometry":{"type":"MultiLineString","coordinates":[[[-83.07749,35.73623],[-83.07718,35.73664],[-83.07743,35.73699],[-83.07955,35.73711]]]}},{"type":"Feature","properties":{"kind":"minor-water","name":"Mount Sterling Creek","ftype":460,"lengthKm":0.07,"hu8":"06010106","pid":"{1D886F46-1C24-4F4C-A873-7FB2B56CC667}"},"geometry":{"type":"MultiLineString","coordinates":[[[-83.07271,35.73435],[-83.07267,35.73501]]]}},{"type":"Feature","properties":{"kind":"minor-water","name":"Cold Springs Creek","ftype":460,"lengthKm":0.09,"hu8":"06010106","pid":"{EF4C6CD6-C7FC-4FFA-AE41-FFD612530190}"},"geometry":{"type":"MultiLineString","coordinates":[[[-83.02388,35.73752],[-83.02482,35.73718]]]}},{"type":"Feature","properties":{"kind":"minor-water","name":"Hurricane Gap Branch","ftype":460,"lengthKm":0.27,"hu8":"06010106","pid":"{904BEA64-BD98-4251-A4C2-4EC3680D76B7}"},"geometry":{"type":"MultiLineString","coordinates":[[[-82.98273,35.73749],[-82.98266,35.73641],[-82.98316,35.73512]]]}},{"type":"Feature","properties":{"kind":"minor-water","name":"Poplar Cove Branch","ftype":460,"lengthKm":0.22,"hu8":"06010106","pid":"{EB3241E9-1780-428C-8D08-216257875937}"},"geometry":{"type":"MultiLineString","coordinates":[[[-83.00161,35.7393],[-83.00367,35.74035]]]}},{"type":"Feature","properties":{"kind":"minor-water","name":"Mount Sterling Creek","ftype":460,"lengthKm":0.01,"hu8":"06010106","pid":"{F542BAEF-5256-456E-B5E2-5AA2A3096C06}"},"geometry":{"type":"MultiLineString","coordinates":[[[-83.07193,35.73639],[-83.07189,35.73651]]]}},{"type":"Feature","properties":{"kind":"minor-water","name":"Poplar Cove Branch","ftype":460,"lengthKm":0.16,"hu8":"06010106","pid":"{3645BA4B-C2E7-4D57-84F8-09AD8A451507}"},"geometry":{"type":"MultiLineString","coordinates":[[[-83.00048,35.73821],[-83.00161,35.7393]]]}},{"type":"Feature","properties":{"kind":"minor-water","name":"Hurricane Gap Branch","ftype":460,"lengthKm":0.04,"hu8":"06010106","pid":"{24031460-FA53-403A-A584-F02540901054}"},"geometry":{"type":"MultiLineString","coordinates":[[[-82.98228,35.73994],[-82.98239,35.7396]]]}},{"type":"Feature","properties":{"kind":"minor-water","name":"Mount Sterling Creek","ftype":460,"lengthKm":0.11,"hu8":"06010106","pid":"{11CF4024-3D2C-4288-B81C-6F708E899E50}"},"geometry":{"type":"MultiLineString","coordinates":[[[-83.0736,35.74005],[-83.07387,35.74101]]]}},{"type":"Feature","properties":{"kind":"minor-water","name":"Cold Springs Creek","ftype":460,"lengthKm":0.13,"hu8":"06010106","pid":"{0E7DAC28-3D91-4C23-9248-E95478176037}"},"geometry":{"type":"MultiLineString","coordinates":[[[-83.01117,35.7404],[-83.01215,35.73959]]]}},{"type":"Feature","properties":{"kind":"minor-water","name":"Cold Springs Creek","ftype":460,"lengthKm":0.16,"hu8":"06010106","pid":"{EEA047A5-80AF-4A06-9610-35435FC38E72}"},"geometry":{"type":"MultiLineString","coordinates":[[[-83.01506,35.73888],[-83.01585,35.73757]]]}},{"type":"Feature","properties":{"kind":"minor-water","name":"Stinking Camp Branch","ftype":460,"lengthKm":0.16,"hu8":"06010106","pid":"{FD4EE578-8659-4826-9CEE-D04D7F4FF5A3}"},"geometry":{"type":"MultiLineString","coordinates":[[[-83.06637,35.73845],[-83.06801,35.73909]]]}},{"type":"Feature","properties":{"kind":"minor-water","name":"Cold Springs Creek","ftype":460,"lengthKm":0.11,"hu8":"06010106","pid":"{417485CE-9459-418F-A316-D84855BF123F}"},"geometry":{"type":"MultiLineString","coordinates":[[[-83.02122,35.73838],[-83.02236,35.73815]]]}},{"type":"Feature","properties":{"kind":"minor-water","name":"Mount Sterling Creek","ftype":460,"lengthKm":0.21,"hu8":"06010106","pid":"{0BA52A71-6574-497D-80DE-788DCCD53BC1}"},"geometry":{"type":"MultiLineString","coordinates":[[[-83.07276,35.73835],[-83.07282,35.73926],[-83.0736,35.74005]]]}},{"type":"Feature","properties":{"kind":"minor-water","name":"Cold Springs Creek","ftype":460,"lengthKm":0.01,"hu8":"06010106","pid":"{B501A6DB-7B24-4E1C-8289-C71AEF1BB064}"},"geometry":{"type":"MultiLineString","coordinates":[[[-83.01493,35.73895],[-83.01506,35.73888]]]}},{"type":"Feature","properties":{"kind":"minor-water","name":"Cold Springs Creek","ftype":460,"lengthKm":0.17,"hu8":"06010106","pid":"{B5B68E34-B01F-4F1D-9707-FE6AB894DA02}"},"geometry":{"type":"MultiLineString","coordinates":[[[-83.01585,35.73757],[-83.01742,35.73846]]]}},{"type":"Feature","properties":{"kind":"minor-water","name":"Cold Springs Creek","ftype":460,"lengthKm":0.03,"hu8":"06010106","pid":"{26100C82-193F-426D-A514-224D39405256}"},"geometry":{"type":"MultiLineString","coordinates":[[[-83.01905,35.73772],[-83.01941,35.73775]]]}},{"type":"Feature","properties":{"kind":"minor-water","name":"Pigeon River","ftype":558,"lengthKm":0.04,"hu8":"06010106","pid":"{07A2223B-3906-4453-B3AF-B41F9CD087FE}"},"geometry":{"type":"MultiLineString","coordinates":[[[-82.98891,35.63731],[-82.98894,35.63771]]]}},{"type":"Feature","properties":{"kind":"minor-water","name":"Hurricane Gap Branch","ftype":460,"lengthKm":0.17,"hu8":"06010106","pid":"{6C274764-C45D-4F8F-AF72-17B2001D37B5}"},"geometry":{"type":"MultiLineString","coordinates":[[[-82.97251,35.7445],[-82.97183,35.74306]]]}},{"type":"Feature","properties":{"kind":"minor-water","name":"Poplar Cove Branch","ftype":460,"lengthKm":0.27,"hu8":"06010106","pid":"{FA28B5C2-2C02-4910-B0DC-07BCE37E44C9}"},"geometry":{"type":"MultiLineString","coordinates":[[[-83.00429,35.74043],[-83.00591,35.74244]]]}},{"type":"Feature","properties":{"kind":"minor-water","name":"Hurricane Gap Branch","ftype":460,"lengthKm":0.28,"hu8":"06010106","pid":"{DA7E759B-2997-4243-ADD9-BD6A662C2739}"},"geometry":{"type":"MultiLineString","coordinates":[[[-82.97939,35.74093],[-82.98228,35.73994]]]}},{"type":"Feature","properties":{"kind":"minor-water","name":"Flat Branch","ftype":460,"lengthKm":0.36,"hu8":"06010106","pid":"{9778C8E1-4ABA-4C93-ACAA-706E18E269B4}"},"geometry":{"type":"MultiLineString","coordinates":[[[-83.07955,35.73711],[-83.0815,35.73795],[-83.08159,35.73938]]]}},{"type":"Feature","properties":{"kind":"minor-water","name":"Pigeon River","ftype":558,"lengthKm":0.07,"hu8":"06010106","pid":"{6449E44D-058C-49FE-B960-97E6A52016ED}"},"geometry":{"type":"MultiLineString","coordinates":[[[-82.99578,35.64673],[-82.99558,35.64731]]]}},{"type":"Feature","properties":{"kind":"minor-water","name":"Hurricane Gap Branch","ftype":460,"lengthKm":0.09,"hu8":"06010106","pid":"{C77E2883-1AEA-46B5-A35A-DBE0C9E522B4}"},"geometry":{"type":"MultiLineString","coordinates":[[[-82.97183,35.74306],[-82.97169,35.74222]]]}},{"type":"Feature","properties":{"kind":"minor-water","name":"Cold Springs Creek","ftype":460,"lengthKm":0.11,"hu8":"06010106","pid":"{6673358D-7377-40F7-B0EE-C088C32AB272}"},"geometry":{"type":"MultiLineString","coordinates":[[[-83.01187,35.74363],[-83.01215,35.74266]]]}},{"type":"Feature","properties":{"kind":"minor-water","name":"Puncheon Camp Branch","ftype":460,"lengthKm":0.21,"hu8":"06010106","pid":"{9E95BB12-CB88-49B0-83BE-0F9160898CFB}"},"geometry":{"type":"MultiLineString","coordinates":[[[-83.05074,35.74043],[-83.0504,35.74092],[-83.05037,35.74226]]]}},{"type":"Feature","properties":{"kind":"minor-water","name":"Flat Branch","ftype":460,"lengthKm":0.3,"hu8":"06010106","pid":"{51A27D8D-B0C5-4A3D-8ED7-1AD7C552E41C}"},"geometry":{"type":"MultiLineString","coordinates":[[[-83.08159,35.73938],[-83.08179,35.74034],[-83.08236,35.74074],[-83.08228,35.74181]]]}},{"type":"Feature","properties":{"kind":"minor-water","name":"Poplar Cove Branch","ftype":460,"lengthKm":0.04,"hu8":"06010106","pid":"{26CC7A8E-122A-4510-B04A-47FDA21FA1E3}"},"geometry":{"type":"MultiLineString","coordinates":[[[-83.00591,35.74244],[-83.00623,35.74262]]]}},{"type":"Feature","properties":{"kind":"minor-water","name":"Cold Springs Creek","ftype":460,"lengthKm":0.09,"hu8":"06010106","pid":"{C1BC8A90-F85E-402D-903B-FA1183DCF685}"},"geometry":{"type":"MultiLineString","coordinates":[[[-83.01087,35.74385],[-83.01187,35.74363]]]}},{"type":"Feature","properties":{"kind":"minor-water","name":"Stinking Camp Branch","ftype":460,"lengthKm":0.11,"hu8":"06010106","pid":"{4A5D20EC-FB27-4E77-8F37-E57CBD851D52}"},"geometry":{"type":"MultiLineString","coordinates":[[[-83.06855,35.73951],[-83.06859,35.74007],[-83.06898,35.74032]]]}},{"type":"Feature","properties":{"kind":"minor-water","name":"Mount Sterling Creek","ftype":460,"lengthKm":0.06,"hu8":"06010106","pid":"{361B68E6-6457-44D7-B4E3-CCE39B753898}"},"geometry":{"type":"MultiLineString","coordinates":[[[-83.07387,35.74101],[-83.07451,35.74123]]]}},{"type":"Feature","properties":{"kind":"minor-water","name":"Mount Sterling Creek","ftype":460,"lengthKm":0.04,"hu8":"06010106","pid":"{76A40F96-F9FB-42A5-962C-417F15D943A0}"},"geometry":{"type":"MultiLineString","coordinates":[[[-83.07451,35.74123],[-83.07483,35.74154]]]}},{"type":"Feature","properties":{"kind":"minor-water","name":"Grassy Branch","ftype":460,"lengthKm":0.01,"hu8":"06010106","pid":"{04152588-4B35-4547-AF43-6CE6FF32A4AF}"},"geometry":{"type":"MultiLineString","coordinates":[[[-82.99842,35.74723],[-82.99846,35.74713]]]}},{"type":"Feature","properties":{"kind":"minor-water","name":"Puncheon Camp Branch","ftype":460,"lengthKm":0.21,"hu8":"06010106","pid":"{A0162ECF-09EB-44F1-8F05-334388DFE25C}"},"geometry":{"type":"MultiLineString","coordinates":[[[-83.05037,35.74226],[-83.05028,35.74418]]]}},{"type":"Feature","properties":{"kind":"minor-water","name":"Grassy Branch","ftype":460,"lengthKm":0.04,"hu8":"06010106","pid":"{BF5ED1E6-5E27-4540-9E4E-C05CB695DF8B}"},"geometry":{"type":"MultiLineString","coordinates":[[[-82.99846,35.74713],[-82.99881,35.74699]]]}},{"type":"Feature","properties":{"kind":"minor-water","name":"Poplar Cove Branch","ftype":460,"lengthKm":0.09,"hu8":"06010106","pid":"{C5661599-95AB-4264-9D3D-3B6BE728813A}"},"geometry":{"type":"MultiLineString","coordinates":[[[-83.00946,35.74329],[-83.01024,35.74376]]]}},{"type":"Feature","properties":{"kind":"minor-water","name":"Grassy Branch","ftype":460,"lengthKm":0.46,"hu8":"06010106","pid":"{1042A900-C7B7-481A-A368-D00DF8E52A72}"},"geometry":{"type":"MultiLineString","coordinates":[[[-82.99073,35.7428],[-82.99134,35.74577],[-82.99112,35.74687]]]}},{"type":"Feature","properties":{"kind":"minor-water","name":"Mount Sterling Creek","ftype":460,"lengthKm":0.16,"hu8":"06010106","pid":"{0E49C84D-7F6B-4DC3-95E2-44C49A893698}"},"geometry":{"type":"MultiLineString","coordinates":[[[-83.07483,35.74154],[-83.07558,35.74287]]]}},{"type":"Feature","properties":{"kind":"minor-water","name":"Hurricane Creek","ftype":460,"lengthKm":0.09,"hu8":"06010106","pid":"{194DDB88-64F3-46B1-914B-EC540A74A341}"},"geometry":{"type":"MultiLineString","coordinates":[[[-82.96404,35.74551],[-82.96396,35.74467]]]}},{"type":"Feature","properties":{"kind":"minor-water","name":"Puncheon Camp Branch","ftype":460,"lengthKm":0.05,"hu8":"06010106","pid":"{D9BE6888-91A4-4DE1-8429-A753232AC587}"},"geometry":{"type":"MultiLineString","coordinates":[[[-83.05028,35.74418],[-83.05065,35.74447]]]}},{"type":"Feature","properties":{"kind":"minor-water","name":"Grassy Branch","ftype":460,"lengthKm":0.26,"hu8":"06010106","pid":"{D0E26429-B997-4EFA-B26A-D4D72101E702}"},"geometry":{"type":"MultiLineString","coordinates":[[[-82.99881,35.74699],[-83.00015,35.74667],[-83.00084,35.74623],[-83.00087,35.74577]]]}},{"type":"Feature","properties":{"kind":"minor-water","name":"Mount Sterling Creek","ftype":460,"lengthKm":0.08,"hu8":"06010106","pid":"{7D2863B5-434B-4BAC-BDD0-FADCF6575CF4}"},"geometry":{"type":"MultiLineString","coordinates":[[[-83.07558,35.74287],[-83.07553,35.74355]]]}},{"type":"Feature","properties":{"kind":"minor-water","name":"Cold Springs Creek","ftype":460,"lengthKm":0.06,"hu8":"06010106","pid":"{DE6901BF-7FF7-4486-9C89-DE6AFF25A80B}"},"geometry":{"type":"MultiLineString","coordinates":[[[-83.01024,35.74376],[-83.01087,35.74385]]]}},{"type":"Feature","properties":{"kind":"minor-water","name":"White Oak Flats Branch","ftype":460,"lengthKm":0.02,"hu8":"06010106","pid":"{1E79ED23-E1DC-4BBA-860F-5AC5CDCEE0C8}"},"geometry":{"type":"MultiLineString","coordinates":[[[-83.03011,35.747],[-83.03033,35.74712]]]}},{"type":"Feature","properties":{"kind":"minor-water","name":"Hurricane Creek","ftype":460,"lengthKm":0.05,"hu8":"06010106","pid":"{AF27CF6E-F3EF-4AB8-B93A-1BC3B327363E}"},"geometry":{"type":"MultiLineString","coordinates":[[[-82.9631,35.74682],[-82.96342,35.74641]]]}},{"type":"Feature","properties":{"kind":"minor-water","name":"Cold Springs Creek","ftype":558,"lengthKm":0.03,"hu8":"06010106","pid":"{DB88A02E-E71F-4D63-A426-3AED212DD7B1}"},"geometry":{"type":"MultiLineString","coordinates":[[[-83.02482,35.73718],[-83.02509,35.73708]]]}},{"type":"Feature","properties":{"kind":"minor-water","name":"White Oak Flats Branch","ftype":460,"lengthKm":0.31,"hu8":"06010106","pid":"{2B00F0DA-7D34-4B52-BBF9-DF9B176A77B0}"},"geometry":{"type":"MultiLineString","coordinates":[[[-83.02402,35.7464],[-83.0247,35.74691],[-83.02706,35.7476]]]}},{"type":"Feature","properties":{"kind":"minor-water","name":"Mount Sterling Creek","ftype":460,"lengthKm":0.17,"hu8":"06010106","pid":"{DA57DFC0-7A5F-48B5-AB6C-3C9EB436E3A0}"},"geometry":{"type":"MultiLineString","coordinates":[[[-83.07553,35.74355],[-83.07514,35.74501]]]}},{"type":"Feature","properties":{"kind":"minor-water","name":"Cove Creek","ftype":460,"lengthKm":0.02,"hu8":"06010106","pid":"{FBD0F1EC-D6EA-4F3B-8957-2AB91F536BD2}"},"geometry":{"type":"MultiLineString","coordinates":[[[-83.06671,35.59568],[-83.0665,35.59578]]]}},{"type":"Feature","properties":{"kind":"minor-water","name":"Little Fall Branch","ftype":460,"lengthKm":0.12,"hu8":"06010106","pid":"{EAEBB153-7902-4FEF-B6B1-0EDC02EDF700}"},"geometry":{"type":"MultiLineString","coordinates":[[[-82.97737,35.74979],[-82.9772,35.75087]]]}},{"type":"Feature","properties":{"kind":"minor-water","name":"Cold Springs Creek","ftype":460,"lengthKm":0.23,"hu8":"06010106","pid":"{DBF27C18-0284-47A0-9B39-423B9D13ADD4}"},"geometry":{"type":"MultiLineString","coordinates":[[[-83.0061,35.74845],[-83.00667,35.74639]]]}},{"type":"Feature","properties":{"kind":"minor-water","name":"Flat Branch","ftype":460,"lengthKm":0.73,"hu8":"06010106","pid":"{24F9F6E2-0823-428C-9089-26A626AC0219}"},"geometry":{"type":"MultiLineString","coordinates":[[[-83.08228,35.74181],[-83.08199,35.74311],[-83.0815,35.74368],[-83.08202,35.74479],[-83.08209,35.74693],[-83.08257,35.74808]]]}},{"type":"Feature","properties":{"kind":"minor-water","name":"Cold Springs Creek","ftype":460,"lengthKm":0.07,"hu8":"06010106","pid":"{EAB98D4E-5C84-498A-9B4A-97E14842EBCB}"},"geometry":{"type":"MultiLineString","coordinates":[[[-83.00538,35.74935],[-83.00598,35.74896]]]}},{"type":"Feature","properties":{"kind":"minor-water","name":"White Oak Flats Branch","ftype":460,"lengthKm":0.21,"hu8":"06010106","pid":"{F2962C07-A8FE-49E5-B678-9DB62F0A4F9E}"},"geometry":{"type":"MultiLineString","coordinates":[[[-83.03033,35.74712],[-83.03194,35.74849]]]}},{"type":"Feature","properties":{"kind":"minor-water","name":"Bear Branch","ftype":460,"lengthKm":0.24,"hu8":"06010106","pid":"{91A6101C-DDA0-4772-8F62-C7BFF59551CF}"},"geometry":{"type":"MultiLineString","coordinates":[[[-82.99506,35.75182],[-82.99744,35.75284]]]}},{"type":"Feature","properties":{"kind":"minor-water","name":"Bear Branch","ftype":460,"lengthKm":0.08,"hu8":"06010106","pid":"{04D858CF-D873-4301-9BF3-CA6840BB3A9A}"},"geometry":{"type":"MultiLineString","coordinates":[[[-82.99131,35.75287],[-82.99214,35.75253]]]}},{"type":"Feature","properties":{"kind":"minor-water","name":"Puncheon Camp Branch","ftype":460,"lengthKm":0.07,"hu8":"06010106","pid":"{EB999535-9DBC-4C85-AC03-B4484565ABAD}"},"geometry":{"type":"MultiLineString","coordinates":[[[-83.05145,35.74879],[-83.0513,35.74939]]]}},{"type":"Feature","properties":{"kind":"minor-water","name":"Fall Branch","ftype":460,"lengthKm":0.11,"hu8":"06010106","pid":"{115F5C05-D3BF-4E96-8F38-47D4F4866286}"},"geometry":{"type":"MultiLineString","coordinates":[[[-82.96715,35.75344],[-82.96832,35.75364]]]}},{"type":"Feature","properties":{"kind":"minor-water","name":"White Oak Flats Branch","ftype":460,"lengthKm":0.27,"hu8":"06010106","pid":"{0B7726BA-ABE6-419D-8A31-1FEBE5223142}"},"geometry":{"type":"MultiLineString","coordinates":[[[-83.01862,35.74988],[-83.01966,35.74871],[-83.02064,35.74812]]]}},{"type":"Feature","properties":{"kind":"minor-water","name":"Cold Springs Creek","ftype":460,"lengthKm":0.06,"hu8":"06010106","pid":"{A668BBD2-0672-436B-8A27-2A1C38DC4477}"},"geometry":{"type":"MultiLineString","coordinates":[[[-83.00598,35.74896],[-83.0061,35.74845]]]}},{"type":"Feature","properties":{"kind":"minor-water","name":"Bear Branch","ftype":460,"lengthKm":0.09,"hu8":"06010106","pid":"{6C1959D8-9943-4A9B-ACF1-8D5119402532}"},"geometry":{"type":"MultiLineString","coordinates":[[[-82.9885,35.75381],[-82.98927,35.75328]]]}},{"type":"Feature","properties":{"kind":"minor-water","name":"Bear Branch","ftype":460,"lengthKm":0.17,"hu8":"06010106","pid":"{A7827CFF-F8F1-4908-9592-BA4E447853F1}"},"geometry":{"type":"MultiLineString","coordinates":[[[-82.99328,35.75186],[-82.99443,35.75161],[-82.99506,35.75182]]]}},{"type":"Feature","properties":{"kind":"minor-water","name":"Bear Branch","ftype":460,"lengthKm":0.02,"hu8":"06010106","pid":"{A950015B-30D7-4543-AA0E-2DC5858E478C}"},"geometry":{"type":"MultiLineString","coordinates":[[[-82.98839,35.75394],[-82.9885,35.75381]]]}},{"type":"Feature","properties":{"kind":"minor-water","name":"Flat Branch","ftype":460,"lengthKm":0.31,"hu8":"06010106","pid":"{500627A9-F1B3-46CA-A9EC-88157B32BE60}"},"geometry":{"type":"MultiLineString","coordinates":[[[-83.08256,35.74824],[-83.08323,35.74875],[-83.08298,35.74911],[-83.08338,35.75067]]]}},{"type":"Feature","properties":{"kind":"minor-water","name":"White Oak Flats Branch","ftype":460,"lengthKm":0.12,"hu8":"06010106","pid":"{49B816C7-403C-4749-ACA1-0C614839F2F9}"},"geometry":{"type":"MultiLineString","coordinates":[[[-83.01677,35.75159],[-83.01757,35.75072]]]}},{"type":"Feature","properties":{"kind":"minor-water","name":"Fall Branch","ftype":460,"lengthKm":0.29,"hu8":"06010106","pid":"{FAB601CE-F6DD-48FA-A442-3715212AC469}"},"geometry":{"type":"MultiLineString","coordinates":[[[-82.96171,35.75424],[-82.96197,35.75358],[-82.96417,35.75291]]]}},{"type":"Feature","properties":{"kind":"minor-water","name":"Little Fall Branch","ftype":460,"lengthKm":0.22,"hu8":"06010106","pid":"{74618A09-6785-4118-93C4-D4D3BC75B5DC}"},"geometry":{"type":"MultiLineString","coordinates":[[[-82.97685,35.75377],[-82.9765,35.75508],[-82.976,35.75559]]]}},{"type":"Feature","properties":{"kind":"minor-water","name":"Mount Sterling Creek","ftype":460,"lengthKm":0.42,"hu8":"06010106","pid":"{DA70464F-73A0-4B66-A24F-88D832A68FA0}"},"geometry":{"type":"MultiLineString","coordinates":[[[-83.07319,35.75199],[-83.07247,35.75334],[-83.07061,35.75442],[-83.07048,35.75483]]]}},{"type":"Feature","properties":{"kind":"minor-water","name":"Cold Springs Creek","ftype":460,"lengthKm":0.15,"hu8":"06010106","pid":"{9B71CD7E-F05D-4969-A7BC-69F695C00AC0}"},"geometry":{"type":"MultiLineString","coordinates":[[[-82.99715,35.75413],[-82.99744,35.75284]]]}},{"type":"Feature","properties":{"kind":"minor-water","name":"Cold Springs Creek","ftype":460,"lengthKm":0.07,"hu8":"06010106","pid":"{DDC16698-4EEA-4A63-9469-44E929B08A0B}"},"geometry":{"type":"MultiLineString","coordinates":[[[-82.99999,35.75353],[-83.00055,35.75316]]]}},{"type":"Feature","properties":{"kind":"minor-water","name":"Bear Branch","ftype":460,"lengthKm":0.05,"hu8":"06010106","pid":"{516A4FD0-15A7-4AFD-9CD1-0B0DB48A4836}"},"geometry":{"type":"MultiLineString","coordinates":[[[-82.98726,35.7546],[-82.98762,35.75423]]]}},{"type":"Feature","properties":{"kind":"minor-water","name":"Bear Branch","ftype":460,"lengthKm":0.12,"hu8":"06010106","pid":"{57CC6FD5-3ED1-4027-9868-B22B79DAC487}"},"geometry":{"type":"MultiLineString","coordinates":[[[-82.9863,35.7554],[-82.98726,35.7546]]]}},{"type":"Feature","properties":{"kind":"minor-water","name":"Flat Branch","ftype":460,"lengthKm":0.26,"hu8":"06010106","pid":"{C07A04F1-6E93-41E6-A90C-1922C626AE2C}"},"geometry":{"type":"MultiLineString","coordinates":[[[-83.08338,35.75067],[-83.0832,35.75132],[-83.08363,35.75298]]]}},{"type":"Feature","properties":{"kind":"minor-water","name":"Mount Sterling Creek","ftype":460,"lengthKm":0.13,"hu8":"06010106","pid":"{EC67C850-7371-4812-9F79-602154AD5A16}"},"geometry":{"type":"MultiLineString","coordinates":[[[-83.07464,35.75186],[-83.07319,35.75199]]]}},{"type":"Feature","properties":{"kind":"minor-water","name":"Cold Springs Creek","ftype":460,"lengthKm":0.11,"hu8":"06010106","pid":"{1D9B70EA-9D7F-4202-BEF1-02FA6C99B95B}"},"geometry":{"type":"MultiLineString","coordinates":[[[-82.99457,35.75804],[-82.99515,35.7572]]]}},{"type":"Feature","properties":{"kind":"minor-water","name":"Tom Hall Branch","ftype":460,"lengthKm":0.2,"hu8":"06010106","pid":"{BC27EE0E-9AFB-48C4-8C68-9CBABB0E302D}"},"geometry":{"type":"MultiLineString","coordinates":[[[-83.02624,35.75446],[-83.02732,35.75409],[-83.02838,35.75431]]]}},{"type":"Feature","properties":{"kind":"minor-water","name":"Tom Hall Branch","ftype":460,"lengthKm":0.05,"hu8":"06010106","pid":"{7AC67D67-AD2E-405F-B89A-3C9D5DF42A3B}"},"geometry":{"type":"MultiLineString","coordinates":[[[-83.02838,35.75431],[-83.0289,35.75439]]]}},{"type":"Feature","properties":{"kind":"minor-water","name":"Tom Hall Branch","ftype":460,"lengthKm":0.36,"hu8":"06010106","pid":"{F9B582C2-9787-4637-AFE7-92C5A23B626C}"},"geometry":{"type":"MultiLineString","coordinates":[[[-83.02262,35.75397],[-83.02456,35.75491],[-83.02624,35.75446]]]}},{"type":"Feature","properties":{"kind":"minor-water","name":"Cold Springs Creek","ftype":460,"lengthKm":0.06,"hu8":"06010106","pid":"{33DFCC87-449F-4BE1-9088-7660DE5B8092}"},"geometry":{"type":"MultiLineString","coordinates":[[[-82.99416,35.75845],[-82.99457,35.75804]]]}},{"type":"Feature","properties":{"kind":"minor-water","name":"Cold Springs Creek","ftype":460,"lengthKm":0.17,"hu8":"06010106","pid":"{D2EED171-4D94-438B-B6A6-64D3BEC96315}"},"geometry":{"type":"MultiLineString","coordinates":[[[-82.99119,35.7614],[-82.99163,35.76127],[-82.99229,35.76024]]]}},{"type":"Feature","properties":{"kind":"minor-water","name":"Raven Cliff Branch","ftype":460,"lengthKm":0.32,"hu8":"06010106","pid":"{D13BCF12-6972-48B2-A9DE-D2EDD5428E8C}"},"geometry":{"type":"MultiLineString","coordinates":[[[-82.96401,35.75974],[-82.96542,35.75977],[-82.96667,35.75943],[-82.96737,35.75976]]]}},{"type":"Feature","properties":{"kind":"minor-water","name":"Runyon Creek","ftype":460,"lengthKm":0.32,"hu8":"06010106","pid":"{A086D2D7-8E3D-4D0E-8A76-7226E9BA217D}"},"geometry":{"type":"MultiLineString","coordinates":[[[-83.0649,35.75955],[-83.06657,35.75698]]]}},{"type":"Feature","properties":{"kind":"minor-water","name":"Flat Branch","ftype":460,"lengthKm":0.17,"hu8":"06010106","pid":"{11D52554-D8B2-4BDD-9889-C37E891377C5}"},"geometry":{"type":"MultiLineString","coordinates":[[[-83.08363,35.75298],[-83.08419,35.75442]]]}},{"type":"Feature","properties":{"kind":"minor-water","name":"Rube Rock Branch","ftype":460,"lengthKm":0.11,"hu8":"06010106","pid":"{371CDF28-9FC4-4351-A6C1-B7A9D902307B}"},"geometry":{"type":"MultiLineString","coordinates":[[[-83.02481,35.75868],[-83.02606,35.7585]]]}},{"type":"Feature","properties":{"kind":"minor-water","name":"Fall Branch","ftype":460,"lengthKm":0.13,"hu8":"06010106","pid":"{68A3A2A0-3B90-4F47-A9E6-A2DE173DA516}"},"geometry":{"type":"MultiLineString","coordinates":[[[-82.9802,35.76119],[-82.98072,35.76133],[-82.98138,35.76078]]]}},{"type":"Feature","properties":{"kind":"minor-water","name":"Rube Rock Branch","ftype":460,"lengthKm":0.24,"hu8":"06010106","pid":"{6E3BE9BF-C8EA-4EBD-BA81-531C9E8E6CF9}"},"geometry":{"type":"MultiLineString","coordinates":[[[-83.0324,35.75679],[-83.03426,35.75525]]]}},{"type":"Feature","properties":{"kind":"minor-water","name":"Rube Rock Branch","ftype":460,"lengthKm":0.05,"hu8":"06010106","pid":"{BD01002D-8944-4CD3-B995-CF99D9A1D8EB}"},"geometry":{"type":"MultiLineString","coordinates":[[[-83.02431,35.75841],[-83.02481,35.75868]]]}},{"type":"Feature","properties":{"kind":"minor-water","name":"Counterfeit Branch","ftype":460,"lengthKm":0.71,"hu8":"06010106","pid":"{F5063509-FEF5-408D-A7AB-F18E94632342}"},"geometry":{"type":"MultiLineString","coordinates":[[[-83.06105,35.75643],[-83.06209,35.75585],[-83.06317,35.75438],[-83.06374,35.75427],[-83.06557,35.75146]]]}},{"type":"Feature","properties":{"kind":"minor-water","name":"Rube Rock Branch","ftype":460,"lengthKm":0.09,"hu8":"06010106","pid":"{ED2A1E29-DD69-41F0-8A1A-199796352A4C}"},"geometry":{"type":"MultiLineString","coordinates":[[[-83.03146,35.75698],[-83.0324,35.75679]]]}},{"type":"Feature","properties":{"kind":"minor-water","name":"Cold Springs Creek","ftype":460,"lengthKm":0.09,"hu8":"06010106","pid":"{8172B908-EFC4-49EF-B1A9-46D2C17F4081}"},"geometry":{"type":"MultiLineString","coordinates":[[[-82.98436,35.7616],[-82.98534,35.76171]]]}},{"type":"Feature","properties":{"kind":"minor-water","name":"Cold Springs Creek","ftype":460,"lengthKm":0.06,"hu8":"06010106","pid":"{90F31A69-0E49-4A73-8FD0-678270284F28}"},"geometry":{"type":"MultiLineString","coordinates":[[[-82.99043,35.76133],[-82.99109,35.76139]]]}},{"type":"Feature","properties":{"kind":"minor-water","name":"Rube Rock Branch","ftype":460,"lengthKm":0.06,"hu8":"06010106","pid":"{D892188C-37F4-4928-9644-261FD3B42078}"},"geometry":{"type":"MultiLineString","coordinates":[[[-83.01365,35.76005],[-83.01424,35.75981]]]}},{"type":"Feature","properties":{"kind":"minor-water","name":"Rube Rock Branch","ftype":460,"lengthKm":0.06,"hu8":"06010106","pid":"{20A18035-42F5-4CB7-B449-647A1EED7D2F}"},"geometry":{"type":"MultiLineString","coordinates":[[[-83.02196,35.75921],[-83.02262,35.75919]]]}},{"type":"Feature","properties":{"kind":"minor-water","name":"Cold Springs Creek","ftype":460,"lengthKm":0.05,"hu8":"06010106","pid":"{74528727-890A-4B6A-9754-970ADE7A0189}"},"geometry":{"type":"MultiLineString","coordinates":[[[-82.97232,35.76533],[-82.97281,35.76512]]]}},{"type":"Feature","properties":{"kind":"minor-water","name":"Cold Springs Creek","ftype":460,"lengthKm":0.01,"hu8":"06010106","pid":"{D72F9B9B-6492-4E9C-A54F-E3F6A57B3A9F}"},"geometry":{"type":"MultiLineString","coordinates":[[[-82.9926,35.75995],[-82.99267,35.75987]]]}},{"type":"Feature","properties":{"kind":"minor-water","name":"Cold Springs Creek","ftype":460,"lengthKm":0.1,"hu8":"06010106","pid":"{9E1EF1FF-1093-4CBF-9470-3168CEDE8EBE}"},"geometry":{"type":"MultiLineString","coordinates":[[[-82.97695,35.7631],[-82.97727,35.76276],[-82.97707,35.76235]]]}},{"type":"Feature","properties":{"kind":"minor-water","name":"Raven Cliff Branch","ftype":460,"lengthKm":0.39,"hu8":"06010106","pid":"{270D602F-D38B-4AE2-8F68-F589FC83D2EE}"},"geometry":{"type":"MultiLineString","coordinates":[[[-82.97321,35.76249],[-82.97547,35.76367],[-82.97695,35.7631]]]}},{"type":"Feature","properties":{"kind":"minor-water","name":"Cold Springs Creek","ftype":460,"lengthKm":0.04,"hu8":"06010106","pid":"{FAB2B325-7078-4A49-9578-F04E96E07EB9}"},"geometry":{"type":"MultiLineString","coordinates":[[[-82.99229,35.76024],[-82.9926,35.75995]]]}},{"type":"Feature","properties":{"kind":"minor-water","name":"Cold Springs Creek","ftype":460,"lengthKm":0.07,"hu8":"06010106","pid":"{6929CEA1-4D38-41F0-BEAC-47DBB9D354A4}"},"geometry":{"type":"MultiLineString","coordinates":[[[-82.98548,35.76186],[-82.98602,35.76234]]]}},{"type":"Feature","properties":{"kind":"minor-water","name":"Rube Rock Branch","ftype":460,"lengthKm":0.35,"hu8":"06010106","pid":"{49D428BF-8128-4208-AF3D-3BF25B35C8E9}"},"geometry":{"type":"MultiLineString","coordinates":[[[-83.01014,35.76113],[-83.01134,35.76027],[-83.01365,35.76005]]]}},{"type":"Feature","properties":{"kind":"minor-water","name":"Groundhog Creek","ftype":460,"lengthKm":0.01,"hu8":"06010106","pid":"{32905602-70A0-431E-928E-D68A270706CF}"},"geometry":{"type":"MultiLineString","coordinates":[[[-83.03536,35.75963],[-83.03539,35.75953]]]}},{"type":"Feature","properties":{"kind":"minor-water","name":"Cold Springs Creek","ftype":460,"lengthKm":0.09,"hu8":"06010106","pid":"{839A6F02-0019-4813-9DAC-1E465F8F7AFF}"},"geometry":{"type":"MultiLineString","coordinates":[[[-82.98011,35.76156],[-82.98109,35.76174]]]}},{"type":"Feature","properties":{"kind":"minor-water","name":"Cold Springs Creek","ftype":460,"lengthKm":0.01,"hu8":"06010106","pid":"{69F2967D-4C65-42D3-A14A-E6F4DC2BE09A}"},"geometry":{"type":"MultiLineString","coordinates":[[[-82.99109,35.76139],[-82.99119,35.7614]]]}},{"type":"Feature","properties":{"kind":"minor-water","name":"Cold Springs Creek","ftype":460,"lengthKm":0.04,"hu8":"06010106","pid":"{6F56320D-CF28-4155-9F44-00EA7DDF3F29}"},"geometry":{"type":"MultiLineString","coordinates":[[[-82.98998,35.7615],[-82.99043,35.76133]]]}},{"type":"Feature","properties":{"kind":"minor-water","name":"Dry Branch","ftype":460,"lengthKm":0.37,"hu8":"06010106","pid":"{B0C65FD7-1F47-4168-ACB8-985A1BE05422}"},"geometry":{"type":"MultiLineString","coordinates":[[[-83.03633,35.76261],[-83.0364,35.76063],[-83.03536,35.75963]]]}},{"type":"Feature","properties":{"kind":"minor-water","name":"Pounding Mill Branch","ftype":460,"lengthKm":0.23,"hu8":"06010106","pid":"{1666C2FB-DB4F-4919-B215-E640D20A410A}"},"geometry":{"type":"MultiLineString","coordinates":[[[-82.99637,35.76543],[-82.99542,35.76439],[-82.99519,35.7636]]]}},{"type":"Feature","properties":{"kind":"minor-water","name":"Counterfeit Branch","ftype":460,"lengthKm":0.18,"hu8":"06010106","pid":"{C7A13D6D-F03D-4954-98BB-667512AFBE2B}"},"geometry":{"type":"MultiLineString","coordinates":[[[-83.05621,35.76285],[-83.05669,35.76128]]]}},{"type":"Feature","properties":{"kind":"minor-water","name":"Cold Springs Creek","ftype":460,"lengthKm":0.13,"hu8":"06010106","pid":"{F6C132FE-63A5-402B-BF74-00912670949A}"},"geometry":{"type":"MultiLineString","coordinates":[[[-82.97281,35.76512],[-82.97347,35.76468],[-82.97404,35.76472]]]}},{"type":"Feature","properties":{"kind":"minor-water","name":"Dry Branch","ftype":460,"lengthKm":0.11,"hu8":"06010106","pid":"{B1013830-42B7-4AC4-97FD-BBD64E3C0410}"},"geometry":{"type":"MultiLineString","coordinates":[[[-83.03579,35.76346],[-83.03633,35.76261]]]}},{"type":"Feature","properties":{"kind":"minor-water","name":"Skiffley Creek","ftype":460,"lengthKm":0.09,"hu8":"06010106","pid":"{5A9D3945-D7EE-4E47-824B-BA015D838AAD}"},"geometry":{"type":"MultiLineString","coordinates":[[[-83.04143,35.76618],[-83.04109,35.76542]]]}},{"type":"Feature","properties":{"kind":"minor-water","name":"Skiffley Creek","ftype":460,"lengthKm":0.28,"hu8":"06010106","pid":"{2484F01F-C9EA-482A-846E-AF6D9167CBF3}"},"geometry":{"type":"MultiLineString","coordinates":[[[-83.04015,35.76329],[-83.0391,35.76211],[-83.0388,35.76105]]]}},{"type":"Feature","properties":{"kind":"minor-water","name":"Counterfeit Branch","ftype":460,"lengthKm":0.09,"hu8":"06010106","pid":"{79D24AFC-3F69-42DA-AC96-A3C4976CA64A}"},"geometry":{"type":"MultiLineString","coordinates":[[[-83.05591,35.76362],[-83.05621,35.76285]]]}},{"type":"Feature","properties":{"kind":"minor-water","name":"Runyon Creek","ftype":460,"lengthKm":0.51,"hu8":"06010106","pid":"{AD99CFC6-614E-46E8-BDAA-766678E604EA}"},"geometry":{"type":"MultiLineString","coordinates":[[[-83.06328,35.76391],[-83.06466,35.76094],[-83.0649,35.75955]]]}},{"type":"Feature","properties":{"kind":"minor-water","name":"Groundhog Creek","ftype":460,"lengthKm":0.03,"hu8":"06010106","pid":"{20B22979-A81A-47C0-A249-6B6CAD249609}"},"geometry":{"type":"MultiLineString","coordinates":[[[-83.02816,35.76716],[-83.02845,35.76698]]]}},{"type":"Feature","properties":{"kind":"minor-water","name":"Groundhog Creek","ftype":460,"lengthKm":0.05,"hu8":"06010106","pid":"{21C84150-BA17-47BB-B981-D1C9036F84EF}"},"geometry":{"type":"MultiLineString","coordinates":[[[-83.02957,35.76667],[-83.02998,35.76643]]]}},{"type":"Feature","properties":{"kind":"minor-water","name":"Dry Branch","ftype":460,"lengthKm":0.04,"hu8":"06010106","pid":"{52B8CE90-2D29-4CF4-A3FB-9CE8FC91E229}"},"geometry":{"type":"MultiLineString","coordinates":[[[-83.03575,35.76382],[-83.03579,35.76346]]]}},{"type":"Feature","properties":{"kind":"minor-water","name":"Runyon Creek","ftype":460,"lengthKm":0.12,"hu8":"06010106","pid":"{F3B7D8B3-44F7-489B-87CB-687D039FCDBF}"},"geometry":{"type":"MultiLineString","coordinates":[[[-83.06298,35.76496],[-83.06328,35.76391]]]}},{"type":"Feature","properties":{"kind":"minor-water","name":"Skiffley Creek","ftype":460,"lengthKm":0.09,"hu8":"06010106","pid":"{35E6D238-F6D0-4040-BDA4-370F418DDF4C}"},"geometry":{"type":"MultiLineString","coordinates":[[[-83.04109,35.76542],[-83.04075,35.7647]]]}},{"type":"Feature","properties":{"kind":"minor-water","name":"Cherry Creek","ftype":460,"lengthKm":0.17,"hu8":"06010106","pid":"{573586C9-404E-4222-9732-549BEE770CDC}"},"geometry":{"type":"MultiLineString","coordinates":[[[-82.97124,35.76795],[-82.97083,35.76649]]]}},{"type":"Feature","properties":{"kind":"minor-water","name":"Cold Springs Creek","ftype":460,"lengthKm":0.03,"hu8":"06010106","pid":"{813028F3-33BF-47C9-8642-261473B12200}"},"geometry":{"type":"MultiLineString","coordinates":[[[-82.96813,35.76922],[-82.96829,35.76903]]]}},{"type":"Feature","properties":{"kind":"minor-water","name":"Runyon Creek","ftype":460,"lengthKm":0.13,"hu8":"06010106","pid":"{923A6718-2FA8-44D8-868E-08D0A311ABBE}"},"geometry":{"type":"MultiLineString","coordinates":[[[-83.06284,35.7661],[-83.06298,35.76496]]]}},{"type":"Feature","properties":{"kind":"minor-water","name":"Runyon Creek","ftype":460,"lengthKm":0.11,"hu8":"06010106","pid":"{AFFCF8A4-B9AE-4222-8442-D820474C35C4}"},"geometry":{"type":"MultiLineString","coordinates":[[[-83.0628,35.76712],[-83.06284,35.7661]]]}},{"type":"Feature","properties":{"kind":"minor-water","name":"Dry Branch","ftype":460,"lengthKm":0.47,"hu8":"06010106","pid":"{857D2335-D796-4669-AAE0-C1E20B6A56C6}"},"geometry":{"type":"MultiLineString","coordinates":[[[-83.03551,35.76804],[-83.03575,35.76382]]]}},{"type":"Feature","properties":{"kind":"minor-water","name":"Cold Springs Creek","ftype":460,"lengthKm":0.01,"hu8":"06010106","pid":"{6940996B-7413-4F78-9925-3BFC770F3DD1}"},"geometry":{"type":"MultiLineString","coordinates":[[[-82.96663,35.77056],[-82.96667,35.7705]]]}},{"type":"Feature","properties":{"kind":"minor-water","name":"Pounding Mill Branch","ftype":460,"lengthKm":0.17,"hu8":"06010106","pid":"{572BCC5A-6BDA-45F0-863D-81E4B9A8D1D5}"},"geometry":{"type":"MultiLineString","coordinates":[[[-82.99642,35.7716],[-82.99594,35.77133],[-82.99595,35.77031]]]}},{"type":"Feature","properties":{"kind":"minor-water","name":"Groundhog Creek","ftype":460,"lengthKm":0.14,"hu8":"06010106","pid":"{C2483A6A-4DF8-4E0C-B199-28EDC9C60973}"},"geometry":{"type":"MultiLineString","coordinates":[[[-83.02587,35.77021],[-83.02626,35.76897]]]}},{"type":"Feature","properties":{"kind":"minor-water","name":"Cherry Creek","ftype":460,"lengthKm":0.15,"hu8":"06010106","pid":"{79D130FF-A5E2-4150-BF3C-91D16AEBD4B6}"},"geometry":{"type":"MultiLineString","coordinates":[[[-82.97158,35.77082],[-82.9715,35.76946]]]}},{"type":"Feature","properties":{"kind":"minor-water","name":"Runyon Creek","ftype":460,"lengthKm":0.09,"hu8":"06010106","pid":"{5CBE21DD-CBA0-43EA-90DE-8C7CDFB051E4}"},"geometry":{"type":"MultiLineString","coordinates":[[[-83.06287,35.7679],[-83.0628,35.76712]]]}},{"type":"Feature","properties":{"kind":"minor-water","name":"Pounding Mill Branch","ftype":460,"lengthKm":0.01,"hu8":"06010106","pid":"{5E1E5E6F-758D-4DF6-98C9-8B21F1C0E3CE}"},"geometry":{"type":"MultiLineString","coordinates":[[[-82.99617,35.76956],[-82.99619,35.76947]]]}},{"type":"Feature","properties":{"kind":"minor-water","name":"Cherry Creek","ftype":460,"lengthKm":0.13,"hu8":"06010106","pid":"{00044C97-8328-491C-B592-198A25B719B2}"},"geometry":{"type":"MultiLineString","coordinates":[[[-82.97154,35.77196],[-82.97158,35.77082]]]}},{"type":"Feature","properties":{"kind":"minor-water","name":"Runyon Creek","ftype":460,"lengthKm":0.2,"hu8":"06010106","pid":"{9E6464C2-94E2-4948-8AB3-771E015A6E6A}"},"geometry":{"type":"MultiLineString","coordinates":[[[-83.0624,35.76965],[-83.06287,35.7679]]]}},{"type":"Feature","properties":{"kind":"minor-water","name":"Dry Branch","ftype":460,"lengthKm":0.25,"hu8":"06010106","pid":"{F679D19D-71C8-49C8-800F-423B344BC1A1}"},"geometry":{"type":"MultiLineString","coordinates":[[[-83.03459,35.77002],[-83.03566,35.76861],[-83.03551,35.76804]]]}},{"type":"Feature","properties":{"kind":"minor-water","name":"Runyon Creek","ftype":460,"lengthKm":0.03,"hu8":"06010106","pid":"{AE0ACCD7-E80D-424D-BE1C-155EFAE3B45A}"},"geometry":{"type":"MultiLineString","coordinates":[[[-83.06228,35.76992],[-83.0624,35.76965]]]}},{"type":"Feature","properties":{"kind":"minor-water","name":"Runyon Creek","ftype":460,"lengthKm":0.06,"hu8":"06010106","pid":"{049FE47A-B300-4674-8D79-C36017DC42F7}"},"geometry":{"type":"MultiLineString","coordinates":[[[-83.06223,35.77047],[-83.06228,35.76992]]]}},{"type":"Feature","properties":{"kind":"minor-water","name":"Holly Bottom Branch","ftype":460,"lengthKm":0.11,"hu8":"06010106","pid":"{C849AE15-47DB-4896-BE59-37E42BC3F0A0}"},"geometry":{"type":"MultiLineString","coordinates":[[[-83.02806,35.77497],[-83.02685,35.77496]]]}},{"type":"Feature","properties":{"kind":"minor-water","name":"Dry Branch","ftype":460,"lengthKm":0.08,"hu8":"06010106","pid":"{D0503337-9BC4-4548-9AEC-849BD9120B2E}"},"geometry":{"type":"MultiLineString","coordinates":[[[-83.03447,35.77077],[-83.03459,35.77002]]]}},{"type":"Feature","properties":{"kind":"minor-water","name":"Ephraim Branch","ftype":460,"lengthKm":0.38,"hu8":"06010106","pid":"{EE9140F3-2A8E-4C7F-B5CE-140500D72B5C}"},"geometry":{"type":"MultiLineString","coordinates":[[[-83.02149,35.77407],[-83.02368,35.77195],[-83.02447,35.7718]]]}},{"type":"Feature","properties":{"kind":"minor-water","name":"Skiffley Creek","ftype":460,"lengthKm":0.15,"hu8":"06010106","pid":"{B2AEE85A-597F-4436-A85A-3C60B791B67C}"},"geometry":{"type":"MultiLineString","coordinates":[[[-83.04789,35.77407],[-83.04811,35.77273]]]}},{"type":"Feature","properties":{"kind":"minor-water","name":"Cold Springs Creek","ftype":460,"lengthKm":0.25,"hu8":"06010106","pid":"{0745F2FC-2865-476D-A327-27173CCFCB1C}"},"geometry":{"type":"MultiLineString","coordinates":[[[-82.95858,35.7758],[-82.9588,35.7748],[-82.95998,35.77402]]]}},{"type":"Feature","properties":{"kind":"minor-water","name":"Snowbird Creek","ftype":460,"lengthKm":0.09,"hu8":"06010106","pid":"{6AE7A420-384F-42B7-8225-96DCCA3B4C71}"},"geometry":{"type":"MultiLineString","coordinates":[[[-83.07763,35.77562],[-83.07855,35.77538]]]}},{"type":"Feature","properties":{"kind":"minor-water","name":"Runyon Creek","ftype":460,"lengthKm":0.06,"hu8":"06010106","pid":"{D0355A5A-1747-4240-8E82-BDC3AADA02C9}"},"geometry":{"type":"MultiLineString","coordinates":[[[-83.06097,35.77405],[-83.06133,35.77355]]]}},{"type":"Feature","properties":{"kind":"minor-water","name":"Groundhog Creek","ftype":460,"lengthKm":0.09,"hu8":"06010106","pid":"{1F66B72F-B5C5-47D2-8CE3-8969EA933492}"},"geometry":{"type":"MultiLineString","coordinates":[[[-83.02681,35.77689],[-83.02694,35.77608]]]}},{"type":"Feature","properties":{"kind":"minor-water","name":"Cold Springs Creek","ftype":460,"lengthKm":0.15,"hu8":"06010106","pid":"{13AADA62-28A3-4BE1-84E4-6BF0E11AB76B}"},"geometry":{"type":"MultiLineString","coordinates":[[[-82.95593,35.77778],[-82.95658,35.77764],[-82.95722,35.77703]]]}},{"type":"Feature","properties":{"kind":"minor-water","name":"Ephraim Branch","ftype":460,"lengthKm":0.21,"hu8":"06010106","pid":"{8D123D5C-1097-4510-898D-4A2903006451}"},"geometry":{"type":"MultiLineString","coordinates":[[[-83.02109,35.77592],[-83.02149,35.77407]]]}},{"type":"Feature","properties":{"kind":"minor-water","name":"Cold Springs Creek","ftype":460,"lengthKm":0.14,"hu8":"06010106","pid":"{A050D6BF-0706-4D17-A691-A4684668E053}"},"geometry":{"type":"MultiLineString","coordinates":[[[-82.95627,35.77902],[-82.95593,35.77778]]]}},{"type":"Feature","properties":{"kind":"minor-water","name":"Snowbird Creek","ftype":460,"lengthKm":0.28,"hu8":"06010106","pid":"{DAF396E2-0F77-4DEA-A3D3-C6540AA60B63}"},"geometry":{"type":"MultiLineString","coordinates":[[[-83.06962,35.77781],[-83.07082,35.77729],[-83.07258,35.77701]]]}},{"type":"Feature","properties":{"kind":"minor-water","name":"Chestnut Orchard Branch","ftype":460,"lengthKm":0.12,"hu8":"06010106","pid":"{E51E7DA6-B975-486F-BCA1-05B3A4FB8E49}"},"geometry":{"type":"MultiLineString","coordinates":[[[-83.01125,35.77624],[-83.01194,35.77536]]]}},{"type":"Feature","properties":{"kind":"minor-water","name":"Dry Branch","ftype":460,"lengthKm":0.2,"hu8":"06010106","pid":"{77C416B3-52A0-43E1-B235-EDEA92C8E7E5}"},"geometry":{"type":"MultiLineString","coordinates":[[[-83.03547,35.77506],[-83.03412,35.77452],[-83.03372,35.774]]]}},{"type":"Feature","properties":{"kind":"minor-water","name":"Ephraim Branch","ftype":460,"lengthKm":0.1,"hu8":"06010106","pid":"{D43FE716-C22F-41D5-812D-61522CB62B06}"},"geometry":{"type":"MultiLineString","coordinates":[[[-83.0208,35.77676],[-83.02109,35.77592]]]}},{"type":"Feature","properties":{"kind":"minor-water","name":"Snowbird Creek","ftype":460,"lengthKm":0.17,"hu8":"06010106","pid":"{462A5434-DE20-49B8-B8C8-01F9F25BF925}"},"geometry":{"type":"MultiLineString","coordinates":[[[-83.06788,35.77831],[-83.06855,35.77832],[-83.06962,35.77781]]]}},{"type":"Feature","properties":{"kind":"minor-water","name":"Snowbird Creek","ftype":460,"lengthKm":0.09,"hu8":"06010106","pid":"{231E413C-CF40-4889-8ACC-462D792E5BC6}"},"geometry":{"type":"MultiLineString","coordinates":[[[-83.07561,35.77622],[-83.07654,35.77594]]]}},{"type":"Feature","properties":{"kind":"minor-water","name":"Cherry Creek","ftype":460,"lengthKm":0.13,"hu8":"06010106","pid":"{DB7999B8-D6C2-411D-AD06-8E3E8AA874DB}"},"geometry":{"type":"MultiLineString","coordinates":[[[-82.96878,35.78062],[-82.97002,35.78007]]]}},{"type":"Feature","properties":{"kind":"minor-water","name":"Runyon Creek","ftype":460,"lengthKm":0.22,"hu8":"06010106","pid":"{ECF657AD-893A-4B1C-BA1C-E2DE1EF309C6}"},"geometry":{"type":"MultiLineString","coordinates":[[[-83.05473,35.77849],[-83.0568,35.7775]]]}},{"type":"Feature","properties":{"kind":"minor-water","name":"Dry Branch","ftype":460,"lengthKm":0.39,"hu8":"06010106","pid":"{BF897A6C-1799-4C5B-A649-D525141AF42D}"},"geometry":{"type":"MultiLineString","coordinates":[[[-83.03833,35.77753],[-83.03773,35.77718],[-83.03678,35.77572],[-83.03547,35.77506]]]}},{"type":"Feature","properties":{"kind":"minor-water","name":"Runyon Creek","ftype":460,"lengthKm":0.16,"hu8":"06010106","pid":"{D1747667-B8F8-40A7-8A79-54BB8F7640C2}"},"geometry":{"type":"MultiLineString","coordinates":[[[-83.05697,35.77737],[-83.05789,35.77685],[-83.05811,35.77638]]]}},{"type":"Feature","properties":{"kind":"minor-water","name":"Ephraim Branch","ftype":460,"lengthKm":0.16,"hu8":"06010106","pid":"{B2C12816-F077-4BF0-8F62-956E3645C039}"},"geometry":{"type":"MultiLineString","coordinates":[[[-83.01851,35.77903],[-83.02003,35.77828]]]}},{"type":"Feature","properties":{"kind":"minor-water","name":"Snowbird Creek","ftype":460,"lengthKm":0.09,"hu8":"06010106","pid":"{F7134C6A-F96F-4AB8-867E-9F15178E2415}"},"geometry":{"type":"MultiLineString","coordinates":[[[-83.06569,35.77883],[-83.06659,35.77842]]]}},{"type":"Feature","properties":{"kind":"minor-water","name":"Holly Bottom Branch","ftype":460,"lengthKm":0.5,"hu8":"06010106","pid":"{51592867-BD88-436E-B2E9-7D04BC474852}"},"geometry":{"type":"MultiLineString","coordinates":[[[-83.03115,35.77857],[-83.02995,35.77758],[-83.02948,35.77627],[-83.02806,35.77497]]]}},{"type":"Feature","properties":{"kind":"minor-water","name":"Snowbird Creek","ftype":460,"lengthKm":0.08,"hu8":"06010106","pid":"{A5BA8019-51D3-4F79-A4CE-90100D2C66FB}"},"geometry":{"type":"MultiLineString","coordinates":[[[-83.06659,35.77842],[-83.06747,35.77841]]]}},{"type":"Feature","properties":{"kind":"minor-water","name":"Snowbird Creek","ftype":460,"lengthKm":0.13,"hu8":"06010106","pid":"{E0520C58-157C-4967-833D-26577A4914CA}"},"geometry":{"type":"MultiLineString","coordinates":[[[-83.07426,35.77667],[-83.07561,35.77622]]]}},{"type":"Feature","properties":{"kind":"minor-water","name":"Runyon Creek","ftype":460,"lengthKm":0.02,"hu8":"06010106","pid":"{DA814D9A-2C70-4464-A26C-19EC893F533E}"},"geometry":{"type":"MultiLineString","coordinates":[[[-83.0568,35.7775],[-83.05697,35.77737]]]}},{"type":"Feature","properties":{"kind":"minor-water","name":"Skiffley Creek","ftype":460,"lengthKm":0.37,"hu8":"06010106","pid":"{523A3F4E-8874-4716-BF56-584D1D59FF45}"},"geometry":{"type":"MultiLineString","coordinates":[[[-83.04696,35.77735],[-83.04694,35.77624],[-83.04789,35.77414]]]}},{"type":"Feature","properties":{"kind":"minor-water","name":"Cherry Creek","ftype":460,"lengthKm":0.06,"hu8":"06010106","pid":"{6E382BCE-EB4B-4AEC-8A37-264FA0A7EAD3}"},"geometry":{"type":"MultiLineString","coordinates":[[[-82.96724,35.78195],[-82.96786,35.78184]]]}},{"type":"Feature","properties":{"kind":"minor-water","name":"Dry Branch","ftype":460,"lengthKm":0.17,"hu8":"06010106","pid":"{A8AE6A11-52F0-4A29-994E-1EA5022EAC5D}"},"geometry":{"type":"MultiLineString","coordinates":[[[-83.03983,35.77851],[-83.03833,35.77753]]]}},{"type":"Feature","properties":{"kind":"minor-water","name":"Ephraim Branch","ftype":460,"lengthKm":0.19,"hu8":"06010106","pid":"{C12DFED7-260F-41D0-82DF-D133A7E51AA8}"},"geometry":{"type":"MultiLineString","coordinates":[[[-83.01683,35.77984],[-83.01832,35.77936],[-83.01851,35.77903]]]}},{"type":"Feature","properties":{"kind":"minor-water","name":"Skiffley Creek","ftype":460,"lengthKm":0.12,"hu8":"06010106","pid":"{170D1487-E242-4137-B871-32F482329DD6}"},"geometry":{"type":"MultiLineString","coordinates":[[[-83.04714,35.77838],[-83.04728,35.77787],[-83.04696,35.77735]]]}},{"type":"Feature","properties":{"kind":"minor-water","name":"Groundhog Creek","ftype":460,"lengthKm":0.11,"hu8":"06010106","pid":"{10660BA8-E711-428A-8E79-D4989AC77790}"},"geometry":{"type":"MultiLineString","coordinates":[[[-83.0267,35.77792],[-83.02684,35.77696]]]}},{"type":"Feature","properties":{"kind":"minor-water","name":"Snowbird Creek","ftype":460,"lengthKm":0.04,"hu8":"06010106","pid":"{A381C46A-5910-4A55-A404-E2D0B5696253}"},"geometry":{"type":"MultiLineString","coordinates":[[[-83.06747,35.77841],[-83.06788,35.77831]]]}},{"type":"Feature","properties":{"kind":"minor-water","name":"Snowbird Creek","ftype":460,"lengthKm":0.11,"hu8":"06010106","pid":"{59AFB957-331B-42BD-A68C-4949413B7B02}"},"geometry":{"type":"MultiLineString","coordinates":[[[-83.06406,35.78094],[-83.06446,35.77997]]]}},{"type":"Feature","properties":{"kind":"minor-water","name":"Snowbird Creek","ftype":460,"lengthKm":0.1,"hu8":"06010106","pid":"{79C0B233-082B-4348-A016-02B61238A902}"},"geometry":{"type":"MultiLineString","coordinates":[[[-83.0801,35.77539],[-83.08115,35.77512]]]}},{"type":"Feature","properties":{"kind":"minor-water","name":"Painter Branch","ftype":460,"lengthKm":0.14,"hu8":"06010106","pid":"{DF6152E8-3C73-4266-A7D3-C2D38B8E4EAB}"},"geometry":{"type":"MultiLineString","coordinates":[[[-83.08649,35.77844],[-83.08668,35.77715]]]}},{"type":"Feature","properties":{"kind":"minor-water","name":"Holly Bottom Branch","ftype":460,"lengthKm":0.42,"hu8":"06010106","pid":"{862D3E49-B389-44DA-AD61-4C6B36AC670D}"},"geometry":{"type":"MultiLineString","coordinates":[[[-83.035,35.78067],[-83.03285,35.77988],[-83.03115,35.77857]]]}},{"type":"Feature","properties":{"kind":"minor-water","name":"Skiffley Creek","ftype":460,"lengthKm":0.03,"hu8":"06010106","pid":"{49F7C250-29D1-45DC-9B84-07B882EEA390}"},"geometry":{"type":"MultiLineString","coordinates":[[[-83.04699,35.77859],[-83.04714,35.77838]]]}},{"type":"Feature","properties":{"kind":"minor-water","name":"Holly Bottom Branch","ftype":460,"lengthKm":0.13,"hu8":"06010106","pid":"{25F2D6F5-B0D9-4721-8ACD-34966824DC2E}"},"geometry":{"type":"MultiLineString","coordinates":[[[-83.03733,35.78088],[-83.03589,35.78084]]]}},{"type":"Feature","properties":{"kind":"minor-water","name":"Cherry Creek","ftype":460,"lengthKm":0.13,"hu8":"06010106","pid":"{3A205A9E-5A93-45B8-AC55-5E6A51DF6BA5}"},"geometry":{"type":"MultiLineString","coordinates":[[[-82.96605,35.78254],[-82.96724,35.78195]]]}},{"type":"Feature","properties":{"kind":"minor-water","name":"Skiffley Creek","ftype":460,"lengthKm":0.12,"hu8":"06010106","pid":"{8F73B0D9-6816-4B1C-8DF5-47C4B576A2E2}"},"geometry":{"type":"MultiLineString","coordinates":[[[-83.04718,35.77969],[-83.04699,35.77859]]]}},{"type":"Feature","properties":{"kind":"minor-water","name":"Snowbird Creek","ftype":460,"lengthKm":0.03,"hu8":"06010106","pid":"{7E01BB20-F60B-44DB-A6D5-EEE8CA8BDE62}"},"geometry":{"type":"MultiLineString","coordinates":[[[-83.05533,35.78275],[-83.05568,35.78271]]]}},{"type":"Feature","properties":{"kind":"minor-water","name":"Holly Bottom Branch","ftype":460,"lengthKm":0.08,"hu8":"06010106","pid":"{4C918885-D42A-4A71-A2DC-3C3AF098D756}"},"geometry":{"type":"MultiLineString","coordinates":[[[-83.03589,35.78084],[-83.035,35.78067]]]}},{"type":"Feature","properties":{"kind":"minor-water","name":"Snowbird Creek","ftype":460,"lengthKm":0.23,"hu8":"06010106","pid":"{3158FCB2-A07F-41DA-A489-2FFC926CCCE7}"},"geometry":{"type":"MultiLineString","coordinates":[[[-83.05568,35.78271],[-83.05814,35.78311]]]}},{"type":"Feature","properties":{"kind":"minor-water","name":"Cherry Creek","ftype":460,"lengthKm":0.34,"hu8":"06010106","pid":"{E27AF409-B7CB-4847-BDE4-DF9AA90CC51C}"},"geometry":{"type":"MultiLineString","coordinates":[[[-82.96152,35.78576],[-82.96311,35.78299]]]}},{"type":"Feature","properties":{"kind":"minor-water","name":"Snowbird Creek","ftype":460,"lengthKm":0.18,"hu8":"06010106","pid":"{B2EF81E9-498C-4ABD-A83D-BD1F58C593CD}"},"geometry":{"type":"MultiLineString","coordinates":[[[-83.05347,35.7834],[-83.05533,35.78275]]]}},{"type":"Feature","properties":{"kind":"minor-water","name":"Snowbird Creek","ftype":460,"lengthKm":0.16,"hu8":"06010106","pid":"{F6B814E3-37E1-4AE5-8189-3C6C909314B7}"},"geometry":{"type":"MultiLineString","coordinates":[[[-83.06266,35.78189],[-83.06406,35.78094]]]}},{"type":"Feature","properties":{"kind":"minor-water","name":"Snowbird Creek","ftype":460,"lengthKm":0.23,"hu8":"06010106","pid":"{FA5D1775-FB13-4E66-AC94-1C0FFB0A4F6A}"},"geometry":{"type":"MultiLineString","coordinates":[[[-83.05182,35.78491],[-83.05329,35.78387],[-83.05347,35.7834]]]}},{"type":"Feature","properties":{"kind":"minor-water","name":"Pigeon River","ftype":558,"lengthKm":0.03,"hu8":"06010106","pid":"{61C6BCF4-39BB-4B1D-A3DD-CF2F704EDD48}"},"geometry":{"type":"MultiLineString","coordinates":[[[-83.03048,35.67336],[-83.0308,35.6735]]]}},{"type":"Feature","properties":{"kind":"minor-water","name":"Stevens Creek","ftype":460,"lengthKm":0.03,"hu8":"06010106","pid":"{29EAE64E-2171-4FFE-93E0-63523B04E8D7}"},"geometry":{"type":"MultiLineString","coordinates":[[[-83.02255,35.67101],[-83.02275,35.67124]]]}},{"type":"Feature","properties":{"kind":"minor-water","name":"Laurel Branch","ftype":558,"lengthKm":0.09,"hu8":"06010106","pid":"{2BB06D44-41B7-4C30-9600-1477244D866D}"},"geometry":{"type":"MultiLineString","coordinates":[[[-83.01382,35.67372],[-83.01466,35.67333]]]}},{"type":"Feature","properties":{"kind":"minor-water","name":"Huskycamp Branch","ftype":558,"lengthKm":0.02,"hu8":"06010106","pid":"{37C3BE70-47AC-4A6D-BC29-2B2516BE33AD}"},"geometry":{"type":"MultiLineString","coordinates":[[[-83.15761,35.81751],[-83.15746,35.81734]]]}},{"type":"Feature","properties":{"kind":"minor-water","name":"Messer Branch","ftype":558,"lengthKm":0.17,"hu8":"06010106","pid":"{04391FAF-F002-497B-AE2B-FA1B4088ADF9}"},"geometry":{"type":"MultiLineString","coordinates":[[[-83.01479,35.67179],[-83.01442,35.67326]]]}},{"type":"Feature","properties":{"kind":"minor-water","name":"Camp Branch","ftype":558,"lengthKm":0.08,"hu8":"06010106","pid":"{1F2AC392-0DCC-496B-A1BE-8BE76B3307C7}"},"geometry":{"type":"MultiLineString","coordinates":[[[-83.0068,35.67089],[-83.00684,35.67016]]]}},{"type":"Feature","properties":{"kind":"minor-water","name":"Camp Branch","ftype":460,"lengthKm":0.35,"hu8":"06010106","pid":"{A2942F3E-BA47-4D76-8C34-43C790DDA454}"},"geometry":{"type":"MultiLineString","coordinates":[[[-83.00327,35.69058],[-83.00214,35.6892],[-83.00157,35.68781]]]}},{"type":"Feature","properties":{"kind":"minor-water","name":"Camp Branch","ftype":558,"lengthKm":0.02,"hu8":"06010106","pid":"{C173046F-9F2B-42DA-8B05-19323B2F249E}"},"geometry":{"type":"MultiLineString","coordinates":[[[-83.00112,35.68558],[-83.00098,35.68539]]]}},{"type":"Feature","properties":{"kind":"minor-water","name":"Stevens Creek","ftype":460,"lengthKm":0.04,"hu8":"06010106","pid":"{BB32A5D1-E00D-47C6-ABF3-957DEA9F5135}"},"geometry":{"type":"MultiLineString","coordinates":[[[-83.03309,35.65321],[-83.0331,35.65359]]]}},{"type":"Feature","properties":{"kind":"minor-water","name":"Camp Branch","ftype":460,"lengthKm":0.04,"hu8":"06010106","pid":"{FDB42FC5-143E-4EB4-97F7-75C4E76A952E}"},"geometry":{"type":"MultiLineString","coordinates":[[[-83.00253,35.67831],[-83.00238,35.678]]]}},{"type":"Feature","properties":{"kind":"minor-water","name":"James Branch","ftype":460,"lengthKm":0.03,"hu8":"06010106","pid":"{D8CED3EB-1A93-4BD1-8902-6D49A882D2C2}"},"geometry":{"type":"MultiLineString","coordinates":[[[-82.94048,35.65995],[-82.94044,35.66023]]]}},{"type":"Feature","properties":{"kind":"minor-water","name":"Skiffley Creek","ftype":558,"lengthKm":0.02,"hu8":"06010106","pid":"{0D8F0776-297D-407F-BE53-863676866A5C}"},"geometry":{"type":"MultiLineString","coordinates":[[[-83.03795,35.75615],[-83.03803,35.75599]]]}},{"type":"Feature","properties":{"kind":"minor-water","name":"James Branch","ftype":460,"lengthKm":0.01,"hu8":"06010106","pid":"{AE2A25C6-8CB9-4295-8252-FB31172E6811}"},"geometry":{"type":"MultiLineString","coordinates":[[[-82.94044,35.66023],[-82.94045,35.66031]]]}},{"type":"Feature","properties":{"kind":"minor-water","name":"Martin Creek","ftype":460,"lengthKm":0.2,"hu8":"06010106","pid":"{C1FA81AD-DD1F-4D47-885F-8623BB969629}"},"geometry":{"type":"MultiLineString","coordinates":[[[-82.97821,35.68111],[-82.97921,35.68037],[-82.97929,35.67969]]]}},{"type":"Feature","properties":{"kind":"minor-water","name":"Laurel Branch","ftype":460,"lengthKm":0.27,"hu8":"06010106","pid":"{C03CEEA3-29C0-47AC-A295-8AA52C116969}"},"geometry":{"type":"MultiLineString","coordinates":[[[-83.00817,35.68346],[-83.0081,35.68106]]]}},{"type":"Feature","properties":{"kind":"minor-water","name":"Turkey Creek","ftype":460,"lengthKm":0.06,"hu8":"06010106","pid":"{9B09D5AB-CB8C-4C58-BB2A-CF01E33373CC}"},"geometry":{"type":"MultiLineString","coordinates":[[[-82.91833,35.68826],[-82.91896,35.68828]]]}},{"type":"Feature","properties":{"kind":"minor-water","name":"Fines Creek","ftype":460,"lengthKm":0.17,"hu8":"06010106","pid":"{DD8E8A0F-460F-4560-A90B-0127EA277EF0}"},"geometry":{"type":"MultiLineString","coordinates":[[[-82.93989,35.68858],[-82.94146,35.68777]]]}},{"type":"Feature","properties":{"kind":"minor-water","name":"Stevens Creek","ftype":460,"lengthKm":0.17,"hu8":"06010106","pid":"{1B09FEAB-A61F-44D8-9370-2E631A2A7813}"},"geometry":{"type":"MultiLineString","coordinates":[[[-83.04059,35.63587],[-83.04079,35.63735]]]}},{"type":"Feature","properties":{"kind":"minor-water","name":"Cove Creek","ftype":460,"lengthKm":0.03,"hu8":"06010106","pid":"{47E1A2D8-D5B7-4617-A566-FBAAAEB60E36}"},"geometry":{"type":"MultiLineString","coordinates":[[[-82.91295,35.67686],[-82.91323,35.6769]]]}},{"type":"Feature","properties":{"kind":"minor-water","name":"Pigeon River","ftype":558,"lengthKm":0.09,"hu8":"06010106","pid":"{E4A438E5-118B-49FD-A8D2-F6B36301D1FE}"},"geometry":{"type":"MultiLineString","coordinates":[[[-83.00022,35.67036],[-83.00124,35.67052]]]}},{"type":"Feature","properties":{"kind":"minor-water","name":"Fines Creek","ftype":460,"lengthKm":0.16,"hu8":"06010106","pid":"{A31CFE2E-1C47-42FC-AF1E-01487329987D}"},"geometry":{"type":"MultiLineString","coordinates":[[[-82.94824,35.68303],[-82.94972,35.68227]]]}},{"type":"Feature","properties":{"kind":"minor-water","name":"Pigeon River","ftype":558,"lengthKm":0.03,"hu8":"06010106","pid":"{9E1E3BA4-D287-400E-A4B3-89E68122843C}"},"geometry":{"type":"MultiLineString","coordinates":[[[-83.0027,35.67079],[-83.00307,35.67082]]]}},{"type":"Feature","properties":{"kind":"minor-water","name":"Pigeon River","ftype":558,"lengthKm":0.14,"hu8":"06010106","pid":"{7669EC16-7D77-4B13-B43B-4474598B841E}"},"geometry":{"type":"MultiLineString","coordinates":[[[-83.01955,35.67396],[-83.02109,35.67381]]]}},{"type":"Feature","properties":{"kind":"minor-water","name":"Pigeon River","ftype":558,"lengthKm":0.01,"hu8":"06010106","pid":"{58305984-BD07-4667-8FDC-8CE992A27EFC}"},"geometry":{"type":"MultiLineString","coordinates":[[[-83.01939,35.67396],[-83.01955,35.67396]]]}},{"type":"Feature","properties":{"kind":"minor-water","name":"Pigeon River","ftype":558,"lengthKm":0.07,"hu8":"06010106","pid":"{C0AE3810-EC40-4C1B-AB3D-D7B0CCE22566}"},"geometry":{"type":"MultiLineString","coordinates":[[[-83.0237,35.67311],[-83.02449,35.67299]]]}},{"type":"Feature","properties":{"kind":"minor-water","name":"Pigeon River","ftype":558,"lengthKm":0.08,"hu8":"06010106","pid":"{1AE6DCBB-235A-4952-B4B7-874104208081}"},"geometry":{"type":"MultiLineString","coordinates":[[[-83.02281,35.67334],[-83.0237,35.67311]]]}},{"type":"Feature","properties":{"kind":"minor-water","name":"James Branch","ftype":460,"lengthKm":0.07,"hu8":"06010106","pid":"{C6B9C1A3-0D7B-4C97-AF46-B6C094182D65}"},"geometry":{"type":"MultiLineString","coordinates":[[[-82.94684,35.65116],[-82.94638,35.65162]]]}},{"type":"Feature","properties":{"kind":"minor-water","name":"Messer Branch","ftype":460,"lengthKm":0.07,"hu8":"06010106","pid":"{5BCF7C73-513F-4DEB-A649-4731BA7D611F}"},"geometry":{"type":"MultiLineString","coordinates":[[[-83.01865,35.65636],[-83.01859,35.65701]]]}},{"type":"Feature","properties":{"kind":"minor-water","name":"White Oak Creek","ftype":558,"lengthKm":0.06,"hu8":"06010106","pid":"{8A1BA5F2-7282-499B-A6B1-DA8DAFEFFE5E}"},"geometry":{"type":"MultiLineString","coordinates":[[[-83.03607,35.67367],[-83.03564,35.67405]]]}},{"type":"Feature","properties":{"kind":"minor-water","name":"Pigeon River","ftype":558,"lengthKm":0.07,"hu8":"06010106","pid":"{E543D05D-0B74-4652-9AA3-D1BABF56F045}"},"geometry":{"type":"MultiLineString","coordinates":[[[-83.03429,35.67568],[-83.03483,35.67611]]]}},{"type":"Feature","properties":{"kind":"minor-water","name":"Pigeon River","ftype":558,"lengthKm":0.01,"hu8":"06010106","pid":"{1F2B0F82-7FAA-4462-B3D0-3A6C8807CD20}"},"geometry":{"type":"MultiLineString","coordinates":[[[-83.03419,35.67561],[-83.03429,35.67568]]]}},{"type":"Feature","properties":{"kind":"minor-water","name":"Pigeon River","ftype":558,"lengthKm":0.15,"hu8":"06010106","pid":"{8B120E7F-6CF3-407B-8578-E311BD3C6C8E}"},"geometry":{"type":"MultiLineString","coordinates":[[[-83.03483,35.67611],[-83.03559,35.6773]]]}},{"type":"Feature","properties":{"kind":"minor-water","name":"Pigeon River","ftype":558,"lengthKm":0.14,"hu8":"06010106","pid":"{7EAB04B2-4594-4E35-A3AC-2B4F355598A4}"},"geometry":{"type":"MultiLineString","coordinates":[[[-83.02653,35.67274],[-83.02812,35.67278]]]}},{"type":"Feature","properties":{"kind":"minor-water","name":"Pigeon River","ftype":558,"lengthKm":0.09,"hu8":"06010106","pid":"{1F7CF2D8-DA3A-4CC5-BD30-5CD8103986C9}"},"geometry":{"type":"MultiLineString","coordinates":[[[-83.02553,35.67285],[-83.02653,35.67274]]]}},{"type":"Feature","properties":{"kind":"minor-water","name":"Laurel Branch","ftype":460,"lengthKm":0.17,"hu8":"06010106","pid":"{1D34D728-C745-4C0F-9D15-D8E183072EA3}"},"geometry":{"type":"MultiLineString","coordinates":[[[-83.00808,35.68061],[-83.00879,35.67982],[-83.00884,35.67927]]]}},{"type":"Feature","properties":{"kind":"minor-water","name":"Camp Branch","ftype":460,"lengthKm":0.06,"hu8":"06010106","pid":"{6D6C2EE1-6C08-4158-A567-B1D0144BFD9C}"},"geometry":{"type":"MultiLineString","coordinates":[[[-83.00098,35.68539],[-83.00071,35.68486]]]}},{"type":"Feature","properties":{"kind":"minor-water","name":"Turkey Creek","ftype":460,"lengthKm":0.17,"hu8":"06010106","pid":"{6432A64D-4FFB-4A3F-8EEC-537205D5D60D}"},"geometry":{"type":"MultiLineString","coordinates":[[[-82.92747,35.6889],[-82.92788,35.68879],[-82.92909,35.68945]]]}},{"type":"Feature","properties":{"kind":"minor-water","name":"Fines Creek","ftype":460,"lengthKm":0.13,"hu8":"06010106","pid":"{599562BD-D945-44CA-83EB-5BC518BCC814}"},"geometry":{"type":"MultiLineString","coordinates":[[[-82.939,35.68947],[-82.93989,35.68858]]]}},{"type":"Feature","properties":{"kind":"minor-water","name":"White Oak Creek","ftype":460,"lengthKm":0.1,"hu8":"06010106","pid":"{43500246-D6D1-41BE-A45F-2CF9E5B9AF19}"},"geometry":{"type":"MultiLineString","coordinates":[[[-83.05826,35.65179],[-83.05721,35.65164]]]}},{"type":"Feature","properties":{"kind":"minor-water","name":"White Oak Creek","ftype":460,"lengthKm":0.1,"hu8":"06010106","pid":"{907175F1-4957-4B1D-B3DF-9BECDDB2D80D}"},"geometry":{"type":"MultiLineString","coordinates":[[[-83.05721,35.65164],[-83.05609,35.6517]]]}},{"type":"Feature","properties":{"kind":"minor-water","name":"Rathbone Branch","ftype":460,"lengthKm":0.29,"hu8":"06010106","pid":"{661314AC-61B7-40AD-A4F7-24EB0358A89C}"},"geometry":{"type":"MultiLineString","coordinates":[[[-82.98758,35.65572],[-82.98811,35.65632],[-82.99019,35.65714]]]}},{"type":"Feature","properties":{"kind":"minor-water","name":"Panther Creek","ftype":460,"lengthKm":0.05,"hu8":"06010106","pid":"{07BD3465-0573-47A6-B4F1-969B29034B06}"},"geometry":{"type":"MultiLineString","coordinates":[[[-82.96285,35.64504],[-82.96332,35.6448]]]}},{"type":"Feature","properties":{"kind":"minor-water","name":"Arrington Branch","ftype":460,"lengthKm":0.26,"hu8":"06010106","pid":"{9DE342FE-618A-45DD-B12A-030D8098BE20}"},"geometry":{"type":"MultiLineString","coordinates":[[[-82.9727,35.65571],[-82.97404,35.65561],[-82.97507,35.65464]]]}},{"type":"Feature","properties":{"kind":"minor-water","name":"Camp Branch","ftype":460,"lengthKm":0.36,"hu8":"06010106","pid":"{B78C8DFA-80F6-482F-8ACA-B0ABA93F980C}"},"geometry":{"type":"MultiLineString","coordinates":[[[-83.00583,35.67396],[-83.00587,35.67307],[-83.00678,35.67169],[-83.0068,35.67089]]]}},{"type":"Feature","properties":{"kind":"minor-water","name":"Cove Creek","ftype":460,"lengthKm":0.01,"hu8":"06010106","pid":"{43B23BDC-1248-49AF-BCA4-1F7FA6CD24DA}"},"geometry":{"type":"MultiLineString","coordinates":[[[-82.93492,35.67597],[-82.93505,35.67593]]]}},{"type":"Feature","properties":{"kind":"minor-water","name":"Cove Creek","ftype":460,"lengthKm":0.13,"hu8":"06010106","pid":"{5EED9A7A-46FF-43CC-94E1-6C9851BFE1FE}"},"geometry":{"type":"MultiLineString","coordinates":[[[-82.92632,35.67678],[-82.92773,35.67692]]]}},{"type":"Feature","properties":{"kind":"minor-water","name":"Cove Creek","ftype":460,"lengthKm":0.13,"hu8":"06010106","pid":"{11916394-7BDB-4C41-9397-0D61C4E18194}"},"geometry":{"type":"MultiLineString","coordinates":[[[-82.89757,35.67875],[-82.8989,35.6792]]]}},{"type":"Feature","properties":{"kind":"minor-water","name":"Cove Creek","ftype":460,"lengthKm":0.12,"hu8":"06010106","pid":"{90840015-426C-40F0-9B54-742E0763E8C0}"},"geometry":{"type":"MultiLineString","coordinates":[[[-82.90448,35.67845],[-82.90567,35.67793]]]}},{"type":"Feature","properties":{"kind":"minor-water","name":"Fines Creek","ftype":460,"lengthKm":0.09,"hu8":"06010106","pid":"{274CD0D8-257F-4CA5-A7F7-ABBECE5098DF}"},"geometry":{"type":"MultiLineString","coordinates":[[[-82.97094,35.6756],[-82.97144,35.67486]]]}},{"type":"Feature","properties":{"kind":"minor-water","name":"Fines Creek","ftype":460,"lengthKm":0.17,"hu8":"06010106","pid":"{A3FECF3F-63B2-4C61-856D-BB39B013109B}"},"geometry":{"type":"MultiLineString","coordinates":[[[-82.96595,35.67609],[-82.96632,35.67659],[-82.96734,35.67703]]]}},{"type":"Feature","properties":{"kind":"minor-water","name":"Cove Creek","ftype":460,"lengthKm":0.02,"hu8":"06010106","pid":"{004DA8C2-B1C7-44FB-8EA4-8BE07D33C1FE}"},"geometry":{"type":"MultiLineString","coordinates":[[[-82.91508,35.67699],[-82.91531,35.6771]]]}},{"type":"Feature","properties":{"kind":"minor-water","name":"Cove Creek","ftype":460,"lengthKm":0.05,"hu8":"06010106","pid":"{632BCE8A-F66C-4D07-AD7C-8DBC7A47DD9E}"},"geometry":{"type":"MultiLineString","coordinates":[[[-82.93882,35.67583],[-82.93942,35.67583]]]}},{"type":"Feature","properties":{"kind":"minor-water","name":"Fines Creek","ftype":460,"lengthKm":0.04,"hu8":"06010106","pid":"{4E041DB6-4FAD-4363-B241-06054AAD6031}"},"geometry":{"type":"MultiLineString","coordinates":[[[-82.96554,35.6762],[-82.96595,35.67609]]]}},{"type":"Feature","properties":{"kind":"minor-water","name":"Fines Creek","ftype":460,"lengthKm":0.17,"hu8":"06010106","pid":"{7EAF0506-10EF-4329-B52A-4725CDC61628}"},"geometry":{"type":"MultiLineString","coordinates":[[[-82.98167,35.67857],[-82.98279,35.67908],[-82.98306,35.67953]]]}},{"type":"Feature","properties":{"kind":"minor-water","name":"Fines Creek","ftype":460,"lengthKm":0.25,"hu8":"06010106","pid":"{B0810FF4-CDCE-4231-A9D2-033DA9CCA403}"},"geometry":{"type":"MultiLineString","coordinates":[[[-82.97793,35.67451],[-82.97902,35.67563],[-82.97999,35.67573]]]}},{"type":"Feature","properties":{"kind":"minor-water","name":"Cove Creek","ftype":460,"lengthKm":0.08,"hu8":"06010106","pid":"{550F0C7F-B465-4CF2-84E2-00067492147E}"},"geometry":{"type":"MultiLineString","coordinates":[[[-82.89692,35.67827],[-82.89757,35.67875]]]}},{"type":"Feature","properties":{"kind":"minor-water","name":"Camp Branch","ftype":460,"lengthKm":0.15,"hu8":"06010106","pid":"{1ABD53E4-9D16-4821-8693-CD342706D6D7}"},"geometry":{"type":"MultiLineString","coordinates":[[[-83.00313,35.67617],[-83.00334,35.67573],[-83.00426,35.67529]]]}},{"type":"Feature","properties":{"kind":"minor-water","name":"Fines Creek","ftype":460,"lengthKm":0.02,"hu8":"06010106","pid":"{5E83FCDE-B175-4EC2-A0DE-FEA724271E6A}"},"geometry":{"type":"MultiLineString","coordinates":[[[-82.97656,35.67462],[-82.97682,35.67456]]]}},{"type":"Feature","properties":{"kind":"minor-water","name":"Cove Creek","ftype":460,"lengthKm":0.09,"hu8":"06010106","pid":"{6F765A9C-6F61-45FB-A90A-C2D6186CA4F7}"},"geometry":{"type":"MultiLineString","coordinates":[[[-82.93783,35.67588],[-82.93882,35.67583]]]}},{"type":"Feature","properties":{"kind":"minor-water","name":"Cove Creek","ftype":460,"lengthKm":0.1,"hu8":"06010106","pid":"{E88F7BD8-DBBF-4869-8334-6E4A61927108}"},"geometry":{"type":"MultiLineString","coordinates":[[[-82.89908,35.67921],[-82.90013,35.679]]]}},{"type":"Feature","properties":{"kind":"minor-water","name":"Wesley Creek","ftype":460,"lengthKm":0.11,"hu8":"06010106","pid":"{0759A496-902F-4080-9195-5E8505383ECF}"},"geometry":{"type":"MultiLineString","coordinates":[[[-82.94858,35.71624],[-82.94817,35.71535]]]}},{"type":"Feature","properties":{"kind":"minor-water","name":"Sally Branch","ftype":460,"lengthKm":0.03,"hu8":"06010106","pid":"{6CC2F453-A405-4D3E-AE6C-B29A8E1B7F80}"},"geometry":{"type":"MultiLineString","coordinates":[[[-82.92698,35.7165],[-82.92715,35.71622]]]}},{"type":"Feature","properties":{"kind":"minor-water","name":"Cove Creek","ftype":460,"lengthKm":0.06,"hu8":"06010106","pid":"{D5F4B904-B64B-488C-B1F6-F60C7F1217EF}"},"geometry":{"type":"MultiLineString","coordinates":[[[-82.95961,35.67831],[-82.96011,35.67871]]]}},{"type":"Feature","properties":{"kind":"minor-water","name":"Fines Creek","ftype":460,"lengthKm":0.07,"hu8":"06010106","pid":"{438CCFED-E0F4-4551-B6E3-ACA1EDC45C39}"},"geometry":{"type":"MultiLineString","coordinates":[[[-82.9642,35.67651],[-82.96496,35.67654]]]}},{"type":"Feature","properties":{"kind":"minor-water","name":"Fines Creek","ftype":460,"lengthKm":0.11,"hu8":"06010106","pid":"{31D2F70A-2666-4BE4-9FBB-D4CD7023B16C}"},"geometry":{"type":"MultiLineString","coordinates":[[[-82.98897,35.67576],[-82.98971,35.67499]]]}},{"type":"Feature","properties":{"kind":"minor-water","name":"Cove Creek","ftype":460,"lengthKm":0.37,"hu8":"06010106","pid":"{8218A413-5D11-4834-910D-867DFDA9B34A}"},"geometry":{"type":"MultiLineString","coordinates":[[[-82.8928,35.67658],[-82.8946,35.67708],[-82.8965,35.67804]]]}},{"type":"Feature","properties":{"kind":"minor-water","name":"Fines Creek","ftype":460,"lengthKm":0.04,"hu8":"06010106","pid":"{0FF88280-A0BA-4824-AA3F-EBA65405B5CB}"},"geometry":{"type":"MultiLineString","coordinates":[[[-82.95969,35.67869],[-82.96011,35.67871]]]}},{"type":"Feature","properties":{"kind":"minor-water","name":"Cove Creek","ftype":460,"lengthKm":0.14,"hu8":"06010106","pid":"{2268A704-FE67-4353-9EE5-A17A058FA9D5}"},"geometry":{"type":"MultiLineString","coordinates":[[[-82.9005,35.67886],[-82.90209,35.67892]]]}},{"type":"Feature","properties":{"kind":"minor-water","name":"Fines Creek","ftype":460,"lengthKm":0.03,"hu8":"06010106","pid":"{A4D0F9B9-FA97-4DFF-9166-F844B6AE1A48}"},"geometry":{"type":"MultiLineString","coordinates":[[[-82.98571,35.6806],[-82.98587,35.68037]]]}},{"type":"Feature","properties":{"kind":"minor-water","name":"Rathbone Branch","ftype":460,"lengthKm":0.27,"hu8":"06010106","pid":"{735CFB57-E24E-4885-B83F-DBE8EE2BBA42}"},"geometry":{"type":"MultiLineString","coordinates":[[[-82.98264,35.65323],[-82.98418,35.65403],[-82.98535,35.65409]]]}},{"type":"Feature","properties":{"kind":"minor-water","name":"Rathbone Branch","ftype":460,"lengthKm":0.03,"hu8":"06010106","pid":"{EBBDE0A0-D322-4DDE-B6D3-398BED62C829}"},"geometry":{"type":"MultiLineString","coordinates":[[[-82.98229,35.65311],[-82.98264,35.65323]]]}},{"type":"Feature","properties":{"kind":"minor-water","name":"Messer Branch","ftype":460,"lengthKm":0.42,"hu8":"06010106","pid":"{4175F3EA-DFDC-4ABA-B03D-8693A78D2FF2}"},"geometry":{"type":"MultiLineString","coordinates":[[[-83.01831,35.64746],[-83.01795,35.64796],[-83.01793,35.64905],[-83.0189,35.65104]]]}},{"type":"Feature","properties":{"kind":"minor-water","name":"Fines Creek","ftype":460,"lengthKm":0.03,"hu8":"06010106","pid":"{179CC632-D5E3-4A7D-A867-B458B324F3DA}"},"geometry":{"type":"MultiLineString","coordinates":[[[-82.92715,35.71622],[-82.92741,35.71602]]]}},{"type":"Feature","properties":{"kind":"minor-water","name":"White Oak Creek","ftype":460,"lengthKm":0.29,"hu8":"06010106","pid":"{10A98B30-BB1D-43AF-99D6-38EC2D02F6BA}"},"geometry":{"type":"MultiLineString","coordinates":[[[-83.04158,35.66459],[-83.04095,35.66518],[-83.04126,35.66573],[-83.04098,35.66629],[-83.04117,35.66688]]]}},{"type":"Feature","properties":{"kind":"minor-water","name":"White Oak Creek","ftype":460,"lengthKm":0.16,"hu8":"06010106","pid":"{1B2B9C04-807A-40CF-8D5F-AEA1B7C2E887}"},"geometry":{"type":"MultiLineString","coordinates":[[[-83.04056,35.66738],[-83.04016,35.6688]]]}},{"type":"Feature","properties":{"kind":"minor-water","name":"Turkey Creek","ftype":460,"lengthKm":0.21,"hu8":"06010106","pid":"{995464E0-EB79-4935-AC51-566F22F16EE0}"},"geometry":{"type":"MultiLineString","coordinates":[[[-82.91923,35.68821],[-82.92157,35.68855]]]}},{"type":"Feature","properties":{"kind":"minor-water","name":"Turkey Creek","ftype":460,"lengthKm":0.27,"hu8":"06010106","pid":"{17B680B3-99D0-4F24-B93F-5E2D9FBB1A44}"},"geometry":{"type":"MultiLineString","coordinates":[[[-82.91615,35.6895],[-82.91724,35.68897],[-82.91762,35.68819],[-82.91833,35.68826]]]}},{"type":"Feature","properties":{"kind":"minor-water","name":"Sally Branch","ftype":460,"lengthKm":0.34,"hu8":"06010106","pid":"{B0F259C1-1E60-4BBF-ABA7-9CB434504C54}"},"geometry":{"type":"MultiLineString","coordinates":[[[-82.90991,35.71807],[-82.91047,35.71892],[-82.9126,35.72016]]]}},{"type":"Feature","properties":{"kind":"minor-water","name":"Sally Branch","ftype":460,"lengthKm":0,"hu8":"06010106","pid":"{1DE23EA3-4611-4755-AEFE-46082199970A}"},"geometry":{"type":"MultiLineString","coordinates":[[[-82.91551,35.71995],[-82.91556,35.71994]]]}},{"type":"Feature","properties":{"kind":"minor-water","name":"Sally Branch","ftype":460,"lengthKm":0.26,"hu8":"06010106","pid":"{3FD45978-4AB4-4A3E-980D-2A48271CB602}"},"geometry":{"type":"MultiLineString","coordinates":[[[-82.9126,35.72016],[-82.91551,35.71995]]]}},{"type":"Feature","properties":{"kind":"minor-water","name":"Sally Branch","ftype":460,"lengthKm":0.12,"hu8":"06010106","pid":"{D4A0CBE9-1BDA-41AE-B533-6CB6EA4ACAE4}"},"geometry":{"type":"MultiLineString","coordinates":[[[-82.91556,35.71994],[-82.91684,35.71959]]]}},{"type":"Feature","properties":{"kind":"minor-water","name":"Fines Creek","ftype":460,"lengthKm":0.09,"hu8":"06010106","pid":"{DE24C1E0-6D0B-445B-B98D-AC92F651CA58}"},"geometry":{"type":"MultiLineString","coordinates":[[[-82.92737,35.71898],[-82.92776,35.7182]]]}},{"type":"Feature","properties":{"kind":"minor-water","name":"Orchard Branch","ftype":460,"lengthKm":0.37,"hu8":"06010106","pid":"{91AD26CA-304C-49D3-B501-4943E558C7E3}"},"geometry":{"type":"MultiLineString","coordinates":[[[-82.93067,35.71637],[-82.92851,35.71513],[-82.92798,35.71402]]]}},{"type":"Feature","properties":{"kind":"minor-water","name":"Sally Branch","ftype":460,"lengthKm":0.13,"hu8":"06010106","pid":"{BCF0767F-C96F-49EC-BAE3-2EFD693C8D6C}"},"geometry":{"type":"MultiLineString","coordinates":[[[-82.92642,35.71759],[-82.92698,35.7165]]]}},{"type":"Feature","properties":{"kind":"minor-water","name":"Wesley Creek","ftype":460,"lengthKm":0.01,"hu8":"06010106","pid":"{04EA4B87-F4A6-472F-95AE-3944EB107EF3}"},"geometry":{"type":"MultiLineString","coordinates":[[[-82.94859,35.71631],[-82.94858,35.71624]]]}},{"type":"Feature","properties":{"kind":"minor-water","name":"Panther Creek","ftype":460,"lengthKm":0.2,"hu8":"06010106","pid":"{8E0CECD5-19EE-4698-8F0E-E1B338635838}"},"geometry":{"type":"MultiLineString","coordinates":[[[-82.98528,35.64392],[-82.9869,35.64512]]]}},{"type":"Feature","properties":{"kind":"minor-water","name":"Morgan Creek","ftype":460,"lengthKm":0.21,"hu8":"06010106","pid":"{4BB4F379-79CC-4CB0-914F-2BEAA97826C8}"},"geometry":{"type":"MultiLineString","coordinates":[[[-82.96316,35.70436],[-82.96206,35.70267]]]}},{"type":"Feature","properties":{"kind":"minor-water","name":"Panther Creek","ftype":460,"lengthKm":0.17,"hu8":"06010106","pid":"{21BEDE7E-E194-4829-B95A-B90A85E0EFCB}"},"geometry":{"type":"MultiLineString","coordinates":[[[-82.98015,35.6421],[-82.98167,35.64303]]]}},{"type":"Feature","properties":{"kind":"minor-water","name":"Panther Creek","ftype":460,"lengthKm":0.02,"hu8":"06010106","pid":"{0C98EAE7-A183-4DC1-B82A-75ED5A8FB7AC}"},"geometry":{"type":"MultiLineString","coordinates":[[[-82.96259,35.645],[-82.96285,35.64504]]]}},{"type":"Feature","properties":{"kind":"minor-water","name":"Panther Creek","ftype":460,"lengthKm":0.09,"hu8":"06010106","pid":"{E97786B1-F8FE-4255-BBF0-DBB01BAADDBB}"},"geometry":{"type":"MultiLineString","coordinates":[[[-82.98294,35.64403],[-82.98398,35.64405]]]}},{"type":"Feature","properties":{"kind":"minor-water","name":"Panther Creek","ftype":460,"lengthKm":0.15,"hu8":"06010106","pid":"{71B8A8B1-7A7D-42DE-BFC4-E398E33D8064}"},"geometry":{"type":"MultiLineString","coordinates":[[[-82.95903,35.64565],[-82.96065,35.64561]]]}},{"type":"Feature","properties":{"kind":"minor-water","name":"Panther Creek","ftype":460,"lengthKm":0.21,"hu8":"06010106","pid":"{D3451C4E-C5D8-40D4-B3D5-094E784DD3B8}"},"geometry":{"type":"MultiLineString","coordinates":[[[-82.96371,35.64463],[-82.96451,35.64371],[-82.9655,35.64367]]]}},{"type":"Feature","properties":{"kind":"minor-water","name":"Turkey Creek","ftype":460,"lengthKm":0.05,"hu8":"06010106","pid":"{CE0ABEEB-2FFB-4B8C-821F-A48B1517E0FD}"},"geometry":{"type":"MultiLineString","coordinates":[[[-82.91072,35.69461],[-82.91076,35.69413]]]}},{"type":"Feature","properties":{"kind":"minor-water","name":"Rathbone Branch","ftype":460,"lengthKm":0.14,"hu8":"06010106","pid":"{AB617DE8-433B-4285-8711-174E7091E697}"},"geometry":{"type":"MultiLineString","coordinates":[[[-82.98181,35.65206],[-82.98187,35.65284],[-82.98229,35.65311]]]}},{"type":"Feature","properties":{"kind":"minor-water","name":"Wilkins Creek","ftype":460,"lengthKm":0.05,"hu8":"06010106","pid":"{BDED26FF-D8B5-4724-A711-BF0EBAB27750}"},"geometry":{"type":"MultiLineString","coordinates":[[[-83.02525,35.69092],[-83.02539,35.69053]]]}},{"type":"Feature","properties":{"kind":"minor-water","name":"Wesley Creek","ftype":460,"lengthKm":0.23,"hu8":"06010106","pid":"{C0BDE4E4-2BEC-4131-A8BA-A955F7B615F5}"},"geometry":{"type":"MultiLineString","coordinates":[[[-82.9451,35.68999],[-82.94483,35.68794]]]}},{"type":"Feature","properties":{"kind":"minor-water","name":"Shingle Branch","ftype":460,"lengthKm":0.39,"hu8":"06010106","pid":"{846EF56B-DB81-4D82-A431-BED9A45A959D}"},"geometry":{"type":"MultiLineString","coordinates":[[[-82.95017,35.70294],[-82.94662,35.70092]]]}},{"type":"Feature","properties":{"kind":"minor-water","name":"Wesley Creek","ftype":460,"lengthKm":0.24,"hu8":"06010106","pid":"{8861668D-111E-4427-9610-604C84B66AC5}"},"geometry":{"type":"MultiLineString","coordinates":[[[-82.9471,35.70302],[-82.94669,35.70233],[-82.94662,35.70092]]]}},{"type":"Feature","properties":{"kind":"minor-water","name":"Wesley Creek","ftype":460,"lengthKm":0.02,"hu8":"06010106","pid":"{418C84D6-F46B-4299-A310-CB1BA915986B}"},"geometry":{"type":"MultiLineString","coordinates":[[[-82.94724,35.7032],[-82.9471,35.70302]]]}},{"type":"Feature","properties":{"kind":"minor-water","name":"Shingle Branch","ftype":460,"lengthKm":0.23,"hu8":"06010106","pid":"{F2072590-72A6-4366-B5AF-5A76DBE86836}"},"geometry":{"type":"MultiLineString","coordinates":[[[-82.95212,35.70412],[-82.95065,35.70354],[-82.95017,35.70294]]]}},{"type":"Feature","properties":{"kind":"minor-water","name":"Sally Branch","ftype":460,"lengthKm":0.21,"hu8":"06010106","pid":"{7C286EC5-B08E-4267-A9B4-DF217DDF1F9D}"},"geometry":{"type":"MultiLineString","coordinates":[[[-82.91974,35.71973],[-82.92207,35.72012]]]}},{"type":"Feature","properties":{"kind":"minor-water","name":"Panther Creek","ftype":460,"lengthKm":0.12,"hu8":"06010106","pid":"{DFCC0E4D-0992-43B5-A175-9B3871C8F06F}"},"geometry":{"type":"MultiLineString","coordinates":[[[-82.9792,35.64131],[-82.98015,35.6421]]]}},{"type":"Feature","properties":{"kind":"minor-water","name":"Panther Creek","ftype":460,"lengthKm":0.1,"hu8":"06010106","pid":"{AFAB779C-4479-44B8-B54F-5B166D3F6130}"},"geometry":{"type":"MultiLineString","coordinates":[[[-82.98199,35.64354],[-82.98294,35.64403]]]}},{"type":"Feature","properties":{"kind":"minor-water","name":"Rathbone Branch","ftype":460,"lengthKm":0.43,"hu8":"06010106","pid":"{AAB6AE0E-B7F9-490D-9D10-762F38247BC0}"},"geometry":{"type":"MultiLineString","coordinates":[[[-82.96633,35.65016],[-82.96799,35.64907],[-82.97012,35.64897],[-82.97037,35.64863]]]}},{"type":"Feature","properties":{"kind":"minor-water","name":"Rathbone Branch","ftype":460,"lengthKm":0.05,"hu8":"06010106","pid":"{A4C255EF-2756-4922-BFDC-2E49D062D090}"},"geometry":{"type":"MultiLineString","coordinates":[[[-82.97438,35.6483],[-82.97483,35.64803]]]}},{"type":"Feature","properties":{"kind":"minor-water","name":"Arrington Branch","ftype":460,"lengthKm":0.13,"hu8":"06010106","pid":"{C91E1A0E-7FBC-41CA-9432-AC5D8B34AD2D}"},"geometry":{"type":"MultiLineString","coordinates":[[[-82.97645,35.65463],[-82.97786,35.65486]]]}},{"type":"Feature","properties":{"kind":"minor-water","name":"White Oak Creek","ftype":460,"lengthKm":0.15,"hu8":"06010106","pid":"{C3C36852-4718-4D81-AA13-DE5C9E68306A}"},"geometry":{"type":"MultiLineString","coordinates":[[[-83.05609,35.6517],[-83.05542,35.65161],[-83.0547,35.65216]]]}},{"type":"Feature","properties":{"kind":"minor-water","name":"Cove Creek","ftype":460,"lengthKm":0.02,"hu8":"06010106","pid":"{CF0E414F-E273-4598-A408-4355AC373CB8}"},"geometry":{"type":"MultiLineString","coordinates":[[[-82.8989,35.6792],[-82.89908,35.67921]]]}},{"type":"Feature","properties":{"kind":"minor-water","name":"Rathbone Branch","ftype":460,"lengthKm":0.15,"hu8":"06010106","pid":"{E26A862F-9766-48A8-A59B-A9BEF82C8802}"},"geometry":{"type":"MultiLineString","coordinates":[[[-82.98063,35.65111],[-82.98181,35.65206]]]}},{"type":"Feature","properties":{"kind":"minor-water","name":"Rathbone Branch","ftype":460,"lengthKm":0.03,"hu8":"06010106","pid":"{F2A6FBB0-0D7F-44EC-A153-3C3E67EF1EAE}"},"geometry":{"type":"MultiLineString","coordinates":[[[-82.98042,35.65094],[-82.98063,35.65111]]]}},{"type":"Feature","properties":{"kind":"minor-water","name":"Snelson Branch","ftype":460,"lengthKm":0.38,"hu8":"06010106","pid":"{2B6B2A40-6673-4457-8B07-A8313BDB9665}"},"geometry":{"type":"MultiLineString","coordinates":[[[-83.0509,35.66292],[-83.04695,35.66179]]]}},{"type":"Feature","properties":{"kind":"minor-water","name":"Stevens Creek","ftype":460,"lengthKm":0.15,"hu8":"06010106","pid":"{772E7ACD-34E4-4CA1-8401-8C513C098E9D}"},"geometry":{"type":"MultiLineString","coordinates":[[[-83.02452,35.66205],[-83.02335,35.66296]]]}},{"type":"Feature","properties":{"kind":"minor-water","name":"Stevens Creek","ftype":460,"lengthKm":0.01,"hu8":"06010106","pid":"{17BC68B7-594B-4A5C-A4A1-0ABB6DD20A7D}"},"geometry":{"type":"MultiLineString","coordinates":[[[-83.02466,35.66205],[-83.02452,35.66205]]]}},{"type":"Feature","properties":{"kind":"minor-water","name":"Panther Creek","ftype":460,"lengthKm":0.21,"hu8":"06010106","pid":"{DD070EC3-7099-4E13-88E0-CAA51350CFB0}"},"geometry":{"type":"MultiLineString","coordinates":[[[-82.9869,35.64512],[-82.98823,35.64537],[-82.98911,35.64502]]]}},{"type":"Feature","properties":{"kind":"minor-water","name":"Camp Branch","ftype":460,"lengthKm":0.15,"hu8":"06010106","pid":"{FE31E78B-CC6A-48A1-AB80-157E357BD71C}"},"geometry":{"type":"MultiLineString","coordinates":[[[-83.00248,35.69347],[-83.00346,35.69237]]]}},{"type":"Feature","properties":{"kind":"minor-water","name":"Panther Creek","ftype":460,"lengthKm":0.12,"hu8":"06010106","pid":"{33D2ED25-04CE-4797-B991-85C7BC919E5E}"},"geometry":{"type":"MultiLineString","coordinates":[[[-82.98398,35.64405],[-82.98528,35.64392]]]}},{"type":"Feature","properties":{"kind":"minor-water","name":"Panther Creek","ftype":460,"lengthKm":0.04,"hu8":"06010106","pid":"{DB0BB396-C3F2-49F6-86D0-0FCF55C7B6D6}"},"geometry":{"type":"MultiLineString","coordinates":[[[-82.96332,35.6448],[-82.96371,35.64463]]]}},{"type":"Feature","properties":{"kind":"minor-water","name":"Turkey Creek","ftype":460,"lengthKm":0.03,"hu8":"06010106","pid":"{4476E1D2-42E9-4EB5-8243-F3F1CB711D31}"},"geometry":{"type":"MultiLineString","coordinates":[[[-82.92157,35.68855],[-82.92193,35.68863]]]}},{"type":"Feature","properties":{"kind":"minor-water","name":"Turkey Creek","ftype":460,"lengthKm":0.02,"hu8":"06010106","pid":"{87B36E5D-693D-4F10-913B-EC1F3FE8AFBD}"},"geometry":{"type":"MultiLineString","coordinates":[[[-82.92193,35.68863],[-82.92213,35.68867]]]}},{"type":"Feature","properties":{"kind":"minor-water","name":"James Branch","ftype":460,"lengthKm":0.29,"hu8":"06010106","pid":"{B8DD6D8E-AA9C-490C-A096-6706B13E2778}"},"geometry":{"type":"MultiLineString","coordinates":[[[-82.94234,35.65445],[-82.94168,35.65564],[-82.94051,35.65648]]]}},{"type":"Feature","properties":{"kind":"minor-water","name":"Fines Creek","ftype":460,"lengthKm":0.29,"hu8":"06010106","pid":"{D80B5B56-64D5-4B0E-B3DB-6DCDF36D2591}"},"geometry":{"type":"MultiLineString","coordinates":[[[-82.92834,35.73302],[-82.92866,35.73198],[-82.92825,35.73091],[-82.9284,35.73048]]]}},{"type":"Feature","properties":{"kind":"minor-water","name":"Wilkins Creek","ftype":460,"lengthKm":0.19,"hu8":"06010106","pid":"{1AB23A3D-3381-4924-A925-D1DDD78792BA}"},"geometry":{"type":"MultiLineString","coordinates":[[[-83.02508,35.69245],[-83.02481,35.69129],[-83.02525,35.69092]]]}},{"type":"Feature","properties":{"kind":"minor-water","name":"Stevens Creek","ftype":460,"lengthKm":0.28,"hu8":"06010106","pid":"{9F13177A-7404-45DC-9201-FE48FE90F3CC}"},"geometry":{"type":"MultiLineString","coordinates":[[[-83.02247,35.66851],[-83.02255,35.67101]]]}},{"type":"Feature","properties":{"kind":"minor-water","name":"Camp Branch","ftype":460,"lengthKm":0.01,"hu8":"06010106","pid":"{BA75B950-647B-4E3D-BA38-03DE5F7F6FD3}"},"geometry":{"type":"MultiLineString","coordinates":[[[-83.00113,35.68565],[-83.00112,35.68558]]]}},{"type":"Feature","properties":{"kind":"minor-water","name":"James Branch","ftype":460,"lengthKm":0.16,"hu8":"06010106","pid":"{7CC8F8CC-ADBA-4B81-9852-BC83197B2404}"},"geometry":{"type":"MultiLineString","coordinates":[[[-82.94028,35.65697],[-82.9405,35.65837]]]}},{"type":"Feature","properties":{"kind":"minor-water","name":"Wesley Creek","ftype":460,"lengthKm":0.22,"hu8":"06010106","pid":"{19F58C34-DC4D-4217-AEA5-173BF8217263}"},"geometry":{"type":"MultiLineString","coordinates":[[[-82.94728,35.69582],[-82.94748,35.69383]]]}},{"type":"Feature","properties":{"kind":"minor-water","name":"Morgan Creek","ftype":460,"lengthKm":0.35,"hu8":"06010106","pid":"{944E0DA8-AE17-4C2D-96B9-3F43A8C5E4FA}"},"geometry":{"type":"MultiLineString","coordinates":[[[-82.96206,35.70267],[-82.96008,35.69998]]]}},{"type":"Feature","properties":{"kind":"minor-water","name":"Martin Creek","ftype":460,"lengthKm":0.09,"hu8":"06010106","pid":"{AA7ECA95-421D-49EA-BE3E-DDD3CF959305}"},"geometry":{"type":"MultiLineString","coordinates":[[[-82.97526,35.69488],[-82.97557,35.69414]]]}},{"type":"Feature","properties":{"kind":"minor-water","name":"Morgan Creek","ftype":460,"lengthKm":0.21,"hu8":"06010106","pid":"{184EC712-085E-453A-B27C-DF3234C601E0}"},"geometry":{"type":"MultiLineString","coordinates":[[[-82.9594,35.69813],[-82.9585,35.69638]]]}},{"type":"Feature","properties":{"kind":"minor-water","name":"Martin Creek","ftype":460,"lengthKm":0.15,"hu8":"06010106","pid":"{4602A565-E435-45E1-9900-64B57D074B06}"},"geometry":{"type":"MultiLineString","coordinates":[[[-82.97643,35.69178],[-82.97596,35.6911],[-82.97608,35.69056]]]}},{"type":"Feature","properties":{"kind":"minor-water","name":"Laurel Branch","ftype":460,"lengthKm":0.23,"hu8":"06010106","pid":"{E6DEE324-2F15-4B28-BC6E-2098E9073EFA}"},"geometry":{"type":"MultiLineString","coordinates":[[[-83.00729,35.68677],[-83.00761,35.68468]]]}},{"type":"Feature","properties":{"kind":"minor-water","name":"Wilkins Creek","ftype":460,"lengthKm":0.2,"hu8":"06010106","pid":"{584A0D72-8ABF-4408-B27F-464AE9C204D8}"},"geometry":{"type":"MultiLineString","coordinates":[[[-83.0284,35.68817],[-83.02906,35.68756],[-83.03026,35.68778]]]}},{"type":"Feature","properties":{"kind":"minor-water","name":"White Oak Creek","ftype":460,"lengthKm":0.01,"hu8":"06010106","pid":"{5C037479-A965-4D55-8F3B-60AA7B08DF13}"},"geometry":{"type":"MultiLineString","coordinates":[[[-83.04624,35.65825],[-83.04613,35.65835]]]}},{"type":"Feature","properties":{"kind":"minor-water","name":"Fines Creek","ftype":460,"lengthKm":0.05,"hu8":"06010106","pid":"{AAAE75C1-DB0A-43AE-A23B-72F2BDD532FD}"},"geometry":{"type":"MultiLineString","coordinates":[[[-82.92976,35.69529],[-82.92982,35.6948]]]}},{"type":"Feature","properties":{"kind":"minor-water","name":"Laurel Branch","ftype":460,"lengthKm":0.07,"hu8":"06010106","pid":"{23EEDA4F-9171-48A4-8597-466158E7F6A1}"},"geometry":{"type":"MultiLineString","coordinates":[[[-83.00661,35.69144],[-83.00696,35.69088]]]}},{"type":"Feature","properties":{"kind":"minor-water","name":"Toms Branch","ftype":460,"lengthKm":0.44,"hu8":"06010106","pid":"{C457B251-FF91-4AD5-A1A4-A3B7E568892B}"},"geometry":{"type":"MultiLineString","coordinates":[[[-82.99339,35.69319],[-82.99293,35.69255],[-82.99286,35.69168],[-82.99154,35.69047],[-82.99154,35.68978]]]}},{"type":"Feature","properties":{"kind":"minor-water","name":"Arrington Branch","ftype":460,"lengthKm":0.11,"hu8":"06010106","pid":"{8644A9B4-EB07-40F3-8BE6-E7651149EFBB}"},"geometry":{"type":"MultiLineString","coordinates":[[[-82.97163,35.6561],[-82.9727,35.65571]]]}},{"type":"Feature","properties":{"kind":"minor-water","name":"Morgan Creek","ftype":460,"lengthKm":0.36,"hu8":"06010106","pid":"{5CB6A877-BE84-4CA4-9970-69881AAA59E8}"},"geometry":{"type":"MultiLineString","coordinates":[[[-82.95425,35.68794],[-82.95346,35.68473]]]}},{"type":"Feature","properties":{"kind":"minor-water","name":"Laurel Branch","ftype":460,"lengthKm":0.01,"hu8":"06010106","pid":"{F271FD32-F4D0-4362-937B-F323A60AF4E2}"},"geometry":{"type":"MultiLineString","coordinates":[[[-83.03876,35.68063],[-83.03863,35.68065]]]}},{"type":"Feature","properties":{"kind":"minor-water","name":"Laurel Branch","ftype":460,"lengthKm":0.19,"hu8":"06010106","pid":"{C682D37D-CA6B-4AA6-88C4-B42F846875FE}"},"geometry":{"type":"MultiLineString","coordinates":[[[-83.00979,35.67851],[-83.01032,35.67766],[-83.01103,35.67724]]]}},{"type":"Feature","properties":{"kind":"minor-water","name":"Panther Creek","ftype":460,"lengthKm":0.02,"hu8":"06010106","pid":"{5F269B7C-124E-45E7-9D48-BB55DE6AD1F7}"},"geometry":{"type":"MultiLineString","coordinates":[[[-82.97329,35.64059],[-82.9735,35.64048]]]}},{"type":"Feature","properties":{"kind":"minor-water","name":"Panther Creek","ftype":460,"lengthKm":0.19,"hu8":"06010106","pid":"{E576AC71-E37B-49E9-84FC-C5731C3EA77F}"},"geometry":{"type":"MultiLineString","coordinates":[[[-82.9773,35.64104],[-82.97856,35.64093],[-82.9792,35.64131]]]}},{"type":"Feature","properties":{"kind":"minor-water","name":"Rathbone Branch","ftype":460,"lengthKm":0.22,"hu8":"06010106","pid":"{6BA29879-86DC-4158-B6B1-32449A810CD8}"},"geometry":{"type":"MultiLineString","coordinates":[[[-82.97483,35.64803],[-82.97617,35.64827],[-82.97708,35.64875]]]}},{"type":"Feature","properties":{"kind":"minor-water","name":"Panther Creek","ftype":460,"lengthKm":0.09,"hu8":"06010106","pid":"{807BF7E4-C816-44B2-9F53-830807838AFF}"},"geometry":{"type":"MultiLineString","coordinates":[[[-82.97639,35.64074],[-82.9773,35.64104]]]}},{"type":"Feature","properties":{"kind":"minor-water","name":"Stevens Creek","ftype":460,"lengthKm":0.15,"hu8":"06010106","pid":"{E0EE61DE-4787-4CAA-90F8-9CE398F97328}"},"geometry":{"type":"MultiLineString","coordinates":[[[-83.03739,35.64518],[-83.03684,35.64643]]]}},{"type":"Feature","properties":{"kind":"minor-water","name":"Messer Branch","ftype":460,"lengthKm":0.2,"hu8":"06010106","pid":"{5089452F-DCDE-4888-9C07-0981BD304E6A}"},"geometry":{"type":"MultiLineString","coordinates":[[[-83.01988,35.6463],[-83.01897,35.64658],[-83.01831,35.64746]]]}},{"type":"Feature","properties":{"kind":"minor-water","name":"Panther Creek","ftype":460,"lengthKm":0.34,"hu8":"06010106","pid":"{EE09E3CF-1FD2-4815-8D19-9DA8D40BAA72}"},"geometry":{"type":"MultiLineString","coordinates":[[[-82.95502,35.6493],[-82.95679,35.64809],[-82.95745,35.64704]]]}},{"type":"Feature","properties":{"kind":"minor-water","name":"Rathbone Branch","ftype":460,"lengthKm":0.04,"hu8":"06010106","pid":"{9D2491F8-6C30-4E1F-B865-05F52C90D997}"},"geometry":{"type":"MultiLineString","coordinates":[[[-82.97416,35.64858],[-82.97438,35.6483]]]}},{"type":"Feature","properties":{"kind":"minor-water","name":"Rathbone Branch","ftype":460,"lengthKm":0.16,"hu8":"06010106","pid":"{9B045B29-D8AE-4CC0-AE4D-401F1954B2EF}"},"geometry":{"type":"MultiLineString","coordinates":[[[-82.97708,35.64875],[-82.97869,35.64924]]]}},{"type":"Feature","properties":{"kind":"minor-water","name":"Stevens Creek","ftype":460,"lengthKm":0.18,"hu8":"06010106","pid":"{4AAFEC06-F3E6-47A4-884B-CDAAC50241C0}"},"geometry":{"type":"MultiLineString","coordinates":[[[-83.03684,35.64643],[-83.0365,35.64802]]]}},{"type":"Feature","properties":{"kind":"minor-water","name":"James Branch","ftype":460,"lengthKm":0.15,"hu8":"06010106","pid":"{3C4701D1-55EC-4AAB-B4A4-FE31399FEF91}"},"geometry":{"type":"MultiLineString","coordinates":[[[-82.9482,35.6504],[-82.94684,35.65116]]]}},{"type":"Feature","properties":{"kind":"minor-water","name":"Stevens Creek","ftype":460,"lengthKm":0.5,"hu8":"06010106","pid":"{BEFFC67E-960A-4A14-A000-7A9B8013047C}"},"geometry":{"type":"MultiLineString","coordinates":[[[-83.0365,35.64802],[-83.03638,35.64974],[-83.03486,35.65124],[-83.03464,35.65204]]]}},{"type":"Feature","properties":{"kind":"minor-water","name":"Panther Creek","ftype":460,"lengthKm":0.09,"hu8":"06010106","pid":"{F9A8973D-065B-4DDF-AD0F-1FC95C736FB1}"},"geometry":{"type":"MultiLineString","coordinates":[[[-82.95408,35.64953],[-82.95502,35.6493]]]}},{"type":"Feature","properties":{"kind":"minor-water","name":"Rocky Branch","ftype":460,"lengthKm":0.76,"hu8":"06010106","pid":"{20A4C415-B430-4C35-B3B6-C95C985BDE8D}"},"geometry":{"type":"MultiLineString","coordinates":[[[-83.00685,35.65017],[-83.00674,35.65081],[-83.00713,35.65168],[-83.00593,35.65336],[-83.00452,35.65404],[-83.00212,35.65394]]]}},{"type":"Feature","properties":{"kind":"minor-water","name":"James Branch","ftype":460,"lengthKm":0.09,"hu8":"06010106","pid":"{6DA3B38D-58BD-462A-BEC1-7EBD9B56D8E4}"},"geometry":{"type":"MultiLineString","coordinates":[[[-82.94297,35.65383],[-82.94234,35.65445]]]}},{"type":"Feature","properties":{"kind":"minor-water","name":"White Oak Creek","ftype":460,"lengthKm":0.14,"hu8":"06010106","pid":"{1F81B2AB-3AC9-47AE-877E-BDB410006F1E}"},"geometry":{"type":"MultiLineString","coordinates":[[[-83.0547,35.65216],[-83.05412,35.6533]]]}},{"type":"Feature","properties":{"kind":"minor-water","name":"Rathbone Branch","ftype":460,"lengthKm":0.16,"hu8":"06010106","pid":"{D9FFB6B0-699E-49BD-8EE0-67CFA8069E02}"},"geometry":{"type":"MultiLineString","coordinates":[[[-82.98535,35.65409],[-82.98655,35.65512]]]}},{"type":"Feature","properties":{"kind":"minor-water","name":"Rathbone Branch","ftype":460,"lengthKm":0.07,"hu8":"06010106","pid":"{CDF085DA-DB38-4519-8D34-ACD7512197B0}"},"geometry":{"type":"MultiLineString","coordinates":[[[-82.98684,35.65522],[-82.98736,35.65569]]]}},{"type":"Feature","properties":{"kind":"minor-water","name":"Rathbone Branch","ftype":460,"lengthKm":0.02,"hu8":"06010106","pid":"{73E926CF-651D-4B93-A56E-019E23EDAB05}"},"geometry":{"type":"MultiLineString","coordinates":[[[-82.98736,35.65569],[-82.98758,35.65572]]]}},{"type":"Feature","properties":{"kind":"minor-water","name":"Messer Branch","ftype":460,"lengthKm":0.28,"hu8":"06010106","pid":"{4CE1A3B1-CA00-4A36-BC46-A5493F62996F}"},"geometry":{"type":"MultiLineString","coordinates":[[[-83.01528,35.6588],[-83.01436,35.65879],[-83.01339,35.65791],[-83.01263,35.65792]]]}},{"type":"Feature","properties":{"kind":"minor-water","name":"Hunter Branch","ftype":460,"lengthKm":0.7,"hu8":"06010106","pid":"{68CCED5E-32D6-4330-AC8A-2AB7BE737B61}"},"geometry":{"type":"MultiLineString","coordinates":[[[-83.02466,35.64901],[-83.02371,35.6526],[-83.02422,35.65389],[-83.02384,35.65516]]]}},{"type":"Feature","properties":{"kind":"minor-water","name":"Arrington Branch","ftype":460,"lengthKm":0.15,"hu8":"06010106","pid":"{E047874F-439C-4516-9461-213CF8BFC9F9}"},"geometry":{"type":"MultiLineString","coordinates":[[[-82.97814,35.65531],[-82.97823,35.65662]]]}},{"type":"Feature","properties":{"kind":"minor-water","name":"Arrington Branch","ftype":460,"lengthKm":0.44,"hu8":"06010106","pid":"{B79646BA-DDB9-4C42-A4CD-AEFD6FB7FBA8}"},"geometry":{"type":"MultiLineString","coordinates":[[[-82.96701,35.65715],[-82.96902,35.65691],[-82.9708,35.65609],[-82.97163,35.6561]]]}},{"type":"Feature","properties":{"kind":"minor-water","name":"Rathbone Branch","ftype":460,"lengthKm":0.03,"hu8":"06010106","pid":"{589FE46D-EF8F-4C1A-9CCB-FBC43C44EE7A}"},"geometry":{"type":"MultiLineString","coordinates":[[[-82.98655,35.65512],[-82.98684,35.65522]]]}},{"type":"Feature","properties":{"kind":"minor-water","name":"Hunter Branch","ftype":460,"lengthKm":0.28,"hu8":"06010106","pid":"{8FF52A9B-5811-4098-ACE4-2B53F13031EA}"},"geometry":{"type":"MultiLineString","coordinates":[[[-83.02384,35.65516],[-83.02388,35.65772]]]}},{"type":"Feature","properties":{"kind":"minor-water","name":"White Oak Creek","ftype":460,"lengthKm":0.13,"hu8":"06010106","pid":"{89E1855E-48A6-46BD-A3AC-BF94DCDAC75B}"},"geometry":{"type":"MultiLineString","coordinates":[[[-83.04928,35.65687],[-83.0482,35.65769]]]}},{"type":"Feature","properties":{"kind":"minor-water","name":"James Branch","ftype":460,"lengthKm":0.31,"hu8":"06010106","pid":"{63651E84-904D-4123-895C-BB331FA3122A}"},"geometry":{"type":"MultiLineString","coordinates":[[[-82.94038,35.66154],[-82.93918,35.66412]]]}},{"type":"Feature","properties":{"kind":"minor-water","name":"James Branch","ftype":460,"lengthKm":0.02,"hu8":"06010106","pid":"{3F320D0B-64F7-4049-8565-1AF27B8EB8E9}"},"geometry":{"type":"MultiLineString","coordinates":[[[-82.94044,35.66137],[-82.94038,35.66154]]]}},{"type":"Feature","properties":{"kind":"minor-water","name":"Stevens Creek","ftype":460,"lengthKm":0.19,"hu8":"06010106","pid":"{3DC1FA82-C47D-4839-807E-9686AF0AB6DC}"},"geometry":{"type":"MultiLineString","coordinates":[[[-83.0331,35.65359],[-83.03297,35.65527]]]}},{"type":"Feature","properties":{"kind":"minor-water","name":"Rocky Branch","ftype":460,"lengthKm":0.25,"hu8":"06010106","pid":"{C54A0E14-225F-4911-8715-233BD84AAF52}"},"geometry":{"type":"MultiLineString","coordinates":[[[-82.99516,35.65589],[-82.99243,35.65573]]]}},{"type":"Feature","properties":{"kind":"minor-water","name":"White Oak Creek","ftype":460,"lengthKm":0.13,"hu8":"06010106","pid":"{99777906-30AA-4474-A8EE-F82C079DD204}"},"geometry":{"type":"MultiLineString","coordinates":[[[-83.04758,35.65783],[-83.04624,35.65825]]]}},{"type":"Feature","properties":{"kind":"minor-water","name":"Hunter Branch","ftype":460,"lengthKm":0.1,"hu8":"06010106","pid":"{2AC8553A-58BE-46F8-819A-0E8F30D3D2E3}"},"geometry":{"type":"MultiLineString","coordinates":[[[-83.0239,35.6586],[-83.02445,35.65936]]]}},{"type":"Feature","properties":{"kind":"minor-water","name":"White Oak Creek","ftype":460,"lengthKm":0.06,"hu8":"06010106","pid":"{D5E68076-BB94-4270-9226-E366BE1AC315}"},"geometry":{"type":"MultiLineString","coordinates":[[[-83.0482,35.65769],[-83.04758,35.65783]]]}},{"type":"Feature","properties":{"kind":"minor-water","name":"Arrington Branch","ftype":460,"lengthKm":0.1,"hu8":"06010106","pid":"{A4E8F669-CF97-4E0F-BB05-6A1E151D5B35}"},"geometry":{"type":"MultiLineString","coordinates":[[[-82.98239,35.66028],[-82.98321,35.66092]]]}},{"type":"Feature","properties":{"kind":"minor-water","name":"Messer Branch","ftype":460,"lengthKm":0.07,"hu8":"06010106","pid":"{D532F99D-13FB-4364-9E45-4782FDA543A0}"},"geometry":{"type":"MultiLineString","coordinates":[[[-83.01097,35.65942],[-83.01123,35.66002]]]}},{"type":"Feature","properties":{"kind":"minor-water","name":"Messer Branch","ftype":460,"lengthKm":0.6,"hu8":"06010106","pid":"{636D57DA-8F6C-4E2A-AD22-141F948F1AF7}"},"geometry":{"type":"MultiLineString","coordinates":[[[-83.0189,35.65104],[-83.01932,35.65212],[-83.01865,35.65636]]]}},{"type":"Feature","properties":{"kind":"minor-water","name":"Arrington Branch","ftype":460,"lengthKm":0.19,"hu8":"06010106","pid":"{54D15110-C308-4210-BBCF-27FD1A33EAAE}"},"geometry":{"type":"MultiLineString","coordinates":[[[-82.97989,35.65787],[-82.98088,35.65942]]]}},{"type":"Feature","properties":{"kind":"minor-water","name":"Arrington Branch","ftype":460,"lengthKm":0.44,"hu8":"06010106","pid":"{470864D1-A877-4117-8E13-678DB782EE94}"},"geometry":{"type":"MultiLineString","coordinates":[[[-82.96261,35.65855],[-82.96349,35.65812],[-82.96496,35.65804],[-82.96589,35.65732],[-82.96701,35.65715]]]}},{"type":"Feature","properties":{"kind":"minor-water","name":"Stevens Creek","ftype":460,"lengthKm":0.16,"hu8":"06010106","pid":"{47EC6F2A-A85B-4637-858F-2248E9CF9618}"},"geometry":{"type":"MultiLineString","coordinates":[[[-83.03297,35.65527],[-83.03365,35.65657]]]}},{"type":"Feature","properties":{"kind":"minor-water","name":"James Branch","ftype":460,"lengthKm":0.12,"hu8":"06010106","pid":"{A80BDEEF-3213-41DD-95C4-1D68F4E29D18}"},"geometry":{"type":"MultiLineString","coordinates":[[[-82.94045,35.66031],[-82.94044,35.66137]]]}},{"type":"Feature","properties":{"kind":"minor-water","name":"Messer Branch","ftype":460,"lengthKm":0.22,"hu8":"06010106","pid":"{37EE5CCB-7D0D-4FD2-AFE7-91F0F4F70DDB}"},"geometry":{"type":"MultiLineString","coordinates":[[[-83.01263,35.65792],[-83.01097,35.65942]]]}},{"type":"Feature","properties":{"kind":"minor-water","name":"Hunter Branch","ftype":460,"lengthKm":0.1,"hu8":"06010106","pid":"{801BC7B5-DCCF-4070-B21E-37D960784F01}"},"geometry":{"type":"MultiLineString","coordinates":[[[-83.02388,35.65772],[-83.0239,35.6586]]]}},{"type":"Feature","properties":{"kind":"minor-water","name":"Stevens Creek","ftype":460,"lengthKm":0.12,"hu8":"06010106","pid":"{4D6A701E-B4B5-48F3-810D-A68E8CA63389}"},"geometry":{"type":"MultiLineString","coordinates":[[[-83.03365,35.65657],[-83.03317,35.65754]]]}},{"type":"Feature","properties":{"kind":"minor-water","name":"Stevens Creek","ftype":460,"lengthKm":0.13,"hu8":"06010106","pid":"{827BE3C4-1AF8-42E5-8865-91102E24632D}"},"geometry":{"type":"MultiLineString","coordinates":[[[-83.03317,35.65754],[-83.03301,35.65868]]]}},{"type":"Feature","properties":{"kind":"minor-water","name":"Arrington Branch","ftype":460,"lengthKm":0.07,"hu8":"06010106","pid":"{B8D2AA75-D88E-4CC6-B309-B11CF6E06B9C}"},"geometry":{"type":"MultiLineString","coordinates":[[[-82.98088,35.65942],[-82.98153,35.65969]]]}},{"type":"Feature","properties":{"kind":"minor-water","name":"Leatherwood Branch","ftype":460,"lengthKm":0.05,"hu8":"06010106","pid":"{A28B0D9A-53CE-4D5A-9AF5-0A98CBA7C14E}"},"geometry":{"type":"MultiLineString","coordinates":[[[-82.99833,35.65886],[-82.99785,35.65915]]]}},{"type":"Feature","properties":{"kind":"minor-water","name":"Leatherwood Branch","ftype":460,"lengthKm":0.02,"hu8":"06010106","pid":"{EC17DA94-78DA-466F-97DC-0B1F80AD647E}"},"geometry":{"type":"MultiLineString","coordinates":[[[-82.99577,35.6611],[-82.99564,35.66126]]]}},{"type":"Feature","properties":{"kind":"minor-water","name":"Messer Branch","ftype":460,"lengthKm":0.17,"hu8":"06010106","pid":"{830FEFCC-7317-4642-8919-888ABE7A3212}"},"geometry":{"type":"MultiLineString","coordinates":[[[-83.01123,35.66002],[-83.01174,35.66145]]]}},{"type":"Feature","properties":{"kind":"minor-water","name":"White Oak Creek","ftype":460,"lengthKm":0.17,"hu8":"06010106","pid":"{9B14A6DA-AE11-4402-A93B-3F7942E57A3C}"},"geometry":{"type":"MultiLineString","coordinates":[[[-83.04424,35.65925],[-83.04364,35.66066]]]}},{"type":"Feature","properties":{"kind":"minor-water","name":"Arrington Branch","ftype":460,"lengthKm":0.1,"hu8":"06010106","pid":"{CA0FC161-3DBA-4CAF-97D8-812C91451570}"},"geometry":{"type":"MultiLineString","coordinates":[[[-82.98158,35.65971],[-82.98239,35.66028]]]}},{"type":"Feature","properties":{"kind":"minor-water","name":"Stevens Creek","ftype":460,"lengthKm":0.13,"hu8":"06010106","pid":"{B14A56FB-EA08-4D8B-A228-AB751E694E22}"},"geometry":{"type":"MultiLineString","coordinates":[[[-83.02595,35.66153],[-83.02466,35.66205]]]}},{"type":"Feature","properties":{"kind":"minor-water","name":"Stevens Creek","ftype":460,"lengthKm":0.38,"hu8":"06010106","pid":"{27780C98-8D23-4689-941C-D371E7161FE0}"},"geometry":{"type":"MultiLineString","coordinates":[[[-83.0299,35.66136],[-83.02809,35.66185],[-83.02666,35.66141],[-83.02595,35.66153]]]}},{"type":"Feature","properties":{"kind":"minor-water","name":"James Branch","ftype":460,"lengthKm":0.06,"hu8":"06010106","pid":"{051E90EB-BCFC-47A1-B814-C598770A0E24}"},"geometry":{"type":"MultiLineString","coordinates":[[[-82.93906,35.66455],[-82.93919,35.66506]]]}},{"type":"Feature","properties":{"kind":"minor-water","name":"Messer Branch","ftype":460,"lengthKm":0.13,"hu8":"06010106","pid":"{67165DCA-CD1E-4DC4-A862-BA602B806DCE}"},"geometry":{"type":"MultiLineString","coordinates":[[[-83.01174,35.66145],[-83.01166,35.66189],[-83.01215,35.66254]]]}},{"type":"Feature","properties":{"kind":"minor-water","name":"White Oak Creek","ftype":460,"lengthKm":0.01,"hu8":"06010106","pid":"{10271B9C-9265-453A-AD23-E2650D9497CB}"},"geometry":{"type":"MultiLineString","coordinates":[[[-83.04251,35.66276],[-83.0424,35.66285]]]}},{"type":"Feature","properties":{"kind":"minor-water","name":"Stevens Creek","ftype":460,"lengthKm":0.13,"hu8":"06010106","pid":"{3F627848-5A2B-4844-B0FE-E9BAF8DE2D41}"},"geometry":{"type":"MultiLineString","coordinates":[[[-83.02335,35.66296],[-83.02227,35.66379]]]}},{"type":"Feature","properties":{"kind":"minor-water","name":"Snelson Branch","ftype":460,"lengthKm":0.29,"hu8":"06010106","pid":"{56EF422D-8FEF-47EF-A6DD-570A4FA6522C}"},"geometry":{"type":"MultiLineString","coordinates":[[[-83.05385,35.66357],[-83.05185,35.66347],[-83.0509,35.66292]]]}},{"type":"Feature","properties":{"kind":"minor-water","name":"Liz Branch","ftype":460,"lengthKm":0.41,"hu8":"06010106","pid":"{E5A0F42D-25E6-4D04-9C58-6A50C37C19B3}"},"geometry":{"type":"MultiLineString","coordinates":[[[-83.04685,35.66385],[-83.0456,35.66423],[-83.04397,35.66406],[-83.0428,35.66492]]]}},{"type":"Feature","properties":{"kind":"minor-water","name":"Snelson Branch","ftype":460,"lengthKm":0.03,"hu8":"06010106","pid":"{0722BEA1-E9EF-4BE5-AFCB-D173D6B0CE08}"},"geometry":{"type":"MultiLineString","coordinates":[[[-83.0541,35.66369],[-83.05385,35.66357]]]}},{"type":"Feature","properties":{"kind":"minor-water","name":"Stevens Creek","ftype":460,"lengthKm":0.11,"hu8":"06010106","pid":"{6E5770CD-E396-4EAB-B2A3-D2FCDE8BF65F}"},"geometry":{"type":"MultiLineString","coordinates":[[[-83.02208,35.66446],[-83.02163,35.66535]]]}},{"type":"Feature","properties":{"kind":"minor-water","name":"Stevens Creek","ftype":460,"lengthKm":0.02,"hu8":"06010106","pid":"{BD843270-A130-4611-AE3D-08376D5F2855}"},"geometry":{"type":"MultiLineString","coordinates":[[[-83.02163,35.66535],[-83.02157,35.6655]]]}},{"type":"Feature","properties":{"kind":"minor-water","name":"Stevens Creek","ftype":460,"lengthKm":0.08,"hu8":"06010106","pid":"{49C24B90-48FD-45E0-A671-D140783EA381}"},"geometry":{"type":"MultiLineString","coordinates":[[[-83.02227,35.66379],[-83.02208,35.66446]]]}},{"type":"Feature","properties":{"kind":"minor-water","name":"James Branch","ftype":460,"lengthKm":0.05,"hu8":"06010106","pid":"{F1C513D5-A07C-4DC8-9311-EDD38A70F918}"},"geometry":{"type":"MultiLineString","coordinates":[[[-82.94109,35.66779],[-82.94113,35.66825]]]}},{"type":"Feature","properties":{"kind":"minor-water","name":"Messer Branch","ftype":460,"lengthKm":0.25,"hu8":"06010106","pid":"{E5859295-F291-4D89-B294-45AE876EBF9A}"},"geometry":{"type":"MultiLineString","coordinates":[[[-83.01258,35.66402],[-83.01296,35.6651],[-83.01381,35.66598]]]}},{"type":"Feature","properties":{"kind":"minor-water","name":"Stevens Creek","ftype":460,"lengthKm":0.07,"hu8":"06010106","pid":"{D5CBF2D9-C507-471C-9542-E38F1D0ABAAC}"},"geometry":{"type":"MultiLineString","coordinates":[[[-83.02157,35.6655],[-83.0213,35.66611]]]}},{"type":"Feature","properties":{"kind":"minor-water","name":"Messer Branch","ftype":460,"lengthKm":0.21,"hu8":"06010106","pid":"{254F8E60-FBF5-40CA-B889-8B81562FEB56}"},"geometry":{"type":"MultiLineString","coordinates":[[[-83.01384,35.66637],[-83.01373,35.66828]]]}},{"type":"Feature","properties":{"kind":"minor-water","name":"Pigeon River","ftype":558,"lengthKm":0.21,"hu8":"06010106","pid":"{36995F7D-65D4-449A-8E40-61F1D2FE60FC}"},"geometry":{"type":"MultiLineString","coordinates":[[[-83.01704,35.67375],[-83.01939,35.67396]]]}},{"type":"Feature","properties":{"kind":"minor-water","name":"James Branch","ftype":460,"lengthKm":0.37,"hu8":"06010106","pid":"{F628D21A-28FE-4A14-94DE-4233D46F295A}"},"geometry":{"type":"MultiLineString","coordinates":[[[-82.94113,35.66825],[-82.94087,35.6688],[-82.94161,35.66949],[-82.9417,35.67129]]]}},{"type":"Feature","properties":{"kind":"minor-water","name":"James Branch","ftype":460,"lengthKm":0.1,"hu8":"06010106","pid":"{BB6A062E-DF4C-40BF-ADB0-75BB1DECA6B4}"},"geometry":{"type":"MultiLineString","coordinates":[[[-82.9417,35.67129],[-82.94176,35.67216]]]}},{"type":"Feature","properties":{"kind":"minor-water","name":"Fines Creek","ftype":460,"lengthKm":0.3,"hu8":"06010106","pid":"{164F4979-05BF-4B79-8EB1-13608A5B3630}"},"geometry":{"type":"MultiLineString","coordinates":[[[-82.9906,35.67173],[-82.99171,35.6697],[-82.99229,35.66973]]]}},{"type":"Feature","properties":{"kind":"minor-water","name":"Fines Creek","ftype":460,"lengthKm":0.11,"hu8":"06010106","pid":"{E834DCAD-92A4-41DD-8D7E-C66E4CE775A2}"},"geometry":{"type":"MultiLineString","coordinates":[[[-82.97682,35.67456],[-82.97763,35.6743],[-82.97793,35.67451]]]}},{"type":"Feature","properties":{"kind":"minor-water","name":"Cove Creek","ftype":460,"lengthKm":0.23,"hu8":"06010106","pid":"{CB0BA694-4733-4904-99A5-341797740D04}"},"geometry":{"type":"MultiLineString","coordinates":[[[-82.89061,35.67488],[-82.89228,35.67642]]]}},{"type":"Feature","properties":{"kind":"minor-water","name":"Cove Creek","ftype":460,"lengthKm":0.05,"hu8":"06010106","pid":"{BA687F83-08ED-49CA-90C1-A1348950619F}"},"geometry":{"type":"MultiLineString","coordinates":[[[-82.89228,35.67642],[-82.8928,35.67658]]]}},{"type":"Feature","properties":{"kind":"minor-water","name":"White Oak Creek","ftype":460,"lengthKm":0.11,"hu8":"06010106","pid":"{44A76A24-D6FB-4D86-B452-EA63858FE933}"},"geometry":{"type":"MultiLineString","coordinates":[[[-83.03829,35.67081],[-83.03776,35.67167]]]}},{"type":"Feature","properties":{"kind":"minor-water","name":"Fines Creek","ftype":460,"lengthKm":0.16,"hu8":"06010106","pid":"{422ABB34-54CE-4A6E-A139-F8AF5F2D03CF}"},"geometry":{"type":"MultiLineString","coordinates":[[[-82.99045,35.67305],[-82.99092,35.67233],[-82.9906,35.67173]]]}},{"type":"Feature","properties":{"kind":"minor-water","name":"Cove Creek","ftype":460,"lengthKm":0.11,"hu8":"06010106","pid":"{1CE7227F-1DBE-408C-9869-EA2FF779C3B1}"},"geometry":{"type":"MultiLineString","coordinates":[[[-82.9414,35.67562],[-82.94257,35.67586]]]}},{"type":"Feature","properties":{"kind":"minor-water","name":"Cove Creek","ftype":460,"lengthKm":0.25,"hu8":"06010106","pid":"{EDBBA1DF-62F2-407B-9E0D-4E51CBC64203}"},"geometry":{"type":"MultiLineString","coordinates":[[[-82.93505,35.67593],[-82.93783,35.67588]]]}},{"type":"Feature","properties":{"kind":"minor-water","name":"Laurel Branch","ftype":460,"lengthKm":0.43,"hu8":"06010106","pid":"{9851D22E-14BA-4202-A532-30C7D89BE575}"},"geometry":{"type":"MultiLineString","coordinates":[[[-83.05428,35.66929],[-83.05157,35.6704],[-83.05027,35.67133]]]}},{"type":"Feature","properties":{"kind":"minor-water","name":"Fines Creek","ftype":460,"lengthKm":0.16,"hu8":"06010106","pid":"{AF25EB0B-46EB-4D14-AE13-F52DEED9E24C}"},"geometry":{"type":"MultiLineString","coordinates":[[[-82.97144,35.67486],[-82.97256,35.67374]]]}},{"type":"Feature","properties":{"kind":"minor-water","name":"Cove Creek","ftype":460,"lengthKm":0.17,"hu8":"06010106","pid":"{26F3CB06-A0F7-401F-8621-16683EC75980}"},"geometry":{"type":"MultiLineString","coordinates":[[[-82.91323,35.6769],[-82.91508,35.67699]]]}},{"type":"Feature","properties":{"kind":"minor-water","name":"Fines Creek","ftype":460,"lengthKm":0.03,"hu8":"06010106","pid":"{0F3F8150-EF29-4BEE-8A2D-4A5DED254FEE}"},"geometry":{"type":"MultiLineString","coordinates":[[[-82.94146,35.68777],[-82.94177,35.68774]]]}},{"type":"Feature","properties":{"kind":"minor-water","name":"Turkey Creek","ftype":460,"lengthKm":0.11,"hu8":"06010106","pid":"{1FB3D268-9A11-4FC5-A4A6-8CD61BB7A01A}"},"geometry":{"type":"MultiLineString","coordinates":[[[-82.91261,35.69216],[-82.91369,35.6917]]]}},{"type":"Feature","properties":{"kind":"minor-water","name":"Wesley Creek","ftype":460,"lengthKm":0.01,"hu8":"06010106","pid":"{1543EAE5-7F51-4A45-9E8C-9060677105DA}"},"geometry":{"type":"MultiLineString","coordinates":[[[-82.94516,35.69001],[-82.9451,35.68999]]]}},{"type":"Feature","properties":{"kind":"minor-water","name":"Martin Creek","ftype":460,"lengthKm":0.19,"hu8":"06010106","pid":"{F2DA70F8-45FA-4AA4-B69A-13EF11A1D393}"},"geometry":{"type":"MultiLineString","coordinates":[[[-82.97479,35.6856],[-82.97449,35.68393]]]}},{"type":"Feature","properties":{"kind":"minor-water","name":"Laurel Branch","ftype":460,"lengthKm":0.18,"hu8":"06010106","pid":"{45FC58CA-EEB5-4396-9855-17649FAD0BA3}"},"geometry":{"type":"MultiLineString","coordinates":[[[-83.00696,35.69088],[-83.00736,35.68932]]]}},{"type":"Feature","properties":{"kind":"minor-water","name":"Fines Creek","ftype":460,"lengthKm":0.07,"hu8":"06010106","pid":"{F2FAEBC4-8B59-4591-B34C-94F3377D65ED}"},"geometry":{"type":"MultiLineString","coordinates":[[[-82.92859,35.71228],[-82.9288,35.71164]]]}},{"type":"Feature","properties":{"kind":"minor-water","name":"Phillips Branch","ftype":460,"lengthKm":0.12,"hu8":"06010106","pid":"{A47CEA69-984E-45A0-9EF2-7E385BF859C7}"},"geometry":{"type":"MultiLineString","coordinates":[[[-82.93831,35.71138],[-82.93694,35.71137]]]}},{"type":"Feature","properties":{"kind":"minor-water","name":"Wilkins Creek","ftype":460,"lengthKm":0.46,"hu8":"06010106","pid":"{51C85AD2-EE45-4233-9C95-79630503EA48}"},"geometry":{"type":"MultiLineString","coordinates":[[[-83.01903,35.70175],[-83.02029,35.69881],[-83.02115,35.69805]]]}},{"type":"Feature","properties":{"kind":"minor-water","name":"Morgan Creek","ftype":460,"lengthKm":0.16,"hu8":"06010106","pid":"{06F14980-1244-42EC-9ABF-75580763DF99}"},"geometry":{"type":"MultiLineString","coordinates":[[[-82.9643,35.70764],[-82.96382,35.70629]]]}},{"type":"Feature","properties":{"kind":"minor-water","name":"Raccoon Branch","ftype":460,"lengthKm":0.06,"hu8":"06010106","pid":"{DD5F6728-8D88-4F66-ABEF-CB629C67B317}"},"geometry":{"type":"MultiLineString","coordinates":[[[-82.94753,35.7073],[-82.94712,35.70693]]]}},{"type":"Feature","properties":{"kind":"minor-water","name":"Laurel Branch","ftype":460,"lengthKm":0.01,"hu8":"06010106","pid":"{7ED80876-E609-4903-8382-CAED264F5708}"},"geometry":{"type":"MultiLineString","coordinates":[[[-83.00975,35.67862],[-83.00979,35.67851]]]}},{"type":"Feature","properties":{"kind":"minor-water","name":"Laurel Branch","ftype":460,"lengthKm":0.11,"hu8":"06010106","pid":"{27866F82-3FBD-44A4-A14F-C3EC901CE862}"},"geometry":{"type":"MultiLineString","coordinates":[[[-83.00884,35.67927],[-83.00975,35.67862]]]}},{"type":"Feature","properties":{"kind":"minor-water","name":"Martin Creek","ftype":460,"lengthKm":0.18,"hu8":"06010106","pid":"{4924743F-5A30-4D4A-BE14-725B1F8FBE82}"},"geometry":{"type":"MultiLineString","coordinates":[[[-82.97449,35.68393],[-82.97623,35.6831]]]}},{"type":"Feature","properties":{"kind":"minor-water","name":"Fines Creek","ftype":460,"lengthKm":0.11,"hu8":"06010106","pid":"{F08A8A1A-FC90-41B6-A2EC-D4915F5A11E6}"},"geometry":{"type":"MultiLineString","coordinates":[[[-82.98799,35.67634],[-82.98897,35.67576]]]}},{"type":"Feature","properties":{"kind":"minor-water","name":"Cove Creek","ftype":460,"lengthKm":0.02,"hu8":"06010106","pid":"{E38EE0D7-BA86-40D9-BBB8-A89B546FA2E8}"},"geometry":{"type":"MultiLineString","coordinates":[[[-82.90031,35.67891],[-82.9005,35.67886]]]}},{"type":"Feature","properties":{"kind":"minor-water","name":"Cove Creek","ftype":460,"lengthKm":0.02,"hu8":"06010106","pid":"{76032BDF-7661-460A-9FF3-A010B8EAA679}"},"geometry":{"type":"MultiLineString","coordinates":[[[-82.90013,35.679],[-82.90031,35.67891]]]}},{"type":"Feature","properties":{"kind":"minor-water","name":"Cove Creek","ftype":460,"lengthKm":0.16,"hu8":"06010106","pid":"{6918AC13-3283-4F3C-A621-AABADCDC268A}"},"geometry":{"type":"MultiLineString","coordinates":[[[-82.90209,35.67892],[-82.9038,35.67877]]]}},{"type":"Feature","properties":{"kind":"minor-water","name":"Cove Creek","ftype":460,"lengthKm":0.14,"hu8":"06010106","pid":"{F1186975-CFA1-4C82-BEC5-9AAAF692665B}"},"geometry":{"type":"MultiLineString","coordinates":[[[-82.91855,35.67671],[-82.92006,35.67655]]]}},{"type":"Feature","properties":{"kind":"minor-water","name":"Fines Creek","ftype":460,"lengthKm":0.13,"hu8":"06010106","pid":"{9B18B210-A523-49A7-8773-4445909FFA04}"},"geometry":{"type":"MultiLineString","coordinates":[[[-82.96307,35.67721],[-82.9642,35.67651]]]}},{"type":"Feature","properties":{"kind":"minor-water","name":"Cove Creek","ftype":460,"lengthKm":0.01,"hu8":"06010106","pid":"{288E022C-ADD3-4A50-9B10-460327549BE4}"},"geometry":{"type":"MultiLineString","coordinates":[[[-82.90567,35.67793],[-82.90581,35.67791]]]}},{"type":"Feature","properties":{"kind":"minor-water","name":"Laurel Branch","ftype":460,"lengthKm":0.18,"hu8":"06010106","pid":"{0496F652-A78A-4BF3-9BAE-E8CE76DC6AE5}"},"geometry":{"type":"MultiLineString","coordinates":[[[-83.04563,35.67308],[-83.04489,35.67327],[-83.04433,35.67415]]]}},{"type":"Feature","properties":{"kind":"minor-water","name":"Cove Creek","ftype":460,"lengthKm":0.17,"hu8":"06010106","pid":"{8561AFCC-3A1C-439E-91AF-3BD53C488683}"},"geometry":{"type":"MultiLineString","coordinates":[[[-82.9579,35.67768],[-82.95961,35.67831]]]}},{"type":"Feature","properties":{"kind":"minor-water","name":"Fines Creek","ftype":460,"lengthKm":0.06,"hu8":"06010106","pid":"{678B9F5E-BB82-4BDE-BE37-27F9CE31EC64}"},"geometry":{"type":"MultiLineString","coordinates":[[[-82.96496,35.67654],[-82.96554,35.6762]]]}},{"type":"Feature","properties":{"kind":"minor-water","name":"Cove Creek","ftype":460,"lengthKm":0.07,"hu8":"06010106","pid":"{0D3A498B-658F-4577-8C49-4EA86875CF28}"},"geometry":{"type":"MultiLineString","coordinates":[[[-82.9038,35.67877],[-82.90448,35.67845]]]}},{"type":"Feature","properties":{"kind":"minor-water","name":"Fines Creek","ftype":460,"lengthKm":0.2,"hu8":"06010106","pid":"{22390B59-047C-44F3-A235-33287AD92DAD}"},"geometry":{"type":"MultiLineString","coordinates":[[[-82.98594,35.6769],[-82.98799,35.67634]]]}},{"type":"Feature","properties":{"kind":"minor-water","name":"Cove Creek","ftype":460,"lengthKm":0.11,"hu8":"06010106","pid":"{CCD9BFDF-7C46-4446-9CB5-1D00EBF26DCE}"},"geometry":{"type":"MultiLineString","coordinates":[[[-82.95688,35.6772],[-82.9579,35.67768]]]}},{"type":"Feature","properties":{"kind":"minor-water","name":"Laurel Branch","ftype":460,"lengthKm":0.1,"hu8":"06010106","pid":"{25CE6141-551A-42E9-ADA3-09289B2F936F}"},"geometry":{"type":"MultiLineString","coordinates":[[[-83.01103,35.67724],[-83.01104,35.67633]]]}},{"type":"Feature","properties":{"kind":"minor-water","name":"Fines Creek","ftype":460,"lengthKm":0.04,"hu8":"06010106","pid":"{1FC8F757-3AF8-43E2-A2C1-D636F69DC7FE}"},"geometry":{"type":"MultiLineString","coordinates":[[[-82.97059,35.67587],[-82.97094,35.6756]]]}},{"type":"Feature","properties":{"kind":"minor-water","name":"Fines Creek","ftype":460,"lengthKm":0.17,"hu8":"06010106","pid":"{BBCFB4F6-8317-4F27-976E-080EA367B5ED}"},"geometry":{"type":"MultiLineString","coordinates":[[[-82.97256,35.67374],[-82.974,35.67477]]]}},{"type":"Feature","properties":{"kind":"minor-water","name":"Camp Branch","ftype":460,"lengthKm":0.21,"hu8":"06010106","pid":"{01EC88AC-AF12-449D-8A4C-AA06AA2920C8}"},"geometry":{"type":"MultiLineString","coordinates":[[[-83.00238,35.678],[-83.00313,35.67617]]]}},{"type":"Feature","properties":{"kind":"minor-water","name":"Camp Branch","ftype":460,"lengthKm":0.04,"hu8":"06010106","pid":"{110995ED-F6D0-4E85-824E-C6C1F0153717}"},"geometry":{"type":"MultiLineString","coordinates":[[[-83.00426,35.67529],[-83.00465,35.67529]]]}},{"type":"Feature","properties":{"kind":"minor-water","name":"Martin Creek","ftype":460,"lengthKm":0.21,"hu8":"06010106","pid":"{A28D950A-F308-43A8-B384-74DE953296AD}"},"geometry":{"type":"MultiLineString","coordinates":[[[-82.97964,35.67951],[-82.98167,35.67857]]]}},{"type":"Feature","properties":{"kind":"minor-water","name":"Fines Creek","ftype":460,"lengthKm":0.22,"hu8":"06010106","pid":"{8C661A28-64E3-42D0-A27A-DDFC65EF7056}"},"geometry":{"type":"MultiLineString","coordinates":[[[-82.95574,35.68147],[-82.95668,35.68123],[-82.9569,35.68068],[-82.95654,35.68016]]]}},{"type":"Feature","properties":{"kind":"minor-water","name":"Fines Creek","ftype":460,"lengthKm":0.07,"hu8":"06010106","pid":"{C60DC550-4D12-4F89-B43D-062F3191E4F2}"},"geometry":{"type":"MultiLineString","coordinates":[[[-82.94771,35.68351],[-82.94824,35.68303]]]}},{"type":"Feature","properties":{"kind":"minor-water","name":"Martin Creek","ftype":460,"lengthKm":0.14,"hu8":"06010106","pid":"{E804C2AF-A9E4-4627-94AA-8F6A4D2EAE18}"},"geometry":{"type":"MultiLineString","coordinates":[[[-82.97734,35.68211],[-82.97821,35.68111]]]}},{"type":"Feature","properties":{"kind":"minor-water","name":"Toms Branch","ftype":460,"lengthKm":0.19,"hu8":"06010106","pid":"{2F89E7F9-04B4-42FC-9B30-EC08E0F04572}"},"geometry":{"type":"MultiLineString","coordinates":[[[-82.9895,35.68288],[-82.98808,35.68164]]]}},{"type":"Feature","properties":{"kind":"minor-water","name":"Laurel Branch","ftype":460,"lengthKm":0.05,"hu8":"06010106","pid":"{ABD83520-F8B8-4E1C-92F4-837AFDB68778}"},"geometry":{"type":"MultiLineString","coordinates":[[[-83.0081,35.68106],[-83.00808,35.68061]]]}},{"type":"Feature","properties":{"kind":"minor-water","name":"Laurel Branch","ftype":460,"lengthKm":0.14,"hu8":"06010106","pid":"{FC953D00-B1F3-4D61-9642-492DA6B47F0C}"},"geometry":{"type":"MultiLineString","coordinates":[[[-83.00763,35.68462],[-83.00817,35.68346]]]}},{"type":"Feature","properties":{"kind":"minor-water","name":"Morgan Creek","ftype":460,"lengthKm":0.05,"hu8":"06010106","pid":"{24679E5B-1124-4754-9EA5-D47FA3FD5106}"},"geometry":{"type":"MultiLineString","coordinates":[[[-82.95346,35.68473],[-82.95332,35.68426]]]}},{"type":"Feature","properties":{"kind":"minor-water","name":"Martin Creek","ftype":460,"lengthKm":0.2,"hu8":"06010106","pid":"{B2D61171-AB8A-4197-AACE-57EE625FFCC8}"},"geometry":{"type":"MultiLineString","coordinates":[[[-82.97616,35.69023],[-82.97585,35.68848]]]}},{"type":"Feature","properties":{"kind":"minor-water","name":"Fines Creek","ftype":460,"lengthKm":0.13,"hu8":"06010106","pid":"{43B0945D-9997-42C7-9005-ED4852776D7F}"},"geometry":{"type":"MultiLineString","coordinates":[[[-82.94561,35.68665],[-82.94677,35.68598]]]}},{"type":"Feature","properties":{"kind":"minor-water","name":"Laurel Branch","ftype":460,"lengthKm":0.1,"hu8":"06010106","pid":"{9B450B16-7853-4BAA-9697-8A8E11933EF8}"},"geometry":{"type":"MultiLineString","coordinates":[[[-83.00746,35.68769],[-83.00729,35.68677]]]}},{"type":"Feature","properties":{"kind":"minor-water","name":"Laurel Branch","ftype":460,"lengthKm":0.09,"hu8":"06010106","pid":"{932994D1-F5EA-47D0-BD8C-4F6124CD3BBB}"},"geometry":{"type":"MultiLineString","coordinates":[[[-83.00742,35.68854],[-83.00746,35.68769]]]}},{"type":"Feature","properties":{"kind":"minor-water","name":"Camp Branch","ftype":460,"lengthKm":0.12,"hu8":"06010106","pid":"{D62B633B-7662-4F42-804B-BBE4E6C441F6}"},"geometry":{"type":"MultiLineString","coordinates":[[[-83.00113,35.68672],[-83.00113,35.68565]]]}},{"type":"Feature","properties":{"kind":"minor-water","name":"Turkey Creek","ftype":460,"lengthKm":0.06,"hu8":"06010106","pid":"{18B6164A-75EE-4A39-8B32-A569461ADCF9}"},"geometry":{"type":"MultiLineString","coordinates":[[[-82.91578,35.68999],[-82.91615,35.6895]]]}},{"type":"Feature","properties":{"kind":"minor-water","name":"Wilkins Creek","ftype":460,"lengthKm":0.17,"hu8":"06010106","pid":"{2DB6C9DA-1965-4902-B945-AC9322F8CB4B}"},"geometry":{"type":"MultiLineString","coordinates":[[[-83.03026,35.68778],[-83.03189,35.68706]]]}},{"type":"Feature","properties":{"kind":"minor-water","name":"Martin Creek","ftype":460,"lengthKm":0.04,"hu8":"06010106","pid":"{895D3B69-93EB-4F4E-8832-430D913A2320}"},"geometry":{"type":"MultiLineString","coordinates":[[[-82.97585,35.68848],[-82.97551,35.68822]]]}},{"type":"Feature","properties":{"kind":"minor-water","name":"Fines Creek","ftype":460,"lengthKm":0.04,"hu8":"06010106","pid":"{B1B0507A-FC95-4AE3-B8AD-7AC5B2DE5131}"},"geometry":{"type":"MultiLineString","coordinates":[[[-82.93857,35.68963],[-82.939,35.68947]]]}},{"type":"Feature","properties":{"kind":"minor-water","name":"Fines Creek","ftype":460,"lengthKm":0.08,"hu8":"06010106","pid":"{5F34514E-A198-43F6-9BD6-6BE2C10A8D80}"},"geometry":{"type":"MultiLineString","coordinates":[[[-82.93817,35.74044],[-82.9373,35.74027]]]}},{"type":"Feature","properties":{"kind":"minor-water","name":"Fines Creek","ftype":460,"lengthKm":0.08,"hu8":"06010106","pid":"{681632AE-6DC8-4DC0-9437-092908317A4D}"},"geometry":{"type":"MultiLineString","coordinates":[[[-82.93553,35.73998],[-82.93466,35.73996]]]}},{"type":"Feature","properties":{"kind":"minor-water","name":"Fines Creek","ftype":460,"lengthKm":0.14,"hu8":"06010106","pid":"{520A0423-31D6-4941-B5C3-344CB52DB4C9}"},"geometry":{"type":"MultiLineString","coordinates":[[[-82.9307,35.73942],[-82.92944,35.73865]]]}},{"type":"Feature","properties":{"kind":"minor-water","name":"Pigeon River","ftype":558,"lengthKm":0.15,"hu8":"06010106","pid":"{ED5AB3BF-1BB2-41B9-9D4B-14D769BCA0EF}"},"geometry":{"type":"MultiLineString","coordinates":[[[-82.99203,35.64161],[-82.99323,35.64253]]]}},{"type":"Feature","properties":{"kind":"minor-water","name":"Wilkins Creek","ftype":460,"lengthKm":0.02,"hu8":"06010106","pid":"{EAAA521C-0CCD-4955-A09B-89EE39487A9D}"},"geometry":{"type":"MultiLineString","coordinates":[[[-83.02184,35.69777],[-83.02206,35.69765]]]}},{"type":"Feature","properties":{"kind":"minor-water","name":"Messer Branch","ftype":460,"lengthKm":0.04,"hu8":"06010106","pid":"{916D5689-6218-446D-81E2-4701AC816155}"},"geometry":{"type":"MultiLineString","coordinates":[[[-83.01381,35.66598],[-83.01384,35.66637]]]}},{"type":"Feature","properties":{"kind":"minor-water","name":"Martin Creek","ftype":460,"lengthKm":0.04,"hu8":"06010106","pid":"{3B820723-A3AE-4D92-A0CD-7094E5399FFB}"},"geometry":{"type":"MultiLineString","coordinates":[[[-82.97929,35.67969],[-82.97964,35.67951]]]}},{"type":"Feature","properties":{"kind":"minor-water","name":"Fines Creek","ftype":460,"lengthKm":0.15,"hu8":"06010106","pid":"{A6F6B644-F380-484D-94E7-7E228F4C2096}"},"geometry":{"type":"MultiLineString","coordinates":[[[-82.92875,35.6995],[-82.9292,35.69821]]]}},{"type":"Feature","properties":{"kind":"minor-water","name":"Turkey Creek","ftype":460,"lengthKm":0.1,"hu8":"06010106","pid":"{4E7BF968-5A8E-45DE-9A7A-5B87BE18FAAE}"},"geometry":{"type":"MultiLineString","coordinates":[[[-82.9255,35.68975],[-82.92656,35.68945]]]}},{"type":"Feature","properties":{"kind":"minor-water","name":"Raccoon Branch","ftype":460,"lengthKm":0.03,"hu8":"06010106","pid":"{6C4295DD-18F3-4C0F-8FD0-4E54BB5A567B}"},"geometry":{"type":"MultiLineString","coordinates":[[[-82.95496,35.70885],[-82.95465,35.70874]]]}},{"type":"Feature","properties":{"kind":"minor-water","name":"Wesley Creek","ftype":460,"lengthKm":0.13,"hu8":"06010106","pid":"{FBC0FEAA-3021-438F-B19F-FBCFD2497D71}"},"geometry":{"type":"MultiLineString","coordinates":[[[-82.94646,35.71075],[-82.94616,35.70961]]]}},{"type":"Feature","properties":{"kind":"minor-water","name":"Laurel Branch","ftype":460,"lengthKm":0.01,"hu8":"06010106","pid":"{B4D4F9B7-6FCE-48BA-922D-E6EF714EF968}"},"geometry":{"type":"MultiLineString","coordinates":[[[-83.00761,35.68468],[-83.00763,35.68462]]]}},{"type":"Feature","properties":{"kind":"minor-water","name":"Turkey Creek","ftype":460,"lengthKm":0.11,"hu8":"06010106","pid":"{8EC395D4-A133-4B8B-9677-D74AEFD62380}"},"geometry":{"type":"MultiLineString","coordinates":[[[-82.91369,35.6917],[-82.91478,35.69134]]]}},{"type":"Feature","properties":{"kind":"minor-water","name":"Toms Branch","ftype":460,"lengthKm":0.25,"hu8":"06010106","pid":"{57EF2C0D-8518-4BB3-A879-26EF82171267}"},"geometry":{"type":"MultiLineString","coordinates":[[[-82.99154,35.68978],[-82.99129,35.68751]]]}},{"type":"Feature","properties":{"kind":"minor-water","name":"Wesley Creek","ftype":460,"lengthKm":0.16,"hu8":"06010106","pid":"{C90722EE-B3A2-41ED-A18A-89D4A0B2D0AE}"},"geometry":{"type":"MultiLineString","coordinates":[[[-82.94483,35.68794],[-82.94561,35.68665]]]}},{"type":"Feature","properties":{"kind":"minor-water","name":"Wesley Creek","ftype":460,"lengthKm":0.16,"hu8":"06010106","pid":"{3B95D9EC-29DD-47B5-9C03-33ECA9041632}"},"geometry":{"type":"MultiLineString","coordinates":[[[-82.94644,35.69098],[-82.94516,35.69001]]]}},{"type":"Feature","properties":{"kind":"minor-water","name":"Martin Creek","ftype":460,"lengthKm":0.04,"hu8":"06010106","pid":"{7EC5F2D6-DCCE-4E10-9293-40E90D946795}"},"geometry":{"type":"MultiLineString","coordinates":[[[-82.97608,35.69056],[-82.97616,35.69023]]]}},{"type":"Feature","properties":{"kind":"minor-water","name":"Laurel Branch","ftype":460,"lengthKm":0.09,"hu8":"06010106","pid":"{F7921A29-B074-4605-9283-F36343E01D62}"},"geometry":{"type":"MultiLineString","coordinates":[[[-83.00736,35.68932],[-83.00742,35.68854]]]}},{"type":"Feature","properties":{"kind":"minor-water","name":"Fines Creek","ftype":460,"lengthKm":0.17,"hu8":"06010106","pid":"{7543B3B1-159D-47AF-98F9-48765B5918AA}"},"geometry":{"type":"MultiLineString","coordinates":[[[-82.92982,35.6948],[-82.9298,35.69412],[-82.93052,35.6935]]]}},{"type":"Feature","properties":{"kind":"minor-water","name":"Camp Branch","ftype":460,"lengthKm":0.13,"hu8":"06010106","pid":"{B1B2C95F-80A4-463B-8BEF-C7D5BB8F57C6}"},"geometry":{"type":"MultiLineString","coordinates":[[[-83.00157,35.68781],[-83.00113,35.68672]]]}},{"type":"Feature","properties":{"kind":"minor-water","name":"Fines Creek","ftype":460,"lengthKm":0.01,"hu8":"06010106","pid":"{8F4970D5-7FE4-4744-BEC1-BB324631A50F}"},"geometry":{"type":"MultiLineString","coordinates":[[[-82.93813,35.68964],[-82.93825,35.68967]]]}},{"type":"Feature","properties":{"kind":"minor-water","name":"Morgan Creek","ftype":460,"lengthKm":0.41,"hu8":"06010106","pid":"{7B19D979-57A8-4C05-A89F-7B13DA96CEEF}"},"geometry":{"type":"MultiLineString","coordinates":[[[-82.95501,35.6916],[-82.9542,35.69048],[-82.95467,35.68951],[-82.95429,35.68901],[-82.95441,35.68828]]]}},{"type":"Feature","properties":{"kind":"minor-water","name":"Morgan Creek","ftype":460,"lengthKm":0.29,"hu8":"06010106","pid":"{CEF44852-5A2E-4E8A-A88E-4EB5480B8239}"},"geometry":{"type":"MultiLineString","coordinates":[[[-82.9585,35.69638],[-82.9572,35.69402]]]}},{"type":"Feature","properties":{"kind":"minor-water","name":"Wilkins Creek","ftype":460,"lengthKm":0.01,"hu8":"06010106","pid":"{BFE73D61-0A65-490C-BAB4-BB3B84512AC9}"},"geometry":{"type":"MultiLineString","coordinates":[[[-83.02439,35.69416],[-83.02436,35.69406]]]}},{"type":"Feature","properties":{"kind":"minor-water","name":"Wilkins Creek","ftype":460,"lengthKm":0.06,"hu8":"06010106","pid":"{4AC64DF2-B410-48F6-83C5-AD6D8B8E9CA0}"},"geometry":{"type":"MultiLineString","coordinates":[[[-83.02417,35.69466],[-83.02439,35.69416]]]}},{"type":"Feature","properties":{"kind":"minor-water","name":"Wilkins Creek","ftype":460,"lengthKm":0.12,"hu8":"06010106","pid":"{8C25C859-51F3-4B81-AD4B-4EC80EE74906}"},"geometry":{"type":"MultiLineString","coordinates":[[[-83.02206,35.69765],[-83.02284,35.69738],[-83.02299,35.69705]]]}},{"type":"Feature","properties":{"kind":"minor-water","name":"Martin Creek","ftype":460,"lengthKm":0.18,"hu8":"06010106","pid":"{011F34EF-BDD1-413F-9971-57C45B8D2F0C}"},"geometry":{"type":"MultiLineString","coordinates":[[[-82.97073,35.70196],[-82.97146,35.70146],[-82.97168,35.70065]]]}},{"type":"Feature","properties":{"kind":"minor-water","name":"Laurel Branch","ftype":460,"lengthKm":0.28,"hu8":"06010106","pid":"{068D8EB6-58FC-4E81-BE80-0DE9A7D08FA3}"},"geometry":{"type":"MultiLineString","coordinates":[[[-83.0056,35.69464],[-83.00559,35.69405],[-83.00653,35.69226]]]}},{"type":"Feature","properties":{"kind":"minor-water","name":"Martin Creek","ftype":460,"lengthKm":0.02,"hu8":"06010106","pid":"{9D48F04D-ED41-4FC1-8A26-A78EE3D71E76}"},"geometry":{"type":"MultiLineString","coordinates":[[[-82.97425,35.69588],[-82.97433,35.69569]]]}},{"type":"Feature","properties":{"kind":"minor-water","name":"Fines Creek","ftype":460,"lengthKm":0.07,"hu8":"06010106","pid":"{9DCA69CD-0AAD-4839-BB6B-8E99AF6734C2}"},"geometry":{"type":"MultiLineString","coordinates":[[[-82.92913,35.70101],[-82.92917,35.70041]]]}},{"type":"Feature","properties":{"kind":"minor-water","name":"Laurel Branch","ftype":460,"lengthKm":0.2,"hu8":"06010106","pid":"{586F0400-FB55-43B4-B5CD-D18F2E586E34}"},"geometry":{"type":"MultiLineString","coordinates":[[[-83.00277,35.6976],[-83.00334,35.69678],[-83.00429,35.69632]]]}},{"type":"Feature","properties":{"kind":"minor-water","name":"Morgan Creek","ftype":460,"lengthKm":0.21,"hu8":"06010106","pid":"{33664F0E-F337-407A-85CF-10CF0A2EF310}"},"geometry":{"type":"MultiLineString","coordinates":[[[-82.96006,35.69991],[-82.9594,35.69813]]]}},{"type":"Feature","properties":{"kind":"minor-water","name":"Wilkins Creek","ftype":460,"lengthKm":0.07,"hu8":"06010106","pid":"{ECAE7648-D965-4F1A-BBE5-675C6E033643}"},"geometry":{"type":"MultiLineString","coordinates":[[[-83.02115,35.69805],[-83.02184,35.69777]]]}},{"type":"Feature","properties":{"kind":"minor-water","name":"Morgan Creek","ftype":460,"lengthKm":0.01,"hu8":"06010106","pid":"{60837CAE-76F3-42A3-AD7E-145B8DF6D454}"},"geometry":{"type":"MultiLineString","coordinates":[[[-82.96008,35.69998],[-82.96006,35.69991]]]}},{"type":"Feature","properties":{"kind":"minor-water","name":"Laurel Branch","ftype":460,"lengthKm":0.09,"hu8":"06010106","pid":"{9D02A021-57CD-420D-B50A-712850D9295C}"},"geometry":{"type":"MultiLineString","coordinates":[[[-83.0026,35.70006],[-83.0021,35.69933]]]}},{"type":"Feature","properties":{"kind":"minor-water","name":"Gibson Branch","ftype":460,"lengthKm":0.33,"hu8":"06010106","pid":"{CE710362-79B6-4C98-95A6-E9772C87FAAF}"},"geometry":{"type":"MultiLineString","coordinates":[[[-82.94451,35.70031],[-82.94474,35.69965],[-82.94617,35.69959],[-82.94699,35.69867]]]}},{"type":"Feature","properties":{"kind":"minor-water","name":"Wesley Creek","ftype":460,"lengthKm":0,"hu8":"06010106","pid":"{573C1F3A-DF5D-4C50-A1CF-52E01F9B7B11}"},"geometry":{"type":"MultiLineString","coordinates":[[[-82.95064,35.7218],[-82.95062,35.72178]]]}},{"type":"Feature","properties":{"kind":"minor-water","name":"Martin Creek","ftype":460,"lengthKm":0.52,"hu8":"06010106","pid":"{EBCFE2D9-C338-43A7-A709-8A508E6EEFCB}"},"geometry":{"type":"MultiLineString","coordinates":[[[-82.97168,35.70065],[-82.97228,35.69946],[-82.97332,35.69849],[-82.97375,35.69698],[-82.97428,35.69659]]]}},{"type":"Feature","properties":{"kind":"minor-water","name":"Gibson Branch","ftype":460,"lengthKm":0.1,"hu8":"06010106","pid":"{A15E6613-510D-4E94-B744-8ECA0139ADA6}"},"geometry":{"type":"MultiLineString","coordinates":[[[-82.94391,35.70148],[-82.94428,35.70067]]]}},{"type":"Feature","properties":{"kind":"minor-water","name":"Gibson Branch","ftype":460,"lengthKm":0.44,"hu8":"06010106","pid":"{13BFD7DB-80E7-401E-AD45-97232F2D54FE}"},"geometry":{"type":"MultiLineString","coordinates":[[[-82.94193,35.70505],[-82.94368,35.70242],[-82.9439,35.70151]]]}},{"type":"Feature","properties":{"kind":"minor-water","name":"Gibson Branch","ftype":460,"lengthKm":0.04,"hu8":"06010106","pid":"{0A8F5406-A661-4A1B-BA9E-499605A4EE28}"},"geometry":{"type":"MultiLineString","coordinates":[[[-82.94161,35.70535],[-82.94193,35.70505]]]}},{"type":"Feature","properties":{"kind":"minor-water","name":"Fines Creek","ftype":460,"lengthKm":0.09,"hu8":"06010106","pid":"{A8036473-F091-47FE-88EE-CFA8F23F693F}"},"geometry":{"type":"MultiLineString","coordinates":[[[-82.92669,35.72421],[-82.92633,35.72346]]]}},{"type":"Feature","properties":{"kind":"minor-water","name":"Wesley Creek","ftype":460,"lengthKm":0.21,"hu8":"06010106","pid":"{BF6CDC83-F2AA-4F8A-8732-674820FD8D98}"},"geometry":{"type":"MultiLineString","coordinates":[[[-82.94723,35.70506],[-82.94724,35.7032]]]}},{"type":"Feature","properties":{"kind":"minor-water","name":"Wilkins Creek","ftype":460,"lengthKm":0.12,"hu8":"06010106","pid":"{0E3B3754-B51A-4C89-BF7D-F5D7BDDEA51E}"},"geometry":{"type":"MultiLineString","coordinates":[[[-83.01787,35.70266],[-83.01889,35.70199]]]}},{"type":"Feature","properties":{"kind":"minor-water","name":"Morgan Creek","ftype":460,"lengthKm":0.22,"hu8":"06010106","pid":"{4214AF43-EBFB-4F37-ACBE-6D7F27544694}"},"geometry":{"type":"MultiLineString","coordinates":[[[-82.96382,35.70629],[-82.96316,35.70436]]]}},{"type":"Feature","properties":{"kind":"minor-water","name":"Wesley Creek","ftype":460,"lengthKm":0.04,"hu8":"06010106","pid":"{781924ED-5C68-46CF-B51D-932D509C0336}"},"geometry":{"type":"MultiLineString","coordinates":[[[-82.95062,35.72178],[-82.95055,35.72145]]]}},{"type":"Feature","properties":{"kind":"minor-water","name":"Martin Creek","ftype":460,"lengthKm":0.21,"hu8":"06010106","pid":"{53EF8A95-0142-4B9F-9A9A-CC23A95AA8F8}"},"geometry":{"type":"MultiLineString","coordinates":[[[-82.97005,35.7036],[-82.96994,35.70267],[-82.97073,35.70196]]]}},{"type":"Feature","properties":{"kind":"minor-water","name":"Gibson Branch","ftype":460,"lengthKm":0.08,"hu8":"06010106","pid":"{63930CFE-113F-4981-A23B-06E61DA822C1}"},"geometry":{"type":"MultiLineString","coordinates":[[[-82.9413,35.70604],[-82.94161,35.70535]]]}},{"type":"Feature","properties":{"kind":"minor-water","name":"Martin Creek","ftype":460,"lengthKm":0.02,"hu8":"06010106","pid":"{7CCE7173-F838-413C-A140-F4780DC7F6D9}"},"geometry":{"type":"MultiLineString","coordinates":[[[-82.97013,35.70513],[-82.97019,35.70497]]]}},{"type":"Feature","properties":{"kind":"minor-water","name":"Fines Creek","ftype":460,"lengthKm":0.11,"hu8":"06010106","pid":"{8AB682BB-2DC9-4698-AD08-74343DA558BB}"},"geometry":{"type":"MultiLineString","coordinates":[[[-82.92841,35.70811],[-82.92841,35.70715]]]}},{"type":"Feature","properties":{"kind":"minor-water","name":"Wilkins Creek","ftype":460,"lengthKm":0.08,"hu8":"06010106","pid":"{85141A06-93C8-4084-8F22-E08A82785E6D}"},"geometry":{"type":"MultiLineString","coordinates":[[[-83.01706,35.70294],[-83.01787,35.70266]]]}},{"type":"Feature","properties":{"kind":"minor-water","name":"Gibson Branch","ftype":460,"lengthKm":0.13,"hu8":"06010106","pid":"{B378BB80-48DA-4C86-A10C-2FE7323071E4}"},"geometry":{"type":"MultiLineString","coordinates":[[[-82.94102,35.70715],[-82.9413,35.70604]]]}},{"type":"Feature","properties":{"kind":"minor-water","name":"Wilkins Creek","ftype":460,"lengthKm":0.03,"hu8":"06010106","pid":"{04D06B1D-C4A8-48BB-8117-8C954F23EE1E}"},"geometry":{"type":"MultiLineString","coordinates":[[[-83.01889,35.70199],[-83.01903,35.70175]]]}},{"type":"Feature","properties":{"kind":"minor-water","name":"Martin Creek","ftype":460,"lengthKm":0.19,"hu8":"06010106","pid":"{C21C76A0-04DF-47E9-9794-9508DF9C5D47}"},"geometry":{"type":"MultiLineString","coordinates":[[[-82.97047,35.70681],[-82.97013,35.70513]]]}},{"type":"Feature","properties":{"kind":"minor-water","name":"Fines Creek","ftype":460,"lengthKm":0.08,"hu8":"06010106","pid":"{CB3C634C-ADD5-4839-91E3-E35FA0398F43}"},"geometry":{"type":"MultiLineString","coordinates":[[[-82.92861,35.70928],[-82.92828,35.7086]]]}},{"type":"Feature","properties":{"kind":"minor-water","name":"Morgan Creek","ftype":460,"lengthKm":0.13,"hu8":"06010106","pid":"{E6FBC9D8-3E7D-4902-BC4E-C4C58ABA1406}"},"geometry":{"type":"MultiLineString","coordinates":[[[-82.96499,35.70868],[-82.9643,35.70764]]]}},{"type":"Feature","properties":{"kind":"minor-water","name":"Raccoon Branch","ftype":460,"lengthKm":0.7,"hu8":"06010106","pid":"{1F0FD96A-2BC7-493F-99B7-5FF66A71EB8E}"},"geometry":{"type":"MultiLineString","coordinates":[[[-82.95465,35.70874],[-82.95248,35.70768],[-82.95044,35.70709],[-82.94894,35.70698],[-82.94811,35.70739],[-82.94753,35.7073]]]}},{"type":"Feature","properties":{"kind":"minor-water","name":"Wilkins Creek","ftype":460,"lengthKm":0.22,"hu8":"06010106","pid":"{778FBDD0-0621-4702-B3BD-72DB16058855}"},"geometry":{"type":"MultiLineString","coordinates":[[[-83.01543,35.70432],[-83.01599,35.70347],[-83.01706,35.70294]]]}},{"type":"Feature","properties":{"kind":"minor-water","name":"Wilkins Creek","ftype":460,"lengthKm":0.13,"hu8":"06010106","pid":"{8A2A3027-840F-413C-94AF-2B0E1AE7C651}"},"geometry":{"type":"MultiLineString","coordinates":[[[-83.01171,35.70689],[-83.01314,35.70684]]]}},{"type":"Feature","properties":{"kind":"minor-water","name":"Wesley Creek","ftype":460,"lengthKm":0.13,"hu8":"06010106","pid":"{3F16BA1A-9461-4B13-8FAB-3FE5326E33F3}"},"geometry":{"type":"MultiLineString","coordinates":[[[-82.94715,35.70813],[-82.94712,35.70693]]]}},{"type":"Feature","properties":{"kind":"minor-water","name":"Raccoon Branch","ftype":460,"lengthKm":0.04,"hu8":"06010106","pid":"{BE31FD1A-4C1C-402A-BA86-1ECB8DB9403C}"},"geometry":{"type":"MultiLineString","coordinates":[[[-82.95532,35.70904],[-82.95496,35.70885]]]}},{"type":"Feature","properties":{"kind":"minor-water","name":"Wesley Creek","ftype":460,"lengthKm":0.05,"hu8":"06010106","pid":"{35F10F2E-892F-4897-8683-2DAA83D1888C}"},"geometry":{"type":"MultiLineString","coordinates":[[[-82.94691,35.70853],[-82.94715,35.70813]]]}},{"type":"Feature","properties":{"kind":"minor-water","name":"Wilkins Creek","ftype":460,"lengthKm":0.05,"hu8":"06010106","pid":"{61F56B2C-2DC1-4F05-ADEC-8A95B5185211}"},"geometry":{"type":"MultiLineString","coordinates":[[[-83.01314,35.70684],[-83.01349,35.70653]]]}},{"type":"Feature","properties":{"kind":"minor-water","name":"Raccoon Branch","ftype":460,"lengthKm":0.38,"hu8":"06010106","pid":"{CE929CA8-58D4-4AAE-A30D-5A2626C989FB}"},"geometry":{"type":"MultiLineString","coordinates":[[[-82.95937,35.70994],[-82.95766,35.70934],[-82.95532,35.70904]]]}},{"type":"Feature","properties":{"kind":"minor-water","name":"Phillips Branch","ftype":460,"lengthKm":0.19,"hu8":"06010106","pid":"{EE21139B-DDB5-4B25-878F-D86BBD5F8CF0}"},"geometry":{"type":"MultiLineString","coordinates":[[[-82.93694,35.71137],[-82.93491,35.71113]]]}},{"type":"Feature","properties":{"kind":"minor-water","name":"Wesley Creek","ftype":460,"lengthKm":0.06,"hu8":"06010106","pid":"{26590221-CF36-4D19-9CE0-C13BFAA36C8B}"},"geometry":{"type":"MultiLineString","coordinates":[[[-82.94674,35.71125],[-82.94646,35.71075]]]}},{"type":"Feature","properties":{"kind":"minor-water","name":"Phillips Branch","ftype":460,"lengthKm":0.27,"hu8":"06010106","pid":"{F6C14E8B-F50F-4B6E-B12D-6B84D7F45DE2}"},"geometry":{"type":"MultiLineString","coordinates":[[[-82.9314,35.71229],[-82.93058,35.71263],[-82.92859,35.71228]]]}},{"type":"Feature","properties":{"kind":"minor-water","name":"Haynes Branch","ftype":460,"lengthKm":0.46,"hu8":"06010106","pid":"{9EF0B5D0-EF5F-4DE7-B0E5-A06577831B82}"},"geometry":{"type":"MultiLineString","coordinates":[[[-82.95196,35.71191],[-82.94767,35.711],[-82.94709,35.71125]]]}},{"type":"Feature","properties":{"kind":"minor-water","name":"Fines Creek","ftype":460,"lengthKm":0.07,"hu8":"06010106","pid":"{769F1C41-CAE6-48CE-A2A2-64124ADCF196}"},"geometry":{"type":"MultiLineString","coordinates":[[[-82.92811,35.71279],[-82.92859,35.71228]]]}},{"type":"Feature","properties":{"kind":"minor-water","name":"Sally Branch","ftype":460,"lengthKm":0.09,"hu8":"06010106","pid":"{88F8A381-BBFB-4A72-AEA7-6F4B48441A8D}"},"geometry":{"type":"MultiLineString","coordinates":[[[-82.91684,35.71959],[-82.91789,35.71956]]]}},{"type":"Feature","properties":{"kind":"minor-water","name":"Sally Branch","ftype":460,"lengthKm":0.03,"hu8":"06010106","pid":"{DBD2A7A8-9299-4B76-9F77-94877A719CA6}"},"geometry":{"type":"MultiLineString","coordinates":[[[-82.91937,35.71972],[-82.91974,35.71973]]]}},{"type":"Feature","properties":{"kind":"minor-water","name":"Sally Branch","ftype":460,"lengthKm":0.05,"hu8":"06010106","pid":"{6C73EF6D-D2BC-4A07-A8BD-C056FADD42DD}"},"geometry":{"type":"MultiLineString","coordinates":[[[-82.92207,35.72012],[-82.92264,35.72024]]]}},{"type":"Feature","properties":{"kind":"minor-water","name":"Mooney Branch","ftype":460,"lengthKm":0.28,"hu8":"06010106","pid":"{26B9550D-2073-4B9D-A818-045F4309B822}"},"geometry":{"type":"MultiLineString","coordinates":[[[-82.94792,35.71997],[-82.94906,35.7176]]]}},{"type":"Feature","properties":{"kind":"minor-water","name":"Mooney Branch","ftype":460,"lengthKm":0.04,"hu8":"06010106","pid":"{78EFB3A1-9403-465B-866C-E7C1089E38B0}"},"geometry":{"type":"MultiLineString","coordinates":[[[-82.94761,35.72019],[-82.94792,35.71997]]]}},{"type":"Feature","properties":{"kind":"minor-water","name":"Mooney Branch","ftype":460,"lengthKm":0.3,"hu8":"06010106","pid":"{BA7F368E-64FB-4911-8E73-EC7FEA19229C}"},"geometry":{"type":"MultiLineString","coordinates":[[[-82.94446,35.72464],[-82.94571,35.72212]]]}},{"type":"Feature","properties":{"kind":"minor-water","name":"Wesley Creek","ftype":460,"lengthKm":0.4,"hu8":"06010106","pid":"{73BC8D4C-CC69-4E71-95B7-FF63B0D91D37}"},"geometry":{"type":"MultiLineString","coordinates":[[[-82.95117,35.72062],[-82.95037,35.71863],[-82.94906,35.7176]]]}},{"type":"Feature","properties":{"kind":"minor-water","name":"Fines Creek","ftype":460,"lengthKm":0.06,"hu8":"06010106","pid":"{37152511-6347-4CC6-8352-69A7A66DDCF4}"},"geometry":{"type":"MultiLineString","coordinates":[[[-82.92633,35.72346],[-82.92613,35.72297]]]}},{"type":"Feature","properties":{"kind":"minor-water","name":"Wesley Creek","ftype":460,"lengthKm":0.31,"hu8":"06010106","pid":"{88DE7B94-DD66-4EFB-BF60-4930E1033025}"},"geometry":{"type":"MultiLineString","coordinates":[[[-82.95083,35.72458],[-82.95064,35.7218]]]}},{"type":"Feature","properties":{"kind":"minor-water","name":"Fines Creek","ftype":460,"lengthKm":0.07,"hu8":"06010106","pid":"{1E8307F5-F705-4176-97C7-FBE0AE0FE4AF}"},"geometry":{"type":"MultiLineString","coordinates":[[[-82.92832,35.72699],[-82.92806,35.72641]]]}},{"type":"Feature","properties":{"kind":"minor-water","name":"Liz Branch","ftype":460,"lengthKm":0.12,"hu8":"06010106","pid":"{21322D29-68F4-4A2C-8A63-0782015CE1ED}"},"geometry":{"type":"MultiLineString","coordinates":[[[-83.0428,35.66492],[-83.04158,35.66459]]]}},{"type":"Feature","properties":{"kind":"minor-water","name":"Wesley Creek","ftype":460,"lengthKm":0.05,"hu8":"06010106","pid":"{FA2E8C4C-38F8-4993-8F9C-F74E378DD9F2}"},"geometry":{"type":"MultiLineString","coordinates":[[[-82.95079,35.72507],[-82.95083,35.72458]]]}},{"type":"Feature","properties":{"kind":"minor-water","name":"Fines Creek","ftype":460,"lengthKm":0.07,"hu8":"06010106","pid":"{958B2399-7981-48F9-84D7-B9921B8C4B77}"},"geometry":{"type":"MultiLineString","coordinates":[[[-82.92827,35.7276],[-82.92832,35.72699]]]}},{"type":"Feature","properties":{"kind":"minor-water","name":"Fines Creek","ftype":460,"lengthKm":0.09,"hu8":"06010106","pid":"{D153DE56-F67E-46CB-8ED3-52F7ED5B2479}"},"geometry":{"type":"MultiLineString","coordinates":[[[-82.92829,35.73381],[-82.92834,35.73302]]]}},{"type":"Feature","properties":{"kind":"minor-water","name":"Fines Creek","ftype":460,"lengthKm":0.38,"hu8":"06010106","pid":"{57010D64-5A28-4BF5-A251-77F520E93476}"},"geometry":{"type":"MultiLineString","coordinates":[[[-82.93466,35.73996],[-82.93249,35.73911],[-82.9307,35.73942]]]}},{"type":"Feature","properties":{"kind":"minor-water","name":"Fines Creek","ftype":460,"lengthKm":0.17,"hu8":"06010106","pid":"{25FF56C3-6CD5-4A6F-BBF7-AA658D313123}"},"geometry":{"type":"MultiLineString","coordinates":[[[-82.94581,35.73955],[-82.94394,35.73982]]]}},{"type":"Feature","properties":{"kind":"minor-water","name":"Fines Creek","ftype":460,"lengthKm":0.15,"hu8":"06010106","pid":"{55F7A234-63FA-463C-9366-889B3AB824E2}"},"geometry":{"type":"MultiLineString","coordinates":[[[-82.93719,35.7402],[-82.93553,35.73998]]]}},{"type":"Feature","properties":{"kind":"minor-water","name":"Fines Creek","ftype":460,"lengthKm":0.04,"hu8":"06010106","pid":"{1B1B520F-D8AD-4975-BB01-6D3DE53E5997}"},"geometry":{"type":"MultiLineString","coordinates":[[[-82.94299,35.74004],[-82.94251,35.74008]]]}},{"type":"Feature","properties":{"kind":"minor-water","name":"Fines Creek","ftype":460,"lengthKm":0.1,"hu8":"06010106","pid":"{A3B4BD93-5EF8-4004-A0C9-8A096810369B}"},"geometry":{"type":"MultiLineString","coordinates":[[[-82.94251,35.74008],[-82.9414,35.7402]]]}},{"type":"Feature","properties":{"kind":"minor-water","name":"Wilkins Creek","ftype":460,"lengthKm":0.11,"hu8":"06010106","pid":"{57ECFE77-5EFC-4B3E-9B07-1E4D16801A4C}"},"geometry":{"type":"MultiLineString","coordinates":[[[-83.02539,35.69053],[-83.02608,35.68974]]]}},{"type":"Feature","properties":{"kind":"minor-water","name":"Wilkins Creek","ftype":460,"lengthKm":0.07,"hu8":"06010106","pid":"{745AC919-B8FB-4665-9438-04B5C70FD789}"},"geometry":{"type":"MultiLineString","coordinates":[[[-83.02299,35.69705],[-83.02351,35.69658]]]}},{"type":"Feature","properties":{"kind":"minor-water","name":"White Oak Creek","ftype":460,"lengthKm":0.01,"hu8":"06010106","pid":"{94A2B82B-2DB3-4D6B-862A-BF4CCAFE2814}"},"geometry":{"type":"MultiLineString","coordinates":[[[-83.03835,35.67072],[-83.03829,35.67081]]]}},{"type":"Feature","properties":{"kind":"minor-water","name":"White Oak Creek","ftype":460,"lengthKm":0.08,"hu8":"06010106","pid":"{EF063B0A-EE8E-4236-8BB2-443F1E05DE22}"},"geometry":{"type":"MultiLineString","coordinates":[[[-83.04117,35.66688],[-83.04056,35.66738]]]}},{"type":"Feature","properties":{"kind":"minor-water","name":"Stevens Creek","ftype":460,"lengthKm":0.12,"hu8":"06010106","pid":"{95E147B8-E699-45C1-9E8F-2976A3960EFA}"},"geometry":{"type":"MultiLineString","coordinates":[[[-83.02175,35.66761],[-83.02247,35.66851]]]}},{"type":"Feature","properties":{"kind":"minor-water","name":"White Oak Creek","ftype":460,"lengthKm":0.04,"hu8":"06010106","pid":"{0C624F6E-CC53-4917-8A25-36145757CF4E}"},"geometry":{"type":"MultiLineString","coordinates":[[[-83.04364,35.66066],[-83.04347,35.66103]]]}},{"type":"Feature","properties":{"kind":"minor-water","name":"Laurel Branch","ftype":460,"lengthKm":0.22,"hu8":"06010106","pid":"{93065334-DC93-4D5F-B2C1-1B2DCBD95687}"},"geometry":{"type":"MultiLineString","coordinates":[[[-83.00429,35.69632],[-83.0056,35.69464]]]}},{"type":"Feature","properties":{"kind":"minor-water","name":"Arrington Branch","ftype":460,"lengthKm":0.12,"hu8":"06010106","pid":"{A8CE7B2E-9D4C-45A1-9C38-F7B281BF044C}"},"geometry":{"type":"MultiLineString","coordinates":[[[-82.97507,35.65464],[-82.97645,35.65463]]]}},{"type":"Feature","properties":{"kind":"minor-water","name":"Toms Branch","ftype":460,"lengthKm":0.31,"hu8":"06010106","pid":"{CE679F4B-5C8F-4BDF-87FD-5F57C4229B17}"},"geometry":{"type":"MultiLineString","coordinates":[[[-82.99856,35.70047],[-82.99748,35.69872],[-82.99662,35.69821]]]}},{"type":"Feature","properties":{"kind":"minor-water","name":"Rathbone Branch","ftype":460,"lengthKm":0.23,"hu8":"06010106","pid":"{4D365AE2-686F-4656-BB30-EDE12220C265}"},"geometry":{"type":"MultiLineString","coordinates":[[[-82.97176,35.64845],[-82.9725,35.64878],[-82.97416,35.64858]]]}},{"type":"Feature","properties":{"kind":"minor-water","name":"Martin Creek","ftype":460,"lengthKm":0.15,"hu8":"06010106","pid":"{FFAB9C63-F2CA-46F0-83DF-A5E53C956675}"},"geometry":{"type":"MultiLineString","coordinates":[[[-82.97019,35.70497],[-82.97005,35.7036]]]}},{"type":"Feature","properties":{"kind":"minor-water","name":"Martin Creek","ftype":460,"lengthKm":0.12,"hu8":"06010106","pid":"{7D5AB4BA-79D8-4D80-BA21-E605A97A29E2}"},"geometry":{"type":"MultiLineString","coordinates":[[[-82.97041,35.70785],[-82.97047,35.70681]]]}},{"type":"Feature","properties":{"kind":"minor-water","name":"Cove Creek","ftype":460,"lengthKm":0.25,"hu8":"06010106","pid":"{F2A7FDC2-EC54-494A-BB0F-1E9A28AD5201}"},"geometry":{"type":"MultiLineString","coordinates":[[[-82.94861,35.67672],[-82.95137,35.67684]]]}},{"type":"Feature","properties":{"kind":"minor-water","name":"Cove Creek","ftype":460,"lengthKm":0.04,"hu8":"06010106","pid":"{CA2B5152-8869-4274-9D8D-D13EA0EBC951}"},"geometry":{"type":"MultiLineString","coordinates":[[[-82.92773,35.67692],[-82.9281,35.67708]]]}},{"type":"Feature","properties":{"kind":"minor-water","name":"Fines Creek","ftype":460,"lengthKm":0.03,"hu8":"06010106","pid":"{8E7046A2-E4E5-4DC8-8260-A2FAB42B6B56}"},"geometry":{"type":"MultiLineString","coordinates":[[[-82.93825,35.68967],[-82.93857,35.68963]]]}},{"type":"Feature","properties":{"kind":"minor-water","name":"Panther Creek","ftype":460,"lengthKm":0.15,"hu8":"06010106","pid":"{71B66C39-E379-4A1C-94FF-E645CC0AFAA9}"},"geometry":{"type":"MultiLineString","coordinates":[[[-82.96624,35.64327],[-82.9678,35.64296]]]}},{"type":"Feature","properties":{"kind":"minor-water","name":"Wesley Creek","ftype":460,"lengthKm":0.08,"hu8":"06010106","pid":"{3EABEBF7-E678-4536-A195-D28C2942D189}"},"geometry":{"type":"MultiLineString","coordinates":[[[-82.94677,35.69933],[-82.94699,35.69867]]]}},{"type":"Feature","properties":{"kind":"minor-water","name":"Gibson Branch","ftype":460,"lengthKm":0.05,"hu8":"06010106","pid":"{460F8EDB-4F6D-43B8-83E1-E739AEF1824D}"},"geometry":{"type":"MultiLineString","coordinates":[[[-82.94428,35.70067],[-82.94451,35.70031]]]}},{"type":"Feature","properties":{"kind":"minor-water","name":"Gibson Branch","ftype":460,"lengthKm":0,"hu8":"06010106","pid":"{C9DB07F0-2105-4872-84B6-8F651C9D824A}"},"geometry":{"type":"MultiLineString","coordinates":[[[-82.9439,35.70151],[-82.94391,35.70148]]]}},{"type":"Feature","properties":{"kind":"minor-water","name":"James Branch","ftype":460,"lengthKm":0.05,"hu8":"06010106","pid":"{692A8AFE-8253-476D-A5FB-7ED6843A78E0}"},"geometry":{"type":"MultiLineString","coordinates":[[[-82.94051,35.65648],[-82.94034,35.6569]]]}},{"type":"Feature","properties":{"kind":"minor-water","name":"Turkey Creek","ftype":460,"lengthKm":0.1,"hu8":"06010106","pid":"{89920AE0-E73D-4E89-89AC-D5E864252CD0}"},"geometry":{"type":"MultiLineString","coordinates":[[[-82.92656,35.68945],[-82.92747,35.6889]]]}},{"type":"Feature","properties":{"kind":"minor-water","name":"Panther Creek","ftype":460,"lengthKm":0.14,"hu8":"06010106","pid":"{74673B58-48DC-4CBB-AEBC-9E39C1D56142}"},"geometry":{"type":"MultiLineString","coordinates":[[[-82.95745,35.64704],[-82.95834,35.64596]]]}},{"type":"Feature","properties":{"kind":"minor-water","name":"Fines Creek","ftype":460,"lengthKm":0.06,"hu8":"06010106","pid":"{2F84A348-5889-4D8E-BDA9-79ABF21C58F8}"},"geometry":{"type":"MultiLineString","coordinates":[[[-82.92828,35.7086],[-82.92841,35.70811]]]}},{"type":"Feature","properties":{"kind":"minor-water","name":"Fines Creek","ftype":460,"lengthKm":0.1,"hu8":"06010106","pid":"{E671113A-D657-4710-A476-8E3503089294}"},"geometry":{"type":"MultiLineString","coordinates":[[[-82.9612,35.6787],[-82.96217,35.67827]]]}},{"type":"Feature","properties":{"kind":"minor-water","name":"Cove Creek","ftype":460,"lengthKm":0.05,"hu8":"06010106","pid":"{1CD1433E-E894-49C3-B05D-293BA6F6070E}"},"geometry":{"type":"MultiLineString","coordinates":[[[-82.8965,35.67804],[-82.89692,35.67827]]]}},{"type":"Feature","properties":{"kind":"minor-water","name":"Wesley Creek","ftype":460,"lengthKm":0.11,"hu8":"06010106","pid":"{BAAF640D-3A00-4684-89A4-7D4E3CA846C5}"},"geometry":{"type":"MultiLineString","coordinates":[[[-82.95055,35.72145],[-82.95117,35.72062]]]}},{"type":"Feature","properties":{"kind":"minor-water","name":"Phillips Branch","ftype":460,"lengthKm":0.15,"hu8":"06010106","pid":"{66D006CA-05F4-41D2-83B0-EAF745BA7C58}"},"geometry":{"type":"MultiLineString","coordinates":[[[-82.93491,35.71113],[-82.93322,35.71117]]]}},{"type":"Feature","properties":{"kind":"minor-water","name":"Fines Creek","ftype":460,"lengthKm":0.01,"hu8":"06010106","pid":"{03FA0F95-743D-4344-B41B-D8B06FB42668}"},"geometry":{"type":"MultiLineString","coordinates":[[[-82.9373,35.74027],[-82.93719,35.7402]]]}},{"type":"Feature","properties":{"kind":"minor-water","name":"Turkey Creek","ftype":460,"lengthKm":0.05,"hu8":"06010106","pid":"{04F8DA58-6F23-4D15-9B7F-FCEBA5B3B579}"},"geometry":{"type":"MultiLineString","coordinates":[[[-82.91223,35.69249],[-82.91261,35.69216]]]}},{"type":"Feature","properties":{"kind":"minor-water","name":"Fines Creek","ftype":460,"lengthKm":0.13,"hu8":"06010106","pid":"{6A216302-9107-4726-9B19-4F7035AA374B}"},"geometry":{"type":"MultiLineString","coordinates":[[[-82.96942,35.67652],[-82.97059,35.67587]]]}},{"type":"Feature","properties":{"kind":"minor-water","name":"Sally Branch","ftype":460,"lengthKm":0.16,"hu8":"06010106","pid":"{3C4482C9-03AF-4710-B74B-37CF51D74F43}"},"geometry":{"type":"MultiLineString","coordinates":[[[-82.92513,35.7186],[-82.92642,35.71759]]]}},{"type":"Feature","properties":{"kind":"minor-water","name":"Rathbone Branch","ftype":460,"lengthKm":0.13,"hu8":"06010106","pid":"{610DDC80-BC8C-418D-A526-7043A856A66C}"},"geometry":{"type":"MultiLineString","coordinates":[[[-82.97037,35.64863],[-82.97176,35.64845]]]}},{"type":"Feature","properties":{"kind":"minor-water","name":"Pigeon River","ftype":558,"lengthKm":0.22,"hu8":"06010106","pid":"{B62DACB0-90C2-40A0-85B4-539052EB674B}"},"geometry":{"type":"MultiLineString","coordinates":[[[-83.02812,35.67278],[-83.03048,35.67336]]]}},{"type":"Feature","properties":{"kind":"minor-water","name":"Pigeon River","ftype":558,"lengthKm":0.16,"hu8":"06010106","pid":"{1D00495C-4E9D-4ADB-94A4-B44B0B51BE4B}"},"geometry":{"type":"MultiLineString","coordinates":[[[-83.02109,35.67381],[-83.02281,35.67334]]]}},{"type":"Feature","properties":{"kind":"minor-water","name":"Pigeon River","ftype":558,"lengthKm":0.15,"hu8":"06010106","pid":"{28AC067D-8EBC-4FDB-AF6F-6F26B827FE0E}"},"geometry":{"type":"MultiLineString","coordinates":[[[-83.0102,35.66995],[-83.01127,35.67101]]]}},{"type":"Feature","properties":{"kind":"minor-water","name":"Panther Creek","ftype":460,"lengthKm":0.03,"hu8":"06010106","pid":"{AC9ABC56-E079-4561-8603-B8F01CCEB92A}"},"geometry":{"type":"MultiLineString","coordinates":[[[-82.96065,35.64561],[-82.9609,35.64538]]]}},{"type":"Feature","properties":{"kind":"minor-water","name":"Martin Creek","ftype":460,"lengthKm":0.08,"hu8":"06010106","pid":"{05F0118B-C0DF-4A2F-8462-F85FA11C2DA4}"},"geometry":{"type":"MultiLineString","coordinates":[[[-82.97428,35.69659],[-82.97425,35.69588]]]}},{"type":"Feature","properties":{"kind":"minor-water","name":"Fines Creek","ftype":460,"lengthKm":0.14,"hu8":"06010106","pid":"{A932B227-0260-49E9-8393-031D885A3097}"},"geometry":{"type":"MultiLineString","coordinates":[[[-82.94972,35.68227],[-82.95102,35.6816]]]}},{"type":"Feature","properties":{"kind":"minor-water","name":"James Branch","ftype":460,"lengthKm":0.01,"hu8":"06010106","pid":"{DE951FB3-22C9-4B4C-80BC-0D175CF11390}"},"geometry":{"type":"MultiLineString","coordinates":[[[-82.94034,35.6569],[-82.94028,35.65697]]]}},{"type":"Feature","properties":{"kind":"minor-water","name":"Panther Creek","ftype":460,"lengthKm":0.08,"hu8":"06010106","pid":"{872F74A8-4D4E-4E15-B5D0-2AD49F30CA49}"},"geometry":{"type":"MultiLineString","coordinates":[[[-82.9655,35.64367],[-82.96624,35.64327]]]}},{"type":"Feature","properties":{"kind":"minor-water","name":"Panther Creek","ftype":460,"lengthKm":0.07,"hu8":"06010106","pid":"{8AED4E93-DE2E-4CE6-AABB-8F8FF53FC9A0}"},"geometry":{"type":"MultiLineString","coordinates":[[[-82.95834,35.64596],[-82.95903,35.64565]]]}},{"type":"Feature","properties":{"kind":"minor-water","name":"Camp Branch","ftype":460,"lengthKm":0.35,"hu8":"06010106","pid":"{DF072A6C-5A06-48FF-B38B-8AD74AC284B4}"},"geometry":{"type":"MultiLineString","coordinates":[[[-83.00071,35.68486],[-83.00045,35.68381],[-82.99993,35.68325],[-83.00019,35.6823],[-83.00069,35.68219]]]}},{"type":"Feature","properties":{"kind":"minor-water","name":"Fines Creek","ftype":460,"lengthKm":0,"hu8":"06010106","pid":"{D4383599-5BE7-42D5-868C-E59E3124FB43}"},"geometry":{"type":"MultiLineString","coordinates":[[[-82.9557,35.68146],[-82.95574,35.68147]]]}},{"type":"Feature","properties":{"kind":"minor-water","name":"Panther Creek","ftype":460,"lengthKm":0.06,"hu8":"06010106","pid":"{DCFFBEBC-D1F7-40CC-B196-E9B1CF108EFB}"},"geometry":{"type":"MultiLineString","coordinates":[[[-82.98167,35.64303],[-82.98199,35.64354]]]}},{"type":"Feature","properties":{"kind":"minor-water","name":"Fines Creek","ftype":460,"lengthKm":0.09,"hu8":"06010106","pid":"{79DC058A-02BF-41A1-BF1D-D837FBCA7E75}"},"geometry":{"type":"MultiLineString","coordinates":[[[-82.94394,35.73982],[-82.94299,35.74004]]]}},{"type":"Feature","properties":{"kind":"minor-water","name":"Turkey Creek","ftype":460,"lengthKm":0.08,"hu8":"06010106","pid":"{ED4FCAA9-949A-4880-8022-61BC2ACF88D3}"},"geometry":{"type":"MultiLineString","coordinates":[[[-82.93194,35.69019],[-82.93279,35.68991]]]}},{"type":"Feature","properties":{"kind":"minor-water","name":"Messer Branch","ftype":460,"lengthKm":0.16,"hu8":"06010106","pid":"{0B2CC246-09E5-42AC-B1D8-1C220B3C34B9}"},"geometry":{"type":"MultiLineString","coordinates":[[[-83.01215,35.66254],[-83.01253,35.66395]]]}},{"type":"Feature","properties":{"kind":"minor-water","name":"Arrington Branch","ftype":460,"lengthKm":0.01,"hu8":"06010106","pid":"{6BED464B-533D-4667-9CEC-53B9C91909DB}"},"geometry":{"type":"MultiLineString","coordinates":[[[-82.98153,35.65969],[-82.98158,35.65971]]]}},{"type":"Feature","properties":{"kind":"minor-water","name":"Messer Branch","ftype":460,"lengthKm":0.01,"hu8":"06010106","pid":"{F6A36542-B689-4068-9DFB-8A2B907B9EC7}"},"geometry":{"type":"MultiLineString","coordinates":[[[-83.01253,35.66395],[-83.01258,35.66402]]]}},{"type":"Feature","properties":{"kind":"minor-water","name":"Fines Creek","ftype":460,"lengthKm":0.07,"hu8":"06010106","pid":"{D8DF235C-6A8F-40EB-AA1B-8673F13EF30B}"},"geometry":{"type":"MultiLineString","coordinates":[[[-82.9389,35.7402],[-82.93817,35.74044]]]}},{"type":"Feature","properties":{"kind":"minor-water","name":"Pigeon River","ftype":558,"lengthKm":0.03,"hu8":"06010106","pid":"{BA06C5DC-6850-4BB1-BBF2-665F34FF3D57}"},"geometry":{"type":"MultiLineString","coordinates":[[[-83.00684,35.67016],[-83.00717,35.67006]]]}},{"type":"Feature","properties":{"kind":"minor-water","name":"Pigeon River","ftype":558,"lengthKm":0.14,"hu8":"06010106","pid":"{31D43994-9555-4470-BB3E-9B00CBEF332D}"},"geometry":{"type":"MultiLineString","coordinates":[[[-83.00124,35.67052],[-83.0027,35.67079]]]}},{"type":"Feature","properties":{"kind":"minor-water","name":"Pigeon River","ftype":558,"lengthKm":0.11,"hu8":"06010106","pid":"{8197E583-9109-42FA-919A-D7C3BF1A77B2}"},"geometry":{"type":"MultiLineString","coordinates":[[[-83.00572,35.67053],[-83.00684,35.67016]]]}},{"type":"Feature","properties":{"kind":"minor-water","name":"Pigeon River","ftype":558,"lengthKm":0.26,"hu8":"06010106","pid":"{FBC6CD6A-216D-402E-B027-D8383647DCFE}"},"geometry":{"type":"MultiLineString","coordinates":[[[-82.995,35.64817],[-82.9945,35.64928],[-82.99465,35.65039]]]}},{"type":"Feature","properties":{"kind":"minor-water","name":"Pigeon River","ftype":558,"lengthKm":0.18,"hu8":"06010106","pid":"{C5CF6712-1C5B-47E8-996A-E2E60CC4B890}"},"geometry":{"type":"MultiLineString","coordinates":[[[-83.03559,35.6773],[-83.03606,35.67883]]]}},{"type":"Feature","properties":{"kind":"minor-water","name":"Pigeon River","ftype":558,"lengthKm":0.13,"hu8":"06010106","pid":"{7B172768-330A-48D4-AB0D-63AB0E3E2573}"},"geometry":{"type":"MultiLineString","coordinates":[[[-82.99466,35.65044],[-82.99475,35.65162]]]}},{"type":"Feature","properties":{"kind":"minor-water","name":"Pigeon River","ftype":558,"lengthKm":0.04,"hu8":"06010106","pid":"{566DD8DB-5482-4E3A-B4FB-048ACE14593B}"},"geometry":{"type":"MultiLineString","coordinates":[[[-83.03698,35.68137],[-83.03712,35.68169]]]}},{"type":"Feature","properties":{"kind":"minor-water","name":"Pigeon River","ftype":558,"lengthKm":0.11,"hu8":"06010106","pid":"{26822297-941A-4A90-A35D-F277DA5681B6}"},"geometry":{"type":"MultiLineString","coordinates":[[[-82.99097,35.64108],[-82.99203,35.64161]]]}},{"type":"Feature","properties":{"kind":"minor-water","name":"Pigeon River","ftype":558,"lengthKm":0.19,"hu8":"06010106","pid":"{CFAC07C7-3651-426E-AB97-D6E9FB64D750}"},"geometry":{"type":"MultiLineString","coordinates":[[[-82.99402,35.64318],[-82.99526,35.64452]]]}},{"type":"Feature","properties":{"kind":"minor-water","name":"Pigeon River","ftype":558,"lengthKm":0.01,"hu8":"06010106","pid":"{BB5D134A-FA69-46AB-85C7-139AEF9EF336}"},"geometry":{"type":"MultiLineString","coordinates":[[[-82.99465,35.65039],[-82.99466,35.65044]]]}},{"type":"Feature","properties":{"kind":"minor-water","name":"Pigeon River","ftype":558,"lengthKm":0.03,"hu8":"06010106","pid":"{8BB5141F-33C4-429D-900F-03A6E6BC785D}"},"geometry":{"type":"MultiLineString","coordinates":[[[-82.99238,35.65543],[-82.99223,35.6557]]]}},{"type":"Feature","properties":{"kind":"minor-water","name":"Pigeon River","ftype":558,"lengthKm":0.15,"hu8":"06010106","pid":"{A2312AD2-2820-4C54-BC44-0B24CB57806F}"},"geometry":{"type":"MultiLineString","coordinates":[[[-82.98923,35.66181],[-82.98955,35.66312]]]}},{"type":"Feature","properties":{"kind":"minor-water","name":"Pigeon River","ftype":558,"lengthKm":0.03,"hu8":"06010106","pid":"{7946821A-BF1E-4D46-8914-71C91F1C78CC}"},"geometry":{"type":"MultiLineString","coordinates":[[[-82.99036,35.65727],[-82.9902,35.65751]]]}},{"type":"Feature","properties":{"kind":"minor-water","name":"Pigeon River","ftype":558,"lengthKm":0.04,"hu8":"06010106","pid":"{F88008F0-EE11-4A2B-9382-10041A2CACDE}"},"geometry":{"type":"MultiLineString","coordinates":[[[-82.98955,35.66312],[-82.9897,35.66344]]]}},{"type":"Feature","properties":{"kind":"minor-water","name":"Pigeon River","ftype":558,"lengthKm":0.18,"hu8":"06010106","pid":"{85C63660-96EC-4962-87F9-5742ED6B27B0}"},"geometry":{"type":"MultiLineString","coordinates":[[[-82.9897,35.66344],[-82.99119,35.66448]]]}},{"type":"Feature","properties":{"kind":"minor-water","name":"Pigeon River","ftype":558,"lengthKm":0.02,"hu8":"06010106","pid":"{81D2BB51-B618-4914-962D-B76FEB8A15AF}"},"geometry":{"type":"MultiLineString","coordinates":[[[-82.99503,35.66629],[-82.99513,35.66642]]]}},{"type":"Feature","properties":{"kind":"minor-water","name":"Pigeon River","ftype":558,"lengthKm":0.14,"hu8":"06010106","pid":"{B73B361D-C5C9-422C-9AD1-5FDF999BBC2C}"},"geometry":{"type":"MultiLineString","coordinates":[[[-82.99872,35.67008],[-83.00022,35.67036]]]}},{"type":"Feature","properties":{"kind":"minor-water","name":"Pigeon River","ftype":558,"lengthKm":0.32,"hu8":"06010106","pid":"{19ABE404-EF1B-4DFB-9DB7-FFB6B8FF60E8}"},"geometry":{"type":"MultiLineString","coordinates":[[[-83.0357,35.68742],[-83.03533,35.68888],[-83.03652,35.68991]]]}},{"type":"Feature","properties":{"kind":"minor-water","name":"Pigeon River","ftype":558,"lengthKm":0.02,"hu8":"06010106","pid":"{8DD91DED-8BA0-48AD-94C2-55D7011C25BF}"},"geometry":{"type":"MultiLineString","coordinates":[[[-83.03963,35.6921],[-83.03978,35.69218]]]}},{"type":"Feature","properties":{"kind":"minor-water","name":"Pigeon River","ftype":558,"lengthKm":0.21,"hu8":"06010106","pid":"{2314B1EF-4B85-4AC1-9937-2D89D9CE76A3}"},"geometry":{"type":"MultiLineString","coordinates":[[[-83.04134,35.69292],[-83.04363,35.69325]]]}},{"type":"Feature","properties":{"kind":"minor-water","name":"Pigeon River","ftype":558,"lengthKm":0.16,"hu8":"06010106","pid":"{C6C3EBF9-9280-4142-B989-B484A0A57526}"},"geometry":{"type":"MultiLineString","coordinates":[[[-83.03978,35.69218],[-83.04134,35.69292]]]}},{"type":"Feature","properties":{"kind":"minor-water","name":"Pigeon River","ftype":558,"lengthKm":0.09,"hu8":"06010106","pid":"{D30D092F-26A4-47E9-8CB1-7790B652F859}"},"geometry":{"type":"MultiLineString","coordinates":[[[-83.04731,35.69351],[-83.04829,35.69367]]]}},{"type":"Feature","properties":{"kind":"minor-water","name":"Pigeon River","ftype":558,"lengthKm":0.04,"hu8":"06010106","pid":"{861ADD11-11E9-4D49-8AAA-72CC435B5655}"},"geometry":{"type":"MultiLineString","coordinates":[[[-83.0469,35.69345],[-83.04731,35.69351]]]}},{"type":"Feature","properties":{"kind":"minor-water","name":"Pigeon River","ftype":558,"lengthKm":0.13,"hu8":"06010106","pid":"{E91145E1-FB09-4DC6-849A-92ED1F86A938}"},"geometry":{"type":"MultiLineString","coordinates":[[[-83.04363,35.69325],[-83.04503,35.6932]]]}},{"type":"Feature","properties":{"kind":"minor-water","name":"Pigeon River","ftype":558,"lengthKm":0.11,"hu8":"06010106","pid":"{C38E592C-7B98-4515-A1B9-0807FCDCB351}"},"geometry":{"type":"MultiLineString","coordinates":[[[-82.98894,35.63771],[-82.98937,35.63865]]]}},{"type":"Feature","properties":{"kind":"minor-water","name":"Pigeon River","ftype":558,"lengthKm":0.06,"hu8":"06010106","pid":"{526B54DB-15C6-4CF1-B293-E41C131A8411}"},"geometry":{"type":"MultiLineString","coordinates":[[[-82.98937,35.63865],[-82.98959,35.63912]]]}},{"type":"Feature","properties":{"kind":"minor-water","name":"Pigeon River","ftype":558,"lengthKm":0.1,"hu8":"06010106","pid":"{F39E6C9F-584F-4B61-AECB-9FE105CC7D13}"},"geometry":{"type":"MultiLineString","coordinates":[[[-82.99323,35.64253],[-82.99402,35.64318]]]}},{"type":"Feature","properties":{"kind":"minor-water","name":"Pigeon River","ftype":558,"lengthKm":0.09,"hu8":"06010106","pid":"{5FE378E7-3171-4B51-8D1D-72B12067ADFC}"},"geometry":{"type":"MultiLineString","coordinates":[[[-82.99567,35.64597],[-82.99578,35.64673]]]}},{"type":"Feature","properties":{"kind":"minor-water","name":"Pigeon River","ftype":558,"lengthKm":0.01,"hu8":"06010106","pid":"{37638975-425A-4AAE-9C3C-9D83446B003C}"},"geometry":{"type":"MultiLineString","coordinates":[[[-82.99558,35.64731],[-82.99554,35.64738]]]}},{"type":"Feature","properties":{"kind":"minor-water","name":"Pigeon River","ftype":558,"lengthKm":0.1,"hu8":"06010106","pid":"{2F5F4044-E74E-4B8D-889E-EFC2125AE8A5}"},"geometry":{"type":"MultiLineString","coordinates":[[[-82.99554,35.64738],[-82.995,35.64817]]]}},{"type":"Feature","properties":{"kind":"minor-water","name":"Pigeon River","ftype":558,"lengthKm":0.25,"hu8":"06010106","pid":"{A55CA192-0EA9-47F5-A217-B392DA1FFC67}"},"geometry":{"type":"MultiLineString","coordinates":[[[-82.99271,35.6532],[-82.99238,35.65543]]]}},{"type":"Feature","properties":{"kind":"minor-water","name":"Pigeon River","ftype":558,"lengthKm":0.19,"hu8":"06010106","pid":"{DAEA5943-8134-4EE0-B603-BE9A7FC55324}"},"geometry":{"type":"MultiLineString","coordinates":[[[-82.98949,35.65923],[-82.98905,35.66087]]]}},{"type":"Feature","properties":{"kind":"minor-water","name":"Pigeon River","ftype":558,"lengthKm":0.11,"hu8":"06010106","pid":"{284003DC-AFEE-4CB7-8914-3BC1004D26C9}"},"geometry":{"type":"MultiLineString","coordinates":[[[-82.98905,35.66087],[-82.98923,35.66181]]]}},{"type":"Feature","properties":{"kind":"minor-water","name":"Pigeon River","ftype":558,"lengthKm":0.1,"hu8":"06010106","pid":"{A715C823-37B7-4B33-BB00-86754322AF56}"},"geometry":{"type":"MultiLineString","coordinates":[[[-82.99119,35.66448],[-82.99216,35.66485]]]}},{"type":"Feature","properties":{"kind":"minor-water","name":"Jonathans Creek","ftype":558,"lengthKm":0.11,"hu8":"06010106","pid":"{BDC7A335-84AF-49AC-BFC1-002D1C838CAC}"},"geometry":{"type":"MultiLineString","coordinates":[[[-83.01191,35.6188],[-83.01072,35.61879]]]}},{"type":"Feature","properties":{"kind":"minor-water","name":"Jonathans Creek","ftype":558,"lengthKm":0.15,"hu8":"06010106","pid":"{1B235E7E-7BFE-4B55-BAD2-46E655D061E3}"},"geometry":{"type":"MultiLineString","coordinates":[[[-83.01336,35.6182],[-83.01191,35.6188]]]}},{"type":"Feature","properties":{"kind":"minor-water","name":"Jonathans Creek","ftype":558,"lengthKm":0.24,"hu8":"06010106","pid":"{5EA25222-DA66-48CC-AB54-CA166F03B3CC}"},"geometry":{"type":"MultiLineString","coordinates":[[[-83.01484,35.61654],[-83.01443,35.61751],[-83.01336,35.6182]]]}},{"type":"Feature","properties":{"kind":"minor-water","name":"Jonathans Creek","ftype":558,"lengthKm":0.15,"hu8":"06010106","pid":"{5D12874A-80BE-459D-9284-E0D2FE26E7E0}"},"geometry":{"type":"MultiLineString","coordinates":[[[-83.01508,35.61518],[-83.01484,35.61654]]]}},{"type":"Feature","properties":{"kind":"minor-water","name":"Jonathans Creek","ftype":558,"lengthKm":0.22,"hu8":"06010106","pid":"{8681FBFD-BA26-4A0F-81B4-4DAA9E5E2F44}"},"geometry":{"type":"MultiLineString","coordinates":[[[-83.01443,35.61331],[-83.01498,35.61415],[-83.01508,35.61518]]]}},{"type":"Feature","properties":{"kind":"minor-water","name":"Ned Branch","ftype":460,"lengthKm":0.04,"hu8":"06010106","pid":"{5E02371A-A639-4EB6-B98F-86AF7406C793}"},"geometry":{"type":"MultiLineString","coordinates":[[[-83.0583,35.57495],[-83.05791,35.57478]]]}},{"type":"Feature","properties":{"kind":"minor-water","name":"Nelson Branch","ftype":460,"lengthKm":0.35,"hu8":"06010106","pid":"{0EDC8A53-D24D-4C1B-8E94-79E51D6BDEC7}"},"geometry":{"type":"MultiLineString","coordinates":[[[-83.01727,35.58767],[-83.01599,35.58768],[-83.01434,35.58928]]]}},{"type":"Feature","properties":{"kind":"minor-water","name":"Right Fork Cove Creek","ftype":460,"lengthKm":0.26,"hu8":"06010106","pid":"{C0628CCC-4B79-415A-AF09-8680D4113F67}"},"geometry":{"type":"MultiLineString","coordinates":[[[-83.04309,35.63346],[-83.04378,35.6329],[-83.04369,35.63136]]]}},{"type":"Feature","properties":{"kind":"minor-water","name":"Hemphill Creek","ftype":460,"lengthKm":0.16,"hu8":"06010106","pid":"{321CA084-6BBE-4A73-925A-5811FC5E8C5B}"},"geometry":{"type":"MultiLineString","coordinates":[[[-83.04467,35.56489],[-83.04355,35.56381]]]}},{"type":"Feature","properties":{"kind":"minor-water","name":"Garrett Creek","ftype":460,"lengthKm":0.18,"hu8":"06010106","pid":"{6D965159-32B6-4011-8515-0A3288433C0E}"},"geometry":{"type":"MultiLineString","coordinates":[[[-83.01803,35.54913],[-83.01797,35.55078]]]}},{"type":"Feature","properties":{"kind":"minor-water","name":"Cove Creek","ftype":460,"lengthKm":0.13,"hu8":"06010106","pid":"{236419DF-698A-4727-8D21-BAE724A99B0D}"},"geometry":{"type":"MultiLineString","coordinates":[[[-83.05078,35.60654],[-83.04937,35.60645]]]}},{"type":"Feature","properties":{"kind":"minor-water","name":"Right Fork Cove Creek","ftype":460,"lengthKm":0.37,"hu8":"06010106","pid":"{34CE0BC0-4275-4C24-8824-C8920DF8DDEA}"},"geometry":{"type":"MultiLineString","coordinates":[[[-83.02247,35.60896],[-83.02258,35.60815],[-83.02118,35.6059]]]}},{"type":"Feature","properties":{"kind":"minor-water","name":"Cove Creek","ftype":460,"lengthKm":0.03,"hu8":"06010106","pid":"{A0106D09-1108-4C36-BD23-7EB6C21991A2}"},"geometry":{"type":"MultiLineString","coordinates":[[[-83.04454,35.60589],[-83.0442,35.60589]]]}},{"type":"Feature","properties":{"kind":"minor-water","name":"Cove Creek","ftype":460,"lengthKm":0.05,"hu8":"06010106","pid":"{32403202-ADF4-4BA4-9EFD-ECC287928A8C}"},"geometry":{"type":"MultiLineString","coordinates":[[[-83.01889,35.60582],[-83.01848,35.60608]]]}},{"type":"Feature","properties":{"kind":"minor-water","name":"Cove Creek","ftype":460,"lengthKm":0.42,"hu8":"06010106","pid":"{B361B645-E81D-409F-B3E5-449B4B7B1A10}"},"geometry":{"type":"MultiLineString","coordinates":[[[-83.0546,35.60518],[-83.05196,35.60538],[-83.05139,35.60631],[-83.05078,35.60654]]]}},{"type":"Feature","properties":{"kind":"minor-water","name":"Nelson Branch","ftype":460,"lengthKm":0.37,"hu8":"06010106","pid":"{9B49BD6E-6492-475B-9B61-9FBCAA454D1B}"},"geometry":{"type":"MultiLineString","coordinates":[[[-83.02946,35.59141],[-83.02808,35.59125],[-83.02685,35.59009],[-83.02611,35.58989]]]}},{"type":"Feature","properties":{"kind":"minor-water","name":"Nelson Branch","ftype":460,"lengthKm":0.13,"hu8":"06010106","pid":"{A029C08A-0465-4DE4-A80D-11D8E8EC5501}"},"geometry":{"type":"MultiLineString","coordinates":[[[-83.02079,35.58855],[-83.01946,35.58814]]]}},{"type":"Feature","properties":{"kind":"minor-water","name":"Nelson Branch","ftype":460,"lengthKm":0.34,"hu8":"06010106","pid":"{B1A2F3A6-8CF5-4F1B-94EE-1EF4E813BF30}"},"geometry":{"type":"MultiLineString","coordinates":[[[-83.01205,35.59003],[-83.01157,35.59059],[-83.01081,35.59072],[-83.00878,35.59022]]]}},{"type":"Feature","properties":{"kind":"minor-water","name":"Nelson Branch","ftype":460,"lengthKm":0.25,"hu8":"06010106","pid":"{BA87B982-67AF-42F0-9F39-B12783EF7BA9}"},"geometry":{"type":"MultiLineString","coordinates":[[[-83.01434,35.58928],[-83.0127,35.58926],[-83.01205,35.59003]]]}},{"type":"Feature","properties":{"kind":"minor-water","name":"Hemphill Creek","ftype":460,"lengthKm":0.18,"hu8":"06010106","pid":"{614868B6-4FAF-4345-8697-EBC395C358CC}"},"geometry":{"type":"MultiLineString","coordinates":[[[-83.06215,35.56592],[-83.06046,35.56503]]]}},{"type":"Feature","properties":{"kind":"minor-water","name":"Morrow Branch","ftype":460,"lengthKm":0.16,"hu8":"06010106","pid":"{6E7F2533-D6B9-459F-B908-71FE7560CAEB}"},"geometry":{"type":"MultiLineString","coordinates":[[[-83.01665,35.61688],[-83.0149,35.61653]]]}},{"type":"Feature","properties":{"kind":"minor-water","name":"Morrow Branch","ftype":460,"lengthKm":0.14,"hu8":"06010106","pid":"{E67A052E-FA77-49A2-85E7-AC26DB7FDD23}"},"geometry":{"type":"MultiLineString","coordinates":[[[-83.01787,35.61765],[-83.01665,35.61688]]]}},{"type":"Feature","properties":{"kind":"minor-water","name":"Garrett Creek","ftype":460,"lengthKm":0.27,"hu8":"06010106","pid":"{DC57054F-7D80-4132-BCDC-18A50A71078B}"},"geometry":{"type":"MultiLineString","coordinates":[[[-83.02073,35.55395],[-83.02091,35.55506],[-83.02021,35.55619]]]}},{"type":"Feature","properties":{"kind":"minor-water","name":"Garrett Creek","ftype":460,"lengthKm":0.22,"hu8":"06010106","pid":"{BC884CB1-8365-47DC-81AC-122B9C425DB7}"},"geometry":{"type":"MultiLineString","coordinates":[[[-83.02021,35.55619],[-83.02005,35.55812]]]}},{"type":"Feature","properties":{"kind":"minor-water","name":"Cove Creek","ftype":460,"lengthKm":0.21,"hu8":"06010106","pid":"{311DF59C-3AFB-4425-9FE3-0B8C4182879A}"},"geometry":{"type":"MultiLineString","coordinates":[[[-83.04027,35.60653],[-83.03816,35.60721]]]}},{"type":"Feature","properties":{"kind":"minor-water","name":"Cove Creek","ftype":460,"lengthKm":0.11,"hu8":"06010106","pid":"{ADF563E8-4B7F-4AC4-833C-BBA8C47F3191}"},"geometry":{"type":"MultiLineString","coordinates":[[[-83.03816,35.60721],[-83.03704,35.60751]]]}},{"type":"Feature","properties":{"kind":"minor-water","name":"Cove Creek","ftype":460,"lengthKm":0.21,"hu8":"06010106","pid":"{5A7E9986-1EFF-417E-ACA7-DAE30B62B984}"},"geometry":{"type":"MultiLineString","coordinates":[[[-83.01848,35.60608],[-83.0176,35.60651],[-83.01716,35.60748]]]}},{"type":"Feature","properties":{"kind":"minor-water","name":"Cove Creek","ftype":460,"lengthKm":0.37,"hu8":"06010106","pid":"{1E6BCA29-865E-4E3D-B9D1-132CE0781D85}"},"geometry":{"type":"MultiLineString","coordinates":[[[-83.02662,35.60658],[-83.02473,35.6071],[-83.02278,35.60647]]]}},{"type":"Feature","properties":{"kind":"minor-water","name":"Morrow Branch","ftype":460,"lengthKm":0.07,"hu8":"06010106","pid":"{AEBFD617-0AAB-4028-A038-DC78E9AC6593}"},"geometry":{"type":"MultiLineString","coordinates":[[[-83.02048,35.62093],[-83.02013,35.62038]]]}},{"type":"Feature","properties":{"kind":"minor-water","name":"Right Fork Cove Creek","ftype":460,"lengthKm":0.22,"hu8":"06010106","pid":"{8C7C9DB4-18CA-4BED-AE8F-9CCC27D74017}"},"geometry":{"type":"MultiLineString","coordinates":[[[-83.03895,35.62199],[-83.03883,35.62159],[-83.03784,35.62105],[-83.03765,35.62049]]]}},{"type":"Feature","properties":{"kind":"minor-water","name":"Jonathans Creek","ftype":558,"lengthKm":0.19,"hu8":"06010106","pid":"{48ED80AC-F5CF-4C6E-9C87-C4FFA59E368A}"},"geometry":{"type":"MultiLineString","coordinates":[[[-83.01924,35.57427],[-83.01806,35.57568]]]}},{"type":"Feature","properties":{"kind":"minor-water","name":"Jonathans Creek","ftype":558,"lengthKm":0.03,"hu8":"06010106","pid":"{03989949-FC48-40C7-996D-86618C2C3D5E}"},"geometry":{"type":"MultiLineString","coordinates":[[[-83.01806,35.57568],[-83.018,35.5759]]]}},{"type":"Feature","properties":{"kind":"minor-water","name":"Parks Branch","ftype":460,"lengthKm":0.11,"hu8":"06010106","pid":"{759A8CDC-FB7C-4479-B15D-5E0366F02BD1}"},"geometry":{"type":"MultiLineString","coordinates":[[[-83.00651,35.56995],[-83.0065,35.57092]]]}},{"type":"Feature","properties":{"kind":"minor-water","name":"Jonathans Creek","ftype":558,"lengthKm":0.17,"hu8":"06010106","pid":"{5A28EFE0-BF78-42A2-990E-F1080E138423}"},"geometry":{"type":"MultiLineString","coordinates":[[[-83.01597,35.57981],[-83.01406,35.5798]]]}},{"type":"Feature","properties":{"kind":"minor-water","name":"Jonathans Creek","ftype":558,"lengthKm":0.07,"hu8":"06010106","pid":"{FF51406B-F588-4E81-B2E1-45ACDFA4CD14}"},"geometry":{"type":"MultiLineString","coordinates":[[[-83.01614,35.57915],[-83.01597,35.57981]]]}},{"type":"Feature","properties":{"kind":"minor-water","name":"Jonathans Creek","ftype":558,"lengthKm":0.28,"hu8":"06010106","pid":"{BF8B0FBA-F4D1-4EE2-8180-1B889154B981}"},"geometry":{"type":"MultiLineString","coordinates":[[[-83.00949,35.58359],[-83.00797,35.58581]]]}},{"type":"Feature","properties":{"kind":"minor-water","name":"Jonathans Creek","ftype":558,"lengthKm":0.06,"hu8":"06010106","pid":"{73AF0FAF-6A7F-4477-9BD3-546AA7F9E653}"},"geometry":{"type":"MultiLineString","coordinates":[[[-83.00797,35.58581],[-83.00822,35.58635]]]}},{"type":"Feature","properties":{"kind":"minor-water","name":"Jonathans Creek","ftype":558,"lengthKm":0.15,"hu8":"06010106","pid":"{3E39A58C-80C4-44B9-873C-CDA313AEF27E}"},"geometry":{"type":"MultiLineString","coordinates":[[[-83.00788,35.59026],[-83.00794,35.5916]]]}},{"type":"Feature","properties":{"kind":"minor-water","name":"Jonathans Creek","ftype":558,"lengthKm":0.16,"hu8":"06010106","pid":"{2372BF81-FCFE-4506-9210-EDEAA371A19A}"},"geometry":{"type":"MultiLineString","coordinates":[[[-83.00794,35.5916],[-83.00788,35.59301]]]}},{"type":"Feature","properties":{"kind":"minor-water","name":"Jonathans Creek","ftype":558,"lengthKm":0.08,"hu8":"06010106","pid":"{062DB2C9-2162-4825-8070-B752991529FE}"},"geometry":{"type":"MultiLineString","coordinates":[[[-83.00756,35.59672],[-83.00709,35.59738]]]}},{"type":"Feature","properties":{"kind":"minor-water","name":"Jonathans Creek","ftype":558,"lengthKm":0.15,"hu8":"06010106","pid":"{AA1B8B90-A68F-4391-959E-5D58DC039882}"},"geometry":{"type":"MultiLineString","coordinates":[[[-83.00697,35.59969],[-83.0077,35.60086]]]}},{"type":"Feature","properties":{"kind":"minor-water","name":"Jonathans Creek","ftype":558,"lengthKm":0.04,"hu8":"06010106","pid":"{AE22CBB5-1659-44F3-9603-D5B4A132C5FD}"},"geometry":{"type":"MultiLineString","coordinates":[[[-83.00672,35.59944],[-83.00697,35.59969]]]}},{"type":"Feature","properties":{"kind":"minor-water","name":"Morrow Branch","ftype":460,"lengthKm":0.24,"hu8":"06010106","pid":"{D36CE2EF-618D-422E-847F-0B032EFCFE07}"},"geometry":{"type":"MultiLineString","coordinates":[[[-83.02013,35.62038],[-83.01866,35.61859]]]}},{"type":"Feature","properties":{"kind":"minor-water","name":"Hemphill Creek","ftype":460,"lengthKm":0.08,"hu8":"06010106","pid":"{790CB7AC-A60B-4326-BC3E-B2FA9E23D43B}"},"geometry":{"type":"MultiLineString","coordinates":[[[-83.0544,35.56572],[-83.05363,35.56535]]]}},{"type":"Feature","properties":{"kind":"minor-water","name":"Hemphill Creek","ftype":460,"lengthKm":0.1,"hu8":"06010106","pid":"{915E8F2F-8E06-485E-8C8D-70B506946F91}"},"geometry":{"type":"MultiLineString","coordinates":[[[-83.06456,35.56624],[-83.06346,35.56614]]]}},{"type":"Feature","properties":{"kind":"minor-water","name":"Beantown Creek","ftype":460,"lengthKm":0.01,"hu8":"06010106","pid":"{84FD12FB-A972-4DEC-B079-043AB0FBEFD1}"},"geometry":{"type":"MultiLineString","coordinates":[[[-83.03692,35.56796],[-83.03687,35.56793]]]}},{"type":"Feature","properties":{"kind":"minor-water","name":"Hemphill Creek","ftype":460,"lengthKm":0.39,"hu8":"06010106","pid":"{019D5D3A-9792-4E8D-A3F5-904C6356C073}"},"geometry":{"type":"MultiLineString","coordinates":[[[-83.08211,35.56612],[-83.08028,35.56579],[-83.0779,35.56618]]]}},{"type":"Feature","properties":{"kind":"minor-water","name":"Right Fork Cove Creek","ftype":460,"lengthKm":0.3,"hu8":"06010106","pid":"{20D5A507-AC57-4BC8-8522-E1EC326B8A03}"},"geometry":{"type":"MultiLineString","coordinates":[[[-83.03291,35.61751],[-83.03303,35.61626],[-83.03222,35.61496]]]}},{"type":"Feature","properties":{"kind":"minor-water","name":"Right Fork Cove Creek","ftype":460,"lengthKm":0.17,"hu8":"06010106","pid":"{4EFA20C8-026D-4364-853F-583B610BA535}"},"geometry":{"type":"MultiLineString","coordinates":[[[-83.03536,35.61871],[-83.03361,35.61806]]]}},{"type":"Feature","properties":{"kind":"minor-water","name":"Morrow Branch","ftype":460,"lengthKm":0.04,"hu8":"06010106","pid":"{200072F0-9153-4754-ABD3-26DE1C1169BE}"},"geometry":{"type":"MultiLineString","coordinates":[[[-83.02087,35.62112],[-83.02048,35.62093]]]}},{"type":"Feature","properties":{"kind":"minor-water","name":"Nelson Branch","ftype":460,"lengthKm":0.08,"hu8":"06010106","pid":"{F5C5C0D3-E6AE-4939-82AB-30FDDA9D31B7}"},"geometry":{"type":"MultiLineString","coordinates":[[[-83.0182,35.58771],[-83.01734,35.58767]]]}},{"type":"Feature","properties":{"kind":"minor-water","name":"Parks Branch","ftype":460,"lengthKm":0,"hu8":"06010106","pid":"{D05FACB7-2A6E-4493-A924-80BDF128D8AF}"},"geometry":{"type":"MultiLineString","coordinates":[[[-83.00628,35.57424],[-83.00628,35.57426]]]}},{"type":"Feature","properties":{"kind":"minor-water","name":"Messer Branch","ftype":460,"lengthKm":0.48,"hu8":"06010106","pid":"{9BA1F8F5-3941-4CA1-9DD3-38323F3677E5}"},"geometry":{"type":"MultiLineString","coordinates":[[[-83.05898,35.58855],[-83.05763,35.59068],[-83.05616,35.59215]]]}},{"type":"Feature","properties":{"kind":"minor-water","name":"Cove Creek","ftype":460,"lengthKm":0.69,"hu8":"06010106","pid":"{2F60FDA5-909B-47C8-A065-46EC15371B0D}"},"geometry":{"type":"MultiLineString","coordinates":[[[-83.0754,35.5885],[-83.07456,35.58826],[-83.07302,35.58841],[-83.07192,35.58896],[-83.07079,35.59026],[-83.07045,35.59183]]]}},{"type":"Feature","properties":{"kind":"minor-water","name":"Messer Branch","ftype":460,"lengthKm":0.13,"hu8":"06010106","pid":"{7544B894-362F-4ED1-91B6-2D86F24ECC8C}"},"geometry":{"type":"MultiLineString","coordinates":[[[-83.05616,35.59215],[-83.05559,35.59259],[-83.05499,35.59241]]]}},{"type":"Feature","properties":{"kind":"minor-water","name":"Hemphill Creek","ftype":460,"lengthKm":0.1,"hu8":"06010106","pid":"{E1CA9BA4-2E24-4B7E-B1BE-A6D530DCD44A}"},"geometry":{"type":"MultiLineString","coordinates":[[[-83.07639,35.56618],[-83.07532,35.56583]]]}},{"type":"Feature","properties":{"kind":"minor-water","name":"Hemphill Creek","ftype":460,"lengthKm":0.06,"hu8":"06010106","pid":"{78D13079-002D-4780-865A-BBE70DCB4B3D}"},"geometry":{"type":"MultiLineString","coordinates":[[[-83.05491,35.56602],[-83.0544,35.56572]]]}},{"type":"Feature","properties":{"kind":"minor-water","name":"Parks Branch","ftype":460,"lengthKm":0.05,"hu8":"06010106","pid":"{7EC3A15A-6BAB-4383-8664-726E87869C95}"},"geometry":{"type":"MultiLineString","coordinates":[[[-83.0065,35.57092],[-83.00644,35.57135]]]}},{"type":"Feature","properties":{"kind":"minor-water","name":"Beantown Creek","ftype":460,"lengthKm":0.06,"hu8":"06010106","pid":"{75D7213D-5B05-4262-A27D-EF68A171DE37}"},"geometry":{"type":"MultiLineString","coordinates":[[[-83.05408,35.58483],[-83.05347,35.58459]]]}},{"type":"Feature","properties":{"kind":"minor-water","name":"Garrett Creek","ftype":460,"lengthKm":0.02,"hu8":"06010106","pid":"{DD15FA7B-B65C-48AA-91AD-59B8150508C3}"},"geometry":{"type":"MultiLineString","coordinates":[[[-83.01797,35.55078],[-83.01802,35.55093]]]}},{"type":"Feature","properties":{"kind":"minor-water","name":"Leatherwood Branch","ftype":460,"lengthKm":0.28,"hu8":"06010106","pid":"{AE5CC55F-EC90-4291-8B40-3720CB1FD08C}"},"geometry":{"type":"MultiLineString","coordinates":[[[-82.98796,35.58056],[-82.98772,35.5812],[-82.98963,35.58218]]]}},{"type":"Feature","properties":{"kind":"minor-water","name":"Messer Branch","ftype":460,"lengthKm":0.57,"hu8":"06010106","pid":"{784B47D0-6708-4121-BC6E-14825ED1610D}"},"geometry":{"type":"MultiLineString","coordinates":[[[-83.05499,35.59241],[-83.05422,35.59241],[-83.05367,35.59307],[-83.05229,35.59381],[-83.04956,35.59466]]]}},{"type":"Feature","properties":{"kind":"minor-water","name":"Moody Branch","ftype":460,"lengthKm":0.18,"hu8":"06010106","pid":"{29394172-85C5-4096-9C5F-7C9A2EA7A8F0}"},"geometry":{"type":"MultiLineString","coordinates":[[[-83.02366,35.59819],[-83.0227,35.59962]]]}},{"type":"Feature","properties":{"kind":"minor-water","name":"Cove Creek","ftype":460,"lengthKm":0.32,"hu8":"06010106","pid":"{D81EF9DE-9570-4C01-85F3-8FA69E0F4FAD}"},"geometry":{"type":"MultiLineString","coordinates":[[[-83.07045,35.59183],[-83.06911,35.593],[-83.06847,35.59413]]]}},{"type":"Feature","properties":{"kind":"minor-water","name":"Cove Creek","ftype":460,"lengthKm":0.03,"hu8":"06010106","pid":"{A55CD0CF-88B5-43FE-9937-27C7BC2F9C2D}"},"geometry":{"type":"MultiLineString","coordinates":[[[-83.06847,35.59413],[-83.06819,35.59429]]]}},{"type":"Feature","properties":{"kind":"minor-water","name":"Hemphill Creek","ftype":460,"lengthKm":0.01,"hu8":"06010106","pid":"{07E451E3-C89D-4753-80C1-C0EBA5D9EA28}"},"geometry":{"type":"MultiLineString","coordinates":[[[-83.07652,35.56625],[-83.07639,35.56618]]]}},{"type":"Feature","properties":{"kind":"minor-water","name":"Garrett Creek","ftype":460,"lengthKm":0.13,"hu8":"06010106","pid":"{6093244C-C69D-49AD-9F01-1B833BAFA7CD}"},"geometry":{"type":"MultiLineString","coordinates":[[[-83.00582,35.54214],[-83.00709,35.54269]]]}},{"type":"Feature","properties":{"kind":"minor-water","name":"Leatherwood Branch","ftype":460,"lengthKm":0.11,"hu8":"06010106","pid":"{92DD2F68-A18D-422F-ACE1-123EDA5094AB}"},"geometry":{"type":"MultiLineString","coordinates":[[[-82.99735,35.58239],[-82.99806,35.58257],[-82.99816,35.58291]]]}},{"type":"Feature","properties":{"kind":"minor-water","name":"Leatherwood Branch","ftype":460,"lengthKm":0.22,"hu8":"06010106","pid":"{E6223D11-1C1A-449D-9F58-42DB53B07F23}"},"geometry":{"type":"MultiLineString","coordinates":[[[-82.99506,35.58305],[-82.99735,35.58239]]]}},{"type":"Feature","properties":{"kind":"minor-water","name":"Garrett Creek","ftype":460,"lengthKm":0.22,"hu8":"06010106","pid":"{319A7BAD-C560-42D0-ACF1-35ED250DC8C5}"},"geometry":{"type":"MultiLineString","coordinates":[[[-83.00065,35.54216],[-83.00176,35.54213],[-83.00292,35.54265]]]}},{"type":"Feature","properties":{"kind":"minor-water","name":"Garrett Creek","ftype":460,"lengthKm":0.18,"hu8":"06010106","pid":"{7C3284AA-0235-4AD3-81B9-8395FE4E72A8}"},"geometry":{"type":"MultiLineString","coordinates":[[[-83.00363,35.54258],[-83.00557,35.54215]]]}},{"type":"Feature","properties":{"kind":"minor-water","name":"Garrett Creek","ftype":460,"lengthKm":0.3,"hu8":"06010106","pid":"{880F721E-29BC-448F-BC52-89913690BADB}"},"geometry":{"type":"MultiLineString","coordinates":[[[-83.01478,35.5431],[-83.01573,35.54404],[-83.01639,35.54543]]]}},{"type":"Feature","properties":{"kind":"minor-water","name":"Garrett Creek","ftype":460,"lengthKm":0.02,"hu8":"06010106","pid":"{324DAA2D-24E4-49F8-8D49-33965EB6EDAD}"},"geometry":{"type":"MultiLineString","coordinates":[[[-83.00557,35.54215],[-83.00582,35.54214]]]}},{"type":"Feature","properties":{"kind":"minor-water","name":"Garrett Creek","ftype":460,"lengthKm":0.06,"hu8":"06010106","pid":"{B8A421AF-8363-4557-973F-CDE019A66782}"},"geometry":{"type":"MultiLineString","coordinates":[[[-83.00292,35.54265],[-83.00363,35.54258]]]}},{"type":"Feature","properties":{"kind":"minor-water","name":"Garrett Creek","ftype":460,"lengthKm":0.15,"hu8":"06010106","pid":"{FCAF006C-1378-47C1-949B-03B7D9FA79C1}"},"geometry":{"type":"MultiLineString","coordinates":[[[-83.00826,35.54277],[-83.00986,35.54266]]]}},{"type":"Feature","properties":{"kind":"minor-water","name":"Garrett Creek","ftype":460,"lengthKm":0.01,"hu8":"06010106","pid":"{4E506B7C-FB35-4012-AFDC-FA75D05A8887}"},"geometry":{"type":"MultiLineString","coordinates":[[[-83.00986,35.54266],[-83.01001,35.54267]]]}},{"type":"Feature","properties":{"kind":"minor-water","name":"Garrett Creek","ftype":460,"lengthKm":0.14,"hu8":"06010106","pid":"{83BA867A-6AB4-47C4-AB9B-FA676554F8AF}"},"geometry":{"type":"MultiLineString","coordinates":[[[-83.01199,35.54261],[-83.01351,35.54237]]]}},{"type":"Feature","properties":{"kind":"minor-water","name":"Garrett Creek","ftype":460,"lengthKm":0.11,"hu8":"06010106","pid":"{06642154-0B10-493C-9D6C-46244AFB6947}"},"geometry":{"type":"MultiLineString","coordinates":[[[-83.00709,35.54269],[-83.00826,35.54277]]]}},{"type":"Feature","properties":{"kind":"minor-water","name":"Garrett Creek","ftype":460,"lengthKm":0.14,"hu8":"06010106","pid":"{1E027D7F-D085-49CC-963B-F3C97AA9E6AF}"},"geometry":{"type":"MultiLineString","coordinates":[[[-83.01351,35.54237],[-83.01478,35.5431]]]}},{"type":"Feature","properties":{"kind":"minor-water","name":"Garrett Creek","ftype":460,"lengthKm":0.13,"hu8":"06010106","pid":"{025B27B6-F3B3-425E-A19F-E961827E4525}"},"geometry":{"type":"MultiLineString","coordinates":[[[-83.01639,35.54543],[-83.01763,35.54603]]]}},{"type":"Feature","properties":{"kind":"minor-water","name":"Garrett Creek","ftype":460,"lengthKm":0.07,"hu8":"06010106","pid":"{1D0C5F02-BC3D-4F54-9DB0-0640BD1C47A0}"},"geometry":{"type":"MultiLineString","coordinates":[[[-83.01763,35.54603],[-83.01819,35.54642]]]}},{"type":"Feature","properties":{"kind":"minor-water","name":"Garrett Creek","ftype":460,"lengthKm":0.09,"hu8":"06010106","pid":"{7E8848D6-DADD-4B2A-B2A4-A0F34ECB1634}"},"geometry":{"type":"MultiLineString","coordinates":[[[-83.01802,35.55093],[-83.01837,35.55171]]]}},{"type":"Feature","properties":{"kind":"minor-water","name":"Hemphill Creek","ftype":460,"lengthKm":0.04,"hu8":"06010106","pid":"{0B125893-8117-4D95-9C33-C6EDCCD941AE}"},"geometry":{"type":"MultiLineString","coordinates":[[[-83.03087,35.56236],[-83.0306,35.56266]]]}},{"type":"Feature","properties":{"kind":"minor-water","name":"Hemphill Creek","ftype":460,"lengthKm":0.14,"hu8":"06010106","pid":"{66D3A5B2-9E5F-44AA-8F95-7F260E5C51F8}"},"geometry":{"type":"MultiLineString","coordinates":[[[-83.0428,35.56319],[-83.0413,35.56281]]]}},{"type":"Feature","properties":{"kind":"minor-water","name":"Parks Branch","ftype":460,"lengthKm":0.13,"hu8":"06010106","pid":"{8DE81857-16AE-42A6-812E-AAF0AE0D47B1}"},"geometry":{"type":"MultiLineString","coordinates":[[[-83.00541,35.56478],[-83.00587,35.56589]]]}},{"type":"Feature","properties":{"kind":"minor-water","name":"Parks Branch","ftype":460,"lengthKm":0.04,"hu8":"06010106","pid":"{89F99260-EEA2-46B2-B190-5BC2F22E81D3}"},"geometry":{"type":"MultiLineString","coordinates":[[[-83.00521,35.5645],[-83.00541,35.56478]]]}},{"type":"Feature","properties":{"kind":"minor-water","name":"Hemphill Creek","ftype":460,"lengthKm":0.1,"hu8":"06010106","pid":"{74A5E2CD-ADE3-4CE2-B744-37709959431A}"},"geometry":{"type":"MultiLineString","coordinates":[[[-83.04355,35.56381],[-83.0428,35.56319]]]}},{"type":"Feature","properties":{"kind":"minor-water","name":"Hemphill Creek","ftype":460,"lengthKm":0.06,"hu8":"06010106","pid":"{C8C1637E-1F5B-44DB-AF61-2886C9728317}"},"geometry":{"type":"MultiLineString","coordinates":[[[-83.06922,35.56599],[-83.06873,35.56569]]]}},{"type":"Feature","properties":{"kind":"minor-water","name":"Hemphill Creek","ftype":460,"lengthKm":0.04,"hu8":"06010106","pid":"{DA6435C1-0683-4C57-9B6B-15D26CF59829}"},"geometry":{"type":"MultiLineString","coordinates":[[[-83.06873,35.56569],[-83.06844,35.56545]]]}},{"type":"Feature","properties":{"kind":"minor-water","name":"Hemphill Creek","ftype":460,"lengthKm":0.12,"hu8":"06010106","pid":"{73847FB3-9538-431F-B0C0-0FE614C9ECE3}"},"geometry":{"type":"MultiLineString","coordinates":[[[-83.06346,35.56614],[-83.06215,35.56592]]]}},{"type":"Feature","properties":{"kind":"minor-water","name":"Hemphill Creek","ftype":460,"lengthKm":0.08,"hu8":"06010106","pid":"{FB5476F4-3D5D-4EAC-8B45-83CEFB11DF57}"},"geometry":{"type":"MultiLineString","coordinates":[[[-83.07077,35.5669],[-83.06996,35.5666]]]}},{"type":"Feature","properties":{"kind":"minor-water","name":"Beantown Creek","ftype":460,"lengthKm":0.01,"hu8":"06010106","pid":"{01DBA22D-6943-41CD-892A-1C4927D22329}"},"geometry":{"type":"MultiLineString","coordinates":[[[-83.03392,35.56749],[-83.03378,35.56744]]]}},{"type":"Feature","properties":{"kind":"minor-water","name":"Ned Branch","ftype":460,"lengthKm":0.19,"hu8":"06010106","pid":"{6B762E36-77FD-4C8F-83FF-3F2CFBD15C2F}"},"geometry":{"type":"MultiLineString","coordinates":[[[-83.05983,35.57606],[-83.0583,35.57495]]]}},{"type":"Feature","properties":{"kind":"minor-water","name":"Hemphill Creek","ftype":460,"lengthKm":0.64,"hu8":"06010106","pid":"{B6518E7A-6EAB-44B1-BEBB-F0E2DA667D44}"},"geometry":{"type":"MultiLineString","coordinates":[[[-83.0915,35.56926],[-83.08957,35.56853],[-83.0889,35.5672],[-83.08663,35.56535]]]}},{"type":"Feature","properties":{"kind":"minor-water","name":"Hemphill Creek","ftype":460,"lengthKm":0.17,"hu8":"06010106","pid":"{5D33F2F1-C365-44CB-A920-6F66F93C6309}"},"geometry":{"type":"MultiLineString","coordinates":[[[-83.09291,35.57023],[-83.0915,35.56926]]]}},{"type":"Feature","properties":{"kind":"minor-water","name":"Hemphill Creek","ftype":460,"lengthKm":0.11,"hu8":"06010106","pid":"{FF83122B-B379-41BB-8D7F-64BBFCAB57D5}"},"geometry":{"type":"MultiLineString","coordinates":[[[-83.09455,35.57107],[-83.09348,35.57061]]]}},{"type":"Feature","properties":{"kind":"minor-water","name":"Hemphill Creek","ftype":460,"lengthKm":0.07,"hu8":"06010106","pid":"{0505F71D-1819-486A-B8D9-07D44F5C3619}"},"geometry":{"type":"MultiLineString","coordinates":[[[-83.09521,35.57137],[-83.09455,35.57107]]]}},{"type":"Feature","properties":{"kind":"minor-water","name":"Hemphill Creek","ftype":460,"lengthKm":0.07,"hu8":"06010106","pid":"{4F280F25-2D17-4B30-B3DA-5D884368AC88}"},"geometry":{"type":"MultiLineString","coordinates":[[[-83.09348,35.57061],[-83.09291,35.57023]]]}},{"type":"Feature","properties":{"kind":"minor-water","name":"Parks Branch","ftype":460,"lengthKm":0.05,"hu8":"06010106","pid":"{F71A7C02-6B90-4958-81DB-53CE70547CD2}"},"geometry":{"type":"MultiLineString","coordinates":[[[-83.00628,35.57426],[-83.00634,35.57472]]]}},{"type":"Feature","properties":{"kind":"minor-water","name":"Hemphill Creek","ftype":460,"lengthKm":0.02,"hu8":"06010106","pid":"{734894DE-83A7-4BF1-BF3C-29D4B68267DB}"},"geometry":{"type":"MultiLineString","coordinates":[[[-83.0954,35.57136],[-83.09521,35.57137]]]}},{"type":"Feature","properties":{"kind":"minor-water","name":"Moody Branch","ftype":460,"lengthKm":0.07,"hu8":"06010106","pid":"{99F178CB-434A-499B-B5BC-6EE6850DC4FD}"},"geometry":{"type":"MultiLineString","coordinates":[[[-83.02238,35.60056],[-83.02237,35.60121]]]}},{"type":"Feature","properties":{"kind":"minor-water","name":"Ned Branch","ftype":460,"lengthKm":0.12,"hu8":"06010106","pid":"{C4EAFAF7-F54F-4B3C-A76F-279DC991E4BF}"},"geometry":{"type":"MultiLineString","coordinates":[[[-83.06059,35.57697],[-83.05983,35.57606]]]}},{"type":"Feature","properties":{"kind":"minor-water","name":"Ned Branch","ftype":460,"lengthKm":0.16,"hu8":"06010106","pid":"{26816A55-E29F-4141-9DDA-7C3726DC363A}"},"geometry":{"type":"MultiLineString","coordinates":[[[-83.05589,35.57245],[-83.05465,35.57137]]]}},{"type":"Feature","properties":{"kind":"minor-water","name":"Ned Branch","ftype":460,"lengthKm":0.14,"hu8":"06010106","pid":"{3AA5AA66-430E-4683-9921-76F643E4565D}"},"geometry":{"type":"MultiLineString","coordinates":[[[-83.06227,35.57785],[-83.06089,35.57733]]]}},{"type":"Feature","properties":{"kind":"minor-water","name":"Leatherwood Branch","ftype":460,"lengthKm":0.16,"hu8":"06010106","pid":"{5CBC97C0-C3C6-4598-988F-4C541A2A5473}"},"geometry":{"type":"MultiLineString","coordinates":[[[-83.00151,35.58756],[-83.00208,35.58888]]]}},{"type":"Feature","properties":{"kind":"minor-water","name":"Nelson Branch","ftype":460,"lengthKm":0.01,"hu8":"06010106","pid":"{A979AE96-232B-4ABB-A6D8-5FEEE62BDA4A}"},"geometry":{"type":"MultiLineString","coordinates":[[[-83.01734,35.58767],[-83.01727,35.58767]]]}},{"type":"Feature","properties":{"kind":"minor-water","name":"Nelson Branch","ftype":460,"lengthKm":0.08,"hu8":"06010106","pid":"{8650EC3C-D85F-49B3-98D2-E1862E7CAA6B}"},"geometry":{"type":"MultiLineString","coordinates":[[[-83.02161,35.58828],[-83.02079,35.58855]]]}},{"type":"Feature","properties":{"kind":"minor-water","name":"Nelson Branch","ftype":460,"lengthKm":0.12,"hu8":"06010106","pid":"{3ABAB8F0-0D69-462B-94E5-4F0754872E06}"},"geometry":{"type":"MultiLineString","coordinates":[[[-83.01946,35.58814],[-83.0182,35.58771]]]}},{"type":"Feature","properties":{"kind":"minor-water","name":"Nelson Branch","ftype":460,"lengthKm":0.14,"hu8":"06010106","pid":"{876C62B7-F26C-4D88-882B-5CD62E57F646}"},"geometry":{"type":"MultiLineString","coordinates":[[[-83.02611,35.58989],[-83.02456,35.58971]]]}},{"type":"Feature","properties":{"kind":"minor-water","name":"Leatherwood Branch","ftype":460,"lengthKm":0.19,"hu8":"06010106","pid":"{9B057BD5-6F2C-4E0A-A6CA-A7D5CDB45DA3}"},"geometry":{"type":"MultiLineString","coordinates":[[[-83.00354,35.59568],[-83.00507,35.5968]]]}},{"type":"Feature","properties":{"kind":"minor-water","name":"Messer Branch","ftype":460,"lengthKm":0.17,"hu8":"06010106","pid":"{EEC31E53-3607-4B9E-B424-0FAEA263A4B2}"},"geometry":{"type":"MultiLineString","coordinates":[[[-83.04956,35.59466],[-83.04924,35.59511],[-83.04815,35.59556]]]}},{"type":"Feature","properties":{"kind":"minor-water","name":"Messer Branch","ftype":460,"lengthKm":0.03,"hu8":"06010106","pid":"{3A780196-1378-472E-AB6B-AA0B057F2A5E}"},"geometry":{"type":"MultiLineString","coordinates":[[[-83.04815,35.59556],[-83.04797,35.59574]]]}},{"type":"Feature","properties":{"kind":"minor-water","name":"Cove Creek","ftype":460,"lengthKm":0.1,"hu8":"06010106","pid":"{87603F73-27EF-4CAA-A846-D3D39F5A306A}"},"geometry":{"type":"MultiLineString","coordinates":[[[-83.06819,35.59429],[-83.06744,35.59498]]]}},{"type":"Feature","properties":{"kind":"minor-water","name":"Cove Creek","ftype":460,"lengthKm":0.1,"hu8":"06010106","pid":"{B5794B50-BDF9-4B65-BB68-4D396CE95126}"},"geometry":{"type":"MultiLineString","coordinates":[[[-83.06744,35.59498],[-83.06671,35.59568]]]}},{"type":"Feature","properties":{"kind":"minor-water","name":"Messer Branch","ftype":460,"lengthKm":0.09,"hu8":"06010106","pid":"{5692470C-DF0C-4E1F-941D-B17959DE5EA2}"},"geometry":{"type":"MultiLineString","coordinates":[[[-83.04797,35.59574],[-83.04754,35.59648]]]}},{"type":"Feature","properties":{"kind":"minor-water","name":"Moody Branch","ftype":460,"lengthKm":0.27,"hu8":"06010106","pid":"{F24A5761-87B8-424A-881B-FE2793BA08E6}"},"geometry":{"type":"MultiLineString","coordinates":[[[-83.02508,35.59549],[-83.02473,35.5973],[-83.02425,35.59771]]]}},{"type":"Feature","properties":{"kind":"minor-water","name":"Cove Creek","ftype":460,"lengthKm":0.15,"hu8":"06010106","pid":"{2536F93D-8CA8-4759-BB00-685EFB8CC61B}"},"geometry":{"type":"MultiLineString","coordinates":[[[-83.0665,35.59578],[-83.06498,35.59637]]]}},{"type":"Feature","properties":{"kind":"minor-water","name":"Cove Creek","ftype":460,"lengthKm":0.06,"hu8":"06010106","pid":"{FF749518-3ADC-4755-BD07-F4C56D2AFC98}"},"geometry":{"type":"MultiLineString","coordinates":[[[-83.06498,35.59637],[-83.06447,35.59675]]]}},{"type":"Feature","properties":{"kind":"minor-water","name":"Moody Branch","ftype":460,"lengthKm":0.08,"hu8":"06010106","pid":"{14F52BE2-5957-4591-91BD-2D00DA224977}"},"geometry":{"type":"MultiLineString","coordinates":[[[-83.02425,35.59771],[-83.02366,35.59819]]]}},{"type":"Feature","properties":{"kind":"minor-water","name":"Cove Creek","ftype":460,"lengthKm":0.1,"hu8":"06010106","pid":"{D3ED9567-8BF9-4841-98F1-46162434B45B}"},"geometry":{"type":"MultiLineString","coordinates":[[[-83.06447,35.59675],[-83.06402,35.59719],[-83.0636,35.59717]]]}},{"type":"Feature","properties":{"kind":"minor-water","name":"Cove Creek","ftype":460,"lengthKm":0.04,"hu8":"06010106","pid":"{4C6478E2-C9F7-4924-8A79-C35C2E174C1E}"},"geometry":{"type":"MultiLineString","coordinates":[[[-83.0636,35.59717],[-83.06329,35.59744]]]}},{"type":"Feature","properties":{"kind":"minor-water","name":"Cove Creek","ftype":460,"lengthKm":0.07,"hu8":"06010106","pid":"{47C9659E-299C-4D54-B62E-9C5C32B3DBEF}"},"geometry":{"type":"MultiLineString","coordinates":[[[-83.06329,35.59744],[-83.06277,35.59794]]]}},{"type":"Feature","properties":{"kind":"minor-water","name":"Cove Creek","ftype":460,"lengthKm":0.02,"hu8":"06010106","pid":"{67F2FABC-C3B4-4094-8B37-7AA6412E0C99}"},"geometry":{"type":"MultiLineString","coordinates":[[[-83.06277,35.59794],[-83.06272,35.59815]]]}},{"type":"Feature","properties":{"kind":"minor-water","name":"Moody Branch","ftype":460,"lengthKm":0.06,"hu8":"06010106","pid":"{5C8EEDF3-B86F-4797-B972-BDF9EB1C6738}"},"geometry":{"type":"MultiLineString","coordinates":[[[-83.0227,35.59962],[-83.02235,35.60011]]]}},{"type":"Feature","properties":{"kind":"minor-water","name":"Moody Branch","ftype":460,"lengthKm":0.05,"hu8":"06010106","pid":"{E8D63C76-1628-4CF4-91A2-90DA09616853}"},"geometry":{"type":"MultiLineString","coordinates":[[[-83.02235,35.60011],[-83.02238,35.60056]]]}},{"type":"Feature","properties":{"kind":"minor-water","name":"Messer Branch","ftype":460,"lengthKm":0.14,"hu8":"06010106","pid":"{A90D3F35-BA28-42FC-8006-C629A8BC242B}"},"geometry":{"type":"MultiLineString","coordinates":[[[-83.047,35.60113],[-83.04719,35.60239]]]}},{"type":"Feature","properties":{"kind":"minor-water","name":"Messer Branch","ftype":460,"lengthKm":0.04,"hu8":"06010106","pid":"{5DF2D6D9-6788-4868-A456-4ED312635BD9}"},"geometry":{"type":"MultiLineString","coordinates":[[[-83.04678,35.60077],[-83.047,35.60113]]]}},{"type":"Feature","properties":{"kind":"minor-water","name":"Cove Creek","ftype":460,"lengthKm":0.28,"hu8":"06010106","pid":"{B46F34E9-CDB3-4A62-AEC7-C4D2CCFE1A0D}"},"geometry":{"type":"MultiLineString","coordinates":[[[-83.06272,35.59815],[-83.06207,35.59989],[-83.06145,35.60043]]]}},{"type":"Feature","properties":{"kind":"minor-water","name":"Messer Branch","ftype":460,"lengthKm":0.03,"hu8":"06010106","pid":"{6B13F517-9056-4105-8601-D8C042F03DCC}"},"geometry":{"type":"MultiLineString","coordinates":[[[-83.04719,35.60239],[-83.0471,35.60265]]]}},{"type":"Feature","properties":{"kind":"minor-water","name":"Cove Creek","ftype":460,"lengthKm":0.2,"hu8":"06010106","pid":"{A04B2238-6ED5-491B-A2EA-F2ABC45B39D3}"},"geometry":{"type":"MultiLineString","coordinates":[[[-83.06048,35.60143],[-83.05884,35.60261]]]}},{"type":"Feature","properties":{"kind":"minor-water","name":"Cove Creek","ftype":460,"lengthKm":0.14,"hu8":"06010106","pid":"{AD9FF374-F295-43F7-8B3D-EB8BF04BF00E}"},"geometry":{"type":"MultiLineString","coordinates":[[[-83.06145,35.60043],[-83.06048,35.60143]]]}},{"type":"Feature","properties":{"kind":"minor-water","name":"Messer Branch","ftype":460,"lengthKm":0.16,"hu8":"06010106","pid":"{86DEEA81-578F-40B7-80EE-366DCE6FBECB}"},"geometry":{"type":"MultiLineString","coordinates":[[[-83.0471,35.60265],[-83.04614,35.60386]]]}},{"type":"Feature","properties":{"kind":"minor-water","name":"Cove Creek","ftype":460,"lengthKm":0.03,"hu8":"06010106","pid":"{9246458E-42FD-4EB8-B199-C0783BED3717}"},"geometry":{"type":"MultiLineString","coordinates":[[[-83.05884,35.60261],[-83.05859,35.60277]]]}},{"type":"Feature","properties":{"kind":"minor-water","name":"Moody Branch","ftype":460,"lengthKm":0.03,"hu8":"06010106","pid":"{3DCD26DE-1B49-4D1B-8AC3-7B5CEC878672}"},"geometry":{"type":"MultiLineString","coordinates":[[[-83.01897,35.60557],[-83.01889,35.60582]]]}},{"type":"Feature","properties":{"kind":"minor-water","name":"Jonathans Creek","ftype":558,"lengthKm":0.1,"hu8":"06010106","pid":"{9760665A-586D-4589-9D19-E6EC90DAD0B3}"},"geometry":{"type":"MultiLineString","coordinates":[[[-83.01348,35.61285],[-83.01443,35.61331]]]}},{"type":"Feature","properties":{"kind":"minor-water","name":"Jonathans Creek","ftype":558,"lengthKm":0.1,"hu8":"06010106","pid":"{751EB7CF-F516-49E0-914E-06F3F63B13F6}"},"geometry":{"type":"MultiLineString","coordinates":[[[-83.01321,35.61201],[-83.01348,35.61285]]]}},{"type":"Feature","properties":{"kind":"minor-water","name":"Jonathans Creek","ftype":558,"lengthKm":0.08,"hu8":"06010106","pid":"{391AFF00-203C-4ECA-8677-75FF750CF9BB}"},"geometry":{"type":"MultiLineString","coordinates":[[[-83.01331,35.61133],[-83.01321,35.61201]]]}},{"type":"Feature","properties":{"kind":"minor-water","name":"Jonathans Creek","ftype":558,"lengthKm":0.26,"hu8":"06010106","pid":"{F4644783-AB50-4B46-9A17-6A6FCC45E7A4}"},"geometry":{"type":"MultiLineString","coordinates":[[[-83.01174,35.60997],[-83.01333,35.6103],[-83.01331,35.61133]]]}},{"type":"Feature","properties":{"kind":"minor-water","name":"Jonathans Creek","ftype":558,"lengthKm":0.11,"hu8":"06010106","pid":"{8B4EE82B-F5ED-439A-9A44-0BD816A6521D}"},"geometry":{"type":"MultiLineString","coordinates":[[[-83.01099,35.60918],[-83.01174,35.60997]]]}},{"type":"Feature","properties":{"kind":"minor-water","name":"Jonathans Creek","ftype":558,"lengthKm":0.09,"hu8":"06010106","pid":"{2166939E-F8ED-472F-B0EA-02B3208D4929}"},"geometry":{"type":"MultiLineString","coordinates":[[[-83.01109,35.60833],[-83.01099,35.60918]]]}},{"type":"Feature","properties":{"kind":"minor-water","name":"Cove Creek","ftype":460,"lengthKm":0.04,"hu8":"06010106","pid":"{274DC0EA-FEC1-401D-80F9-2F34316EBEED}"},"geometry":{"type":"MultiLineString","coordinates":[[[-83.02154,35.60613],[-83.02118,35.6059]]]}},{"type":"Feature","properties":{"kind":"minor-water","name":"Cove Creek","ftype":460,"lengthKm":0.09,"hu8":"06010106","pid":"{0BF0857A-0C3A-4705-B673-D73101D06BEE}"},"geometry":{"type":"MultiLineString","coordinates":[[[-83.05558,35.60492],[-83.0546,35.60518]]]}},{"type":"Feature","properties":{"kind":"minor-water","name":"Cove Creek","ftype":460,"lengthKm":0.06,"hu8":"06010106","pid":"{A2CD940A-E49E-4EE9-A91F-397391C8AD35}"},"geometry":{"type":"MultiLineString","coordinates":[[[-83.02743,35.60665],[-83.02674,35.60659]]]}},{"type":"Feature","properties":{"kind":"minor-water","name":"Cove Creek","ftype":460,"lengthKm":0.01,"hu8":"06010106","pid":"{785B0E7A-A640-4B62-B618-E60C7CE95157}"},"geometry":{"type":"MultiLineString","coordinates":[[[-83.02674,35.60659],[-83.02662,35.60658]]]}},{"type":"Feature","properties":{"kind":"minor-water","name":"Cove Creek","ftype":460,"lengthKm":0.13,"hu8":"06010106","pid":"{20F11B5C-F94F-4A96-A328-B9D25CE3A703}"},"geometry":{"type":"MultiLineString","coordinates":[[[-83.01716,35.60748],[-83.01569,35.60737]]]}},{"type":"Feature","properties":{"kind":"minor-water","name":"Cove Creek","ftype":460,"lengthKm":0.07,"hu8":"06010106","pid":"{857741D0-0805-4C6C-87F4-F6F44AA59553}"},"geometry":{"type":"MultiLineString","coordinates":[[[-83.02821,35.60672],[-83.02743,35.60665]]]}},{"type":"Feature","properties":{"kind":"minor-water","name":"Cove Creek","ftype":460,"lengthKm":0.06,"hu8":"06010106","pid":"{796E5670-DA0D-4DE6-8A7B-60B3CF90F0B2}"},"geometry":{"type":"MultiLineString","coordinates":[[[-83.0411,35.60638],[-83.04051,35.60656]]]}},{"type":"Feature","properties":{"kind":"minor-water","name":"Cove Creek","ftype":460,"lengthKm":0.02,"hu8":"06010106","pid":"{967E5892-23DF-4C8F-ADC6-8FF8E893311B}"},"geometry":{"type":"MultiLineString","coordinates":[[[-83.04051,35.60656],[-83.04027,35.60653]]]}},{"type":"Feature","properties":{"kind":"minor-water","name":"Cove Creek","ftype":460,"lengthKm":0.13,"hu8":"06010106","pid":"{94120AA1-D671-413B-A0C1-B9DC182B6ACA}"},"geometry":{"type":"MultiLineString","coordinates":[[[-83.0299,35.60702],[-83.02849,35.60674]]]}},{"type":"Feature","properties":{"kind":"minor-water","name":"Cove Creek","ftype":460,"lengthKm":0.06,"hu8":"06010106","pid":"{3928290A-A602-44B4-B655-A3F94091E8D0}"},"geometry":{"type":"MultiLineString","coordinates":[[[-83.03524,35.60742],[-83.03455,35.60742]]]}},{"type":"Feature","properties":{"kind":"minor-water","name":"Cove Creek","ftype":460,"lengthKm":0.03,"hu8":"06010106","pid":"{C6B19044-E5AB-41E5-8526-22D4293D915C}"},"geometry":{"type":"MultiLineString","coordinates":[[[-83.03455,35.60742],[-83.03429,35.60751]]]}},{"type":"Feature","properties":{"kind":"minor-water","name":"Right Fork Cove Creek","ftype":460,"lengthKm":0.18,"hu8":"06010106","pid":"{86B48443-C181-4BBB-B7ED-9AB0371BC1FD}"},"geometry":{"type":"MultiLineString","coordinates":[[[-83.02691,35.61251],[-83.02537,35.61151]]]}},{"type":"Feature","properties":{"kind":"minor-water","name":"Right Fork Cove Creek","ftype":460,"lengthKm":0.05,"hu8":"06010106","pid":"{6EDF4164-EB36-4048-BF7E-E1939C7C01E8}"},"geometry":{"type":"MultiLineString","coordinates":[[[-83.02537,35.61151],[-83.02487,35.61124]]]}},{"type":"Feature","properties":{"kind":"minor-water","name":"Cove Creek","ftype":460,"lengthKm":0.04,"hu8":"06010106","pid":"{1F67DB81-DDB4-4861-8A5F-64FA73792DA9}"},"geometry":{"type":"MultiLineString","coordinates":[[[-83.03704,35.60751],[-83.03659,35.60762]]]}},{"type":"Feature","properties":{"kind":"minor-water","name":"Right Fork Cove Creek","ftype":460,"lengthKm":0.08,"hu8":"06010106","pid":"{F77C69C6-4D1E-44FE-8516-10C6DCE040BE}"},"geometry":{"type":"MultiLineString","coordinates":[[[-83.02487,35.61124],[-83.02436,35.6107]]]}},{"type":"Feature","properties":{"kind":"minor-water","name":"Right Fork Cove Creek","ftype":460,"lengthKm":0.11,"hu8":"06010106","pid":"{56DE1E6F-EDAE-44EE-A2D7-D246C426C377}"},"geometry":{"type":"MultiLineString","coordinates":[[[-83.02753,35.61337],[-83.02691,35.61251]]]}},{"type":"Feature","properties":{"kind":"minor-water","name":"Right Fork Cove Creek","ftype":460,"lengthKm":0.06,"hu8":"06010106","pid":"{161ABE61-12FA-4571-9D8E-6721DFB366E5}"},"geometry":{"type":"MultiLineString","coordinates":[[[-83.02807,35.61368],[-83.02753,35.61337]]]}},{"type":"Feature","properties":{"kind":"minor-water","name":"Right Fork Cove Creek","ftype":460,"lengthKm":0.05,"hu8":"06010106","pid":"{82F46D29-57E9-4436-8492-48F2084FAD42}"},"geometry":{"type":"MultiLineString","coordinates":[[[-83.02864,35.61378],[-83.02807,35.61368]]]}},{"type":"Feature","properties":{"kind":"minor-water","name":"Right Fork Cove Creek","ftype":460,"lengthKm":0.02,"hu8":"06010106","pid":"{73787B47-87E1-40FC-AB15-3067DEAEE385}"},"geometry":{"type":"MultiLineString","coordinates":[[[-83.03222,35.61496],[-83.03228,35.61481]]]}},{"type":"Feature","properties":{"kind":"minor-water","name":"Right Fork Cove Creek","ftype":460,"lengthKm":0.14,"hu8":"06010106","pid":"{F43DE267-1897-4079-8E79-E21A6EF0E304}"},"geometry":{"type":"MultiLineString","coordinates":[[[-83.03005,35.61423],[-83.02864,35.61378]]]}},{"type":"Feature","properties":{"kind":"minor-water","name":"Morrow Branch","ftype":460,"lengthKm":0.13,"hu8":"06010106","pid":"{6B8423E5-47DD-433B-954A-965D1E8175BD}"},"geometry":{"type":"MultiLineString","coordinates":[[[-83.01866,35.61859],[-83.01787,35.61765]]]}},{"type":"Feature","properties":{"kind":"minor-water","name":"Right Fork Cove Creek","ftype":460,"lengthKm":0.06,"hu8":"06010106","pid":"{97FA6F05-1B1F-4407-BF33-09C75CEEED6C}"},"geometry":{"type":"MultiLineString","coordinates":[[[-83.0333,35.61797],[-83.03291,35.61751]]]}},{"type":"Feature","properties":{"kind":"minor-water","name":"Right Fork Cove Creek","ftype":460,"lengthKm":0.04,"hu8":"06010106","pid":"{A09648C5-2687-42C2-A238-34F29A1CA2C1}"},"geometry":{"type":"MultiLineString","coordinates":[[[-83.03557,35.61907],[-83.03536,35.61871]]]}},{"type":"Feature","properties":{"kind":"minor-water","name":"Right Fork Cove Creek","ftype":460,"lengthKm":0.03,"hu8":"06010106","pid":"{AB381D14-B96C-4FEA-9E02-038C6D2DCFC4}"},"geometry":{"type":"MultiLineString","coordinates":[[[-83.03361,35.61806],[-83.0333,35.61797]]]}},{"type":"Feature","properties":{"kind":"minor-water","name":"Right Fork Cove Creek","ftype":460,"lengthKm":0.11,"hu8":"06010106","pid":"{416158AC-20D2-4358-9755-0B59A096173F}"},"geometry":{"type":"MultiLineString","coordinates":[[[-83.03666,35.61957],[-83.03557,35.61907]]]}},{"type":"Feature","properties":{"kind":"minor-water","name":"Right Fork Cove Creek","ftype":460,"lengthKm":0.14,"hu8":"06010106","pid":"{9E6CF115-3E3F-454F-ACC8-1AB9E106F4C4}"},"geometry":{"type":"MultiLineString","coordinates":[[[-83.04234,35.62386],[-83.04121,35.62306]]]}},{"type":"Feature","properties":{"kind":"minor-water","name":"Morrow Branch","ftype":460,"lengthKm":0.24,"hu8":"06010106","pid":"{26B3C32C-830C-42D6-B5B2-DDA4D2AD54B5}"},"geometry":{"type":"MultiLineString","coordinates":[[[-83.02184,35.62307],[-83.0209,35.62203],[-83.02087,35.62112]]]}},{"type":"Feature","properties":{"kind":"minor-water","name":"Morrow Branch","ftype":460,"lengthKm":0,"hu8":"06010106","pid":"{68C23592-55B0-41D6-AC33-4EBD3F14F220}"},"geometry":{"type":"MultiLineString","coordinates":[[[-83.02286,35.62351],[-83.02283,35.6235]]]}},{"type":"Feature","properties":{"kind":"minor-water","name":"Morrow Branch","ftype":460,"lengthKm":0.1,"hu8":"06010106","pid":"{A2C489F2-DCAD-4E57-B803-C3226A038866}"},"geometry":{"type":"MultiLineString","coordinates":[[[-83.02283,35.6235],[-83.02184,35.62307]]]}},{"type":"Feature","properties":{"kind":"minor-water","name":"Right Fork Cove Creek","ftype":460,"lengthKm":0.07,"hu8":"06010106","pid":"{5CD985B6-400B-4105-BC36-23A88745D6D7}"},"geometry":{"type":"MultiLineString","coordinates":[[[-83.04121,35.62306],[-83.04045,35.62288]]]}},{"type":"Feature","properties":{"kind":"minor-water","name":"Right Fork Cove Creek","ftype":460,"lengthKm":0.09,"hu8":"06010106","pid":"{E53AC784-CFDD-481F-AADD-54A20BD9753A}"},"geometry":{"type":"MultiLineString","coordinates":[[[-83.0424,35.62463],[-83.04234,35.62386]]]}},{"type":"Feature","properties":{"kind":"minor-water","name":"Wright Branch","ftype":460,"lengthKm":0.1,"hu8":"06010106","pid":"{9EBA9AA1-E93A-4C8B-B57A-9D180303EF03}"},"geometry":{"type":"MultiLineString","coordinates":[[[-83.01635,35.6288],[-83.0152,35.62873]]]}},{"type":"Feature","properties":{"kind":"minor-water","name":"Wright Branch","ftype":460,"lengthKm":0.09,"hu8":"06010106","pid":"{928DA9E4-0950-475F-9963-FCD7418E6D0A}"},"geometry":{"type":"MultiLineString","coordinates":[[[-83.02078,35.62832],[-83.01976,35.62823]]]}},{"type":"Feature","properties":{"kind":"minor-water","name":"Wright Branch","ftype":460,"lengthKm":0.06,"hu8":"06010106","pid":"{28756EC7-3712-46A8-AA49-C780C1CCCEA2}"},"geometry":{"type":"MultiLineString","coordinates":[[[-83.01702,35.62875],[-83.01635,35.6288]]]}},{"type":"Feature","properties":{"kind":"minor-water","name":"Wright Branch","ftype":460,"lengthKm":0.01,"hu8":"06010106","pid":"{694E14F1-FEE7-4404-A984-36412AE53D80}"},"geometry":{"type":"MultiLineString","coordinates":[[[-83.0152,35.62873],[-83.01504,35.62876]]]}},{"type":"Feature","properties":{"kind":"minor-water","name":"Right Fork Cove Creek","ftype":460,"lengthKm":0.19,"hu8":"06010106","pid":"{800EB7A5-A3EA-46D8-B85D-FA4D0AD75BA5}"},"geometry":{"type":"MultiLineString","coordinates":[[[-83.04325,35.62909],[-83.04319,35.62742]]]}},{"type":"Feature","properties":{"kind":"minor-water","name":"Right Fork Cove Creek","ftype":460,"lengthKm":0.06,"hu8":"06010106","pid":"{398691BD-870D-40CA-A321-B6F49835D717}"},"geometry":{"type":"MultiLineString","coordinates":[[[-83.04316,35.62961],[-83.04325,35.62909]]]}},{"type":"Feature","properties":{"kind":"minor-water","name":"Leatherwood Branch","ftype":460,"lengthKm":0.08,"hu8":"06010106","pid":"{42CC2CE8-D935-4791-811C-2924115E5E65}"},"geometry":{"type":"MultiLineString","coordinates":[[[-83.00507,35.5968],[-83.00573,35.59725]]]}},{"type":"Feature","properties":{"kind":"minor-water","name":"Leatherwood Branch","ftype":460,"lengthKm":0.11,"hu8":"06010106","pid":"{36CAAF1B-5241-422B-AD9B-C55805F8EE48}"},"geometry":{"type":"MultiLineString","coordinates":[[[-82.99816,35.58291],[-82.99937,35.58298]]]}},{"type":"Feature","properties":{"kind":"minor-water","name":"Wright Branch","ftype":460,"lengthKm":0.03,"hu8":"06010106","pid":"{DBB3AD9B-9EF5-460B-8BD9-0BBB11C3CBDC}"},"geometry":{"type":"MultiLineString","coordinates":[[[-83.02458,35.6291],[-83.02425,35.62903]]]}},{"type":"Feature","properties":{"kind":"minor-water","name":"Wright Branch","ftype":460,"lengthKm":0.06,"hu8":"06010106","pid":"{748C0089-7D95-47E8-B36E-04B5547A7583}"},"geometry":{"type":"MultiLineString","coordinates":[[[-83.0214,35.62842],[-83.02078,35.62832]]]}},{"type":"Feature","properties":{"kind":"minor-water","name":"Wright Branch","ftype":460,"lengthKm":0.27,"hu8":"06010106","pid":"{DD8F8F92-BC50-4F5E-A2C3-43CEEE32D0EB}"},"geometry":{"type":"MultiLineString","coordinates":[[[-83.00994,35.62674],[-83.00934,35.62667],[-83.00748,35.6255]]]}},{"type":"Feature","properties":{"kind":"minor-water","name":"Cove Creek","ftype":460,"lengthKm":0.06,"hu8":"06010106","pid":"{FAC05F5E-A51B-4661-BC10-FF3D7100C90F}"},"geometry":{"type":"MultiLineString","coordinates":[[[-83.01199,35.60708],[-83.01142,35.6073]]]}},{"type":"Feature","properties":{"kind":"minor-water","name":"Cove Creek","ftype":460,"lengthKm":0.11,"hu8":"06010106","pid":"{D6742274-7F17-49E1-89BB-82F950F23716}"},"geometry":{"type":"MultiLineString","coordinates":[[[-83.01569,35.60737],[-83.01453,35.60708]]]}},{"type":"Feature","properties":{"kind":"minor-water","name":"Leatherwood Branch","ftype":460,"lengthKm":0.13,"hu8":"06010106","pid":"{7256DC53-0D2E-4D8D-938D-9936F3A6C6D2}"},"geometry":{"type":"MultiLineString","coordinates":[[[-83.00413,35.59464],[-83.00354,35.59568]]]}},{"type":"Feature","properties":{"kind":"minor-water","name":"Cove Creek","ftype":460,"lengthKm":0.03,"hu8":"06010106","pid":"{7F89BF8E-3C85-444D-911C-8090649933CD}"},"geometry":{"type":"MultiLineString","coordinates":[[[-83.02849,35.60674],[-83.02821,35.60672]]]}},{"type":"Feature","properties":{"kind":"minor-water","name":"Cove Creek","ftype":460,"lengthKm":0.13,"hu8":"06010106","pid":"{33EDC5E9-E8B3-401B-96B5-610F944D96D7}"},"geometry":{"type":"MultiLineString","coordinates":[[[-83.03429,35.60751],[-83.0329,35.6076]]]}},{"type":"Feature","properties":{"kind":"minor-water","name":"Parks Branch","ftype":460,"lengthKm":0.06,"hu8":"06010106","pid":"{5E4BC0C8-7EC8-4A3B-8E84-CE9A698DCCD0}"},"geometry":{"type":"MultiLineString","coordinates":[[[-83.00826,35.58097],[-83.0081,35.58147]]]}},{"type":"Feature","properties":{"kind":"minor-water","name":"Right Fork Cove Creek","ftype":460,"lengthKm":0.13,"hu8":"06010106","pid":"{ED5BFF24-EAED-4D7B-A211-D8C132CF0E34}"},"geometry":{"type":"MultiLineString","coordinates":[[[-83.04319,35.62742],[-83.04246,35.62642]]]}},{"type":"Feature","properties":{"kind":"minor-water","name":"Cove Creek","ftype":460,"lengthKm":0.16,"hu8":"06010106","pid":"{8EE9D80A-230F-4657-BE95-E2C914772896}"},"geometry":{"type":"MultiLineString","coordinates":[[[-83.05859,35.60277],[-83.05756,35.60398]]]}},{"type":"Feature","properties":{"kind":"minor-water","name":"Right Fork Cove Creek","ftype":460,"lengthKm":0.2,"hu8":"06010106","pid":"{FDAE4C91-1C52-482F-8BCB-BDE88953CC7F}"},"geometry":{"type":"MultiLineString","coordinates":[[[-83.04369,35.63136],[-83.04318,35.63045],[-83.04316,35.62961]]]}},{"type":"Feature","properties":{"kind":"minor-water","name":"Messer Branch","ftype":460,"lengthKm":0.02,"hu8":"06010106","pid":"{17B25180-3066-430E-9B0B-13133B80C0FA}"},"geometry":{"type":"MultiLineString","coordinates":[[[-83.04671,35.60059],[-83.04678,35.60077]]]}},{"type":"Feature","properties":{"kind":"minor-water","name":"Leatherwood Branch","ftype":460,"lengthKm":0.16,"hu8":"06010106","pid":"{922B64AA-C02D-4820-9F76-0E7FA9D67920}"},"geometry":{"type":"MultiLineString","coordinates":[[[-82.99937,35.58298],[-83.00088,35.58368]]]}},{"type":"Feature","properties":{"kind":"minor-water","name":"Moody Branch","ftype":460,"lengthKm":0.07,"hu8":"06010106","pid":"{433B856F-EFE9-4A85-8F70-751B9CF45140}"},"geometry":{"type":"MultiLineString","coordinates":[[[-83.02237,35.60121],[-83.02198,35.60171]]]}},{"type":"Feature","properties":{"kind":"minor-water","name":"Cove Creek","ftype":460,"lengthKm":0.12,"hu8":"06010106","pid":"{2CACB3D7-6582-41B6-B27D-A76E0687F738}"},"geometry":{"type":"MultiLineString","coordinates":[[[-83.02278,35.60647],[-83.02154,35.60613]]]}},{"type":"Feature","properties":{"kind":"minor-water","name":"Ned Branch","ftype":460,"lengthKm":0.13,"hu8":"06010106","pid":"{8B92DAAB-FAEE-45A3-87D7-3BD05FEDD41E}"},"geometry":{"type":"MultiLineString","coordinates":[[[-83.05695,35.5733],[-83.05589,35.57245]]]}},{"type":"Feature","properties":{"kind":"minor-water","name":"Hemphill Creek","ftype":460,"lengthKm":0.07,"hu8":"06010106","pid":"{3E184901-72B3-4369-B754-2035A3F30E1B}"},"geometry":{"type":"MultiLineString","coordinates":[[[-83.05363,35.56535],[-83.0529,35.56507]]]}},{"type":"Feature","properties":{"kind":"minor-water","name":"Hemphill Creek","ftype":460,"lengthKm":0.24,"hu8":"06010106","pid":"{F5EC64AF-A194-49B7-A83C-95526B62AC59}"},"geometry":{"type":"MultiLineString","coordinates":[[[-83.02625,35.56506],[-83.02373,35.5656]]]}},{"type":"Feature","properties":{"kind":"minor-water","name":"Jonathans Creek","ftype":558,"lengthKm":0.07,"hu8":"06010106","pid":"{18CDA8B6-ABBC-406C-891B-32E93C88E677}"},"geometry":{"type":"MultiLineString","coordinates":[[[-83.00885,35.60366],[-83.00896,35.60432]]]}},{"type":"Feature","properties":{"kind":"minor-water","name":"Jonathans Creek","ftype":558,"lengthKm":0.45,"hu8":"06010106","pid":"{42A78345-0028-4980-9059-27C0D80CEB4D}"},"geometry":{"type":"MultiLineString","coordinates":[[[-83.02507,35.55599],[-83.0258,35.55643],[-83.02591,35.55687],[-83.02484,35.55788],[-83.02471,35.55939]]]}},{"type":"Feature","properties":{"kind":"minor-water","name":"Jonathans Creek","ftype":558,"lengthKm":0.44,"hu8":"06010106","pid":"{9403F554-1E81-4B05-BE97-CBBCAF9B1886}"},"geometry":{"type":"MultiLineString","coordinates":[[[-83.02566,35.53822],[-83.02539,35.5391],[-83.02558,35.54009],[-83.02713,35.54176]]]}},{"type":"Feature","properties":{"kind":"minor-water","name":"Jonathans Creek","ftype":558,"lengthKm":0.13,"hu8":"06010106","pid":"{3E56225C-A0C3-4049-A025-5259B78F2AE1}"},"geometry":{"type":"MultiLineString","coordinates":[[[-83.02713,35.54176],[-83.02782,35.5422],[-83.02787,35.54264]]]}},{"type":"Feature","properties":{"kind":"minor-water","name":"Jonathans Creek","ftype":558,"lengthKm":0.09,"hu8":"06010106","pid":"{A8CD3FDA-03CB-4759-A643-1C0A153E130F}"},"geometry":{"type":"MultiLineString","coordinates":[[[-83.02787,35.54264],[-83.02759,35.54337]]]}},{"type":"Feature","properties":{"kind":"minor-water","name":"Jonathans Creek","ftype":558,"lengthKm":0.23,"hu8":"06010106","pid":"{B1B406B9-86C3-42B6-944B-78D4FE68F516}"},"geometry":{"type":"MultiLineString","coordinates":[[[-83.02556,35.54539],[-83.02378,35.54682]]]}},{"type":"Feature","properties":{"kind":"minor-water","name":"Jonathans Creek","ftype":558,"lengthKm":0.2,"hu8":"06010106","pid":"{9CA3DA07-EE6A-47C9-94E6-6152B822348F}"},"geometry":{"type":"MultiLineString","coordinates":[[[-83.02378,35.54682],[-83.02312,35.54733],[-83.02267,35.54837]]]}},{"type":"Feature","properties":{"kind":"minor-water","name":"Jonathans Creek","ftype":558,"lengthKm":0.2,"hu8":"06010106","pid":"{EA9CDA15-6E55-4273-94D3-1042935C53A9}"},"geometry":{"type":"MultiLineString","coordinates":[[[-83.02267,35.54837],[-83.02108,35.54966]]]}},{"type":"Feature","properties":{"kind":"minor-water","name":"Jonathans Creek","ftype":558,"lengthKm":0.16,"hu8":"06010106","pid":"{3344F276-ADE2-460E-AA4F-B92F42EA329E}"},"geometry":{"type":"MultiLineString","coordinates":[[[-83.02193,35.55273],[-83.02305,35.55383]]]}},{"type":"Feature","properties":{"kind":"minor-water","name":"Jonathans Creek","ftype":558,"lengthKm":0.13,"hu8":"06010106","pid":"{04298AA8-DE3C-4FD0-B5EB-9E64A0F2C31E}"},"geometry":{"type":"MultiLineString","coordinates":[[[-83.02305,35.55383],[-83.02425,35.5545]]]}},{"type":"Feature","properties":{"kind":"minor-water","name":"Jonathans Creek","ftype":558,"lengthKm":0.19,"hu8":"06010106","pid":"{A23FA1C7-DC57-4458-AFEA-396CA37F7262}"},"geometry":{"type":"MultiLineString","coordinates":[[[-83.02425,35.5545],[-83.02461,35.55562],[-83.02507,35.55599]]]}},{"type":"Feature","properties":{"kind":"minor-water","name":"Jonathans Creek","ftype":558,"lengthKm":0.25,"hu8":"06010106","pid":"{B64666F8-9260-4FA8-A616-BC02E31C09A5}"},"geometry":{"type":"MultiLineString","coordinates":[[[-83.02471,35.55939],[-83.02377,35.56152]]]}},{"type":"Feature","properties":{"kind":"minor-water","name":"Jonathans Creek","ftype":558,"lengthKm":0.2,"hu8":"06010106","pid":"{331283B7-7D13-45F3-BDC8-E4D4ECE8CD1B}"},"geometry":{"type":"MultiLineString","coordinates":[[[-83.02377,35.56152],[-83.0239,35.56329]]]}},{"type":"Feature","properties":{"kind":"minor-water","name":"Jonathans Creek","ftype":558,"lengthKm":0.09,"hu8":"06010106","pid":"{98935415-CEF5-4139-8F13-ADF1C4EDE8BC}"},"geometry":{"type":"MultiLineString","coordinates":[[[-83.0239,35.56329],[-83.02396,35.56408]]]}},{"type":"Feature","properties":{"kind":"minor-water","name":"Jonathans Creek","ftype":558,"lengthKm":0.1,"hu8":"06010106","pid":"{69213B2C-DD5D-466B-8A38-149C155F5808}"},"geometry":{"type":"MultiLineString","coordinates":[[[-83.02278,35.5725],[-83.02248,35.57339]]]}},{"type":"Feature","properties":{"kind":"minor-water","name":"Jonathans Creek","ftype":558,"lengthKm":0.08,"hu8":"06010106","pid":"{C84F0AED-3E4B-4BB1-9D1A-580ED3B6B2AD}"},"geometry":{"type":"MultiLineString","coordinates":[[[-83.02064,35.57368],[-83.01979,35.57396]]]}},{"type":"Feature","properties":{"kind":"minor-water","name":"Jonathans Creek","ftype":558,"lengthKm":0.25,"hu8":"06010106","pid":"{E2851CA6-0415-403F-83E1-F377AAF3AB5A}"},"geometry":{"type":"MultiLineString","coordinates":[[[-83.03068,35.52394],[-83.02974,35.52601]]]}},{"type":"Feature","properties":{"kind":"minor-water","name":"Jonathans Creek","ftype":558,"lengthKm":0.01,"hu8":"06010106","pid":"{351F6E96-CC40-41CA-81CB-A32379B8930C}"},"geometry":{"type":"MultiLineString","coordinates":[[[-83.02916,35.53255],[-83.02915,35.53261]]]}},{"type":"Feature","properties":{"kind":"minor-water","name":"Jonathans Creek","ftype":558,"lengthKm":0.22,"hu8":"06010106","pid":"{CB0D8E8A-2D77-49AD-BB63-095BC6A0B204}"},"geometry":{"type":"MultiLineString","coordinates":[[[-83.02867,35.53548],[-83.02802,35.5374]]]}},{"type":"Feature","properties":{"kind":"minor-water","name":"Jonathans Creek","ftype":558,"lengthKm":0.24,"hu8":"06010106","pid":"{35E789AA-7096-4B48-BC12-378244835310}"},"geometry":{"type":"MultiLineString","coordinates":[[[-83.02802,35.5374],[-83.0273,35.53796],[-83.02566,35.53822]]]}},{"type":"Feature","properties":{"kind":"minor-water","name":"Jonathans Creek","ftype":558,"lengthKm":0.03,"hu8":"06010106","pid":"{15C6A66F-3182-4F7A-BC1A-06422509D7F1}"},"geometry":{"type":"MultiLineString","coordinates":[[[-83.00806,35.59006],[-83.00788,35.59026]]]}},{"type":"Feature","properties":{"kind":"minor-water","name":"Jonathans Creek","ftype":558,"lengthKm":0.12,"hu8":"06010106","pid":"{3D436A6A-B40C-41FE-BF36-470D4B783E19}"},"geometry":{"type":"MultiLineString","coordinates":[[[-83.01026,35.58274],[-83.00949,35.58359]]]}},{"type":"Feature","properties":{"kind":"minor-water","name":"Jonathans Creek","ftype":558,"lengthKm":0.06,"hu8":"06010106","pid":"{92A7935F-CE6E-4619-9E04-A06EC14A2F23}"},"geometry":{"type":"MultiLineString","coordinates":[[[-83.00861,35.60317],[-83.00885,35.60366]]]}},{"type":"Feature","properties":{"kind":"minor-water","name":"Jonathans Creek","ftype":558,"lengthKm":0.2,"hu8":"06010106","pid":"{9029C49C-C9B1-4912-9A50-9A11E4B1C410}"},"geometry":{"type":"MultiLineString","coordinates":[[[-83.00455,35.62674],[-83.00233,35.62671]]]}},{"type":"Feature","properties":{"kind":"minor-water","name":"Jonathans Creek","ftype":558,"lengthKm":0.06,"hu8":"06010106","pid":"{CD84E92F-2D87-44F2-9340-3D8AE53D76E9}"},"geometry":{"type":"MultiLineString","coordinates":[[[-83.01979,35.57396],[-83.01924,35.57427]]]}},{"type":"Feature","properties":{"kind":"minor-water","name":"Stevens Creek","ftype":460,"lengthKm":0.15,"hu8":"06010106","pid":"{1162BAF2-0BFF-4B32-8375-8F3EFC299A16}"},"geometry":{"type":"MultiLineString","coordinates":[[[-83.04141,35.63935],[-83.04189,35.64062]]]}},{"type":"Feature","properties":{"kind":"minor-water","name":"Stevens Creek","ftype":460,"lengthKm":0.08,"hu8":"06010106","pid":"{D10436F1-CA10-4665-BE29-30B6EA76D72A}"},"geometry":{"type":"MultiLineString","coordinates":[[[-83.04189,35.64062],[-83.04181,35.64134]]]}},{"type":"Feature","properties":{"kind":"minor-water","name":"Jonathans Creek","ftype":558,"lengthKm":0.13,"hu8":"06010106","pid":"{9D9B527C-58B5-45E3-8046-722B60676B84}"},"geometry":{"type":"MultiLineString","coordinates":[[[-83.02974,35.52601],[-83.02913,35.52704]]]}},{"type":"Feature","properties":{"kind":"minor-water","name":"Jonathans Creek","ftype":558,"lengthKm":0.23,"hu8":"06010106","pid":"{F3F9DE37-1566-4391-BFB5-924A79FFF56A}"},"geometry":{"type":"MultiLineString","coordinates":[[[-83.02913,35.52704],[-83.02904,35.52908]]]}},{"type":"Feature","properties":{"kind":"minor-water","name":"Jonathans Creek","ftype":558,"lengthKm":0.02,"hu8":"06010106","pid":"{2BBB67DB-6A49-4B2F-8DC1-86C1DD515370}"},"geometry":{"type":"MultiLineString","coordinates":[[[-83.02904,35.52908],[-83.02906,35.52929]]]}},{"type":"Feature","properties":{"kind":"minor-water","name":"Naillon Branch","ftype":558,"lengthKm":0.02,"hu8":"06010106","pid":"{13BBBF2E-C0B3-4DD0-AD15-DD38395BCB03}"},"geometry":{"type":"MultiLineString","coordinates":[[[-83.13269,35.80135],[-83.13285,35.80129]]]}},{"type":"Feature","properties":{"kind":"minor-water","name":"Naillon Branch","ftype":460,"lengthKm":0.48,"hu8":"06010106","pid":"{F087672A-AA36-4E4D-8076-FB0ABFCBD376}"},"geometry":{"type":"MultiLineString","coordinates":[[[-83.12484,35.80413],[-83.12935,35.80177]]]}},{"type":"Feature","properties":{"kind":"minor-water","name":"Naillon Branch","ftype":460,"lengthKm":0.33,"hu8":"06010106","pid":"{3D36EBA4-B0BF-403A-A866-BC268EDB6ECD}"},"geometry":{"type":"MultiLineString","coordinates":[[[-83.12935,35.80177],[-83.13156,35.80092],[-83.13269,35.80135]]]}},{"type":"Feature","properties":{"kind":"minor-water","name":"Gabes Creek","ftype":460,"lengthKm":1.05,"hu8":"06010106","pid":"{8F6ADBEE-F526-46BE-BEE8-C146F9A27A06}"},"geometry":{"type":"MultiLineString","coordinates":[[[-83.23784,35.74433],[-83.23805,35.74784],[-83.23936,35.75058],[-83.24302,35.75117]]]}},{"type":"Feature","properties":{"kind":"minor-water","name":"Indian Camp Creek","ftype":460,"lengthKm":0.19,"hu8":"06010106","pid":"{2FC92378-A2E5-419F-BB65-81910D0B2110}"},"geometry":{"type":"MultiLineString","coordinates":[[[-83.2718,35.73115],[-83.27207,35.73231],[-83.27261,35.73266]]]}},{"type":"Feature","properties":{"kind":"minor-water","name":"Dicks Branch","ftype":460,"lengthKm":0.02,"hu8":"06010106","pid":"{214D745F-DD26-49B5-87DF-D2121E67EA29}"},"geometry":{"type":"MultiLineString","coordinates":[[[-83.04419,35.71584],[-83.04405,35.7157]]]}},{"type":"Feature","properties":{"kind":"minor-water","name":"Hurricane Creek","ftype":460,"lengthKm":0.07,"hu8":"06010106","pid":"{0AE46DCE-4803-468F-8EB9-638DD529EB91}"},"geometry":{"type":"MultiLineString","coordinates":[[[-83.01791,35.71902],[-83.01867,35.71883]]]}},{"type":"Feature","properties":{"kind":"minor-water","name":"Naillon Branch","ftype":460,"lengthKm":0.3,"hu8":"06010106","pid":"{0D60ABB5-7695-4B3C-B5A6-3F267AB151D9}"},"geometry":{"type":"MultiLineString","coordinates":[[[-83.1118,35.81042],[-83.11208,35.81239],[-83.11275,35.81291]]]}},{"type":"Feature","properties":{"kind":"minor-water","name":"Leatherwood Branch","ftype":460,"lengthKm":0.06,"hu8":"06010106","pid":"{80182CF8-EA06-4520-86BF-B860051D0B9F}"},"geometry":{"type":"MultiLineString","coordinates":[[[-82.99896,35.65861],[-82.99833,35.65886]]]}},{"type":"Feature","properties":{"kind":"minor-water","name":"Gray Branch","ftype":558,"lengthKm":0.01,"hu8":"06010106","pid":"{B900D102-C059-488B-BD6E-1B4957BA7781}"},"geometry":{"type":"MultiLineString","coordinates":[[[-83.21919,35.84519],[-83.21924,35.84525]]]}},{"type":"Feature","properties":{"kind":"minor-water","name":"Bald Creek","ftype":460,"lengthKm":0.08,"hu8":"06010106","pid":"132652960"},"geometry":{"type":"MultiLineString","coordinates":[[[-82.89595,35.62644],[-82.89651,35.62587]]]}},{"type":"Feature","properties":{"kind":"minor-water","name":"Kyker Branch","ftype":460,"lengthKm":0.32,"hu8":"06010106","pid":"132645186"},"geometry":{"type":"MultiLineString","coordinates":[[[-83.23928,35.89712],[-83.23592,35.89794]]]}},{"type":"Feature","properties":{"kind":"minor-water","name":"Dotson Branch","ftype":460,"lengthKm":0.26,"hu8":"06010106","pid":"132653618"},"geometry":{"type":"MultiLineString","coordinates":[[[-82.97123,35.60243],[-82.97079,35.60473]]]}},{"type":"Feature","properties":{"kind":"minor-water","name":"Pigeon River","ftype":558,"lengthKm":0.16,"hu8":"06010106","pid":"132654104"},"geometry":{"type":"MultiLineString","coordinates":[[[-82.95171,35.57124],[-82.95159,35.5727]]]}},{"type":"Feature","properties":{"kind":"minor-water","name":"Pheasant Branch","ftype":460,"lengthKm":0.89,"hu8":"06010106","pid":"132645449"},"geometry":{"type":"MultiLineString","coordinates":[[[-83.20738,35.85577],[-83.20778,35.85683],[-83.20866,35.85757],[-83.20752,35.85859],[-83.2076,35.8613],[-83.20847,35.86294]]]}},{"type":"Feature","properties":{"kind":"minor-water","name":"Puncheon Camp Branch","ftype":460,"lengthKm":0.2,"hu8":"06010106","pid":"132647486"},"geometry":{"type":"MultiLineString","coordinates":[[[-83.05377,35.75318],[-83.05384,35.75419],[-83.05457,35.75467]]]}},{"type":"Feature","properties":{"kind":"minor-water","name":"Crabtree Creek","ftype":460,"lengthKm":0.13,"hu8":"06010106","pid":"132653469"},"geometry":{"type":"MultiLineString","coordinates":[[[-82.90843,35.60398],[-82.90982,35.60359]]]}},{"type":"Feature","properties":{"kind":"minor-water","name":"Thickety Creek","ftype":460,"lengthKm":0.33,"hu8":"06010106","pid":"132654021"},"geometry":{"type":"MultiLineString","coordinates":[[[-82.86789,35.57054],[-82.86768,35.56993],[-82.86695,35.56951],[-82.86694,35.56794]]]}},{"type":"Feature","properties":{"kind":"minor-water","name":"Hurricane Creek","ftype":460,"lengthKm":0.4,"hu8":"06010106","pid":"132648232"},"geometry":{"type":"MultiLineString","coordinates":[[[-83.02562,35.72106],[-83.02608,35.72237],[-83.02654,35.72245],[-83.02809,35.72385]]]}},{"type":"Feature","properties":{"kind":"minor-water","name":"Wade Branch","ftype":460,"lengthKm":0.22,"hu8":"06010106","pid":"132653313"},"geometry":{"type":"MultiLineString","coordinates":[[[-82.86222,35.6075],[-82.86446,35.60825]]]}},{"type":"Feature","properties":{"kind":"minor-water","name":"Cherry Cove Creek","ftype":460,"lengthKm":0.26,"hu8":"06010106","pid":"132657684"},"geometry":{"type":"MultiLineString","coordinates":[[[-83.01127,35.3907],[-83.00909,35.39227]]]}},{"type":"Feature","properties":{"kind":"minor-water","name":"West Fork Campbell Creek","ftype":460,"lengthKm":0.54,"hu8":"06010106","pid":"132656584"},"geometry":{"type":"MultiLineString","coordinates":[[[-83.13461,35.46712],[-83.13292,35.46878],[-83.12994,35.47]]]}},{"type":"Feature","properties":{"kind":"minor-water","name":"Hurricane Creek","ftype":460,"lengthKm":0.32,"hu8":"06010106","pid":"132647872"},"geometry":{"type":"MultiLineString","coordinates":[[[-82.96525,35.73635],[-82.96599,35.73506],[-82.96743,35.73419]]]}},{"type":"Feature","properties":{"kind":"minor-water","name":"Lenoir Creek","ftype":558,"lengthKm":0.01,"hu8":"06010106","pid":"132656000"},"geometry":{"type":"MultiLineString","coordinates":[[[-82.84847,35.45862],[-82.84843,35.45873]]]}},{"type":"Feature","properties":{"kind":"minor-water","name":"Watertank Branch","ftype":460,"lengthKm":0.79,"hu8":"06010106","pid":"132645884"},"geometry":{"type":"MultiLineString","coordinates":[[[-83.1296,35.80893],[-83.13314,35.80661],[-83.13567,35.80393]]]}},{"type":"Feature","properties":{"kind":"minor-water","name":"Pigeon River","ftype":558,"lengthKm":0.72,"hu8":"06010106","pid":"132653190"},"geometry":{"type":"MultiLineString","coordinates":[[[-82.98731,35.62333],[-82.99116,35.62535],[-82.99458,35.62514]]]}},{"type":"Feature","properties":{"kind":"minor-water","name":"Pigeon River","ftype":558,"lengthKm":0.12,"hu8":"06010106","pid":"132653576"},"geometry":{"type":"MultiLineString","coordinates":[[[-82.95334,35.60185],[-82.9543,35.60253]]]}},{"type":"Feature","properties":{"kind":"minor-water","name":"Kyker Branch","ftype":460,"lengthKm":1.51,"hu8":"06010106","pid":"132645230"},"geometry":{"type":"MultiLineString","coordinates":[[[-83.27068,35.89617],[-83.2696,35.89577],[-83.26857,35.89496],[-83.26692,35.89467],[-83.26414,35.8929],[-83.26348,35.8917],[-83.26137,35.88996],[-83.25985,35.89073],[-83.25738,35.89039]]]}},{"type":"Feature","properties":{"kind":"minor-water","name":"Barnes Branch","ftype":460,"lengthKm":0.59,"hu8":"06010106","pid":"132646002"},"geometry":{"type":"MultiLineString","coordinates":[[[-83.14031,35.80004],[-83.13862,35.80096],[-83.13858,35.80176],[-83.13806,35.80254],[-83.13586,35.80336]]]}},{"type":"Feature","properties":{"kind":"minor-water","name":"Pigeon River","ftype":558,"lengthKm":0.15,"hu8":"06010106","pid":"132653370"},"geometry":{"type":"MultiLineString","coordinates":[[[-82.96615,35.6142],[-82.96746,35.61498]]]}},{"type":"Feature","properties":{"kind":"minor-water","name":"Sweetwater Creek","ftype":460,"lengthKm":0.12,"hu8":"06010106","pid":"132645132"},"geometry":{"type":"MultiLineString","coordinates":[[[-83.1592,35.90166],[-83.16052,35.90157]]]}},{"type":"Feature","properties":{"kind":"minor-water","name":"Pisgah Creek","ftype":460,"lengthKm":0.89,"hu8":"06010106","pid":"132656742"},"geometry":{"type":"MultiLineString","coordinates":[[[-82.78919,35.42094],[-82.79084,35.42258],[-82.79167,35.42293],[-82.78984,35.42536],[-82.79044,35.42633],[-82.79155,35.42708]]]}},{"type":"Feature","properties":{"kind":"minor-water","name":"English Creek","ftype":460,"lengthKm":1.21,"hu8":"06010106","pid":"132645092"},"geometry":{"type":"MultiLineString","coordinates":[[[-83.21105,35.91368],[-83.21059,35.91352],[-83.2092,35.91387],[-83.2074,35.91455],[-83.20582,35.91578],[-83.20431,35.9161],[-83.20056,35.91569],[-83.19887,35.91489]]]}},{"type":"Feature","properties":{"kind":"minor-water","name":"West Fork Pigeon River","ftype":558,"lengthKm":0.27,"hu8":"06010106","pid":"132657723"},"geometry":{"type":"MultiLineString","coordinates":[[[-82.93915,35.37966],[-82.93887,35.38206]]]}},{"type":"Feature","properties":{"kind":"minor-water","name":"Dry Branch","ftype":460,"lengthKm":1.44,"hu8":"06010106","pid":"132645783"},"geometry":{"type":"MultiLineString","coordinates":[[[-83.19951,35.82118],[-83.19684,35.82165],[-83.19493,35.82151],[-83.19278,35.8221],[-83.19198,35.82188],[-83.1903,35.82245],[-83.18607,35.82202],[-83.18515,35.82223],[-83.1847,35.82309]]]}},{"type":"Feature","properties":{"kind":"minor-water","name":"English Creek","ftype":558,"lengthKm":0.02,"hu8":"06010106","pid":"132644989"},"geometry":{"type":"MultiLineString","coordinates":[[[-83.17693,35.93828],[-83.17683,35.93842]]]}},{"type":"Feature","properties":{"kind":"minor-water","name":"Little East Fork Pigeon River","ftype":460,"lengthKm":0.22,"hu8":"06010106","pid":"132657360"},"geometry":{"type":"MultiLineString","coordinates":[[[-82.89869,35.40135],[-82.89896,35.40332]]]}},{"type":"Feature","properties":{"kind":"minor-water","name":"Big Beartrap Branch","ftype":460,"lengthKm":2.86,"hu8":"06010106","pid":"132657935"},"geometry":{"type":"MultiLineString","coordinates":[[[-82.96986,35.34607],[-82.9688,35.34482],[-82.96873,35.34295],[-82.96797,35.3426],[-82.9673,35.34185],[-82.96727,35.34103],[-82.96671,35.34084],[-82.96014,35.34138],[-82.95774,35.34325],[-82.9562,35.34377],[-82.95267,35.34387],[-82.95173,35.34354],[-82.94933,35.34343],[-82.94742,35.34358],[-82.94575,35.34431],[-82.94484,35.34515]]]}},{"type":"Feature","properties":{"kind":"minor-water","name":"Jonathans Creek","ftype":558,"lengthKm":0.2,"hu8":"06010106","pid":"132655343"},"geometry":{"type":"MultiLineString","coordinates":[[[-83.06681,35.51409],[-83.0656,35.51449],[-83.06537,35.51522]]]}},{"type":"Feature","properties":{"kind":"minor-water","name":"Browning Branch","ftype":460,"lengthKm":1.71,"hu8":"06010106","pid":"132656876"},"geometry":{"type":"MultiLineString","coordinates":[[[-82.97205,35.43526],[-82.97274,35.43621],[-82.97317,35.43849],[-82.97495,35.43981],[-82.97859,35.44153],[-82.98329,35.44142],[-82.98648,35.44231]]]}},{"type":"Feature","properties":{"kind":"minor-water","name":"O'Neil Branch","ftype":460,"lengthKm":0.56,"hu8":"06010106","pid":"132644897"},"geometry":{"type":"MultiLineString","coordinates":[[[-83.24624,35.97837],[-83.24575,35.97778],[-83.24424,35.9773],[-83.24278,35.97751],[-83.24077,35.9784]]]}},{"type":"Feature","properties":{"kind":"minor-water","name":"Long Branch","ftype":460,"lengthKm":0.38,"hu8":"06010106","pid":"132656217"},"geometry":{"type":"MultiLineString","coordinates":[[[-82.80675,35.44808],[-82.80879,35.44689],[-82.81052,35.44691]]]}},{"type":"Feature","properties":{"kind":"minor-water","name":"Dicks Branch","ftype":460,"lengthKm":0.12,"hu8":"06010106","pid":"{9DCE1A67-A7BA-44EE-9C77-A867F76BFE50}"},"geometry":{"type":"MultiLineString","coordinates":[[[-83.06156,35.70725],[-83.06033,35.70759]]]}},{"type":"Feature","properties":{"kind":"minor-water","name":"Rogers Cove Creek","ftype":460,"lengthKm":1.04,"hu8":"06010106","pid":"132653870"},"geometry":{"type":"MultiLineString","coordinates":[[[-82.8957,35.57885],[-82.89586,35.57975],[-82.8954,35.58221],[-82.89371,35.58578],[-82.89359,35.58795]]]}},{"type":"Feature","properties":{"kind":"minor-water","name":"Cherry Cove Creek","ftype":460,"lengthKm":1.04,"hu8":"06010106","pid":"132657596"},"geometry":{"type":"MultiLineString","coordinates":[[[-83.00338,35.39789],[-83.00194,35.4009],[-83.00179,35.40259],[-83.00117,35.40422],[-83.00142,35.40696]]]}},{"type":"Feature","properties":{"kind":"minor-water","name":"Pigeon River","ftype":558,"lengthKm":0.76,"hu8":"06010106","pid":"132654303"},"geometry":{"type":"MultiLineString","coordinates":[[[-82.95058,35.55785],[-82.9525,35.55958],[-82.95569,35.56329]]]}},{"type":"Feature","properties":{"kind":"minor-water","name":"Boomer Inn Branch","ftype":460,"lengthKm":0.99,"hu8":"06010106","pid":"132657809"},"geometry":{"type":"MultiLineString","coordinates":[[[-82.97398,35.37898],[-82.97135,35.37679],[-82.96724,35.37488],[-82.96559,35.37345]]]}},{"type":"Feature","properties":{"kind":"minor-water","name":"Deep Gap Branch","ftype":460,"lengthKm":2.66,"hu8":"06010106","pid":"132655340"},"geometry":{"type":"MultiLineString","coordinates":[[[-83.15051,35.54644],[-83.15139,35.54506],[-83.15141,35.5437],[-83.15121,35.54265],[-83.15008,35.54084],[-83.14994,35.53954],[-83.15023,35.53818],[-83.15146,35.53577],[-83.15098,35.53344],[-83.15153,35.53209],[-83.15138,35.53031],[-83.15197,35.52919],[-83.15248,35.52559],[-83.15438,35.52401]]]}},{"type":"Feature","properties":{"kind":"minor-water","name":"Sinking Creek","ftype":460,"lengthKm":0.04,"hu8":"06010106","pid":"132645016"},"geometry":{"type":"MultiLineString","coordinates":[[[-83.25636,35.94117],[-83.25675,35.94129]]]}},{"type":"Feature","properties":{"kind":"minor-water","name":"Stamey Cove Branch","ftype":460,"lengthKm":0.69,"hu8":"06010106","pid":"132655052"},"geometry":{"type":"MultiLineString","coordinates":[[[-82.87376,35.51216],[-82.86914,35.50967],[-82.86705,35.50943]]]}},{"type":"Feature","properties":{"kind":"minor-water","name":"Indian Creek","ftype":460,"lengthKm":1.28,"hu8":"06010106","pid":"132655076"},"geometry":{"type":"MultiLineString","coordinates":[[[-83.13232,35.54764],[-83.13348,35.54499],[-83.13489,35.54],[-83.13775,35.53731]]]}},{"type":"Feature","properties":{"kind":"minor-water","name":"Long Branch","ftype":460,"lengthKm":0.03,"hu8":"06010106","pid":"132654142"},"geometry":{"type":"MultiLineString","coordinates":[[[-82.9416,35.56737],[-82.94188,35.56742]]]}},{"type":"Feature","properties":{"kind":"minor-water","name":"Rough Creek","ftype":460,"lengthKm":0.37,"hu8":"06010106","pid":"132653523"},"geometry":{"type":"MultiLineString","coordinates":[[[-82.84536,35.59615],[-82.84689,35.59396],[-82.84696,35.59314]]]}},{"type":"Feature","properties":{"kind":"minor-water","name":"Richland Creek","ftype":558,"lengthKm":1.12,"hu8":"06010106","pid":"132654977"},"geometry":{"type":"MultiLineString","coordinates":[[[-82.97448,35.52639],[-82.97285,35.527],[-82.97153,35.52703],[-82.96811,35.5256],[-82.96678,35.52552],[-82.9657,35.52624],[-82.96466,35.52654],[-82.96374,35.52762]]]}},{"type":"Feature","properties":{"kind":"minor-water","name":"Beaverdam Creek","ftype":460,"lengthKm":1.55,"hu8":"06010106","pid":"132654351"},"geometry":{"type":"MultiLineString","coordinates":[[[-82.83593,35.55195],[-82.8363,35.55152],[-82.83757,35.55107],[-82.83887,35.5518],[-82.83994,35.55183],[-82.84062,35.55116],[-82.84138,35.5509],[-82.84119,35.55014],[-82.84165,35.54929],[-82.84172,35.54816],[-82.8402,35.5461],[-82.84019,35.54522],[-82.84237,35.54346]]]}},{"type":"Feature","properties":{"kind":"minor-water","name":"East Fork Pigeon River","ftype":558,"lengthKm":0.14,"hu8":"06010106","pid":"132656182"},"geometry":{"type":"MultiLineString","coordinates":[[[-82.83208,35.45017],[-82.83358,35.45049]]]}},{"type":"Feature","properties":{"kind":"minor-water","name":"West Fork Pigeon River","ftype":558,"lengthKm":0.37,"hu8":"06010106","pid":"132657851"},"geometry":{"type":"MultiLineString","coordinates":[[[-82.92139,35.36382],[-82.92388,35.36454],[-82.9252,35.36409]]]}},{"type":"Feature","properties":{"kind":"minor-water","name":"Burnett Creek","ftype":460,"lengthKm":0.42,"hu8":"06010106","pid":"132656339"},"geometry":{"type":"MultiLineString","coordinates":[[[-82.83316,35.44344],[-82.83475,35.44695]]]}},{"type":"Feature","properties":{"kind":"minor-water","name":"Richland Creek","ftype":460,"lengthKm":0.38,"hu8":"06010106","pid":"132656830"},"geometry":{"type":"MultiLineString","coordinates":[[[-83.06666,35.44771],[-83.06506,35.44887],[-83.06401,35.44912],[-83.06326,35.44964]]]}},{"type":"Feature","properties":{"kind":"minor-water","name":"East Fork Pigeon River","ftype":558,"lengthKm":0.44,"hu8":"06010106","pid":"132656778"},"geometry":{"type":"MultiLineString","coordinates":[[[-82.81186,35.42184],[-82.81125,35.42429],[-82.81155,35.42483],[-82.8124,35.42527]]]}},{"type":"Feature","properties":{"kind":"minor-water","name":"Pheasant Branch","ftype":460,"lengthKm":0.81,"hu8":"06010106","pid":"132645290"},"geometry":{"type":"MultiLineString","coordinates":[[[-83.20975,35.87312],[-83.20977,35.87379],[-83.21179,35.87631],[-83.21144,35.87681],[-83.21351,35.87932]]]}},{"type":"Feature","properties":{"kind":"minor-water","name":"Browning Branch","ftype":460,"lengthKm":1.43,"hu8":"06010106","pid":"132656724"},"geometry":{"type":"MultiLineString","coordinates":[[[-82.9966,35.44482],[-82.99813,35.44619],[-82.99921,35.4496],[-83.00001,35.45071],[-83.0001,35.45258],[-83.0014,35.45416],[-83.00119,35.45565],[-83.00152,35.45649]]]}},{"type":"Feature","properties":{"kind":"minor-water","name":"Sam Branch","ftype":460,"lengthKm":0.75,"hu8":"06010106","pid":"132656626"},"geometry":{"type":"MultiLineString","coordinates":[[[-82.94884,35.44763],[-82.94667,35.44652],[-82.94363,35.44428],[-82.94214,35.44383]]]}},{"type":"Feature","properties":{"kind":"minor-water","name":"Middle Prong West Fork Pigeon River","ftype":460,"lengthKm":0.18,"hu8":"06010106","pid":"132657919"},"geometry":{"type":"MultiLineString","coordinates":[[[-82.94484,35.34515],[-82.94485,35.34591],[-82.94437,35.34668]]]}},{"type":"Feature","properties":{"kind":"minor-water","name":"Sinking Creek","ftype":460,"lengthKm":0.33,"hu8":"06010106","pid":"132645026"},"geometry":{"type":"MultiLineString","coordinates":[[[-83.26074,35.93597],[-83.25952,35.93807],[-83.25867,35.93813]]]}},{"type":"Feature","properties":{"kind":"minor-water","name":"Richland Creek","ftype":558,"lengthKm":0.37,"hu8":"06010106","pid":"132655630"},"geometry":{"type":"MultiLineString","coordinates":[[[-82.99954,35.48902],[-82.99856,35.48993],[-82.996,35.49043]]]}},{"type":"Feature","properties":{"kind":"minor-water","name":"North Prong Shining Creek","ftype":460,"lengthKm":0.88,"hu8":"06010106","pid":"132657827"},"geometry":{"type":"MultiLineString","coordinates":[[[-82.85239,35.36249],[-82.85116,35.36202],[-82.84794,35.3595],[-82.84685,35.35917],[-82.84476,35.3577]]]}},{"type":"Feature","properties":{"kind":"minor-water","name":"Right Hand Prong West Fork Pigeon River","ftype":460,"lengthKm":1.31,"hu8":"06010106","pid":"132657838"},"geometry":{"type":"MultiLineString","coordinates":[[[-82.9516,35.36836],[-82.95088,35.36883],[-82.94778,35.36973],[-82.94603,35.37116],[-82.94439,35.37125],[-82.94263,35.37092],[-82.94208,35.37112],[-82.94125,35.37079],[-82.93953,35.37082],[-82.93861,35.37037]]]}},{"type":"Feature","properties":{"kind":"minor-water","name":"Pisgah Creek","ftype":460,"lengthKm":0.17,"hu8":"06010106","pid":"132656856"},"geometry":{"type":"MultiLineString","coordinates":[[[-82.78037,35.41465],[-82.78111,35.41542],[-82.78183,35.41535]]]}},{"type":"Feature","properties":{"kind":"minor-water","name":"Jonathans Creek","ftype":558,"lengthKm":1.07,"hu8":"06010106","pid":"132655323"},"geometry":{"type":"MultiLineString","coordinates":[[[-83.06358,35.51598],[-83.06126,35.51686],[-83.05944,35.51796],[-83.05713,35.51818],[-83.0545,35.51769],[-83.05263,35.51832]]]}},{"type":"Feature","properties":{"kind":"minor-water","name":"Richland Creek","ftype":460,"lengthKm":0.72,"hu8":"06010106","pid":"132657114"},"geometry":{"type":"MultiLineString","coordinates":[[[-83.07599,35.43484],[-83.0763,35.43581],[-83.07606,35.43673],[-83.07342,35.43936],[-83.07275,35.4404]]]}},{"type":"Feature","properties":{"kind":"minor-water","name":"Fie Creek","ftype":460,"lengthKm":0.26,"hu8":"06010106","pid":"132654897"},"geometry":{"type":"MultiLineString","coordinates":[[[-83.10365,35.5478],[-83.10421,35.54703],[-83.10457,35.54563]]]}},{"type":"Feature","properties":{"kind":"minor-water","name":"Big Branch","ftype":460,"lengthKm":0.61,"hu8":"06010106","pid":"132653953"},"geometry":{"type":"MultiLineString","coordinates":[[[-82.93073,35.57944],[-82.93213,35.57992],[-82.93528,35.57924],[-82.93676,35.58025]]]}},{"type":"Feature","properties":{"kind":"minor-water","name":"O'Neil Branch","ftype":460,"lengthKm":0.52,"hu8":"06010106","pid":"132644894"},"geometry":{"type":"MultiLineString","coordinates":[[[-83.25017,35.97997],[-83.24881,35.98076],[-83.24816,35.9807],[-83.24624,35.97837]]]}},{"type":"Feature","properties":{"kind":"minor-water","name":"Coldspring Branch","ftype":460,"lengthKm":0.07,"hu8":"06010106","pid":"132645200"},"geometry":{"type":"MultiLineString","coordinates":[[[-83.24522,35.89662],[-83.24468,35.89621]]]}},{"type":"Feature","properties":{"kind":"minor-water","name":"Fall Branch","ftype":460,"lengthKm":0.15,"hu8":"06010106","pid":"132647096"},"geometry":{"type":"MultiLineString","coordinates":[[[-82.96963,35.75461],[-82.97101,35.75534]]]}},{"type":"Feature","properties":{"kind":"minor-water","name":"Dry Branch","ftype":460,"lengthKm":0.65,"hu8":"06010106","pid":"132657761"},"geometry":{"type":"MultiLineString","coordinates":[[[-82.82626,35.36412],[-82.82262,35.36367],[-82.81915,35.36421]]]}},{"type":"Feature","properties":{"kind":"minor-water","name":"Richland Creek","ftype":558,"lengthKm":0.63,"hu8":"06010106","pid":"132654656"},"geometry":{"type":"MultiLineString","coordinates":[[[-82.94868,35.54203],[-82.94813,35.54216],[-82.94747,35.54322],[-82.94857,35.54567],[-82.94709,35.54646]]]}},{"type":"Feature","properties":{"kind":"minor-water","name":"Crabtree Creek","ftype":558,"lengthKm":0.02,"hu8":"06010106","pid":"132653608"},"geometry":{"type":"MultiLineString","coordinates":[[[-82.95093,35.60057],[-82.95112,35.6005]]]}},{"type":"Feature","properties":{"kind":"minor-water","name":"West Fork Pigeon River","ftype":558,"lengthKm":0.09,"hu8":"06010106","pid":"132656433"},"geometry":{"type":"MultiLineString","coordinates":[[[-82.90589,35.44802],[-82.90571,35.44884]]]}},{"type":"Feature","properties":{"kind":"minor-water","name":"Pisgah Creek","ftype":460,"lengthKm":1.02,"hu8":"06010106","pid":"132656798"},"geometry":{"type":"MultiLineString","coordinates":[[[-82.80248,35.42454],[-82.80299,35.42372],[-82.80433,35.42321],[-82.80425,35.42151],[-82.80516,35.42094],[-82.80655,35.42083],[-82.80748,35.42146],[-82.80832,35.4216],[-82.81024,35.42122]]]}},{"type":"Feature","properties":{"kind":"minor-water","name":"Pigeon River","ftype":558,"lengthKm":0.77,"hu8":"06010106","pid":"132654478"},"geometry":{"type":"MultiLineString","coordinates":[[[-82.9398,35.54921],[-82.94192,35.55093],[-82.9439,35.5514],[-82.9445,35.55131],[-82.94554,35.55031],[-82.94664,35.54992]]]}},{"type":"Feature","properties":{"kind":"minor-water","name":"East Fork Pigeon River","ftype":558,"lengthKm":0.22,"hu8":"06010106","pid":"132657008"},"geometry":{"type":"MultiLineString","coordinates":[[[-82.81125,35.41315],[-82.81262,35.41311],[-82.81356,35.41358]]]}},{"type":"Feature","properties":{"kind":"minor-water","name":"Little East Fork Pigeon River","ftype":460,"lengthKm":0.47,"hu8":"06010106","pid":"132657235"},"geometry":{"type":"MultiLineString","coordinates":[[[-82.90469,35.41078],[-82.90591,35.41177],[-82.90673,35.41454]]]}},{"type":"Feature","properties":{"kind":"minor-water","name":"Liner Creek","ftype":460,"lengthKm":0.21,"hu8":"06010106","pid":"132653363"},"geometry":{"type":"MultiLineString","coordinates":[[[-82.88562,35.60615],[-82.88727,35.6057],[-82.88777,35.60584]]]}},{"type":"Feature","properties":{"kind":"minor-water","name":"Sweetwater Creek","ftype":460,"lengthKm":0.51,"hu8":"06010106","pid":"132645127"},"geometry":{"type":"MultiLineString","coordinates":[[[-83.15262,35.90267],[-83.15399,35.9026],[-83.15604,35.90181],[-83.15806,35.90166]]]}},{"type":"Feature","properties":{"kind":"minor-water","name":"Richland Creek","ftype":460,"lengthKm":1.51,"hu8":"06010106","pid":"132656474"},"geometry":{"type":"MultiLineString","coordinates":[[[-83.02133,35.459],[-83.01838,35.45946],[-83.01639,35.45871],[-83.01402,35.4595],[-83.0114,35.46165],[-83.01084,35.46494],[-83.01127,35.4658]]]}},{"type":"Feature","properties":{"kind":"minor-water","name":"Raccoon Creek","ftype":460,"lengthKm":0.38,"hu8":"06010106","pid":"132655821"},"geometry":{"type":"MultiLineString","coordinates":[[[-82.9528,35.47458],[-82.95675,35.47583]]]}},{"type":"Feature","properties":{"kind":"minor-water","name":"Painter Branch","ftype":460,"lengthKm":0.35,"hu8":"06010106","pid":"132646281"},"geometry":{"type":"MultiLineString","coordinates":[[[-83.07638,35.78834],[-83.07619,35.78796],[-83.07697,35.78619],[-83.07689,35.78533]]]}},{"type":"Feature","properties":{"kind":"minor-water","name":"Hurricane Creek","ftype":460,"lengthKm":0.29,"hu8":"06010106","pid":"132647886"},"geometry":{"type":"MultiLineString","coordinates":[[[-82.97211,35.7312],[-82.97277,35.73099],[-82.97317,35.73129],[-82.97448,35.7314],[-82.97511,35.73117]]]}},{"type":"Feature","properties":{"kind":"minor-water","name":"English Creek","ftype":460,"lengthKm":0.93,"hu8":"06010106","pid":"132645169"},"geometry":{"type":"MultiLineString","coordinates":[[[-83.23603,35.90015],[-83.23554,35.90001],[-83.23449,35.90046],[-83.23392,35.90107],[-83.23286,35.90102],[-83.23216,35.90159],[-83.2319,35.9024],[-83.23089,35.90254],[-83.23037,35.90222],[-83.22988,35.90243],[-83.22852,35.90397]]]}},{"type":"Feature","properties":{"kind":"minor-water","name":"Patton Branch","ftype":460,"lengthKm":0.6,"hu8":"06010106","pid":"132654682"},"geometry":{"type":"MultiLineString","coordinates":[[[-82.86708,35.53223],[-82.87066,35.53211],[-82.87234,35.53263],[-82.87322,35.53339]]]}},{"type":"Feature","properties":{"kind":"minor-water","name":"Garden Creek","ftype":460,"lengthKm":0.12,"hu8":"06010106","pid":"132655423"},"geometry":{"type":"MultiLineString","coordinates":[[[-82.84463,35.48566],[-82.84497,35.48667]]]}},{"type":"Feature","properties":{"kind":"minor-water","name":"Nick Creek","ftype":460,"lengthKm":0.7,"hu8":"06010106","pid":"132656774"},"geometry":{"type":"MultiLineString","coordinates":[[[-82.95824,35.43829],[-82.95657,35.43902],[-82.95351,35.43915],[-82.95112,35.4402]]]}},{"type":"Feature","properties":{"kind":"minor-water","name":"Poison Cove Branch","ftype":460,"lengthKm":3.05,"hu8":"06010106","pid":"132655562"},"geometry":{"type":"MultiLineString","coordinates":[[[-82.85609,35.47798],[-82.85739,35.47928],[-82.85945,35.47968],[-82.86159,35.48066],[-82.8623,35.48177],[-82.86362,35.48256],[-82.86412,35.48561],[-82.86636,35.48843],[-82.86834,35.49],[-82.8692,35.49121],[-82.86869,35.49412],[-82.86879,35.49605],[-82.87232,35.49947]]]}},{"type":"Feature","properties":{"kind":"minor-water","name":"Rough Creek","ftype":460,"lengthKm":2.39,"hu8":"06010106","pid":"132653730"},"geometry":{"type":"MultiLineString","coordinates":[[[-82.84696,35.59314],[-82.84565,35.59034],[-82.84436,35.589],[-82.83959,35.58581],[-82.83829,35.58357],[-82.83608,35.58273],[-82.83288,35.58308],[-82.82974,35.58134],[-82.82867,35.57996]]]}},{"type":"Feature","properties":{"kind":"minor-water","name":"Harley Branch","ftype":558,"lengthKm":0.01,"hu8":"06010106","pid":"132656100"},"geometry":{"type":"MultiLineString","coordinates":[[[-82.82308,35.45093],[-82.82315,35.45093]]]}},{"type":"Feature","properties":{"kind":"minor-water","name":"Barnes Branch","ftype":460,"lengthKm":0.81,"hu8":"06010106","pid":"132646583"},"geometry":{"type":"MultiLineString","coordinates":[[[-83.15867,35.78743],[-83.15614,35.78931],[-83.15579,35.79068],[-83.15389,35.79084],[-83.15238,35.79182]]]}},{"type":"Feature","properties":{"kind":"minor-water","name":"Hurricane Creek","ftype":460,"lengthKm":0.34,"hu8":"06010106","pid":"132647960"},"geometry":{"type":"MultiLineString","coordinates":[[[-82.97676,35.73035],[-82.97887,35.7306],[-82.9803,35.72997]]]}},{"type":"Feature","properties":{"kind":"minor-water","name":"Richland Creek","ftype":460,"lengthKm":0.06,"hu8":"06010106","pid":"132656652"},"geometry":{"type":"MultiLineString","coordinates":[[[-83.0492,35.45438],[-83.04855,35.45451]]]}},{"type":"Feature","properties":{"kind":"minor-water","name":"English Creek","ftype":460,"lengthKm":0.47,"hu8":"06010106","pid":"132645081"},"geometry":{"type":"MultiLineString","coordinates":[[[-83.19726,35.91529],[-83.19641,35.91598],[-83.19637,35.91695],[-83.19487,35.91889]]]}},{"type":"Feature","properties":{"kind":"minor-water","name":"Gray Branch","ftype":460,"lengthKm":1.36,"hu8":"06010106","pid":"132645634"},"geometry":{"type":"MultiLineString","coordinates":[[[-83.20955,35.83818],[-83.21237,35.83912],[-83.21546,35.83939],[-83.21758,35.84012],[-83.21797,35.84328],[-83.21829,35.84421],[-83.21919,35.84519]]]}},{"type":"Feature","properties":{"kind":"minor-water","name":"Crabtree Creek","ftype":460,"lengthKm":0.53,"hu8":"06010106","pid":"132653624"},"geometry":{"type":"MultiLineString","coordinates":[[[-82.92604,35.59803],[-82.92767,35.5974],[-82.92839,35.5989],[-82.93043,35.59912]]]}},{"type":"Feature","properties":{"kind":"minor-water","name":"Pigeon River","ftype":558,"lengthKm":0.56,"hu8":"06010106","pid":"132655038"},"geometry":{"type":"MultiLineString","coordinates":[[[-82.85788,35.50917],[-82.85577,35.51175],[-82.85626,35.51364]]]}},{"type":"Feature","properties":{"kind":"minor-water","name":"Hurricane Creek","ftype":460,"lengthKm":0.39,"hu8":"06010106","pid":"132647699"},"geometry":{"type":"MultiLineString","coordinates":[[[-82.95922,35.75009],[-82.96133,35.74966],[-82.96306,35.7487]]]}},{"type":"Feature","properties":{"kind":"minor-water","name":"Long Branch","ftype":460,"lengthKm":0.2,"hu8":"06010106","pid":"132656270"},"geometry":{"type":"MultiLineString","coordinates":[[[-82.81473,35.44578],[-82.8167,35.44498]]]}},{"type":"Feature","properties":{"kind":"minor-water","name":"Polecat Branch","ftype":460,"lengthKm":1.26,"hu8":"06010106","pid":"132645715"},"geometry":{"type":"MultiLineString","coordinates":[[[-83.17207,35.82437],[-83.17588,35.82415],[-83.17722,35.82533],[-83.17883,35.83013],[-83.17887,35.8309],[-83.1782,35.83165]]]}},{"type":"Feature","properties":{"kind":"minor-water","name":"Laurel Branch","ftype":460,"lengthKm":1.25,"hu8":"06010106","pid":"132653028"},"geometry":{"type":"MultiLineString","coordinates":[[[-83.0343,35.63734],[-83.03181,35.63909],[-83.02986,35.63983],[-83.02632,35.63977],[-83.02368,35.6403],[-83.02174,35.63954]]]}},{"type":"Feature","properties":{"kind":"minor-water","name":"Sam Branch","ftype":460,"lengthKm":1.81,"hu8":"06010106","pid":"132657933"},"geometry":{"type":"MultiLineString","coordinates":[[[-82.88417,35.33222],[-82.88605,35.33449],[-82.88659,35.3347],[-82.8878,35.33456],[-82.88937,35.33526],[-82.88972,35.33744],[-82.89087,35.33849],[-82.89317,35.33924],[-82.89406,35.33917],[-82.89597,35.33967],[-82.89845,35.34127]]]}},{"type":"Feature","properties":{"kind":"minor-water","name":"Fine Branch","ftype":460,"lengthKm":1.24,"hu8":"06010106","pid":"132645071"},"geometry":{"type":"MultiLineString","coordinates":[[[-83.20529,35.92533],[-83.20341,35.92467],[-83.20228,35.92366],[-83.20207,35.923],[-83.2014,35.92282],[-83.20112,35.92221],[-83.19805,35.91981],[-83.19487,35.91889]]]}},{"type":"Feature","properties":{"kind":"minor-water","name":"Hunter Branch","ftype":460,"lengthKm":0.63,"hu8":"06010106","pid":"132647911"},"geometry":{"type":"MultiLineString","coordinates":[[[-83.00788,35.73388],[-83.00957,35.73366],[-83.01028,35.73492],[-83.01345,35.73619]]]}},{"type":"Feature","properties":{"kind":"minor-water","name":"Raccoon Creek","ftype":460,"lengthKm":0.38,"hu8":"06010106","pid":"132655636"},"geometry":{"type":"MultiLineString","coordinates":[[[-82.96383,35.48424],[-82.96563,35.4873]]]}},{"type":"Feature","properties":{"kind":"minor-water","name":"Little East Fork Pigeon River","ftype":460,"lengthKm":0.39,"hu8":"06010106","pid":"132657516"},"geometry":{"type":"MultiLineString","coordinates":[[[-82.89731,35.39232],[-82.89724,35.394],[-82.8966,35.39504],[-82.89666,35.39569]]]}},{"type":"Feature","properties":{"kind":"minor-water","name":"Hurricane Creek","ftype":460,"lengthKm":0.14,"hu8":"06010106","pid":"132648210"},"geometry":{"type":"MultiLineString","coordinates":[[[-83.00339,35.71886],[-83.00478,35.71939]]]}},{"type":"Feature","properties":{"kind":"minor-water","name":"Plott Creek","ftype":460,"lengthKm":0.23,"hu8":"06010106","pid":"132655887"},"geometry":{"type":"MultiLineString","coordinates":[[[-83.0645,35.48519],[-83.06204,35.48457]]]}},{"type":"Feature","properties":{"kind":"minor-water","name":"Little Fall Branch","ftype":460,"lengthKm":0,"hu8":"06010106","pid":"{B1449F45-14E5-42BF-96FC-090CD89FEC7D}"},"geometry":{"type":"MultiLineString","coordinates":[[[-82.97708,35.75341],[-82.97705,35.75342]]]}},{"type":"Feature","properties":{"kind":"minor-water","name":"Shining Rock Creek","ftype":460,"lengthKm":2.46,"hu8":"06010106","pid":"132657775"},"geometry":{"type":"MultiLineString","coordinates":[[[-82.86767,35.36694],[-82.86991,35.36836],[-82.87212,35.36877],[-82.87381,35.37004],[-82.87707,35.37089],[-82.87882,35.37035],[-82.88098,35.37046],[-82.88164,35.36993],[-82.88318,35.36962],[-82.88399,35.36916],[-82.88525,35.36949],[-82.88599,35.3694],[-82.88643,35.36895],[-82.88807,35.36947],[-82.89231,35.36942]]]}},{"type":"Feature","properties":{"kind":"minor-water","name":"Peter Cove Branch","ftype":460,"lengthKm":1.53,"hu8":"06010106","pid":"132655750"},"geometry":{"type":"MultiLineString","coordinates":[[[-82.90265,35.48267],[-82.90004,35.47953],[-82.8998,35.47838],[-82.90005,35.47671],[-82.8989,35.47498],[-82.89848,35.47288],[-82.89735,35.47113],[-82.89719,35.4701]]]}},{"type":"Feature","properties":{"kind":"minor-water","name":"Maddron Creek","ftype":460,"lengthKm":0.66,"hu8":"06010106","pid":"132648054"},"geometry":{"type":"MultiLineString","coordinates":[[[-83.27341,35.75397],[-83.27482,35.75549],[-83.27503,35.75649],[-83.27643,35.75786],[-83.27681,35.75905]]]}},{"type":"Feature","properties":{"kind":"minor-water","name":"Garden Creek","ftype":460,"lengthKm":0.73,"hu8":"06010106","pid":"132655174"},"geometry":{"type":"MultiLineString","coordinates":[[[-82.84786,35.49984],[-82.84871,35.50098],[-82.8487,35.50245],[-82.85144,35.50461],[-82.85168,35.50525]]]}},{"type":"Feature","properties":{"kind":"minor-water","name":"Beantown Creek","ftype":460,"lengthKm":0.1,"hu8":"06010106","pid":"{6E91B657-D3AE-401E-8A06-BEF98853402F}"},"geometry":{"type":"MultiLineString","coordinates":[[[-83.04594,35.58283],[-83.04509,35.5823]]]}},{"type":"Feature","properties":{"kind":"minor-water","name":"Harley Branch","ftype":460,"lengthKm":0.61,"hu8":"06010106","pid":"132656114"},"geometry":{"type":"MultiLineString","coordinates":[[[-82.81912,35.45543],[-82.81942,35.45433],[-82.82077,35.45333],[-82.8222,35.4507]]]}},{"type":"Feature","properties":{"kind":"minor-water","name":"Mingus Branch","ftype":460,"lengthKm":0.76,"hu8":"06010106","pid":"132654634"},"geometry":{"type":"MultiLineString","coordinates":[[[-82.85132,35.53277],[-82.84948,35.53306],[-82.84789,35.53387],[-82.84637,35.53627],[-82.84541,35.537]]]}},{"type":"Feature","properties":{"kind":"minor-water","name":"Cherry Cove Creek","ftype":460,"lengthKm":0.12,"hu8":"06010106","pid":"132657616"},"geometry":{"type":"MultiLineString","coordinates":[[[-83.0048,35.39712],[-83.00362,35.39767]]]}},{"type":"Feature","properties":{"kind":"minor-water","name":"Richland Creek","ftype":558,"lengthKm":0.03,"hu8":"06010106","pid":"132655839"},"geometry":{"type":"MultiLineString","coordinates":[[[-83.00867,35.48013],[-83.00844,35.4803]]]}},{"type":"Feature","properties":{"kind":"minor-water","name":"West Fork Pigeon River","ftype":558,"lengthKm":0.11,"hu8":"06010106","pid":"132657508"},"geometry":{"type":"MultiLineString","coordinates":[[[-82.93725,35.39735],[-82.93604,35.39765]]]}},{"type":"Feature","properties":{"kind":"minor-water","name":"Indian Branch","ftype":460,"lengthKm":2.06,"hu8":"06010106","pid":"132652652"},"geometry":{"type":"MultiLineString","coordinates":[[[-82.90833,35.65263],[-82.90373,35.65321],[-82.90234,35.65289],[-82.89644,35.6503],[-82.89513,35.6492],[-82.89379,35.64724],[-82.89265,35.64725],[-82.89124,35.6479],[-82.88909,35.64679]]]}},{"type":"Feature","properties":{"kind":"minor-water","name":"Hurricane Creek","ftype":460,"lengthKm":0.21,"hu8":"06010106","pid":"132648180"},"geometry":{"type":"MultiLineString","coordinates":[[[-83.00002,35.72037],[-83.00064,35.71943],[-83.00147,35.71898]]]}},{"type":"Feature","properties":{"kind":"minor-water","name":"Pigeon River","ftype":558,"lengthKm":0.32,"hu8":"06010106","pid":"132653999"},"geometry":{"type":"MultiLineString","coordinates":[[[-82.94818,35.57812],[-82.94667,35.5786],[-82.94545,35.57984]]]}},{"type":"Feature","properties":{"kind":"minor-water","name":"Conner Mill Branch","ftype":558,"lengthKm":0.01,"hu8":"06010106","pid":"132654714"},"geometry":{"type":"MultiLineString","coordinates":[[[-82.90771,35.53508],[-82.90777,35.53518]]]}},{"type":"Feature","properties":{"kind":"minor-water","name":"Liner Creek","ftype":460,"lengthKm":0.4,"hu8":"06010106","pid":"132652954"},"geometry":{"type":"MultiLineString","coordinates":[[[-82.86451,35.62601],[-82.86478,35.62356],[-82.86441,35.62307],[-82.86446,35.6225]]]}},{"type":"Feature","properties":{"kind":"minor-water","name":"Rocky Branch","ftype":558,"lengthKm":0.06,"hu8":"06010106","pid":"132657112"},"geometry":{"type":"MultiLineString","coordinates":[[[-83.01254,35.42802],[-83.01192,35.42805]]]}},{"type":"Feature","properties":{"kind":"minor-water","name":"Conner Mill Branch","ftype":460,"lengthKm":1,"hu8":"06010106","pid":"132655269"},"geometry":{"type":"MultiLineString","coordinates":[[[-82.90368,35.50199],[-82.90588,35.50539],[-82.9059,35.50611],[-82.90552,35.50627],[-82.90558,35.50738],[-82.90685,35.50897],[-82.90673,35.51007]]]}},{"type":"Feature","properties":{"kind":"minor-water","name":"Snake Branch","ftype":460,"lengthKm":1.7,"hu8":"06010106","pid":"132653920"},"geometry":{"type":"MultiLineString","coordinates":[[[-83.07704,35.59472],[-83.08126,35.59616],[-83.08219,35.59711],[-83.08431,35.59798],[-83.0885,35.60192],[-83.08974,35.6026],[-83.09208,35.6033]]]}},{"type":"Feature","properties":{"kind":"minor-water","name":"Sam Branch","ftype":460,"lengthKm":0.9,"hu8":"06010106","pid":"132656562"},"geometry":{"type":"MultiLineString","coordinates":[[[-82.95729,35.45117],[-82.95631,35.45082],[-82.95506,35.44943],[-82.95349,35.44854],[-82.95222,35.44804],[-82.94884,35.44763]]]}},{"type":"Feature","properties":{"kind":"minor-water","name":"Jo Ab Branch","ftype":460,"lengthKm":1.49,"hu8":"06010106","pid":"132653305"},"geometry":{"type":"MultiLineString","coordinates":[[[-82.85134,35.61565],[-82.85197,35.61556],[-82.85297,35.61462],[-82.85685,35.61352],[-82.85809,35.61187],[-82.85963,35.61067],[-82.86271,35.60947],[-82.86446,35.60825]]]}},{"type":"Feature","properties":{"kind":"minor-water","name":"Thickety Creek","ftype":460,"lengthKm":0.8,"hu8":"06010106","pid":"132654249"},"geometry":{"type":"MultiLineString","coordinates":[[[-82.86413,35.55799],[-82.86466,35.55721],[-82.86372,35.55591],[-82.86456,35.55478],[-82.86607,35.55393],[-82.86637,35.55282],[-82.86707,35.55218]]]}},{"type":"Feature","properties":{"kind":"minor-water","name":"Sinking Creek","ftype":460,"lengthKm":1.36,"hu8":"06010106","pid":"132645107"},"geometry":{"type":"MultiLineString","coordinates":[[[-83.27574,35.91744],[-83.27011,35.9207],[-83.26982,35.92152],[-83.26912,35.9221],[-83.26904,35.92273],[-83.26702,35.9237],[-83.26667,35.92447],[-83.26536,35.92569]]]}},{"type":"Feature","properties":{"kind":"minor-water","name":"East Fork Pigeon River","ftype":558,"lengthKm":0.28,"hu8":"06010106","pid":"132656052"},"geometry":{"type":"MultiLineString","coordinates":[[[-82.86136,35.4589],[-82.86193,35.45784],[-82.86339,35.45727]]]}},{"type":"Feature","properties":{"kind":"minor-water","name":"Chinquapin Branch","ftype":460,"lengthKm":0.51,"hu8":"06010106","pid":"132656439"},"geometry":{"type":"MultiLineString","coordinates":[[[-82.79369,35.43875],[-82.79406,35.43859],[-82.79435,35.4378],[-82.79549,35.43705],[-82.79625,35.43493]]]}},{"type":"Feature","properties":{"kind":"minor-water","name":"Pigeon River","ftype":558,"lengthKm":0.26,"hu8":"06010106","pid":"132653610"},"geometry":{"type":"MultiLineString","coordinates":[[[-82.95112,35.6005],[-82.95187,35.60126],[-82.95334,35.60185]]]}},{"type":"Feature","properties":{"kind":"minor-water","name":"Dry Branch","ftype":558,"lengthKm":0.03,"hu8":"06010106","pid":"{D5090694-E058-45AF-A506-21E117D73B91}"},"geometry":{"type":"MultiLineString","coordinates":[[[-83.18238,35.82371],[-83.1821,35.82381]]]}},{"type":"Feature","properties":{"kind":"minor-water","name":"Snake Branch","ftype":460,"lengthKm":0.25,"hu8":"06010106","pid":"{02D40452-82CD-4379-9088-05DF4B925FED}"},"geometry":{"type":"MultiLineString","coordinates":[[[-83.09953,35.60294],[-83.10056,35.60301],[-83.10136,35.6037],[-83.10194,35.6037]]]}},{"type":"Feature","properties":{"kind":"minor-water","name":"Dicks Branch","ftype":558,"lengthKm":0.02,"hu8":"06010106","pid":"{9B360828-60F0-4533-857E-C81A1FFCEAFF}"},"geometry":{"type":"MultiLineString","coordinates":[[[-83.03772,35.7164],[-83.03761,35.71653]]]}},{"type":"Feature","properties":{"kind":"minor-water","name":"Dicks Branch","ftype":460,"lengthKm":0.04,"hu8":"06010106","pid":"{A82B1317-A535-42A4-9FAB-F4282A83CC96}"},"geometry":{"type":"MultiLineString","coordinates":[[[-83.04753,35.71534],[-83.04715,35.71542]]]}},{"type":"Feature","properties":{"kind":"minor-water","name":"Dicks Branch","ftype":460,"lengthKm":0.07,"hu8":"06010106","pid":"{FC7B0694-74C9-43BE-9F41-7DA7E1449191}"},"geometry":{"type":"MultiLineString","coordinates":[[[-83.04405,35.7157],[-83.04341,35.71528]]]}},{"type":"Feature","properties":{"kind":"minor-water","name":"Beantown Creek","ftype":460,"lengthKm":0.07,"hu8":"06010106","pid":"{1223355F-4936-49B2-942B-D1965229E003}"},"geometry":{"type":"MultiLineString","coordinates":[[[-83.031,35.56687],[-83.03025,35.56701]]]}},{"type":"Feature","properties":{"kind":"minor-water","name":"Polly Elbert Branch","ftype":558,"lengthKm":0.13,"hu8":"06010106","pid":"{2FEF9B95-0BBC-4B4E-982A-7C3DEBA1FBBB}"},"geometry":{"type":"MultiLineString","coordinates":[[[-83.19628,35.87841],[-83.19687,35.87905],[-83.19733,35.87902]]]}},{"type":"Feature","properties":{"kind":"minor-water","name":"Watertank Branch","ftype":460,"lengthKm":0.37,"hu8":"06010106","pid":"{14392ABB-2DD5-4B73-8B56-C9C988DE8FCA}"},"geometry":{"type":"MultiLineString","coordinates":[[[-83.12617,35.81059],[-83.12744,35.81035],[-83.1296,35.80893]]]}},{"type":"Feature","properties":{"kind":"minor-water","name":"Dicks Branch","ftype":460,"lengthKm":0.15,"hu8":"06010106","pid":"{EAE09D11-0868-4685-A939-35E54577897C}"},"geometry":{"type":"MultiLineString","coordinates":[[[-83.06613,35.70635],[-83.06585,35.70687],[-83.06493,35.70713]]]}},{"type":"Feature","properties":{"kind":"minor-water","name":"Hurricane Creek","ftype":460,"lengthKm":0.05,"hu8":"06010106","pid":"{74531681-8980-4436-A291-A8D8C5F737DD}"},"geometry":{"type":"MultiLineString","coordinates":[[[-83.02304,35.71892],[-83.02355,35.71893]]]}},{"type":"Feature","properties":{"kind":"minor-water","name":"Hurricane Creek","ftype":460,"lengthKm":0.11,"hu8":"06010106","pid":"{2B7EFFC1-56D3-439A-9B86-0EB1F1BDD4C9}"},"geometry":{"type":"MultiLineString","coordinates":[[[-83.00548,35.71872],[-83.00632,35.71798]]]}},{"type":"Feature","properties":{"kind":"minor-water","name":"Hurricane Creek","ftype":460,"lengthKm":0.11,"hu8":"06010106","pid":"{20DEDECB-EBD9-465D-B09D-3130AC88917F}"},"geometry":{"type":"MultiLineString","coordinates":[[[-82.9803,35.72997],[-82.98134,35.72948]]]}},{"type":"Feature","properties":{"kind":"minor-water","name":"Hurricane Creek","ftype":460,"lengthKm":0.11,"hu8":"06010106","pid":"{2D1544E6-F651-4F68-B6E3-37F08C4FE2EF}"},"geometry":{"type":"MultiLineString","coordinates":[[[-82.96342,35.74641],[-82.96404,35.74551]]]}},{"type":"Feature","properties":{"kind":"minor-water","name":"Hurricane Creek","ftype":460,"lengthKm":0.05,"hu8":"06010106","pid":"{0E20DBF6-DE11-407D-98A1-E277C41B89D5}"},"geometry":{"type":"MultiLineString","coordinates":[[[-82.96312,35.74723],[-82.9631,35.74682]]]}},{"type":"Feature","properties":{"kind":"minor-water","name":"Puncheon Camp Branch","ftype":460,"lengthKm":0.49,"hu8":"06010106","pid":"{D7972662-724C-4D8B-A46C-9167CB73F0FF}"},"geometry":{"type":"MultiLineString","coordinates":[[[-83.05065,35.74447],[-83.05165,35.74712],[-83.05145,35.74879]]]}},{"type":"Feature","properties":{"kind":"minor-water","name":"Fall Branch","ftype":460,"lengthKm":0.16,"hu8":"06010106","pid":"{BC216735-0915-4C01-91ED-FD973997859E}"},"geometry":{"type":"MultiLineString","coordinates":[[[-82.96832,35.75364],[-82.96963,35.75461]]]}},{"type":"Feature","properties":{"kind":"minor-water","name":"Little Fall Branch","ftype":460,"lengthKm":0.12,"hu8":"06010106","pid":"{F418F55F-7466-4D2C-B70C-C8DFDDD8DC83}"},"geometry":{"type":"MultiLineString","coordinates":[[[-82.98138,35.76078],[-82.98274,35.76068]]]}},{"type":"Feature","properties":{"kind":"minor-water","name":"Painter Branch","ftype":460,"lengthKm":0.03,"hu8":"06010106","pid":"{65AC219A-89FE-4F7A-8D82-28273C7A3E1E}"},"geometry":{"type":"MultiLineString","coordinates":[[[-83.0796,35.78407],[-83.07989,35.78397]]]}},{"type":"Feature","properties":{"kind":"minor-water","name":"Leatherwood Branch","ftype":460,"lengthKm":0.29,"hu8":"06010106","pid":"{32731A8E-B326-48FB-A320-803126ADC7C2}"},"geometry":{"type":"MultiLineString","coordinates":[[[-82.99785,35.65915],[-82.99577,35.6611]]]}},{"type":"Feature","properties":{"kind":"minor-water","name":"Beantown Creek","ftype":460,"lengthKm":0.53,"hu8":"06010106","pid":"{809CB04E-0C65-4F7E-9509-6F360087A216}"},"geometry":{"type":"MultiLineString","coordinates":[[[-83.05342,35.58457],[-83.05242,35.58446],[-83.0518,35.58406],[-83.05031,35.58428],[-83.04905,35.58368],[-83.04797,35.58386]]]}},{"type":"Feature","properties":{"kind":"minor-water","name":"Wright Branch","ftype":460,"lengthKm":0.09,"hu8":"06010106","pid":"{BEF0E6F4-0E79-49F1-94DE-2CEED4703CDC}"},"geometry":{"type":"MultiLineString","coordinates":[[[-83.02425,35.62903],[-83.02327,35.6291]]]}},{"type":"Feature","properties":{"kind":"minor-water","name":"Beantown Creek","ftype":460,"lengthKm":0.15,"hu8":"06010106","pid":"{252B3C33-136F-4F94-9F51-411CFC004793}"},"geometry":{"type":"MultiLineString","coordinates":[[[-83.03557,35.56767],[-83.03392,35.56749]]]}},{"type":"Feature","properties":{"kind":"minor-water","name":"Beantown Creek","ftype":460,"lengthKm":0.27,"hu8":"06010106","pid":"{BBEDBF3E-F140-49D7-AE92-5E96193C7C48}"},"geometry":{"type":"MultiLineString","coordinates":[[[-83.03378,35.56744],[-83.03255,35.56691],[-83.031,35.56687]]]}},{"type":"Feature","properties":{"kind":"minor-water","name":"Ned Branch","ftype":460,"lengthKm":0.05,"hu8":"06010106","pid":"{66C4C2E5-B2DF-41B8-878E-92D378974B71}"},"geometry":{"type":"MultiLineString","coordinates":[[[-83.06089,35.57733],[-83.06059,35.57697]]]}},{"type":"Feature","properties":{"kind":"minor-water","name":"Wright Branch","ftype":460,"lengthKm":0.08,"hu8":"06010106","pid":"{3F577177-0605-492D-A346-F3D84BD167E8}"},"geometry":{"type":"MultiLineString","coordinates":[[[-83.02327,35.6291],[-83.02254,35.62877]]]}},{"type":"Feature","properties":{"kind":"minor-water","name":"West Fork Pigeon River","ftype":558,"lengthKm":0.4,"hu8":"06010106","pid":"132656530"},"geometry":{"type":"MultiLineString","coordinates":[[[-82.90989,35.44436],[-82.9077,35.44485],[-82.90599,35.44595]]]}},{"type":"Feature","properties":{"kind":"minor-water","name":"Factory Branch","ftype":558,"lengthKm":0.24,"hu8":"06010106","pid":"132655044"},"geometry":{"type":"MultiLineString","coordinates":[[[-82.97946,35.5236],[-82.97736,35.52225]]]}},{"type":"Feature","properties":{"kind":"minor-water","name":"Richland Creek","ftype":558,"lengthKm":0.3,"hu8":"06010106","pid":"132655712"},"geometry":{"type":"MultiLineString","coordinates":[[[-83.00493,35.48399],[-83.00374,35.48647]]]}},{"type":"Feature","properties":{"kind":"minor-water","name":"Bald Creek","ftype":460,"lengthKm":0.77,"hu8":"06010106","pid":"132653411"},"geometry":{"type":"MultiLineString","coordinates":[[[-82.89761,35.61135],[-82.89982,35.60953],[-82.89964,35.6084],[-82.90179,35.6057]]]}},{"type":"Feature","properties":{"kind":"minor-water","name":"East Fork Pigeon River","ftype":558,"lengthKm":0.04,"hu8":"06010106","pid":"132655871"},"geometry":{"type":"MultiLineString","coordinates":[[[-82.87,35.46395],[-82.86994,35.46428]]]}},{"type":"Feature","properties":{"kind":"minor-water","name":"Plott Creek","ftype":460,"lengthKm":2.32,"hu8":"06010106","pid":"132656160"},"geometry":{"type":"MultiLineString","coordinates":[[[-83.04406,35.48071],[-83.04309,35.47971],[-83.04252,35.47794],[-83.04138,35.47663],[-83.03909,35.47529],[-83.03351,35.47356],[-83.03101,35.4733],[-83.02885,35.47263],[-83.02614,35.47314],[-83.02441,35.47422],[-83.02376,35.47504]]]}},{"type":"Feature","properties":{"kind":"minor-water","name":"Dark Prong","ftype":460,"lengthKm":4.12,"hu8":"06010106","pid":"132657931"},"geometry":{"type":"MultiLineString","coordinates":[[[-82.87079,35.33288],[-82.86957,35.33239],[-82.86702,35.33229],[-82.86484,35.33162],[-82.86162,35.33265],[-82.86053,35.33268],[-82.85817,35.33169],[-82.85287,35.33073],[-82.849,35.3314],[-82.84657,35.33147],[-82.84521,35.33088],[-82.84449,35.331],[-82.84383,35.33074],[-82.84346,35.32974],[-82.84209,35.32875],[-82.84083,35.32897],[-82.84026,35.32848],[-82.83744,35.32875],[-82.83432,35.32959],[-82.83231,35.32778],[-82.83116,35.32734],[-82.82963,35.32721]]]}},{"type":"Feature","properties":{"kind":"minor-water","name":"Pisgah Creek","ftype":460,"lengthKm":0.4,"hu8":"06010106","pid":"132656912"},"geometry":{"type":"MultiLineString","coordinates":[[[-82.77017,35.41351],[-82.77384,35.41144]]]}},{"type":"Feature","properties":{"kind":"minor-water","name":"Jonathans Creek","ftype":460,"lengthKm":0.43,"hu8":"06010106","pid":"132655385"},"geometry":{"type":"MultiLineString","coordinates":[[[-83.08046,35.51528],[-83.07865,35.51283],[-83.07743,35.51293]]]}},{"type":"Feature","properties":{"kind":"minor-water","name":"West Fork Pigeon River","ftype":558,"lengthKm":0.53,"hu8":"06010106","pid":"132657133"},"geometry":{"type":"MultiLineString","coordinates":[[[-82.92732,35.41726],[-82.92604,35.41866],[-82.92445,35.42134]]]}},{"type":"Feature","properties":{"kind":"minor-water","name":"East Fork Pigeon River","ftype":558,"lengthKm":0.17,"hu8":"06010106","pid":"132656202"},"geometry":{"type":"MultiLineString","coordinates":[[[-82.83041,35.44938],[-82.83208,35.45017]]]}},{"type":"Feature","properties":{"kind":"minor-water","name":"Medford Branch","ftype":460,"lengthKm":1.4,"hu8":"06010106","pid":"132656966"},"geometry":{"type":"MultiLineString","coordinates":[[[-82.98137,35.43285],[-82.98209,35.43467],[-82.98863,35.43913],[-82.98983,35.43967],[-82.99301,35.43944]]]}},{"type":"Feature","properties":{"kind":"minor-water","name":"Pisgah Creek","ftype":460,"lengthKm":0.21,"hu8":"06010106","pid":"132656860"},"geometry":{"type":"MultiLineString","coordinates":[[[-82.76794,35.41305],[-82.76933,35.41353],[-82.77017,35.41351]]]}},{"type":"Feature","properties":{"kind":"minor-water","name":"East Fork Pigeon River","ftype":558,"lengthKm":0.08,"hu8":"06010106","pid":"132656980"},"geometry":{"type":"MultiLineString","coordinates":[[[-82.81374,35.41387],[-82.81342,35.41452]]]}},{"type":"Feature","properties":{"kind":"minor-water","name":"Middle Prong West Fork Pigeon River","ftype":460,"lengthKm":0.98,"hu8":"06010106","pid":"132657965"},"geometry":{"type":"MultiLineString","coordinates":[[[-82.94346,35.32729],[-82.94446,35.3289],[-82.94429,35.32991],[-82.94519,35.33016],[-82.94588,35.33131],[-82.94737,35.33222],[-82.94854,35.33442]]]}},{"type":"Feature","properties":{"kind":"minor-water","name":"Hurricane Creek","ftype":460,"lengthKm":0.19,"hu8":"06010106","pid":"132647958"},"geometry":{"type":"MultiLineString","coordinates":[[[-82.98437,35.72907],[-82.9849,35.72895],[-82.98626,35.72956]]]}},{"type":"Feature","properties":{"kind":"minor-water","name":"Allen Creek","ftype":460,"lengthKm":0.26,"hu8":"06010106","pid":"132657304"},"geometry":{"type":"MultiLineString","coordinates":[[[-83.00619,35.41703],[-83.0074,35.41753],[-83.00824,35.41856]]]}},{"type":"Feature","properties":{"kind":"minor-water","name":"Little Branch","ftype":460,"lengthKm":0.58,"hu8":"06010106","pid":"132656512"},"geometry":{"type":"MultiLineString","coordinates":[[[-83.08701,35.46697],[-83.08623,35.46672],[-83.08536,35.46544],[-83.0835,35.46521],[-83.08178,35.46457]]]}},{"type":"Feature","properties":{"kind":"minor-water","name":"Beantown Creek","ftype":460,"lengthKm":0.47,"hu8":"06010106","pid":"132654305"},"geometry":{"type":"MultiLineString","coordinates":[[[-83.02747,35.57013],[-83.0263,35.57118],[-83.02498,35.57158],[-83.02398,35.57091],[-83.02328,35.57095]]]}},{"type":"Feature","properties":{"kind":"minor-water","name":"Morell Springs Branch","ftype":460,"lengthKm":0.97,"hu8":"06010106","pid":"132645015"},"geometry":{"type":"MultiLineString","coordinates":[[[-83.20249,35.93536],[-83.19979,35.93653],[-83.19869,35.93745],[-83.19973,35.94039],[-83.19959,35.94225]]]}},{"type":"Feature","properties":{"kind":"minor-water","name":"Beaverdam Creek","ftype":460,"lengthKm":0.53,"hu8":"06010106","pid":"132653812"},"geometry":{"type":"MultiLineString","coordinates":[[[-82.82867,35.57996],[-82.82914,35.57949],[-82.82864,35.57796],[-82.82959,35.57666],[-82.82947,35.57564]]]}},{"type":"Feature","properties":{"kind":"minor-water","name":"East Fork Pigeon River","ftype":558,"lengthKm":1.69,"hu8":"06010106","pid":"132655690"},"geometry":{"type":"MultiLineString","coordinates":[[[-82.87202,35.46973],[-82.87177,35.47192],[-82.8722,35.47341],[-82.87359,35.47369],[-82.87518,35.47455],[-82.87829,35.47438],[-82.88039,35.47484],[-82.88108,35.47613],[-82.88082,35.47817],[-82.88179,35.47879]]]}},{"type":"Feature","properties":{"kind":"minor-water","name":"Jonathans Creek","ftype":460,"lengthKm":1.37,"hu8":"06010106","pid":"132655336"},"geometry":{"type":"MultiLineString","coordinates":[[[-83.11031,35.52211],[-83.10984,35.52165],[-83.10301,35.5187],[-83.09822,35.51891],[-83.09639,35.51858]]]}},{"type":"Feature","properties":{"kind":"minor-water","name":"East Fork Pigeon River","ftype":558,"lengthKm":0.77,"hu8":"06010106","pid":"132656666"},"geometry":{"type":"MultiLineString","coordinates":[[[-82.81225,35.42639],[-82.81114,35.42765],[-82.81106,35.42939],[-82.8127,35.43274]]]}},{"type":"Feature","properties":{"kind":"minor-water","name":"Eaglenest Creek","ftype":460,"lengthKm":0.96,"hu8":"06010106","pid":"132655755"},"geometry":{"type":"MultiLineString","coordinates":[[[-83.01717,35.48473],[-83.01571,35.48434],[-83.01476,35.48456],[-83.00991,35.48263],[-83.0073,35.48215]]]}},{"type":"Feature","properties":{"kind":"minor-water","name":"Big Branch","ftype":460,"lengthKm":1.04,"hu8":"06010106","pid":"132653933"},"geometry":{"type":"MultiLineString","coordinates":[[[-82.90654,35.57695],[-82.90775,35.57681],[-82.91159,35.57713],[-82.9133,35.57767],[-82.91527,35.57928],[-82.91627,35.58054]]]}},{"type":"Feature","properties":{"kind":"minor-water","name":"English Creek","ftype":460,"lengthKm":1.14,"hu8":"06010106","pid":"132645168"},"geometry":{"type":"MultiLineString","coordinates":[[[-83.24352,35.90523],[-83.2436,35.90473],[-83.24303,35.90383],[-83.24207,35.90374],[-83.24126,35.9026],[-83.24013,35.90223],[-83.23862,35.90266],[-83.23796,35.90205],[-83.23719,35.90195],[-83.23721,35.90156],[-83.23613,35.90162],[-83.23655,35.9007],[-83.23603,35.90015]]]}},{"type":"Feature","properties":{"kind":"minor-water","name":"Long Branch","ftype":558,"lengthKm":0,"hu8":"06010106","pid":"132656272"},"geometry":{"type":"MultiLineString","coordinates":[[[-82.8167,35.44498],[-82.81675,35.44497]]]}},{"type":"Feature","properties":{"kind":"minor-water","name":"Ugly Creek","ftype":460,"lengthKm":0.06,"hu8":"06010106","pid":"132657486"},"geometry":{"type":"MultiLineString","coordinates":[[[-82.81464,35.38471],[-82.81413,35.38509]]]}},{"type":"Feature","properties":{"kind":"minor-water","name":"Medford Branch","ftype":558,"lengthKm":0.01,"hu8":"06010106","pid":"132654355"},"geometry":{"type":"MultiLineString","coordinates":[[[-82.9511,35.55557],[-82.95095,35.55553]]]}},{"type":"Feature","properties":{"kind":"minor-water","name":"East Fork Pigeon River","ftype":558,"lengthKm":0.32,"hu8":"06010106","pid":"132656210"},"geometry":{"type":"MultiLineString","coordinates":[[[-82.82384,35.44991],[-82.82509,35.44909],[-82.82697,35.44899]]]}},{"type":"Feature","properties":{"kind":"minor-water","name":"Big Branch","ftype":460,"lengthKm":0.13,"hu8":"06010106","pid":"132653947"},"geometry":{"type":"MultiLineString","coordinates":[[[-82.9296,35.57873],[-82.93073,35.57944]]]}},{"type":"Feature","properties":{"kind":"minor-water","name":"Mine Branch","ftype":460,"lengthKm":0.27,"hu8":"06010106","pid":"132655596"},"geometry":{"type":"MultiLineString","coordinates":[[[-83.06209,35.49839],[-83.06386,35.50031]]]}},{"type":"Feature","properties":{"kind":"minor-water","name":"Richland Creek","ftype":460,"lengthKm":0.31,"hu8":"06010106","pid":"132656930"},"geometry":{"type":"MultiLineString","coordinates":[[[-83.07026,35.44388],[-83.06792,35.44597]]]}},{"type":"Feature","properties":{"kind":"minor-water","name":"Pigeon River","ftype":558,"lengthKm":0.36,"hu8":"06010106","pid":"132655576"},"geometry":{"type":"MultiLineString","coordinates":[[[-82.88203,35.48009],[-82.88233,35.48149],[-82.88367,35.48296]]]}},{"type":"Feature","properties":{"kind":"minor-water","name":"Garden Creek","ftype":558,"lengthKm":0.26,"hu8":"06010106","pid":"132654887"},"geometry":{"type":"MultiLineString","coordinates":[[[-82.84596,35.51744],[-82.84504,35.51836],[-82.84531,35.51951]]]}},{"type":"Feature","properties":{"kind":"minor-water","name":"Long Branch","ftype":460,"lengthKm":0.74,"hu8":"06010106","pid":"132655797"},"geometry":{"type":"MultiLineString","coordinates":[[[-82.79439,35.46347],[-82.79263,35.46046],[-82.79257,35.45886],[-82.7934,35.45726]]]}},{"type":"Feature","properties":{"kind":"minor-water","name":"Morell Springs Branch","ftype":558,"lengthKm":0.07,"hu8":"06010106","pid":"132644940"},"geometry":{"type":"MultiLineString","coordinates":[[[-83.17918,35.95366],[-83.17886,35.95428]]]}},{"type":"Feature","properties":{"kind":"minor-water","name":"Pigeon River","ftype":558,"lengthKm":0.71,"hu8":"06010106","pid":"132654420"},"geometry":{"type":"MultiLineString","coordinates":[[[-82.86137,35.54299],[-82.86247,35.54297],[-82.86346,35.54342],[-82.86377,35.54381],[-82.86329,35.54483],[-82.86361,35.54586],[-82.86442,35.5464],[-82.86581,35.54654]]]}},{"type":"Feature","properties":{"kind":"minor-water","name":"West Fork Pigeon River","ftype":558,"lengthKm":1.91,"hu8":"06010106","pid":"132657888"},"geometry":{"type":"MultiLineString","coordinates":[[[-82.91267,35.35333],[-82.91433,35.35543],[-82.91573,35.35432],[-82.91636,35.3543],[-82.91678,35.35781],[-82.91631,35.35953],[-82.91676,35.36071],[-82.91715,35.36117],[-82.91854,35.36125],[-82.91851,35.36243],[-82.91886,35.36313],[-82.92051,35.36306],[-82.92139,35.36382]]]}},{"type":"Feature","properties":{"kind":"minor-water","name":"Sinking Creek","ftype":460,"lengthKm":0.19,"hu8":"06010106","pid":"132644848"},"geometry":{"type":"MultiLineString","coordinates":[[[-83.2078,35.98685],[-83.20655,35.98821]]]}},{"type":"Feature","properties":{"kind":"minor-water","name":"Rogers Cove Creek","ftype":460,"lengthKm":0.14,"hu8":"06010106","pid":"132653721"},"geometry":{"type":"MultiLineString","coordinates":[[[-82.89359,35.58795],[-82.89373,35.58923]]]}},{"type":"Feature","properties":{"kind":"minor-water","name":"Dicks Branch","ftype":460,"lengthKm":0.04,"hu8":"06010106","pid":"{25DBE14E-F8A9-4AAC-8579-DF55CE1481BC}"},"geometry":{"type":"MultiLineString","coordinates":[[[-83.05625,35.71076],[-83.05627,35.71108]]]}},{"type":"Feature","properties":{"kind":"minor-water","name":"McClure Creek","ftype":558,"lengthKm":0.01,"hu8":"06010106","pid":"132656866"},"geometry":{"type":"MultiLineString","coordinates":[[[-82.92465,35.43032],[-82.9247,35.4304]]]}},{"type":"Feature","properties":{"kind":"minor-water","name":"Stillhouse Branch","ftype":558,"lengthKm":0.02,"hu8":"06010106","pid":"{7F29C72A-6813-482F-A353-7BBDA77874F0}"},"geometry":{"type":"MultiLineString","coordinates":[[[-83.22342,35.78379],[-83.22345,35.78395]]]}},{"type":"Feature","properties":{"kind":"minor-water","name":"Pisgah Creek","ftype":460,"lengthKm":0.54,"hu8":"06010106","pid":"132656812"},"geometry":{"type":"MultiLineString","coordinates":[[[-82.78528,35.41792],[-82.78617,35.41848],[-82.78715,35.41836],[-82.78772,35.4198],[-82.78919,35.42094]]]}},{"type":"Feature","properties":{"kind":"minor-water","name":"Hurricane Creek","ftype":460,"lengthKm":0.19,"hu8":"06010106","pid":"132648239"},"geometry":{"type":"MultiLineString","coordinates":[[[-83.00632,35.71798],[-83.0075,35.71655]]]}},{"type":"Feature","properties":{"kind":"minor-water","name":"Sinking Creek","ftype":460,"lengthKm":0.5,"hu8":"06010106","pid":"132644896"},"geometry":{"type":"MultiLineString","coordinates":[[[-83.22454,35.97731],[-83.22368,35.97755],[-83.22217,35.97717],[-83.22211,35.97594],[-83.22092,35.9751]]]}},{"type":"Feature","properties":{"kind":"minor-water","name":"Sam Branch","ftype":460,"lengthKm":0.34,"hu8":"06010106","pid":"132656772"},"geometry":{"type":"MultiLineString","coordinates":[[[-82.93027,35.4353],[-82.92865,35.43541],[-82.92808,35.43531],[-82.92778,35.43492],[-82.92683,35.43487]]]}},{"type":"Feature","properties":{"kind":"minor-water","name":"Pigeon River","ftype":558,"lengthKm":0.56,"hu8":"06010106","pid":"132654410"},"geometry":{"type":"MultiLineString","coordinates":[[[-82.84641,35.54135],[-82.84859,35.54341],[-82.84967,35.54559]]]}},{"type":"Feature","properties":{"kind":"minor-water","name":"Halltop Branch","ftype":460,"lengthKm":3.43,"hu8":"06010106","pid":"132645268"},"geometry":{"type":"MultiLineString","coordinates":[[[-83.14065,35.87109],[-83.1405,35.87235],[-83.14096,35.8744],[-83.13972,35.87632],[-83.13959,35.87834],[-83.13866,35.87987],[-83.13847,35.88083],[-83.13943,35.88244],[-83.14058,35.88619],[-83.14276,35.88825],[-83.14422,35.88877],[-83.14543,35.88958],[-83.14687,35.8913],[-83.14699,35.89206],[-83.1478,35.89317],[-83.15169,35.89464],[-83.1542,35.89442]]]}},{"type":"Feature","properties":{"kind":"minor-water","name":"Richland Creek","ftype":558,"lengthKm":0.17,"hu8":"06010106","pid":"132654931"},"geometry":{"type":"MultiLineString","coordinates":[[[-82.96374,35.52762],[-82.96197,35.52803]]]}},{"type":"Feature","properties":{"kind":"minor-water","name":"Sweetwater Creek","ftype":558,"lengthKm":0.02,"hu8":"06010106","pid":"132645084"},"geometry":{"type":"MultiLineString","coordinates":[[[-83.17336,35.91191],[-83.17356,35.91196]]]}},{"type":"Feature","properties":{"kind":"minor-water","name":"Factory Branch","ftype":460,"lengthKm":1.82,"hu8":"06010106","pid":"132655094"},"geometry":{"type":"MultiLineString","coordinates":[[[-83.02103,35.52334],[-83.01917,35.52348],[-83.01618,35.52423],[-83.00961,35.52669],[-83.00566,35.52723],[-83.00202,35.52829]]]}},{"type":"Feature","properties":{"kind":"minor-water","name":"Beaverdam Creek","ftype":460,"lengthKm":0.5,"hu8":"06010106","pid":"132654108"},"geometry":{"type":"MultiLineString","coordinates":[[[-82.82944,35.56182],[-82.82986,35.55982],[-82.82888,35.55794],[-82.829,35.55752]]]}},{"type":"Feature","properties":{"kind":"minor-water","name":"Hicks Branch","ftype":460,"lengthKm":1.16,"hu8":"06010106","pid":"132648042"},"geometry":{"type":"MultiLineString","coordinates":[[[-83.04949,35.73265],[-83.04505,35.73154],[-83.04406,35.73102],[-83.04321,35.73011],[-83.04011,35.72929],[-83.03927,35.72935],[-83.03802,35.73005]]]}},{"type":"Feature","properties":{"kind":"minor-water","name":"Sinking Creek","ftype":460,"lengthKm":0.14,"hu8":"06010106","pid":"132644842"},"geometry":{"type":"MultiLineString","coordinates":[[[-83.20655,35.98821],[-83.20561,35.98916]]]}},{"type":"Feature","properties":{"kind":"minor-water","name":"Harley Branch","ftype":460,"lengthKm":0.81,"hu8":"06010106","pid":"132655996"},"geometry":{"type":"MultiLineString","coordinates":[[[-82.8143,35.46126],[-82.81595,35.46042],[-82.8188,35.45697],[-82.81912,35.45543]]]}},{"type":"Feature","properties":{"kind":"minor-water","name":"Chambers Branch","ftype":460,"lengthKm":0.71,"hu8":"06010106","pid":"132654245"},"geometry":{"type":"MultiLineString","coordinates":[[[-82.9087,35.56326],[-82.9089,35.56082],[-82.90973,35.55856],[-82.90982,35.55702]]]}},{"type":"Feature","properties":{"kind":"minor-water","name":"Rabbit Branch","ftype":460,"lengthKm":0.97,"hu8":"06010106","pid":"132645652"},"geometry":{"type":"MultiLineString","coordinates":[[[-83.21975,35.83681],[-83.22019,35.83766],[-83.21962,35.83884],[-83.21977,35.83947],[-83.21916,35.84089],[-83.21865,35.84124],[-83.21843,35.84219],[-83.21979,35.84489]]]}},{"type":"Feature","properties":{"kind":"minor-water","name":"East Fork Pigeon River","ftype":558,"lengthKm":0.58,"hu8":"06010106","pid":"132657074"},"geometry":{"type":"MultiLineString","coordinates":[[[-82.81283,35.40817],[-82.81153,35.40872],[-82.80983,35.41075],[-82.80844,35.41187]]]}},{"type":"Feature","properties":{"kind":"minor-water","name":"West Fork Pigeon River","ftype":558,"lengthKm":0.5,"hu8":"06010106","pid":"132657386"},"geometry":{"type":"MultiLineString","coordinates":[[[-82.93323,35.40325],[-82.93121,35.4074]]]}},{"type":"Feature","properties":{"kind":"minor-water","name":"Big Branch","ftype":460,"lengthKm":2.63,"hu8":"06010106","pid":"132647430"},"geometry":{"type":"MultiLineString","coordinates":[[[-83.20296,35.77134],[-83.20323,35.77188],[-83.20432,35.77227],[-83.20446,35.77381],[-83.20636,35.77659],[-83.20617,35.77813],[-83.20642,35.77883],[-83.20817,35.7808],[-83.20821,35.78234],[-83.20885,35.78268],[-83.20948,35.78438],[-83.21014,35.78457],[-83.2113,35.7861],[-83.21154,35.78877],[-83.21116,35.7893],[-83.21106,35.79062],[-83.21157,35.79234]]]}},{"type":"Feature","properties":{"kind":"minor-water","name":"Richland Creek","ftype":558,"lengthKm":0.06,"hu8":"06010106","pid":"132656976"},"geometry":{"type":"MultiLineString","coordinates":[[[-83.07203,35.44267],[-83.07145,35.443]]]}},{"type":"Feature","properties":{"kind":"minor-water","name":"Little East Fork Pigeon River","ftype":558,"lengthKm":0.61,"hu8":"06010106","pid":"132656954"},"geometry":{"type":"MultiLineString","coordinates":[[[-82.91265,35.42559],[-82.91297,35.42584],[-82.91461,35.42587],[-82.9155,35.4273],[-82.91723,35.4278],[-82.91804,35.42763]]]}},{"type":"Feature","properties":{"kind":"minor-water","name":"Mauney Cove Branch","ftype":460,"lengthKm":0.14,"hu8":"06010106","pid":"132655261"},"geometry":{"type":"MultiLineString","coordinates":[[[-83.00795,35.51385],[-83.00636,35.51395]]]}},{"type":"Feature","properties":{"kind":"minor-water","name":"Sweetwater Creek","ftype":460,"lengthKm":0.1,"hu8":"06010106","pid":"132645129"},"geometry":{"type":"MultiLineString","coordinates":[[[-83.15806,35.90166],[-83.1592,35.90166]]]}},{"type":"Feature","properties":{"kind":"minor-water","name":"Little Beartrap Branch","ftype":460,"lengthKm":0.24,"hu8":"06010106","pid":"132657891"},"geometry":{"type":"MultiLineString","coordinates":[[[-82.9464,35.35565],[-82.94398,35.35642]]]}},{"type":"Feature","properties":{"kind":"minor-water","name":"Pigeon River","ftype":558,"lengthKm":0.14,"hu8":"06010106","pid":"132654666"},"geometry":{"type":"MultiLineString","coordinates":[[[-82.92482,35.53884],[-82.92563,35.53988]]]}},{"type":"Feature","properties":{"kind":"minor-water","name":"Laurel Branch","ftype":460,"lengthKm":0.89,"hu8":"06010106","pid":"132652977"},"geometry":{"type":"MultiLineString","coordinates":[[[-83.02174,35.63954],[-83.021,35.63951],[-83.0199,35.63886],[-83.01798,35.63895],[-83.01611,35.6384],[-83.01386,35.63883],[-83.01234,35.63875]]]}},{"type":"Feature","properties":{"kind":"minor-water","name":"Pigeon River","ftype":558,"lengthKm":1.13,"hu8":"06010106","pid":"132655235"},"geometry":{"type":"MultiLineString","coordinates":[[[-82.87239,35.49955],[-82.86806,35.50194],[-82.86605,35.50215],[-82.86477,35.50276],[-82.8635,35.50415],[-82.86439,35.50526]]]}},{"type":"Feature","properties":{"kind":"minor-water","name":"Pigeon River","ftype":558,"lengthKm":0.17,"hu8":"06010106","pid":"132654777"},"geometry":{"type":"MultiLineString","coordinates":[[[-82.89979,35.53277],[-82.90156,35.53224]]]}},{"type":"Feature","properties":{"kind":"minor-water","name":"Beaverdam Creek","ftype":460,"lengthKm":0.54,"hu8":"06010106","pid":"132654406"},"geometry":{"type":"MultiLineString","coordinates":[[[-82.84237,35.54346],[-82.84321,35.54372],[-82.84442,35.54314],[-82.84475,35.54286],[-82.84468,35.54229],[-82.84522,35.54212],[-82.84574,35.54237],[-82.84629,35.54146]]]}},{"type":"Feature","properties":{"kind":"minor-water","name":"Middle Prong West Fork Pigeon River","ftype":558,"lengthKm":0.38,"hu8":"06010106","pid":"132657811"},"geometry":{"type":"MultiLineString","coordinates":[[[-82.93858,35.37034],[-82.93771,35.3737]]]}},{"type":"Feature","properties":{"kind":"minor-water","name":"Richland Creek","ftype":460,"lengthKm":0.11,"hu8":"06010106","pid":"132657036"},"geometry":{"type":"MultiLineString","coordinates":[[[-83.07275,35.4404],[-83.07332,35.44128]]]}},{"type":"Feature","properties":{"kind":"minor-water","name":"Sweetwater Creek","ftype":460,"lengthKm":0.3,"hu8":"06010106","pid":"132645125"},"geometry":{"type":"MultiLineString","coordinates":[[[-83.16321,35.90237],[-83.16538,35.90348],[-83.16613,35.90334]]]}},{"type":"Feature","properties":{"kind":"minor-water","name":"Pigeon River","ftype":558,"lengthKm":0.35,"hu8":"06010106","pid":"132653435"},"geometry":{"type":"MultiLineString","coordinates":[[[-82.96309,35.61148],[-82.96413,35.61327],[-82.96542,35.61384]]]}},{"type":"Feature","properties":{"kind":"minor-water","name":"Rabbitskin Branch","ftype":460,"lengthKm":0.53,"hu8":"06010106","pid":"132653604"},"geometry":{"type":"MultiLineString","coordinates":[[[-82.99141,35.60498],[-82.99176,35.60599],[-82.99269,35.6071],[-82.99239,35.60831],[-82.99171,35.6093]]]}},{"type":"Feature","properties":{"kind":"minor-water","name":"Bird Creek","ftype":460,"lengthKm":0.35,"hu8":"06010106","pid":"132655966"},"geometry":{"type":"MultiLineString","coordinates":[[[-82.90812,35.46643],[-82.90522,35.4685]]]}},{"type":"Feature","properties":{"kind":"minor-water","name":"Sorrell Creek","ftype":460,"lengthKm":1.16,"hu8":"06010106","pid":"132657440"},"geometry":{"type":"MultiLineString","coordinates":[[[-82.8878,35.39628],[-82.88932,35.39658],[-82.89397,35.39838],[-82.89473,35.39896],[-82.89615,35.39931],[-82.89712,35.40037],[-82.89869,35.40135]]]}},{"type":"Feature","properties":{"kind":"minor-water","name":"Crabtree Creek","ftype":460,"lengthKm":0.28,"hu8":"06010106","pid":"132653546"},"geometry":{"type":"MultiLineString","coordinates":[[[-82.93997,35.60278],[-82.94102,35.60241],[-82.94297,35.60253]]]}},{"type":"Feature","properties":{"kind":"minor-water","name":"Laurel Branch","ftype":460,"lengthKm":0.27,"hu8":"06010106","pid":"132645110"},"geometry":{"type":"MultiLineString","coordinates":[[[-83.22776,35.9132],[-83.22525,35.91187]]]}},{"type":"Feature","properties":{"kind":"minor-water","name":"South Prong Shining Creek","ftype":460,"lengthKm":1.57,"hu8":"06010106","pid":"132657876"},"geometry":{"type":"MultiLineString","coordinates":[[[-82.85911,35.35117],[-82.85193,35.35536],[-82.84967,35.35497],[-82.84738,35.3555],[-82.84593,35.35715],[-82.84476,35.3577]]]}},{"type":"Feature","properties":{"kind":"minor-water","name":"Pisgah Creek","ftype":558,"lengthKm":0.01,"hu8":"06010106","pid":"132656780"},"geometry":{"type":"MultiLineString","coordinates":[[[-82.81179,35.42183],[-82.81186,35.42184]]]}},{"type":"Feature","properties":{"kind":"minor-water","name":"Little East Fork Pigeon River","ftype":558,"lengthKm":0.55,"hu8":"06010106","pid":"132657042"},"geometry":{"type":"MultiLineString","coordinates":[[[-82.91162,35.42259],[-82.91317,35.42224],[-82.91357,35.42243],[-82.91265,35.42559]]]}},{"type":"Feature","properties":{"kind":"minor-water","name":"Hicks Branch","ftype":460,"lengthKm":0.25,"hu8":"06010106","pid":"132647909"},"geometry":{"type":"MultiLineString","coordinates":[[[-83.02961,35.73575],[-83.02951,35.73799]]]}},{"type":"Feature","properties":{"kind":"minor-water","name":"Richland Creek","ftype":558,"lengthKm":0.5,"hu8":"06010106","pid":"132654833"},"geometry":{"type":"MultiLineString","coordinates":[[[-82.95897,35.53466],[-82.95787,35.53596],[-82.95648,35.53688],[-82.95603,35.53831]]]}},{"type":"Feature","properties":{"kind":"minor-water","name":"Long Branch","ftype":460,"lengthKm":1.03,"hu8":"06010106","pid":"132654132"},"geometry":{"type":"MultiLineString","coordinates":[[[-82.94188,35.56742],[-82.94262,35.5681],[-82.94643,35.56814],[-82.94776,35.5685],[-82.94911,35.56927],[-82.95021,35.57063],[-82.95147,35.57122]]]}},{"type":"Feature","properties":{"kind":"minor-water","name":"Pigeon River","ftype":558,"lengthKm":0.56,"hu8":"06010106","pid":"132654781"},"geometry":{"type":"MultiLineString","coordinates":[[[-82.90156,35.53224],[-82.90258,35.53234],[-82.90332,35.53397],[-82.90585,35.53539]]]}},{"type":"Feature","properties":{"kind":"minor-water","name":"Pigeon River","ftype":558,"lengthKm":0.29,"hu8":"06010106","pid":"132654742"},"geometry":{"type":"MultiLineString","coordinates":[[[-82.91453,35.5353],[-82.91768,35.5348]]]}},{"type":"Feature","properties":{"kind":"minor-water","name":"Ned Branch","ftype":460,"lengthKm":0.5,"hu8":"06010106","pid":"132654388"},"geometry":{"type":"MultiLineString","coordinates":[[[-83.05209,35.56908],[-83.05201,35.56685],[-83.05091,35.56477]]]}},{"type":"Feature","properties":{"kind":"minor-water","name":"Pigeon River","ftype":558,"lengthKm":0.67,"hu8":"06010106","pid":"132654402"},"geometry":{"type":"MultiLineString","coordinates":[[[-82.85219,35.54282],[-82.85298,35.54233],[-82.85476,35.54271],[-82.85611,35.54406],[-82.85634,35.54542],[-82.85709,35.54562]]]}},{"type":"Feature","properties":{"kind":"minor-water","name":"Bald Creek","ftype":460,"lengthKm":0.08,"hu8":"06010106","pid":"132653314"},"geometry":{"type":"MultiLineString","coordinates":[[[-82.89709,35.61198],[-82.89761,35.61135]]]}},{"type":"Feature","properties":{"kind":"minor-water","name":"Hurricane Creek","ftype":460,"lengthKm":0.09,"hu8":"06010106","pid":"{4319B603-6E88-4F76-A489-3D0C40E92816}"},"geometry":{"type":"MultiLineString","coordinates":[[[-82.99155,35.72464],[-82.9921,35.72396]]]}},{"type":"Feature","properties":{"kind":"minor-water","name":"Burnett Creek","ftype":460,"lengthKm":1.47,"hu8":"06010106","pid":"132656748"},"geometry":{"type":"MultiLineString","coordinates":[[[-82.83572,35.4258],[-82.83351,35.42817],[-82.83259,35.43316],[-82.83113,35.43422],[-82.83046,35.43518],[-82.83033,35.43701],[-82.83087,35.43751]]]}},{"type":"Feature","properties":{"kind":"minor-water","name":"Bee Branch","ftype":460,"lengthKm":1.05,"hu8":"06010106","pid":"132657455"},"geometry":{"type":"MultiLineString","coordinates":[[[-82.78687,35.38456],[-82.7898,35.38489],[-82.79281,35.38412],[-82.79658,35.38497],[-82.79814,35.38474]]]}},{"type":"Feature","properties":{"kind":"minor-water","name":"Bald Creek","ftype":460,"lengthKm":0.14,"hu8":"06010106","pid":"132652616"},"geometry":{"type":"MultiLineString","coordinates":[[[-82.88723,35.64925],[-82.8874,35.64854],[-82.88795,35.64828]]]}},{"type":"Feature","properties":{"kind":"minor-water","name":"Steestachee Branch","ftype":460,"lengthKm":1.48,"hu8":"06010106","pid":"132657362"},"geometry":{"type":"MultiLineString","coordinates":[[[-83.02591,35.41545],[-83.02408,35.41616],[-83.02158,35.41615],[-83.01234,35.41753],[-83.01112,35.41824],[-83.01073,35.41896]]]}},{"type":"Feature","properties":{"kind":"minor-water","name":"Pigeon River","ftype":558,"lengthKm":1.33,"hu8":"06010106","pid":"132654650"},"geometry":{"type":"MultiLineString","coordinates":[[[-82.92563,35.53988],[-82.92696,35.541],[-82.9288,35.5415],[-82.92877,35.54191],[-82.92776,35.543],[-82.92835,35.54407],[-82.93074,35.54416],[-82.93453,35.54666]]]}},{"type":"Feature","properties":{"kind":"minor-water","name":"Beaverdam Creek","ftype":460,"lengthKm":0.46,"hu8":"06010106","pid":"132653864"},"geometry":{"type":"MultiLineString","coordinates":[[[-82.82947,35.57564],[-82.82918,35.57326],[-82.82857,35.57244],[-82.82862,35.57169]]]}},{"type":"Feature","properties":{"kind":"minor-water","name":"O'Neil Branch","ftype":460,"lengthKm":0.11,"hu8":"06010106","pid":"132644895"},"geometry":{"type":"MultiLineString","coordinates":[[[-83.25107,35.97886],[-83.25034,35.97968]]]}},{"type":"Feature","properties":{"kind":"minor-water","name":"Hurricane Creek","ftype":460,"lengthKm":0.03,"hu8":"06010106","pid":"{D64EF1B0-F86B-45A1-82BB-B893DD109B1D}"},"geometry":{"type":"MultiLineString","coordinates":[[[-82.991,35.7266],[-82.99134,35.72656]]]}},{"type":"Feature","properties":{"kind":"minor-water","name":"Laurel Branch","ftype":460,"lengthKm":1.41,"hu8":"06010106","pid":"132645055"},"geometry":{"type":"MultiLineString","coordinates":[[[-83.24385,35.93772],[-83.24245,35.93785],[-83.24114,35.93665],[-83.24052,35.9356],[-83.24047,35.93415],[-83.23897,35.9316],[-83.23858,35.92966],[-83.23908,35.92718]]]}},{"type":"Feature","properties":{"kind":"minor-water","name":"Patton Branch","ftype":460,"lengthKm":0.41,"hu8":"06010106","pid":"132654567"},"geometry":{"type":"MultiLineString","coordinates":[[[-82.8753,35.53978],[-82.87591,35.54076],[-82.87716,35.54148],[-82.87815,35.54251]]]}},{"type":"Feature","properties":{"kind":"minor-water","name":"English Creek","ftype":460,"lengthKm":2.01,"hu8":"06010106","pid":"132645160"},"geometry":{"type":"MultiLineString","coordinates":[[[-83.26748,35.91101],[-83.26463,35.91009],[-83.26326,35.90915],[-83.25998,35.90837],[-83.25943,35.90717],[-83.25956,35.90604],[-83.25703,35.90465],[-83.25503,35.90455],[-83.25381,35.905],[-83.25186,35.90503],[-83.25137,35.90532],[-83.25087,35.90645],[-83.25033,35.90663]]]}},{"type":"Feature","properties":{"kind":"minor-water","name":"East Fork Pigeon River","ftype":460,"lengthKm":2.54,"hu8":"06010106","pid":"132657903"},"geometry":{"type":"MultiLineString","coordinates":[[[-82.82685,35.33734],[-82.82608,35.33746],[-82.82452,35.33705],[-82.82125,35.33719],[-82.82011,35.33678],[-82.81843,35.33701],[-82.81681,35.33821],[-82.81866,35.34042],[-82.82072,35.34139],[-82.82022,35.34281],[-82.82131,35.34483],[-82.82283,35.34669],[-82.82126,35.3484],[-82.82194,35.34964]]]}},{"type":"Feature","properties":{"kind":"minor-water","name":"Buckeye Creek","ftype":460,"lengthKm":0.4,"hu8":"06010106","pid":"132657977"},"geometry":{"type":"MultiLineString","coordinates":[[[-82.93943,35.32267],[-82.94092,35.32408],[-82.9411,35.32582]]]}},{"type":"Feature","properties":{"kind":"minor-water","name":"Fie Creek","ftype":460,"lengthKm":2.16,"hu8":"06010106","pid":"132655301"},"geometry":{"type":"MultiLineString","coordinates":[[[-83.10694,35.53981],[-83.10712,35.53757],[-83.10769,35.53706],[-83.10787,35.53612],[-83.10955,35.53501],[-83.11068,35.53343],[-83.1107,35.53194],[-83.11002,35.53123],[-83.10987,35.5301],[-83.11047,35.52845],[-83.10962,35.5275],[-83.10999,35.52575],[-83.10961,35.52437],[-83.11031,35.52211]]]}},{"type":"Feature","properties":{"kind":"minor-water","name":"Rocky Branch","ftype":460,"lengthKm":0.38,"hu8":"06010106","pid":"132657110"},"geometry":{"type":"MultiLineString","coordinates":[[[-83.01192,35.42805],[-83.01064,35.42842],[-83.0087,35.43016]]]}},{"type":"Feature","properties":{"kind":"minor-water","name":"Bald Creek","ftype":460,"lengthKm":0.38,"hu8":"06010106","pid":"132653105"},"geometry":{"type":"MultiLineString","coordinates":[[[-82.89774,35.62113],[-82.89751,35.61989],[-82.89775,35.61776]]]}},{"type":"Feature","properties":{"kind":"minor-water","name":"Fie Creek","ftype":460,"lengthKm":0.73,"hu8":"06010106","pid":"132654996"},"geometry":{"type":"MultiLineString","coordinates":[[[-83.10457,35.54563],[-83.10447,35.54341],[-83.10686,35.54108],[-83.10694,35.53981]]]}},{"type":"Feature","properties":{"kind":"minor-water","name":"West Fork Pigeon River","ftype":558,"lengthKm":0.05,"hu8":"06010106","pid":"132657276"},"geometry":{"type":"MultiLineString","coordinates":[[[-82.93039,35.41007],[-82.93053,35.41051]]]}},{"type":"Feature","properties":{"kind":"minor-water","name":"Pigeon River","ftype":558,"lengthKm":0.29,"hu8":"06010106","pid":"132655060"},"geometry":{"type":"MultiLineString","coordinates":[[[-82.86037,35.50771],[-82.85958,35.50807],[-82.85916,35.50865],[-82.85788,35.50917]]]}},{"type":"Feature","properties":{"kind":"minor-water","name":"Pigeon River","ftype":558,"lengthKm":0.84,"hu8":"06010106","pid":"132654172"},"geometry":{"type":"MultiLineString","coordinates":[[[-82.9564,35.56659],[-82.95558,35.56705],[-82.9519,35.56753],[-82.95171,35.57124]]]}},{"type":"Feature","properties":{"kind":"minor-water","name":"West Fork Pigeon River","ftype":558,"lengthKm":0.41,"hu8":"06010106","pid":"132657498"},"geometry":{"type":"MultiLineString","coordinates":[[[-82.93604,35.39765],[-82.93418,35.39835],[-82.93288,35.4001]]]}},{"type":"Feature","properties":{"kind":"minor-water","name":"Richland Creek","ftype":460,"lengthKm":0.56,"hu8":"06010106","pid":"132656590"},"geometry":{"type":"MultiLineString","coordinates":[[[-83.03769,35.4555],[-83.03546,35.45535],[-83.03186,35.45661]]]}},{"type":"Feature","properties":{"kind":"minor-water","name":"Shelton Branch","ftype":460,"lengthKm":1.11,"hu8":"06010106","pid":"132655556"},"geometry":{"type":"MultiLineString","coordinates":[[[-82.98327,35.49263],[-82.98261,35.49303],[-82.9826,35.49399],[-82.98108,35.49674],[-82.97947,35.49833],[-82.97954,35.50085],[-82.98004,35.50151]]]}},{"type":"Feature","properties":{"kind":"minor-water","name":"East Fork Pigeon River","ftype":558,"lengthKm":0.02,"hu8":"06010106","pid":"132655813"},"geometry":{"type":"MultiLineString","coordinates":[[[-82.8698,35.46562],[-82.86991,35.46582]]]}},{"type":"Feature","properties":{"kind":"minor-water","name":"McElroy Branch","ftype":460,"lengthKm":0.92,"hu8":"06010106","pid":"132654865"},"geometry":{"type":"MultiLineString","coordinates":[[[-82.99377,35.54345],[-82.99426,35.54175],[-82.99407,35.54069],[-82.99436,35.53974],[-82.994,35.53598],[-82.99363,35.53533]]]}},{"type":"Feature","properties":{"kind":"minor-water","name":"Ugly Creek","ftype":558,"lengthKm":0,"hu8":"06010106","pid":"132657482"},"geometry":{"type":"MultiLineString","coordinates":[[[-82.81413,35.38509],[-82.81409,35.38511]]]}},{"type":"Feature","properties":{"kind":"minor-water","name":"Cameron Branch","ftype":460,"lengthKm":2.03,"hu8":"06010106","pid":"132645158"},"geometry":{"type":"MultiLineString","coordinates":[[[-83.14084,35.89272],[-83.14119,35.89391],[-83.1426,35.89536],[-83.14323,35.89697],[-83.14371,35.8973],[-83.1452,35.89765],[-83.14904,35.89955],[-83.15141,35.8997],[-83.15422,35.90066],[-83.15569,35.90038],[-83.15744,35.90081],[-83.15806,35.90166]]]}},{"type":"Feature","properties":{"kind":"minor-water","name":"Sinking Creek","ftype":460,"lengthKm":1.27,"hu8":"06010106","pid":"132644906"},"geometry":{"type":"MultiLineString","coordinates":[[[-83.20961,35.97006],[-83.20996,35.97281],[-83.21055,35.97372],[-83.20959,35.97486],[-83.20879,35.97504],[-83.20816,35.97477],[-83.20775,35.97509],[-83.2071,35.97717],[-83.20581,35.97789],[-83.20653,35.97881]]]}},{"type":"Feature","properties":{"kind":"minor-water","name":"Boomer Inn Branch","ftype":460,"lengthKm":0.89,"hu8":"06010106","pid":"132657843"},"geometry":{"type":"MultiLineString","coordinates":[[[-82.96191,35.37336],[-82.95997,35.3726],[-82.95725,35.37099],[-82.95678,35.36999],[-82.95491,35.36805]]]}},{"type":"Feature","properties":{"kind":"minor-water","name":"East Fork Pigeon River","ftype":460,"lengthKm":1.77,"hu8":"06010106","pid":"132657831"},"geometry":{"type":"MultiLineString","coordinates":[[[-82.81849,35.35436],[-82.81811,35.35555],[-82.81665,35.356],[-82.81771,35.35751],[-82.81715,35.3577],[-82.81499,35.35738],[-82.81371,35.3593],[-82.81408,35.36101],[-82.8186,35.36311],[-82.81915,35.36421]]]}},{"type":"Feature","properties":{"kind":"minor-water","name":"Hurricane Creek","ftype":460,"lengthKm":0.12,"hu8":"06010106","pid":"{ADC4DEDE-DCB2-43DB-8712-1155E9E886BA}"},"geometry":{"type":"MultiLineString","coordinates":[[[-83.0075,35.71655],[-83.00858,35.71722]]]}},{"type":"Feature","properties":{"kind":"minor-water","name":"Dicks Branch","ftype":460,"lengthKm":0.07,"hu8":"06010106","pid":"{7C95D361-CD71-446F-9625-60FA7DC9840F}"},"geometry":{"type":"MultiLineString","coordinates":[[[-83.0512,35.71372],[-83.05045,35.71396]]]}},{"type":"Feature","properties":{"kind":"minor-water","name":"Stillhouse Branch","ftype":558,"lengthKm":0,"hu8":"06010106","pid":"{AF5A9CB7-D8F1-4EAE-AE31-231E6EE37370}"},"geometry":{"type":"MultiLineString","coordinates":[[[-83.22777,35.78793],[-83.22775,35.78795]]]}},{"type":"Feature","properties":{"kind":"minor-water","name":"Stillhouse Branch","ftype":460,"lengthKm":0.59,"hu8":"06010106","pid":"{0F982BCD-B54A-495A-A452-FA6113A5688C}"},"geometry":{"type":"MultiLineString","coordinates":[[[-83.22218,35.77881],[-83.22202,35.77959],[-83.22241,35.78105],[-83.22285,35.78126],[-83.22275,35.78203],[-83.22342,35.78379]]]}},{"type":"Feature","properties":{"kind":"minor-water","name":"Jacks Branch","ftype":460,"lengthKm":0.17,"hu8":"06010106","pid":"{0456431C-B8D8-403F-AF4A-F112BF3C8669}"},"geometry":{"type":"MultiLineString","coordinates":[[[-82.94315,35.71454],[-82.9447,35.71364]]]}},{"type":"Feature","properties":{"kind":"minor-water","name":"Dicks Branch","ftype":460,"lengthKm":0.33,"hu8":"06010106","pid":"{0D7C3728-519A-46D1-BB01-025EFEADFF14}"},"geometry":{"type":"MultiLineString","coordinates":[[[-83.06033,35.70759],[-83.05742,35.70944]]]}},{"type":"Feature","properties":{"kind":"minor-water","name":"Hurricane Creek","ftype":460,"lengthKm":0.19,"hu8":"06010106","pid":"{0A9B47FC-C18B-4AB7-92E7-40204300C889}"},"geometry":{"type":"MultiLineString","coordinates":[[[-83.01505,35.7181],[-83.0153,35.71803],[-83.01605,35.71882],[-83.01664,35.71883]]]}},{"type":"Feature","properties":{"kind":"minor-water","name":"Hurricane Creek","ftype":460,"lengthKm":0.07,"hu8":"06010106","pid":"{FB7F5256-9AB8-4471-A6E2-E78DA2DB13F4}"},"geometry":{"type":"MultiLineString","coordinates":[[[-83.00965,35.71773],[-83.01036,35.71783]]]}},{"type":"Feature","properties":{"kind":"minor-water","name":"Hurricane Creek","ftype":460,"lengthKm":0.13,"hu8":"06010106","pid":"{F13E0304-76FC-47D0-BDF2-782BED441B77}"},"geometry":{"type":"MultiLineString","coordinates":[[[-83.01036,35.71783],[-83.01177,35.71765]]]}},{"type":"Feature","properties":{"kind":"minor-water","name":"Hurricane Creek","ftype":460,"lengthKm":0.17,"hu8":"06010106","pid":"{98E05EC5-080B-45C1-853B-A5F4EEEB8F1C}"},"geometry":{"type":"MultiLineString","coordinates":[[[-82.98714,35.72958],[-82.98861,35.72862]]]}},{"type":"Feature","properties":{"kind":"minor-water","name":"Hunter Branch","ftype":460,"lengthKm":0.19,"hu8":"06010106","pid":"{2767F363-7C6E-41EA-A750-A3D125B7A542}"},"geometry":{"type":"MultiLineString","coordinates":[[[-83.00569,35.73273],[-83.00629,35.73324],[-83.00749,35.73335]]]}},{"type":"Feature","properties":{"kind":"minor-water","name":"Hurricane Creek","ftype":460,"lengthKm":0.11,"hu8":"06010106","pid":"{1707E983-EACC-4624-96CA-03B09E56FF0B}"},"geometry":{"type":"MultiLineString","coordinates":[[[-82.97511,35.73117],[-82.97624,35.73084]]]}},{"type":"Feature","properties":{"kind":"minor-water","name":"Puncheon Camp Branch","ftype":460,"lengthKm":0.02,"hu8":"06010106","pid":"{4D6D69C1-5B4B-4C32-B2E2-A779133C6B58}"},"geometry":{"type":"MultiLineString","coordinates":[[[-83.05104,35.73902],[-83.05085,35.73912]]]}},{"type":"Feature","properties":{"kind":"minor-water","name":"Beantown Creek","ftype":460,"lengthKm":0.01,"hu8":"06010106","pid":"{3FADCF97-EF2E-4AE6-8340-9753B4B9DFA3}"},"geometry":{"type":"MultiLineString","coordinates":[[[-83.05347,35.58459],[-83.05342,35.58457]]]}},{"type":"Feature","properties":{"kind":"minor-water","name":"Beantown Creek","ftype":460,"lengthKm":0.26,"hu8":"06010106","pid":"{76F7C568-A9A8-4DB5-97F8-D4E2C89F39B2}"},"geometry":{"type":"MultiLineString","coordinates":[[[-83.03718,35.57518],[-83.03684,35.57445],[-83.03725,35.57295]]]}},{"type":"Feature","properties":{"kind":"minor-water","name":"Wright Branch","ftype":460,"lengthKm":0.11,"hu8":"06010106","pid":"{3D59F6EA-1E4D-4962-8FDD-A22E15D78583}"},"geometry":{"type":"MultiLineString","coordinates":[[[-83.02254,35.62877],[-83.0214,35.62842]]]}},{"type":"Feature","properties":{"kind":"minor-water","name":"Chambers Branch","ftype":460,"lengthKm":0.45,"hu8":"06010106","pid":"132654311"},"geometry":{"type":"MultiLineString","coordinates":[[[-82.90982,35.55702],[-82.9099,35.55301]]]}},{"type":"Feature","properties":{"kind":"minor-water","name":"Jonathans Creek","ftype":460,"lengthKm":0.82,"hu8":"06010106","pid":"132655329"},"geometry":{"type":"MultiLineString","coordinates":[[[-83.09261,35.51904],[-83.09076,35.51855],[-83.08949,35.51859],[-83.08835,35.51804],[-83.08679,35.5182],[-83.08559,35.51781],[-83.08396,35.51782]]]}},{"type":"Feature","properties":{"kind":"minor-water","name":"Queen Creek","ftype":460,"lengthKm":0.72,"hu8":"06010106","pid":"132657743"},"geometry":{"type":"MultiLineString","coordinates":[[[-82.96009,35.38448],[-82.95785,35.38355],[-82.95634,35.38216],[-82.95376,35.38061]]]}},{"type":"Feature","properties":{"kind":"minor-water","name":"Pigeon River","ftype":558,"lengthKm":0.96,"hu8":"06010106","pid":"132655512"},"geometry":{"type":"MultiLineString","coordinates":[[[-82.88367,35.48296],[-82.88353,35.48485],[-82.88064,35.48824],[-82.8799,35.48954],[-82.87992,35.49069]]]}},{"type":"Feature","properties":{"kind":"minor-water","name":"Big Spring Branch","ftype":460,"lengthKm":2.39,"hu8":"06010106","pid":"132655186"},"geometry":{"type":"MultiLineString","coordinates":[[[-83.06091,35.53542],[-83.05994,35.53374],[-83.05939,35.53168],[-83.05917,35.52724],[-83.05517,35.52655],[-83.05363,35.52585],[-83.05251,35.52473],[-83.05141,35.5228],[-83.04742,35.52134],[-83.04646,35.52044]]]}},{"type":"Feature","properties":{"kind":"minor-water","name":"Fie Creek","ftype":460,"lengthKm":0.96,"hu8":"06010106","pid":"132654811"},"geometry":{"type":"MultiLineString","coordinates":[[[-83.09988,35.56045],[-83.09849,35.5575],[-83.09907,35.55369],[-83.09995,35.55221]]]}},{"type":"Feature","properties":{"kind":"minor-water","name":"Little East Fork Pigeon River","ftype":460,"lengthKm":0.38,"hu8":"06010106","pid":"132657642"},"geometry":{"type":"MultiLineString","coordinates":[[[-82.89551,35.38209],[-82.89549,35.38551]]]}},{"type":"Feature","properties":{"kind":"minor-water","name":"Camp Two Branch","ftype":460,"lengthKm":1.24,"hu8":"06010106","pid":"132657939"},"geometry":{"type":"MultiLineString","coordinates":[[[-82.93193,35.33485],[-82.93345,35.33538],[-82.93459,35.33633],[-82.93604,35.33669],[-82.93768,35.33801],[-82.94206,35.33908],[-82.94364,35.34008]]]}},{"type":"Feature","properties":{"kind":"minor-water","name":"Shelton Branch","ftype":460,"lengthKm":0.41,"hu8":"06010106","pid":"132656138"},"geometry":{"type":"MultiLineString","coordinates":[[[-82.9814,35.46756],[-82.98203,35.46858],[-82.98138,35.46986],[-82.98131,35.47099]]]}},{"type":"Feature","properties":{"kind":"minor-water","name":"Beaverdam Creek","ftype":460,"lengthKm":0.37,"hu8":"06010106","pid":"132653588"},"geometry":{"type":"MultiLineString","coordinates":[[[-82.8284,35.59069],[-82.82785,35.58738]]]}},{"type":"Feature","properties":{"kind":"minor-water","name":"Beaverdam Creek","ftype":460,"lengthKm":0.71,"hu8":"06010106","pid":"132653683"},"geometry":{"type":"MultiLineString","coordinates":[[[-82.82785,35.58738],[-82.82715,35.5869],[-82.82735,35.58575],[-82.82819,35.58502],[-82.82898,35.58486],[-82.8291,35.58351],[-82.82789,35.58237]]]}},{"type":"Feature","properties":{"kind":"minor-water","name":"Allen Creek","ftype":460,"lengthKm":0.09,"hu8":"06010106","pid":"132656920"},"geometry":{"type":"MultiLineString","coordinates":[[[-83.00902,35.43758],[-83.00936,35.43836]]]}},{"type":"Feature","properties":{"kind":"minor-water","name":"Laurel Branch","ftype":460,"lengthKm":0.64,"hu8":"06010106","pid":"132645142"},"geometry":{"type":"MultiLineString","coordinates":[[[-83.22525,35.91187],[-83.22406,35.91007],[-83.22255,35.90661]]]}},{"type":"Feature","properties":{"kind":"minor-water","name":"Queen Creek","ftype":460,"lengthKm":0.69,"hu8":"06010106","pid":"132657715"},"geometry":{"type":"MultiLineString","coordinates":[[[-82.96961,35.38439],[-82.9669,35.3839],[-82.96216,35.38457]]]}},{"type":"Feature","properties":{"kind":"minor-water","name":"Fall Branch","ftype":460,"lengthKm":0.28,"hu8":"06010106","pid":"132647051"},"geometry":{"type":"MultiLineString","coordinates":[[[-82.95862,35.75444],[-82.95994,35.75455],[-82.96171,35.75424]]]}},{"type":"Feature","properties":{"kind":"minor-water","name":"Dicks Branch","ftype":460,"lengthKm":0.17,"hu8":"06010106","pid":"132658018"},"geometry":{"type":"MultiLineString","coordinates":[[[-83.05514,35.71175],[-83.05333,35.71228]]]}},{"type":"Feature","properties":{"kind":"minor-water","name":"Jorden Branch","ftype":460,"lengthKm":0.75,"hu8":"06010106","pid":"132653321"},"geometry":{"type":"MultiLineString","coordinates":[[[-82.86869,35.60728],[-82.86988,35.60762],[-82.87377,35.61039],[-82.87554,35.61078]]]}},{"type":"Feature","properties":{"kind":"minor-water","name":"Johnson Branch","ftype":460,"lengthKm":2.95,"hu8":"06010106","pid":"132655783"},"geometry":{"type":"MultiLineString","coordinates":[[[-83.09218,35.49071],[-83.0924,35.49478],[-83.09333,35.49694],[-83.0939,35.50474],[-83.0948,35.50585],[-83.09697,35.50707],[-83.09888,35.50756],[-83.09956,35.50877],[-83.09974,35.51006],[-83.09853,35.51457]]]}},{"type":"Feature","properties":{"kind":"minor-water","name":"Crabtree Creek","ftype":460,"lengthKm":0.32,"hu8":"06010106","pid":"132653453"},"geometry":{"type":"MultiLineString","coordinates":[[[-82.90502,35.60382],[-82.90647,35.6043],[-82.90843,35.60398]]]}},{"type":"Feature","properties":{"kind":"minor-water","name":"Raccoon Creek","ftype":460,"lengthKm":0.38,"hu8":"06010106","pid":"132655672"},"geometry":{"type":"MultiLineString","coordinates":[[[-82.96479,35.48089],[-82.96383,35.48424]]]}},{"type":"Feature","properties":{"kind":"minor-water","name":"East Fork Pigeon River","ftype":558,"lengthKm":0.1,"hu8":"06010106","pid":"132656018"},"geometry":{"type":"MultiLineString","coordinates":[[[-82.86013,35.45988],[-82.86077,35.4592]]]}},{"type":"Feature","properties":{"kind":"minor-water","name":"Wade Branch","ftype":460,"lengthKm":0.96,"hu8":"06010106","pid":"132653312"},"geometry":{"type":"MultiLineString","coordinates":[[[-82.85179,35.60805],[-82.85543,35.60822],[-82.85876,35.60743],[-82.86095,35.60773],[-82.86222,35.6075]]]}},{"type":"Feature","properties":{"kind":"minor-water","name":"Pigeon River","ftype":558,"lengthKm":0.02,"hu8":"06010106","pid":"132655387"},"geometry":{"type":"MultiLineString","coordinates":[[[-82.87992,35.49069],[-82.87992,35.49085]]]}},{"type":"Feature","properties":{"kind":"minor-water","name":"Rogers Cove Creek","ftype":460,"lengthKm":0.58,"hu8":"06010106","pid":"132653616"},"geometry":{"type":"MultiLineString","coordinates":[[[-82.8938,35.59396],[-82.89474,35.59549],[-82.89622,35.59569],[-82.89782,35.59752]]]}},{"type":"Feature","properties":{"kind":"minor-water","name":"Pigeon River","ftype":558,"lengthKm":0.05,"hu8":"06010106","pid":"132653828"},"geometry":{"type":"MultiLineString","coordinates":[[[-82.95399,35.58858],[-82.95425,35.58899]]]}},{"type":"Feature","properties":{"kind":"minor-water","name":"Long Branch","ftype":460,"lengthKm":1.1,"hu8":"06010106","pid":"132653178"},"geometry":{"type":"MultiLineString","coordinates":[[[-82.81674,35.60832],[-82.81777,35.60698],[-82.82046,35.60716],[-82.82375,35.60652],[-82.82574,35.6068],[-82.82678,35.60581],[-82.82731,35.60567]]]}},{"type":"Feature","properties":{"kind":"minor-water","name":"Cherry Cove Creek","ftype":460,"lengthKm":0.64,"hu8":"06010106","pid":"132657785"},"geometry":{"type":"MultiLineString","coordinates":[[[-83.02078,35.38271],[-83.01935,35.38558],[-83.01667,35.38717]]]}},{"type":"Feature","properties":{"kind":"minor-water","name":"Browning Branch","ftype":460,"lengthKm":1.01,"hu8":"06010106","pid":"132656443"},"geometry":{"type":"MultiLineString","coordinates":[[[-83.00074,35.45756],[-83.0009,35.45906],[-83.00007,35.46196],[-83.0006,35.4626],[-83.00105,35.4659],[-83.00078,35.46639]]]}},{"type":"Feature","properties":{"kind":"minor-water","name":"Liner Creek","ftype":460,"lengthKm":0.21,"hu8":"06010106","pid":"132652986"},"geometry":{"type":"MultiLineString","coordinates":[[[-82.86446,35.6225],[-82.86516,35.62208],[-82.86582,35.62099]]]}},{"type":"Feature","properties":{"kind":"minor-water","name":"Pigeon River","ftype":558,"lengthKm":0.28,"hu8":"06010106","pid":"132654353"},"geometry":{"type":"MultiLineString","coordinates":[[[-82.95095,35.55553],[-82.95014,35.55694],[-82.95058,35.55785]]]}},{"type":"Feature","properties":{"kind":"minor-water","name":"McClure Creek","ftype":460,"lengthKm":1.57,"hu8":"06010106","pid":"132657066"},"geometry":{"type":"MultiLineString","coordinates":[[[-82.94493,35.42309],[-82.94364,35.4233],[-82.94001,35.42294],[-82.93593,35.42335],[-82.93445,35.42404],[-82.93098,35.42714],[-82.92978,35.42771]]]}},{"type":"Feature","properties":{"kind":"minor-water","name":"Raccoon Creek","ftype":460,"lengthKm":0.21,"hu8":"06010106","pid":"132655744"},"geometry":{"type":"MultiLineString","coordinates":[[[-82.96176,35.47765],[-82.96404,35.47804]]]}},{"type":"Feature","properties":{"kind":"minor-water","name":"Beaverdam Creek","ftype":460,"lengthKm":0.6,"hu8":"06010106","pid":"132653355"},"geometry":{"type":"MultiLineString","coordinates":[[[-82.8289,35.60461],[-82.83003,35.60247],[-82.82991,35.60195],[-82.83079,35.5995]]]}},{"type":"Feature","properties":{"kind":"minor-water","name":"Pigeon River","ftype":558,"lengthKm":0.11,"hu8":"06010106","pid":"132654534"},"geometry":{"type":"MultiLineString","coordinates":[[[-82.84523,35.53708],[-82.84518,35.53811]]]}},{"type":"Feature","properties":{"kind":"minor-water","name":"Shiny Creek","ftype":460,"lengthKm":0.38,"hu8":"06010106","pid":"132657787"},"geometry":{"type":"MultiLineString","coordinates":[[[-82.99221,35.37913],[-82.9918,35.38249]]]}},{"type":"Feature","properties":{"kind":"minor-water","name":"Middle Prong West Fork Pigeon River","ftype":460,"lengthKm":0.54,"hu8":"06010106","pid":"132657945"},"geometry":{"type":"MultiLineString","coordinates":[[[-82.94854,35.33442],[-82.94718,35.33524],[-82.94505,35.33598],[-82.94375,35.33712]]]}},{"type":"Feature","properties":{"kind":"minor-water","name":"Pigeon River","ftype":558,"lengthKm":0.03,"hu8":"06010106","pid":"132655330"},"geometry":{"type":"MultiLineString","coordinates":[[[-82.88225,35.49513],[-82.88219,35.49537]]]}},{"type":"Feature","properties":{"kind":"minor-water","name":"East Fork Pigeon River","ftype":558,"lengthKm":0.28,"hu8":"06010106","pid":"132656478"},"geometry":{"type":"MultiLineString","coordinates":[[[-82.81423,35.43589],[-82.81354,35.43835]]]}},{"type":"Feature","properties":{"kind":"minor-water","name":"Pigeon River","ftype":558,"lengthKm":0.35,"hu8":"06010106","pid":"132654891"},"geometry":{"type":"MultiLineString","coordinates":[[[-82.84739,35.51723],[-82.84712,35.5184],[-82.84593,35.51881],[-82.84531,35.51951]]]}},{"type":"Feature","properties":{"kind":"minor-water","name":"Gaddis Branch","ftype":558,"lengthKm":0.01,"hu8":"06010106","pid":"132655120"},"geometry":{"type":"MultiLineString","coordinates":[[[-83.03094,35.5233],[-83.03107,35.52334]]]}},{"type":"Feature","properties":{"kind":"minor-water","name":"Jonathans Creek","ftype":460,"lengthKm":0.9,"hu8":"06010106","pid":"132655482"},"geometry":{"type":"MultiLineString","coordinates":[[[-83.14235,35.514],[-83.14183,35.51388],[-83.14102,35.5146],[-83.13541,35.51567],[-83.13315,35.51642]]]}},{"type":"Feature","properties":{"kind":"minor-water","name":"Pheasant Branch","ftype":460,"lengthKm":0.95,"hu8":"06010106","pid":"132645390"},"geometry":{"type":"MultiLineString","coordinates":[[[-83.20847,35.86294],[-83.20858,35.86466],[-83.21027,35.86776],[-83.2108,35.87036],[-83.21059,35.87116]]]}},{"type":"Feature","properties":{"kind":"minor-water","name":"Little East Fork Pigeon River","ftype":460,"lengthKm":0.77,"hu8":"06010106","pid":"132657858"},"geometry":{"type":"MultiLineString","coordinates":[[[-82.88549,35.35946],[-82.88853,35.3613],[-82.89026,35.36116],[-82.89126,35.36256],[-82.89168,35.36272],[-82.8917,35.36314]]]}},{"type":"Feature","properties":{"kind":"minor-water","name":"Richland Creek","ftype":558,"lengthKm":0.58,"hu8":"06010106","pid":"132655042"},"geometry":{"type":"MultiLineString","coordinates":[[[-82.97736,35.52225],[-82.97631,35.52245],[-82.97519,35.52364],[-82.97448,35.52639]]]}},{"type":"Feature","properties":{"kind":"minor-water","name":"East Fork Pigeon River","ftype":558,"lengthKm":0.04,"hu8":"06010106","pid":"132656696"},"geometry":{"type":"MultiLineString","coordinates":[[[-82.8124,35.42527],[-82.81245,35.42567]]]}},{"type":"Feature","properties":{"kind":"minor-water","name":"Pine Tree Cove Creek","ftype":460,"lengthKm":3.17,"hu8":"06010106","pid":"132655879"},"geometry":{"type":"MultiLineString","coordinates":[[[-83.08412,35.48725],[-83.08194,35.4891],[-83.08108,35.49109],[-83.07952,35.49258],[-83.07708,35.4978],[-83.07759,35.5],[-83.07745,35.5016],[-83.07785,35.50515],[-83.07721,35.5058],[-83.07608,35.50862],[-83.07473,35.51087],[-83.07164,35.51129]]]}},{"type":"Feature","properties":{"kind":"minor-water","name":"Panther Branch","ftype":460,"lengthKm":1.03,"hu8":"06010106","pid":"132656970"},"geometry":{"type":"MultiLineString","coordinates":[[[-82.8929,35.42647],[-82.89898,35.42437],[-82.90368,35.42411]]]}},{"type":"Feature","properties":{"kind":"minor-water","name":"Jo Ab Branch","ftype":460,"lengthKm":0.4,"hu8":"06010106","pid":"132653320"},"geometry":{"type":"MultiLineString","coordinates":[[[-82.86446,35.60825],[-82.86541,35.60778],[-82.86869,35.60728]]]}},{"type":"Feature","properties":{"kind":"minor-water","name":"Hungry Creek","ftype":460,"lengthKm":0.32,"hu8":"06010106","pid":"132657167"},"geometry":{"type":"MultiLineString","coordinates":[[[-82.79388,35.40044],[-82.79728,35.40106]]]}},{"type":"Feature","properties":{"kind":"minor-water","name":"Cameron Branch","ftype":460,"lengthKm":0.88,"hu8":"06010106","pid":"132645167"},"geometry":{"type":"MultiLineString","coordinates":[[[-83.12744,35.89344],[-83.12816,35.89234],[-83.13152,35.8892],[-83.13308,35.88905],[-83.13443,35.88955]]]}},{"type":"Feature","properties":{"kind":"minor-water","name":"Long Branch","ftype":460,"lengthKm":1.21,"hu8":"06010106","pid":"132654140"},"geometry":{"type":"MultiLineString","coordinates":[[[-82.92864,35.56974],[-82.93151,35.56919],[-82.93693,35.56871],[-82.93936,35.56806],[-82.9401,35.56758],[-82.9416,35.56737]]]}},{"type":"Feature","properties":{"kind":"minor-water","name":"Conner Mill Branch","ftype":460,"lengthKm":0.22,"hu8":"06010106","pid":"132655102"},"geometry":{"type":"MultiLineString","coordinates":[[[-82.90673,35.51007],[-82.9055,35.51181]]]}},{"type":"Feature","properties":{"kind":"minor-water","name":"Conner Mill Branch","ftype":460,"lengthKm":0.12,"hu8":"06010106","pid":"132655074"},"geometry":{"type":"MultiLineString","coordinates":[[[-82.9055,35.51181],[-82.90523,35.51288]]]}},{"type":"Feature","properties":{"kind":"minor-water","name":"Dicks Branch","ftype":460,"lengthKm":0.1,"hu8":"06010106","pid":"132648767"},"geometry":{"type":"MultiLineString","coordinates":[[[-83.04968,35.71414],[-83.04875,35.71462]]]}},{"type":"Feature","properties":{"kind":"minor-water","name":"Long Branch","ftype":460,"lengthKm":2.33,"hu8":"06010106","pid":"132655492"},"geometry":{"type":"MultiLineString","coordinates":[[[-83.17651,35.51755],[-83.17452,35.51739],[-83.17396,35.51678],[-83.17241,35.51611],[-83.1705,35.5157],[-83.16911,35.51573],[-83.16601,35.51678],[-83.16394,35.5182],[-83.1597,35.51865],[-83.15848,35.51971],[-83.15747,35.52001],[-83.153,35.52029]]]}},{"type":"Feature","properties":{"kind":"minor-water","name":"Richland Creek","ftype":558,"lengthKm":1.38,"hu8":"06010106","pid":"132655528"},"geometry":{"type":"MultiLineString","coordinates":[[[-82.99132,35.49466],[-82.99008,35.49647],[-82.98808,35.4968],[-82.98711,35.49775],[-82.98647,35.49906],[-82.98474,35.49965],[-82.98168,35.49998],[-82.9801,35.50152]]]}},{"type":"Feature","properties":{"kind":"minor-water","name":"Raccoon Creek","ftype":460,"lengthKm":0.18,"hu8":"06010106","pid":"132655735"},"geometry":{"type":"MultiLineString","coordinates":[[[-82.96404,35.47804],[-82.96456,35.47853],[-82.9648,35.47945]]]}},{"type":"Feature","properties":{"kind":"minor-water","name":"West Fork Pigeon River","ftype":460,"lengthKm":1.1,"hu8":"06010106","pid":"132657941"},"geometry":{"type":"MultiLineString","coordinates":[[[-82.90826,35.33022],[-82.90811,35.33076],[-82.90618,35.33254],[-82.90605,35.33375],[-82.90368,35.3347],[-82.90334,35.33832]]]}},{"type":"Feature","properties":{"kind":"minor-water","name":"West Fork Pigeon River","ftype":558,"lengthKm":0.8,"hu8":"06010106","pid":"132656910"},"geometry":{"type":"MultiLineString","coordinates":[[[-82.91804,35.42763],[-82.9184,35.42868],[-82.92029,35.43038],[-82.92325,35.43104],[-82.9247,35.4304]]]}},{"type":"Feature","properties":{"kind":"minor-water","name":"Thickety Creek","ftype":460,"lengthKm":0.88,"hu8":"06010106","pid":"132653741"},"geometry":{"type":"MultiLineString","coordinates":[[[-82.85727,35.58764],[-82.86126,35.58494],[-82.86389,35.58428],[-82.8651,35.58327]]]}},{"type":"Feature","properties":{"kind":"minor-water","name":"Cold Creek","ftype":460,"lengthKm":1.01,"hu8":"06010106","pid":"132656796"},"geometry":{"type":"MultiLineString","coordinates":[[[-82.82276,35.42267],[-82.82035,35.42361],[-82.81815,35.4239],[-82.81573,35.4253],[-82.81373,35.42522],[-82.81254,35.42567]]]}},{"type":"Feature","properties":{"kind":"minor-water","name":"Jonathans Creek","ftype":460,"lengthKm":1.07,"hu8":"06010106","pid":"132655401"},"geometry":{"type":"MultiLineString","coordinates":[[[-83.12885,35.51776],[-83.12827,35.51863],[-83.12657,35.51935],[-83.12532,35.52126],[-83.1195,35.52243]]]}},{"type":"Feature","properties":{"kind":"minor-water","name":"Little East Fork Pigeon River","ftype":460,"lengthKm":1.22,"hu8":"06010106","pid":"132657884"},"geometry":{"type":"MultiLineString","coordinates":[[[-82.87673,35.35126],[-82.88082,35.35548],[-82.88373,35.35742],[-82.88549,35.35946]]]}},{"type":"Feature","properties":{"kind":"minor-water","name":"Pigeon River","ftype":558,"lengthKm":0.2,"hu8":"06010106","pid":"132654494"},"geometry":{"type":"MultiLineString","coordinates":[[[-82.87832,35.54262],[-82.8805,35.54222]]]}},{"type":"Feature","properties":{"kind":"minor-water","name":"West Fork Pigeon River","ftype":460,"lengthKm":1.5,"hu8":"06010106","pid":"132657983"},"geometry":{"type":"MultiLineString","coordinates":[[[-82.90774,35.31551],[-82.90756,35.31721],[-82.9084,35.31799],[-82.90855,35.31997],[-82.91,35.32125],[-82.91068,35.32273],[-82.91046,35.32304],[-82.9091,35.32292],[-82.90854,35.32346],[-82.90877,35.32405],[-82.90971,35.32442],[-82.91005,35.325],[-82.91014,35.32569],[-82.90967,35.32589]]]}},{"type":"Feature","properties":{"kind":"minor-water","name":"Inman Branch","ftype":460,"lengthKm":1.26,"hu8":"06010106","pid":"132656542"},"geometry":{"type":"MultiLineString","coordinates":[[[-82.92309,35.45062],[-82.92124,35.45043],[-82.92001,35.44968],[-82.91819,35.44966],[-82.91529,35.44828],[-82.91511,35.44668],[-82.91429,35.44543],[-82.91416,35.44415]]]}},{"type":"Feature","properties":{"kind":"minor-water","name":"West Fork Pigeon River","ftype":558,"lengthKm":0.24,"hu8":"06010106","pid":"132657453"},"geometry":{"type":"MultiLineString","coordinates":[[[-82.93288,35.4001],[-82.93258,35.40222]]]}},{"type":"Feature","properties":{"kind":"minor-water","name":"Fine Branch","ftype":558,"lengthKm":0.08,"hu8":"06010106","pid":"132645045"},"geometry":{"type":"MultiLineString","coordinates":[[[-83.21251,35.92876],[-83.21204,35.92814]]]}},{"type":"Feature","properties":{"kind":"minor-water","name":"Gaddis Branch","ftype":460,"lengthKm":2.24,"hu8":"06010106","pid":"132655438"},"geometry":{"type":"MultiLineString","coordinates":[[[-83.0362,35.50567],[-83.03441,35.50608],[-83.03174,35.50788],[-83.03129,35.50858],[-83.03149,35.50946],[-83.03096,35.51247],[-83.03145,35.51586],[-83.03018,35.52061],[-83.03037,35.5217],[-83.03093,35.52231],[-83.03094,35.5233]]]}},{"type":"Feature","properties":{"kind":"minor-water","name":"Long Branch","ftype":460,"lengthKm":0.49,"hu8":"06010106","pid":"132654092"},"geometry":{"type":"MultiLineString","coordinates":[[[-82.92288,35.57074],[-82.92619,35.56953],[-82.928,35.56963]]]}},{"type":"Feature","properties":{"kind":"minor-water","name":"Old Bald Creek","ftype":460,"lengthKm":0.49,"hu8":"06010106","pid":"132657676"},"geometry":{"type":"MultiLineString","coordinates":[[[-83.02778,35.39362],[-83.02706,35.39447],[-83.02613,35.39696],[-83.02623,35.39776]]]}},{"type":"Feature","properties":{"kind":"minor-water","name":"Right Hand Prong West Fork Pigeon River","ftype":460,"lengthKm":1.19,"hu8":"06010106","pid":"132657882"},"geometry":{"type":"MultiLineString","coordinates":[[[-82.98334,35.36513],[-82.97626,35.36263],[-82.97467,35.36236],[-82.97288,35.36251],[-82.97094,35.36204]]]}},{"type":"Feature","properties":{"kind":"minor-water","name":"Allen Creek","ftype":460,"lengthKm":0.51,"hu8":"06010106","pid":"132657139"},"geometry":{"type":"MultiLineString","coordinates":[[[-83.00942,35.4258],[-83.0096,35.4269],[-83.00841,35.42872],[-83.0087,35.43016]]]}},{"type":"Feature","properties":{"kind":"minor-water","name":"Pigeon River","ftype":558,"lengthKm":0.94,"hu8":"06010106","pid":"132654079"},"geometry":{"type":"MultiLineString","coordinates":[[[-82.95159,35.5727],[-82.95199,35.57394],[-82.95324,35.5755],[-82.9532,35.57622],[-82.95104,35.57748],[-82.94818,35.57812]]]}},{"type":"Feature","properties":{"kind":"minor-water","name":"West Fork Pigeon River","ftype":558,"lengthKm":1.11,"hu8":"06010106","pid":"132657056"},"geometry":{"type":"MultiLineString","coordinates":[[[-82.92445,35.42134],[-82.92484,35.42309],[-82.92431,35.4238],[-82.92219,35.42366],[-82.92081,35.42659],[-82.91852,35.42722],[-82.91804,35.42763]]]}},{"type":"Feature","properties":{"kind":"minor-water","name":"Liner Creek","ftype":460,"lengthKm":0.66,"hu8":"06010106","pid":"132653070"},"geometry":{"type":"MultiLineString","coordinates":[[[-82.86582,35.62099],[-82.86869,35.61916],[-82.8695,35.617],[-82.87004,35.61643]]]}},{"type":"Feature","properties":{"kind":"minor-water","name":"Right Hand Prong West Fork Pigeon River","ftype":460,"lengthKm":0.59,"hu8":"06010106","pid":"132657880"},"geometry":{"type":"MultiLineString","coordinates":[[[-82.97094,35.36204],[-82.96786,35.36196],[-82.9649,35.3634]]]}},{"type":"Feature","properties":{"kind":"minor-water","name":"Jonathans Creek","ftype":460,"lengthKm":0.36,"hu8":"06010106","pid":"132655303"},"geometry":{"type":"MultiLineString","coordinates":[[[-83.11384,35.52351],[-83.11031,35.52211]]]}},{"type":"Feature","properties":{"kind":"minor-water","name":"Bald Creek","ftype":460,"lengthKm":0.4,"hu8":"06010106","pid":"132653451"},"geometry":{"type":"MultiLineString","coordinates":[[[-82.90179,35.6057],[-82.9024,35.60464],[-82.90437,35.60369],[-82.90502,35.60382]]]}},{"type":"Feature","properties":{"kind":"minor-water","name":"Right Hand Prong West Fork Pigeon River","ftype":460,"lengthKm":0.92,"hu8":"06010106","pid":"132657866"},"geometry":{"type":"MultiLineString","coordinates":[[[-82.96321,35.3644],[-82.96041,35.36536],[-82.9592,35.36706],[-82.95803,35.36792],[-82.95491,35.36805]]]}},{"type":"Feature","properties":{"kind":"minor-water","name":"Jones Cove Branch","ftype":460,"lengthKm":1.89,"hu8":"06010106","pid":"132655028"},"geometry":{"type":"MultiLineString","coordinates":[[[-82.9439,35.51922],[-82.94265,35.51973],[-82.93994,35.51929],[-82.93883,35.51959],[-82.93851,35.52008],[-82.94002,35.52804],[-82.94084,35.52887],[-82.94398,35.53039]]]}},{"type":"Feature","properties":{"kind":"minor-water","name":"East Fork Pigeon River","ftype":558,"lengthKm":0.16,"hu8":"06010106","pid":"132656140"},"geometry":{"type":"MultiLineString","coordinates":[[[-82.83496,35.45123],[-82.83606,35.45236]]]}},{"type":"Feature","properties":{"kind":"minor-water","name":"Sinking Creek","ftype":460,"lengthKm":1,"hu8":"06010106","pid":"132645163"},"geometry":{"type":"MultiLineString","coordinates":[[[-83.28614,35.90623],[-83.284,35.90765],[-83.28268,35.91],[-83.27914,35.91302]]]}},{"type":"Feature","properties":{"kind":"minor-water","name":"East Fork Pigeon River","ftype":558,"lengthKm":0.48,"hu8":"06010106","pid":"132657183"},"geometry":{"type":"MultiLineString","coordinates":[[[-82.80935,35.40152],[-82.8093,35.40238],[-82.81081,35.40391],[-82.81225,35.40485]]]}},{"type":"Feature","properties":{"kind":"minor-water","name":"Buckeye Creek","ftype":460,"lengthKm":0.28,"hu8":"06010106","pid":"132657970"},"geometry":{"type":"MultiLineString","coordinates":[[[-82.9411,35.32582],[-82.94234,35.32693],[-82.94346,35.32729]]]}},{"type":"Feature","properties":{"kind":"minor-water","name":"Liner Creek","ftype":460,"lengthKm":0.22,"hu8":"06010106","pid":"132653297"},"geometry":{"type":"MultiLineString","coordinates":[[[-82.87554,35.61078],[-82.87774,35.60987]]]}},{"type":"Feature","properties":{"kind":"minor-water","name":"Deep Gap Creek","ftype":460,"lengthKm":0.33,"hu8":"06010106","pid":"132657340"},"geometry":{"type":"MultiLineString","coordinates":[[[-82.98732,35.41324],[-82.98789,35.41278],[-82.99072,35.41302]]]}},{"type":"Feature","properties":{"kind":"minor-water","name":"East Fork Pigeon River","ftype":558,"lengthKm":0.43,"hu8":"06010106","pid":"132656162"},"geometry":{"type":"MultiLineString","coordinates":[[[-82.83657,35.45244],[-82.83812,35.45174],[-82.84107,35.45141]]]}},{"type":"Feature","properties":{"kind":"minor-water","name":"Redbank Branch","ftype":460,"lengthKm":2.51,"hu8":"06010106","pid":"132657143"},"geometry":{"type":"MultiLineString","coordinates":[[[-83.05203,35.43032],[-83.05216,35.43309],[-83.05324,35.43492],[-83.05655,35.43799],[-83.05892,35.44074],[-83.06017,35.44157],[-83.06097,35.44293],[-83.06377,35.44361],[-83.06546,35.44444],[-83.06548,35.44613],[-83.06666,35.44771]]]}},{"type":"Feature","properties":{"kind":"minor-water","name":"East Fork Pigeon River","ftype":558,"lengthKm":0.44,"hu8":"06010106","pid":"132657538"},"geometry":{"type":"MultiLineString","coordinates":[[[-82.81073,35.38231],[-82.81409,35.38511]]]}},{"type":"Feature","properties":{"kind":"minor-water","name":"Cove Field Branch","ftype":460,"lengthKm":2.33,"hu8":"06010106","pid":"132657116"},"geometry":{"type":"MultiLineString","coordinates":[[[-83.03308,35.42965],[-83.02909,35.43144],[-83.02671,35.43175],[-83.02366,35.43349],[-83.02217,35.43387],[-83.02135,35.43498],[-83.01753,35.43557],[-83.01593,35.43642],[-83.01397,35.43661],[-83.01027,35.43811]]]}},{"type":"Feature","properties":{"kind":"minor-water","name":"Old Bald Creek","ftype":558,"lengthKm":0.07,"hu8":"06010106","pid":"132657300"},"geometry":{"type":"MultiLineString","coordinates":[[[-83.00933,35.41763],[-83.00892,35.41817]]]}},{"type":"Feature","properties":{"kind":"minor-water","name":"Ike Wright Branch","ftype":460,"lengthKm":1.57,"hu8":"06010106","pid":"132645277"},"geometry":{"type":"MultiLineString","coordinates":[[[-83.14439,35.86917],[-83.14504,35.87131],[-83.14563,35.87187],[-83.14779,35.87302],[-83.15047,35.87539],[-83.15196,35.87561],[-83.15285,35.87606],[-83.1559,35.87894]]]}},{"type":"Feature","properties":{"kind":"minor-water","name":"Wolf Laurel Branch","ftype":460,"lengthKm":3.04,"hu8":"06010106","pid":"132655600"},"geometry":{"type":"MultiLineString","coordinates":[[[-83.18223,35.51265],[-83.18079,35.51243],[-83.17871,35.51099],[-83.17667,35.51136],[-83.17268,35.51046],[-83.17079,35.51041],[-83.16713,35.51149],[-83.16322,35.51332],[-83.15952,35.51416],[-83.15712,35.51402],[-83.15494,35.51301],[-83.15351,35.5131],[-83.15206,35.51125]]]}},{"type":"Feature","properties":{"kind":"minor-water","name":"Leatherwood Branch","ftype":460,"lengthKm":0.29,"hu8":"06010106","pid":"132652677"},"geometry":{"type":"MultiLineString","coordinates":[[[-82.99554,35.66293],[-82.99446,35.66417],[-82.99423,35.66525]]]}},{"type":"Feature","properties":{"kind":"minor-water","name":"Coffee Branch","ftype":460,"lengthKm":1.05,"hu8":"06010106","pid":"132655226"},"geometry":{"type":"MultiLineString","coordinates":[[[-82.85802,35.49873],[-82.85718,35.50233],[-82.85596,35.50404],[-82.85534,35.50446],[-82.85344,35.50464],[-82.85168,35.50525]]]}},{"type":"Feature","properties":{"kind":"minor-water","name":"Halltop Branch","ftype":460,"lengthKm":0.98,"hu8":"06010106","pid":"132645156"},"geometry":{"type":"MultiLineString","coordinates":[[[-83.1542,35.89442],[-83.15495,35.89482],[-83.15594,35.8962],[-83.15742,35.89736],[-83.15748,35.89896],[-83.159,35.90022],[-83.1592,35.90166]]]}},{"type":"Feature","properties":{"kind":"minor-water","name":"Mulbrook Branch","ftype":460,"lengthKm":2.07,"hu8":"06010106","pid":"132653113"},"geometry":{"type":"MultiLineString","coordinates":[[[-82.91501,35.63174],[-82.91712,35.62968],[-82.92071,35.6283],[-82.92218,35.62702],[-82.92491,35.62566],[-82.92625,35.62454],[-82.92829,35.62514],[-82.92933,35.62403],[-82.93001,35.62158],[-82.93069,35.6206]]]}},{"type":"Feature","properties":{"kind":"minor-water","name":"Crawford Creek","ftype":460,"lengthKm":0.85,"hu8":"06010106","pid":"132657246"},"geometry":{"type":"MultiLineString","coordinates":[[[-82.82012,35.40015],[-82.81922,35.40017],[-82.81667,35.40137],[-82.81557,35.40155],[-82.81183,35.39963]]]}},{"type":"Feature","properties":{"kind":"minor-water","name":"Ratcliffe Cove Branch","ftype":460,"lengthKm":0.47,"hu8":"06010106","pid":"132655361"},"geometry":{"type":"MultiLineString","coordinates":[[[-82.95314,35.5003],[-82.9542,35.50267],[-82.95402,35.50438]]]}},{"type":"Feature","properties":{"kind":"minor-water","name":"Fie Creek","ftype":460,"lengthKm":0.6,"hu8":"06010106","pid":"132654861"},"geometry":{"type":"MultiLineString","coordinates":[[[-83.09995,35.55221],[-83.10069,35.55188],[-83.10365,35.5478]]]}},{"type":"Feature","properties":{"kind":"minor-water","name":"Middle Prong West Fork Pigeon River","ftype":460,"lengthKm":0.58,"hu8":"06010106","pid":"132657927"},"geometry":{"type":"MultiLineString","coordinates":[[[-82.94364,35.34008],[-82.94359,35.34098],[-82.94434,35.34237],[-82.94484,35.34515]]]}},{"type":"Feature","properties":{"kind":"minor-water","name":"Thickety Creek","ftype":460,"lengthKm":0.45,"hu8":"06010106","pid":"132654158"},"geometry":{"type":"MultiLineString","coordinates":[[[-82.86539,35.56185],[-82.86491,35.5603],[-82.86499,35.55943],[-82.86413,35.55799]]]}},{"type":"Feature","properties":{"kind":"minor-water","name":"Turkeypen Branch","ftype":460,"lengthKm":1.63,"hu8":"06010106","pid":"132645182"},"geometry":{"type":"MultiLineString","coordinates":[[[-83.27633,35.90456],[-83.27252,35.90296],[-83.26787,35.90301],[-83.26429,35.90207],[-83.26134,35.90056],[-83.26003,35.8995]]]}},{"type":"Feature","properties":{"kind":"minor-water","name":"Big Creek","ftype":460,"lengthKm":1.68,"hu8":"06010106","pid":"132657578"},"geometry":{"type":"MultiLineString","coordinates":[[[-82.96489,35.39498],[-82.96357,35.39482],[-82.95794,35.3959],[-82.9517,35.39841],[-82.94854,35.4003],[-82.948,35.40032]]]}},{"type":"Feature","properties":{"kind":"minor-water","name":"Sinking Creek","ftype":460,"lengthKm":1.32,"hu8":"06010106","pid":"132644911"},"geometry":{"type":"MultiLineString","coordinates":[[[-83.22092,35.9751],[-83.21884,35.97371],[-83.2167,35.97305],[-83.21604,35.97324],[-83.21542,35.97265],[-83.21524,35.97175],[-83.21272,35.96962],[-83.21119,35.97011],[-83.20961,35.97006]]]}},{"type":"Feature","properties":{"kind":"minor-water","name":"Plott Creek","ftype":460,"lengthKm":0.33,"hu8":"06010106","pid":"132655939"},"geometry":{"type":"MultiLineString","coordinates":[[[-83.0499,35.4832],[-83.048,35.48283],[-83.04655,35.48216]]]}},{"type":"Feature","properties":{"kind":"minor-water","name":"Mitchell Cove Branch","ftype":558,"lengthKm":0.01,"hu8":"06010106","pid":"132655333"},"geometry":{"type":"MultiLineString","coordinates":[[[-83.06549,35.5152],[-83.06537,35.51522]]]}},{"type":"Feature","properties":{"kind":"minor-water","name":"Hurricane Creek","ftype":460,"lengthKm":0.09,"hu8":"06010106","pid":"{C5A7BF25-BA80-4C36-BD4D-8B4A45E67A51}"},"geometry":{"type":"MultiLineString","coordinates":[[[-82.9921,35.72396],[-82.99304,35.72384]]]}},{"type":"Feature","properties":{"kind":"minor-water","name":"Ike Wright Branch","ftype":460,"lengthKm":1.93,"hu8":"06010106","pid":"132645185"},"geometry":{"type":"MultiLineString","coordinates":[[[-83.1702,35.88966],[-83.17176,35.89317],[-83.17228,35.8937],[-83.17525,35.89595],[-83.17675,35.89664],[-83.17757,35.89752],[-83.17868,35.89782],[-83.17882,35.8983],[-83.17799,35.90083],[-83.17857,35.9022],[-83.17832,35.90384]]]}},{"type":"Feature","properties":{"kind":"minor-water","name":"Kyker Branch","ftype":460,"lengthKm":1.34,"hu8":"06010106","pid":"132645225"},"geometry":{"type":"MultiLineString","coordinates":[[[-83.25613,35.89045],[-83.25511,35.89002],[-83.25314,35.89092],[-83.25136,35.89121],[-83.25054,35.89196],[-83.2489,35.89245],[-83.24754,35.89393],[-83.24581,35.89438],[-83.24468,35.89621]]]}},{"type":"Feature","properties":{"kind":"minor-water","name":"Bald Creek","ftype":460,"lengthKm":0.49,"hu8":"06010106","pid":"132652494"},"geometry":{"type":"MultiLineString","coordinates":[[[-82.88399,35.66104],[-82.88389,35.66021],[-82.88452,35.65834],[-82.88397,35.65675]]]}},{"type":"Feature","properties":{"kind":"minor-water","name":"Tom Hall Branch","ftype":460,"lengthKm":0.14,"hu8":"06010106","pid":"{2406F3BD-D46B-4386-ADE5-0B4F8E207FB5}"},"geometry":{"type":"MultiLineString","coordinates":[[[-83.0289,35.75439],[-83.02958,35.75322]]]}},{"type":"Feature","properties":{"kind":"minor-water","name":"Little Fall Branch","ftype":460,"lengthKm":0.18,"hu8":"06010106","pid":"{019E5485-C9C7-4EB5-965B-E14FF495FC8F}"},"geometry":{"type":"MultiLineString","coordinates":[[[-82.98274,35.76068],[-82.98436,35.7616]]]}},{"type":"Feature","properties":{"kind":"minor-water","name":"Pheasant Branch","ftype":558,"lengthKm":0.01,"hu8":"06010106","pid":"{42D7D2BE-7550-4B30-8F16-F7F622DD8297}"},"geometry":{"type":"MultiLineString","coordinates":[[[-83.21059,35.87116],[-83.21052,35.87123]]]}},{"type":"Feature","properties":{"kind":"minor-water","name":"Little Fall Branch","ftype":460,"lengthKm":0.04,"hu8":"06010106","pid":"{02BDF15F-FB34-47B4-AD7E-900710BCB271}"},"geometry":{"type":"MultiLineString","coordinates":[[[-82.97705,35.75342],[-82.97685,35.75377]]]}},{"type":"Feature","properties":{"kind":"minor-water","name":"Dicks Branch","ftype":460,"lengthKm":0.16,"hu8":"06010106","pid":"{F7460A21-F471-41F2-8564-E9B24C669584}"},"geometry":{"type":"MultiLineString","coordinates":[[[-83.04057,35.71454],[-83.03884,35.71448]]]}},{"type":"Feature","properties":{"kind":"minor-water","name":"Watertank Branch","ftype":460,"lengthKm":0.52,"hu8":"06010106","pid":"{5D17CAAD-7D22-4DDA-8D66-D84C3D39CA36}"},"geometry":{"type":"MultiLineString","coordinates":[[[-83.12182,35.81388],[-83.12343,35.81258],[-83.12513,35.81233],[-83.12604,35.81108]]]}},{"type":"Feature","properties":{"kind":"minor-water","name":"Dicks Branch","ftype":460,"lengthKm":0.2,"hu8":"06010106","pid":"{12C7CCF2-3B42-43CB-A691-9D12CC31FEE2}"},"geometry":{"type":"MultiLineString","coordinates":[[[-83.06493,35.70713],[-83.0627,35.70693]]]}},{"type":"Feature","properties":{"kind":"minor-water","name":"Hurricane Creek","ftype":460,"lengthKm":0.1,"hu8":"06010106","pid":"{6F45E823-F77E-44F4-A630-1DB2CF856DA0}"},"geometry":{"type":"MultiLineString","coordinates":[[[-83.00227,35.71863],[-83.00339,35.71886]]]}},{"type":"Feature","properties":{"kind":"minor-water","name":"Dicks Branch","ftype":460,"lengthKm":0.29,"hu8":"06010106","pid":"{285DC759-C577-46AC-9E37-0D9421F7E63E}"},"geometry":{"type":"MultiLineString","coordinates":[[[-83.04341,35.71528],[-83.04222,35.71539],[-83.04149,35.71473],[-83.04057,35.71454]]]}},{"type":"Feature","properties":{"kind":"minor-water","name":"Hurricane Creek","ftype":460,"lengthKm":0.14,"hu8":"06010106","pid":"{E8B6D649-1B8E-449A-8EE5-08FAA8A96340}"},"geometry":{"type":"MultiLineString","coordinates":[[[-82.99927,35.7214],[-82.99957,35.7206],[-83.00002,35.72037]]]}},{"type":"Feature","properties":{"kind":"minor-water","name":"Hurricane Creek","ftype":460,"lengthKm":0.1,"hu8":"06010106","pid":"{F8F4AB29-1BEB-46FE-BFE9-DD6939319C5D}"},"geometry":{"type":"MultiLineString","coordinates":[[[-82.99604,35.72201],[-82.99705,35.72168]]]}},{"type":"Feature","properties":{"kind":"minor-water","name":"Hurricane Creek","ftype":460,"lengthKm":0.17,"hu8":"06010106","pid":"{F26EDEA0-B7EB-40E6-A37C-9795F2869944}"},"geometry":{"type":"MultiLineString","coordinates":[[[-82.98134,35.72948],[-82.98286,35.72865]]]}},{"type":"Feature","properties":{"kind":"minor-water","name":"Hurricane Creek","ftype":460,"lengthKm":0.02,"hu8":"06010106","pid":"{5FA92D55-4C48-4639-9B1F-68178DE8C983}"},"geometry":{"type":"MultiLineString","coordinates":[[[-82.97656,35.7305],[-82.97676,35.73035]]]}},{"type":"Feature","properties":{"kind":"minor-water","name":"Hurricane Creek","ftype":460,"lengthKm":0.06,"hu8":"06010106","pid":"{EC75731A-F9A4-4BB9-A657-B9AF5F6677EF}"},"geometry":{"type":"MultiLineString","coordinates":[[[-82.96436,35.7418],[-82.9643,35.74122]]]}},{"type":"Feature","properties":{"kind":"minor-water","name":"Hurricane Creek","ftype":460,"lengthKm":0.1,"hu8":"06010106","pid":"{7DD2CC5A-47B2-4A65-BEC3-E7E752E48F84}"},"geometry":{"type":"MultiLineString","coordinates":[[[-82.96461,35.73922],[-82.96457,35.73829]]]}},{"type":"Feature","properties":{"kind":"minor-water","name":"Hurricane Creek","ftype":460,"lengthKm":0.16,"hu8":"06010106","pid":"{E4E103FC-1CD5-46F6-9D6E-CA71EFB9422F}"},"geometry":{"type":"MultiLineString","coordinates":[[[-82.95772,35.7508],[-82.95831,35.75073],[-82.95922,35.75009]]]}},{"type":"Feature","properties":{"kind":"minor-water","name":"Fall Branch","ftype":460,"lengthKm":0.12,"hu8":"06010106","pid":"{FCAD22C3-9007-4DD7-A806-C32207DA8807}"},"geometry":{"type":"MultiLineString","coordinates":[[[-82.97975,35.76017],[-82.9802,35.76119]]]}},{"type":"Feature","properties":{"kind":"minor-water","name":"Beantown Creek","ftype":460,"lengthKm":0.56,"hu8":"06010106","pid":"{A51B441F-13DB-42A1-B8A3-DA14CE5A5B77}"},"geometry":{"type":"MultiLineString","coordinates":[[[-83.03725,35.57295],[-83.03737,35.57119],[-83.03692,35.56796]]]}},{"type":"Feature","properties":{"kind":"minor-water","name":"Wright Branch","ftype":558,"lengthKm":0.01,"hu8":"06010106","pid":"{5B7F8066-1D3C-481F-B0B9-69543273E27D}"},"geometry":{"type":"MultiLineString","coordinates":[[[-83.00748,35.6255],[-83.00742,35.62549]]]}},{"type":"Feature","properties":{"kind":"minor-water","name":"Dix Creek","ftype":460,"lengthKm":0.52,"hu8":"06010106","pid":"132656846"},"geometry":{"type":"MultiLineString","coordinates":[[[-82.87629,35.42611],[-82.87541,35.42817],[-82.87502,35.4306]]]}},{"type":"Feature","properties":{"kind":"minor-water","name":"Evans Branch","ftype":460,"lengthKm":1.88,"hu8":"06010106","pid":"132655152"},"geometry":{"type":"MultiLineString","coordinates":[[[-83.07946,35.54239],[-83.07943,35.5404],[-83.08059,35.537],[-83.08214,35.53586],[-83.08242,35.53503],[-83.0836,35.53416],[-83.08407,35.53212],[-83.08542,35.53102],[-83.08696,35.52853],[-83.08822,35.52799]]]}},{"type":"Feature","properties":{"kind":"minor-water","name":"Tobes Creek","ftype":460,"lengthKm":1.61,"hu8":"06010106","pid":"132647084"},"geometry":{"type":"MultiLineString","coordinates":[[[-83.14428,35.77314],[-83.13966,35.77412],[-83.13704,35.77499],[-83.13565,35.77565],[-83.13425,35.77682],[-83.13241,35.77633],[-83.1314,35.77694],[-83.13067,35.77684],[-83.1294,35.77723],[-83.12841,35.77797]]]}},{"type":"Feature","properties":{"kind":"minor-water","name":"Hyatt Creek","ftype":460,"lengthKm":2.23,"hu8":"06010106","pid":"132656355"},"geometry":{"type":"MultiLineString","coordinates":[[[-83.03488,35.46581],[-83.03228,35.46583],[-83.03015,35.46505],[-83.02701,35.4644],[-83.02294,35.4654],[-83.0203,35.46534],[-83.01835,35.46472],[-83.01571,35.46452],[-83.0127,35.46492],[-83.01127,35.4658]]]}},{"type":"Feature","properties":{"kind":"minor-water","name":"Buckeye Creek","ftype":460,"lengthKm":1.64,"hu8":"06010106","pid":"132658000"},"geometry":{"type":"MultiLineString","coordinates":[[[-82.93202,35.30975],[-82.93351,35.31148],[-82.93512,35.31428],[-82.93628,35.31495],[-82.93727,35.31718],[-82.93854,35.31836],[-82.9387,35.32087],[-82.93943,35.32267]]]}},{"type":"Feature","properties":{"kind":"minor-water","name":"Eaglenest Creek","ftype":460,"lengthKm":2.01,"hu8":"06010106","pid":"132655729"},"geometry":{"type":"MultiLineString","coordinates":[[[-83.03375,35.49421],[-83.03106,35.49245],[-83.02863,35.49164],[-83.0245,35.49124],[-83.02308,35.49142],[-83.0221,35.49104],[-83.02068,35.4902],[-83.01934,35.48856],[-83.018,35.48678],[-83.01717,35.48473]]]}},{"type":"Feature","properties":{"kind":"minor-water","name":"Mingus Branch","ftype":460,"lengthKm":1.73,"hu8":"06010106","pid":"132654807"},"geometry":{"type":"MultiLineString","coordinates":[[[-82.86403,35.52616],[-82.8632,35.52807],[-82.86257,35.53155],[-82.8616,35.53276],[-82.85695,35.53333],[-82.85469,35.53306],[-82.85427,35.53334],[-82.85132,35.53277]]]}},{"type":"Feature","properties":{"kind":"minor-water","name":"Mauney Cove Branch","ftype":460,"lengthKm":1.38,"hu8":"06010106","pid":"132655357"},"geometry":{"type":"MultiLineString","coordinates":[[[-83.02003,35.50784],[-83.01971,35.50881],[-83.014,35.51248],[-83.01248,35.51306],[-83.01091,35.51411],[-83.0095,35.51379],[-83.00795,35.51385]]]}},{"type":"Feature","properties":{"kind":"minor-water","name":"Cold Creek","ftype":460,"lengthKm":0.55,"hu8":"06010106","pid":"132656942"},"geometry":{"type":"MultiLineString","coordinates":[[[-82.83582,35.41712],[-82.8347,35.41765],[-82.83227,35.4181],[-82.83023,35.41902]]]}},{"type":"Feature","properties":{"kind":"minor-water","name":"Crawford Creek","ftype":460,"lengthKm":0.65,"hu8":"06010106","pid":"132657264"},"geometry":{"type":"MultiLineString","coordinates":[[[-82.82656,35.39938],[-82.82562,35.3996],[-82.82449,35.3989],[-82.82335,35.39887],[-82.82012,35.40015]]]}},{"type":"Feature","properties":{"kind":"minor-water","name":"Sinking Creek","ftype":460,"lengthKm":2.21,"hu8":"06010106","pid":"132644975"},"geometry":{"type":"MultiLineString","coordinates":[[[-83.25562,35.94948],[-83.25515,35.95131],[-83.25528,35.95347],[-83.25613,35.95634],[-83.25528,35.96007],[-83.25242,35.9626],[-83.25208,35.96368],[-83.25031,35.96628],[-83.24877,35.96725]]]}},{"type":"Feature","properties":{"kind":"minor-water","name":"Laurel Branch","ftype":460,"lengthKm":1.49,"hu8":"06010106","pid":"132653044"},"geometry":{"type":"MultiLineString","coordinates":[[[-83.00781,35.63923],[-83.00659,35.6391],[-83.00582,35.63823],[-83.00437,35.6377],[-83.00257,35.63632],[-82.999,35.63518],[-82.99743,35.63404],[-82.9954,35.63128]]]}},{"type":"Feature","properties":{"kind":"minor-water","name":"Schoolhouse Branch","ftype":460,"lengthKm":1.05,"hu8":"06010106","pid":"132657108"},"geometry":{"type":"MultiLineString","coordinates":[[[-82.88079,35.41432],[-82.88658,35.41422],[-82.89204,35.41572]]]}},{"type":"Feature","properties":{"kind":"minor-water","name":"West Fork Pigeon River","ftype":558,"lengthKm":0.31,"hu8":"06010106","pid":"132656574"},"geometry":{"type":"MultiLineString","coordinates":[[[-82.91765,35.44411],[-82.91635,35.44389],[-82.91423,35.44407]]]}},{"type":"Feature","properties":{"kind":"minor-water","name":"Old Bald Creek","ftype":460,"lengthKm":0.43,"hu8":"06010106","pid":"132657719"},"geometry":{"type":"MultiLineString","coordinates":[[[-83.03023,35.39036],[-83.02911,35.39116],[-83.02778,35.39362]]]}},{"type":"Feature","properties":{"kind":"minor-water","name":"Bird Creek","ftype":460,"lengthKm":1.39,"hu8":"06010106","pid":"132655763"},"geometry":{"type":"MultiLineString","coordinates":[[[-82.89719,35.4701],[-82.89669,35.46977],[-82.89398,35.46991],[-82.89201,35.47069],[-82.89138,35.47058],[-82.88402,35.47497]]]}},{"type":"Feature","properties":{"kind":"minor-water","name":"Bald Creek","ftype":460,"lengthKm":0.2,"hu8":"06010106","pid":"132652650"},"geometry":{"type":"MultiLineString","coordinates":[[[-82.88795,35.64828],[-82.88909,35.64679]]]}},{"type":"Feature","properties":{"kind":"minor-water","name":"Browning Branch","ftype":460,"lengthKm":1.01,"hu8":"06010106","pid":"132656750"},"geometry":{"type":"MultiLineString","coordinates":[[[-82.98648,35.44231],[-82.98852,35.44346],[-82.99079,35.44318],[-82.99184,35.44385],[-82.99431,35.4439],[-82.9966,35.44482]]]}},{"type":"Feature","properties":{"kind":"minor-water","name":"East Fork Pigeon River","ftype":558,"lengthKm":0.05,"hu8":"06010106","pid":"132657026"},"geometry":{"type":"MultiLineString","coordinates":[[[-82.80844,35.41187],[-82.8082,35.41231]]]}},{"type":"Feature","properties":{"kind":"minor-water","name":"East Fork Pigeon River","ftype":558,"lengthKm":0.13,"hu8":"06010106","pid":"132655726"},"geometry":{"type":"MultiLineString","coordinates":[[[-82.87162,35.46861],[-82.87202,35.46973]]]}},{"type":"Feature","properties":{"kind":"minor-water","name":"Dry Branch","ftype":460,"lengthKm":0.9,"hu8":"06010106","pid":"132648343"},"geometry":{"type":"MultiLineString","coordinates":[[[-83.19074,35.73089],[-83.19198,35.73377],[-83.19642,35.73734]]]}},{"type":"Feature","properties":{"kind":"minor-water","name":"West Fork Pigeon River","ftype":558,"lengthKm":0.26,"hu8":"06010106","pid":"132657175"},"geometry":{"type":"MultiLineString","coordinates":[[[-82.92907,35.4154],[-82.92732,35.41726]]]}},{"type":"Feature","properties":{"kind":"minor-water","name":"Crabtree Creek","ftype":460,"lengthKm":0.44,"hu8":"06010106","pid":"132653622"},"geometry":{"type":"MultiLineString","coordinates":[[[-82.92157,35.59687],[-82.92276,35.59731],[-82.92531,35.59754],[-82.92604,35.59803]]]}},{"type":"Feature","properties":{"kind":"minor-water","name":"Burnett Creek","ftype":460,"lengthKm":0.53,"hu8":"06010106","pid":"132656490"},"geometry":{"type":"MultiLineString","coordinates":[[[-82.83087,35.43751],[-82.8317,35.43942],[-82.83203,35.44217]]]}},{"type":"Feature","properties":{"kind":"minor-water","name":"McElroy Branch","ftype":460,"lengthKm":1.28,"hu8":"06010106","pid":"132655010"},"geometry":{"type":"MultiLineString","coordinates":[[[-82.99363,35.53533],[-82.99289,35.53404],[-82.99099,35.53276],[-82.98986,35.53002],[-82.98983,35.5289],[-82.98858,35.52739],[-82.98853,35.52612],[-82.98781,35.52529]]]}},{"type":"Feature","properties":{"kind":"minor-water","name":"Jonathans Creek","ftype":558,"lengthKm":0.29,"hu8":"06010106","pid":"132655332"},"geometry":{"type":"MultiLineString","coordinates":[[[-83.06537,35.51522],[-83.06507,35.51646],[-83.06358,35.51598]]]}},{"type":"Feature","properties":{"kind":"minor-water","name":"Beaverdam Creek","ftype":460,"lengthKm":0.29,"hu8":"06010106","pid":"132653728"},"geometry":{"type":"MultiLineString","coordinates":[[[-82.82789,35.58237],[-82.82773,35.58124],[-82.82867,35.57996]]]}},{"type":"Feature","properties":{"kind":"minor-water","name":"Burnett Creek","ftype":460,"lengthKm":0.18,"hu8":"06010106","pid":"132656373"},"geometry":{"type":"MultiLineString","coordinates":[[[-82.83203,35.44217],[-82.83289,35.44273],[-82.83316,35.44344]]]}},{"type":"Feature","properties":{"kind":"minor-water","name":"Murray Branch","ftype":460,"lengthKm":2.52,"hu8":"06010106","pid":"132654215"},"geometry":{"type":"MultiLineString","coordinates":[[[-82.84799,35.57353],[-82.84894,35.57156],[-82.84883,35.5706],[-82.84922,35.56995],[-82.85143,35.56868],[-82.85221,35.56733],[-82.85268,35.56467],[-82.85245,35.56243],[-82.85123,35.55905],[-82.85172,35.55741],[-82.85196,35.55384],[-82.85266,35.55252]]]}},{"type":"Feature","properties":{"kind":"minor-water","name":"Ratcliffe Cove Branch","ftype":460,"lengthKm":0.51,"hu8":"06010106","pid":"132655317"},"geometry":{"type":"MultiLineString","coordinates":[[[-82.95882,35.50728],[-82.95956,35.50687],[-82.96007,35.50598],[-82.96042,35.50602],[-82.96108,35.50545],[-82.96324,35.50529]]]}},{"type":"Feature","properties":{"kind":"minor-water","name":"Crabtree Creek","ftype":460,"lengthKm":0.9,"hu8":"06010106","pid":"132653629"},"geometry":{"type":"MultiLineString","coordinates":[[[-82.93413,35.59799],[-82.93413,35.59963],[-82.93633,35.60129],[-82.93667,35.60249],[-82.93801,35.60231],[-82.93997,35.60278]]]}},{"type":"Feature","properties":{"kind":"minor-water","name":"Pigeon River","ftype":558,"lengthKm":0.81,"hu8":"06010106","pid":"132655297"},"geometry":{"type":"MultiLineString","coordinates":[[[-82.8795,35.49661],[-82.87876,35.49754],[-82.87479,35.49735],[-82.87239,35.49955]]]}},{"type":"Feature","properties":{"kind":"minor-water","name":"East Fork Pigeon River","ftype":558,"lengthKm":0.08,"hu8":"06010106","pid":"132656688"},"geometry":{"type":"MultiLineString","coordinates":[[[-82.81245,35.42567],[-82.81225,35.42639]]]}},{"type":"Feature","properties":{"kind":"minor-water","name":"Raccoon Creek","ftype":558,"lengthKm":0.01,"hu8":"06010106","pid":"132655148"},"geometry":{"type":"MultiLineString","coordinates":[[[-82.96955,35.51508],[-82.96965,35.51506]]]}},{"type":"Feature","properties":{"kind":"minor-water","name":"Hurricane Creek","ftype":460,"lengthKm":0.23,"hu8":"06010106","pid":"132648224"},"geometry":{"type":"MultiLineString","coordinates":[[[-83.01177,35.71765],[-83.01385,35.71882]]]}},{"type":"Feature","properties":{"kind":"minor-water","name":"Anderson Creek","ftype":460,"lengthKm":0.36,"hu8":"06010106","pid":"132656568"},"geometry":{"type":"MultiLineString","coordinates":[[[-82.83171,35.43441],[-82.83111,35.43515],[-82.83087,35.43751]]]}},{"type":"Feature","properties":{"kind":"minor-water","name":"Harley Branch","ftype":460,"lengthKm":1.31,"hu8":"06010106","pid":"132655738"},"geometry":{"type":"MultiLineString","coordinates":[[[-82.80306,35.46809],[-82.80503,35.46742],[-82.80625,35.46598],[-82.80771,35.46515],[-82.81123,35.46196],[-82.8143,35.46126]]]}},{"type":"Feature","properties":{"kind":"minor-water","name":"McMahan Branch","ftype":460,"lengthKm":2,"hu8":"06010106","pid":"132645093"},"geometry":{"type":"MultiLineString","coordinates":[[[-83.14214,35.91008],[-83.1457,35.91151],[-83.15044,35.91057],[-83.15452,35.91158],[-83.1578,35.91079],[-83.15878,35.9098],[-83.15941,35.90857],[-83.16143,35.90746]]]}},{"type":"Feature","properties":{"kind":"minor-water","name":"Poplar Branch","ftype":460,"lengthKm":1.45,"hu8":"06010106","pid":"132656672"},"geometry":{"type":"MultiLineString","coordinates":[[[-82.9346,35.44545],[-82.93384,35.4453],[-82.92901,35.44189],[-82.92646,35.44081],[-82.92352,35.43851],[-82.92163,35.43827]]]}},{"type":"Feature","properties":{"kind":"minor-water","name":"Mine Branch","ftype":460,"lengthKm":0.68,"hu8":"06010106","pid":"132655572"},"geometry":{"type":"MultiLineString","coordinates":[[[-83.06386,35.50031],[-83.06418,35.50593],[-83.06382,35.5063]]]}},{"type":"Feature","properties":{"kind":"minor-water","name":"Dicks Branch","ftype":460,"lengthKm":0.25,"hu8":"06010106","pid":"132649060"},"geometry":{"type":"MultiLineString","coordinates":[[[-83.05333,35.71228],[-83.0512,35.71372]]]}},{"type":"Feature","properties":{"kind":"minor-water","name":"Shining Creek","ftype":460,"lengthKm":1.79,"hu8":"06010106","pid":"132657833"},"geometry":{"type":"MultiLineString","coordinates":[[[-82.83384,35.35678],[-82.83252,35.35723],[-82.83132,35.35717],[-82.83095,35.35761],[-82.82964,35.35804],[-82.82839,35.3591],[-82.82465,35.35907],[-82.82194,35.35799],[-82.82133,35.35734],[-82.82119,35.35566],[-82.82037,35.35459],[-82.81849,35.35436]]]}},{"type":"Feature","properties":{"kind":"minor-water","name":"Laurel Branch","ftype":460,"lengthKm":1.59,"hu8":"06010106","pid":"132645106"},"geometry":{"type":"MultiLineString","coordinates":[[[-83.23834,35.92423],[-83.2382,35.92356],[-83.23852,35.92282],[-83.23698,35.9201],[-83.23493,35.91893],[-83.23384,35.91765],[-83.23293,35.91558],[-83.22959,35.91259]]]}},{"type":"Feature","properties":{"kind":"minor-water","name":"Richland Creek","ftype":460,"lengthKm":0.3,"hu8":"06010106","pid":"132656602"},"geometry":{"type":"MultiLineString","coordinates":[[[-83.04077,35.45523],[-83.03976,35.4552],[-83.03867,35.45569],[-83.03769,35.4555]]]}},{"type":"Feature","properties":{"kind":"minor-water","name":"Indian Camp Creek","ftype":460,"lengthKm":0.41,"hu8":"06010106","pid":"132647662"},"geometry":{"type":"MultiLineString","coordinates":[[[-83.26662,35.7742],[-83.26565,35.77631],[-83.26678,35.77741]]]}},{"type":"Feature","properties":{"kind":"minor-water","name":"Deep Gap Creek","ftype":460,"lengthKm":1.01,"hu8":"06010106","pid":"132657447"},"geometry":{"type":"MultiLineString","coordinates":[[[-82.97094,35.40472],[-82.97221,35.40616],[-82.97261,35.40728],[-82.97839,35.41129]]]}},{"type":"Feature","properties":{"kind":"minor-water","name":"O'Neil Branch","ftype":460,"lengthKm":0.47,"hu8":"06010106","pid":"132644898"},"geometry":{"type":"MultiLineString","coordinates":[[[-83.25589,35.97778],[-83.25504,35.97826],[-83.25329,35.97833],[-83.25255,35.97882],[-83.25107,35.97886]]]}},{"type":"Feature","properties":{"kind":"minor-water","name":"Cold Creek","ftype":460,"lengthKm":0.92,"hu8":"06010106","pid":"132657006"},"geometry":{"type":"MultiLineString","coordinates":[[[-82.84936,35.41734],[-82.84774,35.41772],[-82.84595,35.41863],[-82.84134,35.41796],[-82.83986,35.41728]]]}},{"type":"Feature","properties":{"kind":"minor-water","name":"West Fork Pigeon River","ftype":558,"lengthKm":0.21,"hu8":"06010106","pid":"132657323"},"geometry":{"type":"MultiLineString","coordinates":[[[-82.93121,35.4074],[-82.9306,35.40921]]]}},{"type":"Feature","properties":{"kind":"minor-water","name":"Rabbitskin Branch","ftype":460,"lengthKm":1.07,"hu8":"06010106","pid":"132653521"},"geometry":{"type":"MultiLineString","coordinates":[[[-82.99171,35.6093],[-82.99197,35.61022],[-82.99134,35.61382],[-82.99233,35.6157],[-82.99224,35.61653],[-82.99142,35.61782],[-82.99173,35.61853]]]}},{"type":"Feature","properties":{"kind":"minor-water","name":"Factory Branch","ftype":460,"lengthKm":0.29,"hu8":"06010106","pid":"132654993"},"geometry":{"type":"MultiLineString","coordinates":[[[-83.00202,35.52829],[-82.99896,35.52901]]]}},{"type":"Feature","properties":{"kind":"minor-water","name":"Plott Creek","ftype":460,"lengthKm":0.28,"hu8":"06010106","pid":"132655950"},"geometry":{"type":"MultiLineString","coordinates":[[[-83.06204,35.48457],[-83.06008,35.48415],[-83.05944,35.48348]]]}},{"type":"Feature","properties":{"kind":"minor-water","name":"Rush Fork","ftype":460,"lengthKm":0.04,"hu8":"06010106","pid":"132652924"},"geometry":{"type":"MultiLineString","coordinates":[[[-82.94252,35.63326],[-82.94266,35.63295]]]}},{"type":"Feature","properties":{"kind":"minor-water","name":"Morell Springs Branch","ftype":460,"lengthKm":0.73,"hu8":"06010106","pid":"132644977"},"geometry":{"type":"MultiLineString","coordinates":[[[-83.19959,35.94225],[-83.19765,35.94352],[-83.19601,35.94552],[-83.19391,35.94689]]]}},{"type":"Feature","properties":{"kind":"minor-water","name":"Dicks Branch","ftype":460,"lengthKm":0.29,"hu8":"06010106","pid":"132648567"},"geometry":{"type":"MultiLineString","coordinates":[[[-83.04715,35.71542],[-83.04531,35.71607],[-83.04419,35.71584]]]}},{"type":"Feature","properties":{"kind":"minor-water","name":"Little Fall Branch","ftype":460,"lengthKm":0.69,"hu8":"06010106","pid":"132647270"},"geometry":{"type":"MultiLineString","coordinates":[[[-82.97442,35.74489],[-82.97616,35.74553],[-82.97751,35.74689],[-82.97719,35.74869],[-82.97737,35.74979]]]}},{"type":"Feature","properties":{"kind":"minor-water","name":"Shining Creek","ftype":460,"lengthKm":0.52,"hu8":"06010106","pid":"132657823"},"geometry":{"type":"MultiLineString","coordinates":[[[-82.83896,35.35875],[-82.83702,35.3578],[-82.83384,35.35678]]]}},{"type":"Feature","properties":{"kind":"minor-water","name":"East Fork Pigeon River","ftype":558,"lengthKm":0.54,"hu8":"06010106","pid":"132656284"},"geometry":{"type":"MultiLineString","coordinates":[[[-82.82001,35.44486],[-82.82161,35.44955]]]}},{"type":"Feature","properties":{"kind":"minor-water","name":"Bird Creek","ftype":558,"lengthKm":0.01,"hu8":"06010106","pid":"132655642"},"geometry":{"type":"MultiLineString","coordinates":[[[-82.88402,35.47497],[-82.88391,35.47505]]]}},{"type":"Feature","properties":{"kind":"minor-water","name":"East Fork Pigeon River","ftype":558,"lengthKm":0.05,"hu8":"06010106","pid":"132655861"},"geometry":{"type":"MultiLineString","coordinates":[[[-82.8436,35.46127],[-82.84416,35.46132]]]}},{"type":"Feature","properties":{"kind":"minor-water","name":"Ratcliffe Cove Branch","ftype":460,"lengthKm":1.86,"hu8":"06010106","pid":"132655328"},"geometry":{"type":"MultiLineString","coordinates":[[[-82.92699,35.50022],[-82.92707,35.50104],[-82.93007,35.50288],[-82.93033,35.50374],[-82.93085,35.5041],[-82.93594,35.506],[-82.93873,35.50578],[-82.94068,35.50506],[-82.94179,35.5051],[-82.94387,35.50427]]]}},{"type":"Feature","properties":{"kind":"minor-water","name":"West Fork Pigeon River","ftype":558,"lengthKm":2.8,"hu8":"06010106","pid":"132656229"},"geometry":{"type":"MultiLineString","coordinates":[[[-82.9039,35.45636],[-82.90517,35.45786],[-82.90261,35.45866],[-82.90169,35.45995],[-82.90103,35.46232],[-82.89813,35.46558],[-82.89501,35.46733],[-82.89195,35.46744],[-82.88783,35.46853],[-82.8867,35.46914],[-82.88471,35.47157]]]}},{"type":"Feature","properties":{"kind":"minor-water","name":"Nick Creek","ftype":460,"lengthKm":0.59,"hu8":"06010106","pid":"132656794"},"geometry":{"type":"MultiLineString","coordinates":[[[-82.93901,35.43601],[-82.93764,35.4358],[-82.93598,35.43603],[-82.93277,35.43501]]]}},{"type":"Feature","properties":{"kind":"minor-water","name":"Coldspring Branch","ftype":460,"lengthKm":2.22,"hu8":"06010106","pid":"132645210"},"geometry":{"type":"MultiLineString","coordinates":[[[-83.2828,35.89922],[-83.28104,35.89884],[-83.27939,35.8998],[-83.27418,35.89994],[-83.27319,35.89978],[-83.27171,35.89898],[-83.26272,35.89733],[-83.26216,35.89782],[-83.26194,35.8986],[-83.26069,35.8996]]]}},{"type":"Feature","properties":{"kind":"minor-water","name":"Pigeon River","ftype":558,"lengthKm":0.34,"hu8":"06010106","pid":"132655383"},"geometry":{"type":"MultiLineString","coordinates":[[[-82.87992,35.49085],[-82.88212,35.49334]]]}},{"type":"Feature","properties":{"kind":"minor-water","name":"Beaverdam Creek","ftype":460,"lengthKm":1.1,"hu8":"06010106","pid":"132653030"},"geometry":{"type":"MultiLineString","coordinates":[[[-82.8235,35.62135],[-82.82544,35.62082],[-82.82718,35.61889],[-82.83008,35.61712],[-82.83062,35.61514],[-82.83125,35.61441]]]}},{"type":"Feature","properties":{"kind":"minor-water","name":"East Fork Pigeon River","ftype":558,"lengthKm":0.41,"hu8":"06010106","pid":"132656064"},"geometry":{"type":"MultiLineString","coordinates":[[[-82.86339,35.45727],[-82.86789,35.45733]]]}},{"type":"Feature","properties":{"kind":"minor-water","name":"Rush Fork","ftype":460,"lengthKm":0.57,"hu8":"06010106","pid":"132653140"},"geometry":{"type":"MultiLineString","coordinates":[[[-82.9409,35.62361],[-82.93975,35.623],[-82.9385,35.62117],[-82.93786,35.61933]]]}},{"type":"Feature","properties":{"kind":"minor-water","name":"Little Creek","ftype":460,"lengthKm":0.36,"hu8":"06010106","pid":"132652820"},"geometry":{"type":"MultiLineString","coordinates":[[[-82.8888,35.6343],[-82.88991,35.63449],[-82.89112,35.63395],[-82.89253,35.63374]]]}},{"type":"Feature","properties":{"kind":"minor-water","name":"West Fork Pigeon River","ftype":558,"lengthKm":0.37,"hu8":"06010106","pid":"132657767"},"geometry":{"type":"MultiLineString","coordinates":[[[-82.94053,35.37626],[-82.93933,35.37768],[-82.93927,35.37927]]]}},{"type":"Feature","properties":{"kind":"minor-water","name":"Rush Fork","ftype":460,"lengthKm":0.47,"hu8":"06010106","pid":"132652914"},"geometry":{"type":"MultiLineString","coordinates":[[[-82.94206,35.63748],[-82.94252,35.63326]]]}},{"type":"Feature","properties":{"kind":"minor-water","name":"Fall Branch","ftype":460,"lengthKm":0.24,"hu8":"06010106","pid":"132647125"},"geometry":{"type":"MultiLineString","coordinates":[[[-82.96496,35.75277],[-82.96566,35.75351],[-82.96715,35.75344]]]}},{"type":"Feature","properties":{"kind":"minor-water","name":"Drift Branch","ftype":460,"lengthKm":2.72,"hu8":"06010106","pid":"132656654"},"geometry":{"type":"MultiLineString","coordinates":[[[-83.06593,35.47238],[-83.06378,35.47015],[-83.06186,35.46899],[-83.06142,35.46829],[-83.05828,35.4672],[-83.05731,35.46626],[-83.05721,35.46548],[-83.05634,35.46409],[-83.05703,35.46276],[-83.05572,35.46041],[-83.05363,35.45938],[-83.05367,35.45841],[-83.05226,35.45636],[-83.0492,35.45438]]]}},{"type":"Feature","properties":{"kind":"minor-water","name":"Big Branch","ftype":460,"lengthKm":0.56,"hu8":"06010106","pid":"132653951"},"geometry":{"type":"MultiLineString","coordinates":[[[-82.92349,35.57836],[-82.92465,35.57816],[-82.9296,35.57873]]]}},{"type":"Feature","properties":{"kind":"minor-water","name":"Sweetwater Creek","ftype":460,"lengthKm":0.38,"hu8":"06010106","pid":"132645119"},"geometry":{"type":"MultiLineString","coordinates":[[[-83.13862,35.90381],[-83.13993,35.90334],[-83.14122,35.90129]]]}},{"type":"Feature","properties":{"kind":"minor-water","name":"Liner Creek","ftype":460,"lengthKm":1.32,"hu8":"06010106","pid":"132652890"},"geometry":{"type":"MultiLineString","coordinates":[[[-82.85563,35.63377],[-82.85627,35.63419],[-82.85737,35.6341],[-82.85849,35.63298],[-82.86126,35.63129],[-82.86238,35.62909],[-82.86338,35.62858],[-82.86451,35.62601]]]}},{"type":"Feature","properties":{"kind":"minor-water","name":"Sam Branch","ftype":460,"lengthKm":0.42,"hu8":"06010106","pid":"132657917"},"geometry":{"type":"MultiLineString","coordinates":[[[-82.89845,35.34127],[-82.901,35.34112],[-82.90204,35.34049],[-82.90277,35.34063]]]}},{"type":"Feature","properties":{"kind":"minor-water","name":"Painter Branch","ftype":460,"lengthKm":0.1,"hu8":"06010106","pid":"132646588"},"geometry":{"type":"MultiLineString","coordinates":[[[-83.08514,35.77959],[-83.08605,35.77907]]]}},{"type":"Feature","properties":{"kind":"minor-water","name":"Richland Creek","ftype":460,"lengthKm":0.49,"hu8":"06010106","pid":"132656650"},"geometry":{"type":"MultiLineString","coordinates":[[[-83.04855,35.45451],[-83.04784,35.45435],[-83.04466,35.45511],[-83.04327,35.45505]]]}},{"type":"Feature","properties":{"kind":"minor-water","name":"Hurricane Creek","ftype":460,"lengthKm":0.13,"hu8":"06010106","pid":"{99FDB038-2674-4D2A-88FA-51D2BBD0FA8A}"},"geometry":{"type":"MultiLineString","coordinates":[[[-82.9563,35.75091],[-82.95772,35.7508]]]}},{"type":"Feature","properties":{"kind":"minor-water","name":"Jones Branch","ftype":460,"lengthKm":1.62,"hu8":"06010106","pid":"132648294"},"geometry":{"type":"MultiLineString","coordinates":[[[-83.26943,35.74035],[-83.27166,35.74525],[-83.27365,35.74776],[-83.27354,35.75055],[-83.27279,35.75193],[-83.27341,35.75397]]]}},{"type":"Feature","properties":{"kind":"minor-water","name":"Garden Creek","ftype":460,"lengthKm":0.61,"hu8":"06010106","pid":"132655442"},"geometry":{"type":"MultiLineString","coordinates":[[[-82.83757,35.48336],[-82.83819,35.48344],[-82.83934,35.48458],[-82.84168,35.48424],[-82.84341,35.48498]]]}},{"type":"Feature","properties":{"kind":"minor-water","name":"Jonathans Creek","ftype":558,"lengthKm":0.55,"hu8":"06010106","pid":"132655164"},"geometry":{"type":"MultiLineString","coordinates":[[[-83.03646,35.52149],[-83.03434,35.52224],[-83.0319,35.52249],[-83.03107,35.52334]]]}},{"type":"Feature","properties":{"kind":"minor-water","name":"Pigeon River","ftype":558,"lengthKm":1.25,"hu8":"06010106","pid":"132654839"},"geometry":{"type":"MultiLineString","coordinates":[[[-82.84799,35.52177],[-82.84973,35.52295],[-82.84996,35.52409],[-82.84961,35.52468],[-82.84559,35.52427],[-82.84235,35.52466],[-82.84048,35.52518]]]}},{"type":"Feature","properties":{"kind":"minor-water","name":"Richland Creek","ftype":460,"lengthKm":1.04,"hu8":"06010106","pid":"132656576"},"geometry":{"type":"MultiLineString","coordinates":[[[-83.03186,35.45661],[-83.02736,35.45764],[-83.02573,35.45874],[-83.02458,35.45907],[-83.02282,35.45926],[-83.02207,35.45887],[-83.02133,35.459]]]}},{"type":"Feature","properties":{"kind":"minor-water","name":"East Fork Pigeon River","ftype":558,"lengthKm":0.35,"hu8":"06010106","pid":"132655785"},"geometry":{"type":"MultiLineString","coordinates":[[[-82.87015,35.4661],[-82.87038,35.46787],[-82.87088,35.46791],[-82.87162,35.46861]]]}},{"type":"Feature","properties":{"kind":"minor-water","name":"Nolen Creek","ftype":460,"lengthKm":1.99,"hu8":"06010106","pid":"132656630"},"geometry":{"type":"MultiLineString","coordinates":[[[-83.07375,35.47254],[-83.0725,35.47135],[-83.07228,35.4696],[-83.07081,35.46542],[-83.07086,35.46351],[-83.06705,35.46086],[-83.0653,35.45909],[-83.0646,35.45726]]]}},{"type":"Feature","properties":{"kind":"minor-water","name":"Thickety Creek","ftype":460,"lengthKm":0.39,"hu8":"06010106","pid":"132653945"},"geometry":{"type":"MultiLineString","coordinates":[[[-82.8679,35.57538],[-82.86829,35.57398],[-82.86823,35.57276],[-82.86776,35.57202]]]}},{"type":"Feature","properties":{"kind":"minor-water","name":"Watertank Branch","ftype":558,"lengthKm":0.02,"hu8":"06010106","pid":"{CD753685-C88D-4043-831A-58E252F1013C}"},"geometry":{"type":"MultiLineString","coordinates":[[[-83.13567,35.80393],[-83.13585,35.80378]]]}},{"type":"Feature","properties":{"kind":"minor-water","name":"Puncheon Camp Branch","ftype":460,"lengthKm":0.22,"hu8":"06010106","pid":"{AF80B9B4-6739-4C48-B148-3AE6607F9596}"},"geometry":{"type":"MultiLineString","coordinates":[[[-83.05373,35.75121],[-83.05377,35.75318]]]}},{"type":"Feature","properties":{"kind":"minor-water","name":"Tom Hall Branch","ftype":460,"lengthKm":0.73,"hu8":"06010106","pid":"{C80CAEBF-68C6-4FFE-94C4-E54C31C3AC46}"},"geometry":{"type":"MultiLineString","coordinates":[[[-83.01536,35.75527],[-83.01792,35.75512],[-83.01994,35.75352],[-83.02262,35.75397]]]}},{"type":"Feature","properties":{"kind":"minor-water","name":"Gray Branch","ftype":558,"lengthKm":0.03,"hu8":"06010106","pid":"{79FE5C7F-FAB1-4E32-AAA1-40A691575C36}"},"geometry":{"type":"MultiLineString","coordinates":[[[-83.20923,35.83808],[-83.20955,35.83818]]]}},{"type":"Feature","properties":{"kind":"minor-water","name":"Rabbit Branch","ftype":558,"lengthKm":0.01,"hu8":"06010106","pid":"{2A739EA3-8994-4D02-A243-6902A521C7C0}"},"geometry":{"type":"MultiLineString","coordinates":[[[-83.21979,35.84489],[-83.2198,35.84496]]]}},{"type":"Feature","properties":{"kind":"minor-water","name":"Hurricane Creek","ftype":460,"lengthKm":0.14,"hu8":"06010106","pid":"{9943CCD8-28EE-4669-803E-56F4EBE7940B}"},"geometry":{"type":"MultiLineString","coordinates":[[[-83.02125,35.71986],[-83.02261,35.71918]]]}},{"type":"Feature","properties":{"kind":"minor-water","name":"Hurricane Creek","ftype":460,"lengthKm":0.12,"hu8":"06010106","pid":"{43B5F9AE-ECBE-4FD5-ADD1-A75803203BEF}"},"geometry":{"type":"MultiLineString","coordinates":[[[-83.01993,35.71972],[-83.02125,35.71986]]]}},{"type":"Feature","properties":{"kind":"minor-water","name":"Hicks Branch","ftype":460,"lengthKm":0.6,"hu8":"06010106","pid":"{A74CE5E2-50A2-408E-AAF9-5780A8AA99CA}"},"geometry":{"type":"MultiLineString","coordinates":[[[-83.03327,35.7315],[-83.03182,35.73241],[-83.03123,35.73334],[-83.02996,35.73428],[-83.02961,35.73575]]]}},{"type":"Feature","properties":{"kind":"minor-water","name":"Hurricane Creek","ftype":460,"lengthKm":0.12,"hu8":"06010106","pid":"{7106EF93-210C-45E9-9664-9ECAAA41471B}"},"geometry":{"type":"MultiLineString","coordinates":[[[-82.97155,35.73217],[-82.97211,35.7312]]]}},{"type":"Feature","properties":{"kind":"minor-water","name":"Tom Hall Branch","ftype":460,"lengthKm":0.26,"hu8":"06010106","pid":"{4E29C06C-9B93-4F4D-AAAA-BC757AC3C910}"},"geometry":{"type":"MultiLineString","coordinates":[[[-83.02958,35.75322],[-83.0324,35.7527]]]}},{"type":"Feature","properties":{"kind":"minor-water","name":"Fall Branch","ftype":460,"lengthKm":0.31,"hu8":"06010106","pid":"{99B52BCF-1831-49C7-B13D-1B7821EF6702}"},"geometry":{"type":"MultiLineString","coordinates":[[[-82.9718,35.75589],[-82.97362,35.75651],[-82.97511,35.75644]]]}},{"type":"Feature","properties":{"kind":"minor-water","name":"Painter Branch","ftype":460,"lengthKm":0.26,"hu8":"06010106","pid":"{B5CC0BFB-E001-4BCE-871A-3F771589CD7A}"},"geometry":{"type":"MultiLineString","coordinates":[[[-83.08668,35.77715],[-83.08817,35.7752]]]}},{"type":"Feature","properties":{"kind":"minor-water","name":"Painter Branch","ftype":460,"lengthKm":0.08,"hu8":"06010106","pid":"{EB33D533-A02C-437E-BE37-328C4221A02F}"},"geometry":{"type":"MultiLineString","coordinates":[[[-83.08605,35.77907],[-83.08649,35.77844]]]}},{"type":"Feature","properties":{"kind":"minor-water","name":"Wright Branch","ftype":460,"lengthKm":0.35,"hu8":"06010106","pid":"{216F78E2-BA3B-4577-A160-2FB6A0D3F1E4}"},"geometry":{"type":"MultiLineString","coordinates":[[[-83.03018,35.63025],[-83.02885,35.63007],[-83.02676,35.62891]]]}},{"type":"Feature","properties":{"kind":"minor-water","name":"Beantown Creek","ftype":460,"lengthKm":0.12,"hu8":"06010106","pid":"{B4BC86C7-E8BD-4765-ACE6-17614C5E7B6E}"},"geometry":{"type":"MultiLineString","coordinates":[[[-83.03687,35.56793],[-83.03557,35.56767]]]}},{"type":"Feature","properties":{"kind":"minor-water","name":"Beantown Creek","ftype":460,"lengthKm":0.3,"hu8":"06010106","pid":"{282488D1-DA0D-4A61-848B-7621EE99DEC1}"},"geometry":{"type":"MultiLineString","coordinates":[[[-83.03928,35.57724],[-83.03718,35.57518]]]}},{"type":"Feature","properties":{"kind":"minor-water","name":"Naillon Branch","ftype":460,"lengthKm":1.53,"hu8":"06010106","pid":"{2312E669-A5AE-4003-AB6B-E86A9ADC46DF}"},"geometry":{"type":"MultiLineString","coordinates":[[[-83.11275,35.81291],[-83.11369,35.81279],[-83.1161,35.81179],[-83.11725,35.81077],[-83.1181,35.81066],[-83.11937,35.80942],[-83.12171,35.80807],[-83.12335,35.80666],[-83.12484,35.80413]]]}},{"type":"Feature","properties":{"kind":"minor-water","name":"Bowen Branch","ftype":460,"lengthKm":0.88,"hu8":"06010106","pid":"132654369"},"geometry":{"type":"MultiLineString","coordinates":[[[-82.87356,35.55265],[-82.87275,35.55177],[-82.87119,35.55102],[-82.87022,35.55015],[-82.8707,35.54784],[-82.87015,35.54608]]]}},{"type":"Feature","properties":{"kind":"minor-water","name":"Rocky Branch","ftype":460,"lengthKm":1.6,"hu8":"06010106","pid":"132657282"},"geometry":{"type":"MultiLineString","coordinates":[[[-83.03716,35.42219],[-83.03503,35.42138],[-83.03169,35.42137],[-83.02887,35.42249],[-83.02582,35.42311],[-83.02171,35.42625]]]}},{"type":"Feature","properties":{"kind":"minor-water","name":"Rush Fork","ftype":460,"lengthKm":0.41,"hu8":"06010106","pid":"132653419"},"geometry":{"type":"MultiLineString","coordinates":[[[-82.93616,35.61201],[-82.93762,35.61013],[-82.93929,35.60958]]]}},{"type":"Feature","properties":{"kind":"minor-water","name":"Dix Creek","ftype":460,"lengthKm":0.74,"hu8":"06010106","pid":"132657014"},"geometry":{"type":"MultiLineString","coordinates":[[[-82.87446,35.41969],[-82.87589,35.42248],[-82.87639,35.42476],[-82.87629,35.42611]]]}},{"type":"Feature","properties":{"kind":"minor-water","name":"West Fork Pigeon River","ftype":558,"lengthKm":0.53,"hu8":"06010106","pid":"132657266"},"geometry":{"type":"MultiLineString","coordinates":[[[-82.93053,35.41051],[-82.93062,35.41272],[-82.92986,35.41368],[-82.92938,35.41506]]]}},{"type":"Feature","properties":{"kind":"minor-water","name":"Buckeye Branch","ftype":460,"lengthKm":1.53,"hu8":"06010106","pid":"132652604"},"geometry":{"type":"MultiLineString","coordinates":[[[-82.89286,35.66168],[-82.89223,35.65958],[-82.8911,35.65828],[-82.89005,35.65474],[-82.88792,35.65321],[-82.88763,35.65177],[-82.8878,35.65061],[-82.88723,35.64925]]]}},{"type":"Feature","properties":{"kind":"minor-water","name":"Hungry Creek","ftype":460,"lengthKm":0.13,"hu8":"06010106","pid":"132657185"},"geometry":{"type":"MultiLineString","coordinates":[[[-82.80785,35.40151],[-82.80931,35.40147]]]}},{"type":"Feature","properties":{"kind":"minor-water","name":"Coldspring Branch","ftype":460,"lengthKm":1.18,"hu8":"06010106","pid":"132657568"},"geometry":{"type":"MultiLineString","coordinates":[[[-82.97449,35.3977],[-82.97558,35.39803],[-82.97696,35.399],[-82.98259,35.40171],[-82.98598,35.40231]]]}},{"type":"Feature","properties":{"kind":"minor-water","name":"Browning Branch","ftype":460,"lengthKm":0.19,"hu8":"06010106","pid":"132655891"},"geometry":{"type":"MultiLineString","coordinates":[[[-83.0077,35.47855],[-83.0083,35.48021]]]}},{"type":"Feature","properties":{"kind":"minor-water","name":"Sorrell Creek","ftype":460,"lengthKm":0.9,"hu8":"06010106","pid":"132657428"},"geometry":{"type":"MultiLineString","coordinates":[[[-82.87744,35.39707],[-82.88187,35.39713],[-82.88362,35.39659],[-82.88729,35.39647]]]}},{"type":"Feature","properties":{"kind":"minor-water","name":"Beaverdam Creek","ftype":460,"lengthKm":0.28,"hu8":"06010106","pid":"132654124"},"geometry":{"type":"MultiLineString","coordinates":[[[-82.829,35.55752],[-82.82943,35.55714],[-82.83007,35.55523]]]}},{"type":"Feature","properties":{"kind":"minor-water","name":"Mine Branch","ftype":460,"lengthKm":1.09,"hu8":"06010106","pid":"132655472"},"geometry":{"type":"MultiLineString","coordinates":[[[-83.06382,35.5063],[-83.06373,35.5091],[-83.06405,35.51039],[-83.06363,35.5123],[-83.06377,35.514],[-83.06335,35.51517],[-83.06356,35.51594]]]}},{"type":"Feature","properties":{"kind":"minor-water","name":"North Prong Shining Creek","ftype":460,"lengthKm":0.18,"hu8":"06010106","pid":"132657797"},"geometry":{"type":"MultiLineString","coordinates":[[[-82.8539,35.36359],[-82.85239,35.36249]]]}},{"type":"Feature","properties":{"kind":"minor-water","name":"Allen Creek","ftype":558,"lengthKm":0.57,"hu8":"06010106","pid":"132657262"},"geometry":{"type":"MultiLineString","coordinates":[[[-83.00981,35.41956],[-83.01006,35.4221],[-83.00921,35.42323],[-83.00904,35.42443]]]}},{"type":"Feature","properties":{"kind":"minor-water","name":"Puncheon Camp Branch","ftype":460,"lengthKm":0.34,"hu8":"06010106","pid":"132647918"},"geometry":{"type":"MultiLineString","coordinates":[[[-83.0513,35.74939],[-83.05123,35.75001],[-83.05242,35.75084],[-83.05373,35.75121]]]}},{"type":"Feature","properties":{"kind":"minor-water","name":"East Fork Pigeon River","ftype":460,"lengthKm":0.59,"hu8":"06010106","pid":"132657751"},"geometry":{"type":"MultiLineString","coordinates":[[[-82.81915,35.36421],[-82.81875,35.36533],[-82.8168,35.3654],[-82.81616,35.36583],[-82.816,35.3677]]]}},{"type":"Feature","properties":{"kind":"minor-water","name":"Hungry Creek","ftype":460,"lengthKm":0.29,"hu8":"06010106","pid":"132657169"},"geometry":{"type":"MultiLineString","coordinates":[[[-82.79909,35.40121],[-82.80086,35.4011],[-82.80222,35.40148]]]}},{"type":"Feature","properties":{"kind":"minor-water","name":"Dry Branch","ftype":460,"lengthKm":0.9,"hu8":"06010106","pid":"132648241"},"geometry":{"type":"MultiLineString","coordinates":[[[-83.19642,35.73734],[-83.19886,35.74052],[-83.19911,35.74156],[-83.19828,35.74292],[-83.19838,35.74469]]]}},{"type":"Feature","properties":{"kind":"minor-water","name":"Hyatt Creek","ftype":460,"lengthKm":0.5,"hu8":"06010106","pid":"132656377"},"geometry":{"type":"MultiLineString","coordinates":[[[-83.04033,35.46522],[-83.03637,35.46543],[-83.03488,35.46581]]]}},{"type":"Feature","properties":{"kind":"minor-water","name":"Flat Laurel Creek","ftype":460,"lengthKm":0.92,"hu8":"06010106","pid":"132657975"},"geometry":{"type":"MultiLineString","coordinates":[[[-82.88429,35.31956],[-82.88629,35.31936],[-82.88764,35.32032],[-82.88876,35.32002],[-82.8897,35.32092],[-82.89106,35.32152],[-82.89187,35.32239],[-82.8927,35.32228]]]}},{"type":"Feature","properties":{"kind":"minor-water","name":"Cold Creek","ftype":460,"lengthKm":0.12,"hu8":"06010106","pid":"132656802"},"geometry":{"type":"MultiLineString","coordinates":[[[-82.82404,35.42267],[-82.82276,35.42267]]]}},{"type":"Feature","properties":{"kind":"minor-water","name":"East Fork Pigeon River","ftype":558,"lengthKm":0.09,"hu8":"06010106","pid":"132657233"},"geometry":{"type":"MultiLineString","coordinates":[[[-82.81004,35.40094],[-82.80935,35.40152]]]}},{"type":"Feature","properties":{"kind":"minor-water","name":"West Fork Campbell Creek","ftype":460,"lengthKm":0.4,"hu8":"06010106","pid":"132656463"},"geometry":{"type":"MultiLineString","coordinates":[[[-83.12872,35.47106],[-83.12744,35.47297],[-83.12704,35.47435]]]}},{"type":"Feature","properties":{"kind":"minor-water","name":"Camp Branch","ftype":460,"lengthKm":1.1,"hu8":"06010106","pid":"132656476"},"geometry":{"type":"MultiLineString","coordinates":[[[-82.97064,35.45406],[-82.97384,35.45377],[-82.98272,35.45475]]]}},{"type":"Feature","properties":{"kind":"minor-water","name":"Chambers Branch","ftype":460,"lengthKm":1.18,"hu8":"06010106","pid":"132654573"},"geometry":{"type":"MultiLineString","coordinates":[[[-82.9099,35.55301],[-82.90953,35.55203],[-82.90963,35.55033],[-82.90821,35.54691],[-82.90792,35.54372],[-82.90738,35.54274]]]}},{"type":"Feature","properties":{"kind":"minor-water","name":"Wright Branch","ftype":460,"lengthKm":0.38,"hu8":"06010106","pid":"132653184"},"geometry":{"type":"MultiLineString","coordinates":[[[-83.01303,35.62879],[-83.01228,35.62876],[-83.01065,35.62703],[-83.00994,35.62674]]]}},{"type":"Feature","properties":{"kind":"minor-water","name":"Browning Branch","ftype":460,"lengthKm":1.64,"hu8":"06010106","pid":"132656250"},"geometry":{"type":"MultiLineString","coordinates":[[[-83.00078,35.46639],[-83.00145,35.46723],[-83.00134,35.4685],[-83.00248,35.47008],[-83.0021,35.47163],[-83.00297,35.47249],[-83.00306,35.47385],[-83.0043,35.47621],[-83.00557,35.4781],[-83.00621,35.47843],[-83.0077,35.47855]]]}},{"type":"Feature","properties":{"kind":"minor-water","name":"Lenoir Creek","ftype":460,"lengthKm":3.59,"hu8":"06010106","pid":"132656842"},"geometry":{"type":"MultiLineString","coordinates":[[[-82.86106,35.42451],[-82.86194,35.42764],[-82.86091,35.42995],[-82.86151,35.43547],[-82.86183,35.43598],[-82.86156,35.44382],[-82.85966,35.44502],[-82.85758,35.44577],[-82.85619,35.44788],[-82.85361,35.44917],[-82.85076,35.45244]]]}},{"type":"Feature","properties":{"kind":"minor-water","name":"Pigeon River","ftype":558,"lengthKm":0.57,"hu8":"06010106","pid":"132654553"},"geometry":{"type":"MultiLineString","coordinates":[[[-82.88141,35.54221],[-82.88494,35.54197],[-82.88643,35.54144],[-82.88758,35.54141]]]}},{"type":"Feature","properties":{"kind":"minor-water","name":"Bowen Branch","ftype":460,"lengthKm":1.45,"hu8":"06010106","pid":"132654166"},"geometry":{"type":"MultiLineString","coordinates":[[[-82.88429,35.56935],[-82.88445,35.5681],[-82.88505,35.56745],[-82.88468,35.56658],[-82.88322,35.56459],[-82.88261,35.56426],[-82.88229,35.56334],[-82.8805,35.56122],[-82.87764,35.55852]]]}},{"type":"Feature","properties":{"kind":"minor-water","name":"Pigeon River","ftype":558,"lengthKm":0.71,"hu8":"06010106","pid":"132654506"},"geometry":{"type":"MultiLineString","coordinates":[[[-82.94664,35.54992],[-82.95027,35.55077],[-82.95297,35.55008],[-82.95423,35.55028]]]}},{"type":"Feature","properties":{"kind":"minor-water","name":"Big Branch","ftype":460,"lengthKm":0.76,"hu8":"06010106","pid":"132653937"},"geometry":{"type":"MultiLineString","coordinates":[[[-82.91627,35.58054],[-82.92009,35.58075],[-82.9211,35.5802],[-82.92241,35.57875],[-82.92349,35.57836]]]}},{"type":"Feature","properties":{"kind":"minor-water","name":"Thickety Creek","ftype":460,"lengthKm":0.73,"hu8":"06010106","pid":"132654343"},"geometry":{"type":"MultiLineString","coordinates":[[[-82.86707,35.55218],[-82.867,35.55123],[-82.86646,35.55092],[-82.86658,35.55022],[-82.86568,35.54942],[-82.86732,35.5472],[-82.86742,35.54649]]]}},{"type":"Feature","properties":{"kind":"minor-water","name":"Richland Creek","ftype":558,"lengthKm":0.32,"hu8":"06010106","pid":"132655337"},"geometry":{"type":"MultiLineString","coordinates":[[[-82.97571,35.5044],[-82.97516,35.506],[-82.97388,35.50656]]]}},{"type":"Feature","properties":{"kind":"minor-water","name":"Pigeon River","ftype":558,"lengthKm":0.25,"hu8":"06010106","pid":"132654372"},"geometry":{"type":"MultiLineString","coordinates":[[[-82.86739,35.54634],[-82.87009,35.54592]]]}},{"type":"Feature","properties":{"kind":"minor-water","name":"Polly Elbert Branch","ftype":558,"lengthKm":0.72,"hu8":"06010106","pid":"132645287"},"geometry":{"type":"MultiLineString","coordinates":[[[-83.19035,35.87127],[-83.19119,35.8725],[-83.19314,35.87368],[-83.1948,35.8765]]]}},{"type":"Feature","properties":{"kind":"minor-water","name":"Jonathans Creek","ftype":460,"lengthKm":0.86,"hu8":"06010106","pid":"132655644"},"geometry":{"type":"MultiLineString","coordinates":[[[-83.14909,35.50403],[-83.14844,35.50594],[-83.1462,35.50885],[-83.14607,35.5101],[-83.14556,35.51108]]]}},{"type":"Feature","properties":{"kind":"minor-water","name":"Ike Wright Branch","ftype":460,"lengthKm":1.92,"hu8":"06010106","pid":"132645229"},"geometry":{"type":"MultiLineString","coordinates":[[[-83.1559,35.87894],[-83.15646,35.88101],[-83.15854,35.88507],[-83.15853,35.88655],[-83.15905,35.88766],[-83.16036,35.88795],[-83.16217,35.88749],[-83.16665,35.88716],[-83.16856,35.88802]]]}},{"type":"Feature","properties":{"kind":"minor-water","name":"Bird Creek","ftype":460,"lengthKm":1.54,"hu8":"06010106","pid":"132655781"},"geometry":{"type":"MultiLineString","coordinates":[[[-82.9378,35.48076],[-82.93943,35.47975],[-82.9399,35.47885],[-82.93886,35.47707],[-82.93878,35.476],[-82.93747,35.47398],[-82.93536,35.47342],[-82.93119,35.4741],[-82.93045,35.47388]]]}},{"type":"Feature","properties":{"kind":"minor-water","name":"Sinking Creek","ftype":460,"lengthKm":0.56,"hu8":"06010106","pid":"132645193"},"geometry":{"type":"MultiLineString","coordinates":[[[-83.2887,35.90187],[-83.28718,35.90381],[-83.28722,35.90499],[-83.28614,35.90623]]]}},{"type":"Feature","properties":{"kind":"minor-water","name":"Long Branch","ftype":460,"lengthKm":0.26,"hu8":"06010106","pid":"132653111"},"geometry":{"type":"MultiLineString","coordinates":[[[-82.81643,35.61061],[-82.81674,35.60832]]]}},{"type":"Feature","properties":{"kind":"minor-water","name":"Mauney Cove Branch","ftype":460,"lengthKm":1.14,"hu8":"06010106","pid":"132655249"},"geometry":{"type":"MultiLineString","coordinates":[[[-83.00636,35.51395],[-83.00414,35.51517],[-82.99873,35.51705],[-82.99801,35.51774],[-82.99543,35.51885]]]}},{"type":"Feature","properties":{"kind":"minor-water","name":"Yellowstone Prong","ftype":460,"lengthKm":2.65,"hu8":"06010106","pid":"132657968"},"geometry":{"type":"MultiLineString","coordinates":[[[-82.87333,35.32394],[-82.87177,35.32238],[-82.87089,35.31977],[-82.86924,35.31861],[-82.86818,35.31829],[-82.86587,35.31826],[-82.85738,35.321],[-82.85557,35.32051],[-82.85423,35.32098],[-82.85271,35.32081],[-82.85107,35.32138],[-82.84924,35.32082]]]}},{"type":"Feature","properties":{"kind":"minor-water","name":"Cherry Cove Creek","ftype":460,"lengthKm":0.03,"hu8":"06010106","pid":"132657604"},"geometry":{"type":"MultiLineString","coordinates":[[[-83.00362,35.39767],[-83.00338,35.39789]]]}},{"type":"Feature","properties":{"kind":"minor-water","name":"Crawford Creek","ftype":460,"lengthKm":1.39,"hu8":"06010106","pid":"132657701"},"geometry":{"type":"MultiLineString","coordinates":[[[-82.86137,35.37323],[-82.86041,35.37549],[-82.85742,35.3782],[-82.85702,35.37916],[-82.85689,35.38228],[-82.85747,35.38362],[-82.8582,35.38426]]]}},{"type":"Feature","properties":{"kind":"minor-water","name":"Crawford Creek","ftype":460,"lengthKm":0.68,"hu8":"06010106","pid":"132657335"},"geometry":{"type":"MultiLineString","coordinates":[[[-82.83226,35.39552],[-82.82742,35.39837],[-82.82656,35.39938]]]}},{"type":"Feature","properties":{"kind":"minor-water","name":"Beaverdam Creek","ftype":460,"lengthKm":0.21,"hu8":"06010106","pid":"132654047"},"geometry":{"type":"MultiLineString","coordinates":[[[-82.82862,35.56355],[-82.82944,35.56182]]]}},{"type":"Feature","properties":{"kind":"minor-water","name":"Richland Creek","ftype":460,"lengthKm":0.08,"hu8":"06010106","pid":"132656662"},"geometry":{"type":"MultiLineString","coordinates":[[[-83.05004,35.45405],[-83.0492,35.45438]]]}},{"type":"Feature","properties":{"kind":"minor-water","name":"Richland Creek","ftype":460,"lengthKm":0.5,"hu8":"06010106","pid":"132656292"},"geometry":{"type":"MultiLineString","coordinates":[[[-83.01127,35.4658],[-83.01127,35.4666],[-83.01024,35.46779],[-83.00935,35.46989]]]}},{"type":"Feature","properties":{"kind":"minor-water","name":"Little Fall Branch","ftype":460,"lengthKm":0.47,"hu8":"06010106","pid":"132647171"},"geometry":{"type":"MultiLineString","coordinates":[[[-82.97808,35.75765],[-82.97915,35.7582],[-82.97999,35.75953],[-82.98138,35.76078]]]}},{"type":"Feature","properties":{"kind":"minor-water","name":"Long Branch","ftype":460,"lengthKm":1.77,"hu8":"06010106","pid":"132653064"},"geometry":{"type":"MultiLineString","coordinates":[[[-82.81302,35.62477],[-82.81544,35.61982],[-82.81671,35.61874],[-82.81763,35.61838],[-82.81815,35.61717],[-82.81823,35.61327],[-82.81729,35.61148],[-82.81643,35.61061]]]}},{"type":"Feature","properties":{"kind":"minor-water","name":"Stingy Branch","ftype":460,"lengthKm":0.43,"hu8":"06010106","pid":"132654084"},"geometry":{"type":"MultiLineString","coordinates":[[[-82.95651,35.57293],[-82.95564,35.57312],[-82.95387,35.57272],[-82.95186,35.57272]]]}},{"type":"Feature","properties":{"kind":"minor-water","name":"Laurel Branch","ftype":460,"lengthKm":0.63,"hu8":"06010106","pid":"132657634"},"geometry":{"type":"MultiLineString","coordinates":[[[-82.94773,35.38837],[-82.9408,35.38754]]]}},{"type":"Feature","properties":{"kind":"minor-water","name":"Painter Branch","ftype":460,"lengthKm":0.16,"hu8":"06010106","pid":"{2156478E-B53F-4202-839F-F57E3432B98B}"},"geometry":{"type":"MultiLineString","coordinates":[[[-83.07989,35.78397],[-83.08146,35.78336]]]}},{"type":"Feature","properties":{"kind":"minor-water","name":"Camp Branch","ftype":460,"lengthKm":0.73,"hu8":"06010106","pid":"132656506"},"geometry":{"type":"MultiLineString","coordinates":[[[-82.9632,35.45179],[-82.96818,35.45289],[-82.97064,35.45406]]]}},{"type":"Feature","properties":{"kind":"minor-water","name":"Shiny Creek","ftype":460,"lengthKm":1.25,"hu8":"06010106","pid":"132657524"},"geometry":{"type":"MultiLineString","coordinates":[[[-82.99106,35.40255],[-82.9919,35.40531],[-82.99374,35.40778],[-82.99459,35.40826],[-82.99462,35.40895],[-82.99828,35.41161]]]}},{"type":"Feature","properties":{"kind":"minor-water","name":"Dawn Branch","ftype":460,"lengthKm":0.42,"hu8":"06010106","pid":"132653965"},"geometry":{"type":"MultiLineString","coordinates":[[[-82.96794,35.58222],[-82.96773,35.5834],[-82.96597,35.58552]]]}},{"type":"Feature","properties":{"kind":"minor-water","name":"West Fork Pigeon River","ftype":558,"lengthKm":0.8,"hu8":"06010106","pid":"132656768"},"geometry":{"type":"MultiLineString","coordinates":[[[-82.92677,35.43483],[-82.92553,35.43568],[-82.92364,35.4354],[-82.92151,35.43558],[-82.92119,35.43617],[-82.92163,35.43805]]]}},{"type":"Feature","properties":{"kind":"minor-water","name":"Rice Cove Creek","ftype":460,"lengthKm":0.88,"hu8":"06010106","pid":"132653886"},"geometry":{"type":"MultiLineString","coordinates":[[[-82.83393,35.57758],[-82.83368,35.57659],[-82.83146,35.57373],[-82.83051,35.5717],[-82.82913,35.57095]]]}},{"type":"Feature","properties":{"kind":"minor-water","name":"West Fork Pigeon River","ftype":558,"lengthKm":0.35,"hu8":"06010106","pid":"132656616"},"geometry":{"type":"MultiLineString","coordinates":[[[-82.91797,35.44133],[-82.91852,35.44313],[-82.91814,35.44391],[-82.91765,35.44411]]]}},{"type":"Feature","properties":{"kind":"minor-water","name":"Mingus Branch","ftype":558,"lengthKm":0.02,"hu8":"06010106","pid":"132654538"},"geometry":{"type":"MultiLineString","coordinates":[[[-82.84541,35.537],[-82.84523,35.53708]]]}},{"type":"Feature","properties":{"kind":"minor-water","name":"West Fork Pigeon River","ftype":558,"lengthKm":1.17,"hu8":"06010106","pid":"132657636"},"geometry":{"type":"MultiLineString","coordinates":[[[-82.94075,35.38747],[-82.94009,35.38804],[-82.93988,35.38915],[-82.94106,35.3904],[-82.94114,35.39099],[-82.93821,35.39475],[-82.93794,35.39669]]]}},{"type":"Feature","properties":{"kind":"minor-water","name":"Pigeon River","ftype":558,"lengthKm":0.3,"hu8":"06010106","pid":"132655327"},"geometry":{"type":"MultiLineString","coordinates":[[[-82.88219,35.49537],[-82.88044,35.49567],[-82.8795,35.49661]]]}},{"type":"Feature","properties":{"kind":"minor-water","name":"Leatherwood Branch","ftype":558,"lengthKm":0.04,"hu8":"06010106","pid":"{0CCFAB59-2F33-49E3-A004-04F5BB985E1C}"},"geometry":{"type":"MultiLineString","coordinates":[[[-82.99423,35.66525],[-82.9941,35.66559]]]}},{"type":"Feature","properties":{"kind":"minor-water","name":"Pigeon River","ftype":558,"lengthKm":0.79,"hu8":"06010106","pid":"132653902"},"geometry":{"type":"MultiLineString","coordinates":[[[-82.94844,35.58331],[-82.94873,35.584],[-82.95047,35.58571],[-82.95354,35.58763],[-82.95399,35.58858]]]}},{"type":"Feature","properties":{"kind":"minor-water","name":"Fall Branch","ftype":460,"lengthKm":0.59,"hu8":"06010106","pid":"132647030"},"geometry":{"type":"MultiLineString","coordinates":[[[-82.97511,35.75644],[-82.97654,35.75715],[-82.97975,35.76017]]]}},{"type":"Feature","properties":{"kind":"minor-water","name":"Reed Creek","ftype":460,"lengthKm":0.88,"hu8":"06010106","pid":"132656536"},"geometry":{"type":"MultiLineString","coordinates":[[[-82.76344,35.42804],[-82.76609,35.42828],[-82.76956,35.42922],[-82.77285,35.42871]]]}},{"type":"Feature","properties":{"kind":"minor-water","name":"Sinking Creek","ftype":460,"lengthKm":0.37,"hu8":"06010106","pid":"132645075"},"geometry":{"type":"MultiLineString","coordinates":[[[-83.26525,35.92587],[-83.26454,35.92668],[-83.26366,35.92889]]]}},{"type":"Feature","properties":{"kind":"minor-water","name":"Bowen Branch","ftype":460,"lengthKm":0.9,"hu8":"06010106","pid":"132654034"},"geometry":{"type":"MultiLineString","coordinates":[[[-82.88418,35.5768],[-82.88329,35.57573],[-82.88349,35.57342],[-82.88282,35.5721],[-82.883,35.57107],[-82.88429,35.56935]]]}},{"type":"Feature","properties":{"kind":"minor-water","name":"Nick Creek","ftype":460,"lengthKm":0.34,"hu8":"06010106","pid":"132656790"},"geometry":{"type":"MultiLineString","coordinates":[[[-82.94551,35.43754],[-82.94223,35.4361]]]}},{"type":"Feature","properties":{"kind":"minor-water","name":"Pigeon River","ftype":558,"lengthKm":0.35,"hu8":"06010106","pid":"132654523"},"geometry":{"type":"MultiLineString","coordinates":[[[-82.93636,35.54742],[-82.93967,35.54912]]]}},{"type":"Feature","properties":{"kind":"minor-water","name":"East Fork Pigeon River","ftype":558,"lengthKm":0.12,"hu8":"06010106","pid":"132656415"},"geometry":{"type":"MultiLineString","coordinates":[[[-82.81354,35.43835],[-82.81419,35.43926]]]}},{"type":"Feature","properties":{"kind":"minor-water","name":"Little Creek","ftype":460,"lengthKm":0.94,"hu8":"06010106","pid":"132652699"},"geometry":{"type":"MultiLineString","coordinates":[[[-82.87841,35.64974],[-82.87962,35.64702],[-82.88041,35.64625],[-82.88057,35.64504],[-82.88195,35.64193]]]}},{"type":"Feature","properties":{"kind":"minor-water","name":"Richland Creek","ftype":460,"lengthKm":0.51,"hu8":"06010106","pid":"132656756"},"geometry":{"type":"MultiLineString","coordinates":[[[-83.06275,35.44995],[-83.06045,35.4509],[-83.05984,35.4509],[-83.0578,35.45203]]]}},{"type":"Feature","properties":{"kind":"minor-water","name":"Nick Creek","ftype":460,"lengthKm":0.27,"hu8":"06010106","pid":"132656808"},"geometry":{"type":"MultiLineString","coordinates":[[[-82.93277,35.43501],[-82.93152,35.43452],[-82.93027,35.4353]]]}},{"type":"Feature","properties":{"kind":"minor-water","name":"Stamey Cove Branch","ftype":558,"lengthKm":0.02,"hu8":"06010106","pid":"132655068"},"geometry":{"type":"MultiLineString","coordinates":[[[-82.8609,35.50765],[-82.86083,35.50751]]]}},{"type":"Feature","properties":{"kind":"minor-water","name":"Sinking Creek","ftype":460,"lengthKm":0.87,"hu8":"06010106","pid":"132645059"},"geometry":{"type":"MultiLineString","coordinates":[[[-83.26366,35.92889],[-83.26318,35.93024],[-83.26066,35.93317],[-83.26032,35.9349],[-83.26074,35.93597]]]}},{"type":"Feature","properties":{"kind":"minor-water","name":"West Fork Pigeon River","ftype":558,"lengthKm":0.25,"hu8":"06010106","pid":"132656484"},"geometry":{"type":"MultiLineString","coordinates":[[[-82.90599,35.44595],[-82.90561,35.44657],[-82.90598,35.44685],[-82.90589,35.44802]]]}},{"type":"Feature","properties":{"kind":"minor-water","name":"Beantown Creek","ftype":460,"lengthKm":0.55,"hu8":"06010106","pid":"132654291"},"geometry":{"type":"MultiLineString","coordinates":[[[-83.04303,35.58092],[-83.04207,35.57922],[-83.04036,35.5783],[-83.03928,35.57724]]]}},{"type":"Feature","properties":{"kind":"minor-water","name":"Bowen Branch","ftype":460,"lengthKm":0.43,"hu8":"06010106","pid":"132654217"},"geometry":{"type":"MultiLineString","coordinates":[[[-82.87764,35.55852],[-82.87567,35.555]]]}},{"type":"Feature","properties":{"kind":"minor-water","name":"Plott Creek","ftype":460,"lengthKm":0.16,"hu8":"06010106","pid":"132655896"},"geometry":{"type":"MultiLineString","coordinates":[[[-83.06616,35.48483],[-83.0645,35.48519]]]}},{"type":"Feature","properties":{"kind":"minor-water","name":"Jorden Branch","ftype":460,"lengthKm":1.41,"hu8":"06010106","pid":"132653496"},"geometry":{"type":"MultiLineString","coordinates":[[[-82.8625,35.59645],[-82.86348,35.59782],[-82.86316,35.5994],[-82.86394,35.6006],[-82.86621,35.60217],[-82.8681,35.60408],[-82.8681,35.60551],[-82.86869,35.60728]]]}},{"type":"Feature","properties":{"kind":"minor-water","name":"Pigeon River","ftype":558,"lengthKm":0.4,"hu8":"06010106","pid":"132654746"},"geometry":{"type":"MultiLineString","coordinates":[[[-82.89675,35.53528],[-82.89825,35.53369],[-82.89979,35.53277]]]}},{"type":"Feature","properties":{"kind":"minor-water","name":"Liner Creek","ftype":460,"lengthKm":0.88,"hu8":"06010106","pid":"132653342"},"geometry":{"type":"MultiLineString","coordinates":[[[-82.87774,35.60987],[-82.87978,35.60884],[-82.88143,35.60893],[-82.88195,35.60802],[-82.88431,35.60719],[-82.88562,35.60615]]]}},{"type":"Feature","properties":{"kind":"minor-water","name":"Liner Creek","ftype":460,"lengthKm":0.32,"hu8":"06010106","pid":"132653394"},"geometry":{"type":"MultiLineString","coordinates":[[[-82.88777,35.60584],[-82.89118,35.60492]]]}},{"type":"Feature","properties":{"kind":"minor-water","name":"Pigeon River","ftype":558,"lengthKm":0.17,"hu8":"06010106","pid":"132654630"},"geometry":{"type":"MultiLineString","coordinates":[[[-82.89348,35.53884],[-82.89454,35.53761]]]}},{"type":"Feature","properties":{"kind":"minor-water","name":"Indian Creek","ftype":460,"lengthKm":2.64,"hu8":"06010106","pid":"132655434"},"geometry":{"type":"MultiLineString","coordinates":[[[-83.13775,35.53731],[-83.13898,35.53591],[-83.13934,35.53477],[-83.13845,35.53362],[-83.13622,35.52897],[-83.13339,35.52685],[-83.13322,35.52204],[-83.13264,35.51918],[-83.13297,35.5185],[-83.13393,35.5181],[-83.13414,35.51731],[-83.13315,35.51642]]]}},{"type":"Feature","properties":{"kind":"minor-water","name":"Polecat Branch","ftype":460,"lengthKm":0.25,"hu8":"06010106","pid":"132645659"},"geometry":{"type":"MultiLineString","coordinates":[[[-83.1782,35.83165],[-83.17821,35.83208],[-83.17991,35.83329]]]}},{"type":"Feature","properties":{"kind":"minor-water","name":"Henderson Branch","ftype":460,"lengthKm":0.75,"hu8":"06010106","pid":"132656383"},"geometry":{"type":"MultiLineString","coordinates":[[[-82.8397,35.44267],[-82.83768,35.44427],[-82.8354,35.44557],[-82.83536,35.44775]]]}},{"type":"Feature","properties":{"kind":"minor-water","name":"Garden Creek","ftype":558,"lengthKm":0.01,"hu8":"06010106","pid":"132654889"},"geometry":{"type":"MultiLineString","coordinates":[[[-82.84592,35.51734],[-82.84596,35.51744]]]}},{"type":"Feature","properties":{"kind":"minor-water","name":"Campbell Creek","ftype":460,"lengthKm":2.17,"hu8":"06010106","pid":"132655650"},"geometry":{"type":"MultiLineString","coordinates":[[[-83.1123,35.49941],[-83.11177,35.49986],[-83.11129,35.50212],[-83.1096,35.50311],[-83.10909,35.505],[-83.10765,35.50716],[-83.1041,35.50959],[-83.0997,35.51383],[-83.09853,35.51457]]]}},{"type":"Feature","properties":{"kind":"minor-water","name":"Garden Creek","ftype":460,"lengthKm":1.6,"hu8":"06010106","pid":"132655086"},"geometry":{"type":"MultiLineString","coordinates":[[[-82.85168,35.50525],[-82.85152,35.50671],[-82.85088,35.50767],[-82.85058,35.50907],[-82.85113,35.5105],[-82.84823,35.51229],[-82.84769,35.51295],[-82.84776,35.51579],[-82.8459,35.517],[-82.84592,35.51734]]]}},{"type":"Feature","properties":{"kind":"minor-water","name":"Pigeon River","ftype":558,"lengthKm":0.4,"hu8":"06010106","pid":"132653154"},"geometry":{"type":"MultiLineString","coordinates":[[[-82.99458,35.62514],[-82.99884,35.62613]]]}},{"type":"Feature","properties":{"kind":"minor-water","name":"Richland Creek","ftype":558,"lengthKm":0.52,"hu8":"06010106","pid":"132654580"},"geometry":{"type":"MultiLineString","coordinates":[[[-82.94709,35.54646],[-82.94536,35.54788],[-82.94549,35.54821],[-82.94691,35.54894],[-82.94664,35.54992]]]}},{"type":"Feature","properties":{"kind":"minor-water","name":"Little Branch","ftype":460,"lengthKm":0.91,"hu8":"06010106","pid":"132656445"},"geometry":{"type":"MultiLineString","coordinates":[[[-83.08764,35.475],[-83.08721,35.47314],[-83.08773,35.47143],[-83.0877,35.47007],[-83.08701,35.46697]]]}},{"type":"Feature","properties":{"kind":"minor-water","name":"Pisgah Creek","ftype":460,"lengthKm":0.5,"hu8":"06010106","pid":"132656606"},"geometry":{"type":"MultiLineString","coordinates":[[[-82.79412,35.42772],[-82.79639,35.42895],[-82.79766,35.42855],[-82.79911,35.42862]]]}},{"type":"Feature","properties":{"kind":"minor-water","name":"Pigeon River","ftype":558,"lengthKm":0.6,"hu8":"06010106","pid":"132654730"},"geometry":{"type":"MultiLineString","coordinates":[[[-82.90798,35.5351],[-82.9115,35.53494],[-82.91453,35.5353]]]}},{"type":"Feature","properties":{"kind":"minor-water","name":"West Fork Pigeon River","ftype":558,"lengthKm":0.42,"hu8":"06010106","pid":"132656325"},"geometry":{"type":"MultiLineString","coordinates":[[[-82.90261,35.45199],[-82.90112,35.45426],[-82.90012,35.45519]]]}},{"type":"Feature","properties":{"kind":"minor-water","name":"Sorrell Creek","ftype":460,"lengthKm":1.1,"hu8":"06010106","pid":"132657329"},"geometry":{"type":"MultiLineString","coordinates":[[[-82.86349,35.40781],[-82.86649,35.40552],[-82.86877,35.40232],[-82.87105,35.4002]]]}},{"type":"Feature","properties":{"kind":"minor-water","name":"Rough Creek","ftype":460,"lengthKm":2.24,"hu8":"06010106","pid":"132653477"},"geometry":{"type":"MultiLineString","coordinates":[[[-82.84173,35.61512],[-82.84258,35.61216],[-82.84384,35.61068],[-82.84331,35.60969],[-82.84341,35.60816],[-82.84217,35.60615],[-82.84215,35.60496],[-82.84275,35.60232],[-82.84352,35.60122],[-82.84366,35.59996],[-82.84481,35.59681],[-82.84536,35.59615]]]}},{"type":"Feature","properties":{"kind":"minor-water","name":"Sweetwater Creek","ftype":460,"lengthKm":0.59,"hu8":"06010106","pid":"132645120"},"geometry":{"type":"MultiLineString","coordinates":[[[-83.14122,35.90129],[-83.14226,35.90107],[-83.14305,35.90158],[-83.14389,35.90161],[-83.14509,35.90214],[-83.1464,35.9036]]]}},{"type":"Feature","properties":{"kind":"minor-water","name":"East Fork Pigeon River","ftype":460,"lengthKm":0.93,"hu8":"06010106","pid":"132657668"},"geometry":{"type":"MultiLineString","coordinates":[[[-82.81534,35.37081],[-82.81394,35.37239],[-82.81362,35.37399],[-82.81323,35.37439],[-82.81203,35.37503],[-82.8098,35.37534],[-82.80878,35.37631]]]}},{"type":"Feature","properties":{"kind":"minor-water","name":"Flat Laurel Creek","ftype":460,"lengthKm":1.56,"hu8":"06010106","pid":"132657957"},"geometry":{"type":"MultiLineString","coordinates":[[[-82.89414,35.32345],[-82.89537,35.3238],[-82.89624,35.3247],[-82.89696,35.32485],[-82.8993,35.32652],[-82.90169,35.32745],[-82.90324,35.32756],[-82.90545,35.32668],[-82.90759,35.32692],[-82.90922,35.32759]]]}},{"type":"Feature","properties":{"kind":"minor-water","name":"Painter Branch","ftype":558,"lengthKm":0.01,"hu8":"06010106","pid":"{DE0C6B66-6C21-4EF5-B053-1FEFC74B0ACA}"},"geometry":{"type":"MultiLineString","coordinates":[[[-83.09041,35.77274],[-83.09048,35.77268]]]}},{"type":"Feature","properties":{"kind":"minor-water","name":"Polecat Branch","ftype":558,"lengthKm":0.03,"hu8":"06010106","pid":"{54E39D7B-B400-4DE3-A1D2-27F32E9AB86D}"},"geometry":{"type":"MultiLineString","coordinates":[[[-83.17991,35.83329],[-83.18011,35.83346]]]}},{"type":"Feature","properties":{"kind":"minor-water","name":"Beantown Creek","ftype":460,"lengthKm":0.19,"hu8":"06010106","pid":"{E757586C-782B-453E-875E-66FE993C403F}"},"geometry":{"type":"MultiLineString","coordinates":[[[-83.04509,35.5823],[-83.04317,35.58161]]]}},{"type":"Feature","properties":{"kind":"minor-water","name":"Rogers Cove Creek","ftype":460,"lengthKm":0.53,"hu8":"06010106","pid":"132653693"},"geometry":{"type":"MultiLineString","coordinates":[[[-82.89377,35.58925],[-82.89321,35.59221],[-82.8938,35.59396]]]}},{"type":"Feature","properties":{"kind":"minor-water","name":"Hunter Branch","ftype":460,"lengthKm":0.25,"hu8":"06010106","pid":"{D826BE7E-5B25-402C-81EA-8CB76CE62091}"},"geometry":{"type":"MultiLineString","coordinates":[[[-83.003,35.73226],[-83.00569,35.73273]]]}},{"type":"Feature","properties":{"kind":"minor-water","name":"Hicks Branch","ftype":460,"lengthKm":0.14,"hu8":"06010106","pid":"{30A3FF8C-6AB2-464C-AF65-70CE4F7CB6EA}"},"geometry":{"type":"MultiLineString","coordinates":[[[-83.03802,35.73005],[-83.03678,35.73086]]]}},{"type":"Feature","properties":{"kind":"minor-water","name":"Hurricane Creek","ftype":460,"lengthKm":0.13,"hu8":"06010106","pid":"{0A83586E-5087-4FA6-B464-6072A230CACA}"},"geometry":{"type":"MultiLineString","coordinates":[[[-82.96743,35.73419],[-82.96855,35.73341]]]}},{"type":"Feature","properties":{"kind":"minor-water","name":"Tom Hall Branch","ftype":460,"lengthKm":0.42,"hu8":"06010106","pid":"{54172F0C-C456-4DCD-BBF2-E683F105727C}"},"geometry":{"type":"MultiLineString","coordinates":[[[-83.01182,35.75761],[-83.01442,35.75624],[-83.01536,35.75527]]]}},{"type":"Feature","properties":{"kind":"minor-water","name":"Jacks Branch","ftype":460,"lengthKm":0.37,"hu8":"06010106","pid":"{22E3272D-9788-4CBE-B3F8-C3E72060614D}"},"geometry":{"type":"MultiLineString","coordinates":[[[-82.94285,35.71769],[-82.94239,35.71548],[-82.94315,35.71454]]]}},{"type":"Feature","properties":{"kind":"minor-water","name":"Beantown Creek","ftype":460,"lengthKm":0.19,"hu8":"06010106","pid":"{D4C3BF60-02FD-4219-A0AD-CE15D18D2642}"},"geometry":{"type":"MultiLineString","coordinates":[[[-83.05588,35.58564],[-83.05408,35.58483]]]}},{"type":"Feature","properties":{"kind":"minor-water","name":"Beantown Creek","ftype":460,"lengthKm":0.02,"hu8":"06010106","pid":"{A1F2FBFD-DB8B-4083-85E9-AAC217ED2C82}"},"geometry":{"type":"MultiLineString","coordinates":[[[-83.02328,35.57095],[-83.02306,35.57099]]]}},{"type":"Feature","properties":{"kind":"minor-water","name":"Wright Branch","ftype":460,"lengthKm":0.2,"hu8":"06010106","pid":"{8B12A37F-F20C-4E45-B5AC-E029D681B14C}"},"geometry":{"type":"MultiLineString","coordinates":[[[-83.02676,35.62891],[-83.02458,35.6291]]]}},{"type":"Feature","properties":{"kind":"minor-water","name":"Jacks Branch","ftype":460,"lengthKm":0.33,"hu8":"06010106","pid":"132648194"},"geometry":{"type":"MultiLineString","coordinates":[[[-82.9447,35.71364],[-82.94594,35.71295],[-82.94585,35.71247],[-82.94692,35.71157]]]}},{"type":"Feature","properties":{"kind":"minor-water","name":"Stingy Branch","ftype":558,"lengthKm":0.02,"hu8":"06010106","pid":"132654080"},"geometry":{"type":"MultiLineString","coordinates":[[[-82.95186,35.57272],[-82.95159,35.5727]]]}},{"type":"Feature","properties":{"kind":"minor-water","name":"Richland Creek","ftype":558,"lengthKm":0.05,"hu8":"06010106","pid":"132655610"},"geometry":{"type":"MultiLineString","coordinates":[[[-82.996,35.49043],[-82.99551,35.49067]]]}},{"type":"Feature","properties":{"kind":"minor-water","name":"Bald Creek","ftype":460,"lengthKm":0.08,"hu8":"06010106","pid":"132652828"},"geometry":{"type":"MultiLineString","coordinates":[[[-82.89253,35.63374],[-82.89269,35.63301]]]}},{"type":"Feature","properties":{"kind":"minor-water","name":"Richland Creek","ftype":460,"lengthKm":0.15,"hu8":"06010106","pid":"132656960"},"geometry":{"type":"MultiLineString","coordinates":[[[-83.07145,35.443],[-83.07026,35.44388]]]}},{"type":"Feature","properties":{"kind":"minor-water","name":"Dotson Branch","ftype":460,"lengthKm":1.03,"hu8":"06010106","pid":"132653703"},"geometry":{"type":"MultiLineString","coordinates":[[[-82.98572,35.59991],[-82.98315,35.59943],[-82.98127,35.59984],[-82.9748,35.5981]]]}},{"type":"Feature","properties":{"kind":"minor-water","name":"Carpenter Branch","ftype":460,"lengthKm":3.13,"hu8":"06010106","pid":"132655289"},"geometry":{"type":"MultiLineString","coordinates":[[[-83.12399,35.54781],[-83.12293,35.54597],[-83.12013,35.54447],[-83.11806,35.5389],[-83.11844,35.53774],[-83.11815,35.53592],[-83.11896,35.53332],[-83.11911,35.52989],[-83.11861,35.52953],[-83.11668,35.52913],[-83.11543,35.52815],[-83.11491,35.52644],[-83.11387,35.52471],[-83.11384,35.52351]]]}},{"type":"Feature","properties":{"kind":"minor-water","name":"Richland Creek","ftype":558,"lengthKm":0.47,"hu8":"06010106","pid":"132655377"},"geometry":{"type":"MultiLineString","coordinates":[[[-82.97989,35.50204],[-82.97936,35.50244],[-82.9783,35.50261],[-82.97571,35.5044]]]}},{"type":"Feature","properties":{"kind":"minor-water","name":"Sinking Creek","ftype":460,"lengthKm":0.14,"hu8":"06010106","pid":"132644915"},"geometry":{"type":"MultiLineString","coordinates":[[[-83.23699,35.97122],[-83.23601,35.97223]]]}},{"type":"Feature","properties":{"kind":"minor-water","name":"Bald Creek","ftype":460,"lengthKm":1.56,"hu8":"06010106","pid":"132652822"},"geometry":{"type":"MultiLineString","coordinates":[[[-82.88909,35.64679],[-82.88882,35.64491],[-82.88927,35.64396],[-82.8902,35.64337],[-82.89032,35.64182],[-82.8897,35.64066],[-82.89114,35.63655],[-82.89253,35.63374]]]}},{"type":"Feature","properties":{"kind":"minor-water","name":"Pigeon River","ftype":558,"lengthKm":0.29,"hu8":"06010106","pid":"132654559"},"geometry":{"type":"MultiLineString","coordinates":[[[-82.88758,35.54141],[-82.88876,35.54147],[-82.89048,35.54225]]]}},{"type":"Feature","properties":{"kind":"minor-water","name":"Fine Branch","ftype":460,"lengthKm":2.08,"hu8":"06010106","pid":"132645041"},"geometry":{"type":"MultiLineString","coordinates":[[[-83.22986,35.93806],[-83.22892,35.93829],[-83.22625,35.9375],[-83.22543,35.93789],[-83.22353,35.93771],[-83.21979,35.93638],[-83.21925,35.93561],[-83.21664,35.93383],[-83.21646,35.93278],[-83.21563,35.93143],[-83.21498,35.93073],[-83.21323,35.92993],[-83.21251,35.92876]]]}},{"type":"Feature","properties":{"kind":"minor-water","name":"Rocky Branch","ftype":460,"lengthKm":0.86,"hu8":"06010106","pid":"132656425"},"geometry":{"type":"MultiLineString","coordinates":[[[-82.89578,35.44739],[-82.89727,35.44879],[-82.89871,35.45116],[-82.90255,35.45194]]]}},{"type":"Feature","properties":{"kind":"minor-water","name":"Barnes Branch","ftype":460,"lengthKm":0.65,"hu8":"06010106","pid":"132646827"},"geometry":{"type":"MultiLineString","coordinates":[[[-83.15672,35.7821],[-83.15712,35.78332],[-83.15882,35.78526],[-83.15867,35.78743]]]}},{"type":"Feature","properties":{"kind":"minor-water","name":"Reed Creek","ftype":460,"lengthKm":0.81,"hu8":"06010106","pid":"132656558"},"geometry":{"type":"MultiLineString","coordinates":[[[-82.77285,35.42871],[-82.77565,35.42899],[-82.7786,35.42995],[-82.7813,35.42897]]]}},{"type":"Feature","properties":{"kind":"minor-water","name":"Anderson Creek","ftype":460,"lengthKm":1.7,"hu8":"06010106","pid":"132656694"},"geometry":{"type":"MultiLineString","coordinates":[[[-82.84405,35.42889],[-82.84329,35.42932],[-82.84123,35.4294],[-82.8401,35.42896],[-82.83869,35.42925],[-82.83839,35.43064],[-82.83958,35.43222],[-82.8389,35.43332],[-82.83625,35.43301],[-82.83171,35.43441]]]}},{"type":"Feature","properties":{"kind":"minor-water","name":"East Fork Pigeon River","ftype":558,"lengthKm":0.38,"hu8":"06010106","pid":"132657124"},"geometry":{"type":"MultiLineString","coordinates":[[[-82.81225,35.40485],[-82.81296,35.4067],[-82.81283,35.40817]]]}},{"type":"Feature","properties":{"kind":"minor-water","name":"Maddron Creek","ftype":460,"lengthKm":1.72,"hu8":"06010106","pid":"132648152"},"geometry":{"type":"MultiLineString","coordinates":[[[-83.26689,35.74037],[-83.26813,35.74284],[-83.26901,35.74584],[-83.26862,35.74876],[-83.27008,35.74995],[-83.27005,35.75066],[-83.27184,35.75225],[-83.27205,35.75307],[-83.27341,35.75397]]]}},{"type":"Feature","properties":{"kind":"minor-water","name":"Haywood Gap Stream","ftype":460,"lengthKm":0.85,"hu8":"06010106","pid":"132657981"},"geometry":{"type":"MultiLineString","coordinates":[[[-82.94949,35.32177],[-82.94902,35.32292],[-82.94555,35.32478],[-82.94393,35.32623],[-82.94346,35.32729]]]}},{"type":"Feature","properties":{"kind":"minor-water","name":"Wycle Fork","ftype":460,"lengthKm":1.41,"hu8":"06010106","pid":"132655341"},"geometry":{"type":"MultiLineString","coordinates":[[[-83.16586,35.53134],[-83.16554,35.53032],[-83.16361,35.52781],[-83.16133,35.52728],[-83.15989,35.52583],[-83.15797,35.52498],[-83.15438,35.52401]]]}},{"type":"Feature","properties":{"kind":"minor-water","name":"Bald Creek","ftype":460,"lengthKm":0.55,"hu8":"06010106","pid":"132653036"},"geometry":{"type":"MultiLineString","coordinates":[[[-82.89651,35.62587],[-82.8967,35.62395],[-82.89751,35.62301],[-82.89774,35.62113]]]}},{"type":"Feature","properties":{"kind":"minor-water","name":"Jonathans Creek","ftype":460,"lengthKm":0.35,"hu8":"06010106","pid":"132655334"},"geometry":{"type":"MultiLineString","coordinates":[[[-83.09639,35.51858],[-83.09261,35.51904]]]}},{"type":"Feature","properties":{"kind":"minor-water","name":"Pigeon River","ftype":558,"lengthKm":0.54,"hu8":"06010106","pid":"132653254"},"geometry":{"type":"MultiLineString","coordinates":[[[-82.97398,35.62152],[-82.97646,35.62202],[-82.97983,35.62207]]]}},{"type":"Feature","properties":{"kind":"minor-water","name":"Barnes Branch","ftype":460,"lengthKm":1.03,"hu8":"06010106","pid":"132646315"},"geometry":{"type":"MultiLineString","coordinates":[[[-83.1479,35.79102],[-83.14629,35.79154],[-83.14545,35.79213],[-83.14522,35.79268],[-83.14346,35.79368],[-83.14251,35.79546],[-83.14176,35.79606],[-83.14138,35.7979]]]}},{"type":"Feature","properties":{"kind":"minor-water","name":"Little Creek","ftype":460,"lengthKm":1.2,"hu8":"06010106","pid":"132652808"},"geometry":{"type":"MultiLineString","coordinates":[[[-82.88195,35.64193],[-82.88338,35.64117],[-82.88442,35.64005],[-82.88435,35.63798],[-82.88493,35.63572],[-82.88646,35.63461],[-82.8888,35.6343]]]}},{"type":"Feature","properties":{"kind":"minor-water","name":"Little East Fork Pigeon River","ftype":460,"lengthKm":1.16,"hu8":"06010106","pid":"132657905"},"geometry":{"type":"MultiLineString","coordinates":[[[-82.87186,35.34212],[-82.87461,35.34479],[-82.87479,35.34783],[-82.87523,35.34906],[-82.87675,35.35061],[-82.87673,35.35126]]]}},{"type":"Feature","properties":{"kind":"minor-water","name":"Pisgah Creek","ftype":460,"lengthKm":0.6,"hu8":"06010106","pid":"132656692"},"geometry":{"type":"MultiLineString","coordinates":[[[-82.79911,35.42862],[-82.80017,35.4278],[-82.8016,35.42734],[-82.80212,35.42667],[-82.80248,35.42454]]]}},{"type":"Feature","properties":{"kind":"minor-water","name":"Medford Branch","ftype":460,"lengthKm":0.06,"hu8":"06010106","pid":"132656734"},"geometry":{"type":"MultiLineString","coordinates":[[[-82.99655,35.44426],[-82.9966,35.44482]]]}},{"type":"Feature","properties":{"kind":"minor-water","name":"Pigeon River","ftype":558,"lengthKm":0.19,"hu8":"06010106","pid":"132654710"},"geometry":{"type":"MultiLineString","coordinates":[[[-82.90585,35.53539],[-82.90672,35.53561],[-82.90777,35.53518]]]}},{"type":"Feature","properties":{"kind":"minor-water","name":"Carpenter Branch","ftype":558,"lengthKm":0.03,"hu8":"06010106","pid":"132654895"},"geometry":{"type":"MultiLineString","coordinates":[[[-83.12435,35.54785],[-83.12399,35.54781]]]}},{"type":"Feature","properties":{"kind":"minor-water","name":"Stillhouse Branch","ftype":460,"lengthKm":0.61,"hu8":"06010106","pid":"132647183"},"geometry":{"type":"MultiLineString","coordinates":[[[-83.22345,35.78395],[-83.22519,35.78526],[-83.22553,35.78584],[-83.22724,35.78686],[-83.22777,35.78793]]]}},{"type":"Feature","properties":{"kind":"minor-water","name":"Pigeon River","ftype":558,"lengthKm":0.41,"hu8":"06010106","pid":"132654610"},"geometry":{"type":"MultiLineString","coordinates":[[[-82.84356,35.53372],[-82.84495,35.53535],[-82.84523,35.53708]]]}},{"type":"Feature","properties":{"kind":"minor-water","name":"Ugly Creek","ftype":460,"lengthKm":1.84,"hu8":"06010106","pid":"132657666"},"geometry":{"type":"MultiLineString","coordinates":[[[-82.8368,35.37329],[-82.83325,35.37542],[-82.82912,35.37914],[-82.82649,35.38045],[-82.82507,35.38057],[-82.82314,35.38212],[-82.82086,35.38296]]]}},{"type":"Feature","properties":{"kind":"minor-water","name":"Jones Cove Branch","ftype":558,"lengthKm":0.01,"hu8":"06010106","pid":"132654658"},"geometry":{"type":"MultiLineString","coordinates":[[[-82.94873,35.54196],[-82.94868,35.54203]]]}},{"type":"Feature","properties":{"kind":"minor-water","name":"Crawford Creek","ftype":460,"lengthKm":0.37,"hu8":"06010106","pid":"132657348"},"geometry":{"type":"MultiLineString","coordinates":[[[-82.84084,35.39579],[-82.83925,35.39691],[-82.83724,35.39677]]]}},{"type":"Feature","properties":{"kind":"minor-water","name":"Rocky Branch","ftype":460,"lengthKm":1.07,"hu8":"06010106","pid":"132656656"},"geometry":{"type":"MultiLineString","coordinates":[[[-82.88902,35.43653],[-82.89049,35.44041],[-82.89254,35.44304],[-82.89448,35.44489]]]}},{"type":"Feature","properties":{"kind":"minor-water","name":"East Fork Pigeon River","ftype":558,"lengthKm":0.3,"hu8":"06010106","pid":"132656286"},"geometry":{"type":"MultiLineString","coordinates":[[[-82.81675,35.44497],[-82.81733,35.4452],[-82.82001,35.44486]]]}},{"type":"Feature","properties":{"kind":"minor-water","name":"Beaverdam Creek","ftype":460,"lengthKm":0.81,"hu8":"06010106","pid":"132653528"},"geometry":{"type":"MultiLineString","coordinates":[[[-82.83111,35.59735],[-82.83088,35.59608],[-82.83043,35.59561],[-82.83054,35.59495],[-82.83001,35.59456],[-82.82996,35.59369],[-82.8284,35.59069]]]}},{"type":"Feature","properties":{"kind":"minor-water","name":"Mashie Stomp Creek","ftype":460,"lengthKm":2.08,"hu8":"06010106","pid":"132655253"},"geometry":{"type":"MultiLineString","coordinates":[[[-83.15683,35.54755],[-83.15742,35.54637],[-83.15839,35.54543],[-83.16078,35.54426],[-83.16121,35.54379],[-83.1621,35.54074],[-83.16194,35.53703],[-83.16266,35.53552],[-83.16586,35.53134]]]}},{"type":"Feature","properties":{"kind":"minor-water","name":"West Fork Pigeon River","ftype":558,"lengthKm":0.2,"hu8":"06010106","pid":"132656409"},"geometry":{"type":"MultiLineString","coordinates":[[[-82.90571,35.44884],[-82.90492,35.44974],[-82.90479,35.45043]]]}},{"type":"Feature","properties":{"kind":"minor-water","name":"Pigeon River","ftype":558,"lengthKm":0.63,"hu8":"06010106","pid":"132654380"},"geometry":{"type":"MultiLineString","coordinates":[[[-82.84967,35.54559],[-82.85033,35.54648],[-82.85116,35.54657],[-82.85158,35.54632],[-82.85219,35.54282]]]}},{"type":"Feature","properties":{"kind":"minor-water","name":"Nolen Creek","ftype":460,"lengthKm":0.87,"hu8":"06010106","pid":"132656720"},"geometry":{"type":"MultiLineString","coordinates":[[[-83.0646,35.45726],[-83.0641,35.45626],[-83.05837,35.45289],[-83.0578,35.45203]]]}},{"type":"Feature","properties":{"kind":"minor-water","name":"Pigeon River","ftype":460,"lengthKm":0.2,"hu8":"06010106","pid":"132655345"},"geometry":{"type":"MultiLineString","coordinates":[[[-82.88212,35.49334],[-82.88225,35.49513]]]}},{"type":"Feature","properties":{"kind":"minor-water","name":"Trail Hollow Branch","ftype":558,"lengthKm":0.22,"hu8":"06010106","pid":"132645840"},"geometry":{"type":"MultiLineString","coordinates":[[[-83.14454,35.80921],[-83.14506,35.81038],[-83.14488,35.81113]]]}},{"type":"Feature","properties":{"kind":"minor-water","name":"East Fork Pigeon River","ftype":558,"lengthKm":0.09,"hu8":"06010106","pid":"132657000"},"geometry":{"type":"MultiLineString","coordinates":[[[-82.81037,35.41342],[-82.81125,35.41315]]]}},{"type":"Feature","properties":{"kind":"minor-water","name":"Rabbit Branch","ftype":460,"lengthKm":1.05,"hu8":"06010106","pid":"132645818"},"geometry":{"type":"MultiLineString","coordinates":[[[-83.21271,35.81903],[-83.21421,35.81992],[-83.21435,35.82168],[-83.21485,35.8224],[-83.21443,35.82444],[-83.21499,35.82502],[-83.2153,35.8261],[-83.21646,35.82719]]]}},{"type":"Feature","properties":{"kind":"minor-water","name":"Camp Bell Branch","ftype":460,"lengthKm":1.32,"hu8":"06010106","pid":"132645191"},"geometry":{"type":"MultiLineString","coordinates":[[[-83.27418,35.90196],[-83.26888,35.89986],[-83.26516,35.89945],[-83.26444,35.89987],[-83.26388,35.89966],[-83.2622,35.90021],[-83.26069,35.8996]]]}},{"type":"Feature","properties":{"kind":"minor-water","name":"East Fork Pigeon River","ftype":558,"lengthKm":0.89,"hu8":"06010106","pid":"132657480"},"geometry":{"type":"MultiLineString","coordinates":[[[-82.81409,35.38511],[-82.81473,35.38642],[-82.81379,35.38831],[-82.81202,35.38994],[-82.80985,35.38972],[-82.80934,35.39009]]]}},{"type":"Feature","properties":{"kind":"minor-water","name":"Richland Creek","ftype":460,"lengthKm":0.42,"hu8":"06010106","pid":"132657173"},"geometry":{"type":"MultiLineString","coordinates":[[[-83.07481,35.43155],[-83.07566,35.43188],[-83.07599,35.43484]]]}},{"type":"Feature","properties":{"kind":"minor-water","name":"East Fork Pigeon River","ftype":558,"lengthKm":0.04,"hu8":"06010106","pid":"132656998"},"geometry":{"type":"MultiLineString","coordinates":[[[-82.81356,35.41358],[-82.81374,35.41387]]]}},{"type":"Feature","properties":{"kind":"minor-water","name":"Rush Fork","ftype":460,"lengthKm":0.88,"hu8":"06010106","pid":"132653048"},"geometry":{"type":"MultiLineString","coordinates":[[[-82.94266,35.63295],[-82.94352,35.63216],[-82.94367,35.63155],[-82.94321,35.63],[-82.94301,35.62534]]]}},{"type":"Feature","properties":{"kind":"minor-water","name":"East Fork Pigeon River","ftype":558,"lengthKm":0.43,"hu8":"06010106","pid":"132656401"},"geometry":{"type":"MultiLineString","coordinates":[[[-82.81419,35.43926],[-82.81558,35.44078],[-82.81492,35.44183],[-82.81511,35.44258]]]}},{"type":"Feature","properties":{"kind":"minor-water","name":"Steestachee Branch","ftype":460,"lengthKm":1.09,"hu8":"06010106","pid":"132657366"},"geometry":{"type":"MultiLineString","coordinates":[[[-83.0376,35.41586],[-83.0351,35.41593],[-83.03263,35.41639],[-83.02908,35.4161],[-83.0272,35.41534],[-83.02591,35.41545]]]}},{"type":"Feature","properties":{"kind":"minor-water","name":"Little East Fork Pigeon River","ftype":558,"lengthKm":0.25,"hu8":"06010106","pid":"132657558"},"geometry":{"type":"MultiLineString","coordinates":[[[-82.89738,35.39005],[-82.89731,35.39232]]]}},{"type":"Feature","properties":{"kind":"minor-water","name":"Murray Branch","ftype":460,"lengthKm":0.59,"hu8":"06010106","pid":"132654339"},"geometry":{"type":"MultiLineString","coordinates":[[[-82.85545,35.55076],[-82.85625,35.54967],[-82.8562,35.54753],[-82.85715,35.54579]]]}},{"type":"Feature","properties":{"kind":"minor-water","name":"Chinquapin Branch","ftype":460,"lengthKm":0.78,"hu8":"06010106","pid":"132656596"},"geometry":{"type":"MultiLineString","coordinates":[[[-82.79625,35.43493],[-82.7968,35.43365],[-82.79802,35.4322],[-82.79827,35.42919],[-82.79911,35.42862]]]}},{"type":"Feature","properties":{"kind":"minor-water","name":"Sinking Creek","ftype":460,"lengthKm":1.71,"hu8":"06010106","pid":"132645222"},"geometry":{"type":"MultiLineString","coordinates":[[[-83.29924,35.8982],[-83.29918,35.89618],[-83.29655,35.89567],[-83.29589,35.89495],[-83.29381,35.89521],[-83.29034,35.89734],[-83.28961,35.89883],[-83.29009,35.89953],[-83.28971,35.90079],[-83.2887,35.90187]]]}},{"type":"Feature","properties":{"kind":"minor-water","name":"Pisgah Creek","ftype":460,"lengthKm":0.67,"hu8":"06010106","pid":"132656862"},"geometry":{"type":"MultiLineString","coordinates":[[[-82.76167,35.41634],[-82.76535,35.41464],[-82.76651,35.41356],[-82.76775,35.41301]]]}},{"type":"Feature","properties":{"kind":"minor-water","name":"Pigeon River","ftype":558,"lengthKm":0.08,"hu8":"06010106","pid":"132653380"},"geometry":{"type":"MultiLineString","coordinates":[[[-82.96542,35.61384],[-82.96615,35.6142]]]}},{"type":"Feature","properties":{"kind":"minor-water","name":"Mill Creek","ftype":558,"lengthKm":0.26,"hu8":"06010106","pid":"132645760"},"geometry":{"type":"MultiLineString","coordinates":[[[-83.14629,35.81833],[-83.14907,35.81766]]]}},{"type":"Feature","properties":{"kind":"minor-water","name":"Bald Creek","ftype":460,"lengthKm":0.71,"hu8":"06010106","pid":"132652944"},"geometry":{"type":"MultiLineString","coordinates":[[[-82.89244,35.6315],[-82.89367,35.63132],[-82.89378,35.6296],[-82.89518,35.62711],[-82.89595,35.62644]]]}},{"type":"Feature","properties":{"kind":"minor-water","name":"East Fork Pigeon River","ftype":558,"lengthKm":0.22,"hu8":"06010106","pid":"132657240"},"geometry":{"type":"MultiLineString","coordinates":[[[-82.81177,35.39959],[-82.81004,35.40094]]]}},{"type":"Feature","properties":{"kind":"minor-water","name":"Reed Creek","ftype":460,"lengthKm":0.43,"hu8":"06010106","pid":"132656620"},"geometry":{"type":"MultiLineString","coordinates":[[[-82.78744,35.42797],[-82.78973,35.42834],[-82.79155,35.42708]]]}},{"type":"Feature","properties":{"kind":"minor-water","name":"Long Levels Branch","ftype":460,"lengthKm":1,"hu8":"06010106","pid":"132652765"},"geometry":{"type":"MultiLineString","coordinates":[[[-82.91041,35.6408],[-82.90818,35.63975],[-82.90409,35.63944],[-82.90004,35.63804]]]}},{"type":"Feature","properties":{"kind":"minor-water","name":"Long Branch","ftype":460,"lengthKm":1.93,"hu8":"06010106","pid":"132657632"},"geometry":{"type":"MultiLineString","coordinates":[[[-83.01529,35.39625],[-83.015,35.39896],[-83.01337,35.40028],[-83.0123,35.40305],[-83.01158,35.40385],[-83.00938,35.40498],[-83.00142,35.40696]]]}},{"type":"Feature","properties":{"kind":"minor-water","name":"Pigeon River","ftype":558,"lengthKm":0.62,"hu8":"06010106","pid":"132653132"},"geometry":{"type":"MultiLineString","coordinates":[[[-82.99975,35.62694],[-82.99525,35.63111]]]}},{"type":"Feature","properties":{"kind":"minor-water","name":"East Fork Campbell Creek","ftype":460,"lengthKm":0.75,"hu8":"06010106","pid":"132656303"},"geometry":{"type":"MultiLineString","coordinates":[[[-83.113,35.4765],[-83.11255,35.47893],[-83.11295,35.48054],[-83.1125,35.48212],[-83.11172,35.48297]]]}},{"type":"Feature","properties":{"kind":"minor-water","name":"Scapecat Branch","ftype":460,"lengthKm":2.28,"hu8":"06010106","pid":"132657660"},"geometry":{"type":"MultiLineString","coordinates":[[[-82.87153,35.37956],[-82.87304,35.38004],[-82.87863,35.38068],[-82.88258,35.38149],[-82.88596,35.38139],[-82.88894,35.38047],[-82.89197,35.38042],[-82.89321,35.38068],[-82.89456,35.38174],[-82.89551,35.38209]]]}},{"type":"Feature","properties":{"kind":"minor-water","name":"Plott Creek","ftype":460,"lengthKm":1.27,"hu8":"06010106","pid":"132656032"},"geometry":{"type":"MultiLineString","coordinates":[[[-83.08316,35.48315],[-83.0776,35.48385],[-83.0729,35.48408],[-83.06918,35.48393]]]}},{"type":"Feature","properties":{"kind":"minor-water","name":"Bald Creek","ftype":460,"lengthKm":0.93,"hu8":"06010106","pid":"132652384"},"geometry":{"type":"MultiLineString","coordinates":[[[-82.88371,35.66827],[-82.88266,35.66726],[-82.88187,35.66583],[-82.88162,35.66396],[-82.88335,35.66245],[-82.88399,35.66104]]]}},{"type":"Feature","properties":{"kind":"minor-water","name":"Sally Haynes Branch","ftype":460,"lengthKm":1.14,"hu8":"06010106","pid":"132654724"},"geometry":{"type":"MultiLineString","coordinates":[[[-82.88162,35.53203],[-82.88135,35.53689],[-82.88076,35.53872],[-82.88141,35.54022],[-82.88142,35.54209]]]}},{"type":"Feature","properties":{"kind":"minor-water","name":"Little East Fork Pigeon River","ftype":460,"lengthKm":0.74,"hu8":"06010106","pid":"132657825"},"geometry":{"type":"MultiLineString","coordinates":[[[-82.8917,35.36314],[-82.8912,35.36568],[-82.89274,35.36798],[-82.89231,35.36942]]]}},{"type":"Feature","properties":{"kind":"minor-water","name":"Pigeon River","ftype":558,"lengthKm":0.57,"hu8":"06010106","pid":"132653959"},"geometry":{"type":"MultiLineString","coordinates":[[[-82.94545,35.57984],[-82.94575,35.5806],[-82.94874,35.58173],[-82.94887,35.58225],[-82.94844,35.58331]]]}},{"type":"Feature","properties":{"kind":"minor-water","name":"Crawford Creek","ftype":460,"lengthKm":0.62,"hu8":"06010106","pid":"132657552"},"geometry":{"type":"MultiLineString","coordinates":[[[-82.85804,35.38619],[-82.85661,35.38773],[-82.85565,35.38933],[-82.85387,35.39044]]]}},{"type":"Feature","properties":{"kind":"minor-water","name":"West Fork Pigeon River","ftype":558,"lengthKm":0.13,"hu8":"06010106","pid":"132657406"},"geometry":{"type":"MultiLineString","coordinates":[[[-82.93258,35.40222],[-82.93323,35.40325]]]}},{"type":"Feature","properties":{"kind":"minor-water","name":"Hurricane Creek","ftype":460,"lengthKm":0.24,"hu8":"06010106","pid":"132648008"},"geometry":{"type":"MultiLineString","coordinates":[[[-82.98861,35.72862],[-82.98868,35.72803],[-82.98999,35.72687]]]}},{"type":"Feature","properties":{"kind":"minor-water","name":"Ned Branch","ftype":460,"lengthKm":1.36,"hu8":"06010106","pid":"132654319"},"geometry":{"type":"MultiLineString","coordinates":[[[-83.06694,35.58586],[-83.06855,35.58493],[-83.06939,35.58152],[-83.06762,35.58048],[-83.06647,35.58057],[-83.06329,35.57824],[-83.06227,35.57785]]]}},{"type":"Feature","properties":{"kind":"minor-water","name":"Farmer Branch","ftype":460,"lengthKm":3.48,"hu8":"06010106","pid":"132656296"},"geometry":{"type":"MultiLineString","coordinates":[[[-82.98298,35.46267],[-82.98447,35.46393],[-82.98593,35.46442],[-82.9882,35.4645],[-82.99063,35.46514],[-82.99464,35.46511],[-82.9953,35.46528],[-82.99644,35.46618],[-82.99839,35.47409],[-82.99892,35.47506],[-82.99998,35.47584],[-83.00039,35.47926],[-83.00384,35.48399]]]}},{"type":"Feature","properties":{"kind":"minor-water","name":"Pigeon River","ftype":558,"lengthKm":0.05,"hu8":"06010106","pid":"132655066"},"geometry":{"type":"MultiLineString","coordinates":[[[-82.86083,35.50751],[-82.86037,35.50771]]]}},{"type":"Feature","properties":{"kind":"minor-water","name":"Richland Creek","ftype":558,"lengthKm":1.49,"hu8":"06010106","pid":"132655305"},"geometry":{"type":"MultiLineString","coordinates":[[[-82.97305,35.50681],[-82.9712,35.50786],[-82.97209,35.50885],[-82.9741,35.51],[-82.9751,35.51116],[-82.97396,35.51185],[-82.97336,35.51272],[-82.97063,35.51264],[-82.96965,35.51506]]]}},{"type":"Feature","properties":{"kind":"minor-water","name":"Garden Creek","ftype":460,"lengthKm":0.12,"hu8":"06010106","pid":"132655452"},"geometry":{"type":"MultiLineString","coordinates":[[[-82.83522,35.48237],[-82.83628,35.48305]]]}},{"type":"Feature","properties":{"kind":"minor-water","name":"Rabbit Branch","ftype":460,"lengthKm":0.73,"hu8":"06010106","pid":"132645725"},"geometry":{"type":"MultiLineString","coordinates":[[[-83.21646,35.82719],[-83.21564,35.83004],[-83.21594,35.83191],[-83.21692,35.83351]]]}},{"type":"Feature","properties":{"kind":"minor-water","name":"Big Branch","ftype":460,"lengthKm":0.35,"hu8":"06010106","pid":"{FDF2A027-2299-4FD7-8569-B71F44CE2B6C}"},"geometry":{"type":"MultiLineString","coordinates":[[[-83.21157,35.79234],[-83.21099,35.79283],[-83.21049,35.79522]]]}},{"type":"Feature","properties":{"kind":"minor-water","name":"Dicks Branch","ftype":460,"lengthKm":0.11,"hu8":"06010106","pid":"{2B394FBD-096E-4107-ADCD-CB6AE6DFB1F7}"},"geometry":{"type":"MultiLineString","coordinates":[[[-83.0627,35.70693],[-83.06156,35.70725]]]}},{"type":"Feature","properties":{"kind":"minor-water","name":"Hurricane Creek","ftype":460,"lengthKm":0.23,"hu8":"06010106","pid":"{6D86A5C5-D897-4F01-8B4A-F7C39ED14D64}"},"geometry":{"type":"MultiLineString","coordinates":[[[-82.99134,35.72656],[-82.99184,35.72572],[-82.99155,35.72464]]]}},{"type":"Feature","properties":{"kind":"minor-water","name":"Puncheon Camp Branch","ftype":460,"lengthKm":0.38,"hu8":"06010106","pid":"{614C687A-35CB-4FFF-9F1A-C54D71AA1982}"},"geometry":{"type":"MultiLineString","coordinates":[[[-83.05298,35.734],[-83.05223,35.73659],[-83.05163,35.73717]]]}},{"type":"Feature","properties":{"kind":"minor-water","name":"Puncheon Camp Branch","ftype":460,"lengthKm":0.21,"hu8":"06010106","pid":"{B108CA80-1B48-4CEE-83CD-553C2EBC88CD}"},"geometry":{"type":"MultiLineString","coordinates":[[[-83.05163,35.73717],[-83.05104,35.73902]]]}},{"type":"Feature","properties":{"kind":"minor-water","name":"Hurricane Creek","ftype":460,"lengthKm":0.04,"hu8":"06010106","pid":"{373E9488-1FAC-48DC-9F13-A1C8467D888D}"},"geometry":{"type":"MultiLineString","coordinates":[[[-82.9643,35.74122],[-82.96441,35.74087]]]}},{"type":"Feature","properties":{"kind":"minor-water","name":"Puncheon Camp Branch","ftype":460,"lengthKm":0.15,"hu8":"06010106","pid":"{FAC155E1-8EDB-4EA6-85EA-99A47D581BE2}"},"geometry":{"type":"MultiLineString","coordinates":[[[-83.05085,35.73912],[-83.05074,35.74043]]]}},{"type":"Feature","properties":{"kind":"minor-water","name":"Little Fall Branch","ftype":460,"lengthKm":0.31,"hu8":"06010106","pid":"{6DD5C94F-D52C-4831-A097-20EC6338B411}"},"geometry":{"type":"MultiLineString","coordinates":[[[-82.9772,35.75087],[-82.97778,35.75227],[-82.97767,35.75288],[-82.97708,35.75341]]]}},{"type":"Feature","properties":{"kind":"minor-water","name":"Hurricane Creek","ftype":460,"lengthKm":0.16,"hu8":"06010106","pid":"{450DA494-7952-433C-9573-7FCE891D2AE3}"},"geometry":{"type":"MultiLineString","coordinates":[[[-82.96306,35.7487],[-82.96312,35.74723]]]}},{"type":"Feature","properties":{"kind":"minor-water","name":"Fall Branch","ftype":460,"lengthKm":0.09,"hu8":"06010106","pid":"{348D0B06-AB79-4D12-AF02-F39AEB0A3DE7}"},"geometry":{"type":"MultiLineString","coordinates":[[[-82.97101,35.75534],[-82.9718,35.75589]]]}},{"type":"Feature","properties":{"kind":"minor-water","name":"Leatherwood Branch","ftype":460,"lengthKm":0.2,"hu8":"06010106","pid":"{D91FC46B-8611-4A21-83DC-A55C3B8A39B2}"},"geometry":{"type":"MultiLineString","coordinates":[[[-82.99906,35.657],[-82.99947,35.65778],[-82.99896,35.65861]]]}},{"type":"Feature","properties":{"kind":"minor-water","name":"Wright Branch","ftype":460,"lengthKm":0.18,"hu8":"06010106","pid":"{9E952006-86DC-4A2A-813F-C0E0AF14CEF7}"},"geometry":{"type":"MultiLineString","coordinates":[[[-83.01504,35.62876],[-83.01303,35.62879]]]}},{"type":"Feature","properties":{"kind":"minor-water","name":"Sinking Creek","ftype":558,"lengthKm":0.03,"hu8":"06010106","pid":"132644839"},"geometry":{"type":"MultiLineString","coordinates":[[[-83.19435,35.99139],[-83.19402,35.99136]]]}},{"type":"Feature","properties":{"kind":"minor-water","name":"East Fork Pigeon River","ftype":558,"lengthKm":0.52,"hu8":"06010106","pid":"132656544"},"geometry":{"type":"MultiLineString","coordinates":[[[-82.8127,35.43274],[-82.81197,35.43308],[-82.81199,35.4343],[-82.81335,35.43437],[-82.81423,35.43589]]]}},{"type":"Feature","properties":{"kind":"minor-water","name":"Richland Creek","ftype":558,"lengthKm":0.08,"hu8":"06010106","pid":"132655313"},"geometry":{"type":"MultiLineString","coordinates":[[[-82.97388,35.50656],[-82.97305,35.50681]]]}},{"type":"Feature","properties":{"kind":"minor-water","name":"English Creek","ftype":460,"lengthKm":0.57,"hu8":"06010106","pid":"132645070"},"geometry":{"type":"MultiLineString","coordinates":[[[-83.19487,35.91889],[-83.1922,35.92169],[-83.19025,35.92209]]]}},{"type":"Feature","properties":{"kind":"minor-water","name":"Bubbling Spring Branch","ftype":460,"lengthKm":0.95,"hu8":"06010106","pid":"132658002"},"geometry":{"type":"MultiLineString","coordinates":[[[-82.90935,35.30602],[-82.90793,35.30888],[-82.90852,35.31041],[-82.90863,35.3125],[-82.9101,35.31382]]]}},{"type":"Feature","properties":{"kind":"minor-water","name":"Dotson Branch","ftype":460,"lengthKm":0.6,"hu8":"06010106","pid":"132653701"},"geometry":{"type":"MultiLineString","coordinates":[[[-82.9748,35.5981],[-82.97401,35.59926],[-82.97336,35.59958],[-82.97287,35.60098],[-82.97123,35.60243]]]}},{"type":"Feature","properties":{"kind":"minor-water","name":"Anderson Creek","ftype":460,"lengthKm":1.6,"hu8":"06010106","pid":"132656956"},"geometry":{"type":"MultiLineString","coordinates":[[[-82.85272,35.41879],[-82.85135,35.42431],[-82.85062,35.42586],[-82.84911,35.42707],[-82.8479,35.42885],[-82.84733,35.42914],[-82.84666,35.42921],[-82.84561,35.42879],[-82.84405,35.42889]]]}},{"type":"Feature","properties":{"kind":"minor-water","name":"Bee Branch","ftype":460,"lengthKm":0.69,"hu8":"06010106","pid":"132657532"},"geometry":{"type":"MultiLineString","coordinates":[[[-82.80363,35.3845],[-82.8047,35.38444],[-82.8107,35.38233]]]}},{"type":"Feature","properties":{"kind":"minor-water","name":"Pigeon River","ftype":558,"lengthKm":0.41,"hu8":"06010106","pid":"132653493"},"geometry":{"type":"MultiLineString","coordinates":[[[-82.96265,35.608],[-82.96345,35.60966],[-82.96304,35.61048],[-82.96309,35.61148]]]}},{"type":"Feature","properties":{"kind":"minor-water","name":"Hurricane Creek","ftype":460,"lengthKm":0.2,"hu8":"06010106","pid":"{B9B22A2C-5346-4B95-9E89-4ABA3D6562C0}"},"geometry":{"type":"MultiLineString","coordinates":[[[-83.02355,35.71893],[-83.02386,35.71917],[-83.02369,35.72012],[-83.02422,35.72042]]]}},{"type":"Feature","properties":{"kind":"minor-water","name":"West Fork Pigeon River","ftype":558,"lengthKm":1.26,"hu8":"06010106","pid":"132657854"},"geometry":{"type":"MultiLineString","coordinates":[[[-82.9252,35.36409],[-82.926,35.36413],[-82.92641,35.36549],[-82.92689,35.36594],[-82.93011,35.36662],[-82.93044,35.36727],[-82.93032,35.36927],[-82.93158,35.36967],[-82.9321,35.37026],[-82.93179,35.37163]]]}},{"type":"Feature","properties":{"kind":"minor-water","name":"Camp Branch","ftype":460,"lengthKm":0.75,"hu8":"06010106","pid":"132656465"},"geometry":{"type":"MultiLineString","coordinates":[[[-82.98334,35.45496],[-82.98583,35.45572],[-82.98695,35.4556],[-82.99084,35.45751]]]}},{"type":"Feature","properties":{"kind":"minor-water","name":"Ratcliffe Cove Branch","ftype":460,"lengthKm":0.62,"hu8":"06010106","pid":"132655311"},"geometry":{"type":"MultiLineString","coordinates":[[[-82.95402,35.50438],[-82.95438,35.50549],[-82.95548,35.50684],[-82.95707,35.5073],[-82.95882,35.50728]]]}},{"type":"Feature","properties":{"kind":"minor-water","name":"West Fork Pigeon River","ftype":558,"lengthKm":0.45,"hu8":"06010106","pid":"132657783"},"geometry":{"type":"MultiLineString","coordinates":[[[-82.93771,35.3737],[-82.94025,35.3746],[-82.94074,35.37539],[-82.94053,35.37626]]]}},{"type":"Feature","properties":{"kind":"minor-water","name":"Murray Branch","ftype":460,"lengthKm":0.33,"hu8":"06010106","pid":"132654255"},"geometry":{"type":"MultiLineString","coordinates":[[[-82.85266,35.55252],[-82.85442,35.55106],[-82.85545,35.55076]]]}},{"type":"Feature","properties":{"kind":"minor-water","name":"Pisgah Creek","ftype":460,"lengthKm":0.31,"hu8":"06010106","pid":"132656840"},"geometry":{"type":"MultiLineString","coordinates":[[[-82.78289,35.41591],[-82.78528,35.41792]]]}},{"type":"Feature","properties":{"kind":"minor-water","name":"Bowen Branch","ftype":460,"lengthKm":0.33,"hu8":"06010106","pid":"132654261"},"geometry":{"type":"MultiLineString","coordinates":[[[-82.87567,35.555],[-82.87523,35.55419],[-82.87356,35.55265]]]}},{"type":"Feature","properties":{"kind":"minor-water","name":"Ratcliffe Cove Branch","ftype":460,"lengthKm":0.37,"hu8":"06010106","pid":"132655359"},"geometry":{"type":"MultiLineString","coordinates":[[[-82.94912,35.50034],[-82.95007,35.50011],[-82.95314,35.5003]]]}},{"type":"Feature","properties":{"kind":"minor-water","name":"Crawford Creek","ftype":460,"lengthKm":0.37,"hu8":"06010106","pid":"132657382"},"geometry":{"type":"MultiLineString","coordinates":[[[-82.84357,35.39335],[-82.84151,35.39476],[-82.84084,35.39579]]]}},{"type":"Feature","properties":{"kind":"minor-water","name":"Hurricane Creek","ftype":460,"lengthKm":0.05,"hu8":"06010106","pid":"{4F864D78-0474-44B2-BDFB-02A41B376B97}"},"geometry":{"type":"MultiLineString","coordinates":[[[-83.01385,35.71882],[-83.01436,35.71889]]]}},{"type":"Feature","properties":{"kind":"minor-water","name":"East Fork Pigeon River","ftype":558,"lengthKm":0.58,"hu8":"06010106","pid":"132655941"},"geometry":{"type":"MultiLineString","coordinates":[[[-82.85319,35.46127],[-82.85411,35.46234],[-82.85641,35.46242],[-82.8575,35.46204],[-82.85842,35.46126]]]}},{"type":"Feature","properties":{"kind":"minor-water","name":"Middle Prong West Fork Pigeon River","ftype":460,"lengthKm":1.16,"hu8":"06010106","pid":"132657909"},"geometry":{"type":"MultiLineString","coordinates":[[[-82.94437,35.34668],[-82.9443,35.34752],[-82.94366,35.34868],[-82.94404,35.34983],[-82.94379,35.35115],[-82.94268,35.35247],[-82.94254,35.35314],[-82.94344,35.35452],[-82.94398,35.35642]]]}},{"type":"Feature","properties":{"kind":"minor-water","name":"Little Branch","ftype":460,"lengthKm":1.35,"hu8":"06010106","pid":"132656680"},"geometry":{"type":"MultiLineString","coordinates":[[[-83.08178,35.46457],[-83.07969,35.46282],[-83.07876,35.46027],[-83.07691,35.45796],[-83.07546,35.45646],[-83.07328,35.45485]]]}},{"type":"Feature","properties":{"kind":"minor-water","name":"Evans Branch","ftype":460,"lengthKm":1.24,"hu8":"06010106","pid":"132655326"},"geometry":{"type":"MultiLineString","coordinates":[[[-83.08822,35.52799],[-83.08835,35.527],[-83.08668,35.52432],[-83.08529,35.52303],[-83.08464,35.52173],[-83.08471,35.52074],[-83.08422,35.52012],[-83.08396,35.51782]]]}},{"type":"Feature","properties":{"kind":"minor-water","name":"Sam Branch","ftype":558,"lengthKm":0.01,"hu8":"06010106","pid":"132657913"},"geometry":{"type":"MultiLineString","coordinates":[[[-82.90277,35.34063],[-82.90286,35.34061]]]}},{"type":"Feature","properties":{"kind":"minor-water","name":"Laurel Branch","ftype":460,"lengthKm":0.47,"hu8":"06010106","pid":"132652958"},"geometry":{"type":"MultiLineString","coordinates":[[[-83.01234,35.63875],[-83.01164,35.63875],[-83.0111,35.63909],[-83.00996,35.63869],[-83.00935,35.63932],[-83.00781,35.63923]]]}},{"type":"Feature","properties":{"kind":"minor-water","name":"Morell Springs Branch","ftype":558,"lengthKm":0.65,"hu8":"06010106","pid":"132644938"},"geometry":{"type":"MultiLineString","coordinates":[[[-83.17886,35.95428],[-83.17747,35.95728],[-83.17565,35.95952]]]}},{"type":"Feature","properties":{"kind":"minor-water","name":"East Fork Pigeon River","ftype":558,"lengthKm":0.92,"hu8":"06010106","pid":"132656946"},"geometry":{"type":"MultiLineString","coordinates":[[[-82.81342,35.41452],[-82.81173,35.41684],[-82.81081,35.41888],[-82.81121,35.4199],[-82.81229,35.42086],[-82.81186,35.42184]]]}},{"type":"Feature","properties":{"kind":"minor-water","name":"Pigeon River","ftype":558,"lengthKm":0.75,"hu8":"06010106","pid":"132653330"},"geometry":{"type":"MultiLineString","coordinates":[[[-82.96922,35.61771],[-82.9693,35.61987],[-82.96997,35.62097],[-82.97138,35.62146],[-82.97398,35.62152]]]}},{"type":"Feature","properties":{"kind":"minor-water","name":"English Creek","ftype":460,"lengthKm":2.67,"hu8":"06010106","pid":"132645063"},"geometry":{"type":"MultiLineString","coordinates":[[[-83.19025,35.92209],[-83.18931,35.92068],[-83.18895,35.92047],[-83.18827,35.92064],[-83.18786,35.9212],[-83.18823,35.92189],[-83.18811,35.92246],[-83.18711,35.92321],[-83.18582,35.92339],[-83.18522,35.92553],[-83.18411,35.9255],[-83.18357,35.92577],[-83.18332,35.92672],[-83.18189,35.92769],[-83.18222,35.92844],[-83.18141,35.92871],[-83.18098,35.92935],[-83.18006,35.92987],[-83.17958,35.93103],[-83.17991,35.93334],[-83.1794,35.93451],[-83.17839,35.93539],[-83.17792,35.93744]]]}},{"type":"Feature","properties":{"kind":"minor-water","name":"Little East Fork Pigeon River","ftype":460,"lengthKm":0.83,"hu8":"06010106","pid":"132657328"},"geometry":{"type":"MultiLineString","coordinates":[[[-82.89896,35.40332],[-82.89854,35.40433],[-82.89867,35.40574],[-82.90023,35.40537],[-82.90136,35.40545],[-82.90338,35.40621],[-82.90399,35.40696]]]}},{"type":"Feature","properties":{"kind":"minor-water","name":"Richland Creek","ftype":558,"lengthKm":0.16,"hu8":"06010106","pid":"132654923"},"geometry":{"type":"MultiLineString","coordinates":[[[-82.96197,35.52803],[-82.96176,35.52846],[-82.96228,35.52937]]]}},{"type":"Feature","properties":{"kind":"minor-water","name":"Pigeon River","ftype":558,"lengthKm":0.27,"hu8":"06010106","pid":"132653818"},"geometry":{"type":"MultiLineString","coordinates":[[[-82.95425,35.58899],[-82.95492,35.58954],[-82.95681,35.59002]]]}},{"type":"Feature","properties":{"kind":"minor-water","name":"Wolf Branch","ftype":460,"lengthKm":1.54,"hu8":"06010106","pid":"132653359"},"geometry":{"type":"MultiLineString","coordinates":[[[-82.88186,35.61784],[-82.88353,35.61582],[-82.8857,35.61473],[-82.88754,35.61217],[-82.88779,35.6112],[-82.88744,35.60844],[-82.88777,35.60584]]]}},{"type":"Feature","properties":{"kind":"minor-water","name":"Bubbling Spring Branch","ftype":460,"lengthKm":1.88,"hu8":"06010106","pid":"132658010"},"geometry":{"type":"MultiLineString","coordinates":[[[-82.92125,35.29991],[-82.91737,35.29715],[-82.91623,35.29735],[-82.91416,35.29913],[-82.91246,35.29963],[-82.91182,35.30032],[-82.912,35.30147],[-82.91175,35.30179],[-82.91027,35.3032],[-82.90931,35.30329],[-82.9097,35.30533],[-82.90935,35.30602]]]}},{"type":"Feature","properties":{"kind":"minor-water","name":"Morell Springs Branch","ftype":460,"lengthKm":0.68,"hu8":"06010106","pid":"132644950"},"geometry":{"type":"MultiLineString","coordinates":[[[-83.18612,35.95342],[-83.18322,35.95362],[-83.18056,35.95273],[-83.17926,35.95364]]]}},{"type":"Feature","properties":{"kind":"minor-water","name":"Garden Creek","ftype":460,"lengthKm":1.14,"hu8":"06010106","pid":"132655628"},"geometry":{"type":"MultiLineString","coordinates":[[[-82.82796,35.47007],[-82.82772,35.47402],[-82.82956,35.4787],[-82.82962,35.48005]]]}},{"type":"Feature","properties":{"kind":"minor-water","name":"Jonathans Creek","ftype":558,"lengthKm":0.39,"hu8":"06010106","pid":"132655178"},"geometry":{"type":"MultiLineString","coordinates":[[[-83.04076,35.52101],[-83.03646,35.52149]]]}},{"type":"Feature","properties":{"kind":"minor-water","name":"Bird Creek","ftype":460,"lengthKm":0.75,"hu8":"06010106","pid":"132655843"},"geometry":{"type":"MultiLineString","coordinates":[[[-82.90522,35.4685],[-82.90437,35.46886],[-82.90172,35.469],[-82.89989,35.46877],[-82.89787,35.47034]]]}},{"type":"Feature","properties":{"kind":"minor-water","name":"Breeden Branch","ftype":460,"lengthKm":1.13,"hu8":"06010106","pid":"132645219"},"geometry":{"type":"MultiLineString","coordinates":[[[-83.23469,35.88897],[-83.2333,35.89118],[-83.23282,35.89405],[-83.23352,35.89531],[-83.23537,35.8967],[-83.23592,35.89794]]]}},{"type":"Feature","properties":{"kind":"minor-water","name":"Yellowstone Prong","ftype":460,"lengthKm":2.34,"hu8":"06010106","pid":"132657951"},"geometry":{"type":"MultiLineString","coordinates":[[[-82.84924,35.32082],[-82.84688,35.32203],[-82.8451,35.32161],[-82.84317,35.32168],[-82.8418,35.32361],[-82.84056,35.32356],[-82.83834,35.32216],[-82.83696,35.32164],[-82.83278,35.32267],[-82.83189,35.32305],[-82.83097,35.32431],[-82.82963,35.32721]]]}},{"type":"Feature","properties":{"kind":"minor-water","name":"Big Branch","ftype":460,"lengthKm":0.36,"hu8":"06010106","pid":"132653955"},"geometry":{"type":"MultiLineString","coordinates":[[[-82.93676,35.58025],[-82.94065,35.57938]]]}},{"type":"Feature","properties":{"kind":"minor-water","name":"Mitchell Cove Branch","ftype":460,"lengthKm":1.32,"hu8":"06010106","pid":"132655138"},"geometry":{"type":"MultiLineString","coordinates":[[[-83.07104,35.53825],[-83.07202,35.53729],[-83.07243,35.53388],[-83.07348,35.53211],[-83.07352,35.5288],[-83.07391,35.52803],[-83.07482,35.52729]]]}},{"type":"Feature","properties":{"kind":"minor-water","name":"Crabtree Creek","ftype":460,"lengthKm":0.72,"hu8":"06010106","pid":"132653631"},"geometry":{"type":"MultiLineString","coordinates":[[[-82.91572,35.59984],[-82.91863,35.59894],[-82.9189,35.59857],[-82.91851,35.59661],[-82.91897,35.59632],[-82.92026,35.59638]]]}},{"type":"Feature","properties":{"kind":"minor-water","name":"Shining Creek","ftype":460,"lengthKm":0.59,"hu8":"06010106","pid":"132657829"},"geometry":{"type":"MultiLineString","coordinates":[[[-82.84476,35.3577],[-82.84386,35.35736],[-82.84199,35.35763],[-82.8408,35.35751],[-82.83896,35.35875]]]}},{"type":"Feature","properties":{"kind":"minor-water","name":"Inman Branch","ftype":558,"lengthKm":0.01,"hu8":"06010106","pid":"132656550"},"geometry":{"type":"MultiLineString","coordinates":[[[-82.91416,35.44415],[-82.91414,35.44407]]]}},{"type":"Feature","properties":{"kind":"minor-water","name":"Hurricane Creek","ftype":460,"lengthKm":0.11,"hu8":"06010106","pid":"132648226"},"geometry":{"type":"MultiLineString","coordinates":[[[-83.01436,35.71889],[-83.01505,35.7181]]]}},{"type":"Feature","properties":{"kind":"minor-water","name":"Ratcliffe Cove Branch","ftype":460,"lengthKm":0.68,"hu8":"06010106","pid":"132655348"},"geometry":{"type":"MultiLineString","coordinates":[[[-82.94387,35.50427],[-82.94618,35.50121],[-82.94912,35.50034]]]}},{"type":"Feature","properties":{"kind":"minor-water","name":"Bald Creek","ftype":460,"lengthKm":0.9,"hu8":"06010106","pid":"132652602"},"geometry":{"type":"MultiLineString","coordinates":[[[-82.88397,35.65675],[-82.88391,35.6562],[-82.88515,35.6541],[-82.88599,35.65089],[-82.88723,35.64925]]]}},{"type":"Feature","properties":{"kind":"minor-water","name":"Factory Branch","ftype":460,"lengthKm":0.73,"hu8":"06010106","pid":"132655012"},"geometry":{"type":"MultiLineString","coordinates":[[[-82.99535,35.52706],[-82.99292,35.52569],[-82.98781,35.52529]]]}},{"type":"Feature","properties":{"kind":"minor-water","name":"Wright Branch","ftype":460,"lengthKm":0.25,"hu8":"06010106","pid":"132653146"},"geometry":{"type":"MultiLineString","coordinates":[[[-83.01976,35.62823],[-83.01702,35.62875]]]}},{"type":"Feature","properties":{"kind":"minor-water","name":"Crawford Creek","ftype":460,"lengthKm":0.35,"hu8":"06010106","pid":"132657418"},"geometry":{"type":"MultiLineString","coordinates":[[[-82.84852,35.39256],[-82.84747,35.39304],[-82.84557,35.39262],[-82.84493,35.39277]]]}},{"type":"Feature","properties":{"kind":"minor-water","name":"Old Bald Creek","ftype":460,"lengthKm":0.32,"hu8":"06010106","pid":"132657471"},"geometry":{"type":"MultiLineString","coordinates":[[[-83.02102,35.40842],[-83.01824,35.41019]]]}},{"type":"Feature","properties":{"kind":"minor-water","name":"Richland Creek","ftype":460,"lengthKm":0.23,"hu8":"06010106","pid":"132656622"},"geometry":{"type":"MultiLineString","coordinates":[[[-83.04327,35.45505],[-83.04077,35.45523]]]}},{"type":"Feature","properties":{"kind":"minor-water","name":"Patton Branch","ftype":460,"lengthKm":0.75,"hu8":"06010106","pid":"132654660"},"geometry":{"type":"MultiLineString","coordinates":[[[-82.87322,35.53339],[-82.8742,35.5346],[-82.87485,35.53612],[-82.8753,35.53978]]]}},{"type":"Feature","properties":{"kind":"minor-water","name":"Nick Creek","ftype":460,"lengthKm":0.76,"hu8":"06010106","pid":"132656900"},"geometry":{"type":"MultiLineString","coordinates":[[[-82.96426,35.43357],[-82.96139,35.43581],[-82.95909,35.43715],[-82.95824,35.43829]]]}},{"type":"Feature","properties":{"kind":"minor-water","name":"O'Neil Branch","ftype":460,"lengthKm":0.46,"hu8":"06010106","pid":"132644885"},"geometry":{"type":"MultiLineString","coordinates":[[[-83.23087,35.97793],[-83.22762,35.97785],[-83.22673,35.97836],[-83.22593,35.97838]]]}},{"type":"Feature","properties":{"kind":"minor-water","name":"Pigeon River","ftype":558,"lengthKm":0.08,"hu8":"06010106","pid":"132654620"},"geometry":{"type":"MultiLineString","coordinates":[[[-82.89299,35.53941],[-82.89348,35.53884]]]}},{"type":"Feature","properties":{"kind":"minor-water","name":"Beaverdam Creek","ftype":460,"lengthKm":0.62,"hu8":"06010106","pid":"132654191"},"geometry":{"type":"MultiLineString","coordinates":[[[-82.83023,35.55488],[-82.83139,35.55392],[-82.83323,35.55317],[-82.83415,35.55243],[-82.83593,35.55195]]]}},{"type":"Feature","properties":{"kind":"minor-water","name":"Garden Creek","ftype":460,"lengthKm":1.34,"hu8":"06010106","pid":"132655391"},"geometry":{"type":"MultiLineString","coordinates":[[[-82.84497,35.48667],[-82.84603,35.48796],[-82.84624,35.48881],[-82.84558,35.4918],[-82.84574,35.49338],[-82.8466,35.49507],[-82.84627,35.49597],[-82.8467,35.49664],[-82.84627,35.49707],[-82.84615,35.49797]]]}},{"type":"Feature","properties":{"kind":"minor-water","name":"Painter Branch","ftype":460,"lengthKm":0.36,"hu8":"06010106","pid":"132646509"},"geometry":{"type":"MultiLineString","coordinates":[[[-83.08146,35.78336],[-83.08398,35.78083]]]}},{"type":"Feature","properties":{"kind":"minor-water","name":"Pisgah Creek","ftype":460,"lengthKm":0.11,"hu8":"06010106","pid":"132656848"},"geometry":{"type":"MultiLineString","coordinates":[[[-82.78183,35.41535],[-82.78289,35.41591]]]}},{"type":"Feature","properties":{"kind":"minor-water","name":"Silvers Cove Creek","ftype":460,"lengthKm":0.82,"hu8":"06010106","pid":"132653057"},"geometry":{"type":"MultiLineString","coordinates":[[[-82.92812,35.62807],[-82.92874,35.62792],[-82.9301,35.62673],[-82.93103,35.62658],[-82.93192,35.62582],[-82.9338,35.62525],[-82.9351,35.62387]]]}},{"type":"Feature","properties":{"kind":"minor-water","name":"Big Spring Branch","ftype":460,"lengthKm":0.54,"hu8":"06010106","pid":"132654981"},"geometry":{"type":"MultiLineString","coordinates":[[[-83.06244,35.54012],[-83.06091,35.53542]]]}},{"type":"Feature","properties":{"kind":"minor-water","name":"Hunter Branch","ftype":460,"lengthKm":0.18,"hu8":"06010106","pid":"132647866"},"geometry":{"type":"MultiLineString","coordinates":[[[-83.0146,35.73631],[-83.01585,35.73757]]]}},{"type":"Feature","properties":{"kind":"minor-water","name":"Richland Creek","ftype":558,"lengthKm":0.25,"hu8":"06010106","pid":"132655124"},"geometry":{"type":"MultiLineString","coordinates":[[[-82.97028,35.5165],[-82.97109,35.51697],[-82.97286,35.5169]]]}},{"type":"Feature","properties":{"kind":"minor-water","name":"Sweetwater Creek","ftype":460,"lengthKm":0.5,"hu8":"06010106","pid":"132645121"},"geometry":{"type":"MultiLineString","coordinates":[[[-83.16613,35.90334],[-83.16677,35.90387],[-83.16791,35.90603],[-83.16785,35.90745]]]}},{"type":"Feature","properties":{"kind":"minor-water","name":"East Fork Pigeon River","ftype":558,"lengthKm":0.31,"hu8":"06010106","pid":"132655908"},"geometry":{"type":"MultiLineString","coordinates":[[[-82.84096,35.45965],[-82.84147,35.46043],[-82.8436,35.46127]]]}},{"type":"Feature","properties":{"kind":"minor-water","name":"Shelton Branch","ftype":460,"lengthKm":0.6,"hu8":"06010106","pid":"132655990"},"geometry":{"type":"MultiLineString","coordinates":[[[-82.98436,35.47394],[-82.98504,35.47627],[-82.98307,35.47879]]]}},{"type":"Feature","properties":{"kind":"minor-water","name":"Rabbitskin Branch","ftype":460,"lengthKm":0.72,"hu8":"06010106","pid":"132653336"},"geometry":{"type":"MultiLineString","coordinates":[[[-82.99173,35.61853],[-82.99094,35.6193],[-82.98945,35.61934],[-82.98871,35.61977],[-82.98815,35.62118],[-82.98763,35.62162],[-82.98745,35.62304]]]}},{"type":"Feature","properties":{"kind":"minor-water","name":"Ike Wright Branch","ftype":558,"lengthKm":0.02,"hu8":"06010106","pid":"132645128"},"geometry":{"type":"MultiLineString","coordinates":[[[-83.17832,35.90384],[-83.17851,35.904]]]}},{"type":"Feature","properties":{"kind":"minor-water","name":"Silvers Cove Creek","ftype":460,"lengthKm":2.27,"hu8":"06010106","pid":"132652984"},"geometry":{"type":"MultiLineString","coordinates":[[[-82.91632,35.64429],[-82.91916,35.64218],[-82.92221,35.64078],[-82.92348,35.63945],[-82.92596,35.63782],[-82.92714,35.6356],[-82.92699,35.63311],[-82.92774,35.62985],[-82.92834,35.62885],[-82.92812,35.62807]]]}},{"type":"Feature","properties":{"kind":"minor-water","name":"Dawn Branch","ftype":558,"lengthKm":0.02,"hu8":"06010106","pid":"132653808"},"geometry":{"type":"MultiLineString","coordinates":[[[-82.95688,35.58984],[-82.95681,35.59002]]]}},{"type":"Feature","properties":{"kind":"minor-water","name":"Deep Gap Creek","ftype":460,"lengthKm":0.29,"hu8":"06010106","pid":"132657341"},"geometry":{"type":"MultiLineString","coordinates":[[[-82.99072,35.41302],[-82.99329,35.41452]]]}},{"type":"Feature","properties":{"kind":"minor-water","name":"Sorrell Creek","ftype":460,"lengthKm":0.34,"hu8":"06010106","pid":"132657356"},"geometry":{"type":"MultiLineString","coordinates":[[[-82.87105,35.4002],[-82.87308,35.39998],[-82.87411,35.39884]]]}},{"type":"Feature","properties":{"kind":"minor-water","name":"Richland Creek","ftype":558,"lengthKm":0.44,"hu8":"06010106","pid":"132655092"},"geometry":{"type":"MultiLineString","coordinates":[[[-82.97619,35.51854],[-82.97741,35.52035],[-82.97736,35.52225]]]}},{"type":"Feature","properties":{"kind":"minor-water","name":"Green Creek","ftype":460,"lengthKm":1.66,"hu8":"06010106","pid":"132657925"},"geometry":{"type":"MultiLineString","coordinates":[[[-82.91871,35.33997],[-82.9181,35.34202],[-82.91433,35.34471],[-82.91402,35.34795],[-82.91274,35.35066],[-82.91276,35.35327]]]}},{"type":"Feature","properties":{"kind":"minor-water","name":"West Fork Campbell Creek","ftype":460,"lengthKm":0.28,"hu8":"06010106","pid":"132656313"},"geometry":{"type":"MultiLineString","coordinates":[[[-83.12677,35.47714],[-83.12633,35.47869],[-83.12569,35.4795]]]}},{"type":"Feature","properties":{"kind":"minor-water","name":"Hurricane Creek","ftype":460,"lengthKm":0.08,"hu8":"06010106","pid":"{6095160D-5275-466F-A07A-A06CA4734F97}"},"geometry":{"type":"MultiLineString","coordinates":[[[-82.99859,35.72191],[-82.99927,35.7214]]]}},{"type":"Feature","properties":{"kind":"minor-water","name":"Hyatt Creek","ftype":460,"lengthKm":2.68,"hu8":"06010106","pid":"132656357"},"geometry":{"type":"MultiLineString","coordinates":[[[-83.06051,35.47465],[-83.05635,35.47295],[-83.05454,35.47126],[-83.05298,35.47117],[-83.05071,35.47193],[-83.04875,35.47209],[-83.04762,35.4735],[-83.04627,35.47405],[-83.04522,35.47402],[-83.04323,35.47279],[-83.04259,35.47207],[-83.04143,35.46902],[-83.04097,35.46575]]]}},{"type":"Feature","properties":{"kind":"minor-water","name":"Rabbit Branch","ftype":460,"lengthKm":0.98,"hu8":"06010106","pid":"132645843"},"geometry":{"type":"MultiLineString","coordinates":[[[-83.20496,35.81551],[-83.2069,35.81636],[-83.20692,35.81849],[-83.20726,35.81884],[-83.21271,35.81903]]]}},{"type":"Feature","properties":{"kind":"minor-water","name":"Jones Cove Branch","ftype":460,"lengthKm":0.79,"hu8":"06010106","pid":"132654859"},"geometry":{"type":"MultiLineString","coordinates":[[[-82.94398,35.53039],[-82.94507,35.53125],[-82.94708,35.53373],[-82.94867,35.5363]]]}},{"type":"Feature","properties":{"kind":"minor-water","name":"Hemlock Branch","ftype":460,"lengthKm":1,"hu8":"06010106","pid":"132657803"},"geometry":{"type":"MultiLineString","coordinates":[[[-82.90225,35.36681],[-82.90119,35.36882],[-82.90035,35.36946],[-82.89558,35.37099],[-82.89352,35.37095]]]}},{"type":"Feature","properties":{"kind":"minor-water","name":"Tom Creek","ftype":460,"lengthKm":2.22,"hu8":"06010106","pid":"132657907"},"geometry":{"type":"MultiLineString","coordinates":[[[-82.92351,35.34497],[-82.92396,35.34897],[-82.92551,35.35202],[-82.92609,35.35527],[-82.92581,35.36052],[-82.92417,35.36305],[-82.92519,35.36402]]]}},{"type":"Feature","properties":{"kind":"minor-water","name":"Jonathans Creek","ftype":558,"lengthKm":0.53,"hu8":"06010106","pid":"132655220"},"geometry":{"type":"MultiLineString","coordinates":[[[-83.04635,35.52033],[-83.04455,35.52003],[-83.04241,35.52022],[-83.04076,35.52101]]]}},{"type":"Feature","properties":{"kind":"minor-water","name":"Hurricane Creek","ftype":460,"lengthKm":0.18,"hu8":"06010106","pid":"{3110CA76-528B-4DCD-B44F-921F69B6B461}"},"geometry":{"type":"MultiLineString","coordinates":[[[-82.96441,35.74087],[-82.96461,35.73922]]]}},{"type":"Feature","properties":{"kind":"minor-water","name":"Polly Elbert Branch","ftype":460,"lengthKm":0.25,"hu8":"06010106","pid":"{0BA8B971-35FB-4A0A-A4A1-7CFABFED9044}"},"geometry":{"type":"MultiLineString","coordinates":[[[-83.1948,35.8765],[-83.19628,35.87841]]]}},{"type":"Feature","properties":{"kind":"minor-water","name":"Beantown Creek","ftype":558,"lengthKm":0.01,"hu8":"06010106","pid":"{B496041C-8572-4AB3-B261-34560823B213}"},"geometry":{"type":"MultiLineString","coordinates":[[[-83.02306,35.57099],[-83.02299,35.57101]]]}},{"type":"Feature","properties":{"kind":"minor-water","name":"Hurricane Creek","ftype":460,"lengthKm":0.03,"hu8":"06010106","pid":"{92676197-3FDF-4853-B94B-350FC224C046}"},"geometry":{"type":"MultiLineString","coordinates":[[[-82.99838,35.72167],[-82.99859,35.72191]]]}},{"type":"Feature","properties":{"kind":"minor-water","name":"Tobes Creek","ftype":460,"lengthKm":1.37,"hu8":"06010106","pid":"132647394"},"geometry":{"type":"MultiLineString","coordinates":[[[-83.15567,35.7667],[-83.15397,35.7683],[-83.15243,35.76915],[-83.15184,35.77024],[-83.14996,35.77206],[-83.14752,35.77173],[-83.14607,35.77203],[-83.14551,35.77266],[-83.14428,35.77314]]]}},{"type":"Feature","properties":{"kind":"minor-water","name":"Painter Branch","ftype":460,"lengthKm":0.18,"hu8":"06010106","pid":"{A9E13D55-A4E1-4334-B355-CBE617DD1AF0}"},"geometry":{"type":"MultiLineString","coordinates":[[[-83.08398,35.78083],[-83.08466,35.77973],[-83.08514,35.77959]]]}},{"type":"Feature","properties":{"kind":"minor-water","name":"Snake Branch","ftype":460,"lengthKm":0.7,"hu8":"06010106","pid":"{7980AC81-57D6-44E0-87E4-E5E190BEEF9A}"},"geometry":{"type":"MultiLineString","coordinates":[[[-83.09208,35.6033],[-83.0931,35.60341],[-83.09395,35.60311],[-83.09549,35.60346],[-83.09812,35.60287],[-83.09953,35.60294]]]}},{"type":"Feature","properties":{"kind":"minor-water","name":"Ned Branch","ftype":460,"lengthKm":0.36,"hu8":"06010106","pid":"{5AF31081-1469-4F2F-84A5-371D0B91A59D}"},"geometry":{"type":"MultiLineString","coordinates":[[[-83.05465,35.57137],[-83.0543,35.5706],[-83.05292,35.56941],[-83.05209,35.56908]]]}},{"type":"Feature","properties":{"kind":"minor-water","name":"Beantown Creek","ftype":460,"lengthKm":0.2,"hu8":"06010106","pid":"{9D812148-3E80-48A3-94D8-142DE806F01F}"},"geometry":{"type":"MultiLineString","coordinates":[[[-83.05796,35.58623],[-83.05588,35.58564]]]}},{"type":"Feature","properties":{"kind":"minor-water","name":"Ned Branch","ftype":460,"lengthKm":0.19,"hu8":"06010106","pid":"{E95AECCF-B3F5-4CA6-AC3E-BC941E6D9F5C}"},"geometry":{"type":"MultiLineString","coordinates":[[[-83.05791,35.57478],[-83.05695,35.5733]]]}},{"type":"Feature","properties":{"kind":"minor-water","name":"Richland Creek","ftype":558,"lengthKm":0.37,"hu8":"06010106","pid":"132654771"},"geometry":{"type":"MultiLineString","coordinates":[[[-82.95603,35.53831],[-82.95559,35.53883],[-82.95561,35.54032],[-82.95445,35.54102]]]}},{"type":"Feature","properties":{"kind":"minor-water","name":"Garden Creek","ftype":460,"lengthKm":0.18,"hu8":"06010106","pid":"132655184"},"geometry":{"type":"MultiLineString","coordinates":[[[-82.84757,35.4984],[-82.84732,35.49916],[-82.84786,35.49984]]]}},{"type":"Feature","properties":{"kind":"minor-water","name":"Old Bald Creek","ftype":460,"lengthKm":0.49,"hu8":"06010106","pid":"132657380"},"geometry":{"type":"MultiLineString","coordinates":[[[-83.01437,35.41241],[-83.01355,35.41271],[-83.01263,35.41421],[-83.01053,35.41525]]]}},{"type":"Feature","properties":{"kind":"minor-water","name":"West Fork Pigeon River","ftype":558,"lengthKm":0.71,"hu8":"06010106","pid":"132657696"},"geometry":{"type":"MultiLineString","coordinates":[[[-82.93887,35.38206],[-82.94176,35.38566],[-82.94133,35.38701],[-82.94075,35.38747]]]}},{"type":"Feature","properties":{"kind":"minor-water","name":"Hunter Branch","ftype":460,"lengthKm":0.1,"hu8":"06010106","pid":"{ED8D6CDE-2B8B-4A2E-8CDF-DC141DA5ED23}"},"geometry":{"type":"MultiLineString","coordinates":[[[-83.01345,35.73619],[-83.0146,35.73631]]]}},{"type":"Feature","properties":{"kind":"minor-water","name":"Hungry Creek","ftype":460,"lengthKm":1.59,"hu8":"06010106","pid":"132657252"},"geometry":{"type":"MultiLineString","coordinates":[[[-82.77792,35.3951],[-82.78102,35.39573],[-82.78481,35.39793],[-82.78743,35.39853],[-82.7917,35.4003],[-82.79388,35.40044]]]}},{"type":"Feature","properties":{"kind":"minor-water","name":"Medford Branch","ftype":460,"lengthKm":1.79,"hu8":"06010106","pid":"132654454"},"geometry":{"type":"MultiLineString","coordinates":[[[-82.96635,35.55258],[-82.9644,35.55335],[-82.96273,35.55665],[-82.96189,35.55698],[-82.96068,35.55684],[-82.95796,35.558],[-82.9552,35.55818],[-82.9511,35.55557]]]}},{"type":"Feature","properties":{"kind":"minor-water","name":"Raccoon Creek","ftype":460,"lengthKm":1.68,"hu8":"06010106","pid":"132656186"},"geometry":{"type":"MultiLineString","coordinates":[[[-82.94341,35.46226],[-82.94368,35.46329],[-82.94281,35.46503],[-82.94242,35.46692],[-82.9438,35.46878],[-82.94424,35.4706],[-82.94553,35.47137],[-82.94608,35.47214],[-82.94925,35.47266],[-82.95029,35.47374]]]}},{"type":"Feature","properties":{"kind":"minor-water","name":"Miller Branch","ftype":460,"lengthKm":0.35,"hu8":"06010106","pid":"132645867"},"geometry":{"type":"MultiLineString","coordinates":[[[-83.17147,35.80803],[-83.17227,35.81006],[-83.17232,35.81108]]]}},{"type":"Feature","properties":{"kind":"minor-water","name":"O'Neil Branch","ftype":460,"lengthKm":0.04,"hu8":"06010106","pid":"132644888"},"geometry":{"type":"MultiLineString","coordinates":[[[-83.25034,35.97968],[-83.25017,35.97997]]]}},{"type":"Feature","properties":{"kind":"minor-water","name":"Harley Branch","ftype":558,"lengthKm":0.5,"hu8":"06010106","pid":"132656204"},"geometry":{"type":"MultiLineString","coordinates":[[[-82.82315,35.45093],[-82.82425,35.45145],[-82.82508,35.45132],[-82.82697,35.44899]]]}},{"type":"Feature","properties":{"kind":"minor-water","name":"Richland Creek","ftype":558,"lengthKm":0.21,"hu8":"06010106","pid":"132655106"},"geometry":{"type":"MultiLineString","coordinates":[[[-82.97455,35.51744],[-82.97506,35.51821],[-82.97619,35.51854]]]}},{"type":"Feature","properties":{"kind":"minor-water","name":"Pigeon River","ftype":558,"lengthKm":0.19,"hu8":"06010106","pid":"132654551"},"geometry":{"type":"MultiLineString","coordinates":[[[-82.93453,35.54666],[-82.93636,35.54742]]]}},{"type":"Feature","properties":{"kind":"minor-water","name":"Allen Creek","ftype":460,"lengthKm":3.31,"hu8":"06010106","pid":"132656776"},"geometry":{"type":"MultiLineString","coordinates":[[[-83.00696,35.44366],[-83.00698,35.44444],[-83.0064,35.44527],[-83.00612,35.44673],[-83.00608,35.44856],[-83.00499,35.44983],[-83.00426,35.45248],[-83.00358,35.45281],[-83.00247,35.45666],[-83.00242,35.45857],[-83.00187,35.45959],[-83.00318,35.46189],[-83.00314,35.46272],[-83.00381,35.46353],[-83.004,35.46502],[-83.00592,35.46652],[-83.00676,35.46828],[-83.00935,35.47008],[-83.00935,35.46989]]]}},{"type":"Feature","properties":{"kind":"minor-water","name":"Richland Creek","ftype":558,"lengthKm":0.39,"hu8":"06010106","pid":"132655652"},"geometry":{"type":"MultiLineString","coordinates":[[[-83.0031,35.48707],[-82.99954,35.48902]]]}},{"type":"Feature","properties":{"kind":"minor-water","name":"Poplar Branch","ftype":558,"lengthKm":0.02,"hu8":"06010106","pid":"132656682"},"geometry":{"type":"MultiLineString","coordinates":[[[-82.92163,35.43827],[-82.92163,35.43805]]]}},{"type":"Feature","properties":{"kind":"minor-water","name":"Bird Creek","ftype":460,"lengthKm":0.55,"hu8":"06010106","pid":"132655970"},"geometry":{"type":"MultiLineString","coordinates":[[[-82.91387,35.46773],[-82.91214,35.46679],[-82.90812,35.46643]]]}},{"type":"Feature","properties":{"kind":"minor-water","name":"Pigeon River","ftype":558,"lengthKm":0.18,"hu8":"06010106","pid":"132653335"},"geometry":{"type":"MultiLineString","coordinates":[[[-82.96908,35.61612],[-82.96922,35.61771]]]}},{"type":"Feature","properties":{"kind":"minor-water","name":"West Fork Pigeon River","ftype":558,"lengthKm":2.28,"hu8":"06010106","pid":"132657915"},"geometry":{"type":"MultiLineString","coordinates":[[[-82.90286,35.34061],[-82.90286,35.34379],[-82.90332,35.34581],[-82.90308,35.34629],[-82.90188,35.34705],[-82.90207,35.34741],[-82.90373,35.34768],[-82.90287,35.34878],[-82.9029,35.35026],[-82.90427,35.35121],[-82.90602,35.35159],[-82.90711,35.35252],[-82.9088,35.3531],[-82.91201,35.35307],[-82.91267,35.35333]]]}},{"type":"Feature","properties":{"kind":"minor-water","name":"Lenoir Creek","ftype":460,"lengthKm":1.47,"hu8":"06010106","pid":"132657088"},"geometry":{"type":"MultiLineString","coordinates":[[[-82.85971,35.41275],[-82.8583,35.41591],[-82.85795,35.42157],[-82.85858,35.42304],[-82.86046,35.42369],[-82.86106,35.42451]]]}},{"type":"Feature","properties":{"kind":"minor-water","name":"Rogers Cove Creek","ftype":460,"lengthKm":0.22,"hu8":"06010106","pid":"132653544"},"geometry":{"type":"MultiLineString","coordinates":[[[-82.89782,35.59752],[-82.89849,35.59783],[-82.9002,35.59793]]]}},{"type":"Feature","properties":{"kind":"minor-water","name":"East Fork Pigeon River","ftype":460,"lengthKm":0.68,"hu8":"06010106","pid":"132657864"},"geometry":{"type":"MultiLineString","coordinates":[[[-82.82194,35.34964],[-82.82147,35.35031],[-82.81963,35.35074],[-82.81892,35.35122],[-82.81755,35.354]]]}},{"type":"Feature","properties":{"kind":"minor-water","name":"Pigeon River","ftype":558,"lengthKm":1.4,"hu8":"06010106","pid":"132653806"},"geometry":{"type":"MultiLineString","coordinates":[[[-82.95681,35.59002],[-82.95762,35.5905],[-82.95768,35.59109],[-82.95603,35.59279],[-82.95486,35.59659],[-82.95337,35.59822],[-82.9514,35.59942],[-82.95112,35.6005]]]}},{"type":"Feature","properties":{"kind":"minor-water","name":"Reed Creek","ftype":460,"lengthKm":0.06,"hu8":"06010106","pid":"132656570"},"geometry":{"type":"MultiLineString","coordinates":[[[-82.7813,35.42897],[-82.78186,35.42876]]]}},{"type":"Feature","properties":{"kind":"minor-water","name":"Stillhouse Branch","ftype":460,"lengthKm":1.12,"hu8":"06010106","pid":"132647476"},"geometry":{"type":"MultiLineString","coordinates":[[[-83.22732,35.77127],[-83.22708,35.77195],[-83.22758,35.7739],[-83.22689,35.77461],[-83.22712,35.77604],[-83.2262,35.77655],[-83.22511,35.7767],[-83.22376,35.77795],[-83.22218,35.77881]]]}},{"type":"Feature","properties":{"kind":"minor-water","name":"Barnes Branch","ftype":460,"lengthKm":0.26,"hu8":"06010106","pid":"132646092"},"geometry":{"type":"MultiLineString","coordinates":[[[-83.14138,35.7979],[-83.14063,35.79882],[-83.14031,35.80004]]]}},{"type":"Feature","properties":{"kind":"minor-water","name":"Jonathans Creek","ftype":558,"lengthKm":0.99,"hu8":"06010106","pid":"132655375"},"geometry":{"type":"MultiLineString","coordinates":[[[-83.07743,35.51293],[-83.0729,35.5131],[-83.07164,35.51342],[-83.06984,35.5133],[-83.06827,35.51399],[-83.06681,35.51409]]]}},{"type":"Feature","properties":{"kind":"minor-water","name":"West Fork Pigeon River","ftype":558,"lengthKm":0.22,"hu8":"06010106","pid":"132656660"},"geometry":{"type":"MultiLineString","coordinates":[[[-82.91704,35.43949],[-82.91797,35.44133]]]}},{"type":"Feature","properties":{"kind":"minor-water","name":"Grassy Ridge Branch","ftype":460,"lengthKm":1.65,"hu8":"06010106","pid":"132657947"},"geometry":{"type":"MultiLineString","coordinates":[[[-82.92873,35.3327],[-82.93099,35.3324],[-82.93234,35.33256],[-82.9342,35.33195],[-82.93652,35.33202],[-82.93957,35.33268],[-82.94148,35.33391],[-82.94218,35.3354],[-82.94375,35.33712]]]}},{"type":"Feature","properties":{"kind":"minor-water","name":"Silvers Cove Creek","ftype":460,"lengthKm":0.61,"hu8":"06010106","pid":"132653156"},"geometry":{"type":"MultiLineString","coordinates":[[[-82.9351,35.62387],[-82.93709,35.62026],[-82.9373,35.61877]]]}},{"type":"Feature","properties":{"kind":"minor-water","name":"Mitchell Cove Branch","ftype":460,"lengthKm":1.67,"hu8":"06010106","pid":"132655335"},"geometry":{"type":"MultiLineString","coordinates":[[[-83.07482,35.52729],[-83.07238,35.52311],[-83.07072,35.52156],[-83.06889,35.51672],[-83.06626,35.51522],[-83.06549,35.5152]]]}},{"type":"Feature","properties":{"kind":"minor-water","name":"Miller Branch","ftype":460,"lengthKm":0.51,"hu8":"06010106","pid":"132646024"},"geometry":{"type":"MultiLineString","coordinates":[[[-83.16521,35.80086],[-83.16715,35.80112],[-83.16795,35.80407]]]}},{"type":"Feature","properties":{"kind":"minor-water","name":"Little Beartrap Branch","ftype":460,"lengthKm":1.01,"hu8":"06010106","pid":"132657895"},"geometry":{"type":"MultiLineString","coordinates":[[[-82.95727,35.3561],[-82.95446,35.35677],[-82.95209,35.35625],[-82.9464,35.35565]]]}},{"type":"Feature","properties":{"kind":"minor-water","name":"Laurel Branch","ftype":558,"lengthKm":0.02,"hu8":"06010106","pid":"132653053"},"geometry":{"type":"MultiLineString","coordinates":[[[-82.9954,35.63128],[-82.99525,35.63111]]]}},{"type":"Feature","properties":{"kind":"minor-water","name":"Mauney Cove Branch","ftype":460,"lengthKm":1.17,"hu8":"06010106","pid":"132655130"},"geometry":{"type":"MultiLineString","coordinates":[[[-82.99543,35.51885],[-82.99245,35.51951],[-82.99213,35.52005],[-82.98983,35.52133],[-82.98801,35.52344],[-82.98568,35.5251]]]}},{"type":"Feature","properties":{"kind":"minor-water","name":"Dix Creek","ftype":460,"lengthKm":0.5,"hu8":"06010106","pid":"132656702"},"geometry":{"type":"MultiLineString","coordinates":[[[-82.87533,35.4322],[-82.87454,35.43423],[-82.87449,35.43662]]]}},{"type":"Feature","properties":{"kind":"minor-water","name":"Dawn Branch","ftype":460,"lengthKm":0.23,"hu8":"06010106","pid":"132653892"},"geometry":{"type":"MultiLineString","coordinates":[[[-82.96597,35.58552],[-82.96488,35.5857],[-82.96383,35.58653]]]}},{"type":"Feature","properties":{"kind":"minor-water","name":"Old Bald Creek","ftype":460,"lengthKm":0.29,"hu8":"06010106","pid":"132657339"},"geometry":{"type":"MultiLineString","coordinates":[[[-83.01053,35.41525],[-83.00933,35.41763]]]}},{"type":"Feature","properties":{"kind":"minor-water","name":"Rush Fork","ftype":460,"lengthKm":0.81,"hu8":"06010106","pid":"132653532"},"geometry":{"type":"MultiLineString","coordinates":[[[-82.93929,35.60958],[-82.93956,35.60912],[-82.93863,35.6071],[-82.93867,35.60484],[-82.93918,35.60345],[-82.93997,35.60278]]]}},{"type":"Feature","properties":{"kind":"minor-water","name":"West Fork Pigeon River","ftype":558,"lengthKm":0.63,"hu8":"06010106","pid":"132655640"},"geometry":{"type":"MultiLineString","coordinates":[[[-82.88391,35.47505],[-82.88434,35.47635],[-82.88434,35.47789],[-82.88375,35.47825],[-82.88281,35.4778],[-82.88179,35.47879]]]}},{"type":"Feature","properties":{"kind":"minor-water","name":"Garden Creek","ftype":460,"lengthKm":0.39,"hu8":"06010106","pid":"132655464"},"geometry":{"type":"MultiLineString","coordinates":[[[-82.83146,35.48083],[-82.83365,35.48219],[-82.83522,35.48237]]]}},{"type":"Feature","properties":{"kind":"minor-water","name":"Richland Creek","ftype":558,"lengthKm":0.66,"hu8":"06010106","pid":"132654688"},"geometry":{"type":"MultiLineString","coordinates":[[[-82.95445,35.54102],[-82.95217,35.54147],[-82.95194,35.54245],[-82.9509,35.54297],[-82.94868,35.54203]]]}},{"type":"Feature","properties":{"kind":"minor-water","name":"Allen Creek","ftype":460,"lengthKm":0.25,"hu8":"06010106","pid":"132656902"},"geometry":{"type":"MultiLineString","coordinates":[[[-83.00936,35.43836],[-83.00925,35.43933],[-83.0085,35.4404]]]}},{"type":"Feature","properties":{"kind":"minor-water","name":"Greasy Cove Prong","ftype":460,"lengthKm":3.12,"hu8":"06010106","pid":"132657901"},"geometry":{"type":"MultiLineString","coordinates":[[[-82.85763,35.34157],[-82.85335,35.3418],[-82.85088,35.34103],[-82.84924,35.34171],[-82.84567,35.34228],[-82.84376,35.34152],[-82.84297,35.34176],[-82.83992,35.34173],[-82.83829,35.3411],[-82.83783,35.33926],[-82.83725,35.33871],[-82.83608,35.3386],[-82.8333,35.33926],[-82.82955,35.3386],[-82.82685,35.33734]]]}},{"type":"Feature","properties":{"kind":"minor-water","name":"Big Creek","ftype":460,"lengthKm":0.67,"hu8":"06010106","pid":"132657494"},"geometry":{"type":"MultiLineString","coordinates":[[[-82.948,35.40032],[-82.94579,35.39968],[-82.94289,35.39965],[-82.94114,35.39864]]]}},{"type":"Feature","properties":{"kind":"minor-water","name":"Conner Mill Branch","ftype":460,"lengthKm":0.94,"hu8":"06010106","pid":"132655058"},"geometry":{"type":"MultiLineString","coordinates":[[[-82.90523,35.51288],[-82.90525,35.51535],[-82.90673,35.51979],[-82.90612,35.52031],[-82.90529,35.52032]]]}},{"type":"Feature","properties":{"kind":"minor-water","name":"East Fork Campbell Creek","ftype":460,"lengthKm":0.71,"hu8":"06010106","pid":"132655974"},"geometry":{"type":"MultiLineString","coordinates":[[[-83.11307,35.48873],[-83.11573,35.49117],[-83.11612,35.49425]]]}},{"type":"Feature","properties":{"kind":"minor-water","name":"East Fork Pigeon River","ftype":558,"lengthKm":0.87,"hu8":"06010106","pid":"132656062"},"geometry":{"type":"MultiLineString","coordinates":[[[-82.86934,35.45754],[-82.87073,35.45813],[-82.87174,35.45897],[-82.87015,35.46108],[-82.87,35.46395]]]}},{"type":"Feature","properties":{"kind":"minor-water","name":"East Fork Pigeon River","ftype":558,"lengthKm":0.3,"hu8":"06010106","pid":"132656317"},"geometry":{"type":"MultiLineString","coordinates":[[[-82.81511,35.44258],[-82.81675,35.44497]]]}},{"type":"Feature","properties":{"kind":"minor-water","name":"Hurricane Creek","ftype":460,"lengthKm":0.16,"hu8":"06010106","pid":"132648220"},"geometry":{"type":"MultiLineString","coordinates":[[[-83.01867,35.71883],[-83.01958,35.71908],[-83.01993,35.71972]]]}},{"type":"Feature","properties":{"kind":"minor-water","name":"Bearpen Branch","ftype":460,"lengthKm":1.81,"hu8":"06010106","pid":"132657147"},"geometry":{"type":"MultiLineString","coordinates":[[[-82.98884,35.42582],[-82.99067,35.42679],[-82.99625,35.42727],[-82.99889,35.42663],[-83.00187,35.42501],[-83.00468,35.42547],[-83.00744,35.42468]]]}},{"type":"Feature","properties":{"kind":"minor-water","name":"East Fork Pigeon River","ftype":558,"lengthKm":0.19,"hu8":"06010106","pid":"132655904"},"geometry":{"type":"MultiLineString","coordinates":[[[-82.84416,35.46132],[-82.84505,35.4612],[-82.84523,35.46021]]]}},{"type":"Feature","properties":{"kind":"minor-water","name":"Beaverdam Creek","ftype":460,"lengthKm":0.46,"hu8":"06010106","pid":"132653957"},"geometry":{"type":"MultiLineString","coordinates":[[[-82.82913,35.57095],[-82.82962,35.56882],[-82.82907,35.56689]]]}},{"type":"Feature","properties":{"kind":"minor-water","name":"West Fork Pigeon River","ftype":558,"lengthKm":0.26,"hu8":"06010106","pid":"132657923"},"geometry":{"type":"MultiLineString","coordinates":[[[-82.90334,35.33832],[-82.90286,35.34061]]]}},{"type":"Feature","properties":{"kind":"minor-water","name":"Plott Creek","ftype":460,"lengthKm":1.56,"hu8":"06010106","pid":"132656054"},"geometry":{"type":"MultiLineString","coordinates":[[[-83.02376,35.47504],[-83.02305,35.47576],[-83.01836,35.47782],[-83.01517,35.47999],[-83.01043,35.47972],[-83.00867,35.48013]]]}},{"type":"Feature","properties":{"kind":"minor-water","name":"Peter Cove Branch","ftype":460,"lengthKm":1.28,"hu8":"06010106","pid":"132655534"},"geometry":{"type":"MultiLineString","coordinates":[[[-82.9103,35.49373],[-82.90833,35.49306],[-82.90739,35.49229],[-82.9072,35.4917],[-82.90762,35.49008],[-82.90731,35.48872],[-82.90342,35.48481]]]}},{"type":"Feature","properties":{"kind":"minor-water","name":"Wycle Fork","ftype":460,"lengthKm":1.24,"hu8":"06010106","pid":"132655480"},"geometry":{"type":"MultiLineString","coordinates":[[[-83.153,35.52029],[-83.15172,35.51888],[-83.14955,35.51832],[-83.1485,35.51742],[-83.14538,35.51666],[-83.14377,35.5149],[-83.14235,35.514]]]}},{"type":"Feature","properties":{"kind":"minor-water","name":"Coffee Branch","ftype":460,"lengthKm":2.25,"hu8":"06010106","pid":"132655520"},"geometry":{"type":"MultiLineString","coordinates":[[[-82.85377,35.47955],[-82.85503,35.48189],[-82.85538,35.48468],[-82.85467,35.4893],[-82.85499,35.49139],[-82.8548,35.49401],[-82.85608,35.49692],[-82.85802,35.49873]]]}},{"type":"Feature","properties":{"kind":"minor-water","name":"Factory Branch","ftype":558,"lengthKm":0.2,"hu8":"06010106","pid":"132655022"},"geometry":{"type":"MultiLineString","coordinates":[[[-82.98155,35.52385],[-82.98079,35.52398],[-82.97946,35.5236]]]}},{"type":"Feature","properties":{"kind":"minor-water","name":"East Fork Pigeon River","ftype":558,"lengthKm":0.06,"hu8":"06010106","pid":"132656028"},"geometry":{"type":"MultiLineString","coordinates":[[[-82.86077,35.4592],[-82.86136,35.4589]]]}},{"type":"Feature","properties":{"kind":"minor-water","name":"East Fork Pigeon River","ftype":558,"lengthKm":1.01,"hu8":"06010106","pid":"132657372"},"geometry":{"type":"MultiLineString","coordinates":[[[-82.80934,35.39009],[-82.80925,35.39191],[-82.81012,35.39385],[-82.80913,35.39524],[-82.80915,35.39572],[-82.81025,35.39574],[-82.81155,35.39493],[-82.81256,35.39511]]]}},{"type":"Feature","properties":{"kind":"minor-water","name":"Poison Cove Branch","ftype":558,"lengthKm":0.01,"hu8":"06010106","pid":"132655239"},"geometry":{"type":"MultiLineString","coordinates":[[[-82.87232,35.49947],[-82.87239,35.49955]]]}},{"type":"Feature","properties":{"kind":"minor-water","name":"Pheasant Branch","ftype":558,"lengthKm":0.01,"hu8":"06010106","pid":"{64F4E06B-67A6-45E2-8E37-E673B6CA54FB}"},"geometry":{"type":"MultiLineString","coordinates":[[[-83.21351,35.87932],[-83.21356,35.87937]]]}},{"type":"Feature","properties":{"kind":"minor-water","name":"Winchester Creek","ftype":460,"lengthKm":1.16,"hu8":"06010106","pid":"132656758"},"geometry":{"type":"MultiLineString","coordinates":[[[-83.07328,35.45485],[-83.07217,35.45296],[-83.07038,35.45274],[-83.06785,35.45137],[-83.06485,35.45031],[-83.06275,35.44995]]]}},{"type":"Feature","properties":{"kind":"minor-water","name":"Boomer Inn Branch","ftype":460,"lengthKm":0.33,"hu8":"06010106","pid":"132657807"},"geometry":{"type":"MultiLineString","coordinates":[[[-82.96559,35.37345],[-82.96191,35.37336]]]}},{"type":"Feature","properties":{"kind":"minor-water","name":"Winchester Creek","ftype":460,"lengthKm":2.84,"hu8":"06010106","pid":"132656686"},"geometry":{"type":"MultiLineString","coordinates":[[[-83.10078,35.46602],[-83.09882,35.46524],[-83.09734,35.4641],[-83.09281,35.46295],[-83.09106,35.46172],[-83.08749,35.45977],[-83.08573,35.45921],[-83.08496,35.45849],[-83.08199,35.45687],[-83.07473,35.45486],[-83.07328,35.45485]]]}},{"type":"Feature","properties":{"kind":"minor-water","name":"East Fork Pigeon River","ftype":558,"lengthKm":0.34,"hu8":"06010106","pid":"132656225"},"geometry":{"type":"MultiLineString","coordinates":[[[-82.82697,35.44899],[-82.82938,35.44877],[-82.83041,35.44938]]]}},{"type":"Feature","properties":{"kind":"minor-water","name":"Cold Creek","ftype":460,"lengthKm":0.15,"hu8":"06010106","pid":"132656964"},"geometry":{"type":"MultiLineString","coordinates":[[[-82.83986,35.41728],[-82.83827,35.41694]]]}},{"type":"Feature","properties":{"kind":"minor-water","name":"Pigeon River","ftype":558,"lengthKm":0.73,"hu8":"06010106","pid":"132654498"},"geometry":{"type":"MultiLineString","coordinates":[[[-82.95423,35.55028],[-82.95475,35.55124],[-82.95427,35.55253],[-82.95312,35.55369],[-82.95182,35.55428],[-82.95095,35.55553]]]}},{"type":"Feature","properties":{"kind":"minor-water","name":"Chinquapin Branch","ftype":460,"lengthKm":0.77,"hu8":"06010106","pid":"132656375"},"geometry":{"type":"MultiLineString","coordinates":[[[-82.78642,35.43701],[-82.78794,35.43809],[-82.79042,35.43872],[-82.7907,35.43922],[-82.79275,35.43936],[-82.79369,35.43875]]]}},{"type":"Feature","properties":{"kind":"minor-water","name":"Pheasant Branch","ftype":460,"lengthKm":0.23,"hu8":"06010106","pid":"{D0A7DA25-2B42-41B1-95F4-05D0C84F7621}"},"geometry":{"type":"MultiLineString","coordinates":[[[-83.21052,35.87123],[-83.21068,35.87183],[-83.20975,35.87312]]]}},{"type":"Feature","properties":{"kind":"minor-water","name":"Long Levels Branch","ftype":460,"lengthKm":0.88,"hu8":"06010106","pid":"132652830"},"geometry":{"type":"MultiLineString","coordinates":[[[-82.90004,35.63804],[-82.89855,35.63705],[-82.8971,35.63524],[-82.89269,35.63301]]]}},{"type":"Feature","properties":{"kind":"minor-water","name":"Sinking Creek","ftype":460,"lengthKm":0.82,"hu8":"06010106","pid":"132645014"},"geometry":{"type":"MultiLineString","coordinates":[[[-83.25675,35.94129],[-83.25705,35.94367],[-83.25766,35.9444],[-83.25673,35.94565],[-83.2569,35.94827]]]}},{"type":"Feature","properties":{"kind":"minor-water","name":"Shiny Creek","ftype":460,"lengthKm":0.32,"hu8":"06010106","pid":"132657721"},"geometry":{"type":"MultiLineString","coordinates":[[[-82.99096,35.38579],[-82.99043,35.38784],[-82.9899,35.38846]]]}},{"type":"Feature","properties":{"kind":"minor-water","name":"Hurricane Creek","ftype":460,"lengthKm":0.24,"hu8":"06010106","pid":"{AF527943-F89E-4C67-98D2-78712BA88E6B}"},"geometry":{"type":"MultiLineString","coordinates":[[[-82.96457,35.73829],[-82.96448,35.73789],[-82.96493,35.73749],[-82.96525,35.73635]]]}},{"type":"Feature","properties":{"kind":"minor-water","name":"Hurricane Creek","ftype":460,"lengthKm":0.32,"hu8":"06010106","pid":"{0C30C5EA-6108-4655-BFA0-5DD175925291}"},"geometry":{"type":"MultiLineString","coordinates":[[[-82.96396,35.74467],[-82.96436,35.7418]]]}},{"type":"Feature","properties":{"kind":"minor-water","name":"Little Fall Branch","ftype":460,"lengthKm":0.32,"hu8":"06010106","pid":"{B3E83764-0E8B-425B-8107-A7FCF7DB37AF}"},"geometry":{"type":"MultiLineString","coordinates":[[[-82.976,35.75559],[-82.97599,35.75602],[-82.97698,35.75725],[-82.97808,35.75765]]]}},{"type":"Feature","properties":{"kind":"minor-water","name":"Leatherwood Branch","ftype":460,"lengthKm":0.19,"hu8":"06010106","pid":"{C4C31D51-474F-4D07-98E6-02D683EC3330}"},"geometry":{"type":"MultiLineString","coordinates":[[[-82.99564,35.66126],[-82.99588,35.66223],[-82.99554,35.66293]]]}},{"type":"Feature","properties":{"kind":"minor-water","name":"Beantown Creek","ftype":460,"lengthKm":0.08,"hu8":"06010106","pid":"{C1B812D9-FC55-427D-AB80-E003BF3FE0B8}"},"geometry":{"type":"MultiLineString","coordinates":[[[-83.04317,35.58161],[-83.04303,35.58092]]]}},{"type":"Feature","properties":{"kind":"minor-water","name":"Beantown Creek","ftype":460,"lengthKm":0.22,"hu8":"06010106","pid":"{FC372ABF-E36F-42E1-BED9-3FF84F39EEA0}"},"geometry":{"type":"MultiLineString","coordinates":[[[-83.04797,35.58386],[-83.04594,35.58283]]]}},{"type":"Feature","properties":{"kind":"minor-water","name":"Beantown Creek","ftype":460,"lengthKm":0.46,"hu8":"06010106","pid":"{E72CD59B-0A3E-4A40-82F1-2A86D10294AB}"},"geometry":{"type":"MultiLineString","coordinates":[[[-83.03025,35.56701],[-83.02869,35.56759],[-83.02781,35.56885],[-83.02747,35.57013]]]}},{"type":"Feature","properties":{"kind":"minor-water","name":"Cooks Creek","ftype":460,"lengthKm":2.23,"hu8":"06010106","pid":"132652850"},"geometry":{"type":"MultiLineString","coordinates":[[[-83.15607,35.66716],[-83.15394,35.66617],[-83.15297,35.66454],[-83.15226,35.66413],[-83.14953,35.66353],[-83.14772,35.66257],[-83.14687,35.66154],[-83.14612,35.66143],[-83.14516,35.6608],[-83.14323,35.66052],[-83.14115,35.65912],[-83.13792,35.65924],[-83.13752,35.65875],[-83.1356,35.65847]]]}},{"type":"Feature","properties":{"kind":"minor-water","name":"Caldwell Fork","ftype":460,"lengthKm":0.48,"hu8":"06010106","pid":"132654067"},"geometry":{"type":"MultiLineString","coordinates":[[[-83.11276,35.59113],[-83.11214,35.59134],[-83.11095,35.59252],[-83.1101,35.59462]]]}},{"type":"Feature","properties":{"kind":"minor-water","name":"Raccoon Creek","ftype":460,"lengthKm":0.4,"hu8":"06010106","pid":"132655773"},"geometry":{"type":"MultiLineString","coordinates":[[[-82.9577,35.47623],[-82.96176,35.47765]]]}},{"type":"Feature","properties":{"kind":"minor-water","name":"Carolina Prong","ftype":460,"lengthKm":1.16,"hu8":"06010106","pid":"132647442"},"geometry":{"type":"MultiLineString","coordinates":[[[-83.15415,35.76565],[-83.15269,35.76735],[-83.1491,35.76875],[-83.14676,35.77031],[-83.14369,35.7712]]]}},{"type":"Feature","properties":{"kind":"minor-water","name":"Jonathans Creek","ftype":558,"lengthKm":0.11,"hu8":"06010106","pid":"132653281"},"geometry":{"type":"MultiLineString","coordinates":[[[-83.01134,35.60733],[-83.01109,35.60833]]]}},{"type":"Feature","properties":{"kind":"minor-water","name":"Long Branch","ftype":460,"lengthKm":0.04,"hu8":"06010106","pid":"132656134"},"geometry":{"type":"MultiLineString","coordinates":[[[-82.80638,35.44819],[-82.80675,35.44808]]]}},{"type":"Feature","properties":{"kind":"minor-water","name":"Lenoir Creek","ftype":460,"lengthKm":0.73,"hu8":"06010106","pid":"132656170"},"geometry":{"type":"MultiLineString","coordinates":[[[-82.85076,35.45244],[-82.8495,35.45401],[-82.84852,35.45708],[-82.84847,35.45862]]]}},{"type":"Feature","properties":{"kind":"minor-water","name":"Middle Prong West Fork Pigeon River","ftype":558,"lengthKm":0.02,"hu8":"06010106","pid":"132657815"},"geometry":{"type":"MultiLineString","coordinates":[[[-82.93871,35.37018],[-82.93858,35.37034]]]}},{"type":"Feature","properties":{"kind":"minor-water","name":"Groundhog Creek","ftype":460,"lengthKm":2.03,"hu8":"06010106","pid":"132646719"},"geometry":{"type":"MultiLineString","coordinates":[[[-83.17436,35.78463],[-83.17593,35.7852],[-83.17696,35.78481],[-83.17917,35.78482],[-83.18205,35.78619],[-83.18236,35.78678],[-83.18391,35.78785],[-83.18418,35.79047],[-83.18403,35.79254],[-83.18355,35.79342],[-83.18373,35.79408],[-83.18532,35.79425],[-83.18717,35.79394]]]}},{"type":"Feature","properties":{"kind":"minor-water","name":"Shelton Branch","ftype":558,"lengthKm":0.01,"hu8":"06010106","pid":"132655399"},"geometry":{"type":"MultiLineString","coordinates":[[[-82.98004,35.50151],[-82.9801,35.50152]]]}},{"type":"Feature","properties":{"kind":"minor-water","name":"Hall Branch","ftype":460,"lengthKm":1.78,"hu8":"06010106","pid":"132652906"},"geometry":{"type":"MultiLineString","coordinates":[[[-83.10167,35.64928],[-83.10045,35.65031],[-83.10019,35.65114],[-83.09944,35.65141],[-83.098,35.6514],[-83.09437,35.65058],[-83.09298,35.65095],[-83.09178,35.65088],[-83.08978,35.6498],[-83.08775,35.65011],[-83.0846,35.65167]]]}},{"type":"Feature","properties":{"kind":"minor-water","name":"Messer Branch","ftype":460,"lengthKm":0.38,"hu8":"06010106","pid":"132652801"},"geometry":{"type":"MultiLineString","coordinates":[[[-83.01859,35.65701],[-83.01681,35.6586],[-83.01528,35.6588]]]}},{"type":"Feature","properties":{"kind":"minor-water","name":"Winding Stair Branch","ftype":460,"lengthKm":0.6,"hu8":"06010106","pid":"132653097"},"geometry":{"type":"MultiLineString","coordinates":[[[-83.04717,35.63934],[-83.04726,35.63858],[-83.04837,35.63749],[-83.04985,35.63719],[-83.05097,35.63662],[-83.05207,35.63674]]]}},{"type":"Feature","properties":{"kind":"minor-water","name":"Chavis Creek","ftype":460,"lengthKm":0.34,"hu8":"06010106","pid":"132646071"},"geometry":{"type":"MultiLineString","coordinates":[[[-83.26064,35.81125],[-83.26032,35.81312],[-83.25959,35.81413]]]}},{"type":"Feature","properties":{"kind":"minor-water","name":"Fines Creek","ftype":460,"lengthKm":0.49,"hu8":"06010106","pid":"132652518"},"geometry":{"type":"MultiLineString","coordinates":[[[-82.99229,35.66973],[-82.99342,35.66951],[-82.99392,35.66835],[-82.99352,35.66789],[-82.99172,35.66715]]]}},{"type":"Feature","properties":{"kind":"minor-water","name":"Toms Branch","ftype":460,"lengthKm":0.48,"hu8":"06010106","pid":"132652171"},"geometry":{"type":"MultiLineString","coordinates":[[[-82.99129,35.68751],[-82.99171,35.68536],[-82.99089,35.68425],[-82.98995,35.6838]]]}},{"type":"Feature","properties":{"kind":"minor-water","name":"Mill Creek","ftype":460,"lengthKm":0.6,"hu8":"06010106","pid":"132645595"},"geometry":{"type":"MultiLineString","coordinates":[[[-83.13989,35.83865],[-83.13927,35.83677],[-83.13905,35.83332]]]}},{"type":"Feature","properties":{"kind":"minor-water","name":"Pigeonroost Branch","ftype":558,"lengthKm":0.15,"hu8":"06010106","pid":"132645565"},"geometry":{"type":"MultiLineString","coordinates":[[[-83.17924,35.84171],[-83.1809,35.84149]]]}},{"type":"Feature","properties":{"kind":"minor-water","name":"Turnalay Creek","ftype":460,"lengthKm":0.25,"hu8":"06010106","pid":"132645693"},"geometry":{"type":"MultiLineString","coordinates":[[[-83.11186,35.82134],[-83.11449,35.82068]]]}},{"type":"Feature","properties":{"kind":"minor-water","name":"Jonathans Creek","ftype":460,"lengthKm":0.14,"hu8":"06010106","pid":"132655426"},"geometry":{"type":"MultiLineString","coordinates":[[[-83.1301,35.51703],[-83.12885,35.51776]]]}},{"type":"Feature","properties":{"kind":"minor-water","name":"Big Creek","ftype":558,"lengthKm":0.82,"hu8":"06010106","pid":"132648214"},"geometry":{"type":"MultiLineString","coordinates":[[[-83.15207,35.73589],[-83.14997,35.73534],[-83.14927,35.73476],[-83.14887,35.73371],[-83.14797,35.7334],[-83.14653,35.73389],[-83.14618,35.73551]]]}},{"type":"Feature","properties":{"kind":"minor-water","name":"Sinking Creek","ftype":460,"lengthKm":0.19,"hu8":"06010106","pid":"132644979"},"geometry":{"type":"MultiLineString","coordinates":[[[-83.2569,35.94827],[-83.25663,35.94889],[-83.25562,35.94948]]]}},{"type":"Feature","properties":{"kind":"minor-water","name":"Deep Gap Creek","ftype":460,"lengthKm":0.55,"hu8":"06010106","pid":"132657330"},"geometry":{"type":"MultiLineString","coordinates":[[[-82.99329,35.41452],[-82.99403,35.41458],[-82.99543,35.41411],[-82.99652,35.41454],[-82.99907,35.4143]]]}},{"type":"Feature","properties":{"kind":"minor-water","name":"Correll Branch","ftype":460,"lengthKm":0.28,"hu8":"06010106","pid":"132652482"},"geometry":{"type":"MultiLineString","coordinates":[[[-83.08995,35.68204],[-83.08892,35.67963]]]}},{"type":"Feature","properties":{"kind":"minor-water","name":"Shoestring Branch","ftype":460,"lengthKm":0.06,"hu8":"06010106","pid":"132646257"},"geometry":{"type":"MultiLineString","coordinates":[[[-83.16531,35.7959],[-83.16599,35.79607]]]}},{"type":"Feature","properties":{"kind":"minor-water","name":"Groundhog Creek","ftype":460,"lengthKm":0.4,"hu8":"06010106","pid":"132646998"},"geometry":{"type":"MultiLineString","coordinates":[[[-83.17062,35.77918],[-83.17329,35.78206]]]}},{"type":"Feature","properties":{"kind":"minor-water","name":"Cold Springs Creek","ftype":460,"lengthKm":0.08,"hu8":"06010106","pid":"132647282"},"geometry":{"type":"MultiLineString","coordinates":[[[-82.99744,35.75284],[-82.998,35.75234]]]}},{"type":"Feature","properties":{"kind":"minor-water","name":"Rocky Branch","ftype":460,"lengthKm":0.71,"hu8":"06010106","pid":"132657272"},"geometry":{"type":"MultiLineString","coordinates":[[[-83.04909,35.42349],[-83.04594,35.423],[-83.04456,35.42325],[-83.04141,35.42284]]]}},{"type":"Feature","properties":{"kind":"minor-water","name":"Fines Creek","ftype":460,"lengthKm":0.15,"hu8":"06010106","pid":"132649441"},"geometry":{"type":"MultiLineString","coordinates":[[[-82.92939,35.69656],[-82.92976,35.69529]]]}},{"type":"Feature","properties":{"kind":"minor-water","name":"East Fork Pigeon River","ftype":558,"lengthKm":0.95,"hu8":"06010106","pid":"132656164"},"geometry":{"type":"MultiLineString","coordinates":[[[-82.84107,35.45141],[-82.84218,35.45207],[-82.84177,35.45392],[-82.84225,35.45532],[-82.84213,35.456],[-82.84079,35.4575],[-82.84108,35.45905]]]}},{"type":"Feature","properties":{"kind":"minor-water","name":"Cold Springs Creek","ftype":460,"lengthKm":0.27,"hu8":"06010106","pid":"132647534"},"geometry":{"type":"MultiLineString","coordinates":[[[-83.00206,35.75041],[-83.00414,35.75034],[-83.00468,35.74975]]]}},{"type":"Feature","properties":{"kind":"minor-water","name":"Gunter Fork","ftype":460,"lengthKm":0.72,"hu8":"06010106","pid":"132652157"},"geometry":{"type":"MultiLineString","coordinates":[[[-83.1786,35.70538],[-83.17541,35.70696],[-83.17544,35.70783],[-83.17366,35.70999]]]}},{"type":"Feature","properties":{"kind":"minor-water","name":"Flat Branch","ftype":460,"lengthKm":1.05,"hu8":"06010106","pid":"132647873"},"geometry":{"type":"MultiLineString","coordinates":[[[-83.08419,35.75442],[-83.08464,35.75498],[-83.08457,35.7554],[-83.08517,35.75584],[-83.0851,35.75652],[-83.0855,35.75679],[-83.08644,35.7589],[-83.08742,35.75919],[-83.08794,35.75972],[-83.08804,35.76114],[-83.08758,35.76147],[-83.08737,35.76234]]]}},{"type":"Feature","properties":{"kind":"minor-water","name":"Swallow Fork","ftype":460,"lengthKm":0.04,"hu8":"06010106","pid":"132651343"},"geometry":{"type":"MultiLineString","coordinates":[[[-83.15665,35.70563],[-83.15698,35.70586]]]}},{"type":"Feature","properties":{"kind":"minor-water","name":"Panther Creek","ftype":460,"lengthKm":0.28,"hu8":"06010106","pid":"132652859"},"geometry":{"type":"MultiLineString","coordinates":[[[-82.9735,35.64048],[-82.97516,35.64102],[-82.97639,35.64074]]]}},{"type":"Feature","properties":{"kind":"minor-water","name":"Arrington Branch","ftype":460,"lengthKm":0.18,"hu8":"06010106","pid":"132652569"},"geometry":{"type":"MultiLineString","coordinates":[[[-82.98737,35.66315],[-82.98938,35.66311]]]}},{"type":"Feature","properties":{"kind":"minor-water","name":"Hemphill Creek","ftype":460,"lengthKm":0.56,"hu8":"06010106","pid":"132654480"},"geometry":{"type":"MultiLineString","coordinates":[[[-83.10147,35.57058],[-83.09969,35.57108],[-83.0954,35.57136]]]}},{"type":"Feature","properties":{"kind":"minor-water","name":"Palmer Creek","ftype":460,"lengthKm":0.55,"hu8":"06010106","pid":"132653334"},"geometry":{"type":"MultiLineString","coordinates":[[[-83.14379,35.63555],[-83.14259,35.63527],[-83.14203,35.6367],[-83.14083,35.63752],[-83.14002,35.63852]]]}},{"type":"Feature","properties":{"kind":"minor-water","name":"Burnett Creek","ftype":558,"lengthKm":0.01,"hu8":"06010106","pid":"132656150"},"geometry":{"type":"MultiLineString","coordinates":[[[-82.83505,35.45116],[-82.83496,35.45123]]]}},{"type":"Feature","properties":{"kind":"minor-water","name":"Big Creek","ftype":460,"lengthKm":0.52,"hu8":"06010106","pid":"132652159"},"geometry":{"type":"MultiLineString","coordinates":[[[-83.22749,35.71085],[-83.22617,35.71044],[-83.22534,35.711],[-83.22217,35.71145]]]}},{"type":"Feature","properties":{"kind":"minor-water","name":"Messer Branch","ftype":460,"lengthKm":0.29,"hu8":"06010106","pid":"132653759"},"geometry":{"type":"MultiLineString","coordinates":[[[-83.04614,35.60386],[-83.04536,35.60507],[-83.0442,35.60589]]]}},{"type":"Feature","properties":{"kind":"minor-water","name":"Middle Creek","ftype":460,"lengthKm":1.43,"hu8":"06010106","pid":"132645514"},"geometry":{"type":"MultiLineString","coordinates":[[[-83.28695,35.86965],[-83.28788,35.86878],[-83.28829,35.86735],[-83.28731,35.86521],[-83.2875,35.86351],[-83.28657,35.86164],[-83.28641,35.85961],[-83.28545,35.85756]]]}},{"type":"Feature","properties":{"kind":"minor-water","name":"Haynes Branch","ftype":460,"lengthKm":0.9,"hu8":"06010106","pid":"132648216"},"geometry":{"type":"MultiLineString","coordinates":[[[-82.96087,35.71528],[-82.96019,35.71439],[-82.96023,35.71361],[-82.95878,35.71273],[-82.95544,35.71255],[-82.95362,35.71281],[-82.95298,35.7126]]]}},{"type":"Feature","properties":{"kind":"minor-water","name":"George Ira Creek","ftype":460,"lengthKm":1.39,"hu8":"06010106","pid":"132654287"},"geometry":{"type":"MultiLineString","coordinates":[[[-83.16507,35.58001],[-83.16433,35.58093],[-83.16436,35.58166],[-83.16131,35.58553],[-83.16,35.58602],[-83.15578,35.58946]]]}},{"type":"Feature","properties":{"kind":"minor-water","name":"Plott Creek","ftype":460,"lengthKm":0.3,"hu8":"06010106","pid":"132655972"},"geometry":{"type":"MultiLineString","coordinates":[[[-83.06918,35.48393],[-83.06704,35.48425],[-83.06616,35.48483]]]}},{"type":"Feature","properties":{"kind":"minor-water","name":"Pigeon River","ftype":558,"lengthKm":0.17,"hu8":"06010106","pid":"132654528"},"geometry":{"type":"MultiLineString","coordinates":[[[-82.89048,35.54225],[-82.89155,35.54265],[-82.89216,35.54246]]]}},{"type":"Feature","properties":{"kind":"minor-water","name":"Correll Branch","ftype":460,"lengthKm":0.84,"hu8":"06010106","pid":"132652410"},"geometry":{"type":"MultiLineString","coordinates":[[[-83.09276,35.68868],[-83.09107,35.68735],[-83.08995,35.68589],[-83.08952,35.68312],[-83.08995,35.68204]]]}},{"type":"Feature","properties":{"kind":"minor-water","name":"Coldspring Branch","ftype":460,"lengthKm":0.44,"hu8":"06010106","pid":"132645190"},"geometry":{"type":"MultiLineString","coordinates":[[[-83.26003,35.8995],[-83.25732,35.89866],[-83.25532,35.89896]]]}},{"type":"Feature","properties":{"kind":"minor-water","name":"East Fork Pigeon River","ftype":558,"lengthKm":0.15,"hu8":"06010106","pid":"132656156"},"geometry":{"type":"MultiLineString","coordinates":[[[-82.82161,35.44955],[-82.82216,35.45013],[-82.82288,35.45022]]]}},{"type":"Feature","properties":{"kind":"minor-water","name":"Den Branch","ftype":460,"lengthKm":0.3,"hu8":"06010106","pid":"132653485"},"geometry":{"type":"MultiLineString","coordinates":[[[-83.07946,35.62147],[-83.08216,35.62301]]]}},{"type":"Feature","properties":{"kind":"minor-water","name":"Skiffley Creek","ftype":460,"lengthKm":0.36,"hu8":"06010106","pid":"132646659"},"geometry":{"type":"MultiLineString","coordinates":[[[-83.0464,35.78288],[-83.04718,35.77969]]]}},{"type":"Feature","properties":{"kind":"minor-water","name":"Tobes Creek","ftype":460,"lengthKm":0.28,"hu8":"06010106","pid":"132646872"},"geometry":{"type":"MultiLineString","coordinates":[[[-83.12785,35.77798],[-83.12684,35.77837],[-83.12659,35.77938],[-83.1259,35.77947]]]}},{"type":"Feature","properties":{"kind":"minor-water","name":"West Fork Pigeon River","ftype":558,"lengthKm":0.23,"hu8":"06010106","pid":"132656676"},"geometry":{"type":"MultiLineString","coordinates":[[[-82.91638,35.43751],[-82.91704,35.43949]]]}},{"type":"Feature","properties":{"kind":"minor-water","name":"Snowbird Creek","ftype":460,"lengthKm":0.72,"hu8":"06010106","pid":"132646956"},"geometry":{"type":"MultiLineString","coordinates":[[[-83.08115,35.77512],[-83.08267,35.7749],[-83.08421,35.77404],[-83.08697,35.77111]]]}},{"type":"Feature","properties":{"kind":"minor-water","name":"Indian Camp Creek","ftype":558,"lengthKm":0.34,"hu8":"06010106","pid":"132647191"},"geometry":{"type":"MultiLineString","coordinates":[[[-83.25953,35.78331],[-83.25839,35.78413],[-83.25763,35.78525],[-83.25698,35.7855]]]}},{"type":"Feature","properties":{"kind":"minor-water","name":"Jonathans Creek","ftype":558,"lengthKm":0.56,"hu8":"06010106","pid":"132654307"},"geometry":{"type":"MultiLineString","coordinates":[[[-83.02272,35.56633],[-83.02322,35.56859],[-83.02233,35.56992],[-83.02299,35.57101]]]}},{"type":"Feature","properties":{"kind":"minor-water","name":"Mount Sterling Creek","ftype":460,"lengthKm":0.23,"hu8":"06010106","pid":"132648170"},"geometry":{"type":"MultiLineString","coordinates":[[[-83.07605,35.72712],[-83.07535,35.72691],[-83.07388,35.72773]]]}},{"type":"Feature","properties":{"kind":"minor-water","name":"Jonathans Creek","ftype":558,"lengthKm":0.17,"hu8":"06010106","pid":"132654197"},"geometry":{"type":"MultiLineString","coordinates":[[[-83.02248,35.57339],[-83.02064,35.57368]]]}},{"type":"Feature","properties":{"kind":"minor-water","name":"Hoglen Branch","ftype":460,"lengthKm":0.24,"hu8":"06010106","pid":"132653017"},"geometry":{"type":"MultiLineString","coordinates":[[[-83.06464,35.64224],[-83.06554,35.64163],[-83.06704,35.6416]]]}},{"type":"Feature","properties":{"kind":"minor-water","name":"Crawford Creek","ftype":558,"lengthKm":0.01,"hu8":"06010106","pid":"132657242"},"geometry":{"type":"MultiLineString","coordinates":[[[-82.81183,35.39963],[-82.81177,35.39959]]]}},{"type":"Feature","properties":{"kind":"minor-water","name":"Middle Creek","ftype":460,"lengthKm":0.26,"hu8":"06010106","pid":"132645550"},"geometry":{"type":"MultiLineString","coordinates":[[[-83.25847,35.85171],[-83.25578,35.85249]]]}},{"type":"Feature","properties":{"kind":"minor-water","name":"Hurricane Gap Branch","ftype":460,"lengthKm":0.24,"hu8":"06010106","pid":"132647936"},"geometry":{"type":"MultiLineString","coordinates":[[[-82.98239,35.7396],[-82.9829,35.73831],[-82.98273,35.73749]]]}},{"type":"Feature","properties":{"kind":"minor-water","name":"Stevens Creek","ftype":460,"lengthKm":0.17,"hu8":"06010106","pid":"132652644"},"geometry":{"type":"MultiLineString","coordinates":[[[-83.0213,35.66611],[-83.02175,35.66761]]]}},{"type":"Feature","properties":{"kind":"minor-water","name":"Fines Creek","ftype":460,"lengthKm":0.23,"hu8":"06010106","pid":"132648052"},"geometry":{"type":"MultiLineString","coordinates":[[[-82.92776,35.7182],[-82.92715,35.71622]]]}},{"type":"Feature","properties":{"kind":"minor-water","name":"Gunter Fork","ftype":460,"lengthKm":1.7,"hu8":"06010106","pid":"132652400"},"geometry":{"type":"MultiLineString","coordinates":[[[-83.21259,35.69607],[-83.21156,35.69677],[-83.20988,35.6972],[-83.20867,35.6981],[-83.20732,35.69843],[-83.19912,35.69805],[-83.19611,35.69645],[-83.19531,35.69634]]]}},{"type":"Feature","properties":{"kind":"minor-water","name":"Rough Fork","ftype":460,"lengthKm":0.55,"hu8":"06010106","pid":"132653939"},"geometry":{"type":"MultiLineString","coordinates":[[[-83.13331,35.60156],[-83.13098,35.60277],[-83.12976,35.6038],[-83.12979,35.60441],[-83.12928,35.60494]]]}},{"type":"Feature","properties":{"kind":"minor-water","name":"Hen Wallow Creek","ftype":460,"lengthKm":0.1,"hu8":"06010106","pid":"132647242"},"geometry":{"type":"MultiLineString","coordinates":[[[-83.24128,35.7794],[-83.24219,35.77998]]]}},{"type":"Feature","properties":{"kind":"minor-water","name":"Shelton Branch","ftype":460,"lengthKm":0.31,"hu8":"06010106","pid":"132655775"},"geometry":{"type":"MultiLineString","coordinates":[[[-82.98307,35.47879],[-82.98541,35.48086]]]}},{"type":"Feature","properties":{"kind":"minor-water","name":"Groundhog Creek","ftype":460,"lengthKm":0.32,"hu8":"06010106","pid":"132646900"},"geometry":{"type":"MultiLineString","coordinates":[[[-83.02626,35.76897],[-83.02658,35.76761],[-83.0273,35.76769],[-83.02816,35.76716]]]}},{"type":"Feature","properties":{"kind":"minor-water","name":"Cold Springs Creek","ftype":460,"lengthKm":0.31,"hu8":"06010106","pid":"132646888"},"geometry":{"type":"MultiLineString","coordinates":[[[-82.97707,35.76235],[-82.97816,35.76147],[-82.98011,35.76156]]]}},{"type":"Feature","properties":{"kind":"minor-water","name":"Mill Creek","ftype":460,"lengthKm":1.3,"hu8":"06010106","pid":"132645429"},"geometry":{"type":"MultiLineString","coordinates":[[[-83.1371,35.86159],[-83.13875,35.85909],[-83.14019,35.85452],[-83.13944,35.85305],[-83.13924,35.85053]]]}},{"type":"Feature","properties":{"kind":"minor-water","name":"Big Branch","ftype":460,"lengthKm":2.51,"hu8":"06010106","pid":"132648078"},"geometry":{"type":"MultiLineString","coordinates":[[[-83.09989,35.7326],[-83.09974,35.7332],[-83.10029,35.73387],[-83.10044,35.73518],[-83.09851,35.73788],[-83.0999,35.73993],[-83.09936,35.74104],[-83.1003,35.74204],[-83.10017,35.7445],[-83.1028,35.74658],[-83.10574,35.74968],[-83.10732,35.75079],[-83.10754,35.75162]]]}},{"type":"Feature","properties":{"kind":"minor-water","name":"Raccoon Creek","ftype":460,"lengthKm":0.1,"hu8":"06010106","pid":"132655779"},"geometry":{"type":"MultiLineString","coordinates":[[[-82.95675,35.47583],[-82.9577,35.47623]]]}},{"type":"Feature","properties":{"kind":"minor-water","name":"Hurricane Creek","ftype":460,"lengthKm":0.13,"hu8":"06010106","pid":"132648230"},"geometry":{"type":"MultiLineString","coordinates":[[[-83.00858,35.71722],[-83.00912,35.7178],[-83.00965,35.71773]]]}},{"type":"Feature","properties":{"kind":"minor-water","name":"Riding Fork","ftype":460,"lengthKm":0.83,"hu8":"06010106","pid":"132647445"},"geometry":{"type":"MultiLineString","coordinates":[[[-83.19952,35.77044],[-83.19998,35.77259],[-83.20097,35.77376],[-83.20097,35.77467],[-83.20144,35.77535],[-83.20127,35.77749]]]}},{"type":"Feature","properties":{"kind":"minor-water","name":"Winding Stair Branch","ftype":460,"lengthKm":0.84,"hu8":"06010106","pid":"132653011"},"geometry":{"type":"MultiLineString","coordinates":[[[-83.06837,35.64184],[-83.07154,35.64333],[-83.07268,35.64456],[-83.07485,35.64549],[-83.07565,35.64628]]]}},{"type":"Feature","properties":{"kind":"minor-water","name":"Ike Wright Branch","ftype":460,"lengthKm":0.23,"hu8":"06010106","pid":"132645198"},"geometry":{"type":"MultiLineString","coordinates":[[[-83.16856,35.88802],[-83.1702,35.88966]]]}},{"type":"Feature","properties":{"kind":"minor-water","name":"Hemphill Creek","ftype":460,"lengthKm":0.09,"hu8":"06010106","pid":"132654434"},"geometry":{"type":"MultiLineString","coordinates":[[[-83.07756,35.56614],[-83.07652,35.56625]]]}},{"type":"Feature","properties":{"kind":"minor-water","name":"Cold Springs Creek","ftype":460,"lengthKm":0.08,"hu8":"06010106","pid":"132646423"},"geometry":{"type":"MultiLineString","coordinates":[[[-82.9648,35.77211],[-82.96548,35.77163]]]}},{"type":"Feature","properties":{"kind":"minor-water","name":"Cherry Cove Creek","ftype":460,"lengthKm":0.73,"hu8":"06010106","pid":"132657674"},"geometry":{"type":"MultiLineString","coordinates":[[[-83.00909,35.39227],[-83.00821,35.39348],[-83.00655,35.39378],[-83.00553,35.39452],[-83.0048,35.39712]]]}},{"type":"Feature","properties":{"kind":"minor-water","name":"Poplar Cove Branch","ftype":460,"lengthKm":0.31,"hu8":"06010106","pid":"132647826"},"geometry":{"type":"MultiLineString","coordinates":[[[-83.00623,35.74262],[-83.00796,35.74323],[-83.00946,35.74329]]]}},{"type":"Feature","properties":{"kind":"minor-water","name":"Pretty Hollow Creek","ftype":460,"lengthKm":0.08,"hu8":"06010106","pid":"132652980"},"geometry":{"type":"MultiLineString","coordinates":[[[-83.13389,35.65164],[-83.13321,35.65117]]]}},{"type":"Feature","properties":{"kind":"minor-water","name":"James Branch","ftype":460,"lengthKm":0.44,"hu8":"06010106","pid":"132652380"},"geometry":{"type":"MultiLineString","coordinates":[[[-82.94176,35.67216],[-82.94182,35.67344],[-82.9426,35.67421],[-82.94257,35.67586]]]}},{"type":"Feature","properties":{"kind":"minor-water","name":"Bennett Branch","ftype":460,"lengthKm":0.64,"hu8":"06010106","pid":"132652795"},"geometry":{"type":"MultiLineString","coordinates":[[[-83.06747,35.65429],[-83.07328,35.65515],[-83.07432,35.65565]]]}},{"type":"Feature","properties":{"kind":"minor-water","name":"East Fork Pigeon River","ftype":558,"lengthKm":0.05,"hu8":"06010106","pid":"132656104"},"geometry":{"type":"MultiLineString","coordinates":[[[-82.83606,35.45236],[-82.83657,35.45244]]]}},{"type":"Feature","properties":{"kind":"minor-water","name":"Hyatt Creek","ftype":460,"lengthKm":0.08,"hu8":"06010106","pid":"132656379"},"geometry":{"type":"MultiLineString","coordinates":[[[-83.04097,35.46575],[-83.04033,35.46522]]]}},{"type":"Feature","properties":{"kind":"minor-water","name":"Caney Creek","ftype":460,"lengthKm":0.44,"hu8":"06010106","pid":"132646349"},"geometry":{"type":"MultiLineString","coordinates":[[[-83.22298,35.80146],[-83.22345,35.80153],[-83.22416,35.80089],[-83.22743,35.8004]]]}},{"type":"Feature","properties":{"kind":"minor-water","name":"West Fork Pigeon River","ftype":558,"lengthKm":0.39,"hu8":"06010106","pid":"132656548"},"geometry":{"type":"MultiLineString","coordinates":[[[-82.91414,35.44407],[-82.90989,35.44436]]]}},{"type":"Feature","properties":{"kind":"minor-water","name":"Tom Creek","ftype":558,"lengthKm":0.01,"hu8":"06010106","pid":"132657853"},"geometry":{"type":"MultiLineString","coordinates":[[[-82.92519,35.36402],[-82.9252,35.36409]]]}},{"type":"Feature","properties":{"kind":"minor-water","name":"Panther Branch","ftype":460,"lengthKm":0.79,"hu8":"06010106","pid":"132647808"},"geometry":{"type":"MultiLineString","coordinates":[[[-83.18122,35.75779],[-83.18211,35.75753],[-83.18523,35.75748],[-83.18795,35.75889],[-83.18938,35.75897]]]}},{"type":"Feature","properties":{"kind":"minor-water","name":"Fines Creek","ftype":460,"lengthKm":0.29,"hu8":"06010106","pid":"132651841"},"geometry":{"type":"MultiLineString","coordinates":[[[-82.94677,35.68598],[-82.94771,35.68351]]]}},{"type":"Feature","properties":{"kind":"minor-water","name":"McFalls Branch","ftype":460,"lengthKm":1.31,"hu8":"06010106","pid":"132646774"},"geometry":{"type":"MultiLineString","coordinates":[[[-83.16589,35.7842],[-83.16628,35.78571],[-83.16715,35.78663],[-83.17031,35.78849],[-83.17214,35.7888],[-83.17444,35.7901],[-83.1749,35.79147],[-83.17454,35.79206]]]}},{"type":"Feature","properties":{"kind":"minor-water","name":"White Oak Creek","ftype":460,"lengthKm":0.45,"hu8":"06010106","pid":"132652826"},"geometry":{"type":"MultiLineString","coordinates":[[[-83.05412,35.6533],[-83.05261,35.65478],[-83.0504,35.65596]]]}},{"type":"Feature","properties":{"kind":"minor-water","name":"Beech Creek","ftype":460,"lengthKm":0.68,"hu8":"06010106","pid":"132653293"},"geometry":{"type":"MultiLineString","coordinates":[[[-83.18901,35.64537],[-83.18764,35.64462],[-83.18662,35.64478],[-83.18482,35.6444],[-83.18368,35.64456],[-83.18211,35.6438]]]}},{"type":"Feature","properties":{"kind":"minor-water","name":"Richland Creek","ftype":460,"lengthKm":0.06,"hu8":"06010106","pid":"132656784"},"geometry":{"type":"MultiLineString","coordinates":[[[-83.06326,35.44964],[-83.06275,35.44995]]]}},{"type":"Feature","properties":{"kind":"minor-water","name":"Middle Creek","ftype":460,"lengthKm":0.54,"hu8":"06010106","pid":"132645596"},"geometry":{"type":"MultiLineString","coordinates":[[[-83.28331,35.85537],[-83.28108,35.85238],[-83.28074,35.851]]]}},{"type":"Feature","properties":{"kind":"minor-water","name":"Bear Branch","ftype":460,"lengthKm":0.14,"hu8":"06010106","pid":"132647288"},"geometry":{"type":"MultiLineString","coordinates":[[[-82.99214,35.75253],[-82.9924,35.7521],[-82.99328,35.75186]]]}},{"type":"Feature","properties":{"kind":"minor-water","name":"Hemphill Creek","ftype":460,"lengthKm":0.1,"hu8":"06010106","pid":"132654416"},"geometry":{"type":"MultiLineString","coordinates":[[[-83.06996,35.5666],[-83.06922,35.56599]]]}},{"type":"Feature","properties":{"kind":"minor-water","name":"Groundhog Creek","ftype":460,"lengthKm":0.19,"hu8":"06010106","pid":"132645939"},"geometry":{"type":"MultiLineString","coordinates":[[[-83.18,35.80638],[-83.17996,35.80666],[-83.17843,35.80733]]]}},{"type":"Feature","properties":{"kind":"minor-water","name":"Harley Branch","ftype":460,"lengthKm":0.08,"hu8":"06010106","pid":"132656116"},"geometry":{"type":"MultiLineString","coordinates":[[[-82.8222,35.4507],[-82.82308,35.45093]]]}},{"type":"Feature","properties":{"kind":"minor-water","name":"Richland Creek","ftype":460,"lengthKm":0.14,"hu8":"06010106","pid":"132656016"},"geometry":{"type":"MultiLineString","coordinates":[[[-83.00846,35.47567],[-83.00829,35.47692]]]}},{"type":"Feature","properties":{"kind":"minor-water","name":"English Creek","ftype":460,"lengthKm":0.28,"hu8":"06010106","pid":"132645147"},"geometry":{"type":"MultiLineString","coordinates":[[[-83.22255,35.90661],[-83.22152,35.90524],[-83.22052,35.9049]]]}},{"type":"Feature","properties":{"kind":"minor-water","name":"Pisgah Creek","ftype":460,"lengthKm":0.05,"hu8":"06010106","pid":"132656922"},"geometry":{"type":"MultiLineString","coordinates":[[[-82.77384,35.41144],[-82.77435,35.4113]]]}},{"type":"Feature","properties":{"kind":"minor-water","name":"Jonathans Creek","ftype":558,"lengthKm":0.49,"hu8":"06010106","pid":"132654176"},"geometry":{"type":"MultiLineString","coordinates":[[[-83.01406,35.5798],[-83.01335,35.58096],[-83.01026,35.58274]]]}},{"type":"Feature","properties":{"kind":"minor-water","name":"Mount Sterling Creek","ftype":460,"lengthKm":0.61,"hu8":"06010106","pid":"132648589"},"geometry":{"type":"MultiLineString","coordinates":[[[-83.08648,35.71941],[-83.08484,35.72104],[-83.0829,35.72175],[-83.08086,35.72194]]]}},{"type":"Feature","properties":{"kind":"minor-water","name":"Fines Creek","ftype":460,"lengthKm":0.15,"hu8":"06010106","pid":"132652244"},"geometry":{"type":"MultiLineString","coordinates":[[[-82.98436,35.68138],[-82.98571,35.6806]]]}},{"type":"Feature","properties":{"kind":"minor-water","name":"Crawford Branch","ftype":460,"lengthKm":0.25,"hu8":"06010106","pid":"132648212"},"geometry":{"type":"MultiLineString","coordinates":[[[-82.98196,35.72506],[-82.98272,35.72622],[-82.98277,35.72712]]]}},{"type":"Feature","properties":{"kind":"minor-water","name":"Crawford Creek","ftype":460,"lengthKm":0.13,"hu8":"06010106","pid":"132657422"},"geometry":{"type":"MultiLineString","coordinates":[[[-82.84991,35.39268],[-82.84852,35.39256]]]}},{"type":"Feature","properties":{"kind":"minor-water","name":"Camp Branch","ftype":460,"lengthKm":1.35,"hu8":"06010106","pid":"132656429"},"geometry":{"type":"MultiLineString","coordinates":[[[-82.99084,35.45751],[-82.99487,35.46092],[-82.99711,35.46395],[-83.00078,35.46639]]]}},{"type":"Feature","properties":{"kind":"minor-water","name":"Panther Creek","ftype":460,"lengthKm":0.53,"hu8":"06010106","pid":"132652836"},"geometry":{"type":"MultiLineString","coordinates":[[[-82.9678,35.64296],[-82.97151,35.64213],[-82.97274,35.64088]]]}},{"type":"Feature","properties":{"kind":"minor-water","name":"Trail Hollow Branch","ftype":460,"lengthKm":0.81,"hu8":"06010106","pid":"132646128"},"geometry":{"type":"MultiLineString","coordinates":[[[-83.15809,35.79807],[-83.15828,35.79902],[-83.15787,35.80033],[-83.15679,35.80187],[-83.15546,35.80277],[-83.15344,35.8034]]]}},{"type":"Feature","properties":{"kind":"minor-water","name":"White Oak Creek","ftype":460,"lengthKm":0.09,"hu8":"06010106","pid":"132652745"},"geometry":{"type":"MultiLineString","coordinates":[[[-83.04968,35.65611],[-83.04928,35.65687]]]}},{"type":"Feature","properties":{"kind":"minor-water","name":"Cherry Creek","ftype":460,"lengthKm":0.16,"hu8":"06010106","pid":"132646054"},"geometry":{"type":"MultiLineString","coordinates":[[[-82.96786,35.78184],[-82.96878,35.78062]]]}},{"type":"Feature","properties":{"kind":"minor-water","name":"West Fork Pigeon River","ftype":558,"lengthKm":0.1,"hu8":"06010106","pid":"132657520"},"geometry":{"type":"MultiLineString","coordinates":[[[-82.93794,35.39669],[-82.93725,35.39735]]]}},{"type":"Feature","properties":{"kind":"minor-water","name":"Big Bald Branch","ftype":460,"lengthKm":0.94,"hu8":"06010106","pid":"132654686"},"geometry":{"type":"MultiLineString","coordinates":[[[-83.11508,35.55582],[-83.11639,35.55926],[-83.11621,35.56009],[-83.1154,35.56117],[-83.11595,35.56242],[-83.1159,35.56385]]]}},{"type":"Feature","properties":{"kind":"minor-water","name":"Crawford Creek","ftype":460,"lengthKm":0.21,"hu8":"06010106","pid":"132657434"},"geometry":{"type":"MultiLineString","coordinates":[[[-82.85198,35.39246],[-82.85154,35.39282],[-82.84991,35.39268]]]}},{"type":"Feature","properties":{"kind":"minor-water","name":"Reed Creek","ftype":460,"lengthKm":0.04,"hu8":"06010106","pid":"132656580"},"geometry":{"type":"MultiLineString","coordinates":[[[-82.78186,35.42876],[-82.78226,35.42856]]]}},{"type":"Feature","properties":{"kind":"minor-water","name":"West Fork Campbell Creek","ftype":460,"lengthKm":0.16,"hu8":"06010106","pid":"132656508"},"geometry":{"type":"MultiLineString","coordinates":[[[-83.12994,35.47],[-83.12872,35.47106]]]}},{"type":"Feature","properties":{"kind":"minor-water","name":"Tinker Branch","ftype":460,"lengthKm":1.33,"hu8":"06010106","pid":"132646834"},"geometry":{"type":"MultiLineString","coordinates":[[[-83.14929,35.78115],[-83.14801,35.78267],[-83.14664,35.78351],[-83.14426,35.78569],[-83.14118,35.78676],[-83.13742,35.7873]]]}},{"type":"Feature","properties":{"kind":"minor-water","name":"Cold Creek","ftype":460,"lengthKm":0.22,"hu8":"06010106","pid":"132656962"},"geometry":{"type":"MultiLineString","coordinates":[[[-82.83827,35.41694],[-82.83582,35.41712]]]}},{"type":"Feature","properties":{"kind":"minor-water","name":"Caney Creek","ftype":460,"lengthKm":0.09,"hu8":"06010106","pid":"132647145"},"geometry":{"type":"MultiLineString","coordinates":[[[-83.20127,35.77749],[-83.20116,35.77825]]]}},{"type":"Feature","properties":{"kind":"minor-water","name":"Snowbird Creek","ftype":460,"lengthKm":0.17,"hu8":"06010106","pid":"132646627"},"geometry":{"type":"MultiLineString","coordinates":[[[-83.06446,35.77997],[-83.06569,35.77883]]]}},{"type":"Feature","properties":{"kind":"minor-water","name":"Caldwell Fork","ftype":460,"lengthKm":0.32,"hu8":"06010106","pid":"132653910"},"geometry":{"type":"MultiLineString","coordinates":[[[-83.10233,35.60091],[-83.10189,35.60189],[-83.10194,35.6037]]]}},{"type":"Feature","properties":{"kind":"minor-water","name":"Cripple Creek","ftype":460,"lengthKm":1.01,"hu8":"06010106","pid":"132645620"},"geometry":{"type":"MultiLineString","coordinates":[[[-83.12196,35.8363],[-83.12302,35.83601],[-83.12349,35.8348],[-83.12445,35.83434],[-83.12517,35.83352],[-83.12591,35.83332],[-83.12698,35.83221],[-83.12884,35.83131],[-83.12973,35.83032]]]}},{"type":"Feature","properties":{"kind":"minor-water","name":"Fines Creek","ftype":460,"lengthKm":0.24,"hu8":"06010106","pid":"132652278"},"geometry":{"type":"MultiLineString","coordinates":[[[-82.98306,35.67953],[-82.98362,35.68086],[-82.98436,35.68138]]]}},{"type":"Feature","properties":{"kind":"minor-water","name":"Swallow Fork","ftype":460,"lengthKm":0.45,"hu8":"06010106","pid":"132652256"},"geometry":{"type":"MultiLineString","coordinates":[[[-83.14362,35.69737],[-83.14744,35.69829],[-83.14823,35.69885]]]}},{"type":"Feature","properties":{"kind":"minor-water","name":"Raccoon Creek","ftype":460,"lengthKm":0.75,"hu8":"06010106","pid":"132655468"},"geometry":{"type":"MultiLineString","coordinates":[[[-82.963,35.49522],[-82.96249,35.49584],[-82.96256,35.4969],[-82.9638,35.49746],[-82.96412,35.49797],[-82.96416,35.50119]]]}},{"type":"Feature","properties":{"kind":"minor-water","name":"Sweetwater Creek","ftype":460,"lengthKm":0.71,"hu8":"06010106","pid":"132645098"},"geometry":{"type":"MultiLineString","coordinates":[[[-83.16785,35.90745],[-83.16834,35.90837],[-83.17201,35.91058],[-83.17336,35.91191]]]}},{"type":"Feature","properties":{"kind":"minor-water","name":"Cataloochee Creek","ftype":558,"lengthKm":0.16,"hu8":"06010106","pid":"132652449"},"geometry":{"type":"MultiLineString","coordinates":[[[-83.06504,35.67762],[-83.06512,35.67904]]]}},{"type":"Feature","properties":{"kind":"minor-water","name":"Cold Springs Creek","ftype":460,"lengthKm":0.18,"hu8":"06010106","pid":"132646581"},"geometry":{"type":"MultiLineString","coordinates":[[[-82.96994,35.7679],[-82.97083,35.76649]]]}},{"type":"Feature","properties":{"kind":"minor-water","name":"Middle Creek","ftype":460,"lengthKm":0.2,"hu8":"06010106","pid":"132645455"},"geometry":{"type":"MultiLineString","coordinates":[[[-83.23985,35.85748],[-83.23768,35.85777]]]}},{"type":"Feature","properties":{"kind":"minor-water","name":"Morgan Creek","ftype":460,"lengthKm":0.34,"hu8":"06010106","pid":"132650173"},"geometry":{"type":"MultiLineString","coordinates":[[[-82.9572,35.69402],[-82.95629,35.69288],[-82.95535,35.6923],[-82.95501,35.6916]]]}},{"type":"Feature","properties":{"kind":"minor-water","name":"Cold Springs Creek","ftype":460,"lengthKm":0.06,"hu8":"06010106","pid":"132646794"},"geometry":{"type":"MultiLineString","coordinates":[[[-82.9763,35.76371],[-82.97683,35.76336]]]}},{"type":"Feature","properties":{"kind":"minor-water","name":"Weaver Branch","ftype":460,"lengthKm":0.19,"hu8":"06010106","pid":"132645672"},"geometry":{"type":"MultiLineString","coordinates":[[[-83.20631,35.83349],[-83.20475,35.83468]]]}},{"type":"Feature","properties":{"kind":"minor-water","name":"McFalls Branch","ftype":460,"lengthKm":0.73,"hu8":"06010106","pid":"132647068"},"geometry":{"type":"MultiLineString","coordinates":[[[-83.15659,35.77448],[-83.15679,35.77531],[-83.15932,35.77717],[-83.16014,35.77874],[-83.16144,35.77935]]]}},{"type":"Feature","properties":{"kind":"minor-water","name":"Pretty Hollow Creek","ftype":460,"lengthKm":0.69,"hu8":"06010106","pid":"132652848"},"geometry":{"type":"MultiLineString","coordinates":[[[-83.13701,35.66391],[-83.13685,35.66351],[-83.13561,35.66275],[-83.13495,35.66176],[-83.1351,35.65965],[-83.1356,35.65847]]]}},{"type":"Feature","properties":{"kind":"minor-water","name":"Cove Creek","ftype":460,"lengthKm":0.27,"hu8":"06010106","pid":"132652274"},"geometry":{"type":"MultiLineString","coordinates":[[[-82.95206,35.67645],[-82.95361,35.67567],[-82.95368,35.67596],[-82.95444,35.67612]]]}},{"type":"Feature","properties":{"kind":"minor-water","name":"Hungry Creek","ftype":460,"lengthKm":0.16,"hu8":"06010106","pid":"132657153"},"geometry":{"type":"MultiLineString","coordinates":[[[-82.79728,35.40106],[-82.79909,35.40121]]]}},{"type":"Feature","properties":{"kind":"minor-water","name":"McClure Creek","ftype":460,"lengthKm":1.32,"hu8":"06010106","pid":"132657080"},"geometry":{"type":"MultiLineString","coordinates":[[[-82.95811,35.42763],[-82.9559,35.42714],[-82.95368,35.42586],[-82.95128,35.4252],[-82.94738,35.4233],[-82.94493,35.42309]]]}},{"type":"Feature","properties":{"kind":"minor-water","name":"Little East Fork Pigeon River","ftype":460,"lengthKm":0.55,"hu8":"06010106","pid":"132657070"},"geometry":{"type":"MultiLineString","coordinates":[[[-82.90609,35.41916],[-82.90904,35.41905],[-82.9101,35.42025],[-82.91046,35.42129]]]}},{"type":"Feature","properties":{"kind":"minor-water","name":"Allen Creek","ftype":460,"lengthKm":0.14,"hu8":"06010106","pid":"132657331"},"geometry":{"type":"MultiLineString","coordinates":[[[-82.99907,35.4143],[-82.9997,35.41547]]]}},{"type":"Feature","properties":{"kind":"minor-water","name":"Panther Creek","ftype":460,"lengthKm":0.17,"hu8":"06010106","pid":"132652777"},"geometry":{"type":"MultiLineString","coordinates":[[[-82.9609,35.64538],[-82.96219,35.64485],[-82.96259,35.645]]]}},{"type":"Feature","properties":{"kind":"minor-water","name":"Sweetwater Creek","ftype":460,"lengthKm":0.58,"hu8":"06010106","pid":"132645115"},"geometry":{"type":"MultiLineString","coordinates":[[[-83.1464,35.9036],[-83.14894,35.90312],[-83.15097,35.9032],[-83.15262,35.90267]]]}},{"type":"Feature","properties":{"kind":"minor-water","name":"Big Branch","ftype":460,"lengthKm":1.37,"hu8":"06010106","pid":"132657662"},"geometry":{"type":"MultiLineString","coordinates":[[[-82.90949,35.38223],[-82.90781,35.38208],[-82.90626,35.38268],[-82.90326,35.38305],[-82.89997,35.38393],[-82.89763,35.38555],[-82.89549,35.38551]]]}},{"type":"Feature","properties":{"kind":"minor-water","name":"Fines Creek","ftype":460,"lengthKm":0.33,"hu8":"06010106","pid":"132647562"},"geometry":{"type":"MultiLineString","coordinates":[[[-82.92944,35.73865],[-82.92834,35.73797],[-82.92763,35.73624]]]}},{"type":"Feature","properties":{"kind":"minor-water","name":"Bailey Branch","ftype":460,"lengthKm":0.84,"hu8":"06010106","pid":"132645410"},"geometry":{"type":"MultiLineString","coordinates":[[[-83.26217,35.86561],[-83.25975,35.86696],[-83.25775,35.8671],[-83.25685,35.86742],[-83.25454,35.86745],[-83.25357,35.86784]]]}},{"type":"Feature","properties":{"kind":"minor-water","name":"Big Creek","ftype":460,"lengthKm":0.91,"hu8":"06010106","pid":"132652128"},"geometry":{"type":"MultiLineString","coordinates":[[[-83.22217,35.71145],[-83.21959,35.71226],[-83.21947,35.71361],[-83.21883,35.71468],[-83.21644,35.71516],[-83.21547,35.71506],[-83.21498,35.71546]]]}},{"type":"Feature","properties":{"kind":"minor-water","name":"Cataloochee Creek","ftype":558,"lengthKm":0.12,"hu8":"06010106","pid":"132652964"},"geometry":{"type":"MultiLineString","coordinates":[[[-83.07625,35.64535],[-83.07567,35.64631]]]}},{"type":"Feature","properties":{"kind":"minor-water","name":"Messer Branch","ftype":460,"lengthKm":0.22,"hu8":"06010106","pid":"132645529"},"geometry":{"type":"MultiLineString","coordinates":[[[-83.12795,35.84109],[-83.12705,35.83927]]]}},{"type":"Feature","properties":{"kind":"minor-water","name":"English Creek","ftype":460,"lengthKm":0.68,"hu8":"06010106","pid":"132645153"},"geometry":{"type":"MultiLineString","coordinates":[[[-83.25033,35.90663],[-83.24888,35.90636],[-83.24635,35.90687],[-83.24352,35.90523]]]}},{"type":"Feature","properties":{"kind":"minor-water","name":"English Creek","ftype":460,"lengthKm":1.07,"hu8":"06010106","pid":"132645138"},"geometry":{"type":"MultiLineString","coordinates":[[[-83.21623,35.90682],[-83.21417,35.90779],[-83.21352,35.90869],[-83.21134,35.91028],[-83.21148,35.91133],[-83.21107,35.91114],[-83.21089,35.91143],[-83.21163,35.91292],[-83.21105,35.91368]]]}},{"type":"Feature","properties":{"kind":"minor-water","name":"English Creek","ftype":460,"lengthKm":0.45,"hu8":"06010106","pid":"132645146"},"geometry":{"type":"MultiLineString","coordinates":[[[-83.22052,35.9049],[-83.21718,35.9067],[-83.21623,35.90682]]]}},{"type":"Feature","properties":{"kind":"minor-water","name":"Cold Springs Creek","ftype":460,"lengthKm":0.18,"hu8":"06010106","pid":"132647868"},"geometry":{"type":"MultiLineString","coordinates":[[[-83.01941,35.73775],[-83.02122,35.73838]]]}},{"type":"Feature","properties":{"kind":"minor-water","name":"Leatherwood Branch","ftype":460,"lengthKm":0.19,"hu8":"06010106","pid":"132653926"},"geometry":{"type":"MultiLineString","coordinates":[[[-83.00208,35.58888],[-83.00297,35.59039]]]}},{"type":"Feature","properties":{"kind":"minor-water","name":"Crying Creek","ftype":460,"lengthKm":1.9,"hu8":"06010106","pid":"132648058"},"geometry":{"type":"MultiLineString","coordinates":[[[-83.22747,35.74532],[-83.22426,35.74562],[-83.22205,35.74673],[-83.21966,35.74714],[-83.21894,35.74755],[-83.21887,35.74855],[-83.21917,35.74904],[-83.21772,35.75217],[-83.21846,35.75446],[-83.21705,35.75659]]]}},{"type":"Feature","properties":{"kind":"minor-water","name":"Dogwood Flats Creek","ftype":460,"lengthKm":0.37,"hu8":"06010106","pid":"132649680"},"geometry":{"type":"MultiLineString","coordinates":[[[-83.07297,35.71946],[-83.07351,35.72213],[-83.073,35.72265]]]}},{"type":"Feature","properties":{"kind":"minor-water","name":"Jonathans Creek","ftype":558,"lengthKm":0.21,"hu8":"06010106","pid":"132655273"},"geometry":{"type":"MultiLineString","coordinates":[[[-83.05263,35.51832],[-83.05166,35.51887],[-83.05048,35.519]]]}},{"type":"Feature","properties":{"kind":"minor-water","name":"Groundhog Creek","ftype":460,"lengthKm":0.53,"hu8":"06010106","pid":"132645909"},"geometry":{"type":"MultiLineString","coordinates":[[[-83.17843,35.80733],[-83.1761,35.80949],[-83.17565,35.81063],[-83.17619,35.81118]]]}},{"type":"Feature","properties":{"kind":"minor-water","name":"Wycle Fork","ftype":460,"lengthKm":0.43,"hu8":"06010106","pid":"132655409"},"geometry":{"type":"MultiLineString","coordinates":[[[-83.15438,35.52401],[-83.15372,35.52293],[-83.153,35.52029]]]}},{"type":"Feature","properties":{"kind":"minor-water","name":"Buckeye Creek","ftype":460,"lengthKm":0.19,"hu8":"06010106","pid":"132647684"},"geometry":{"type":"MultiLineString","coordinates":[[[-83.26665,35.7693],[-83.26694,35.77013],[-83.2666,35.77095]]]}},{"type":"Feature","properties":{"kind":"minor-water","name":"West Fork Campbell Creek","ftype":460,"lengthKm":0.47,"hu8":"06010106","pid":"132655881"},"geometry":{"type":"MultiLineString","coordinates":[[[-83.11908,35.49105],[-83.11833,35.49174],[-83.11789,35.49301],[-83.11636,35.49381],[-83.11612,35.49425]]]}},{"type":"Feature","properties":{"kind":"minor-water","name":"Gibson Branch","ftype":460,"lengthKm":0.52,"hu8":"06010106","pid":"132649243"},"geometry":{"type":"MultiLineString","coordinates":[[[-82.94022,35.7115],[-82.94112,35.71053],[-82.94129,35.70987],[-82.94086,35.70839],[-82.94102,35.70715]]]}},{"type":"Feature","properties":{"kind":"minor-water","name":"Turkey Creek","ftype":460,"lengthKm":0.43,"hu8":"06010106","pid":"132649208"},"geometry":{"type":"MultiLineString","coordinates":[[[-82.90272,35.70142],[-82.90267,35.70023],[-82.90346,35.69853],[-82.90414,35.69793]]]}},{"type":"Feature","properties":{"kind":"minor-water","name":"Mc Ginty Creek","ftype":460,"lengthKm":3.39,"hu8":"06010106","pid":"132652646"},"geometry":{"type":"MultiLineString","coordinates":[[[-83.1724,35.67228],[-83.17095,35.67289],[-83.16893,35.67442],[-83.16647,35.68144],[-83.16473,35.68294],[-83.16435,35.68404],[-83.16114,35.68769],[-83.16069,35.68933],[-83.16031,35.68967],[-83.16012,35.69158],[-83.15894,35.69353],[-83.15877,35.69467],[-83.15915,35.69617],[-83.15872,35.69707],[-83.15856,35.69908]]]}},{"type":"Feature","properties":{"kind":"minor-water","name":"Richland Creek","ftype":558,"lengthKm":0.16,"hu8":"06010106","pid":"132655118"},"geometry":{"type":"MultiLineString","coordinates":[[[-82.97286,35.5169],[-82.97455,35.51744]]]}},{"type":"Feature","properties":{"kind":"minor-water","name":"West Fork Pigeon River","ftype":558,"lengthKm":0.13,"hu8":"06010106","pid":"132656706"},"geometry":{"type":"MultiLineString","coordinates":[[[-82.91723,35.43671],[-82.91664,35.43687],[-82.91638,35.43751]]]}},{"type":"Feature","properties":{"kind":"minor-water","name":"Rube Rock Branch","ftype":460,"lengthKm":0.31,"hu8":"06010106","pid":"132647119"},"geometry":{"type":"MultiLineString","coordinates":[[[-83.01857,35.75881],[-83.02196,35.75921]]]}},{"type":"Feature","properties":{"kind":"minor-water","name":"Runyon Creek","ftype":460,"lengthKm":0.17,"hu8":"06010106","pid":"132647276"},"geometry":{"type":"MultiLineString","coordinates":[[[-83.06166,35.77193],[-83.06223,35.77047]]]}},{"type":"Feature","properties":{"kind":"minor-water","name":"Pigeon River","ftype":558,"lengthKm":0.13,"hu8":"06010106","pid":"132653266"},"geometry":{"type":"MultiLineString","coordinates":[[[-82.98201,35.62216],[-82.98348,35.62234]]]}},{"type":"Feature","properties":{"kind":"minor-water","name":"Grassy Branch","ftype":460,"lengthKm":0.98,"hu8":"06010106","pid":"132647520"},"geometry":{"type":"MultiLineString","coordinates":[[[-82.99112,35.74687],[-82.99094,35.74832],[-82.99165,35.74926],[-82.99327,35.74895],[-82.99405,35.74815],[-82.99493,35.74799],[-82.99611,35.74711],[-82.99842,35.74723]]]}},{"type":"Feature","properties":{"kind":"minor-water","name":"Richland Creek","ftype":558,"lengthKm":0.25,"hu8":"06010106","pid":"132655604"},"geometry":{"type":"MultiLineString","coordinates":[[[-82.99551,35.49067],[-82.99325,35.49198]]]}},{"type":"Feature","properties":{"kind":"minor-water","name":"Trail Hollow Branch","ftype":460,"lengthKm":0.19,"hu8":"06010106","pid":"132645951"},"geometry":{"type":"MultiLineString","coordinates":[[[-83.15344,35.8034],[-83.15259,35.80381],[-83.15206,35.80458]]]}},{"type":"Feature","properties":{"kind":"minor-water","name":"Shelton Branch","ftype":460,"lengthKm":0.04,"hu8":"06010106","pid":"132656006"},"geometry":{"type":"MultiLineString","coordinates":[[[-82.9843,35.4736],[-82.98436,35.47394]]]}},{"type":"Feature","properties":{"kind":"minor-water","name":"Fines Creek","ftype":460,"lengthKm":0.24,"hu8":"06010106","pid":"132647934"},"geometry":{"type":"MultiLineString","coordinates":[[[-82.92613,35.72297],[-82.92493,35.72104]]]}},{"type":"Feature","properties":{"kind":"minor-water","name":"Burnett Creek","ftype":460,"lengthKm":0.1,"hu8":"06010106","pid":"132656274"},"geometry":{"type":"MultiLineString","coordinates":[[[-82.83475,35.44695],[-82.83536,35.44775]]]}},{"type":"Feature","properties":{"kind":"minor-water","name":"Nick Creek","ftype":460,"lengthKm":0.29,"hu8":"06010106","pid":"132656788"},"geometry":{"type":"MultiLineString","coordinates":[[[-82.94223,35.4361],[-82.93901,35.43601]]]}},{"type":"Feature","properties":{"kind":"minor-water","name":"Cole Creek","ftype":460,"lengthKm":0.74,"hu8":"06010106","pid":"132648064"},"geometry":{"type":"MultiLineString","coordinates":[[[-83.26933,35.75262],[-83.27052,35.75389],[-83.27101,35.75495],[-83.27116,35.75775],[-83.27076,35.75884]]]}},{"type":"Feature","properties":{"kind":"minor-water","name":"Upper Falling Branch","ftype":460,"lengthKm":1.67,"hu8":"06010106","pid":"132647950"},"geometry":{"type":"MultiLineString","coordinates":[[[-83.24129,35.75529],[-83.24233,35.75706],[-83.24324,35.75719],[-83.24426,35.75836],[-83.24505,35.75877],[-83.24714,35.75938],[-83.24762,35.76035],[-83.25149,35.76466],[-83.25114,35.76656]]]}},{"type":"Feature","properties":{"kind":"minor-water","name":"Fines Creek","ftype":460,"lengthKm":0.23,"hu8":"06010106","pid":"132647510"},"geometry":{"type":"MultiLineString","coordinates":[[[-82.9414,35.7402],[-82.9389,35.7402]]]}},{"type":"Feature","properties":{"kind":"minor-water","name":"Pigeonroost Branch","ftype":460,"lengthKm":0.84,"hu8":"06010106","pid":"132645453"},"geometry":{"type":"MultiLineString","coordinates":[[[-83.16256,35.8534],[-83.16331,35.8532],[-83.16478,35.85206],[-83.1709,35.85034]]]}},{"type":"Feature","properties":{"kind":"minor-water","name":"Ball Branch","ftype":460,"lengthKm":1.83,"hu8":"06010106","pid":"132649445"},"geometry":{"type":"MultiLineString","coordinates":[[[-83.11044,35.7132],[-83.10978,35.71368],[-83.10887,35.71381],[-83.10185,35.71396],[-83.09979,35.71476],[-83.09504,35.71563],[-83.09238,35.71835]]]}},{"type":"Feature","properties":{"kind":"minor-water","name":"Indian Camp Creek","ftype":558,"lengthKm":0.75,"hu8":"06010106","pid":"132646433"},"geometry":{"type":"MultiLineString","coordinates":[[[-83.25156,35.80141],[-83.25157,35.80184],[-83.25285,35.80203],[-83.2532,35.80242],[-83.251,35.80266],[-83.25064,35.80403],[-83.24977,35.80375],[-83.24915,35.80435]]]}},{"type":"Feature","properties":{"kind":"minor-water","name":"Greenbrier Creek","ftype":460,"lengthKm":0.07,"hu8":"06010106","pid":"132646709"},"geometry":{"type":"MultiLineString","coordinates":[[[-83.24256,35.79533],[-83.24221,35.79588]]]}},{"type":"Feature","properties":{"kind":"minor-water","name":"Painter Branch","ftype":460,"lengthKm":0.34,"hu8":"06010106","pid":"132646914"},"geometry":{"type":"MultiLineString","coordinates":[[[-83.08817,35.7752],[-83.09041,35.77274]]]}},{"type":"Feature","properties":{"kind":"minor-water","name":"Dude Branch","ftype":460,"lengthKm":0.35,"hu8":"06010106","pid":"132652360"},"geometry":{"type":"MultiLineString","coordinates":[[[-83.11101,35.68976],[-83.10963,35.6893],[-83.10786,35.68805]]]}},{"type":"Feature","properties":{"kind":"minor-water","name":"Stingy Branch","ftype":460,"lengthKm":0.05,"hu8":"06010106","pid":"132654094"},"geometry":{"type":"MultiLineString","coordinates":[[[-82.95673,35.5725],[-82.95651,35.57293]]]}},{"type":"Feature","properties":{"kind":"minor-water","name":"Slickrock Branch","ftype":460,"lengthKm":0.63,"hu8":"06010106","pid":"132648144"},"geometry":{"type":"MultiLineString","coordinates":[[[-83.05275,35.72782],[-83.05213,35.72737],[-83.04876,35.72775],[-83.04606,35.72768]]]}},{"type":"Feature","properties":{"kind":"minor-water","name":"Lost Bottom Creek","ftype":460,"lengthKm":1.05,"hu8":"06010106","pid":"132653333"},"geometry":{"type":"MultiLineString","coordinates":[[[-83.15112,35.64226],[-83.14804,35.64024],[-83.14721,35.63805],[-83.14562,35.63716],[-83.14498,35.63633],[-83.14407,35.6361],[-83.14379,35.63555]]]}},{"type":"Feature","properties":{"kind":"minor-water","name":"Abe Branch","ftype":460,"lengthKm":0.42,"hu8":"06010106","pid":"132646397"},"geometry":{"type":"MultiLineString","coordinates":[[[-83.16686,35.79189],[-83.16916,35.79362],[-83.17053,35.79405]]]}},{"type":"Feature","properties":{"kind":"minor-water","name":"Ephraim Branch","ftype":460,"lengthKm":0.18,"hu8":"06010106","pid":"132646695"},"geometry":{"type":"MultiLineString","coordinates":[[[-83.02447,35.7718],[-83.02544,35.77038]]]}},{"type":"Feature","properties":{"kind":"minor-water","name":"Crying Creek","ftype":460,"lengthKm":0.46,"hu8":"06010106","pid":"132647875"},"geometry":{"type":"MultiLineString","coordinates":[[[-83.21705,35.75659],[-83.21717,35.75724],[-83.21651,35.75861],[-83.2149,35.76018]]]}},{"type":"Feature","properties":{"kind":"minor-water","name":"Cherry Creek","ftype":460,"lengthKm":0.18,"hu8":"06010106","pid":"132646625"},"geometry":{"type":"MultiLineString","coordinates":[[[-82.9715,35.76946],[-82.97112,35.76892],[-82.97124,35.76795]]]}},{"type":"Feature","properties":{"kind":"minor-water","name":"Chestnut Orchard Branch","ftype":460,"lengthKm":0.41,"hu8":"06010106","pid":"132646563"},"geometry":{"type":"MultiLineString","coordinates":[[[-83.00468,35.77643],[-83.00509,35.77697],[-83.00691,35.77762],[-83.00864,35.77717]]]}},{"type":"Feature","properties":{"kind":"minor-water","name":"Rocky Branch","ftype":460,"lengthKm":1.56,"hu8":"06010106","pid":"132649794"},"geometry":{"type":"MultiLineString","coordinates":[[[-83.18302,35.7267],[-83.18291,35.72142],[-83.18357,35.72015],[-83.1842,35.71964],[-83.18415,35.71845],[-83.1852,35.71592],[-83.18497,35.71534],[-83.18389,35.71475],[-83.18379,35.71362]]]}},{"type":"Feature","properties":{"kind":"minor-water","name":"Laurel Branch","ftype":460,"lengthKm":0.31,"hu8":"06010106","pid":"132652388"},"geometry":{"type":"MultiLineString","coordinates":[[[-83.01104,35.67633],[-83.01261,35.67492],[-83.01364,35.67475]]]}},{"type":"Feature","properties":{"kind":"minor-water","name":"Jonathans Creek","ftype":558,"lengthKm":0.26,"hu8":"06010106","pid":"132653896"},"geometry":{"type":"MultiLineString","coordinates":[[[-83.00709,35.59738],[-83.00631,35.59829],[-83.00672,35.59944]]]}}]}