{
  "type": "FeatureCollection",
  "features": [
    {
      "type": "Feature",
      "geometry": {
        "type": "LineString",
        "coordinates": [
          [
            -85.10050795384105,
            35.857314802992754
          ],
          [
            -85.17972577511964,
            35.88723404871497
          ],
          [
            -85.26048887803708,
            35.89627166526098
          ],
          [
            -85.34042030264442,
            35.888044242918426
          ],
          [
            -85.42402245781125,
            35.89468972181162
          ],
          [
            -85.49716451509632,
            35.923950078791265
          ],
          [
            -85.57743264864278,
            35.94667260750181
          ],
          [
            -85.74146141895278,
            35.93965133919235
          ],
          [
            -85.82000793511095,
            35.960017222892134
          ]
        ]
      },
      "properties": {
        "id": "barren-fork-river",
        "name": "Barren Fork River",
        "regionId": "tn-middle-caney-fork",
        "gaugeIds": [],
        "bounds": [
          [
            -85.82000793511095,
            35.857314802992754
          ],
          [
            -85.10050795384105,
            35.960017222892134
          ]
        ],
        "labelAnchor": [
          -85.42402245781125,
          35.89468972181162
        ],
        "pointCount": 9,
        "lengthKm": 67.26,
        "anchored": false
      }
    },
    {
      "type": "Feature",
      "geometry": {
        "type": "LineString",
        "coordinates": [
          [
            -81.73306917355023,
            36.67782746960897
          ],
          [
            -81.78895717982174,
            36.61657442502035
          ],
          [
            -81.83006951914905,
            36.54219318170039
          ],
          [
            -81.87466026641603,
            36.472824129709636
          ],
          [
            -81.93629278033939,
            36.41315068757395
          ],
          [
            -82.0074287600364,
            36.35681182878543
          ],
          [
            -82.06762251062631,
            36.29562461979327
          ],
          [
            -82.11342669011563,
            36.22048502707624
          ],
          [
            -82.15321517412757,
            36.146900215704186
          ],
          [
            -82.21427963758158,
            36.08570749572435
          ],
          [
            -82.2856856276789,
            36.02919997702943
          ]
        ]
      },
      "properties": {
        "id": "beaverdam-creek",
        "name": "Beaverdam Creek",
        "regionId": "tn-northeast-watauga",
        "gaugeIds": [],
        "bounds": [
          [
            -82.2856856276789,
            36.02919997702943
          ],
          [
            -81.73306917355023,
            36.67782746960897
          ]
        ],
        "labelAnchor": [
          -82.0074287600364,
          36.35681182878543
        ],
        "pointCount": 11,
        "lengthKm": 88.37,
        "anchored": false
      }
    },
    {
      "type": "Feature",
      "geometry": {
        "type": "LineString",
        "coordinates": [
          [
            -86.01323602010338,
            35.508824550983825
          ],
          [
            -86.07782849775884,
            35.51855913706908
          ],
          [
            -86.14995988559326,
            35.51032398521914
          ],
          [
            -86.21742847573668,
            35.49650200926324
          ],
          [
            -86.28489070215744,
            35.49371405497436
          ],
          [
            -86.35282235248896,
            35.50001952624552
          ],
          [
            -86.41630624515375,
            35.509587215803755
          ],
          [
            -86.48237682295006,
            35.49879144566617
          ],
          [
            -86.55065492716056,
            35.48528402922322
          ],
          [
            -86.61822781176356,
            35.481210771826426
          ]
        ]
      },
      "properties": {
        "id": "big-rock-creek",
        "name": "Big Rock Creek",
        "regionId": "tn-middle-duck-elk",
        "gaugeIds": [],
        "bounds": [
          [
            -86.61822781176356,
            35.481210771826426
          ],
          [
            -86.01323602010338,
            35.51855913706908
          ]
        ],
        "labelAnchor": [
          -86.35282235248896,
          35.50001952624552
        ],
        "pointCount": 10,
        "lengthKm": 55.58,
        "anchored": false
      }
    },
    {
      "type": "Feature",
      "geometry": {
        "type": "LineString",
        "coordinates": [
          [
            -86.19903089525125,
            35.451717490350575
          ],
          [
            -86.25313084812676,
            35.461005338041076
          ],
          [
            -86.3596037988491,
            35.483256197415386
          ],
          [
            -86.40338273578288,
            35.50463446391128
          ],
          [
            -86.44977561228296,
            35.53411341422563
          ]
        ]
      },
      "properties": {
        "id": "boiling-fork-creek",
        "name": "Boiling Fork Creek",
        "regionId": "tn-middle-duck-elk",
        "gaugeIds": [],
        "bounds": [
          [
            -86.44977561228296,
            35.451717490350575
          ],
          [
            -86.19903089525125,
            35.53411341422563
          ]
        ],
        "labelAnchor": [
          -86.3596037988491,
          35.483256197415386
        ],
        "pointCount": 5,
        "lengthKm": 24.91,
        "anchored": false
      }
    },
    {
      "type": "Feature",
      "geometry": {
        "type": "LineString",
        "coordinates": [
          [
            -82.08681532132944,
            36.551310030660225
          ],
          [
            -82.12553789190683,
            36.525010839929394
          ],
          [
            -82.16233719927948,
            36.51243291692515
          ],
          [
            -82.20873744998246,
            36.51420755314406
          ],
          [
            -82.25243445013562,
            36.51101524437608
          ],
          [
            -82.32619451854796,
            36.464987558524356
          ],
          [
            -82.37350955103771,
            36.471414444335196
          ],
          [
            -82.41958871150302,
            36.46593257064763
          ]
        ]
      },
      "properties": {
        "id": "boone-tailwater",
        "name": "Boone Tailwater (South Fork Holston River)",
        "regionId": "tn-east-holston",
        "gaugeIds": [
          "03486810"
        ],
        "bounds": [
          [
            -82.41958871150302,
            36.464987558524356
          ],
          [
            -82.08681532132944,
            36.551310030660225
          ]
        ],
        "labelAnchor": [
          -82.25243445013562,
          36.51101524437608
        ],
        "pointCount": 8,
        "lengthKm": 32.98,
        "anchored": false
      }
    },
    {
      "type": "Feature",
      "geometry": {
        "type": "LineString",
        "coordinates": [
          [
            -82.83965694407009,
            35.892383684672716
          ],
          [
            -82.90784348282473,
            35.89895872576655
          ],
          [
            -82.97528569854113,
            35.89207706269061
          ],
          [
            -83.03798931913377,
            35.86627184718278
          ],
          [
            -83.0958299447205,
            35.8355807380187
          ],
          [
            -83.15862617792685,
            35.818689971754736
          ],
          [
            -83.29674935642097,
            35.831879090769455
          ],
          [
            -83.36305917734018,
            35.82821628331461
          ]
        ]
      },
      "properties": {
        "id": "brush-creek-cocke",
        "name": "Brush Creek (Cocke County)",
        "regionId": "tn-east-pigeon-frenchbroad",
        "gaugeIds": [],
        "bounds": [
          [
            -83.36305917734018,
            35.818689971754736
          ],
          [
            -82.83965694407009,
            35.89895872576655
          ]
        ],
        "labelAnchor": [
          -83.0958299447205,
          35.8355807380187
        ],
        "pointCount": 8,
        "lengthKm": 49.37,
        "anchored": false
      }
    },
    {
      "type": "Feature",
      "geometry": {
        "type": "LineString",
        "coordinates": [
          [
            -83.30247007709482,
            36.50375529314797
          ],
          [
            -83.43196559285342,
            36.39570728986371
          ],
          [
            -83.49998303795428,
            36.341701136221886
          ],
          [
            -83.5622519701732,
            36.28493923774722
          ],
          [
            -83.61092299755208,
            36.222149578718124
          ],
          [
            -83.65610288584038,
            36.15614949755074
          ],
          [
            -83.71446967405362,
            36.10092957536854
          ]
        ]
      },
      "properties": {
        "id": "buffalo-creek-grainger",
        "name": "Buffalo Creek (Grainger County)",
        "regionId": "tn-east-clinch",
        "gaugeIds": [],
        "bounds": [
          [
            -83.71446967405362,
            36.10092957536854
          ],
          [
            -83.30247007709482,
            36.50375529314797
          ]
        ],
        "labelAnchor": [
          -83.5622519701732,
          36.28493923774722
        ],
        "pointCount": 7,
        "lengthKm": 58.36,
        "anchored": false
      }
    },
    {
      "type": "Feature",
      "geometry": {
        "type": "LineString",
        "coordinates": [
          [
            -85.24075606691483,
            35.824936078173984
          ],
          [
            -85.3102629787606,
            35.84017047809503
          ],
          [
            -85.36897478388312,
            35.87324059857346
          ],
          [
            -85.4277975609054,
            35.912064023462605
          ],
          [
            -85.49471164923496,
            35.93070179171025
          ],
          [
            -85.57130614997916,
            35.93888304681733
          ],
          [
            -85.63989232595836,
            35.95101526045152
          ],
          [
            -85.70043324142057,
            35.983885628854765
          ],
          [
            -85.76000501040348,
            36.018926233921576
          ]
        ]
      },
      "properties": {
        "id": "calfkiller-river",
        "name": "Calfkiller River",
        "regionId": "tn-middle-caney-fork",
        "gaugeIds": [
          "03419530"
        ],
        "bounds": [
          [
            -85.76000501040348,
            35.824936078173984
          ],
          [
            -85.24075606691483,
            36.018926233921576
          ]
        ],
        "labelAnchor": [
          -85.49471164923496,
          35.93070179171025
        ],
        "pointCount": 9,
        "lengthKm": 52.6,
        "anchored": false
      }
    },
    {
      "type": "Feature",
      "geometry": {
        "type": "LineString",
        "coordinates": [
          [
            -85.04550516828026,
            36.028773763826294
          ],
          [
            -85.13388857879475,
            35.99990702211954
          ],
          [
            -85.22002905991783,
            35.96577299992166
          ],
          [
            -85.31671374120097,
            35.95470254954219
          ],
          [
            -85.41069130445763,
            35.946790639311274
          ],
          [
            -85.4991386751064,
            35.923161714973176
          ],
          [
            -85.58613512132177,
            35.890551341394804
          ],
          [
            -85.68244305615181,
            35.877270142429886
          ],
          [
            -85.77526453693734,
            35.87406371230606
          ],
          [
            -85.95303505300646,
            35.81354226465149
          ]
        ]
      },
      "properties": {
        "id": "cane-creek",
        "name": "Cane Creek",
        "regionId": "tn-middle-caney-fork",
        "gaugeIds": [],
        "bounds": [
          [
            -85.95303505300646,
            35.81354226465149
          ],
          [
            -85.04550516828026,
            36.028773763826294
          ]
        ],
        "labelAnchor": [
          -85.4991386751064,
          35.923161714973176
        ],
        "pointCount": 10,
        "lengthKm": 86.07,
        "anchored": false
      }
    },
    {
      "type": "Feature",
      "geometry": {
        "type": "LineString",
        "coordinates": [
          [
            -85.53178967769344,
            35.9798793006988
          ],
          [
            -85.61121382035434,
            36.00135462218646
          ],
          [
            -85.69403217890981,
            36.00393959667641
          ],
          [
            -85.77,
            36.028
          ],
          [
            -85.84709669332564,
            36.04747708427552
          ],
          [
            -85.9190765228274,
            36.08247052705889
          ],
          [
            -85.9970249994177,
            36.101143849422364
          ]
        ]
      },
      "properties": {
        "id": "caney-fork-river",
        "name": "Caney Fork River (Center Hill tailwater)",
        "regionId": "tn-middle-caney-fork",
        "gaugeIds": [
          "03424010",
          "03424860"
        ],
        "bounds": [
          [
            -85.9970249994177,
            35.9798793006988
          ],
          [
            -85.53178967769344,
            36.101143849422364
          ]
        ],
        "labelAnchor": [
          -85.77,
          36.028
        ],
        "pointCount": 7,
        "lengthKm": 44.45,
        "anchored": true
      }
    },
    {
      "type": "Feature",
      "geometry": {
        "type": "LineString",
        "coordinates": [
          [
            -85.11232018796636,
            35.899300561440086
          ],
          [
            -85.21007944796652,
            35.896485468209654
          ],
          [
            -85.30767007155951,
            35.88771402931279
          ],
          [
            -85.40415668155849,
            35.90472881293291
          ],
          [
            -85.50056743878189,
            35.93189192191537
          ],
          [
            -85.59662572651246,
            35.942449623148626
          ],
          [
            -85.69171792438844,
            35.92429732033727
          ],
          [
            -85.79017304241103,
            35.93609079586375
          ],
          [
            -85.88395390850926,
            35.9666464231318
          ]
        ]
      },
      "properties": {
        "id": "charles-creek",
        "name": "Charles Creek",
        "regionId": "tn-middle-caney-fork",
        "gaugeIds": [],
        "bounds": [
          [
            -85.88395390850926,
            35.88771402931279
          ],
          [
            -85.11232018796636,
            35.9666464231318
          ]
        ],
        "labelAnchor": [
          -85.50056743878189,
          35.93189192191537
        ],
        "pointCount": 9,
        "lengthKm": 71.33,
        "anchored": false
      }
    },
    {
      "type": "Feature",
      "geometry": {
        "type": "LineString",
        "coordinates": [
          [
            -84.31670299352456,
            35.07752461152646
          ],
          [
            -84.4433566681554,
            35.144896787101764
          ],
          [
            -84.5062964175912,
            35.17180454347108
          ],
          [
            -84.65222543612742,
            35.191724488262494
          ],
          [
            -84.7263451483006,
            35.20708153313898
          ],
          [
            -84.84611526026525,
            35.27401820020862
          ],
          [
            -84.91820635627641,
            35.296516167054776
          ],
          [
            -84.98764904389475,
            35.30935034696232
          ]
        ]
      },
      "properties": {
        "id": "citico-creek",
        "name": "Citico Creek",
        "regionId": "tn-se-hiwassee",
        "gaugeIds": [],
        "bounds": [
          [
            -84.98764904389475,
            35.07752461152646
          ],
          [
            -84.31670299352456,
            35.30935034696232
          ]
        ],
        "labelAnchor": [
          -84.7263451483006,
          35.20708153313898
        ],
        "pointCount": 8,
        "lengthKm": 67.24,
        "anchored": false
      }
    },
    {
      "type": "Feature",
      "geometry": {
        "type": "LineString",
        "coordinates": [
          [
            -84.56801029435529,
            36.00606678571562
          ],
          [
            -84.69556179389083,
            36.03169068653915
          ],
          [
            -84.7616841486416,
            36.041141979712194
          ],
          [
            -84.90013748113664,
            36.04300851544765
          ],
          [
            -85.03452794946016,
            36.05638392688618
          ],
          [
            -85.1026152123939,
            36.069839062896996
          ],
          [
            -85.16425753433204,
            36.08833321753026
          ],
          [
            -85.23059672343615,
            36.10261949801565
          ]
        ]
      },
      "properties": {
        "id": "clear-creek-obed",
        "name": "Clear Creek (Obed system)",
        "regionId": "tn-cumberland-plateau",
        "gaugeIds": [
          "03539778"
        ],
        "bounds": [
          [
            -85.23059672343615,
            36.00606678571562
          ],
          [
            -84.56801029435529,
            36.10261949801565
          ]
        ],
        "labelAnchor": [
          -85.03452794946016,
          36.05638392688618
        ],
        "pointCount": 8,
        "lengthKm": 60.86,
        "anchored": false
      }
    },
    {
      "type": "Feature",
      "geometry": {
        "type": "LineString",
        "coordinates": [
          [
            -84.77819039148281,
            36.08645093458973
          ],
          [
            -84.81523552175557,
            36.07175810263607
          ],
          [
            -84.86094100831139,
            36.06491991920706
          ],
          [
            -84.90236390758831,
            36.05650058689141
          ],
          [
            -84.94676658068335,
            36.04448047651566
          ],
          [
            -84.97753263500876,
            36.02044778252827
          ]
        ]
      },
      "properties": {
        "id": "clear-fork",
        "name": "Clear Fork",
        "regionId": "tn-cumberland-plateau",
        "gaugeIds": [
          "03409500"
        ],
        "bounds": [
          [
            -84.97753263500876,
            36.02044778252827
          ],
          [
            -84.77819039148281,
            36.08645093458973
          ]
        ],
        "labelAnchor": [
          -84.90236390758831,
          36.05650058689141
        ],
        "pointCount": 6,
        "lengthKm": 19.78,
        "anchored": false
      }
    },
    {
      "type": "Feature",
      "geometry": {
        "type": "LineString",
        "coordinates": [
          [
            -83.65000871912135,
            36.24499261994142
          ],
          [
            -83.7493525331092,
            36.24624433901257
          ],
          [
            -83.85169091260597,
            36.24445894591042
          ],
          [
            -83.948,
            36.222
          ],
          [
            -84.04337509545537,
            36.21042655179516
          ],
          [
            -84.14150510293503,
            36.19324757921478
          ]
        ]
      },
      "properties": {
        "id": "clinch-river",
        "name": "Clinch River (Norris tailwater)",
        "regionId": "tn-east-clinch",
        "gaugeIds": [
          "03533000"
        ],
        "bounds": [
          [
            -84.14150510293503,
            36.19324757921478
          ],
          [
            -83.65000871912135,
            36.24624433901257
          ]
        ],
        "labelAnchor": [
          -83.948,
          36.222
        ],
        "pointCount": 6,
        "lengthKm": 44.74,
        "anchored": true
      }
    },
    {
      "type": "Feature",
      "geometry": {
        "type": "LineString",
        "coordinates": [
          [
            -85.25088251402161,
            35.97106720440274
          ],
          [
            -85.33086116766329,
            35.94569601613234
          ],
          [
            -85.41481826720215,
            35.92808785780033
          ],
          [
            -85.49821874760435,
            35.91299863166376
          ],
          [
            -85.5824677489517,
            35.90263149530955
          ],
          [
            -85.66697160764686,
            35.89445926374799
          ],
          [
            -85.75277472851732,
            35.88190219191108
          ]
        ]
      },
      "properties": {
        "id": "collins-river",
        "name": "Collins River",
        "regionId": "tn-middle-caney-fork",
        "gaugeIds": [
          "03421000"
        ],
        "bounds": [
          [
            -85.75277472851732,
            35.88190219191108
          ],
          [
            -85.25088251402161,
            35.97106720440274
          ]
        ],
        "labelAnchor": [
          -85.49821874760435,
          35.91299863166376
        ],
        "pointCount": 7,
        "lengthKm": 46.43,
        "anchored": false
      }
    },
    {
      "type": "Feature",
      "geometry": {
        "type": "LineString",
        "coordinates": [
          [
            -83.2639996907352,
            35.624753253435046
          ],
          [
            -83.34939801006762,
            35.645260035280835
          ],
          [
            -83.43165779106393,
            35.654250814818425
          ],
          [
            -83.52007107191548,
            35.65964740765847
          ],
          [
            -83.6084187254058,
            35.653079897161284
          ],
          [
            -83.69347565358522,
            35.64874630486444
          ]
        ]
      },
      "properties": {
        "id": "cosby-creek",
        "name": "Cosby Creek",
        "regionId": "tn-east-smokies",
        "gaugeIds": [],
        "bounds": [
          [
            -83.69347565358522,
            35.624753253435046
          ],
          [
            -83.2639996907352,
            35.65964740765847
          ]
        ],
        "labelAnchor": [
          -83.52007107191548,
          35.65964740765847
        ],
        "pointCount": 6,
        "lengthKm": 39.27,
        "anchored": false
      }
    },
    {
      "type": "Feature",
      "geometry": {
        "type": "LineString",
        "coordinates": [
          [
            -84.6641581427001,
            36.07316389256659
          ],
          [
            -84.74776416936194,
            36.07757633669684
          ],
          [
            -84.82421638567031,
            36.0755567174573
          ],
          [
            -84.89998006103208,
            36.052419688249365
          ],
          [
            -84.97343745451774,
            36.02348075281684
          ],
          [
            -85.13650055121437,
            36.028709165750044
          ]
        ]
      },
      "properties": {
        "id": "daddys-creek",
        "name": "Daddy’s Creek",
        "regionId": "tn-cumberland-plateau",
        "gaugeIds": [
          "03539600"
        ],
        "bounds": [
          [
            -85.13650055121437,
            36.02348075281684
          ],
          [
            -84.6641581427001,
            36.07757633669684
          ]
        ],
        "labelAnchor": [
          -84.89998006103208,
          36.052419688249365
        ],
        "pointCount": 6,
        "lengthKm": 43.71,
        "anchored": false
      }
    },
    {
      "type": "Feature",
      "geometry": {
        "type": "LineString",
        "coordinates": [
          [
            -81.50214887149112,
            36.443138038505076
          ],
          [
            -81.60314322120989,
            36.42639941931996
          ],
          [
            -81.70755080165651,
            36.42485059361307
          ],
          [
            -81.8054536068642,
            36.40946617020875
          ],
          [
            -81.90250901452295,
            36.37729012115202
          ],
          [
            -81.9986948451701,
            36.33978620046045
          ],
          [
            -82.09220759829105,
            36.311421840314935
          ],
          [
            -82.19870246913013,
            36.30555708347323
          ],
          [
            -82.30018483083514,
            36.30287954018259
          ],
          [
            -82.39797188709883,
            36.27752818190901
          ],
          [
            -82.48959589371411,
            36.232895402995226
          ]
        ]
      },
      "properties": {
        "id": "doe-creek-johnson",
        "name": "Doe Creek (Johnson County)",
        "regionId": "tn-northeast-watauga",
        "gaugeIds": [],
        "bounds": [
          [
            -82.48959589371411,
            36.232895402995226
          ],
          [
            -81.50214887149112,
            36.443138038505076
          ]
        ],
        "labelAnchor": [
          -81.9986948451701,
          36.33978620046045
        ],
        "pointCount": 11,
        "lengthKm": 92.88,
        "anchored": false
      }
    },
    {
      "type": "Feature",
      "geometry": {
        "type": "LineString",
        "coordinates": [
          [
            -81.85132449375831,
            36.485410659176075
          ],
          [
            -81.8842555454237,
            36.45940440285231
          ],
          [
            -81.8996417388474,
            36.42252836463204
          ],
          [
            -81.9288606207562,
            36.39066353393632
          ],
          [
            -81.97105568623543,
            36.37791731074759
          ],
          [
            -82.0115946640899,
            36.360039604845355
          ],
          [
            -82.0329749027344,
            36.32697745042439
          ],
          [
            -82.05264651126133,
            36.29012085668269
          ],
          [
            -82.08714170501084,
            36.264634303065336
          ],
          [
            -82.13207220293869,
            36.255283193761414
          ],
          [
            -82.1672743695122,
            36.22907929969973
          ]
        ]
      },
      "properties": {
        "id": "doe-river",
        "name": "Doe River",
        "regionId": "tn-northeast-watauga",
        "gaugeIds": [
          "03485500"
        ],
        "bounds": [
          [
            -82.1672743695122,
            36.22907929969973
          ],
          [
            -81.85132449375831,
            36.485410659176075
          ]
        ],
        "labelAnchor": [
          -82.0115946640899,
          36.360039604845355
        ],
        "pointCount": 11,
        "lengthKm": 42.29,
        "anchored": false
      }
    },
    {
      "type": "Feature",
      "geometry": {
        "type": "LineString",
        "coordinates": [
          [
            -85.90017471858091,
            35.50660618152164
          ],
          [
            -85.97958970278393,
            35.499741088916714
          ],
          [
            -86.0525801288054,
            35.487523947584755
          ],
          [
            -86.12703015035751,
            35.479234927567376
          ],
          [
            -86.20324804399155,
            35.48029986614511
          ],
          [
            -86.27401774101979,
            35.48885496387663
          ],
          [
            -86.35026925731712,
            35.506134866412516
          ],
          [
            -86.42133306307404,
            35.515879740074865
          ],
          [
            -86.49709585731415,
            35.516080529203464
          ],
          [
            -86.57528795383865,
            35.513549783425475
          ],
          [
            -86.64640491056727,
            35.501773893469206
          ],
          [
            -86.72100454606176,
            35.49166380406416
          ]
        ]
      },
      "properties": {
        "id": "duck-river-lower",
        "name": "Duck River (Shelbyville to Columbia)",
        "regionId": "tn-middle-duck-elk",
        "gaugeIds": [
          "03597860",
          "03598000",
          "03599500"
        ],
        "bounds": [
          [
            -86.72100454606176,
            35.479234927567376
          ],
          [
            -85.90017471858091,
            35.516080529203464
          ]
        ],
        "labelAnchor": [
          -86.35026925731712,
          35.506134866412516
        ],
        "pointCount": 12,
        "lengthKm": 75.2,
        "anchored": false
      }
    },
    {
      "type": "Feature",
      "geometry": {
        "type": "LineString",
        "coordinates": [
          [
            -85.74910900807639,
            35.28786366710618
          ],
          [
            -85.82452617517538,
            35.350171518441236
          ],
          [
            -85.91049454634263,
            35.39655051518953
          ],
          [
            -86.00994680435772,
            35.421857072640506
          ],
          [
            -86.1,
            35.47
          ],
          [
            -86.19551132901505,
            35.506740313107976
          ],
          [
            -86.27162648591147,
            35.565915318317856
          ],
          [
            -86.36172334292789,
            35.608888991686584
          ],
          [
            -86.4646406293549,
            35.63763923996514
          ]
        ]
      },
      "properties": {
        "id": "duck-river-tailwater",
        "name": "Duck River (Normandy tailwater)",
        "regionId": "tn-middle-duck-elk",
        "gaugeIds": [
          "03596000"
        ],
        "bounds": [
          [
            -86.4646406293549,
            35.28786366710618
          ],
          [
            -85.74910900807639,
            35.63763923996514
          ]
        ],
        "labelAnchor": [
          -86.1,
          35.47
        ],
        "pointCount": 9,
        "lengthKm": 76.65,
        "anchored": true
      }
    },
    {
      "type": "Feature",
      "geometry": {
        "type": "LineString",
        "coordinates": [
          [
            -86.07155426529953,
            35.38126781672983
          ],
          [
            -86.13833477937962,
            35.39237146235793
          ],
          [
            -86.19324159935746,
            35.41299248889286
          ],
          [
            -86.23995164269441,
            35.45401656398956
          ],
          [
            -86.28697893944239,
            35.48722017871593
          ],
          [
            -86.35464226227808,
            35.49557434469263
          ],
          [
            -86.4113465328364,
            35.516391074257236
          ],
          [
            -86.45021697181532,
            35.559399354250054
          ],
          [
            -86.50062381343626,
            35.58617811392409
          ],
          [
            -86.57164253143458,
            35.59420020138497
          ]
        ]
      },
      "properties": {
        "id": "east-fork-shoal-creek",
        "name": "East Fork Shoal Creek",
        "regionId": "tn-middle-duck-elk",
        "gaugeIds": [],
        "bounds": [
          [
            -86.57164253143458,
            35.38126781672983
          ],
          [
            -86.07155426529953,
            35.59420020138497
          ]
        ],
        "labelAnchor": [
          -86.35464226227808,
          35.49557434469263
        ],
        "pointCount": 10,
        "lengthKm": 53.21,
        "anchored": false
      }
    },
    {
      "type": "Feature",
      "geometry": {
        "type": "LineString",
        "coordinates": [
          [
            -86.49835614415477,
            36.043853208999394
          ],
          [
            -86.53968882579363,
            36.07805456084971
          ],
          [
            -86.59856208214812,
            36.0823507637626
          ],
          [
            -86.658650363863,
            36.081857874537995
          ],
          [
            -86.70599756367388,
            36.0978799452788
          ],
          [
            -86.744831992473,
            36.13715695952891
          ],
          [
            -86.79220604303683,
            36.1706225633523
          ],
          [
            -86.90754993000742,
            36.167008370419985
          ],
          [
            -86.95212268424757,
            36.19409880021491
          ],
          [
            -86.99137903942274,
            36.23564507142112
          ],
          [
            -87.03926609180881,
            36.25846661962368
          ]
        ]
      },
      "properties": {
        "id": "east-fork-stones-river",
        "name": "East Fork Stones River",
        "regionId": "tn-middle-nashville",
        "gaugeIds": [
          "03427500"
        ],
        "bounds": [
          [
            -87.03926609180881,
            36.043853208999394
          ],
          [
            -86.49835614415477,
            36.25846661962368
          ]
        ],
        "labelAnchor": [
          -86.744831992473,
          36.13715695952891
        ],
        "pointCount": 11,
        "lengthKm": 58.05,
        "anchored": false
      }
    },
    {
      "type": "Feature",
      "geometry": {
        "type": "LineString",
        "coordinates": [
          [
            -85.80311733405487,
            35.059226184960124
          ],
          [
            -85.84946714025043,
            35.08180196526249
          ],
          [
            -85.90207167329116,
            35.09552307242454
          ],
          [
            -85.96093950864365,
            35.103293654504355
          ],
          [
            -86.01219757776374,
            35.11708473633872
          ],
          [
            -86.05450518327835,
            35.142070574161366
          ],
          [
            -86.108,
            35.155
          ],
          [
            -86.1585984798686,
            35.16854302778536
          ],
          [
            -86.21465654423626,
            35.17838179617038
          ],
          [
            -86.25693688838334,
            35.20421650912616
          ],
          [
            -86.30632847076488,
            35.225764645161526
          ],
          [
            -86.36456388047017,
            35.23221819059115
          ]
        ]
      },
      "properties": {
        "id": "elk-river",
        "name": "Elk River (Tims Ford tailwater)",
        "regionId": "tn-middle-duck-elk",
        "gaugeIds": [
          "03580750",
          "03578000"
        ],
        "bounds": [
          [
            -86.36456388047017,
            35.059226184960124
          ],
          [
            -85.80311733405487,
            35.23221819059115
          ]
        ],
        "labelAnchor": [
          -86.108,
          35.155
        ],
        "pointCount": 12,
        "lengthKm": 55.36,
        "anchored": true
      }
    },
    {
      "type": "Feature",
      "geometry": {
        "type": "LineString",
        "coordinates": [
          [
            -86.12937156084926,
            35.473722060313634
          ],
          [
            -86.183826384122,
            35.481524009272974
          ],
          [
            -86.24184707981716,
            35.4728682616614
          ],
          [
            -86.2972640542403,
            35.47694702893801
          ],
          [
            -86.34856129246727,
            35.51006693082575
          ],
          [
            -86.39960669408235,
            35.525750308473775
          ],
          [
            -86.46085184193755,
            35.510280776494156
          ],
          [
            -86.51598588872736,
            35.51919274089373
          ],
          [
            -86.56819593122026,
            35.546469694098796
          ]
        ]
      },
      "properties": {
        "id": "elk-river-lower",
        "name": "Elk River (Prospect to state line)",
        "regionId": "tn-middle-duck-elk",
        "gaugeIds": [
          "03584600"
        ],
        "bounds": [
          [
            -86.56819593122026,
            35.4728682616614
          ],
          [
            -86.12937156084926,
            35.546469694098796
          ]
        ],
        "labelAnchor": [
          -86.34856129246727,
          35.51006693082575
        ],
        "pointCount": 9,
        "lengthKm": 42.76,
        "anchored": false
      }
    },
    {
      "type": "Feature",
      "geometry": {
        "type": "LineString",
        "coordinates": [
          [
            -84.5151994197174,
            36.14700499111759
          ],
          [
            -84.58023290717664,
            36.127247786786256
          ],
          [
            -84.64370911851243,
            36.11906560478118
          ],
          [
            -84.71592195015015,
            36.11624555240269
          ],
          [
            -84.77916407785554,
            36.09773946491019
          ],
          [
            -84.892647817866,
            36.038573274359194
          ],
          [
            -84.9589943784197,
            36.021440606886074
          ],
          [
            -85.0940845688117,
            36.01187958758467
          ],
          [
            -85.15841064702201,
            35.98473893753867
          ],
          [
            -85.21308657575014,
            35.95620633099939
          ]
        ]
      },
      "properties": {
        "id": "emory-river",
        "name": "Emory River",
        "regionId": "tn-cumberland-plateau",
        "gaugeIds": [
          "03540500"
        ],
        "bounds": [
          [
            -85.21308657575014,
            35.95620633099939
          ],
          [
            -84.5151994197174,
            36.14700499111759
          ]
        ],
        "labelAnchor": [
          -84.892647817866,
          36.038573274359194
        ],
        "pointCount": 10,
        "lengthKm": 67.53,
        "anchored": false
      }
    },
    {
      "type": "Feature",
      "geometry": {
        "type": "LineString",
        "coordinates": [
          [
            -86.43612420111337,
            36.223956766596274
          ],
          [
            -86.52849225686525,
            36.22114937766731
          ],
          [
            -86.70172689341423,
            36.15038185894351
          ],
          [
            -86.79660784370654,
            36.14233881183972
          ],
          [
            -86.89664373736363,
            36.14564964730917
          ],
          [
            -86.98933295284169,
            36.13235241243649
          ],
          [
            -87.07088349745392,
            36.09578626474325
          ],
          [
            -87.15901357493644,
            36.06527192397155
          ]
        ]
      },
      "properties": {
        "id": "fletchers-fork",
        "name": "Fletchers Fork",
        "regionId": "tn-middle-nashville",
        "gaugeIds": [],
        "bounds": [
          [
            -87.15901357493644,
            36.06527192397155
          ],
          [
            -86.43612420111337,
            36.223956766596274
          ]
        ],
        "labelAnchor": [
          -86.89664373736363,
          36.14564964730917
        ],
        "pointCount": 8,
        "lengthKm": 68.72,
        "anchored": false
      }
    },
    {
      "type": "Feature",
      "geometry": {
        "type": "LineString",
        "coordinates": [
          [
            -81.7797401673437,
            36.46204016254297
          ],
          [
            -81.82586961789885,
            36.43813780586973
          ],
          [
            -81.87888259283326,
            36.42837955485044
          ],
          [
            -81.92702460640606,
            36.40846672960386
          ],
          [
            -81.95203195174265,
            36.36929524715579
          ],
          [
            -81.99273522762215,
            36.33946913671788
          ],
          [
            -82.04279789288333,
            36.32902852846749
          ],
          [
            -82.09370160140898,
            36.31383988637595
          ],
          [
            -82.1274086363641,
            36.28039179497898
          ],
          [
            -82.16080590662152,
            36.24263711436107
          ]
        ]
      },
      "properties": {
        "id": "forge-creek-johnson",
        "name": "Forge Creek (Johnson County)",
        "regionId": "tn-northeast-watauga",
        "gaugeIds": [],
        "bounds": [
          [
            -82.16080590662152,
            36.24263711436107
          ],
          [
            -81.7797401673437,
            36.46204016254297
          ]
        ],
        "labelAnchor": [
          -81.99273522762215,
          36.33946913671788
        ],
        "pointCount": 10,
        "lengthKm": 43.89,
        "anchored": false
      }
    },
    {
      "type": "Feature",
      "geometry": {
        "type": "LineString",
        "coordinates": [
          [
            -82.77927596678978,
            35.951992980954266
          ],
          [
            -82.83074434451954,
            35.93001431737529
          ],
          [
            -82.8950661207454,
            35.93720173067696
          ],
          [
            -82.95109504189286,
            35.917503446264064
          ],
          [
            -82.987962355103,
            35.87373926695178
          ],
          [
            -83.04194286998234,
            35.860006259508054
          ],
          [
            -83.10944263232108,
            35.86483421654603
          ],
          [
            -83.15708395909394,
            35.844210852274635
          ],
          [
            -83.20102124480732,
            35.80130976022794
          ],
          [
            -83.25489176798247,
            35.787940898910726
          ],
          [
            -83.31593606345257,
            35.790749140970526
          ],
          [
            -83.36510838814267,
            35.76689337480012
          ]
        ]
      },
      "properties": {
        "id": "french-broad-river",
        "name": "French Broad River (Douglas tailwater)",
        "regionId": "tn-east-pigeon-frenchbroad",
        "gaugeIds": [
          "03468510",
          "03469000"
        ],
        "bounds": [
          [
            -83.36510838814267,
            35.76689337480012
          ],
          [
            -82.77927596678978,
            35.951992980954266
          ]
        ],
        "labelAnchor": [
          -83.10944263232108,
          35.86483421654603
        ],
        "pointCount": 12,
        "lengthKm": 60.51,
        "anchored": false
      }
    },
    {
      "type": "Feature",
      "geometry": {
        "type": "LineString",
        "coordinates": [
          [
            -83.1342564698373,
            36.13319549489865
          ],
          [
            -83.18298555434609,
            36.11192659703732
          ],
          [
            -83.23394113429396,
            36.106526079808454
          ],
          [
            -83.29017073055422,
            36.10960491848899
          ],
          [
            -83.3988548754916,
            36.111957802811496
          ],
          [
            -83.448,
            36.087
          ],
          [
            -83.50113367993293,
            36.084775514470316
          ],
          [
            -83.54953902600855,
            36.061441886846175
          ],
          [
            -83.60213342401825,
            36.0463436130894
          ],
          [
            -83.65495049959866,
            36.03916746117894
          ],
          [
            -83.70525354854155,
            36.04028062019209
          ]
        ]
      },
      "properties": {
        "id": "ft-patrick-henry-tailwater",
        "name": "Fort Patrick Henry Tailwater (South Fork Holston River)",
        "regionId": "tn-east-holston",
        "gaugeIds": [
          "03487010"
        ],
        "bounds": [
          [
            -83.70525354854155,
            36.03916746117894
          ],
          [
            -83.1342564698373,
            36.13319549489865
          ]
        ],
        "labelAnchor": [
          -83.448,
          36.087
        ],
        "pointCount": 11,
        "lengthKm": 53.84,
        "anchored": true
      }
    },
    {
      "type": "Feature",
      "geometry": {
        "type": "LineString",
        "coordinates": [
          [
            -83.07585398681577,
            36.43795911582893
          ],
          [
            -83.17931539566608,
            36.412235365453284
          ],
          [
            -83.26658015201662,
            36.374175419478156
          ],
          [
            -83.35614700111138,
            36.332152957441224
          ],
          [
            -83.4558841252788,
            36.310954559271515
          ],
          [
            -83.55178276088799,
            36.28713672255048
          ],
          [
            -83.7336238177614,
            36.209496412503434
          ],
          [
            -83.8365762426038,
            36.18724762810783
          ],
          [
            -83.9293111297832,
            36.16501078537019
          ]
        ]
      },
      "properties": {
        "id": "gap-creek-claiborne",
        "name": "Gap Creek (Claiborne County)",
        "regionId": "tn-east-clinch",
        "gaugeIds": [],
        "bounds": [
          [
            -83.9293111297832,
            36.16501078537019
          ],
          [
            -83.07585398681577,
            36.43795911582893
          ]
        ],
        "labelAnchor": [
          -83.4558841252788,
          36.310954559271515
        ],
        "pointCount": 9,
        "lengthKm": 82.79,
        "anchored": false
      }
    },
    {
      "type": "Feature",
      "geometry": {
        "type": "LineString",
        "coordinates": [
          [
            -84.4771642291885,
            35.19459697064819
          ],
          [
            -84.5665838587226,
            35.18329049156515
          ],
          [
            -84.60860912540129,
            35.19666479219198
          ],
          [
            -84.65035864931605,
            35.21299098607712
          ],
          [
            -84.73973301804354,
            35.19446237838132
          ],
          [
            -84.77800354028481,
            35.209062353159354
          ],
          [
            -84.82306309230593,
            35.22247209901972
          ]
        ]
      },
      "properties": {
        "id": "goforth-creek",
        "name": "Goforth Creek",
        "regionId": "tn-se-hiwassee",
        "gaugeIds": [],
        "bounds": [
          [
            -84.82306309230593,
            35.18329049156515
          ],
          [
            -84.4771642291885,
            35.22247209901972
          ]
        ],
        "labelAnchor": [
          -84.65035864931605,
          35.21299098607712
        ],
        "pointCount": 7,
        "lengthKm": 33.1,
        "anchored": false
      }
    },
    {
      "type": "Feature",
      "geometry": {
        "type": "LineString",
        "coordinates": [
          [
            -84.28115748957396,
            35.29634592808873
          ],
          [
            -84.3529924268546,
            35.27132684632892
          ],
          [
            -84.41926927760998,
            35.23396293409529
          ],
          [
            -84.49566896394178,
            35.21562350711081
          ],
          [
            -84.65352544403109,
            35.21617756575683
          ],
          [
            -84.73036309068574,
            35.191869587720504
          ],
          [
            -84.79438477564408,
            35.15776370630284
          ],
          [
            -84.86762395239572,
            35.136663974556
          ],
          [
            -84.9469677585305,
            35.13983719165945
          ]
        ]
      },
      "properties": {
        "id": "greasy-creek-polk",
        "name": "Greasy Creek (Polk County)",
        "regionId": "tn-se-hiwassee",
        "gaugeIds": [],
        "bounds": [
          [
            -84.9469677585305,
            35.136663974556
          ],
          [
            -84.28115748957396,
            35.29634592808873
          ]
        ],
        "labelAnchor": [
          -84.65352544403109,
          35.21617756575683
        ],
        "pointCount": 9,
        "lengthKm": 64.69,
        "anchored": false
      }
    },
    {
      "type": "Feature",
      "geometry": {
        "type": "LineString",
        "coordinates": [
          [
            -82.88327345371658,
            35.90781913692531
          ],
          [
            -82.9483250353386,
            35.904855911261414
          ],
          [
            -83.00320337823261,
            35.89761085391206
          ],
          [
            -83.05513745443149,
            35.87820688006531
          ],
          [
            -83.09966235240543,
            35.849240398143245
          ],
          [
            -83.14354069140661,
            35.817777719756144
          ],
          [
            -83.19586016482847,
            35.80173692080149
          ],
          [
            -83.25545414510731,
            35.80126507863165
          ]
        ]
      },
      "properties": {
        "id": "gulf-fork-big-creek",
        "name": "Gulf Fork Big Creek",
        "regionId": "tn-east-pigeon-frenchbroad",
        "gaugeIds": [],
        "bounds": [
          [
            -83.25545414510731,
            35.80126507863165
          ],
          [
            -82.88327345371658,
            35.90781913692531
          ]
        ],
        "labelAnchor": [
          -83.09966235240543,
          35.849240398143245
        ],
        "pointCount": 8,
        "lengthKm": 36.87,
        "anchored": false
      }
    },
    {
      "type": "Feature",
      "geometry": {
        "type": "LineString",
        "coordinates": [
          [
            -86.38214088944044,
            36.13309223294562
          ],
          [
            -86.48859414728628,
            36.12553404484786
          ],
          [
            -86.5901392074277,
            36.1379269270879
          ],
          [
            -86.69364153951173,
            36.15931215989602
          ],
          [
            -86.80020820981146,
            36.17090344700493
          ],
          [
            -86.90653217884727,
            36.16265762126958
          ],
          [
            -87.01129132487002,
            36.14606490944028
          ],
          [
            -87.11596143663469,
            36.13503149964737
          ],
          [
            -87.22091137923795,
            36.14556243232662
          ]
        ]
      },
      "properties": {
        "id": "harpeth-river",
        "name": "Harpeth River (Williamson County reaches)",
        "regionId": "tn-middle-nashville",
        "gaugeIds": [
          "03432350",
          "03433500"
        ],
        "bounds": [
          [
            -87.22091137923795,
            36.12553404484786
          ],
          [
            -86.38214088944044,
            36.17090344700493
          ]
        ],
        "labelAnchor": [
          -86.80020820981146,
          36.17090344700493
        ],
        "pointCount": 9,
        "lengthKm": 76.22,
        "anchored": false
      }
    },
    {
      "type": "Feature",
      "geometry": {
        "type": "LineString",
        "coordinates": [
          [
            -83.99111760819086,
            35
          ],
          [
            -84.09278372425155,
            35.01230267036863
          ],
          [
            -84.19386691453185,
            35.01848956820637
          ],
          [
            -84.30049169610282,
            35.01944985826875
          ],
          [
            -84.498,
            35.058
          ],
          [
            -84.59673351919189,
            35.08046799417293
          ],
          [
            -84.70116853395776,
            35.07774318316369
          ],
          [
            -84.80160874846926,
            35.092567642782925
          ],
          [
            -84.90297495688607,
            35.12369921260021
          ]
        ]
      },
      "properties": {
        "id": "hiwassee-river",
        "name": "Hiwassee River (Appalachia tailwater / Reliance)",
        "regionId": "tn-se-hiwassee",
        "gaugeIds": [
          "03556590",
          "03566000"
        ],
        "bounds": [
          [
            -84.90297495688607,
            35
          ],
          [
            -83.99111760819086,
            35.12369921260021
          ]
        ],
        "labelAnchor": [
          -84.498,
          35.058
        ],
        "pointCount": 9,
        "lengthKm": 84.76,
        "anchored": true
      }
    },
    {
      "type": "Feature",
      "geometry": {
        "type": "LineString",
        "coordinates": [
          [
            -81.64001694999084,
            36.73
          ],
          [
            -81.69114572545642,
            36.67123512189963
          ],
          [
            -81.73294003920934,
            36.59941811423175
          ],
          [
            -81.80111561828382,
            36.53480479927744
          ],
          [
            -81.88382915392944,
            36.482648832414576
          ],
          [
            -81.9537638111685,
            36.42255130877787
          ],
          [
            -82.00586886364866,
            36.35057850454348
          ],
          [
            -82.04759168695153,
            36.277906083715976
          ],
          [
            -82.11578106813828,
            36.2119505963504
          ],
          [
            -82.19146628075057,
            36.16033240272565
          ],
          [
            -82.26388976313301,
            36.10069882677109
          ],
          [
            -82.31916806386066,
            36.02939006783273
          ]
        ]
      },
      "properties": {
        "id": "horse-creek-greene",
        "name": "Horse Creek (Greene County)",
        "regionId": "tn-northeast-watauga",
        "gaugeIds": [],
        "bounds": [
          [
            -82.31916806386066,
            36.02939006783273
          ],
          [
            -81.64001694999084,
            36.73
          ]
        ],
        "labelAnchor": [
          -82.00586886364866,
          36.35057850454348
        ],
        "pointCount": 12,
        "lengthKm": 100,
        "anchored": false
      }
    },
    {
      "type": "Feature",
      "geometry": {
        "type": "LineString",
        "coordinates": [
          [
            -85.03976789025494,
            36.3791865742459
          ],
          [
            -85.12289820044624,
            36.408698921867966
          ],
          [
            -85.20933309628609,
            36.43131797695636
          ],
          [
            -85.3000523302558,
            36.45212466110513
          ],
          [
            -85.38980996956926,
            36.47041312684517
          ],
          [
            -85.47817605623595,
            36.492137169734995
          ],
          [
            -85.56235488854959,
            36.51567580727251
          ]
        ]
      },
      "properties": {
        "id": "hurricane-creek",
        "name": "Hurricane Creek",
        "regionId": "tn-upper-cumberland",
        "gaugeIds": [],
        "bounds": [
          [
            -85.56235488854959,
            36.3791865742459
          ],
          [
            -85.03976789025494,
            36.51567580727251
          ]
        ],
        "labelAnchor": [
          -85.3000523302558,
          36.45212466110513
        ],
        "pointCount": 7,
        "lengthKm": 49.21,
        "anchored": false
      }
    },
    {
      "type": "Feature",
      "geometry": {
        "type": "LineString",
        "coordinates": [
          [
            -83.26093955250701,
            36.31238021802426
          ],
          [
            -83.3155990822761,
            36.295184896241345
          ],
          [
            -83.37740928670108,
            36.28179444874312
          ],
          [
            -83.43289125018603,
            36.277025699553946
          ],
          [
            -83.5484416056688,
            36.2866887954242
          ],
          [
            -83.60806290664873,
            36.287005129420976
          ],
          [
            -83.66577812123074,
            36.278635493625075
          ],
          [
            -83.72308979222197,
            36.26266204114943
          ],
          [
            -83.77946761734574,
            36.25185711421625
          ]
        ]
      },
      "properties": {
        "id": "indian-creek-claiborne",
        "name": "Indian Creek (Claiborne County)",
        "regionId": "tn-east-clinch",
        "gaugeIds": [],
        "bounds": [
          [
            -83.77946761734574,
            36.25185711421625
          ],
          [
            -83.26093955250701,
            36.31238021802426
          ]
        ],
        "labelAnchor": [
          -83.5484416056688,
          36.2866887954242
        ],
        "pointCount": 9,
        "lengthKm": 47.64,
        "anchored": false
      }
    },
    {
      "type": "Feature",
      "geometry": {
        "type": "LineString",
        "coordinates": [
          [
            -81.71023601062201,
            36.41881404537663
          ],
          [
            -81.75933346893406,
            36.416772141219646
          ],
          [
            -81.8106135287867,
            36.40435698091673
          ],
          [
            -81.85680167816611,
            36.38699902135081
          ],
          [
            -81.89934182501298,
            36.36626571282183
          ],
          [
            -81.94972526412822,
            36.35478788842383
          ],
          [
            -82.0031038310481,
            36.35687071390325
          ],
          [
            -82.05025876414591,
            36.34947535207652
          ],
          [
            -82.14155079119368,
            36.3056330066676
          ],
          [
            -82.19137325077124,
            36.2961729937386
          ],
          [
            -82.24004702374911,
            36.29326865136722
          ]
        ]
      },
      "properties": {
        "id": "laurel-creek-johnson",
        "name": "Laurel Creek (Johnson County)",
        "regionId": "tn-northeast-watauga",
        "gaugeIds": [],
        "bounds": [
          [
            -82.24004702374911,
            36.29326865136722
          ],
          [
            -81.71023601062201,
            36.41881404537663
          ]
        ],
        "labelAnchor": [
          -81.94972526412822,
          36.35478788842383
        ],
        "pointCount": 11,
        "lengthKm": 50.46,
        "anchored": false
      }
    },
    {
      "type": "Feature",
      "geometry": {
        "type": "LineString",
        "coordinates": [
          [
            -81.87208945477259,
            36.378732805088156
          ],
          [
            -81.91626318288016,
            36.37160829850505
          ],
          [
            -81.95798382807688,
            36.372379882278956
          ],
          [
            -82.00594745952253,
            36.360548604482034
          ],
          [
            -82.04846717619233,
            36.34418653582787
          ],
          [
            -82.08613568436103,
            36.321991428838245
          ]
        ]
      },
      "properties": {
        "id": "laurel-fork-carter",
        "name": "Laurel Fork (Carter County)",
        "regionId": "tn-northeast-watauga",
        "gaugeIds": [],
        "bounds": [
          [
            -82.08613568436103,
            36.321991428838245
          ],
          [
            -81.87208945477259,
            36.378732805088156
          ]
        ],
        "labelAnchor": [
          -82.00594745952253,
          36.360548604482034
        ],
        "pointCount": 6,
        "lengthKm": 20.66,
        "anchored": false
      }
    },
    {
      "type": "Feature",
      "geometry": {
        "type": "LineString",
        "coordinates": [
          [
            -83.32283621853918,
            35.7329942234458
          ],
          [
            -83.36916770174714,
            35.72690547969836
          ],
          [
            -83.41490020004738,
            35.7134332789616
          ],
          [
            -83.44631176442181,
            35.69166476539349
          ],
          [
            -83.47425899801523,
            35.66136007848332
          ],
          [
            -83.516901595512,
            35.64159289781728
          ],
          [
            -83.56367387689627,
            35.63891317955763
          ],
          [
            -83.60419969972305,
            35.62650433881546
          ],
          [
            -83.62896819581722,
            35.59294237863677
          ],
          [
            -83.658984335998,
            35.56552201740271
          ],
          [
            -83.70694176434098,
            35.554245493161815
          ]
        ]
      },
      "properties": {
        "id": "leconte-creek",
        "name": "LeConte Creek",
        "regionId": "tn-east-smokies",
        "gaugeIds": [],
        "bounds": [
          [
            -83.70694176434098,
            35.554245493161815
          ],
          [
            -83.32283621853918,
            35.7329942234458
          ]
        ],
        "labelAnchor": [
          -83.516901595512,
          35.64159289781728
        ],
        "pointCount": 11,
        "lengthKm": 42.1,
        "anchored": false
      }
    },
    {
      "type": "Feature",
      "geometry": {
        "type": "LineString",
        "coordinates": [
          [
            -85.96162053441603,
            35.48974889158208
          ],
          [
            -86.03680539084398,
            35.46781452500396
          ],
          [
            -86.11415029644283,
            35.47950719602485
          ],
          [
            -86.19491981049075,
            35.50926064032361
          ],
          [
            -86.27140788420374,
            35.50906717277931
          ],
          [
            -86.34922879972073,
            35.48596126754307
          ],
          [
            -86.42989826175015,
            35.49147234268502
          ],
          [
            -86.50453422067416,
            35.524141879240325
          ],
          [
            -86.58082429985595,
            35.523203968342294
          ],
          [
            -86.6645103143944,
            35.501301614156674
          ],
          [
            -86.7438552086394,
            35.50442266933293
          ]
        ]
      },
      "properties": {
        "id": "little-buffalo-river",
        "name": "Little Buffalo River",
        "regionId": "tn-middle-duck-elk",
        "gaugeIds": [],
        "bounds": [
          [
            -86.7438552086394,
            35.46781452500396
          ],
          [
            -85.96162053441603,
            35.524141879240325
          ]
        ],
        "labelAnchor": [
          -86.34922879972073,
          35.48596126754307
        ],
        "pointCount": 11,
        "lengthKm": 73.86,
        "anchored": false
      }
    },
    {
      "type": "Feature",
      "geometry": {
        "type": "LineString",
        "coordinates": [
          [
            -83.33450134477131,
            35.68509136709706
          ],
          [
            -83.3901606120309,
            35.663891698079375
          ],
          [
            -83.45611896777399,
            35.651944338991235
          ],
          [
            -83.51929029036316,
            35.64604258089772
          ],
          [
            -83.581699498781,
            35.64493087864229
          ],
          [
            -83.64883921501811,
            35.639295726259974
          ],
          [
            -83.7097703083763,
            35.61849877876012
          ]
        ]
      },
      "properties": {
        "id": "little-pigeon-river",
        "name": "Little Pigeon River (Sevierville reach)",
        "regionId": "tn-east-smokies",
        "gaugeIds": [
          "03470000"
        ],
        "bounds": [
          [
            -83.7097703083763,
            35.61849877876012
          ],
          [
            -83.33450134477131,
            35.68509136709706
          ]
        ],
        "labelAnchor": [
          -83.51929029036316,
          35.64604258089772
        ],
        "pointCount": 7,
        "lengthKm": 35.12,
        "anchored": false
      }
    },
    {
      "type": "Feature",
      "geometry": {
        "type": "LineString",
        "coordinates": [
          [
            -83.35703354241174,
            35.63176785636171
          ],
          [
            -83.41046789977983,
            35.62400282599624
          ],
          [
            -83.46599618421158,
            35.628239527296216
          ],
          [
            -83.52085994572607,
            35.63976115277817
          ],
          [
            -83.57686408149003,
            35.66210232430635
          ],
          [
            -83.62956259859011,
            35.67900440441436
          ],
          [
            -83.68032934112385,
            35.68764822371276
          ]
        ]
      },
      "properties": {
        "id": "little-river",
        "name": "Little River (Smokies / Blount County)",
        "regionId": "tn-east-smokies",
        "gaugeIds": [
          "03497300",
          "03498500"
        ],
        "bounds": [
          [
            -83.68032934112385,
            35.62400282599624
          ],
          [
            -83.35703354241174,
            35.68764822371276
          ]
        ],
        "labelAnchor": [
          -83.52085994572607,
          35.63976115277817
        ],
        "pointCount": 7,
        "lengthKm": 30.51,
        "anchored": false
      }
    },
    {
      "type": "Feature",
      "geometry": {
        "type": "LineString",
        "coordinates": [
          [
            -84.39507567539484,
            35.19504094933666
          ],
          [
            -84.48038559403268,
            35.18753438699084
          ],
          [
            -84.56990474488495,
            35.173562833885526
          ],
          [
            -84.65319294040913,
            35.184968161641336
          ],
          [
            -84.73563469962286,
            35.21665542879599
          ],
          [
            -84.81392087750265,
            35.233324267739285
          ],
          [
            -84.90313850399974,
            35.22342992087427
          ]
        ]
      },
      "properties": {
        "id": "little-sequatchie-river",
        "name": "Little Sequatchie River",
        "regionId": "tn-se-hiwassee",
        "gaugeIds": [],
        "bounds": [
          [
            -84.90313850399974,
            35.173562833885526
          ],
          [
            -84.39507567539484,
            35.233324267739285
          ]
        ],
        "labelAnchor": [
          -84.65319294040913,
          35.184968161641336
        ],
        "pointCount": 7,
        "lengthKm": 47.56,
        "anchored": false
      }
    },
    {
      "type": "Feature",
      "geometry": {
        "type": "LineString",
        "coordinates": [
          [
            -86.62912201971155,
            36.21169587699471
          ],
          [
            -86.67954382073084,
            36.18869078710319
          ],
          [
            -86.73268914542184,
            36.15650291096858
          ],
          [
            -86.7931265714432,
            36.132920246194494
          ],
          [
            -86.85991698282065,
            36.126464247537974
          ],
          [
            -86.92338968554478,
            36.12763220298335
          ]
        ]
      },
      "properties": {
        "id": "little-west-fork-creek",
        "name": "Little West Fork Creek",
        "regionId": "tn-middle-nashville",
        "gaugeIds": [],
        "bounds": [
          [
            -86.92338968554478,
            36.126464247537974
          ],
          [
            -86.62912201971155,
            36.21169587699471
          ]
        ],
        "labelAnchor": [
          -86.7931265714432,
          36.132920246194494
        ],
        "pointCount": 6,
        "lengthKm": 28.93,
        "anchored": false
      }
    },
    {
      "type": "Feature",
      "geometry": {
        "type": "LineString",
        "coordinates": [
          [
            -85.96560485607547,
            35.21646547308857
          ],
          [
            -86.04746401434268,
            35.2754248004072
          ],
          [
            -86.2075987547443,
            35.37978397319087
          ],
          [
            -86.28451330241879,
            35.432027170218795
          ],
          [
            -86.49375992410924,
            35.619568782382146
          ],
          [
            -86.56766289974172,
            35.68033438736358
          ],
          [
            -86.64341637803577,
            35.73533771867385
          ],
          [
            -86.72262286048955,
            35.788847804996664
          ]
        ]
      },
      "properties": {
        "id": "mccutcheon-creek",
        "name": "McCutcheon Creek",
        "regionId": "tn-middle-duck-elk",
        "gaugeIds": [],
        "bounds": [
          [
            -86.72262286048955,
            35.21646547308857
          ],
          [
            -85.96560485607547,
            35.788847804996664
          ]
        ],
        "labelAnchor": [
          -86.49375992410924,
          35.619568782382146
        ],
        "pointCount": 8,
        "lengthKm": 93.72,
        "anchored": false
      }
    },
    {
      "type": "Feature",
      "geometry": {
        "type": "LineString",
        "coordinates": [
          [
            -83.2526934006677,
            35.641356351647644
          ],
          [
            -83.3188963756835,
            35.646965702314894
          ],
          [
            -83.38651463715621,
            35.63426393677663
          ],
          [
            -83.45399924210103,
            35.62554670958924
          ],
          [
            -83.52308661143294,
            35.64059898017871
          ],
          [
            -83.58527786197648,
            35.66998018991451
          ],
          [
            -83.64791909106816,
            35.683165907520085
          ],
          [
            -83.71804343474702,
            35.67098959773674
          ],
          [
            -83.78822242447073,
            35.65665883530592
          ]
        ]
      },
      "properties": {
        "id": "middle-prong-little-pigeon",
        "name": "Middle Prong Little Pigeon River (Tremont)",
        "regionId": "tn-east-smokies",
        "gaugeIds": [],
        "bounds": [
          [
            -83.78822242447073,
            35.62554670958924
          ],
          [
            -83.2526934006677,
            35.683165907520085
          ]
        ],
        "labelAnchor": [
          -83.52308661143294,
          35.64059898017871
        ],
        "pointCount": 9,
        "lengthKm": 50.29,
        "anchored": false
      }
    },
    {
      "type": "Feature",
      "geometry": {
        "type": "LineString",
        "coordinates": [
          [
            -85.12017227371912,
            35.81352996748745
          ],
          [
            -85.21541223984225,
            35.8282271508425
          ],
          [
            -85.49295178743749,
            35.938901281364515
          ],
          [
            -85.69480859621576,
            35.95474836773141
          ],
          [
            -85.7966979654417,
            35.97960208156223
          ]
        ]
      },
      "properties": {
        "id": "mill-creek-overton",
        "name": "Mill Creek (Overton County)",
        "regionId": "tn-middle-caney-fork",
        "gaugeIds": [],
        "bounds": [
          [
            -85.7966979654417,
            35.81352996748745
          ],
          [
            -85.12017227371912,
            35.97960208156223
          ]
        ],
        "labelAnchor": [
          -85.49295178743749,
          35.938901281364515
        ],
        "pointCount": 5,
        "lengthKm": 64.44,
        "anchored": false
      }
    },
    {
      "type": "Feature",
      "geometry": {
        "type": "LineString",
        "coordinates": [
          [
            -82.9681036185802,
            35.957956207832304
          ],
          [
            -83.00906720243691,
            35.933585644981164
          ],
          [
            -83.05825888936944,
            35.8689100224241
          ],
          [
            -83.14294569318496,
            35.82881585732836
          ],
          [
            -83.18983763966403,
            35.76674069532754
          ],
          [
            -83.23091492021668,
            35.74230832476839
          ]
        ]
      },
      "properties": {
        "id": "mossy-creek-jefferson",
        "name": "Mossy Creek (Jefferson County)",
        "regionId": "tn-east-pigeon-frenchbroad",
        "gaugeIds": [],
        "bounds": [
          [
            -83.23091492021668,
            35.74230832476839
          ],
          [
            -82.9681036185802,
            35.957956207832304
          ]
        ],
        "labelAnchor": [
          -83.14294569318496,
          35.82881585732836
        ],
        "pointCount": 6,
        "lengthKm": 34.55,
        "anchored": false
      }
    },
    {
      "type": "Feature",
      "geometry": {
        "type": "LineString",
        "coordinates": [
          [
            -84.5377591532146,
            36.15308572247403
          ],
          [
            -84.63395387991869,
            36.135204171132116
          ],
          [
            -84.72027923598242,
            36.10366634180876
          ],
          [
            -84.80473692982397,
            36.0673073058081
          ],
          [
            -84.89696303295916,
            36.03582213861106
          ],
          [
            -84.9916252826378,
            36.02553172653325
          ],
          [
            -85.08604943390745,
            36.01169834018143
          ],
          [
            -85.18065717670159,
            35.990385747756186
          ]
        ]
      },
      "properties": {
        "id": "new-river",
        "name": "New River",
        "regionId": "tn-cumberland-plateau",
        "gaugeIds": [
          "03408500"
        ],
        "bounds": [
          [
            -85.18065717670159,
            35.990385747756186
          ],
          [
            -84.5377591532146,
            36.15308572247403
          ]
        ],
        "labelAnchor": [
          -84.89696303295916,
          36.03582213861106
        ],
        "pointCount": 8,
        "lengthKm": 61.03,
        "anchored": false
      }
    },
    {
      "type": "Feature",
      "geometry": {
        "type": "LineString",
        "coordinates": [
          [
            -82.90332876451501,
            35.8700548922356
          ],
          [
            -82.96435152739802,
            35.85123770604267
          ],
          [
            -83.03256451592064,
            35.833868408694336
          ],
          [
            -83.09851785579734,
            35.83425955081571
          ],
          [
            -83.2312133273064,
            35.859983852701255
          ]
        ]
      },
      "properties": {
        "id": "nolichucky-river",
        "name": "Nolichucky River",
        "regionId": "tn-east-pigeon-frenchbroad",
        "gaugeIds": [
          "03465500"
        ],
        "bounds": [
          [
            -83.2312133273064,
            35.833868408694336
          ],
          [
            -82.90332876451501,
            35.8700548922356
          ]
        ],
        "labelAnchor": [
          -83.03256451592064,
          35.833868408694336
        ],
        "pointCount": 5,
        "lengthKm": 30.57,
        "anchored": false
      }
    },
    {
      "type": "Feature",
      "geometry": {
        "type": "LineString",
        "coordinates": [
          [
            -84.37663163807942,
            35.140383464615
          ],
          [
            -84.47307049238326,
            35.15330201226349
          ],
          [
            -84.56432834700398,
            35.16817261111084
          ],
          [
            -84.65835756855537,
            35.18597993482304
          ],
          [
            -84.74334702179111,
            35.2118736972034
          ],
          [
            -84.91443219217203,
            35.28388438152115
          ]
        ]
      },
      "properties": {
        "id": "north-chickamauga-creek",
        "name": "North Chickamauga Creek",
        "regionId": "tn-se-hiwassee",
        "gaugeIds": [
          "03566535"
        ],
        "bounds": [
          [
            -84.91443219217203,
            35.140383464615
          ],
          [
            -84.37663163807942,
            35.28388438152115
          ]
        ],
        "labelAnchor": [
          -84.65835756855537,
          35.18597993482304
        ],
        "pointCount": 6,
        "lengthKm": 51.84,
        "anchored": false
      }
    },
    {
      "type": "Feature",
      "geometry": {
        "type": "LineString",
        "coordinates": [
          [
            -85.21896861431225,
            35.96111000619802
          ],
          [
            -85.31494795427243,
            35.94820615267096
          ],
          [
            -85.41099775324375,
            35.94203899667803
          ],
          [
            -85.50151232060354,
            35.9278271653374
          ],
          [
            -85.59303755783452,
            35.90849157189237
          ],
          [
            -85.6833271612476,
            35.87803862425044
          ]
        ]
      },
      "properties": {
        "id": "north-prong-barren-fork",
        "name": "North Prong Barren Fork River",
        "regionId": "tn-middle-caney-fork",
        "gaugeIds": [],
        "bounds": [
          [
            -85.6833271612476,
            35.87803862425044
          ],
          [
            -85.21896861431225,
            35.96111000619802
          ]
        ],
        "labelAnchor": [
          -85.50151232060354,
          35.9278271653374
        ],
        "pointCount": 6,
        "lengthKm": 43.06,
        "anchored": false
      }
    },
    {
      "type": "Feature",
      "geometry": {
        "type": "LineString",
        "coordinates": [
          [
            -84.66857309221993,
            35.980488500783146
          ],
          [
            -84.713925191907,
            35.99151244420129
          ],
          [
            -84.75934490853017,
            36.01564139757685
          ],
          [
            -84.806074486515,
            36.03533621390928
          ],
          [
            -84.85234809183474,
            36.0388394460377
          ],
          [
            -84.90269523991829,
            36.03914144110567
          ],
          [
            -84.94660516068394,
            36.06230726366135
          ],
          [
            -84.99217985165978,
            36.082203558962135
          ],
          [
            -85.03757365206114,
            36.09568419211459
          ],
          [
            -85.08967785010131,
            36.09202609848259
          ],
          [
            -85.1367116582595,
            36.10665003162996
          ]
        ]
      },
      "properties": {
        "id": "obed-river",
        "name": "Obed River",
        "regionId": "tn-cumberland-plateau",
        "gaugeIds": [
          "03539800"
        ],
        "bounds": [
          [
            -85.1367116582595,
            35.980488500783146
          ],
          [
            -84.66857309221993,
            36.10665003162996
          ]
        ],
        "labelAnchor": [
          -84.90269523991829,
          36.03914144110567
        ],
        "pointCount": 11,
        "lengthKm": 45.54,
        "anchored": false
      }
    },
    {
      "type": "Feature",
      "geometry": {
        "type": "LineString",
        "coordinates": [
          [
            -85.04975975845825,
            36.42314134676045
          ],
          [
            -85.11624493323679,
            36.431321379049315
          ],
          [
            -85.18314981394973,
            36.41946410886945
          ],
          [
            -85.24369390390741,
            36.42446332608339
          ],
          [
            -85.30181901180819,
            36.45627425971933
          ],
          [
            -85.35621166107158,
            36.47499171757851
          ],
          [
            -85.42044566858853,
            36.47439573501943
          ],
          [
            -85.48437520409398,
            36.46656721178098
          ],
          [
            -85.54460788320111,
            36.485207544341165
          ]
        ]
      },
      "properties": {
        "id": "obey-river",
        "name": "Obey River (Dale Hollow tailwater)",
        "regionId": "tn-upper-cumberland",
        "gaugeIds": [
          "03417000"
        ],
        "bounds": [
          [
            -85.54460788320111,
            36.41946410886945
          ],
          [
            -85.04975975845825,
            36.485207544341165
          ]
        ],
        "labelAnchor": [
          -85.30181901180819,
          36.45627425971933
        ],
        "pointCount": 9,
        "lengthKm": 46.47,
        "anchored": false
      }
    },
    {
      "type": "Feature",
      "geometry": {
        "type": "LineString",
        "coordinates": [
          [
            -84.31113866885066,
            35.116696055060686
          ],
          [
            -84.39029329701633,
            35.14972439343743
          ],
          [
            -84.4784288884576,
            35.169355872893256
          ],
          [
            -84.65358748686796,
            35.18294790092689
          ],
          [
            -84.74330867704903,
            35.20551294381486
          ],
          [
            -84.8214519122503,
            35.2390393501449
          ],
          [
            -84.8956612269138,
            35.27324734302817
          ]
        ]
      },
      "properties": {
        "id": "ocoee-river",
        "name": "Ocoee River (upper, Copperhill reach)",
        "regionId": "tn-se-hiwassee",
        "gaugeIds": [
          "03559500"
        ],
        "bounds": [
          [
            -84.8956612269138,
            35.116696055060686
          ],
          [
            -84.31113866885066,
            35.27324734302817
          ]
        ],
        "labelAnchor": [
          -84.65358748686796,
          35.18294790092689
        ],
        "pointCount": 7,
        "lengthKm": 56.66,
        "anchored": false
      }
    },
    {
      "type": "Feature",
      "geometry": {
        "type": "LineString",
        "coordinates": [
          [
            -84.18107158267631,
            35.335913436168255
          ],
          [
            -84.26846508876446,
            35.292528044046534
          ],
          [
            -84.36484067284253,
            35.272811699365235
          ],
          [
            -84.46458858472064,
            35.266028360455394
          ],
          [
            -84.56205199090734,
            35.24824104992536
          ],
          [
            -84.65226433239734,
            35.20487578910374
          ],
          [
            -84.73943782021134,
            35.15818241654542
          ],
          [
            -84.83403769041146,
            35.13106551448732
          ],
          [
            -84.9364988115448,
            35.12477426222484
          ],
          [
            -85.0350542429942,
            35.10962355100922
          ]
        ]
      },
      "properties": {
        "id": "parksville-tailwater",
        "name": "Parksville Lake Tailwater (Ocoee No. 1 reach)",
        "regionId": "tn-se-hiwassee",
        "gaugeIds": [
          "03564500"
        ],
        "bounds": [
          [
            -85.0350542429942,
            35.10962355100922
          ],
          [
            -84.18107158267631,
            35.335913436168255
          ]
        ],
        "labelAnchor": [
          -84.65226433239734,
          35.20487578910374
        ],
        "pointCount": 10,
        "lengthKm": 83.02,
        "anchored": false
      }
    },
    {
      "type": "Feature",
      "geometry": {
        "type": "LineString",
        "coordinates": [
          [
            -82.83081528641759,
            35.98155509043865
          ],
          [
            -82.92952959414546,
            35.94666151342062
          ],
          [
            -83.02196876906635,
            35.905640725796786
          ],
          [
            -83.1067391448481,
            35.85938799392366
          ],
          [
            -83.26760475907129,
            35.75089579809202
          ],
          [
            -83.3563899442784,
            35.7078568804067
          ]
        ]
      },
      "properties": {
        "id": "pigeon-river",
        "name": "Pigeon River (Hartford corridor)",
        "regionId": "tn-east-pigeon-frenchbroad",
        "gaugeIds": [
          "03461500"
        ],
        "bounds": [
          [
            -83.3563899442784,
            35.7078568804067
          ],
          [
            -82.83081528641759,
            35.98155509043865
          ]
        ],
        "labelAnchor": [
          -83.1067391448481,
          35.85938799392366
        ],
        "pointCount": 6,
        "lengthKm": 56.6,
        "anchored": false
      }
    },
    {
      "type": "Feature",
      "geometry": {
        "type": "LineString",
        "coordinates": [
          [
            -85.00192403354056,
            35.97961778127425
          ],
          [
            -85.1004199533102,
            35.954707456481
          ],
          [
            -85.19947407429889,
            35.94617609055538
          ],
          [
            -85.30305902618437,
            35.949995191445495
          ],
          [
            -85.4008448555838,
            35.941928721305246
          ],
          [
            -85.50352340022808,
            35.9261715675545
          ],
          [
            -85.59772861042454,
            35.902454735908115
          ],
          [
            -85.69789409793387,
            35.881049803013084
          ],
          [
            -85.79748262766559,
            35.87428125888423
          ],
          [
            -85.89832486544495,
            35.87423814905127
          ]
        ]
      },
      "properties": {
        "id": "pine-creek-dekalb",
        "name": "Pine Creek (DeKalb County)",
        "regionId": "tn-middle-caney-fork",
        "gaugeIds": [],
        "bounds": [
          [
            -85.89832486544495,
            35.87423814905127
          ],
          [
            -85.00192403354056,
            35.97961778127425
          ]
        ],
        "labelAnchor": [
          -85.50352340022808,
          35.9261715675545
        ],
        "pointCount": 10,
        "lengthKm": 82.15,
        "anchored": false
      }
    },
    {
      "type": "Feature",
      "geometry": {
        "type": "LineString",
        "coordinates": [
          [
            -84.63952505992546,
            36.00039195545241
          ],
          [
            -84.6904608079871,
            36.01148880759781
          ],
          [
            -84.8000815400573,
            36.01144497879496
          ],
          [
            -84.85006489494002,
            36.025744881693775
          ],
          [
            -84.90236427079616,
            36.0501608825774
          ],
          [
            -84.94648782608586,
            36.074806795461605
          ],
          [
            -85.0012616230917,
            36.084442845837415
          ],
          [
            -85.05322653621243,
            36.08586456550737
          ],
          [
            -85.10959048153893,
            36.08977109837864
          ],
          [
            -85.16080816755309,
            36.103600107038694
          ]
        ]
      },
      "properties": {
        "id": "piney-river-rhea",
        "name": "Piney River (Rhea County)",
        "regionId": "tn-cumberland-plateau",
        "gaugeIds": [],
        "bounds": [
          [
            -85.16080816755309,
            36.00039195545241
          ],
          [
            -84.63952505992546,
            36.103600107038694
          ]
        ],
        "labelAnchor": [
          -84.94648782608586,
          36.074806795461605
        ],
        "pointCount": 10,
        "lengthKm": 49.27,
        "anchored": false
      }
    },
    {
      "type": "Feature",
      "geometry": {
        "type": "LineString",
        "coordinates": [
          [
            -83.33650811460136,
            36.32557985810814
          ],
          [
            -83.45014375743247,
            36.314636293477484
          ],
          [
            -83.49962750873209,
            36.30636581655864
          ],
          [
            -83.65205689731428,
            36.24068164424578
          ],
          [
            -83.70348830413775,
            36.2286969085866
          ]
        ]
      },
      "properties": {
        "id": "powell-river",
        "name": "Powell River",
        "regionId": "tn-east-clinch",
        "gaugeIds": [
          "03532000"
        ],
        "bounds": [
          [
            -83.70348830413775,
            36.2286969085866
          ],
          [
            -83.33650811460136,
            36.32557985810814
          ]
        ],
        "labelAnchor": [
          -83.49962750873209,
          36.30636581655864
        ],
        "pointCount": 5,
        "lengthKm": 35.08,
        "anchored": false
      }
    },
    {
      "type": "Feature",
      "geometry": {
        "type": "LineString",
        "coordinates": [
          [
            -83.36250511704377,
            36.31518410803933
          ],
          [
            -83.4101169177094,
            36.31545485316184
          ],
          [
            -83.45921056818688,
            36.313458228399824
          ],
          [
            -83.594067745351,
            36.26436058552055
          ],
          [
            -83.64035044093048,
            36.25111661619898
          ],
          [
            -83.68760847952932,
            36.243665845269746
          ]
        ]
      },
      "properties": {
        "id": "puncheon-camp-creek",
        "name": "Puncheon Camp Creek",
        "regionId": "tn-east-clinch",
        "gaugeIds": [],
        "bounds": [
          [
            -83.68760847952932,
            36.243665845269746
          ],
          [
            -83.36250511704377,
            36.31545485316184
          ]
        ],
        "labelAnchor": [
          -83.594067745351,
          36.26436058552055
        ],
        "pointCount": 6,
        "lengthKm": 30.65,
        "anchored": false
      }
    },
    {
      "type": "Feature",
      "geometry": {
        "type": "LineString",
        "coordinates": [
          [
            -86.38172674801324,
            36.21810726645096
          ],
          [
            -86.46672094364942,
            36.217076863564685
          ],
          [
            -86.55576209910218,
            36.2116643611349
          ],
          [
            -86.63511237184005,
            36.193934739460964
          ],
          [
            -86.71747860483556,
            36.16657548029587
          ],
          [
            -86.79850036520524,
            36.13490628211143
          ],
          [
            -86.87959944557878,
            36.11605062470951
          ],
          [
            -86.96467657034502,
            36.10635845126756
          ],
          [
            -87.05402738326565,
            36.1098358935794
          ],
          [
            -87.13867458981827,
            36.108456459512084
          ],
          [
            -87.22448505539008,
            36.100106915229496
          ]
        ]
      },
      "properties": {
        "id": "red-river-clarksville",
        "name": "Red River (Montgomery County)",
        "regionId": "tn-middle-nashville",
        "gaugeIds": [
          "03436100"
        ],
        "bounds": [
          [
            -87.22448505539008,
            36.100106915229496
          ],
          [
            -86.38172674801324,
            36.21810726645096
          ]
        ],
        "labelAnchor": [
          -86.79850036520524,
          36.13490628211143
        ],
        "pointCount": 11,
        "lengthKm": 77.81,
        "anchored": false
      }
    },
    {
      "type": "Feature",
      "geometry": {
        "type": "LineString",
        "coordinates": [
          [
            -82.08582876912952,
            36.50825055966879
          ],
          [
            -82.1390152876345,
            36.49106966689096
          ],
          [
            -82.19051550270142,
            36.48820447052201
          ],
          [
            -82.30382009022097,
            36.508995706412186
          ],
          [
            -82.36073800240052,
            36.506427246719134
          ],
          [
            -82.41225110599238,
            36.49535648512528
          ]
        ]
      },
      "properties": {
        "id": "reedy-creek",
        "name": "Reedy Creek",
        "regionId": "tn-east-holston",
        "gaugeIds": [
          "03487602"
        ],
        "bounds": [
          [
            -82.41225110599238,
            36.48820447052201
          ],
          [
            -82.08582876912952,
            36.508995706412186
          ]
        ],
        "labelAnchor": [
          -82.30382009022097,
          36.508995706412186
        ],
        "pointCount": 6,
        "lengthKm": 29.99,
        "anchored": false
      }
    },
    {
      "type": "Feature",
      "geometry": {
        "type": "LineString",
        "coordinates": [
          [
            -83.03708023794769,
            36.34477293471072
          ],
          [
            -83.13753763260142,
            36.332087460124576
          ],
          [
            -83.2413990513795,
            36.31451371659072
          ],
          [
            -83.33902375599529,
            36.29449509729561
          ],
          [
            -83.44598687581994,
            36.27790289514742
          ],
          [
            -83.55168120154438,
            36.28150219392854
          ],
          [
            -83.65597881268296,
            36.27789554417941
          ],
          [
            -83.75861306302947,
            36.27054013345533
          ],
          [
            -83.86006615146245,
            36.24661275520976
          ],
          [
            -83.96405739775886,
            36.226301137282604
          ],
          [
            -84.06682445185945,
            36.21487447632072
          ]
        ]
      },
      "properties": {
        "id": "richardson-byrd-creek",
        "name": "Richardson “Byrd” Creek",
        "regionId": "tn-east-clinch",
        "gaugeIds": [],
        "bounds": [
          [
            -84.06682445185945,
            36.21487447632072
          ],
          [
            -83.03708023794769,
            36.34477293471072
          ]
        ],
        "labelAnchor": [
          -83.55168120154438,
          36.28150219392854
        ],
        "pointCount": 11,
        "lengthKm": 93.86,
        "anchored": false
      }
    },
    {
      "type": "Feature",
      "geometry": {
        "type": "LineString",
        "coordinates": [
          [
            -83.26271766645151,
            35.67887400001753
          ],
          [
            -83.3162601860714,
            35.68956438188284
          ],
          [
            -83.41559415651942,
            35.64100556829437
          ],
          [
            -83.46886802643458,
            35.647599270680594
          ],
          [
            -83.52231456975949,
            35.67179263678232
          ],
          [
            -83.57584018711613,
            35.654427328468984
          ],
          [
            -83.62128756423573,
            35.62258735404695
          ],
          [
            -83.67168685501215,
            35.622560606022205
          ],
          [
            -83.72763560506428,
            35.64602370272123
          ],
          [
            -83.77851766513591,
            35.6428351820647
          ]
        ]
      },
      "properties": {
        "id": "roaring-fork",
        "name": "Roaring Fork",
        "regionId": "tn-east-smokies",
        "gaugeIds": [],
        "bounds": [
          [
            -83.77851766513591,
            35.622560606022205
          ],
          [
            -83.26271766645151,
            35.68956438188284
          ]
        ],
        "labelAnchor": [
          -83.57584018711613,
          35.654427328468984
        ],
        "pointCount": 10,
        "lengthKm": 51.34,
        "anchored": false
      }
    },
    {
      "type": "Feature",
      "geometry": {
        "type": "LineString",
        "coordinates": [
          [
            -85.36527082782992,
            35.869315820933856
          ],
          [
            -85.41899432375402,
            35.87720869343151
          ],
          [
            -85.45976485388262,
            35.896308299830835
          ],
          [
            -85.4997772199255,
            35.92802053119259
          ],
          [
            -85.53519874977272,
            35.95209507892979
          ],
          [
            -85.58476664296738,
            35.961145258629884
          ],
          [
            -85.63981050702121,
            35.95745062200427
          ]
        ]
      },
      "properties": {
        "id": "rocky-river",
        "name": "Rocky River",
        "regionId": "tn-middle-caney-fork",
        "gaugeIds": [],
        "bounds": [
          [
            -85.63981050702121,
            35.869315820933856
          ],
          [
            -85.36527082782992,
            35.961145258629884
          ]
        ],
        "labelAnchor": [
          -85.4997772199255,
          35.92802053119259
        ],
        "pointCount": 7,
        "lengthKm": 27.91,
        "anchored": false
      }
    },
    {
      "type": "Feature",
      "geometry": {
        "type": "LineString",
        "coordinates": [
          [
            -85.15352283602873,
            36.464761229196995
          ],
          [
            -85.20097973805865,
            36.44373942334496
          ],
          [
            -85.2475708038225,
            36.42975233773195
          ],
          [
            -85.3009229271725,
            36.44778795086059
          ],
          [
            -85.35166773139224,
            36.46799953906411
          ],
          [
            -85.39787031576994,
            36.462457999011036
          ]
        ]
      },
      "properties": {
        "id": "salt-lick-creek",
        "name": "Salt Lick Creek",
        "regionId": "tn-upper-cumberland",
        "gaugeIds": [],
        "bounds": [
          [
            -85.39787031576994,
            36.42975233773195
          ],
          [
            -85.15352283602873,
            36.46799953906411
          ]
        ],
        "labelAnchor": [
          -85.3009229271725,
          36.44778795086059
        ],
        "pointCount": 6,
        "lengthKm": 23.71,
        "anchored": false
      }
    },
    {
      "type": "Feature",
      "geometry": {
        "type": "LineString",
        "coordinates": [
          [
            -84.66542394158564,
            36.14851000909731
          ],
          [
            -84.73580424411229,
            36.10362152672199
          ],
          [
            -84.8098506914056,
            36.0631831234705
          ],
          [
            -84.89136535667184,
            36.03579400307082
          ],
          [
            -84.97501025390137,
            36.01504647346738
          ],
          [
            -85.06543336460322,
            36.00114926132986
          ],
          [
            -85.1499091518563,
            35.98058045221082
          ]
        ]
      },
      "properties": {
        "id": "sequatchie-river",
        "name": "Sequatchie River (headwaters)",
        "regionId": "tn-cumberland-plateau",
        "gaugeIds": [
          "03571000"
        ],
        "bounds": [
          [
            -85.1499091518563,
            35.98058045221082
          ],
          [
            -84.66542394158564,
            36.14851000909731
          ]
        ],
        "labelAnchor": [
          -84.89136535667184,
          36.03579400307082
        ],
        "pointCount": 7,
        "lengthKm": 48.11,
        "anchored": false
      }
    },
    {
      "type": "Feature",
      "geometry": {
        "type": "LineString",
        "coordinates": [
          [
            -86.14692874790039,
            35.5081528752184
          ],
          [
            -86.21606878538002,
            35.5005015363464
          ],
          [
            -86.28406559246496,
            35.48672560091516
          ],
          [
            -86.3480620681246,
            35.494034171493695
          ],
          [
            -86.41582606812678,
            35.51762867820665
          ],
          [
            -86.48742673390296,
            35.50846681888955
          ]
        ]
      },
      "properties": {
        "id": "shoal-creek",
        "name": "Shoal Creek",
        "regionId": "tn-middle-duck-elk",
        "gaugeIds": [
          "03588500"
        ],
        "bounds": [
          [
            -86.48742673390296,
            35.48672560091516
          ],
          [
            -86.14692874790039,
            35.51762867820665
          ]
        ],
        "labelAnchor": [
          -86.3480620681246,
          35.494034171493695
        ],
        "pointCount": 6,
        "lengthKm": 31.74,
        "anchored": false
      }
    },
    {
      "type": "Feature",
      "geometry": {
        "type": "LineString",
        "coordinates": [
          [
            -86.63436494025079,
            36.200029494862946
          ],
          [
            -86.69149175029267,
            36.181072057615054
          ],
          [
            -86.74034071326004,
            36.156473862076325
          ],
          [
            -86.80063816333711,
            36.14735360583045
          ],
          [
            -86.85839940555401,
            36.142996016578344
          ],
          [
            -86.9110309815912,
            36.12723996066744
          ],
          [
            -86.96420535268341,
            36.10381057998891
          ]
        ]
      },
      "properties": {
        "id": "sinking-creek-wilson",
        "name": "Sinking Creek (Wilson County)",
        "regionId": "tn-middle-nashville",
        "gaugeIds": [],
        "bounds": [
          [
            -86.96420535268341,
            36.10381057998891
          ],
          [
            -86.63436494025079,
            36.200029494862946
          ]
        ],
        "labelAnchor": [
          -86.80063816333711,
          36.14735360583045
        ],
        "pointCount": 7,
        "lengthKm": 31.91,
        "anchored": false
      }
    },
    {
      "type": "Feature",
      "geometry": {
        "type": "LineString",
        "coordinates": [
          [
            -84.65493180071707,
            36.10947492749041
          ],
          [
            -84.73135004118915,
            36.07637758499832
          ],
          [
            -84.81172313496744,
            36.06054556215534
          ],
          [
            -84.89889385719174,
            36.0565642424881
          ],
          [
            -84.98585283585034,
            36.04467056863303
          ],
          [
            -85.06911147871764,
            36.0195849770671
          ],
          [
            -85.14229708767145,
            35.98561124381945
          ]
        ]
      },
      "properties": {
        "id": "south-fork-cumberland",
        "name": "South Fork Cumberland River",
        "regionId": "tn-cumberland-plateau",
        "gaugeIds": [
          "03410210"
        ],
        "bounds": [
          [
            -85.14229708767145,
            35.98561124381945
          ],
          [
            -84.65493180071707,
            36.10947492749041
          ]
        ],
        "labelAnchor": [
          -84.89889385719174,
          36.0565642424881
        ],
        "pointCount": 7,
        "lengthKm": 46.58,
        "anchored": false
      }
    },
    {
      "type": "Feature",
      "geometry": {
        "type": "LineString",
        "coordinates": [
          [
            -81.48564846248792,
            36.59541584821522
          ],
          [
            -81.58680812662708,
            36.5992910864135
          ],
          [
            -81.68273299109701,
            36.571853841786634
          ],
          [
            -81.78427449696935,
            36.54865907377194
          ],
          [
            -81.88615462259959,
            36.547035056441935
          ],
          [
            -81.99106728859095,
            36.5537392535087
          ],
          [
            -82.092,
            36.532
          ],
          [
            -82.18972126413362,
            36.516952963498255
          ],
          [
            -82.29367218472325,
            36.49771037958125
          ],
          [
            -82.39758609386094,
            36.50187047861623
          ],
          [
            -82.5012872516359,
            36.5099799761395
          ],
          [
            -82.59867544483234,
            36.486647055273444
          ]
        ]
      },
      "properties": {
        "id": "south-holston-river",
        "name": "South Fork Holston River (South Holston tailwater)",
        "regionId": "tn-east-holston",
        "gaugeIds": [
          "03476500"
        ],
        "bounds": [
          [
            -82.59867544483234,
            36.486647055273444
          ],
          [
            -81.48564846248792,
            36.5992910864135
          ]
        ],
        "labelAnchor": [
          -82.092,
          36.532
        ],
        "pointCount": 12,
        "lengthKm": 101.52,
        "anchored": true
      }
    },
    {
      "type": "Feature",
      "geometry": {
        "type": "LineString",
        "coordinates": [
          [
            -84.30615348773705,
            35.17774901887255
          ],
          [
            -84.3946695911212,
            35.173186946889665
          ],
          [
            -84.47751963672842,
            35.17596767246325
          ],
          [
            -84.56270286415472,
            35.19197475827179
          ],
          [
            -84.65132718468573,
            35.2061006095528
          ],
          [
            -84.73214186001606,
            35.21476527486963
          ],
          [
            -84.82227002133367,
            35.214632858257325
          ],
          [
            -84.9122839749256,
            35.211367851361445
          ]
        ]
      },
      "properties": {
        "id": "spring-creek-polk",
        "name": "Spring Creek (Polk County)",
        "regionId": "tn-se-hiwassee",
        "gaugeIds": [],
        "bounds": [
          [
            -84.9122839749256,
            35.173186946889665
          ],
          [
            -84.30615348773705,
            35.21476527486963
          ]
        ],
        "labelAnchor": [
          -84.65132718468573,
          35.2061006095528
        ],
        "pointCount": 8,
        "lengthKm": 55.52,
        "anchored": false
      }
    },
    {
      "type": "Feature",
      "geometry": {
        "type": "LineString",
        "coordinates": [
          [
            -84.90674992890237,
            36.476937276308604
          ],
          [
            -85.00467065433561,
            36.46200438895903
          ],
          [
            -85.10023643229398,
            36.45216508603756
          ],
          [
            -85.20149226638715,
            36.451769274239695
          ],
          [
            -85.29949706126152,
            36.457550172873496
          ],
          [
            -85.3973847186306,
            36.45455130232494
          ],
          [
            -85.49379598987642,
            36.44557102349005
          ],
          [
            -85.69271903817526,
            36.419300007905726
          ]
        ]
      },
      "properties": {
        "id": "standing-rock-creek",
        "name": "Standing Rock Creek",
        "regionId": "tn-upper-cumberland",
        "gaugeIds": [],
        "bounds": [
          [
            -85.69271903817526,
            36.419300007905726
          ],
          [
            -84.90674992890237,
            36.476937276308604
          ]
        ],
        "labelAnchor": [
          -85.29949706126152,
          36.457550172873496
        ],
        "pointCount": 8,
        "lengthKm": 70.85,
        "anchored": false
      }
    },
    {
      "type": "Feature",
      "geometry": {
        "type": "LineString",
        "coordinates": [
          [
            -83.23301356041844,
            36.28996364589751
          ],
          [
            -83.3129631985724,
            36.3046859095723
          ],
          [
            -83.39215266903254,
            36.315631359753375
          ],
          [
            -83.47078443241281,
            36.30125038343627
          ],
          [
            -83.55035779329839,
            36.270163748306175
          ],
          [
            -83.62516108732007,
            36.25339911897174
          ],
          [
            -83.7068824457846,
            36.261478016927995
          ],
          [
            -83.78715962974518,
            36.27332469207034
          ],
          [
            -83.86776020312831,
            36.27330118691457
          ]
        ]
      },
      "properties": {
        "id": "station-creek",
        "name": "Station Creek",
        "regionId": "tn-east-clinch",
        "gaugeIds": [],
        "bounds": [
          [
            -83.86776020312831,
            36.25339911897174
          ],
          [
            -83.23301356041844,
            36.315631359753375
          ]
        ],
        "labelAnchor": [
          -83.55035779329839,
          36.270163748306175
        ],
        "pointCount": 9,
        "lengthKm": 58.59,
        "anchored": false
      }
    },
    {
      "type": "Feature",
      "geometry": {
        "type": "LineString",
        "coordinates": [
          [
            -86.52870730000765,
            36.13297302883033
          ],
          [
            -86.59745089677313,
            36.11945208541095
          ],
          [
            -86.66624391297619,
            36.11667324457634
          ],
          [
            -86.72946179785919,
            36.14718933035002
          ],
          [
            -86.79757511382904,
            36.1692697023258
          ],
          [
            -86.86896705270043,
            36.15351231616634
          ],
          [
            -86.93579120097613,
            36.15292547281865
          ],
          [
            -87.00271227667656,
            36.183487015758544
          ]
        ]
      },
      "properties": {
        "id": "stones-river",
        "name": "Stones River (Davidson County)",
        "regionId": "tn-middle-nashville",
        "gaugeIds": [
          "03430200"
        ],
        "bounds": [
          [
            -87.00271227667656,
            36.11667324457634
          ],
          [
            -86.52870730000765,
            36.183487015758544
          ]
        ],
        "labelAnchor": [
          -86.79757511382904,
          36.1692697023258
        ],
        "pointCount": 8,
        "lengthKm": 45.29,
        "anchored": false
      }
    },
    {
      "type": "Feature",
      "geometry": {
        "type": "LineString",
        "coordinates": [
          [
            -81.88634484857259,
            36.441634115906794
          ],
          [
            -81.91020282199553,
            36.403200242409
          ],
          [
            -81.9537669833708,
            36.375342936506854
          ],
          [
            -82.04919504769235,
            36.32645112974187
          ],
          [
            -82.08856945059769,
            36.29225191688029
          ]
        ]
      },
      "properties": {
        "id": "stoney-creek-carter",
        "name": "Stoney Creek (Carter County)",
        "regionId": "tn-northeast-watauga",
        "gaugeIds": [],
        "bounds": [
          [
            -82.08856945059769,
            36.29225191688029
          ],
          [
            -81.88634484857259,
            36.441634115906794
          ]
        ],
        "labelAnchor": [
          -81.9537669833708,
          36.375342936506854
        ],
        "pointCount": 5,
        "lengthKm": 25.07,
        "anchored": false
      }
    },
    {
      "type": "Feature",
      "geometry": {
        "type": "LineString",
        "coordinates": [
          [
            -86.43708537094027,
            36.1799875333698
          ],
          [
            -86.49726354472554,
            36.191016331057604
          ],
          [
            -86.56347473454288,
            36.19462504369472
          ],
          [
            -86.6203832252451,
            36.174978643559584
          ],
          [
            -86.6782962376602,
            36.148655436780615
          ],
          [
            -86.73859458536947,
            36.148501632335915
          ],
          [
            -86.79970467637132,
            36.16349780972493
          ],
          [
            -86.8634973097431,
            36.15587060807748
          ],
          [
            -86.92192076187742,
            36.126956545913416
          ],
          [
            -86.97621735169112,
            36.11361069594244
          ],
          [
            -87.04243750873631,
            36.11931378610982
          ],
          [
            -87.10222500133997,
            36.13084606132544
          ]
        ]
      },
      "properties": {
        "id": "sulfur-fork-creek",
        "name": "Sulfur Fork Creek",
        "regionId": "tn-middle-nashville",
        "gaugeIds": [],
        "bounds": [
          [
            -87.10222500133997,
            36.11361069594244
          ],
          [
            -86.43708537094027,
            36.19462504369472
          ]
        ],
        "labelAnchor": [
          -86.79970467637132,
          36.16349780972493
        ],
        "pointCount": 12,
        "lengthKm": 62.71,
        "anchored": false
      }
    },
    {
      "type": "Feature",
      "geometry": {
        "type": "LineString",
        "coordinates": [
          [
            -84.51076163551879,
            35.158513797041245
          ],
          [
            -84.54827412217384,
            35.19573931471924
          ],
          [
            -84.59623264347108,
            35.19925005962263
          ],
          [
            -84.65667202138837,
            35.184498072978926
          ],
          [
            -84.70527815367811,
            35.199419707190685
          ],
          [
            -84.7384488534301,
            35.239287463380144
          ]
        ]
      },
      "properties": {
        "id": "tellico-river",
        "name": "Tellico River",
        "regionId": "tn-se-hiwassee",
        "gaugeIds": [
          "03518500"
        ],
        "bounds": [
          [
            -84.7384488534301,
            35.158513797041245
          ],
          [
            -84.51076163551879,
            35.239287463380144
          ]
        ],
        "labelAnchor": [
          -84.65667202138837,
          35.184498072978926
        ],
        "pointCount": 6,
        "lengthKm": 25.55,
        "anchored": false
      }
    },
    {
      "type": "Feature",
      "geometry": {
        "type": "LineString",
        "coordinates": [
          [
            -82.90789385684015,
            35.97119614605699
          ],
          [
            -82.98483172952672,
            35.94331833184125
          ],
          [
            -83.04983608369197,
            35.90237157040325
          ],
          [
            -83.10503245763947,
            35.85412783235987
          ],
          [
            -83.15795503902837,
            35.80171135637045
          ],
          [
            -83.21707731858257,
            35.75752780534623
          ]
        ]
      },
      "properties": {
        "id": "trail-fork-big-creek",
        "name": "Trail Fork (Big Creek tributary)",
        "regionId": "tn-east-pigeon-frenchbroad",
        "gaugeIds": [],
        "bounds": [
          [
            -83.21707731858257,
            35.75752780534623
          ],
          [
            -82.90789385684015,
            35.97119614605699
          ]
        ],
        "labelAnchor": [
          -83.10503245763947,
          35.85412783235987
        ],
        "pointCount": 6,
        "lengthKm": 37.1,
        "anchored": false
      }
    },
    {
      "type": "Feature",
      "geometry": {
        "type": "LineString",
        "coordinates": [
          [
            -84.13331711739302,
            35.22362461896425
          ],
          [
            -84.2209894968477,
            35.22477683955323
          ],
          [
            -84.30900184001787,
            35.21038387512064
          ],
          [
            -84.39270985558458,
            35.18828894691983
          ],
          [
            -84.4785910431392,
            35.18303036512002
          ],
          [
            -84.56658551714615,
            35.18751332898606
          ],
          [
            -84.6524250253061,
            35.2050746450789
          ],
          [
            -84.73505987964093,
            35.21643639151756
          ],
          [
            -84.82266807527768,
            35.21479691496966
          ],
          [
            -84.9917205008975,
            35.181879366861764
          ],
          [
            -85.07872343369391,
            35.1780473431081
          ]
        ]
      },
      "properties": {
        "id": "tumbling-creek",
        "name": "Tumbling Creek",
        "regionId": "tn-se-hiwassee",
        "gaugeIds": [],
        "bounds": [
          [
            -85.07872343369391,
            35.1780473431081
          ],
          [
            -84.13331711739302,
            35.22477683955323
          ]
        ],
        "labelAnchor": [
          -84.56658551714615,
          35.18751332898606
        ],
        "pointCount": 11,
        "lengthKm": 87.27,
        "anchored": false
      }
    },
    {
      "type": "Feature",
      "geometry": {
        "type": "LineString",
        "coordinates": [
          [
            -85.27490304905096,
            35.865453220342175
          ],
          [
            -85.35629826202494,
            35.8726768008685
          ],
          [
            -85.42624835026729,
            35.89488289540835
          ],
          [
            -85.57247117509,
            35.952820627260564
          ],
          [
            -85.64499695619008,
            35.96419201151285
          ],
          [
            -85.7302396875853,
            35.963405949737485
          ]
        ]
      },
      "properties": {
        "id": "upper-hills-creek",
        "name": "Upper Hills Creek",
        "regionId": "tn-middle-caney-fork",
        "gaugeIds": [],
        "bounds": [
          [
            -85.7302396875853,
            35.865453220342175
          ],
          [
            -85.27490304905096,
            35.96419201151285
          ]
        ],
        "labelAnchor": [
          -85.57247117509,
          35.952820627260564
        ],
        "pointCount": 6,
        "lengthKm": 43.13,
        "anchored": false
      }
    },
    {
      "type": "Feature",
      "geometry": {
        "type": "LineString",
        "coordinates": [
          [
            -81.81995104552338,
            36.43089818320111
          ],
          [
            -81.8871350403672,
            36.41471777399948
          ],
          [
            -81.94299679860437,
            36.381847044672334
          ],
          [
            -82.05047088223482,
            36.311992960705254
          ],
          [
            -82.1199177132058,
            36.292749833488756
          ],
          [
            -82.18950454062013,
            36.27605991327388
          ]
        ]
      },
      "properties": {
        "id": "upper-roan-creek",
        "name": "Upper Roan Creek",
        "regionId": "tn-northeast-watauga",
        "gaugeIds": [],
        "bounds": [
          [
            -82.18950454062013,
            36.27605991327388
          ],
          [
            -81.81995104552338,
            36.43089818320111
          ]
        ],
        "labelAnchor": [
          -82.05047088223482,
          36.311992960705254
        ],
        "pointCount": 6,
        "lengthKm": 37.93,
        "anchored": false
      }
    },
    {
      "type": "Feature",
      "geometry": {
        "type": "LineString",
        "coordinates": [
          [
            -82.06732594450355,
            36.555609527664814
          ],
          [
            -82.18489776727651,
            36.43462376174374
          ],
          [
            -82.224,
            36.363
          ],
          [
            -82.26439827963105,
            36.296446488895114
          ],
          [
            -82.31671046984629,
            36.23007752048661
          ]
        ]
      },
      "properties": {
        "id": "watauga-river",
        "name": "Watauga River (Wilbur tailwater)",
        "regionId": "tn-northeast-watauga",
        "gaugeIds": [
          "03483980",
          "03484000",
          "03486000"
        ],
        "bounds": [
          [
            -82.31671046984629,
            36.23007752048661
          ],
          [
            -82.06732594450355,
            36.555609527664814
          ]
        ],
        "labelAnchor": [
          -82.224,
          36.363
        ],
        "pointCount": 5,
        "lengthKm": 42.75,
        "anchored": true
      }
    },
    {
      "type": "Feature",
      "geometry": {
        "type": "LineString",
        "coordinates": [
          [
            -86.34345449915882,
            36.18888572456173
          ],
          [
            -86.43210148666051,
            36.182038923505345
          ],
          [
            -86.52250642184633,
            36.167703720215435
          ],
          [
            -86.6141602422913,
            36.1458409698339
          ],
          [
            -86.70723249139243,
            36.129179018560286
          ],
          [
            -86.79836947686597,
            36.12945248637751
          ],
          [
            -86.89315257464965,
            36.14442650704549
          ],
          [
            -87.07713585411342,
            36.16298409119478
          ],
          [
            -87.16879658779254,
            36.15109302758263
          ],
          [
            -87.25970267594296,
            36.13701261783675
          ]
        ]
      },
      "properties": {
        "id": "west-fork-stones-river",
        "name": "West Fork Stones River",
        "regionId": "tn-middle-nashville",
        "gaugeIds": [
          "03428200"
        ],
        "bounds": [
          [
            -87.25970267594296,
            36.129179018560286
          ],
          [
            -86.34345449915882,
            36.18888572456173
          ]
        ],
        "labelAnchor": [
          -86.79836947686597,
          36.12945248637751
        ],
        "pointCount": 10,
        "lengthKm": 83.55,
        "anchored": false
      }
    },
    {
      "type": "Feature",
      "geometry": {
        "type": "LineString",
        "coordinates": [
          [
            -82.97850322427627,
            35.64580746601954
          ],
          [
            -83.07256814894782,
            35.63546035937829
          ],
          [
            -83.15832199591475,
            35.63294769993568
          ],
          [
            -83.25228254872381,
            35.62718818136903
          ],
          [
            -83.33931441941714,
            35.63695378658116
          ],
          [
            -83.52251418233324,
            35.662734846437935
          ],
          [
            -83.60706675021389,
            35.66857925043374
          ],
          [
            -83.69939299123648,
            35.666581646922516
          ],
          [
            -83.87894096425572,
            35.64794682864216
          ],
          [
            -83.96886161417012,
            35.64490874761107
          ]
        ]
      },
      "properties": {
        "id": "west-prong-little-pigeon",
        "name": "West Prong Little Pigeon River",
        "regionId": "tn-east-smokies",
        "gaugeIds": [
          "03469251"
        ],
        "bounds": [
          [
            -83.96886161417012,
            35.62718818136903
          ],
          [
            -82.97850322427627,
            35.66857925043374
          ]
        ],
        "labelAnchor": [
          -83.52251418233324,
          35.662734846437935
        ],
        "pointCount": 10,
        "lengthKm": 90.08,
        "anchored": false
      }
    },
    {
      "type": "Feature",
      "geometry": {
        "type": "LineString",
        "coordinates": [
          [
            -84.86210931374913,
            36.25632197760831
          ],
          [
            -84.93546839677403,
            36.290811044571186
          ],
          [
            -85.09210346760177,
            36.3421459765326
          ],
          [
            -85.16268341920019,
            36.37189700277333
          ],
          [
            -85.23131712980337,
            36.41016135384078
          ],
          [
            -85.29324739329776,
            36.45427248079321
          ],
          [
            -85.36464416129017,
            36.492408543052235
          ],
          [
            -85.44100731958454,
            36.52394708143501
          ],
          [
            -85.5974575513677,
            36.57773181748606
          ],
          [
            -85.66684881380071,
            36.612717316815974
          ]
        ]
      },
      "properties": {
        "id": "white-oak-creek",
        "name": "White Oak Creek",
        "regionId": "tn-upper-cumberland",
        "gaugeIds": [],
        "bounds": [
          [
            -85.66684881380071,
            36.25632197760831
          ],
          [
            -84.86210931374913,
            36.612717316815974
          ]
        ],
        "labelAnchor": [
          -85.29324739329776,
          36.45427248079321
        ],
        "pointCount": 10,
        "lengthKm": 82.62,
        "anchored": false
      }
    },
    {
      "type": "Feature",
      "geometry": {
        "type": "LineString",
        "coordinates": [
          [
            -84.41912411538472,
            35.938072118178255
          ],
          [
            -84.51691296404174,
            35.950096598722006
          ],
          [
            -84.61246585721095,
            35.98169826898728
          ],
          [
            -84.7036225940809,
            36.02207039702953
          ],
          [
            -84.79825292719184,
            36.03764957301616
          ],
          [
            -84.9058640688305,
            36.03916890872655
          ],
          [
            -84.99898830948294,
            36.05860465351964
          ],
          [
            -85.09388199009837,
            36.09361207192051
          ],
          [
            -85.18443927484684,
            36.13270066707339
          ],
          [
            -85.28581015435356,
            36.13632882783664
          ]
        ]
      },
      "properties": {
        "id": "wolf-river-fentress",
        "name": "Wolf River (Fentress County headwaters)",
        "regionId": "tn-cumberland-plateau",
        "gaugeIds": [],
        "bounds": [
          [
            -85.28581015435356,
            35.938072118178255
          ],
          [
            -84.41912411538472,
            36.13632882783664
          ]
        ],
        "labelAnchor": [
          -84.9058640688305,
          36.03916890872655
        ],
        "pointCount": 10,
        "lengthKm": 82.26,
        "anchored": false
      }
    }
  ],
  "_meta": {
    "generatedAt": "2026-09-03T04:47:15.723Z",
    "count": 92,
    "totalLengthKm": 5058.4,
    "crs": "WGS84",
    "source": "deterministic hydrography pipeline (see docs/atlas-sources.md)"
  }
}