{"type":"FeatureCollection","features":[{"type":"Feature","properties":{"mtfcc":"S1500"},"geometry":{"type":"MultiLineString","coordinates":[[[-84.0862,36.0805],[-84.0853,36.0815]],[[-84.3831,36.1602],[-84.3872,36.1639],[-84.3794,36.168],[-84.3782,36.1738],[-84.3722,36.1747],[-84.3713,36.1794],[-84.3671,36.1794]],[[-84.3365,36.1634],[-84.3391,36.161]],[[-84.2736,36.1338],[-84.2733,36.1338]],[[-84.3,36.1959],[-84.2987,36.1854]],[[-84.1981,36.2304],[-84.2133,36.2273],[-84.21,36.2231],[-84.2147,36.2237],[-84.2254,36.211]],[[-84.2184,36.2027],[-84.2273,36.2075],[-84.2275,36.213],[-84.2204,36.222],[-84.2241,36.2251]],[[-84.4008,36.1321],[-84.4043,36.1279]],[[-84.2726,36.1332],[-84.2731,36.1336]],[[-84.346,36.1265],[-84.3501,36.1248],[-84.35,36.1201]],[[-84.3494,36.1257],[-84.3474,36.1247]],[[-84.3389,36.1237],[-84.3337,36.1265]],[[-84.2275,36.213],[-84.2215,36.2186]],[[-84.2558,36.1703],[-84.2533,36.1592],[-84.2465,36.1596],[-84.2405,36.1745],[-84.2243,36.1796],[-84.2276,36.1796]],[[-84.2522,36.1328],[-84.2497,36.1382]],[[-84.3475,36.1249],[-84.3461,36.1257]],[[-84.2772,36.1776],[-84.2825,36.1814],[-84.2756,36.1881],[-84.2823,36.1901],[-84.2782,36.1971]],[[-84.3471,36.1243],[-84.3492,36.1215]],[[-84.3611,36.1087],[-84.3582,36.0998],[-84.3626,36.0965]],[[-84.3897,36.1256],[-84.3872,36.1277]],[[-84.3505,36.1232],[-84.3474,36.124]],[[-84.39,36.1277],[-84.3899,36.128]],[[-84.222,36.2189],[-84.229,36.2272],[-84.2259,36.2447]],[[-84.2876,36.2071],[-84.2877,36.2107]],[[-84.3697,36.1398],[-84.3686,36.1355],[-84.3596,36.1373]],[[-84.2529,36.1598],[-84.2472,36.1706]],[[-84.2893,36.1284],[-84.2886,36.1282]],[[-84.3366,36.2051],[-84.3335,36.2082]],[[-84.4091,36.143],[-84.4084,36.1437]],[[-84.4081,36.1439],[-84.4077,36.1398]],[[-84.4099,36.1415],[-84.4081,36.1438]],[[-84.1394,36.1337],[-84.1413,36.1346]],[[-84.2286,36.2288],[-84.2208,36.2322],[-84.2044,36.2285]],[[-84.3594,36.1759],[-84.3593,36.1736]],[[-84.3306,36.1307],[-84.3351,36.1089]],[[-84.1497,36.1873],[-84.1515,36.1875]],[[-84.3215,36.1383],[-84.3369,36.1263],[-84.3383,36.1318]],[[-84.3595,36.0981],[-84.3509,36.0988],[-84.3488,36.1045],[-84.3431,36.1021]],[[-84.3612,36.1025],[-84.3614,36.097]],[[-84.4347,36.1406],[-84.4403,36.1456],[-84.446,36.1445],[-84.4463,36.1504]],[[-84.3755,36.2074],[-84.3699,36.2099],[-84.3648,36.2064],[-84.3593,36.2111],[-84.3407,36.2124]],[[-84.3509,36.0788],[-84.3516,36.0781]],[[-84.2698,36.1327],[-84.2727,36.1329]],[[-84.3481,36.0871],[-84.3419,36.094]],[[-84.3173,36.0528],[-84.3221,36.0573],[-84.321,36.0536]],[[-84.2808,36.0448],[-84.2905,36.0532]],[[-83.9823,36.224],[-83.9819,36.2231]],[[-84.3445,36.1661],[-84.3404,36.1642]],[[-84.1186,36.2245],[-84.1171,36.2246]],[[-84.2907,36.2136],[-84.2905,36.2133]],[[-84.2221,36.2319],[-84.2215,36.2403],[-84.2092,36.2427]],[[-84.3399,36.1206],[-84.335,36.124]],[[-84.2599,36.1832],[-84.2612,36.1772],[-84.2555,36.1744],[-84.2576,36.168],[-84.2535,36.1595]],[[-84.2769,36.1315],[-84.2751,36.131]],[[-84.349,36.1216],[-84.3491,36.1226]],[[-84.3494,36.1218],[-84.3431,36.1247],[-84.3366,36.1216],[-84.3324,36.1257]],[[-84.3501,36.1255],[-84.352,36.1208],[-84.3401,36.1149],[-84.3464,36.1087],[-84.3389,36.105]],[[-84.3397,36.1201],[-84.3349,36.1134],[-84.3376,36.1093]],[[-84.3506,36.0993],[-84.3505,36.1022]],[[-84.2534,36.1628],[-84.2534,36.1646]],[[-84.3377,36.1073],[-84.3445,36.1092],[-84.3413,36.1119]],[[-84.3817,36.1242],[-84.3827,36.1229]],[[-84.3825,36.1227],[-84.382,36.123]],[[-84.3491,36.1268],[-84.3478,36.1254]],[[-84.2867,36.1692],[-84.2866,36.1697]],[[-84.3607,36.1365],[-84.3563,36.1298],[-84.34,36.1229]],[[-84.3853,36.1235],[-84.3832,36.124]],[[-84.3892,36.1282],[-84.387,36.1256]],[[-84.2878,36.2109],[-84.2899,36.2071],[-84.2865,36.2092]],[[-84.3351,36.2051],[-84.3361,36.2061]],[[-84.3582,36.0998],[-84.3573,36.0978]],[[-84.4387,36.14],[-84.4373,36.1425]],[[-84.4083,36.1428],[-84.4072,36.1436]],[[-84.4022,36.1764],[-84.4064,36.1855],[-84.393,36.1931],[-84.391,36.1992],[-84.3989,36.2028],[-84.3962,36.1999],[-84.3986,36.1951],[-84.4053,36.1907],[-84.4097,36.1923]],[[-84.4288,36.1534],[-84.4306,36.1558],[-84.4127,36.1495],[-84.4038,36.1527],[-84.4024,36.1483]],[[-84.2926,36.1602],[-84.2931,36.1609]],[[-84.2251,36.2116],[-84.2249,36.211]],[[-84.3327,36.1688],[-84.3308,36.1711]],[[-84.3599,36.1081],[-84.3553,36.1071]],[[-84.3969,36.1088],[-84.3916,36.1189],[-84.3943,36.123],[-84.3901,36.1249]],[[-84.3959,36.1107],[-84.3941,36.1128]],[[-84.4015,36.2052],[-84.3921,36.2113],[-84.3886,36.2062],[-84.3916,36.2032]],[[-84.3469,36.0843],[-84.3484,36.0883],[-84.3505,36.0862],[-84.3488,36.0825],[-84.3472,36.0871]],[[-84.3613,36.0916],[-84.3512,36.0807],[-84.3543,36.0783],[-84.3548,36.0813],[-84.3517,36.0802]],[[-84.0695,36.0901],[-84.0704,36.0888]],[[-84.4043,36.1285],[-84.4034,36.1284]],[[-84.3842,36.1651],[-84.3814,36.1665]],[[-84.2703,36.1356],[-84.271,36.1368]],[[-84.2822,36.1808],[-84.2805,36.1835]],[[-84.3062,36.2172],[-84.3038,36.2301],[-84.3006,36.2291],[-84.3025,36.2328],[-84.3076,36.2313],[-84.3113,36.2377]],[[-84.247,36.1554],[-84.2464,36.1596]],[[-84.4381,36.1558],[-84.4245,36.1511]],[[-84.3318,36.1693],[-84.3312,36.1696]],[[-84.3546,36.1406],[-84.3545,36.1332],[-84.3457,36.1333],[-84.3369,36.1263]],[[-84.3397,36.1309],[-84.3387,36.1311]],[[-84.3431,36.1642],[-84.3416,36.1605]],[[-84.344,36.1072],[-84.3451,36.1115],[-84.3395,36.1132]],[[-84.3249,36.1683],[-84.3288,36.1782],[-84.3153,36.1767],[-84.3175,36.194],[-84.3135,36.1944],[-84.3102,36.1763],[-84.3141,36.1689],[-84.3027,36.1613],[-84.3071,36.1544]],[[-84.2937,36.1334],[-84.2932,36.1324]],[[-84.2882,36.2097],[-84.2894,36.2118]],[[-84.2931,36.2059],[-84.2892,36.2087]],[[-84.3365,36.2062],[-84.3366,36.2051]],[[-84.4065,36.1434],[-84.4027,36.1421]],[[-84.4093,36.1436],[-84.4087,36.1438]],[[-84.4137,36.1701],[-84.4158,36.1672],[-84.4209,36.1693]],[[-84.4453,36.1519],[-84.4449,36.1449]],[[-84.3603,36.1026],[-84.3608,36.1018]],[[-84.3568,36.1071],[-84.3552,36.0998],[-84.358,36.099]],[[-84.3442,36.0943],[-84.3428,36.0944]],[[-84.3486,36.088],[-84.3495,36.0873]],[[-84.324,36.1014],[-84.3191,36.1002],[-84.3182,36.0921],[-84.3139,36.0916],[-84.3156,36.0842]],[[-84.0809,36.0795],[-84.0841,36.081]],[[-84.0512,36.1058],[-84.0508,36.1064]],[[-84.1082,36.0783],[-84.107,36.079]],[[-83.9807,36.1874],[-83.9795,36.1871]],[[-84.3409,36.1659],[-84.3411,36.1645]],[[-84.2223,36.2341],[-84.221,36.2322]],[[-84.2948,36.2167],[-84.2944,36.2173]],[[-84.3508,36.123],[-84.3507,36.1207]],[[-84.3422,36.1081],[-84.3417,36.1079]],[[-84.3601,36.1324],[-84.3589,36.1281],[-84.3503,36.1255]],[[-84.3828,36.1221],[-84.3829,36.1226]],[[-84.3864,36.1269],[-84.3865,36.1266]],[[-84.3825,36.1259],[-84.3826,36.124]],[[-84.3277,36.1777],[-84.3244,36.179]],[[-84.2991,36.1255],[-84.293,36.1287],[-84.2905,36.137],[-84.2948,36.1371],[-84.2938,36.1325]],[[-84.4078,36.1426],[-84.4066,36.1436]],[[-84.3838,36.1655],[-84.3824,36.1693],[-84.3804,36.1674]],[[-84.4377,36.1429],[-84.4376,36.1468],[-84.4433,36.1463]],[[-84.2544,36.1752],[-84.2554,36.1657]],[[-84.3258,36.1366],[-84.3248,36.1358]],[[-84.3613,36.1013],[-84.3605,36.1005]],[[-84.3595,36.0993],[-84.3607,36.097]],[[-84.3615,36.0969],[-84.3526,36.0967]],[[-84.2691,36.1287],[-84.2711,36.1323]],[[-84.3309,36.0648],[-84.3283,36.0614],[-84.3231,36.0641],[-84.3153,36.0564]],[[-84.1247,36.0674],[-84.125,36.0672]],[[-83.9801,36.1722],[-83.9835,36.1739]],[[-84.3407,36.1644],[-84.3403,36.1645]],[[-84.2264,36.2206],[-84.2255,36.2218]],[[-84.3399,36.1229],[-84.3399,36.1205]],[[-84.3821,36.1681],[-84.382,36.1693]],[[-84.3273,36.133],[-84.3208,36.1378],[-84.3231,36.1366]],[[-84.3963,36.1298],[-84.4041,36.129]],[[-84.4088,36.1431],[-84.4079,36.1431]],[[-84.3372,36.1173],[-84.3366,36.1216]],[[-84.2528,36.1595],[-84.2537,36.1601]],[[-84.3832,36.1232],[-84.3823,36.1238]],[[-84.3886,36.1285],[-84.3882,36.1272]],[[-84.2976,36.133],[-84.2951,36.1379]],[[-84.271,36.1372],[-84.2678,36.1396]],[[-84.3811,36.1236],[-84.3808,36.1238]],[[-84.2107,36.2423],[-84.2105,36.2429]],[[-84.4055,36.1434],[-84.4039,36.1427]],[[-84.4053,36.1441],[-84.4045,36.1444]],[[-84.3537,36.1735],[-84.3534,36.1733]],[[-84.3601,36.0981],[-84.3565,36.0967]],[[-84.3916,36.2032],[-84.3898,36.204]],[[-84.2679,36.1261],[-84.2673,36.1258]],[[-84.3202,36.0573],[-84.3176,36.0571]],[[-84.3456,36.089],[-84.3416,36.0893]],[[-84.3603,36.0876],[-84.3598,36.0869]],[[-84.2648,36.1254],[-84.2618,36.1251]],[[-84.272,36.1317],[-84.2741,36.1306]],[[-84.3454,36.1222],[-84.3406,36.1231]],[[-84.3505,36.1215],[-84.3477,36.1242]],[[-84.3361,36.1235],[-84.3355,36.1235]],[[-84.2553,36.1736],[-84.2555,36.1717]],[[-84.3266,36.1787],[-84.3205,36.1637],[-84.3151,36.1628],[-84.3129,36.1566],[-84.3245,36.1359]],[[-84.2899,36.2071],[-84.289,36.2075]],[[-84.3482,36.1234],[-84.3437,36.1257]],[[-84.292,36.1309],[-84.2919,36.1324]],[[-84.4109,36.1269],[-84.4119,36.1274]],[[-84.3357,36.2064],[-84.335,36.2055]],[[-84.4042,36.1427],[-84.4054,36.1439]],[[-84.4042,36.1425],[-84.4005,36.1392],[-84.403,36.1413]],[[-84.3905,36.1893],[-84.3827,36.1935],[-84.3844,36.1998]],[[-84.4097,36.1408],[-84.4093,36.1423]],[[-84.4317,36.1441],[-84.4348,36.1432],[-84.4308,36.1461],[-84.435,36.147],[-84.4376,36.1429]],[[-84.2208,36.2202],[-84.2182,36.2238],[-84.2168,36.2213]],[[-84.3352,36.1596],[-84.3233,36.1634]],[[-84.3249,36.1347],[-84.3232,36.1359]],[[-84.1968,36.1841],[-84.2053,36.1863]],[[-84.3602,36.1011],[-84.3608,36.098]],[[-84.3935,36.1161],[-84.3947,36.1166]],[[-84.3948,36.116],[-84.3922,36.1141]],[[-84.3762,36.2041],[-84.3756,36.2073]],[[-84.2728,36.1257],[-84.2677,36.1251]],[[-84.3515,36.0986],[-84.3507,36.0987]],[[-84.2687,36.1259],[-84.2697,36.128]],[[-84.3435,36.0887],[-84.3415,36.0872]],[[-84.3591,36.0848],[-84.3605,36.0869],[-84.3548,36.0847]],[[-84.2224,36.2237],[-84.222,36.2236]],[[-84.2486,36.1527],[-84.247,36.1554]],[[-84.359,36.0974],[-84.3589,36.0974]],[[-84.3576,36.099],[-84.3576,36.0984]],[[-84.3327,36.1248],[-84.3317,36.1232]],[[-84.3574,36.101],[-84.3567,36.0993]],[[-84.3436,36.0999],[-84.3462,36.1009]],[[-84.3315,36.1696],[-84.3314,36.1697]],[[-84.3765,36.1578],[-84.3755,36.1577]],[[-84.3317,36.1693],[-84.3305,36.1681]],[[-84.3826,36.1222],[-84.3822,36.1225]],[[-84.35,36.1211],[-84.3493,36.1224]],[[-84.2867,36.2086],[-84.2863,36.2088]],[[-84.2741,36.1335],[-84.2738,36.1347]],[[-84.384,36.1248],[-84.3848,36.1252]],[[-84.3183,36.1255],[-84.3036,36.1336],[-84.2995,36.1277]],[[-84.4042,36.1277],[-84.4008,36.1208]],[[-84.229,36.2268],[-84.2286,36.2271]],[[-84.3556,36.2144],[-84.3655,36.2106],[-84.3717,36.2129],[-84.3647,36.208],[-84.361,36.2117],[-84.3424,36.2133]],[[-84.4285,36.1525],[-84.4261,36.1525]],[[-84.2566,36.1675],[-84.2546,36.1661]],[[-84.3325,36.1318],[-84.3319,36.1295]],[[-84.3598,36.101],[-84.3599,36.1004]],[[-84.3493,36.0864],[-84.347,36.0842]],[[-84.3183,36.0554],[-84.318,36.057]],[[-84.3198,36.0568],[-84.3199,36.0564]],[[-84.3505,36.0843],[-84.3586,36.0892],[-84.359,36.0943],[-84.3484,36.0953]],[[-84.0884,36.0826],[-84.0873,36.0835]],[[-84.1079,36.0784],[-84.1063,36.0796]],[[-84.1283,36.0722],[-84.1262,36.0703]],[[-84.083,36.2169],[-84.0833,36.2161]],[[-83.9655,36.1798],[-83.9643,36.1774]],[[-84.3658,36.1392],[-84.354,36.1449],[-84.3546,36.1406]],[[-84.3421,36.1688],[-84.3395,36.1664]],[[-84.1947,36.2322],[-84.1978,36.2364],[-84.1948,36.2398]],[[-84.2053,36.2292],[-84.2016,36.2282]],[[-84.2203,36.2225],[-84.2203,36.2227]],[[-84.2182,36.242],[-84.2262,36.2502],[-84.2267,36.2463]],[[-84.3154,36.2149],[-84.3142,36.2139]],[[-84.2709,36.1601],[-84.2777,36.1618],[-84.2803,36.1574]],[[-84.4065,36.1433],[-84.4066,36.1429]],[[-84.3491,36.1248],[-84.3487,36.1249]],[[-84.3509,36.1198],[-84.3513,36.1219]],[[-84.3452,36.1113],[-84.3452,36.111]],[[-84.3452,36.1106],[-84.3454,36.1099]],[[-84.2971,36.1936],[-84.2977,36.1936]],[[-84.287,36.2095],[-84.2869,36.2097]],[[-84.2933,36.1944],[-84.2822,36.1911]],[[-84.3885,36.1255],[-84.389,36.1267]],[[-84.2711,36.1376],[-84.2734,36.1349]],[[-84.4197,36.1691],[-84.4199,36.1693]],[[-84.4354,36.162],[-84.4378,36.1593],[-84.4242,36.153]],[[-84.3328,36.1303],[-84.3299,36.1283]],[[-84.3291,36.0525],[-84.3298,36.0528]],[[-86.2877,35.6294],[-86.279,35.63]],[[-86.265,35.5105],[-86.2572,35.5066]],[[-86.3151,35.5842],[-86.3172,35.5844]],[[-86.2465,35.5466],[-86.2425,35.5556]],[[-86.2469,35.4627],[-86.2469,35.46]],[[-86.2571,35.5433],[-86.2575,35.5427]],[[-86.2752,35.533],[-86.2744,35.5365]],[[-86.3206,35.6372],[-86.3166,35.6417]],[[-86.261,35.4839],[-86.2546,35.4819],[-86.2519,35.4855]],[[-86.3387,35.4327],[-86.3411,35.435]],[[-86.3714,35.4909],[-86.3806,35.4916],[-86.3807,35.4881]],[[-86.5793,35.5336],[-86.5842,35.5195],[-86.595,35.5173]],[[-86.2717,35.4762],[-86.262,35.4788]],[[-86.2564,35.4962],[-86.2532,35.4948]],[[-86.2568,35.5216],[-86.2652,35.5244]],[[-86.5258,35.6639],[-86.5239,35.6638]],[[-86.2777,35.5945],[-86.2812,35.5945]],[[-86.3204,35.6356],[-86.3132,35.64]],[[-86.2907,35.6255],[-86.2984,35.6258]],[[-86.3186,35.4664],[-86.3162,35.4643],[-86.3189,35.4636]],[[-86.4393,35.4385],[-86.4313,35.4394]],[[-86.3223,35.5817],[-86.3225,35.58]],[[-86.2913,35.5188],[-86.2907,35.5246]],[[-86.5611,35.6213],[-86.5653,35.6217]],[[-86.3318,35.4717],[-86.3324,35.4761],[-86.3282,35.4752]],[[-86.247,35.4605],[-86.2459,35.4609]],[[-88.2086,35.8354],[-88.2132,35.8511]],[[-88.0447,35.8982],[-88.0439,35.8991]],[[-88.0287,36.3032],[-88.0444,36.3066],[-88.0549,36.3207],[-88.0604,36.3221]],[[-87.9405,35.926],[-87.9358,35.9306],[-87.9389,35.9328]],[[-88.0569,36.0086],[-88.0547,36.0098]],[[-88.0327,36.2932],[-88.02,36.2814],[-87.9993,36.2981]],[[-88.0267,36.3073],[-88.0309,36.3055]],[[-85.4066,35.5003],[-85.4011,35.5155]],[[-85.4253,35.5471],[-85.4197,35.5422],[-85.4164,35.5442]],[[-85.4198,35.5558],[-85.4341,35.5702],[-85.4461,35.5605]],[[-84.9999,35.7357],[-84.9961,35.7366]],[[-85.2324,35.422],[-85.232,35.4191]],[[-85.1344,35.4562],[-85.1309,35.458]],[[-85.1374,35.4567],[-85.1357,35.4564]],[[-85.149,35.5395],[-85.1473,35.5403]],[[-85.2498,35.5917],[-85.2527,35.5947],[-85.2483,35.6087]],[[-85.1332,35.7242],[-85.1338,35.7253]],[[-85.4109,35.5219],[-85.4185,35.5393],[-85.4283,35.534],[-85.4311,35.5438],[-85.4339,35.5435]],[[-85.0081,35.7268],[-85.0035,35.726]],[[-84.9906,35.7161],[-84.9901,35.715]],[[-85.1522,35.705],[-85.15,35.7063]],[[-85.238,35.4223],[-85.2387,35.4181]],[[-85.1335,35.7243],[-85.1338,35.7252]],[[-85.0086,35.7267],[-85.0092,35.7267]],[[-85.1094,35.6256],[-85.1106,35.6264]],[[-85.243,35.404],[-85.2413,35.4073]],[[-85.2511,35.5981],[-85.2582,35.5988]],[[-85.4185,35.5393],[-85.4153,35.54]],[[-85.2374,35.4187],[-85.2366,35.4177]],[[-85.1587,35.4639],[-85.1577,35.4637]],[[-85.1608,35.4616],[-85.1636,35.4631]],[[-85.1485,35.5409],[-85.1493,35.5402]],[[-85.1414,35.6926],[-85.1549,35.6856],[-85.1635,35.6942]],[[-85.0017,35.7355],[-85.0016,35.7355]],[[-84.9872,35.7042],[-84.9869,35.7051]],[[-85.2285,35.7123],[-85.2258,35.7111]],[[-85.3233,35.4688],[-85.3237,35.4696]],[[-85.1987,35.5719],[-85.1951,35.5712]],[[-85.4178,35.5395],[-85.4197,35.5422]],[[-84.9766,35.7091],[-84.9774,35.7086]],[[-85.1496,35.5063],[-85.15,35.5034]],[[-85.2419,35.4212],[-85.2417,35.4212]],[[-83.8671,35.7165],[-83.8684,35.717]],[[-84.0594,35.7364],[-84.0531,35.7363]],[[-84.0702,35.6055],[-84.0728,35.6068]],[[-84.1215,35.7497],[-84.1223,35.7497]],[[-83.8903,35.6901],[-83.8842,35.6904]],[[-84.0375,35.6019],[-84.0176,35.6082],[-84.0145,35.6137],[-83.994,35.6251]],[[-84.0963,35.5828],[-84.1006,35.5821]],[[-83.916,35.5949],[-83.9007,35.5933],[-83.8849,35.5843],[-83.878,35.5883],[-83.8629,35.5863],[-83.8513,35.5919]],[[-83.726,35.6275],[-83.7383,35.6394],[-83.7526,35.6448]],[[-84.0556,35.734],[-84.0566,35.7349]],[[-84.1247,35.6541],[-84.1245,35.6527]],[[-84.1416,35.5856],[-84.1523,35.5855],[-84.1489,35.5849]],[[-84.1216,35.7486],[-84.1215,35.7484]],[[-83.7684,35.6889],[-83.7655,35.6872]],[[-84.0862,35.7323],[-84.0859,35.7329]],[[-84.048,35.5558],[-84.0449,35.5604],[-84.039,35.5598]],[[-84.0196,35.5968],[-84.0209,35.6081]],[[-83.7499,35.6549],[-83.7515,35.6536]],[[-84.0205,35.5946],[-84.0198,35.595]],[[-83.75,35.6433],[-83.7469,35.6428]],[[-84.049,35.6045],[-84.0412,35.6074]],[[-84.1099,35.6009],[-84.1056,35.5958]],[[-84.8108,35.3012],[-84.815,35.2992]],[[-84.7292,35.2385],[-84.7348,35.2397]],[[-84.143,36.3031],[-84.1397,36.3047]],[[-84.1861,36.3681],[-84.1755,36.3762]],[[-84.1671,36.4693],[-84.1696,36.4707]],[[-84.1506,36.3174],[-84.1491,36.3175]],[[-84.2556,36.4032],[-84.2588,36.4009],[-84.2823,36.4191]],[[-84.262,36.4299],[-84.2632,36.4303]],[[-84.3328,36.502],[-84.3281,36.5001]],[[-84.3326,36.5027],[-84.3325,36.5021]],[[-84.1841,36.2781],[-84.1822,36.2796]],[[-83.9785,36.4961],[-83.9752,36.4988]],[[-84.1172,36.4274],[-84.1023,36.4401]],[[-83.9195,36.4242],[-83.9172,36.4225]],[[-84.0782,36.2406],[-84.0818,36.2339]],[[-84.1417,36.3109],[-84.1426,36.3117]],[[-84.1849,36.2507],[-84.1896,36.2546]],[[-84.276,36.4296],[-84.2735,36.4293]],[[-84.2338,36.5139],[-84.2446,36.5208]],[[-84.1394,36.3406],[-84.1394,36.3408]],[[-84.2815,36.4249],[-84.2817,36.424]],[[-84.2671,36.512],[-84.2594,36.5167],[-84.2595,36.5257],[-84.2529,36.5315],[-84.2518,36.5386]],[[-84.2288,36.228],[-84.229,36.2272]],[[-84.2258,36.3619],[-84.2248,36.3625]],[[-84.2105,36.3451],[-84.2103,36.3451]],[[-84.0138,36.4755],[-84.014,36.4655]],[[-84.1559,36.4121],[-84.1545,36.4099]],[[-84.2009,36.3044],[-84.2056,36.3039]],[[-84.1994,36.2589],[-84.202,36.2687],[-84.1963,36.2686]],[[-84.1547,36.4087],[-84.1544,36.4096]],[[-84.129,36.4761],[-84.1289,36.4752]],[[-84.2359,36.5356],[-84.2358,36.5348]],[[-83.9878,36.5883],[-84.0052,36.5899]],[[-84.2032,36.3728],[-84.2026,36.3735]],[[-84.2284,36.2297],[-84.2285,36.2292]],[[-84.2905,36.2133],[-84.2908,36.2141]],[[-86.1969,35.722],[-86.1988,35.7223]],[[-86.1325,35.698],[-86.1412,35.6963]],[[-86.0214,35.6806],[-86.0254,35.6854],[-86.023,35.6892]],[[-86.1316,35.8718],[-86.1288,35.8728]],[[-86.1305,35.6987],[-86.1397,35.7099]],[[-86.0705,35.7658],[-86.0778,35.7732],[-86.0897,35.7744],[-86.0902,35.781]],[[-86.0109,35.8601],[-86.0057,35.8669]],[[-86.0853,35.7992],[-86.0776,35.798],[-86.078,35.7924],[-86.0833,35.7904]],[[-86.1975,35.7351],[-86.2023,35.7322]],[[-85.9221,35.8711],[-85.9246,35.8711]],[[-86.0879,35.8018],[-86.0946,35.8032]],[[-85.9319,35.8038],[-85.9297,35.8025]],[[-86.045,35.8827],[-86.0511,35.8917]],[[-88.2637,35.8252],[-88.2635,35.821],[-88.2517,35.8207]],[[-88.336,36.0047],[-88.3355,36.0019]],[[-88.2517,36.14],[-88.252,36.1445]],[[-88.3474,36.0119],[-88.3522,36.01]],[[-88.3078,35.8425],[-88.2975,35.8523],[-88.2671,35.8555]],[[-88.2264,35.8292],[-88.2305,35.8241],[-88.2417,35.8225]],[[-88.2974,36.1095],[-88.2956,36.109]],[[-88.223,36.1368],[-88.2218,36.1293]],[[-88.2209,36.1401],[-88.1964,36.1469]],[[-88.2127,36.132],[-88.2152,36.1349]],[[-88.2166,35.905],[-88.2359,35.9046]],[[-82.2504,36.2734],[-82.2516,36.2744]],[[-82.1396,36.1559],[-82.1339,36.1578]],[[-82.0528,36.1678],[-82.054,36.1677]],[[-82.1077,36.1375],[-82.1077,36.1373]],[[-82.2099,36.3146],[-82.2097,36.3149]],[[-82.0943,36.1298],[-82.0926,36.1295]],[[-82.1891,36.1693],[-82.1905,36.1683]],[[-82.0855,36.2443],[-82.0955,36.2523],[-82.0931,36.2627]],[[-82.0692,36.2314],[-82.0742,36.2372]],[[-82.194,36.3155],[-82.194,36.316]],[[-82.0577,36.3682],[-82.0863,36.3435]],[[-82.0811,36.2406],[-82.1082,36.2375],[-82.1124,36.2404],[-82.1165,36.2352]],[[-82.0605,36.3435],[-82.0595,36.3453]],[[-82.2085,36.173],[-82.2092,36.1737]],[[-82.2538,36.3897],[-82.2514,36.3917]],[[-82.1921,36.2721],[-82.1935,36.2728]],[[-82.1862,36.1475],[-82.1776,36.1527],[-82.1792,36.1603],[-82.1744,36.1636]],[[-82.2086,36.173],[-82.2094,36.1713]],[[-82.3117,36.3299],[-82.3111,36.3302]],[[-82.2028,36.3119],[-82.2043,36.312]],[[-82.0602,36.2674],[-82.0578,36.2732]],[[-82.1482,36.2936],[-82.1475,36.2951]],[[-81.961,36.2315],[-81.9631,36.2319]],[[-82.2346,36.2732],[-82.2375,36.2719]],[[-82.2042,36.2589],[-82.2043,36.2579]],[[-82.0536,36.1675],[-82.0538,36.1672]],[[-82.2674,36.3704],[-82.2668,36.3711]],[[-82.1927,36.2709],[-82.1941,36.2714]],[[-82.083,36.2424],[-82.084,36.2436]],[[-87.1266,36.3542],[-87.1267,36.3517]],[[-87.058,36.1449],[-87.0645,36.1461],[-87.0658,36.1566],[-87.0742,36.1674]],[[-87.0775,36.1805],[-87.0687,36.1907]],[[-87.1455,36.1857],[-87.1481,36.1962]],[[-87.0386,36.3367],[-87.0367,36.3364]],[[-87.1137,36.2229],[-87.1086,36.2242]],[[-87.1381,36.2274],[-87.1403,36.224]],[[-88.3809,35.4777],[-88.3826,35.4768]],[[-88.4479,35.4605],[-88.4522,35.467]],[[-88.4678,35.4498],[-88.471,35.4512]],[[-88.7969,35.3235],[-88.7927,35.324]],[[-88.4681,35.4479],[-88.4714,35.4491]],[[-88.4636,35.4678],[-88.4711,35.4585],[-88.4673,35.4512]],[[-88.776,35.3936],[-88.7771,35.3947]],[[-88.4823,35.4542],[-88.4805,35.4529]],[[-88.4496,35.4701],[-88.4573,35.4712]],[[-88.7463,35.4402],[-88.7403,35.4245]],[[-88.7619,35.4272],[-88.7615,35.4387]],[[-88.3792,35.4805],[-88.3836,35.4816]],[[-88.762,35.262],[-88.7751,35.2644]],[[-88.7617,35.2576],[-88.7642,35.2635]],[[-88.7709,35.3916],[-88.7712,35.3907]],[[-88.3809,35.4782],[-88.3842,35.4784]],[[-88.7048,35.2914],[-88.7058,35.2864]],[[-88.7699,35.3912],[-88.7691,35.3917]],[[-83.6509,36.4436],[-83.6511,36.4455]],[[-83.6866,36.4408],[-83.6879,36.4391]],[[-83.8345,36.569],[-83.8359,36.5776],[-83.8327,36.5755],[-83.8195,36.5804],[-83.814,36.5769]],[[-83.7557,36.4778],[-83.7681,36.481]],[[-83.829,36.5438],[-83.8187,36.541]],[[-83.6109,36.5673],[-83.611,36.568]],[[-83.773,36.4696],[-83.7659,36.4586]],[[-83.803,36.5243],[-83.8012,36.525]],[[-83.7595,36.5637],[-83.7984,36.549],[-83.8135,36.5394]],[[-85.5304,36.5541],[-85.5291,36.5593]],[[-85.7719,36.5542],[-85.7693,36.5463],[-85.7604,36.5504]],[[-85.588,36.5778],[-85.5833,36.5844]],[[-85.7694,36.5463],[-85.7698,36.5455]],[[-83.0837,35.809],[-83.0826,35.8066]],[[-82.962,35.9944],[-82.9541,35.9974]],[[-83.1006,36.086],[-83.0993,36.085]],[[-83.1771,36.1402],[-83.1645,36.1413]],[[-83.1896,36.0311],[-83.1904,36.0314]],[[-83.237,35.8242],[-83.2357,35.8245]],[[-83.223,36.0001],[-83.2244,36.0029],[-83.2269,36.0001]],[[-82.9634,35.8223],[-82.9612,35.8215]],[[-83.0131,35.8994],[-83.0213,35.9025],[-83.023,35.9069]],[[-83.0351,35.8101],[-83.0311,35.8083],[-83.0211,35.8144]],[[-83.0883,35.9674],[-83.0823,35.9643]],[[-83.0344,35.9288],[-83.0329,35.9368]],[[-83.1843,36.0295],[-83.1886,36.0291]],[[-83.1881,36.0001],[-83.1925,36.0058],[-83.199,36.0056]],[[-83.2286,36.0183],[-83.2195,36.0233],[-83.219,36.0272]],[[-83.3051,35.8996],[-83.3147,35.8895],[-83.3111,35.8888],[-83.3131,35.8906],[-83.3054,35.8994]],[[-83.2255,36.0024],[-83.2333,36.0011]],[[-83.0433,35.8597],[-83.0464,35.8603],[-83.0454,35.8654],[-83.0357,35.8718]],[[-82.9664,35.9846],[-82.9641,35.9821]],[[-82.9576,35.9618],[-82.9596,35.9597],[-82.9566,35.9588]],[[-82.9521,35.9404],[-82.9425,35.9415]],[[-83.0819,36.0363],[-83.0945,36.0378]],[[-83.2116,36.1314],[-83.208,36.1335]],[[-83.0733,36.0523],[-83.0758,36.0472]],[[-82.9463,35.9295],[-82.9473,35.9349]],[[-82.9586,35.9897],[-82.9565,35.9857]],[[-83.1064,36.0726],[-83.0881,36.0794]],[[-83.2704,35.9555],[-83.2701,35.9555]],[[-83.227,36.0024],[-83.2298,35.9991]],[[-83.2966,35.9043],[-83.2962,35.9055]],[[-83.0906,35.8059],[-83.0848,35.8091]],[[-83.0802,36.0556],[-83.0779,36.0548]],[[-83.0523,36.0509],[-83.0552,36.0581]],[[-83.0546,36.0788],[-83.0526,36.0787]],[[-83.1849,36.0214],[-83.1897,36.0255],[-83.1931,36.0181],[-83.1874,36.0197]],[[-83.1878,36.0668],[-83.1835,36.0691]],[[-83.0803,36.0888],[-83.0692,36.0916]],[[-83.086,36.0402],[-83.0864,36.0379]],[[-83.1982,36.0804],[-83.1971,36.0849]],[[-83.2342,36.0139],[-83.2356,36.0084]],[[-83.1489,36.1025],[-83.1543,36.1053]],[[-82.9589,35.8169],[-82.9601,35.8181]],[[-83.0805,35.8671],[-83.0688,35.8626],[-83.0543,35.8653],[-83.0486,35.8702]],[[-82.9527,35.8547],[-82.9559,35.8754]],[[-83.0507,36.0625],[-83.0495,36.067]],[[-83.0588,36.0474],[-83.0544,36.0476]],[[-83.0056,36.0032],[-83.0014,36.0073]],[[-82.9263,35.8387],[-82.924,35.8391]],[[-83.0761,35.7896],[-83.0846,35.7956],[-83.0857,35.792]],[[-83.0418,36.0017],[-83.0438,36.0017]],[[-82.9662,35.9845],[-82.9615,35.993]],[[-82.9984,36.0089],[-82.997,36.0102]],[[-83.0208,36.0043],[-83.025,36.006],[-83.0244,36.0097]],[[-83.0679,35.9744],[-83.0727,35.9775]],[[-83.2174,36.0289],[-83.2125,36.0293]],[[-83.2103,36.0259],[-83.2105,36.0279]],[[-83.2304,36.0027],[-83.2305,36.0001]],[[-82.9598,35.8155],[-82.9602,35.8166]],[[-83.0314,35.8073],[-83.0314,35.8083]],[[-82.9351,35.8546],[-82.9393,35.8566]],[[-83.027,36.0398],[-83.025,36.0381]],[[-82.9867,35.9962],[-82.9803,36.0005]],[[-83.1346,36.0783],[-83.1256,36.0789]],[[-83.1121,36.1056],[-83.1151,36.1103],[-83.1059,36.1148]],[[-83.0805,36.0505],[-83.0869,36.0515]],[[-83.223,36.0022],[-83.2226,36.0017]],[[-83.2295,36.0029],[-83.229,36.0001]],[[-83.2588,35.9912],[-83.2589,35.9914]],[[-85.9774,35.4362],[-85.9771,35.4324]],[[-85.9933,35.3912],[-85.9933,35.3916]],[[-86.0606,35.5211],[-86.041,35.5206]],[[-86.227,35.6988],[-86.2253,35.6952],[-86.2292,35.6947],[-86.2255,35.6948],[-86.2272,35.6985],[-86.2196,35.7062]],[[-86.2356,35.6906],[-86.2287,35.6947]],[[-86.0678,35.4881],[-86.0669,35.4865]],[[-86.0902,35.3697],[-86.0948,35.3682],[-86.094,35.3728],[-86.0983,35.3739],[-86.1198,35.3729]],[[-85.9963,35.3913],[-85.9963,35.3918]],[[-86.1266,35.3724],[-86.125,35.3725]],[[-85.9948,35.3913],[-85.9948,35.3917]],[[-86.1945,35.6078],[-86.2078,35.6019]],[[-86.2406,35.6813],[-86.2451,35.6796],[-86.2381,35.6777],[-86.2382,35.6671]],[[-85.966,35.3492],[-85.966,35.3537]],[[-88.99,35.7413],[-88.9877,35.7448]],[[-85.0586,35.9369],[-85.0538,35.9407]],[[-85.0906,36.0624],[-85.0914,36.0511]],[[-84.8932,35.8024],[-84.9045,35.8034],[-84.9149,35.815],[-84.9238,35.8085],[-84.933,35.8112],[-84.9405,35.7909],[-84.9454,35.7889],[-84.9458,35.7766]],[[-84.8643,35.8196],[-84.8684,35.8241]],[[-85.1476,36.0547],[-85.1452,36.0515]],[[-85.1884,36.0841],[-85.1892,36.0857]],[[-85.213,35.8923],[-85.2132,35.8935]],[[-85.2319,35.811],[-85.229,35.8096],[-85.2335,35.8051],[-85.2337,35.8142]],[[-85.2347,35.7866],[-85.232,35.7914],[-85.2349,35.8074]],[[-85.2496,35.786],[-85.2445,35.7867],[-85.2338,35.7769],[-85.2401,35.7797]],[[-85.2349,35.8011],[-85.2443,35.801],[-85.2444,35.7978],[-85.2325,35.7935],[-85.2311,35.7983]],[[-85.2377,35.7949],[-85.2369,35.8002]],[[-85.2355,35.7943],[-85.2357,35.8012]],[[-85.2557,35.7976],[-85.2551,35.7975]],[[-85.2391,35.7901],[-85.2385,35.795]],[[-85.255,35.7951],[-85.26,35.7914]],[[-85.2549,35.7942],[-85.2571,35.7881]],[[-85.2441,35.7998],[-85.2458,35.8028],[-85.2405,35.8038],[-85.2443,35.801]],[[-85.2395,35.7819],[-85.2501,35.7702]],[[-84.8553,35.8192],[-84.854,35.8295]],[[-84.868,35.8367],[-84.8588,35.8329],[-84.8601,35.8136]],[[-84.8646,35.8218],[-84.8648,35.8218]],[[-85.0166,36.1344],[-85.0197,36.1397]],[[-85.1547,36.0022],[-85.1544,36.0022]],[[-85.2603,35.7983],[-85.2586,35.7983]],[[-85.1773,35.7699],[-85.1844,35.7742]],[[-85.2311,35.8063],[-85.2344,35.8064]],[[-85.2428,35.7963],[-85.2427,35.8012]],[[-85.2493,35.7987],[-85.249,35.7988]],[[-85.2481,35.8012],[-85.2483,35.7995]],[[-85.2275,35.8075],[-85.2202,35.7953]],[[-85.2363,35.8147],[-85.2366,35.8113],[-85.2407,35.8116]],[[-85.2378,35.8108],[-85.2378,35.8141],[-85.2402,35.8115]],[[-84.9801,35.7688],[-84.9781,35.7693]],[[-84.9335,36.0129],[-84.9289,36.0129]],[[-84.7869,35.8904],[-84.7962,35.8962]],[[-84.7424,35.8754],[-84.7354,35.8782]],[[-84.7216,35.8751],[-84.715,35.8737],[-84.7143,35.8667]],[[-84.9128,35.81],[-84.9165,35.8094],[-84.9202,35.815],[-84.9131,35.823],[-84.9018,35.8267]],[[-84.86,35.8223],[-84.8666,35.8336]],[[-85.2609,35.7953],[-85.2584,35.7957]],[[-85.2295,35.8228],[-85.2335,35.8142],[-85.2177,35.8177],[-85.2146,35.8154]],[[-85.1144,35.9191],[-85.1095,35.9203]],[[-85.2495,35.7868],[-85.2527,35.7958],[-85.2487,35.7988]],[[-85.2625,35.9601],[-85.2623,35.9592]],[[-85.2444,35.7866],[-85.2468,35.7943],[-85.2438,35.797]],[[-85.2516,35.794],[-85.2453,35.7997]],[[-85.2458,35.8028],[-85.2475,35.8053]],[[-85.2475,35.8005],[-85.2458,35.801]],[[-85.2137,35.8922],[-85.2137,35.8943]],[[-85.2176,35.8049],[-85.2184,35.8083]],[[-84.9872,35.7598],[-84.9801,35.7688],[-84.9889,35.761]],[[-84.9812,35.7569],[-84.9826,35.7577]],[[-84.9149,35.815],[-84.916,35.8185]],[[-85.1681,35.9692],[-85.1606,35.9727]],[[-85.1825,35.7722],[-85.1773,35.7801]],[[-85.2148,35.893],[-85.213,35.894]],[[-85.2405,35.8038],[-85.2351,35.806]],[[-85.2347,35.807],[-85.2329,35.8064]],[[-85.2352,35.7942],[-85.2364,35.7902]],[[-85.2548,35.7871],[-85.2548,35.787]],[[-85.2367,35.8059],[-85.2347,35.809]],[[-84.765,35.8989],[-84.7501,35.9018],[-84.7452,35.897]],[[-84.7731,35.9109],[-84.7755,35.9113]],[[-84.9565,35.8086],[-84.9473,35.8102],[-84.9561,35.8175]],[[-84.8646,35.8371],[-84.8654,35.8381]],[[-84.8571,35.8157],[-84.8556,35.8184]],[[-85.0201,36.1396],[-85.0264,36.1421]],[[-85.2194,35.8173],[-85.2179,35.8285],[-85.2122,35.8298]],[[-85.2038,35.8964],[-85.2064,35.8967],[-85.2043,35.8943]],[[-85.2657,35.7876],[-85.2671,35.789]],[[-85.264,35.7899],[-85.2623,35.7848]],[[-85.258,35.7977],[-85.256,35.7957]],[[-85.2151,35.896],[-85.2137,35.8942]],[[-85.2636,35.7888],[-85.2584,35.7894]],[[-85.2476,35.8028],[-85.2463,35.8011]],[[-85.061,35.9346],[-85.0592,35.9363]],[[-85.0311,35.8654],[-85.0311,35.866]],[[-84.9367,35.8634],[-84.9295,35.8701]],[[-84.8099,35.8259],[-84.8148,35.8194]],[[-85.2582,35.7891],[-85.2586,35.7861]],[[-85.2432,35.8052],[-85.2478,35.8066]],[[-85.2523,35.7706],[-85.2496,35.7712]],[[-85.2021,35.8886],[-85.2024,35.8879]],[[-85.2336,35.7763],[-85.2346,35.7763]],[[-85.2192,35.8084],[-85.2235,35.8075],[-85.2244,35.8144]],[[-85.2308,35.8086],[-85.234,35.8124]],[[-85.1091,35.918],[-85.1176,35.9173]],[[-84.9056,35.8221],[-84.916,35.8186]],[[-85.2059,35.894],[-85.2072,35.8953]],[[-85.1938,35.7729],[-85.1842,35.7813],[-85.1863,35.7889]],[[-85.2119,35.8944],[-85.2108,35.8965]],[[-85.2679,35.789],[-85.2644,35.7895]],[[-85.2335,35.8051],[-85.2352,35.8052]],[[-85.2341,35.7774],[-85.2449,35.7944]],[[-85.2405,35.8122],[-85.2395,35.8141]],[[-85.2431,35.8066],[-85.2413,35.8097]],[[-85.2568,35.7887],[-85.2566,35.7896]],[[-85.2386,35.775],[-85.2423,35.7789]],[[-84.7442,35.9306],[-84.7471,35.9255],[-84.7424,35.9199],[-84.7428,35.9302]],[[-85.2057,35.7744],[-85.2018,35.7777]],[[-85.2663,35.7876],[-85.2683,35.7864]],[[-85.2538,35.7962],[-85.2528,35.7955]],[[-85.2579,35.7976],[-85.2571,35.7985]],[[-85.2132,35.8957],[-85.2148,35.8982],[-85.2049,35.8975]],[[-85.2396,35.795],[-85.2386,35.7957]],[[-85.2368,35.8058],[-85.2412,35.8084]],[[-85.2562,35.7879],[-85.255,35.7897]],[[-85.2468,35.7658],[-85.2452,35.7673]],[[-86.725,36.027],[-86.7234,36.0284]],[[-86.8385,36.2324],[-86.8436,36.2302]],[[-86.7201,36.0377],[-86.7229,36.0319]],[[-86.761,36.1833],[-86.7593,36.1849]],[[-88.2061,35.5712],[-88.1986,35.5715]],[[-88.0209,35.6748],[-88.0295,35.675]],[[-87.9972,35.7961],[-87.9869,35.7905],[-87.98,35.7998],[-87.9806,35.8096]],[[-88.1149,35.7096],[-88.1183,35.7116]],[[-88.0662,35.62],[-88.067,35.6162]],[[-88.0375,35.7368],[-88.0389,35.7297]],[[-88.0328,35.7654],[-88.0318,35.7665]],[[-88.0754,35.5673],[-88.0691,35.5674]],[[-85.9031,36.0981],[-85.9106,36.1075]],[[-85.8896,36.0815],[-85.8893,36.0831]],[[-85.8873,35.9749],[-85.8834,35.9807]],[[-85.866,36.0171],[-85.8566,36.0163]],[[-85.8588,36.0769],[-85.8535,36.0792]],[[-86.0338,36.0046],[-86.0333,36.0048]],[[-85.7355,36.0226],[-85.7331,36.0208],[-85.7357,36.032]],[[-85.9473,36.0548],[-85.9296,36.057]],[[-85.957,36.081],[-85.9574,36.082]],[[-85.7759,36.0389],[-85.7768,36.0388]],[[-85.8016,36.0107],[-85.8088,36.0171]],[[-85.7928,36.1036],[-85.7885,36.1038]],[[-85.7019,36.0268],[-85.703,36.0322]],[[-85.9312,36.0093],[-85.931,36.0056]],[[-85.7367,35.9763],[-85.7366,35.9771]],[[-85.7536,35.9055],[-85.7614,35.9054]],[[-85.6837,35.8761],[-85.6886,35.8841]],[[-85.9651,36.0387],[-85.9626,36.0403]],[[-85.7441,35.9876],[-85.7499,35.9868]],[[-85.7522,35.9866],[-85.753,35.988]],[[-87.2733,36.3171],[-87.2663,36.3165]],[[-87.2516,36.1134],[-87.2521,36.1134]],[[-87.2781,36.0664],[-87.2868,36.0711]],[[-87.272,36.0434],[-87.2682,36.0378]],[[-87.3609,36.1713],[-87.3614,36.1766]],[[-87.5573,36.1911],[-87.5704,36.1939]],[[-87.2705,36.3139],[-87.2718,36.317]],[[-87.3605,36.0156],[-87.3586,36.0072],[-87.3627,36.0043]],[[-87.4515,36.1685],[-87.4514,36.1699]],[[-87.2055,36.173],[-87.2017,36.1729]],[[-87.3074,36.2465],[-87.3101,36.2541]],[[-87.2044,36.2956],[-87.1984,36.2967]],[[-87.4495,36.1465],[-87.4496,36.1485]],[[-87.5282,36.1074],[-87.5244,36.1063]],[[-87.5304,36.1587],[-87.5317,36.1595]],[[-87.2864,36.2092],[-87.285,36.2102]],[[-87.275,36.2934],[-87.2738,36.293]],[[-89.1745,36.1188],[-89.1734,36.1163]],[[-89.2407,36.1596],[-89.2429,36.1593]],[[-89.3915,35.9147],[-89.386,35.9147],[-89.3831,35.9235],[-89.3801,35.9202]],[[-89.4752,36.0498],[-89.4849,36.055],[-89.4922,36.0533]],[[-89.2184,36.1367],[-89.2201,36.1364]],[[-89.2137,35.1445],[-89.2155,35.1467]],[[-89.2725,35.2625],[-89.2727,35.2627]],[[-89.6142,35.3846],[-89.6107,35.3852]],[[-89.6022,35.1101],[-89.6038,35.1106]],[[-89.2497,35.1294],[-89.2428,35.1289],[-89.2428,35.124],[-89.2348,35.1161],[-89.2169,35.1179],[-89.2207,35.1338],[-89.231,35.1419],[-89.2384,35.1402]],[[-89.5452,35.2095],[-89.5519,35.2117]],[[-89.2052,35.192],[-89.2043,35.1943]],[[-89.216,35.2489],[-89.2158,35.247]],[[-89.2125,35.218],[-89.2188,35.2212]],[[-89.3388,35.3201],[-89.3481,35.3203]],[[-89.3633,35.2831],[-89.3632,35.2832]],[[-89.4298,35.2003],[-89.4307,35.2049],[-89.4432,35.2101]],[[-89.1993,35.1312],[-89.2016,35.1318]],[[-89.2351,35.1418],[-89.2362,35.1441]],[[-89.2258,35.1663],[-89.224,35.1625]],[[-89.3759,35.2832],[-89.3759,35.2827]],[[-89.228,35.2308],[-89.24,35.2279],[-89.2447,35.2313]],[[-89.2519,35.3202],[-89.2539,35.3217]],[[-89.2368,35.2886],[-89.2369,35.2888]],[[-89.2126,35.179],[-89.2174,35.1828]],[[-89.2211,35.1317],[-89.2201,35.1401]],[[-89.2237,35.1359],[-89.2279,35.1374],[-89.2237,35.1401]],[[-89.2136,35.1053],[-89.2114,35.1041]],[[-89.5356,35.2005],[-89.5355,35.2086]],[[-89.3821,35.2195],[-89.3732,35.227]],[[-89.197,35.2619],[-89.2051,35.2742]],[[-89.1932,35.2651],[-89.1987,35.2715]],[[-89.193,35.267],[-89.1964,35.2672]],[[-89.2275,35.1366],[-89.2359,35.1388],[-89.2299,35.1412]],[[-89.3375,35.3177],[-89.3483,35.3179]],[[-89.2473,35.2379],[-89.2453,35.2379]],[[-89.4566,35.2067],[-89.4578,35.2101]],[[-89.2256,35.1187],[-89.2313,35.1214],[-89.2307,35.1271]],[[-89.2063,35.1923],[-89.2186,35.1959]],[[-89.3509,35.2595],[-89.353,35.2616]],[[-89.1964,35.3578],[-89.1886,35.352]],[[-89.2272,35.1398],[-89.2265,35.1401]],[[-89.2318,35.2162],[-89.2337,35.2168]],[[-89.2224,35.197],[-89.2245,35.2023]],[[-89.2157,35.2483],[-89.216,35.2485]],[[-89.2457,35.2355],[-89.2454,35.2364]],[[-89.2194,35.1344],[-89.2216,35.1345]],[[-89.5695,35.1987],[-89.5656,35.2068]],[[-85.0573,36.4642],[-85.0533,36.4703],[-85.0501,36.4691]],[[-84.9806,36.4082],[-84.9774,36.4139],[-84.9654,36.4188]],[[-84.8348,36.403],[-84.8332,36.4],[-84.8391,36.3912]],[[-84.704,36.4004],[-84.7055,36.4027]],[[-84.8979,36.4086],[-84.8978,36.4098]],[[-85.0594,36.4868],[-85.0761,36.4751],[-85.0788,36.4665]],[[-85.0205,36.4135],[-85.0147,36.4133]],[[-84.9768,36.4195],[-84.9774,36.4139]],[[-84.8387,36.5455],[-84.8386,36.5458]],[[-84.7052,36.4026],[-84.7053,36.4032]],[[-85.037,36.4722],[-85.0463,36.4749],[-85.0533,36.4703]],[[-85.0671,36.4721],[-85.0641,36.4753]],[[-85.0614,36.4826],[-85.0699,36.4781]],[[-84.881,36.5117],[-84.8517,36.5153],[-84.8517,36.5212]],[[-85.0022,36.1884],[-85.0021,36.1919]],[[-84.7253,36.4106],[-84.7263,36.4098]],[[-84.8949,36.4124],[-84.8959,36.4133]],[[-84.8931,36.4075],[-84.8913,36.4086]],[[-84.9771,36.4151],[-84.9764,36.4145]],[[-84.6975,36.4005],[-84.6969,36.4017]],[[-84.7047,36.4027],[-84.7049,36.4032]],[[-84.9008,36.4093],[-84.9005,36.4091]],[[-85.0129,36.3161],[-85.0118,36.3127]],[[-84.6967,36.3949],[-84.6967,36.3942]],[[-84.8678,36.5129],[-84.8719,36.5121]],[[-85.0673,36.4538],[-85.0682,36.4606],[-85.0775,36.4656],[-85.0664,36.4721]],[[-85.1158,36.4044],[-85.1171,36.4057]],[[-84.9846,36.4364],[-84.9895,36.4324]],[[-85.0644,36.4756],[-85.0765,36.4745]],[[-84.9899,36.2869],[-84.9966,36.2887]],[[-84.6865,36.3983],[-84.6858,36.3977]],[[-84.739,36.4027],[-84.738,36.4016]],[[-86.2917,34.991],[-86.2932,34.995]],[[-85.9352,35.2069],[-85.9356,35.2068]],[[-85.8928,35.2544],[-85.8939,35.2514]],[[-85.8939,35.2141],[-85.8949,35.2143]],[[-85.9276,35.1547],[-85.9284,35.1528]],[[-85.8873,35.2434],[-85.8865,35.2468]],[[-85.8899,35.2387],[-85.8869,35.2421]],[[-86.0766,35.3258],[-86.0759,35.3307],[-86.0663,35.3298]],[[-85.9359,35.2151],[-85.9455,35.22],[-85.9393,35.2271],[-85.9367,35.2241],[-85.9365,35.2282],[-85.928,35.227]],[[-85.9228,35.2082],[-85.9221,35.207]],[[-85.8981,35.2352],[-85.8995,35.2372]],[[-85.8957,35.2195],[-85.8961,35.219]],[[-86.065,35.0148],[-86.0603,35.0171],[-86.0585,35.0243]],[[-85.8971,35.2281],[-85.8964,35.2282]],[[-86.1602,35.2237],[-86.1599,35.2237]],[[-86.0795,35.0356],[-86.0705,35.0367]],[[-86.0238,35.0195],[-86.0077,35.0196]],[[-85.9365,35.1096],[-85.9359,35.1145],[-85.9483,35.1249],[-85.9476,35.1332],[-85.9518,35.1382],[-85.9471,35.1679]],[[-85.9276,35.163],[-85.9309,35.1704]],[[-85.8945,35.2141],[-85.8952,35.214]],[[-85.877,35.1954],[-85.8753,35.1956]],[[-86.1114,35.3364],[-86.1017,35.3505],[-86.0984,35.3449],[-86.0927,35.3446]],[[-86.0731,35.3255],[-86.0735,35.3306]],[[-86.1858,35.2667],[-86.1835,35.2661]],[[-85.929,35.1813],[-85.9306,35.1704]],[[-86.0693,35.0356],[-86.0683,35.0343]],[[-86.2,35.0547],[-86.1822,35.0566],[-86.1758,35.0615],[-86.166,35.0593],[-86.1614,35.0707],[-86.1562,35.0729],[-86.1571,35.0768],[-86.1486,35.0812]],[[-85.9279,35.1831],[-85.9266,35.1842]],[[-86.08,35.0387],[-86.0727,35.0439],[-86.0647,35.0585],[-86.05,35.0576]],[[-85.9218,35.2075],[-85.9227,35.2071]],[[-85.9225,35.1395],[-85.9215,35.1396]],[[-85.8936,35.2397],[-85.8958,35.2417]],[[-86.074,35.3285],[-86.0762,35.3286]],[[-85.991,35.0997],[-85.9791,35.105],[-85.9733,35.1276],[-85.9847,35.1424],[-85.9992,35.1504]],[[-85.9088,35.1247],[-85.9071,35.1317],[-85.9105,35.1379]],[[-85.858,35.1737],[-85.873,35.177]],[[-85.9486,35.1257],[-85.9598,35.1411],[-85.9728,35.1444],[-85.9769,35.1516],[-85.9811,35.1495],[-85.9895,35.1531]],[[-85.9198,35.1372],[-85.9124,35.1386]],[[-85.9214,35.2313],[-85.9225,35.2286]],[[-85.9091,35.2077],[-85.9092,35.2075]],[[-86.236,35.2841],[-86.2299,35.2837]],[[-86.1015,35.0262],[-86.1009,35.0263]],[[-86.0314,35.0251],[-86.0342,35.0244]],[[-85.9118,35.0306],[-85.9073,35.0331]],[[-85.8804,35.1997],[-85.8791,35.1983]],[[-85.9454,35.2248],[-85.9411,35.2243]],[[-85.9393,35.2271],[-85.9425,35.2295]],[[-85.9128,35.2443],[-85.9093,35.2462]],[[-85.9225,35.1625],[-85.923,35.1635]],[[-85.9048,35.2075],[-85.9057,35.2086]],[[-85.8969,35.2295],[-85.8968,35.2283]],[[-85.8943,35.2567],[-85.8935,35.257]],[[-85.8969,35.2298],[-85.8978,35.2304]],[[-85.9286,35.2275],[-85.927,35.2275]],[[-85.9414,35.2356],[-85.9499,35.2302]],[[-86.2598,35.2774],[-86.2621,35.2755]],[[-86.0039,35.1454],[-86,35.1483]],[[-85.9925,35.0926],[-85.9895,35.0934]],[[-86.08,35.3287],[-86.0825,35.3414],[-86.0941,35.332]],[[-85.9093,35.2519],[-85.9097,35.2522]],[[-88.8762,35.7988],[-88.874,35.7978]],[[-88.7427,35.8855],[-88.7421,35.8876]],[[-88.8905,35.8049],[-88.8917,35.8053]],[[-89.0957,36.1825],[-89.0989,36.1829],[-89.0975,36.1911]],[[-87.0647,35.1443],[-87.0689,35.1444]],[[-86.9917,35.2445],[-86.9903,35.2389]],[[-87.0462,35.0793],[-87.0465,35.0784]],[[-86.9529,35.1918],[-86.9552,35.1964]],[[-87.0523,35.0267],[-87.0421,35.0316],[-87.0341,35.0424]],[[-86.9061,35.3038],[-86.9194,35.3084]],[[-86.9549,35.3301],[-86.9555,35.3313]],[[-87.0686,35.1437],[-87.0708,35.144]],[[-86.9739,35.3667],[-86.9767,35.3657]],[[-86.9807,35.1757],[-86.9784,35.1728],[-86.9815,35.1723]],[[-87.2147,35.3259],[-87.2127,35.3318]],[[-86.8758,35.2631],[-86.875,35.2603]],[[-87.1913,35.3492],[-87.1969,35.3532]],[[-86.8766,35.226],[-86.8748,35.2261]],[[-86.834,35.1612],[-86.8347,35.1633]],[[-83.3383,36.3547],[-83.3398,36.3547]],[[-83.6873,36.2252],[-83.6872,36.2251]],[[-83.6314,36.2447],[-83.6325,36.2497],[-83.637,36.2501]],[[-83.4405,36.2838],[-83.4411,36.2812]],[[-83.4722,36.3566],[-83.4779,36.3551]],[[-83.4735,36.2784],[-83.4755,36.277]],[[-83.4663,36.3445],[-83.4622,36.3516]],[[-83.6923,36.2224],[-83.6955,36.2251]],[[-83.6816,36.2273],[-83.6825,36.2244]],[[-83.1349,36.1359],[-83.1392,36.1333]],[[-83.0854,36.1078],[-83.0782,36.1135]],[[-82.6799,36.3364],[-82.6807,36.3374]],[[-82.9695,36.3129],[-82.9691,36.3131]],[[-82.8348,36.2324],[-82.8354,36.2347]],[[-83.0603,36.1242],[-83.0588,36.1282]],[[-82.678,36.3781],[-82.6834,36.3816]],[[-83.0046,36.1775],[-83.004,36.1782]],[[-85.7696,35.3818],[-85.7608,35.3657],[-85.7517,35.3654]],[[-85.7192,35.3804],[-85.7267,35.3902],[-85.7345,35.392]],[[-85.642,35.4136],[-85.6405,35.4171]],[[-85.8007,35.4271],[-85.7996,35.433]],[[-85.6453,35.4078],[-85.6566,35.4068],[-85.6565,35.41]],[[-85.6447,35.4135],[-85.6532,35.4225],[-85.6631,35.4183],[-85.6636,35.4132]],[[-85.6383,35.4278],[-85.6435,35.4258]],[[-85.5886,35.4336],[-85.5775,35.4282],[-85.5765,35.4214],[-85.5663,35.4257],[-85.5739,35.4356],[-85.5847,35.4414]],[[-85.6264,35.4143],[-85.6249,35.4093],[-85.6157,35.405],[-85.6179,35.3849]],[[-85.5565,35.4919],[-85.5641,35.4894],[-85.57,35.4935],[-85.5694,35.5238]],[[-85.7568,35.3652],[-85.7547,35.3599]],[[-85.5557,35.314],[-85.5451,35.342],[-85.5295,35.343],[-85.5157,35.3535]],[[-85.8715,35.3923],[-85.8726,35.3992]],[[-85.734,35.5108],[-85.7186,35.514],[-85.7254,35.5193],[-85.7317,35.5188],[-85.7369,35.5251],[-85.7359,35.5309],[-85.7204,35.5354],[-85.7119,35.5325],[-85.7254,35.5193]],[[-85.6803,35.4408],[-85.6841,35.436],[-85.6818,35.432],[-85.6575,35.4274],[-85.6385,35.4447]],[[-85.5572,35.4958],[-85.5629,35.5025],[-85.5879,35.5039],[-85.5935,35.5074],[-85.6064,35.4933],[-85.6153,35.4947]],[[-85.6054,35.4929],[-85.585,35.4924],[-85.5768,35.4957],[-85.5696,35.4932]],[[-85.5633,35.4898],[-85.5581,35.4954]],[[-85.7577,35.355],[-85.7574,35.3603]],[[-85.5718,35.5074],[-85.6068,35.5312],[-85.6302,35.5593],[-85.6409,35.5605]],[[-85.566,35.3184],[-85.5719,35.3085]],[[-85.8613,35.4123],[-85.8664,35.4165]],[[-85.6326,35.4176],[-85.6304,35.4214]],[[-85.6199,35.4502],[-85.6049,35.4404],[-85.6051,35.4302]],[[-85.5567,35.4589],[-85.5631,35.4659],[-85.5673,35.4646],[-85.5606,35.4581],[-85.5496,35.4601],[-85.5414,35.4535],[-85.5333,35.4606],[-85.5245,35.4609],[-85.5214,35.4565],[-85.5248,35.4379]],[[-85.7657,35.3467],[-85.7633,35.3441]],[[-85.6957,35.4544],[-85.689,35.4536]],[[-85.6058,35.3881],[-85.6163,35.4004]],[[-85.6239,35.454],[-85.6247,35.4578]],[[-85.6782,35.4871],[-85.6836,35.4808]],[[-85.5375,35.3905],[-85.5263,35.3971]],[[-85.6067,35.4952],[-85.6066,35.5023],[-85.6105,35.5037]],[[-85.4916,35.3971],[-85.5158,35.3876],[-85.5238,35.3888],[-85.5268,35.3967]],[[-85.5105,35.3888],[-85.4994,35.3754]],[[-85.5105,35.388],[-85.5117,35.3882]],[[-85.6171,35.3899],[-85.6134,35.3898]],[[-85.7005,35.2614],[-85.7119,35.2571]],[[-85.8858,35.387],[-85.8731,35.3959]],[[-85.625,35.4578],[-85.6325,35.4657]],[[-85.7282,35.4705],[-85.7068,35.4844],[-85.7042,35.49],[-85.6934,35.4931],[-85.6903,35.4987],[-85.6931,35.5031]],[[-85.7216,35.3474],[-85.7151,35.3575]],[[-85.8026,35.2923],[-85.7954,35.2971]],[[-85.5562,35.424],[-85.5598,35.4166],[-85.5683,35.4133]],[[-85.6157,35.405],[-85.611,35.4213]],[[-85.625,35.3926],[-85.6168,35.3961],[-85.6213,35.4063],[-85.6266,35.3965]],[[-85.6945,35.4214],[-85.6926,35.4243]],[[-85.8146,35.4271],[-85.8203,35.4247],[-85.8164,35.4169],[-85.7842,35.3975]],[[-85.5933,35.5074],[-85.6002,35.5144]],[[-85.5993,35.3281],[-85.6083,35.3225]],[[-83.1487,36.3121],[-83.1494,36.3131]],[[-83.1626,36.1849],[-83.1693,36.1873]],[[-83.1518,36.3106],[-83.1591,36.3183],[-83.1683,36.3174]],[[-83.1265,36.2746],[-83.1253,36.2797]],[[-83.3118,36.1958],[-83.3103,36.1959]],[[-85.1355,35.3861],[-85.14,35.3849]],[[-85.2295,35.3177],[-85.221,35.3181],[-85.2282,35.3272],[-85.2398,35.3186],[-85.2405,35.3094],[-85.234,35.3032],[-85.2234,35.3106],[-85.2302,35.3173],[-85.2256,35.321]],[[-85.1929,35.309],[-85.1959,35.3035]],[[-85.2124,35.3305],[-85.205,35.3303]],[[-85.2101,35.3798],[-85.2104,35.3798]],[[-85.2842,35.2592],[-85.2834,35.2683],[-85.2761,35.2719],[-85.2712,35.2693],[-85.2765,35.2792]],[[-85.1911,35.3028],[-85.2021,35.3106],[-85.2123,35.3302]],[[-85.1351,35.3707],[-85.1351,35.3706]],[[-85.2615,35.2157],[-85.2632,35.2098],[-85.2776,35.2024]],[[-85.3119,35.192],[-85.2805,35.1969],[-85.2764,35.202]],[[-85.013,35.0957],[-85.0149,35.096]],[[-85.1685,35.3699],[-85.1518,35.3814],[-85.1536,35.3904],[-85.1611,35.3904]],[[-85.2064,35.3216],[-85.2007,35.3141],[-85.1952,35.3135]],[[-85.1915,35.3041],[-85.1878,35.3055]],[[-85.192,35.3045],[-85.1922,35.3055]],[[-85.1406,35.3593],[-85.1404,35.3587]],[[-85.1716,35.3716],[-85.1731,35.368],[-85.1848,35.3746],[-85.1893,35.3709],[-85.1907,35.3739],[-85.2131,35.3754]],[[-85.1668,35.3018],[-85.1728,35.3006]],[[-85.2109,35.3242],[-85.2137,35.3182],[-85.2111,35.3095],[-85.2144,35.3088],[-85.217,35.3161]],[[-85.2046,35.3203],[-85.1899,35.3208],[-85.1917,35.3241]],[[-85.3137,35.2229],[-85.3267,35.2191],[-85.3396,35.2207],[-85.3568,35.2299]],[[-85.1719,35.301],[-85.1754,35.2989],[-85.1822,35.3035],[-85.1853,35.3087],[-85.1833,35.3152],[-85.1913,35.3208]],[[-85.1335,35.2594],[-85.1336,35.264],[-85.1387,35.2603]],[[-85.1378,35.2702],[-85.1391,35.2633],[-85.1306,35.2668]],[[-85.2282,35.3162],[-85.2283,35.3122],[-85.2345,35.3088],[-85.2379,35.3145]],[[-85.085,35.1955],[-85.0849,35.1955]],[[-85.1292,35.2627],[-85.1325,35.2611]],[[-85.2052,35.3316],[-85.2091,35.3334],[-85.2066,35.3389]],[[-85.1462,35.3972],[-85.1628,35.3971],[-85.1671,35.411],[-85.175,35.4118],[-85.1832,35.4025]],[[-85.2852,35.2719],[-85.2834,35.2683]],[[-85.1658,35.3017],[-85.1658,35.3021]],[[-85.3099,35.1924],[-85.3113,35.193]],[[-85.3258,35.0028],[-85.325,34.9997]],[[-85.01,35.3652],[-85.0066,35.3639]],[[-83.1716,36.5746],[-83.1887,36.5665]],[[-83.3151,36.5222],[-83.307,36.5241]],[[-83.2065,36.5713],[-83.2058,36.5699]],[[-88.811,35.2957],[-88.8144,35.2935],[-88.8098,35.2824],[-88.8139,35.2801]],[[-88.8608,35.3083],[-88.8721,35.3135]],[[-88.8146,35.3576],[-88.8156,35.3526]],[[-88.8463,35.2591],[-88.8402,35.251],[-88.8358,35.2525]],[[-89.0498,35.3366],[-89.0509,35.3391]],[[-88.8421,35.3872],[-88.8591,35.3823],[-88.8666,35.3909],[-88.8662,35.3973]],[[-89.0159,35.3715],[-89.0215,35.3719]],[[-89.0148,35.3476],[-89.0144,35.3512]],[[-89.0188,35.3457],[-89.0149,35.345]],[[-88.8849,35.3017],[-88.8803,35.3034],[-88.886,35.3124]],[[-88.87,35.3023],[-88.87,35.3029]],[[-88.8143,35.3475],[-88.8148,35.3475]],[[-88.8648,35.2275],[-88.8569,35.2217]],[[-88.9858,35.3607],[-88.9806,35.3633]],[[-88.9959,35.3665],[-88.9912,35.3656]],[[-88.9874,35.3436],[-88.9955,35.3419]],[[-88.9879,35.3547],[-88.9799,35.3516]],[[-88.9482,35.3445],[-88.9408,35.3491]],[[-89.0496,35.3372],[-89.0473,35.3463]],[[-89.0517,35.4197],[-89.049,35.42]],[[-88.9322,35.3453],[-88.9246,35.338],[-88.9287,35.3449]],[[-88.9287,35.3392],[-88.9283,35.3396]],[[-89.0212,35.3447],[-89.0186,35.3448]],[[-89.0457,35.3445],[-89.0414,35.3492],[-89.046,35.3533]],[[-89.1651,35.2288],[-89.1724,35.2306]],[[-88.8416,35.4333],[-88.8539,35.4258]],[[-88.8098,35.2824],[-88.8064,35.2825]],[[-88.8182,35.2586],[-88.8274,35.2649],[-88.8265,35.2747]],[[-88.8591,35.3753],[-88.8585,35.3822]],[[-89.0167,35.3467],[-89.0135,35.3452]],[[-88.9112,35.3445],[-88.9158,35.3494]],[[-88.8156,35.3215],[-88.81,35.3272],[-88.8055,35.3228],[-88.8011,35.3095],[-88.8034,35.3069]],[[-89.0371,35.4157],[-89.0357,35.4114],[-89.0305,35.4107],[-89.0188,35.4145]],[[-89.0129,35.377],[-89.0163,35.3829]],[[-88.9959,35.3776],[-88.9993,35.3823]],[[-89.0083,35.381],[-89.0078,35.3838]],[[-89.073,35.3454],[-89.0603,35.3482]],[[-88.8114,35.142],[-88.8138,35.1412]],[[-88.8775,35.2968],[-88.8819,35.3006]],[[-88.847,35.3637],[-88.8437,35.3569],[-88.8327,35.3616]],[[-88.8291,35.3517],[-88.8273,35.3541]],[[-89.0161,35.3791],[-89.0131,35.3792]],[[-89.0067,35.3448],[-89.0067,35.3515]],[[-88.8485,35.181],[-88.85,35.184],[-88.8415,35.1858],[-88.8409,35.1891]],[[-88.8418,35.2791],[-88.8356,35.2858],[-88.8329,35.3015]],[[-88.3429,35.0627],[-88.3517,35.0637]],[[-88.2654,35.3182],[-88.2661,35.32]],[[-88.0902,35.3453],[-88.0943,35.3493]],[[-88.231,35.209],[-88.23,35.2091]],[[-88.288,35.3294],[-88.2937,35.3299]],[[-88.3389,35.3373],[-88.3352,35.3399],[-88.3373,35.343]],[[-88.0386,35.2053],[-88.0394,35.2023]],[[-88.3676,35.0685],[-88.373,35.0712]],[[-88.3439,35.3726],[-88.344,35.3744]],[[-88.0376,35.2044],[-88.0356,35.2175]],[[-88.3692,35.0024],[-88.375,35.0025]],[[-88.0762,35.1987],[-88.0751,35.1977]],[[-88.3289,35.399],[-88.3242,35.3984]],[[-88.0258,35.196],[-88.0216,35.2035],[-88.028,35.2112]],[[-88.1377,35.2479],[-88.1372,35.2465]],[[-88.339,35.069],[-88.3407,35.0691]],[[-88.125,35.2326],[-88.1231,35.2259],[-88.1042,35.2295],[-88.0962,35.2278],[-88.0903,35.221]],[[-88.0449,35.1631],[-88.0362,35.1606]],[[-82.7998,36.5366],[-82.8007,36.5407]],[[-82.8094,36.5103],[-82.8056,36.514]],[[-82.8395,36.3749],[-82.819,36.3945]],[[-83.1451,36.4923],[-83.143,36.4936]],[[-82.9873,36.2945],[-82.9777,36.3028]],[[-82.9185,36.4371],[-82.9189,36.4393]],[[-83.1418,36.4944],[-83.1399,36.4951]],[[-83.1398,36.3626],[-83.1401,36.3605]],[[-82.9895,36.3728],[-82.9896,36.3735]],[[-82.9544,36.3216],[-82.9641,36.316]],[[-83.0899,36.2745],[-83.0888,36.2742]],[[-82.8982,36.5232],[-82.902,36.5215]],[[-82.7481,36.5803],[-82.7473,36.5769]],[[-82.8435,36.4124],[-82.8434,36.4135]],[[-82.8833,36.4812],[-82.8875,36.4779]],[[-83.0029,36.3944],[-83.0059,36.3931]],[[-83.0541,36.4079],[-83.0561,36.4071]],[[-83.1242,36.3636],[-83.1278,36.3657]],[[-83.0276,36.4505],[-83.0181,36.4566]],[[-82.8859,36.4837],[-82.884,36.4847]],[[-82.9759,36.4086],[-82.9773,36.4086]],[[-83.0687,36.4206],[-83.07,36.4199]],[[-83.2224,36.3109],[-83.222,36.3101]],[[-83.0254,36.5287],[-83.0157,36.5295]],[[-82.9588,36.3238],[-82.9561,36.3213]],[[-82.809,36.5092],[-82.8094,36.5092]],[[-82.9299,36.4178],[-82.9281,36.419]],[[-82.987,36.3926],[-82.9842,36.3937]],[[-82.9663,36.5266],[-82.9684,36.5255]],[[-83.1133,36.424],[-83.1172,36.4233]],[[-83.0237,36.3455],[-83.0312,36.3478]],[[-82.6659,36.5775],[-82.6681,36.5757]],[[-82.72,36.5233],[-82.7209,36.5243]],[[-82.8454,36.5434],[-82.8444,36.5552]],[[-82.9002,36.5307],[-82.9049,36.5283]],[[-82.9121,36.5466],[-82.9166,36.5444]],[[-83.098,36.4538],[-83.1017,36.4555]],[[-83.0229,36.5054],[-83.0226,36.508]],[[-83.1258,36.5049],[-83.1226,36.5068]],[[-83.0463,36.513],[-83.0488,36.5151]],[[-83.1598,36.4484],[-83.1555,36.4505]],[[-82.8846,36.3925],[-82.878,36.3963]],[[-83.2123,36.378],[-83.1801,36.3808]],[[-83.037,36.5085],[-83.0374,36.5088]],[[-83.1965,36.4108],[-83.191,36.4147]],[[-83.1217,36.395],[-83.1233,36.3942]],[[-83.0994,36.3992],[-83.0972,36.3972]],[[-83.0109,36.38],[-83.0097,36.3819]],[[-83.0238,36.3458],[-83.0265,36.3492]],[[-89.3209,35.4257],[-89.3194,35.4338]],[[-89.3936,35.4424],[-89.3857,35.4548]],[[-89.264,35.4989],[-89.2509,35.4945],[-89.2655,35.4939],[-89.265,35.4991]],[[-89.392,35.5704],[-89.3904,35.5847]],[[-89.299,35.5198],[-89.2983,35.5195]],[[-89.1537,35.6641],[-89.1537,35.6625]],[[-88.4043,35.6933],[-88.4026,35.6938]],[[-88.4841,35.5879],[-88.4838,35.5943]],[[-88.4235,35.6485],[-88.4234,35.6442],[-88.4185,35.6444],[-88.4149,35.65]],[[-88.2562,35.7961],[-88.254,35.8015],[-88.2582,35.8093]],[[-88.2639,35.6025],[-88.2687,35.6029]],[[-88.2473,35.5104],[-88.2468,35.5086]],[[-88.4698,35.6762],[-88.4714,35.6743]],[[-88.3457,35.5198],[-88.3451,35.5216]],[[-88.593,35.7727],[-88.5963,35.7776],[-88.5937,35.7808]],[[-88.3212,35.5474],[-88.314,35.5468],[-88.3163,35.5504],[-88.313,35.5604]],[[-88.2555,35.8121],[-88.2444,35.8054]],[[-88.2782,35.5867],[-88.2785,35.5878]],[[-88.356,36.2101],[-88.3551,36.2103]],[[-88.3652,36.1565],[-88.3641,36.1561]],[[-88.0772,36.3591],[-88.0849,36.3677],[-88.0695,36.3716],[-88.0681,36.3829],[-88.0502,36.3892]],[[-88.3472,36.3482],[-88.3407,36.3473],[-88.3462,36.3461]],[[-88.3391,36.2349],[-88.3352,36.2345]],[[-88.3255,36.2263],[-88.3218,36.2278]],[[-88.2214,36.2823],[-88.2211,36.282]],[[-88.2022,36.3421],[-88.2146,36.3402]],[[-88.0849,36.3677],[-88.087,36.3691]],[[-88.352,36.4771],[-88.3569,36.4741]],[[-88.4583,36.38],[-88.4635,36.3841],[-88.4631,36.3932]],[[-88.1012,36.4657],[-88.1015,36.4702]],[[-88.0386,36.3703],[-88.0318,36.3753]],[[-88.1609,36.3228],[-88.1612,36.3228]],[[-88.2917,36.351],[-88.29,36.354]],[[-88.4759,36.2264],[-88.4824,36.2317],[-88.4839,36.2387]],[[-88.0837,36.3629],[-88.0899,36.3624]],[[-88.0123,36.3608],[-88.0143,36.364]],[[-88.1483,36.4721],[-88.1484,36.4662],[-88.1453,36.466]],[[-88.1991,36.3555],[-88.1807,36.3546],[-88.1814,36.3632]],[[-88.125,36.468],[-88.12,36.4657]],[[-87.6375,35.8543],[-87.6281,35.8563],[-87.62,35.8647]],[[-87.3117,35.693],[-87.3091,35.6972]],[[-87.5461,35.6819],[-87.546,35.6941]],[[-87.7462,35.6652],[-87.7373,35.694]],[[-87.6869,35.6337],[-87.7203,35.6497]],[[-87.5533,35.7117],[-87.5506,35.7273]],[[-87.4402,35.6879],[-87.4434,35.7017],[-87.4548,35.7015],[-87.4579,35.7066]],[[-87.6817,35.783],[-87.6851,35.8032]],[[-87.6557,35.7394],[-87.6416,35.7467],[-87.642,35.7516]],[[-87.4522,35.6506],[-87.4579,35.6496],[-87.4662,35.6572],[-87.4772,35.6529],[-87.4882,35.6586]],[[-87.4566,35.719],[-87.4595,35.7262],[-87.469,35.7284],[-87.4618,35.7402],[-87.4704,35.7493]],[[-87.5553,35.9066],[-87.5617,35.9088],[-87.5491,35.9252]],[[-87.607,35.9174],[-87.6177,35.9329],[-87.6181,35.936],[-87.6131,35.9373],[-87.6154,35.944]],[[-87.3683,35.7495],[-87.3701,35.7437]],[[-87.6456,35.6056],[-87.6445,35.6121],[-87.635,35.6145],[-87.629,35.6212],[-87.6302,35.6283]],[[-87.6642,35.6165],[-87.6673,35.6329]],[[-87.654,35.6093],[-87.6483,35.6377]],[[-87.6167,35.7018],[-87.6122,35.6998],[-87.5938,35.7044],[-87.5883,35.7105],[-87.5921,35.7257],[-87.586,35.7355],[-87.5754,35.7351],[-87.5712,35.7424],[-87.564,35.7403],[-87.5652,35.7338],[-87.5608,35.7256],[-87.5719,35.72],[-87.5728,35.716]],[[-87.4335,35.6683],[-87.4376,35.6699]],[[-87.6967,35.6845],[-87.6922,35.6836]],[[-87.7261,35.6525],[-87.7431,35.6634]],[[-87.6596,35.9156],[-87.6552,35.9213]],[[-87.2945,35.9633],[-87.2939,35.9656]],[[-87.3777,35.8038],[-87.3781,35.8041]],[[-87.3718,35.7784],[-87.3673,35.7803]],[[-87.5559,35.6824],[-87.5546,35.6883]],[[-87.5356,35.6914],[-87.5228,35.6902],[-87.5147,35.6953]],[[-87.6093,35.6582],[-87.6158,35.6773],[-87.6376,35.6855],[-87.6451,35.684],[-87.6499,35.6885]],[[-87.6766,35.7243],[-87.6769,35.7308],[-87.6985,35.7392],[-87.7179,35.7331]],[[-87.7258,35.6444],[-87.7249,35.6508]],[[-87.5593,35.9053],[-87.5606,35.9076]],[[-87.5351,35.9484],[-87.5375,35.9664]],[[-87.6535,35.9135],[-87.6483,35.9068]],[[-87.6495,35.9072],[-87.6535,35.909]],[[-87.3321,35.9491],[-87.3315,35.9484]],[[-87.6162,35.7196],[-87.606,35.7425],[-87.5984,35.744]],[[-87.6484,35.6368],[-87.6469,35.6368]],[[-87.6344,35.6716],[-87.6291,35.6744]],[[-87.6141,35.944],[-87.6099,35.9463]],[[-87.4073,35.8662],[-87.4258,35.862],[-87.4323,35.8695]],[[-87.3695,35.9483],[-87.3645,35.9515]],[[-87.2718,35.8733],[-87.2879,35.8751]],[[-87.4531,35.7647],[-87.4534,35.7669]],[[-87.5439,35.7079],[-87.5367,35.7285],[-87.5414,35.7327]],[[-87.5186,35.6778],[-87.5306,35.6764],[-87.5426,35.6826]],[[-87.4854,35.6872],[-87.4975,35.6945],[-87.505,35.694]],[[-87.6951,35.7375],[-87.6944,35.7373]],[[-87.4674,35.7265],[-87.4749,35.7259]],[[-87.618,35.6578],[-87.6178,35.6583]],[[-87.6099,35.9498],[-87.6072,35.95]],[[-87.6607,35.8603],[-87.6264,35.869]],[[-87.4919,35.8464],[-87.5023,35.8478]],[[-87.3678,35.7438],[-87.3675,35.7463]],[[-87.5357,35.6913],[-87.5342,35.6977],[-87.5223,35.703]],[[-87.6981,35.6381],[-87.6919,35.6568]],[[-87.5505,35.676],[-87.5395,35.6715]],[[-87.5297,35.6913],[-87.5244,35.696]],[[-87.6718,35.8183],[-87.6619,35.823]],[[-87.5102,35.8131],[-87.5072,35.8194],[-87.5106,35.8239],[-87.5261,35.8279]],[[-87.2886,35.8751],[-87.2923,35.8823],[-87.3005,35.8846]],[[-87.2653,35.8956],[-87.2597,35.8995]],[[-87.3152,35.6881],[-87.3133,35.6913]],[[-87.7219,35.7357],[-87.7249,35.7434],[-87.7363,35.7529],[-87.7495,35.7534],[-87.7528,35.7457]],[[-87.5803,35.7237],[-87.5754,35.7351]],[[-87.405,35.6813],[-87.4046,35.6871]],[[-87.4353,35.6685],[-87.4354,35.6687]],[[-87.3182,35.6888],[-87.3194,35.6815]],[[-87.6745,35.7884],[-87.6743,35.7888]],[[-87.6644,35.8113],[-87.6596,35.8122]],[[-87.5693,35.9478],[-87.5798,35.9519],[-87.5849,35.9478],[-87.5886,35.9529]],[[-87.5498,35.9263],[-87.5424,35.9348],[-87.5282,35.936],[-87.5279,35.9407]],[[-87.4478,35.9589],[-87.4477,35.9607]],[[-87.4877,35.843],[-87.4934,35.8428]],[[-87.6527,35.9215],[-87.6472,35.9154],[-87.6491,35.9098]],[[-87.2359,35.8838],[-87.2413,35.8813]],[[-87.3022,35.7959],[-87.3019,35.795]],[[-87.6715,35.6438],[-87.6665,35.6491]],[[-87.5926,35.7244],[-87.6012,35.727]],[[-87.5292,35.6703],[-87.5296,35.6711]],[[-87.4024,35.6607],[-87.3972,35.6637]],[[-87.4545,35.6266],[-87.4537,35.6275]],[[-87.6575,35.754],[-87.6497,35.7547]],[[-87.7309,36.2993],[-87.7364,36.2905],[-87.7251,36.279]],[[-87.694,36.3699],[-87.6894,36.3655]],[[-87.716,36.3257],[-87.716,36.3259]],[[-87.7121,36.309],[-87.7167,36.3036],[-87.7165,36.2951],[-87.7113,36.2896]],[[-87.6512,36.2695],[-87.6542,36.2644],[-87.6477,36.2565]],[[-87.7409,36.3034],[-87.7368,36.2922]],[[-87.7334,36.2939],[-87.7245,36.2838]],[[-87.6503,36.2351],[-87.6395,36.2461],[-87.6323,36.2461]],[[-87.7526,36.2792],[-87.7346,36.2778],[-87.7332,36.2676],[-87.7366,36.2637]],[[-87.6323,36.3562],[-87.6198,36.3512],[-87.625,36.3424]],[[-87.6349,36.3334],[-87.633,36.3359]],[[-87.734,36.2768],[-87.7244,36.2796]],[[-87.641,36.2599],[-87.6408,36.2599]],[[-87.7317,36.2983],[-87.7327,36.2956]],[[-87.6506,36.2265],[-87.6497,36.2334]],[[-87.6327,36.3452],[-87.6274,36.3405]],[[-87.6575,36.3606],[-87.669,36.3631]],[[-87.977,36.04],[-87.9738,36.0355],[-87.9594,36.035]],[[-87.953,36.0375],[-87.9507,36.0395]],[[-87.8695,35.8898],[-87.8797,35.8892],[-87.8815,35.8843]],[[-87.6987,35.9473],[-87.6989,35.9495]],[[-87.7631,35.8192],[-87.7561,35.8194],[-87.7403,35.833],[-87.7381,35.8419],[-87.7427,35.848],[-87.7519,35.8504]],[[-87.9788,35.977],[-87.9884,35.9778]],[[-87.8943,35.9248],[-87.8899,35.9324],[-87.8943,35.9379],[-87.891,35.9459]],[[-87.8108,35.9837],[-87.812,35.9876],[-87.8062,35.9921],[-87.7911,35.9873],[-87.7864,35.9895]],[[-87.8722,35.8895],[-87.8722,35.8861],[-87.8721,35.8902]],[[-87.7729,36.0176],[-87.7579,36.0211]],[[-87.8792,35.8976],[-87.8756,35.8904]],[[-87.6492,36.1021],[-87.6483,36.1021]],[[-87.7231,36.0965],[-87.7302,36.0999]],[[-87.9103,35.9857],[-87.9173,35.9963]],[[-87.7188,35.976],[-87.718,35.974]],[[-87.7381,36.0266],[-87.7394,36.0344]],[[-87.6118,35.953],[-87.6128,35.9581]],[[-87.6267,35.9329],[-87.6373,35.9445],[-87.6331,35.9526],[-87.6515,35.9522]],[[-87.6507,35.9974],[-87.6504,35.9991]],[[-87.6134,35.9541],[-87.6156,35.9537]],[[-87.9168,35.9967],[-87.9166,35.9962]],[[-87.6583,36.06],[-87.6578,36.0617]],[[-87.6099,35.9498],[-87.6072,35.95]],[[-87.6495,36.1051],[-87.6498,36.1039]],[[-87.6284,35.9701],[-87.6282,35.9735]],[[-87.7686,36.1639],[-87.7709,36.1687]],[[-87.9097,35.9104],[-87.9095,35.9106]],[[-87.6584,35.9164],[-87.6582,35.9172]],[[-87.8089,35.9717],[-87.7962,35.9781],[-87.796,35.9838],[-87.7911,35.9873]],[[-87.875,35.8906],[-87.8768,35.8935]],[[-87.5649,35.9829],[-87.5719,35.9815]],[[-87.6003,36.1946],[-87.5865,36.1952]],[[-87.8777,35.8851],[-87.8808,35.8871]],[[-87.7071,35.9466],[-87.7096,35.9559]],[[-87.6943,35.9323],[-87.6725,35.9376],[-87.6677,35.9335],[-87.6556,35.9426]],[[-87.878,35.8944],[-87.8691,35.899]],[[-87.5876,35.9534],[-87.5856,35.9614],[-87.5779,35.9626]],[[-87.5967,35.9525],[-87.6044,35.966],[-87.6028,35.9714]],[[-87.5693,35.9478],[-87.5798,35.9519],[-87.5849,35.9478],[-87.5886,35.9529]],[[-85.5093,36.2793],[-85.5113,36.2824]],[[-83.511,36.1223],[-83.517,36.1211]],[[-83.3555,35.9417],[-83.3535,35.9381],[-83.3537,35.9438],[-83.3571,35.9424]],[[-83.593,36.1477],[-83.588,36.146]],[[-83.2966,35.9043],[-83.2962,35.9055]],[[-83.6581,36.1122],[-83.6565,36.1138]],[[-83.5486,36.0513],[-83.548,36.0526]],[[-83.8509,35.9777],[-83.8538,35.9772]],[[-83.915,36.0925],[-83.916,36.0928]],[[-89.5702,36.3266],[-89.5702,36.3326]],[[-89.5865,36.3329],[-89.5856,36.3382]],[[-89.542,36.3117],[-89.5655,36.3125],[-89.5695,36.3213],[-89.5668,36.3228]],[[-89.5532,36.2881],[-89.5299,36.2897]],[[-89.5814,36.1862],[-89.567,36.2016],[-89.5641,36.2243]],[[-89.4172,36.4639],[-89.4393,36.446]],[[-89.4312,36.2887],[-89.4364,36.2966],[-89.4238,36.3031],[-89.4215,36.3182],[-89.4083,36.3171],[-89.4068,36.3228],[-89.4015,36.3252]],[[-89.5426,36.303],[-89.5444,36.303]],[[-89.5446,36.2105],[-89.5393,36.2106]],[[-89.7092,35.6971],[-89.7108,35.696]],[[-89.955,35.5836],[-89.9555,35.5834]],[[-89.7595,35.659],[-89.7688,35.6698]],[[-89.7115,35.6523],[-89.7092,35.6753]],[[-89.4618,35.9059],[-89.4631,35.9029]],[[-89.6798,35.6553],[-89.6826,35.6504]],[[-89.8826,35.6826],[-89.8822,35.6935]],[[-89.8722,35.6919],[-89.8599,35.6964]],[[-89.8523,35.6321],[-89.8557,35.6321]],[[-87.3554,35.0468],[-87.3563,35.0458]],[[-87.3583,35.0486],[-87.3593,35.0454]],[[-87.238,35.1079],[-87.2378,35.1109]],[[-87.5339,35.1257],[-87.5358,35.1218],[-87.5233,35.1287]],[[-87.3143,35.4028],[-87.3062,35.4058]],[[-87.3497,35.0454],[-87.3498,35.0475]],[[-87.3607,35.056],[-87.3604,35.0551]],[[-87.2393,35.278],[-87.2504,35.2859],[-87.2564,35.2851]],[[-87.2147,35.3253],[-87.2155,35.3254]],[[-87.335,35.4049],[-87.3349,35.4063]],[[-87.3807,35.0941],[-87.379,35.0904]],[[-87.5352,35.1177],[-87.5285,35.1265]],[[-87.342,35.4173],[-87.3436,35.4188]],[[-87.2628,35.1033],[-87.2664,35.1046]],[[-87.2719,35.0664],[-87.2704,35.0697]],[[-87.2489,35.1084],[-87.2511,35.11]],[[-87.2273,35.0916],[-87.2295,35.0929]],[[-87.2436,35.1123],[-87.2461,35.1109]],[[-87.2183,35.1347],[-87.2188,35.1349]],[[-87.3656,35.0835],[-87.3663,35.083]],[[-87.2719,35.0965],[-87.273,35.0968]],[[-87.5678,35.042],[-87.5695,35.0437]],[[-87.3688,35.3456],[-87.3811,35.3418],[-87.388,35.3459]],[[-87.5788,35.099],[-87.5812,35.108]],[[-87.5647,35.1338],[-87.5642,35.1335]],[[-87.6485,35.5909],[-87.6328,35.5975],[-87.6258,35.6064],[-87.6122,35.6076]],[[-87.6187,35.4784],[-87.6185,35.479]],[[-87.3061,35.5286],[-87.3066,35.5291]],[[-87.3457,35.582],[-87.3477,35.587],[-87.368,35.5936],[-87.3711,35.6004]],[[-87.4666,35.5528],[-87.467,35.5527]],[[-87.4922,35.4198],[-87.4941,35.4283]],[[-87.4924,35.4239],[-87.4951,35.4206]],[[-87.4876,35.5746],[-87.4964,35.5915],[-87.4836,35.5924]],[[-87.4252,35.5715],[-87.4171,35.5864],[-87.409,35.5926]],[[-87.4969,35.604],[-87.4987,35.6261]],[[-87.6455,35.6111],[-87.635,35.6145],[-87.629,35.6212]],[[-87.4049,35.6051],[-87.4031,35.606]],[[-87.5703,35.6148],[-87.5721,35.6204],[-87.556,35.627]],[[-87.7132,35.465],[-87.6946,35.4824],[-87.6901,35.4923]],[[-87.474,35.4422],[-87.4769,35.447]],[[-86.5183,35.0767],[-86.5159,35.0748]],[[-86.53,35.2617],[-86.5272,35.2637]],[[-86.513,35.037],[-86.5151,35.0373]],[[-86.6012,35.3098],[-86.6013,35.3134]],[[-84.3351,35.8275],[-84.3347,35.8253]],[[-84.5288,35.6798],[-84.5274,35.6843]],[[-84.3295,35.7741],[-84.3225,35.7792]],[[-84.2809,35.7701],[-84.2791,35.7649]],[[-84.341,35.8075],[-84.3393,35.8061]],[[-84.3225,35.81],[-84.3181,35.8118]],[[-84.5381,35.2739],[-84.5381,35.2736]],[[-84.458,35.3407],[-84.4556,35.3365]],[[-84.4606,35.3918],[-84.4595,35.3956]],[[-84.5952,35.4055],[-84.59,35.4067]],[[-84.8589,35.356],[-84.8398,35.3909]],[[-84.4895,35.2993],[-84.4641,35.3141],[-84.4554,35.3235],[-84.4523,35.322],[-84.4549,35.3182]],[[-84.5836,35.3254],[-84.5846,35.322]],[[-84.4579,35.3163],[-84.4654,35.3101]],[[-84.6468,35.6063],[-84.6473,35.6048]],[[-84.4513,35.3432],[-84.4467,35.3418],[-84.4503,35.3387]],[[-84.6709,35.4723],[-84.6734,35.4706]],[[-84.5833,35.4173],[-84.5819,35.4108]],[[-84.6211,35.391],[-84.6199,35.3903]],[[-84.7318,35.4806],[-84.7331,35.4846]],[[-84.6886,35.2915],[-84.6958,35.2849]],[[-84.8051,35.4445],[-84.8002,35.4502]],[[-84.4526,35.3691],[-84.4392,35.3746]],[[-88.5879,35.0608],[-88.5879,35.0619]],[[-88.6087,35.0615],[-88.6066,35.0642]],[[-88.4979,35.1582],[-88.4947,35.1638],[-88.4747,35.1662],[-88.4703,35.1631],[-88.4606,35.1673]],[[-88.4883,35.2235],[-88.4953,35.2133],[-88.4804,35.2156]],[[-88.7722,35.1285],[-88.7738,35.126],[-88.7697,35.1247]],[[-88.7816,35.1754],[-88.7828,35.162],[-88.7644,35.1539]],[[-88.6458,35.3171],[-88.65,35.3138]],[[-88.5539,35.1999],[-88.535,35.2012]],[[-88.5562,35.1023],[-88.5696,35.1032]],[[-88.7799,35.2053],[-88.7774,35.2014]],[[-88.699,35.1334],[-88.7056,35.1336]],[[-88.5632,35.1771],[-88.5634,35.1777]],[[-88.4695,35.225],[-88.4699,35.229],[-88.4758,35.2275]],[[-88.645,35.2539],[-88.6511,35.2564],[-88.6509,35.2632]],[[-88.7591,35.1603],[-88.7715,35.165],[-88.7805,35.1608]],[[-88.687,35.2686],[-88.6851,35.2769],[-88.6781,35.2759],[-88.6797,35.271]],[[-85.8337,36.5215],[-85.8321,36.5231]],[[-86.1326,36.5942],[-86.133,36.5941]],[[-86.1082,36.6332],[-86.1077,36.6352]],[[-86.1555,36.6368],[-86.1542,36.6371]],[[-86.0707,36.4945],[-86.0679,36.4966]],[[-86.2043,36.6091],[-86.202,36.609]],[[-86.1857,36.6091],[-86.1851,36.6094]],[[-88.8379,35.4297],[-88.8402,35.4319]],[[-89.0361,35.4318],[-89.0341,35.4316]],[[-89.0126,35.4679],[-89.0128,35.4795]],[[-88.9013,35.4686],[-88.9038,35.4795],[-88.8987,35.4875]],[[-88.9085,35.4407],[-88.9141,35.4436],[-88.9151,35.4385]],[[-88.9065,35.442],[-88.9089,35.4415]],[[-88.7422,35.5053],[-88.7399,35.5119]],[[-85.8305,35.1421],[-85.8089,35.1489]],[[-85.7748,35.1291],[-85.7823,35.137],[-85.7904,35.1375],[-85.789,35.1401],[-85.798,35.1439],[-85.8132,35.1453]],[[-85.492,35.1206],[-85.4868,35.1163],[-85.4796,35.1226]],[[-85.6308,35.0766],[-85.6306,35.0775]],[[-85.5799,35.0815],[-85.5804,35.0814]],[[-85.5141,35.2906],[-85.4999,35.2705]],[[-85.5814,35.0961],[-85.5819,35.0968]],[[-85.5695,35.2562],[-85.573,35.2562]],[[-85.7701,35.1549],[-85.7579,35.1677],[-85.7413,35.1655],[-85.7399,35.1566],[-85.7563,35.149]],[[-85.745,35.1906],[-85.7427,35.1906]],[[-85.55,35.0104],[-85.5492,35.0118]],[[-85.5051,35.2702],[-85.5207,35.2828],[-85.5233,35.2911],[-85.5204,35.2937]],[[-85.8391,35.1384],[-85.84,35.1383]],[[-85.5533,35.0067],[-85.5518,35.0096]],[[-85.5733,35.1354],[-85.5745,35.1362]],[[-85.594,35.265],[-85.5981,35.2546]],[[-86.8243,35.5169],[-86.8245,35.5169]],[[-86.7342,35.4704],[-86.7351,35.4649],[-86.7294,35.464],[-86.7263,35.4662],[-86.7288,35.4714]],[[-86.7068,35.2888],[-86.7061,35.2933]],[[-86.8939,35.3404],[-86.8937,35.3419]],[[-86.7532,35.2656],[-86.756,35.2712]],[[-86.7324,35.4644],[-86.7314,35.4702]],[[-86.6178,35.3419],[-86.6145,35.3418]],[[-86.8324,35.3752],[-86.8312,35.3771]],[[-86.7913,35.5789],[-86.7907,35.5776]],[[-86.7957,35.3833],[-86.8094,35.3791],[-86.8091,35.3755]],[[-86.7136,35.2893],[-86.7127,35.289]],[[-86.7355,35.6425],[-86.7393,35.643]],[[-87.1771,35.6086],[-87.1753,35.6078]],[[-87.2189,35.5659],[-87.2114,35.568]],[[-87.2063,35.5857],[-87.2263,35.5925]],[[-87.2939,35.565],[-87.2844,35.5658]],[[-86.9498,35.5661],[-86.938,35.5662]],[[-84.7044,35.5871],[-84.7013,35.5921],[-84.7049,35.5975]],[[-84.7628,35.503],[-84.765,35.505]],[[-84.9105,35.4122],[-84.9065,35.4243],[-84.8975,35.4277]],[[-84.742,35.6035],[-84.7464,35.6059],[-84.7434,35.611]],[[-84.6911,35.637],[-84.698,35.6402],[-84.6892,35.6433]],[[-84.7107,35.6812],[-84.7094,35.683]],[[-84.7104,35.6831],[-84.7097,35.6825]],[[-84.7189,35.5551],[-84.7217,35.5565]],[[-84.7424,35.5317],[-84.7492,35.5317]],[[-84.7799,35.5674],[-84.7692,35.5663]],[[-84.7123,35.647],[-84.7118,35.6514]],[[-84.8528,35.3703],[-84.8525,35.3706]],[[-84.6752,35.7103],[-84.6746,35.7063],[-84.6792,35.706]],[[-84.7035,35.7149],[-84.701,35.7208],[-84.7063,35.7286]],[[-84.8546,35.3628],[-84.8532,35.3696]],[[-84.8519,35.371],[-84.8398,35.3909]],[[-84.8598,35.5273],[-84.86,35.5219]],[[-84.7682,35.6121],[-84.7736,35.6112]],[[-84.8592,35.4655],[-84.8572,35.4743]],[[-84.716,35.6051],[-84.7117,35.6048]],[[-84.7681,35.6102],[-84.7661,35.6107]],[[-84.2726,35.4552],[-84.2718,35.456]],[[-84.2963,35.4072],[-84.2959,35.4081]],[[-84.0717,35.5021],[-84.0608,35.5045],[-84.0671,35.5077],[-84.0724,35.5263],[-84.071,35.537],[-84.0651,35.5397]],[[-84.3739,35.3244],[-84.3746,35.3238]],[[-84.4149,35.2909],[-84.4142,35.2912]],[[-84.3868,35.3471],[-84.388,35.348]],[[-84.2975,35.324],[-84.3004,35.3236]],[[-84.3216,35.2411],[-84.321,35.2411]],[[-84.1544,35.5561],[-84.1575,35.5568]],[[-84.3435,35.4089],[-84.344,35.4073]],[[-84.221,35.5249],[-84.221,35.5229]],[[-84.3262,35.2498],[-84.3253,35.2502]],[[-84.1595,35.3529],[-84.1615,35.3554]],[[-84.3594,35.4165],[-84.3525,35.4187]],[[-84.0495,35.4991],[-84.0467,35.4987]],[[-84.3713,35.5758],[-84.3738,35.5767]],[[-84.1505,35.3601],[-84.1505,35.3599]],[[-84.2908,35.405],[-84.2912,35.4062]],[[-84.4359,35.2783],[-84.4367,35.2765]],[[-84.4302,35.2647],[-84.4337,35.2674]],[[-84.4098,35.2667],[-84.4091,35.2652]],[[-84.2978,35.3237],[-84.2995,35.322]],[[-84.295,35.2937],[-84.2958,35.2943]],[[-84.3273,35.2216],[-84.3234,35.2209]],[[-84.2843,35.3653],[-84.2863,35.3658]],[[-84.4149,35.2791],[-84.4154,35.2791]],[[-84.1506,35.5247],[-84.1528,35.536]],[[-84.331,35.4607],[-84.3317,35.46]],[[-84.1791,35.4115],[-84.1777,35.4135]],[[-84.1837,35.5279],[-84.1705,35.5356]],[[-84.3593,35.4058],[-84.3581,35.406]],[[-84.3081,35.2564],[-84.3083,35.2557]],[[-84.1826,35.372],[-84.1796,35.3711]],[[-84.097,35.317],[-84.0979,35.315]],[[-84.3504,35.4764],[-84.3482,35.4758]],[[-84.2259,35.4707],[-84.2266,35.4715]],[[-84.1829,35.4103],[-84.1833,35.4102]],[[-84.3745,35.3211],[-84.3752,35.3217]],[[-84.4841,35.2832],[-84.4779,35.2889],[-84.4753,35.2867],[-84.4585,35.2915]],[[-84.4082,35.2846],[-84.4089,35.2852]],[[-84.3892,35.2545],[-84.3853,35.2471]],[[-84.2857,35.2576],[-84.2864,35.2571]],[[-84.3251,35.2456],[-84.3259,35.2447]],[[-84.1832,35.5288],[-84.184,35.531]],[[-84.1814,35.5284],[-84.1791,35.5302]],[[-84.3671,35.2573],[-84.3671,35.2647],[-84.3579,35.2754],[-84.3548,35.2766],[-84.3549,35.2735]],[[-84.3631,35.6166],[-84.3633,35.6216]],[[-84.3075,35.5606],[-84.3091,35.5624]],[[-84.2728,35.428],[-84.269,35.4345]],[[-84.2803,35.3659],[-84.2809,35.3663]],[[-84.1816,35.4073],[-84.1812,35.4066]],[[-84.3566,35.3502],[-84.3613,35.3511]],[[-84.4181,35.2844],[-84.4218,35.2843]],[[-84.4068,35.287],[-84.4085,35.2871]],[[-84.4279,35.2746],[-84.4312,35.2751]],[[-84.4373,35.2764],[-84.4356,35.2736],[-84.4396,35.2739]],[[-84.2747,35.2752],[-84.2757,35.2794]],[[-84.344,35.2442],[-84.3425,35.2436]],[[-84.3214,35.243],[-84.3206,35.2431]],[[-84.3296,35.2488],[-84.3297,35.248]],[[-84.3464,35.2256],[-84.3443,35.2251]],[[-84.2186,35.4208],[-84.2194,35.4175]],[[-84.1191,35.5397],[-84.1207,35.5332]],[[-84.3261,35.2498],[-84.3261,35.2505]],[[-84.3575,35.3026],[-84.3549,35.3005]],[[-84.3358,35.3244],[-84.3337,35.3205]],[[-84.1155,35.4769],[-84.1162,35.4769]],[[-84.2141,35.3735],[-84.2131,35.3718]],[[-84.2621,35.3028],[-84.2615,35.3017]],[[-84.1321,35.4272],[-84.1243,35.4408],[-84.1136,35.4451]],[[-84.2036,35.5588],[-84.2089,35.5474]],[[-84.5497,35.2376],[-84.5383,35.2312],[-84.5266,35.243],[-84.5019,35.2509],[-84.4849,35.263],[-84.4863,35.2671],[-84.495,35.2675],[-84.4808,35.2769],[-84.4828,35.2807]],[[-84.1832,35.371],[-84.1817,35.3716]],[[-84.2967,35.4082],[-84.2969,35.4082]],[[-84.1766,35.4073],[-84.1758,35.4071]],[[-84.1911,35.3855],[-84.1909,35.386]],[[-84.4037,35.3517],[-84.4031,35.3514]],[[-84.2542,35.3295],[-84.2542,35.3306]],[[-84.3241,35.2566],[-84.3241,35.2562]],[[-84.3346,35.2533],[-84.3329,35.2537]],[[-84.362,35.2679],[-84.3586,35.2677]],[[-84.1999,35.5673],[-84.2018,35.5668]],[[-84.1476,35.5793],[-84.1492,35.5845]],[[-84.1715,35.5882],[-84.1716,35.5865]],[[-84.3503,35.4764],[-84.35,35.4723]],[[-84.2546,35.4188],[-84.2522,35.419]],[[-84.2817,35.3865],[-84.2818,35.3816],[-84.2883,35.3801],[-84.2968,35.3835]],[[-84.1976,35.3832],[-84.1977,35.3904]],[[-84.4221,35.2877],[-84.4214,35.2875]],[[-84.321,35.3908],[-84.3205,35.3911]],[[-84.156,35.5543],[-84.1552,35.5562]],[[-84.1147,35.2497],[-84.111,35.2499]],[[-84.2312,35.526],[-84.2289,35.5273]],[[-84.0527,35.4987],[-84.0496,35.4984]],[[-84.1113,35.2967],[-84.1066,35.2991]],[[-84.1861,35.3599],[-84.1857,35.3607]],[[-84.4301,35.2641],[-84.4304,35.2643]],[[-84.3473,35.3639],[-84.3471,35.3604]],[[-84.142,35.3326],[-84.1334,35.3479]],[[-84.3535,35.4185],[-84.354,35.4193]],[[-84.1694,35.5825],[-84.1681,35.5811]],[[-84.323,35.6384],[-84.3221,35.635]],[[-84.316,35.5161],[-84.3138,35.5156]],[[-84.2062,35.2901],[-84.1869,35.3051],[-84.1863,35.3106]],[[-84.0803,35.2614],[-84.0814,35.2618]],[[-84.2981,35.4054],[-84.2982,35.4066]],[[-84.1751,35.3936],[-84.1761,35.3947]],[[-84.448,35.2972],[-84.4524,35.297]],[[-84.4299,35.2772],[-84.4359,35.2763]],[[-84.426,35.2659],[-84.4279,35.2668]],[[-84.2643,35.3046],[-84.264,35.3039]],[[-84.2699,35.2991],[-84.2698,35.2986]],[[-84.3038,35.2654],[-84.3008,35.2734]],[[-84.31,35.2394],[-84.3089,35.2339]],[[-84.3243,35.3925],[-84.3245,35.3933]],[[-84.1168,35.2515],[-84.1157,35.2508]],[[-84.2585,35.2802],[-84.2583,35.2773]],[[-84.2723,35.4078],[-84.2638,35.4088]],[[-84.2037,35.5007],[-84.2085,35.5002]],[[-84.0659,35.4881],[-84.0665,35.4922],[-84.0618,35.4896]],[[-84.1733,35.3946],[-84.174,35.3957]],[[-84.3833,35.3562],[-84.3816,35.3556]],[[-84.3837,35.3558],[-84.3818,35.355]],[[-84.4247,35.2724],[-84.4264,35.274]],[[-84.3051,35.338],[-84.3041,35.3363]],[[-84.2917,35.2541],[-84.2907,35.2539]],[[-84.0953,35.2484],[-84.107,35.2523],[-84.1096,35.2501]],[[-84.1454,35.4639],[-84.1406,35.4626]],[[-84.2188,35.5278],[-84.2235,35.5341]],[[-84.1554,35.5482],[-84.1539,35.5441]],[[-84.3501,35.305],[-84.3516,35.3064]],[[-84.3611,35.412],[-84.3605,35.4112]],[[-84.285,35.3984],[-84.2807,35.3959]],[[-84.2938,35.2565],[-84.295,35.2533]],[[-87.513,36.4072],[-87.5146,36.4072]],[[-87.4213,36.4017],[-87.4188,36.407]],[[-87.6036,36.4562],[-87.6031,36.4519]],[[-87.5068,36.6251],[-87.5176,36.6285],[-87.5164,36.6328],[-87.5231,36.6395]],[[-87.4962,36.64],[-87.523,36.6394]],[[-87.5573,36.6388],[-87.537,36.6391]],[[-87.5952,36.4102],[-87.5951,36.4132]],[[-87.4614,36.3314],[-87.4604,36.3356]],[[-87.6033,36.4533],[-87.617,36.453],[-87.6199,36.4602]],[[-87.5895,36.4497],[-87.5884,36.4458]],[[-87.507,36.4211],[-87.5068,36.4165]],[[-87.2868,36.6327],[-87.2866,36.6315]],[[-87.2948,36.4348],[-87.3005,36.4355],[-87.3041,36.4455]],[[-87.3067,36.4386],[-87.3017,36.4395]],[[-87.2848,36.3299],[-87.2892,36.3277],[-87.294,36.3331]],[[-87.5812,36.353],[-87.5696,36.3588]],[[-87.5828,36.4406],[-87.5857,36.4402],[-87.584,36.4376]],[[-87.2983,36.4348],[-87.3031,36.4321]],[[-87.2833,36.3367],[-87.2877,36.3425]],[[-87.4794,36.4474],[-87.4777,36.4473]],[[-87.6125,36.4706],[-87.6087,36.4755]],[[-87.5418,36.4725],[-87.5407,36.4735]],[[-87.2674,36.4295],[-87.2729,36.4356]],[[-87.2925,36.3351],[-87.2924,36.3373]],[[-87.6169,36.4933],[-87.6047,36.4907]],[[-87.6092,36.4746],[-87.6067,36.4745]],[[-87.5386,36.4875],[-87.5329,36.4846]],[[-87.5845,36.4527],[-87.586,36.4555]],[[-87.6087,36.4847],[-87.6148,36.4823]],[[-87.6237,36.4974],[-87.6137,36.4962],[-87.5941,36.5018]],[[-86.2979,35.3037],[-86.3054,35.3052]],[[-84.4422,36.0559],[-84.4416,36.0569]],[[-84.4656,36.1906],[-84.4592,36.1871],[-84.4612,36.182],[-84.4496,36.1685],[-84.4439,36.1671]],[[-84.4522,36.1963],[-84.4594,36.1848]],[[-84.4494,36.0495],[-84.4419,36.0568]],[[-84.4543,36.1778],[-84.455,36.1777]],[[-84.38,36.0628],[-84.3791,36.0619]],[[-84.4447,36.0641],[-84.4371,36.0837]],[[-84.711,35.9996],[-84.7092,35.9988]],[[-89.1917,36.257],[-89.1949,36.2314],[-89.191,36.2328],[-89.1902,36.2292],[-89.1736,36.2418],[-89.1565,36.2427]],[[-89.1521,36.2154],[-89.152,36.218]],[[-89.1878,36.271],[-89.1878,36.2753]],[[-89.106,36.2249],[-89.1107,36.2258]],[[-89.1944,36.2058],[-89.1949,36.2314]],[[-88.9167,36.4473],[-88.9167,36.4451]],[[-89.1635,36.2163],[-89.1636,36.2205]],[[-88.8559,36.4135],[-88.8723,36.4137]],[[-88.8879,36.4958],[-88.8871,36.4949]],[[-89.1041,36.206],[-89.1047,36.2043]],[[-89.1582,36.3266],[-89.1613,36.3266]],[[-89.0573,36.2711],[-89.0613,36.2703]],[[-89.1528,36.2159],[-89.1527,36.2172]],[[-88.959,36.4144],[-88.9589,36.4207]],[[-89.1551,36.3166],[-89.1571,36.3154]],[[-89.1536,36.2897],[-89.1536,36.2915]],[[-88.92,36.4332],[-88.9242,36.4406]],[[-88.9089,36.4355],[-88.906,36.4353]],[[-88.9644,36.4198],[-88.9654,36.4139]],[[-89.2289,36.3371],[-89.2314,36.3407]],[[-89.1511,36.3634],[-89.151,36.3667]],[[-88.8929,36.4732],[-88.8922,36.4729]],[[-85.1345,36.2361],[-85.1323,36.2362]],[[-85.4536,36.491],[-85.4497,36.491]],[[-85.3794,36.5063],[-85.381,36.5075]],[[-85.1206,36.386],[-85.1261,36.3942]],[[-87.9844,35.555],[-87.9963,35.5653],[-87.9918,35.5716],[-87.9889,35.5691],[-87.9767,35.5727]],[[-87.8721,35.6314],[-87.8809,35.6326],[-87.8957,35.6442],[-87.9092,35.6466],[-87.9152,35.6515],[-87.9307,35.6475],[-87.9577,35.6494],[-87.9727,35.6446],[-87.9768,35.6346],[-87.9877,35.6346]],[[-87.69,35.5114],[-87.6986,35.5115]],[[-87.7377,35.7679],[-87.7358,35.7746],[-87.7248,35.7833]],[[-87.7583,35.7233],[-87.7531,35.7218],[-87.7495,35.731],[-87.7315,35.7361]],[[-87.8023,35.7541],[-87.8124,35.7699]],[[-87.9392,35.6668],[-87.9485,35.668],[-87.9475,35.6725]],[[-87.7261,35.6545],[-87.7327,35.6558]],[[-87.7914,35.5766],[-87.7866,35.5744]],[[-87.7627,35.6733],[-87.775,35.6744],[-87.7853,35.681],[-87.784,35.684],[-87.7651,35.685]],[[-87.8701,35.7734],[-87.8993,35.7867]],[[-87.8793,35.7953],[-87.8701,35.8008],[-87.8353,35.7976],[-87.8286,35.8019]],[[-87.7981,35.832],[-87.7919,35.8357]],[[-87.9577,35.8038],[-87.9564,35.8017]],[[-87.9127,35.5806],[-87.9163,35.5808]],[[-87.9918,35.5716],[-87.9872,35.5789],[-87.9922,35.5944]],[[-87.9909,35.6736],[-87.9858,35.6797]],[[-87.7243,35.6504],[-87.7249,35.6508]],[[-87.8093,35.5526],[-87.7986,35.5546],[-87.7962,35.5585],[-87.7918,35.5569],[-87.797,35.5456]],[[-87.7337,35.6576],[-87.7431,35.6634]],[[-87.921,35.8121],[-87.9198,35.8147]],[[-87.8923,35.5394],[-87.9003,35.5503],[-87.8841,35.5602],[-87.8821,35.5654]],[[-87.9365,35.7004],[-87.9339,35.713]],[[-87.7684,35.5317],[-87.7631,35.5406],[-87.7461,35.5456],[-87.7419,35.5545],[-87.7545,35.5613],[-87.771,35.5557],[-87.7918,35.5569]],[[-87.7818,35.6018],[-87.7785,35.6082],[-87.7507,35.6072]],[[-87.9662,35.7876],[-87.955,35.7871],[-87.9441,35.7997],[-87.9337,35.797]],[[-87.7258,35.7838],[-87.7262,35.7885]],[[-87.9485,35.668],[-87.9566,35.6662],[-87.9787,35.6709]],[[-87.7834,35.508],[-87.7834,35.5237],[-87.8032,35.5303],[-87.8132,35.5296],[-87.8218,35.535]],[[-87.8368,35.4646],[-87.8268,35.471],[-87.8288,35.4761]],[[-87.8295,35.7646],[-87.8379,35.7701],[-87.8374,35.7859],[-87.8451,35.7879],[-87.855,35.7978]],[[-87.798,35.8315],[-87.7884,35.8319]],[[-87.8396,35.6922],[-87.8589,35.6948],[-87.8643,35.6999],[-87.9115,35.6929]],[[-87.9223,35.8119],[-87.9218,35.8141]],[[-87.8478,35.7535],[-87.8681,35.7728]],[[-87.9324,35.609],[-87.9343,35.6115],[-87.9392,35.6064],[-87.9447,35.6089],[-87.9486,35.6214]],[[-87.7484,35.626],[-87.75,35.6267]],[[-87.7356,35.8103],[-87.7395,35.8112],[-87.7454,35.8275]],[[-87.8635,35.6019],[-87.8777,35.6128]],[[-87.9732,35.5759],[-87.9827,35.5834],[-87.9873,35.5813]],[[-87.7156,35.6395],[-87.705,35.635]],[[-87.7343,35.6233],[-87.7353,35.6272],[-87.7293,35.6275],[-87.7262,35.6341],[-87.7325,35.6427],[-87.7274,35.6452]],[[-87.8137,35.6146],[-87.8134,35.6157]],[[-87.8021,35.7799],[-87.7938,35.7876]],[[-87.9535,35.8045],[-87.9538,35.7999],[-87.9485,35.7977]],[[-87.7178,35.8315],[-87.7422,35.83]],[[-87.9336,35.5001],[-87.9371,35.51],[-87.9502,35.5128]],[[-87.875,35.7298],[-87.8754,35.7429],[-87.8933,35.7423],[-87.9026,35.7489],[-87.9347,35.7509]],[[-87.6981,35.6381],[-87.7203,35.6497]],[[-87.8551,35.5076],[-87.8732,35.5157],[-87.8731,35.5226]],[[-87.8362,35.7818],[-87.8309,35.7988]],[[-87.7264,35.7879],[-87.7269,35.7885]],[[-87.8263,35.7495],[-87.8345,35.7552]],[[-84.6075,35.0993],[-84.6077,35.099]],[[-84.6075,35.0991],[-84.6075,35.0988]],[[-84.5324,35.0525],[-84.5359,35.0517],[-84.519,35.0708],[-84.5221,35.072]],[[-84.5699,34.9883],[-84.5713,34.9883]],[[-84.4188,35.0956],[-84.4131,35.0989],[-84.4196,35.0973]],[[-84.5604,35.2273],[-84.5595,35.2196],[-84.57,35.204],[-84.5693,35.1972]],[[-84.5922,34.993],[-84.5838,34.9891],[-84.5751,34.9917],[-84.573,34.9883]],[[-84.6075,35.099],[-84.6072,35.0989]],[[-84.4482,35.126],[-84.44,35.1318],[-84.4351,35.1288],[-84.4299,35.1322],[-84.434,35.1369],[-84.429,35.1424],[-84.4246,35.1398],[-84.424,35.1434]],[[-84.5796,35.1994],[-84.5742,35.2088],[-84.5686,35.2051]],[[-84.5835,35.0806],[-84.5793,35.0891]],[[-84.3854,35.2158],[-84.3923,35.221]],[[-84.5856,34.9883],[-84.588,34.9903]],[[-84.584,35.0218],[-84.5792,35.0211],[-84.5733,35.0278],[-84.5668,35.0289],[-84.5625,35.0372]],[[-84.4672,35.0178],[-84.4747,35.0191],[-84.4734,35.0255],[-84.4815,35.0295],[-84.4725,35.0441],[-84.4786,35.0476],[-84.479,35.0539],[-84.4865,35.0552],[-84.4842,35.0589],[-84.5176,35.0515],[-84.523,35.0522],[-84.5249,35.0629]],[[-84.4292,35.1423],[-84.4251,35.1523],[-84.4135,35.1601],[-84.4091,35.1583]],[[-84.722,35.0367],[-84.7146,35.0454],[-84.7102,35.0452],[-84.7099,35.051],[-84.7029,35.0575]],[[-84.4942,35.0565],[-84.4971,35.0577]],[[-84.4808,35.2798],[-84.4828,35.2807]],[[-84.4879,35.0593],[-84.4973,35.0599],[-84.4966,35.0651],[-84.4814,35.0761]],[[-84.3165,35.1729],[-84.3038,35.1854],[-84.2954,35.1856]],[[-84.4494,35.1261],[-84.4549,35.1219],[-84.4718,35.1245]],[[-84.5157,35.1033],[-84.5185,35.0977],[-84.5222,35.0983]],[[-84.4671,35.2613],[-84.4729,35.2677],[-84.4838,35.2707],[-84.4928,35.2674]],[[-84.6383,35.0175],[-84.6287,35.0282],[-84.6285,35.043]],[[-84.4064,35.0996],[-84.3989,35.1057],[-84.3977,35.1158],[-84.3937,35.1183],[-84.4001,35.1246],[-84.3971,35.1283],[-84.4044,35.1342],[-84.405,35.1403],[-84.4109,35.1442],[-84.4251,35.1335],[-84.4328,35.1352]],[[-84.5001,35.0395],[-84.4975,35.0457],[-84.4855,35.0493],[-84.4874,35.0529],[-84.484,35.055]],[[-84.6088,35.149],[-84.6082,35.1509]],[[-85.3427,36.121],[-85.338,36.1254]],[[-85.2405,36.1205],[-85.2402,36.1224]],[[-85.2418,36.1322],[-85.243,36.132]],[[-85.5854,36.0615],[-85.5845,36.0608]],[[-85.7608,36.2316],[-85.7618,36.2256],[-85.7541,36.2244]],[[-85.6485,36.1145],[-85.6477,36.1169]],[[-85.774,36.1276],[-85.771,36.1261],[-85.7755,36.1261],[-85.7759,36.1225],[-85.761,36.1175]],[[-85.7911,36.1409],[-85.7932,36.1445]],[[-85.4175,36.183],[-85.4191,36.1911]],[[-85.2337,36.1322],[-85.2329,36.1325]],[[-85.3221,36.069],[-85.3165,36.0739]],[[-85.7464,36.2071],[-85.7467,36.2079]],[[-85.6716,36.1745],[-85.6708,36.174]],[[-85.5292,36.2176],[-85.5335,36.2173]],[[-85.2662,36.1047],[-85.268,36.1002]],[[-85.3373,36.125],[-85.3379,36.124]],[[-85.6461,36.0269],[-85.6458,36.0279]],[[-85.4876,36.2761],[-85.4878,36.2783]],[[-85.2879,36.0382],[-85.2849,36.0395]],[[-85.3194,36.0708],[-85.3215,36.0719]],[[-85.4136,36.1216],[-85.4156,36.1238]],[[-85.2957,36.0641],[-85.297,36.0701]],[[-85.3445,36.1175],[-85.343,36.112],[-85.3373,36.114]],[[-85.1873,36.1162],[-85.1909,36.119]],[[-85.6483,36.1193],[-85.6482,36.123],[-85.6505,36.1184],[-85.6589,36.1195]],[[-85.7234,36.1761],[-85.7211,36.1767]],[[-85.7537,36.1505],[-85.7581,36.1542]],[[-85.3476,36.1231],[-85.3467,36.1265]],[[-85.3622,36.0472],[-85.3668,36.0601],[-85.36,36.0662],[-85.3653,36.0746],[-85.3541,36.0814]],[[-85.3358,36.1198],[-85.3372,36.125]],[[-85.3371,36.1193],[-85.3373,36.1232]],[[-85.2415,36.134],[-85.2419,36.1335]],[[-85.7425,36.1214],[-85.728,36.12]],[[-85.7642,36.1193],[-85.77,36.1205]],[[-85.5051,36.2359],[-85.5048,36.2356]],[[-85.3598,36.1945],[-85.3555,36.1968],[-85.3515,36.1934],[-85.3456,36.2064],[-85.3469,36.2137],[-85.3458,36.207]],[[-85.3026,36.1288],[-85.3055,36.1355],[-85.2986,36.1364]],[[-85.3359,36.0888],[-85.3497,36.0983],[-85.349,36.1015],[-85.3497,36.0931],[-85.3634,36.0919]],[[-85.3244,36.0465],[-85.3183,36.0492],[-85.3162,36.0391],[-85.305,36.0419]],[[-85.7032,36.1953],[-85.6959,36.1957],[-85.6959,36.2029]],[[-85.7951,36.1579],[-85.7945,36.1561]],[[-85.7392,36.1098],[-85.7408,36.1128]],[[-85.2652,36.1087],[-85.2747,36.1159],[-85.2814,36.1134],[-85.2842,36.1205]],[[-85.266,36.1034],[-85.2589,36.1048]],[[-85.7706,36.1356],[-85.761,36.1227],[-85.7536,36.123]],[[-85.7274,36.161],[-85.7293,36.1607]],[[-85.5306,36.2108],[-85.5305,36.2156]],[[-84.809,35.6664],[-84.8087,35.6687]],[[-84.9244,35.6195],[-84.9107,35.6392],[-84.9038,35.6432],[-84.8995,35.6535]],[[-84.8046,35.6651],[-84.8075,35.6663]],[[-84.8163,35.7606],[-84.8016,35.7697]],[[-84.7529,35.7935],[-84.7547,35.7942]],[[-84.7823,35.7823],[-84.7822,35.7822]],[[-85.031,35.4579],[-85.0299,35.4572]],[[-84.8062,35.6661],[-84.8072,35.6679]],[[-85.0214,35.5263],[-85.0223,35.5278]],[[-84.4473,35.8546],[-84.447,35.8567]],[[-84.5725,35.8457],[-84.574,35.846]],[[-84.5054,35.7586],[-84.5082,35.7609]],[[-84.5703,35.7167],[-84.5687,35.7195]],[[-84.3986,35.9744],[-84.397,35.9745]],[[-84.3774,35.861],[-84.3761,35.8599]],[[-84.5056,35.782],[-84.5068,35.7807]],[[-84.5709,35.7171],[-84.5698,35.7187]],[[-84.716,35.8747],[-84.7072,35.8831],[-84.7033,35.8948]],[[-84.6464,35.9062],[-84.6261,35.9096]],[[-84.374,35.9322],[-84.3682,35.9368],[-84.3582,35.933],[-84.3438,35.9389]],[[-84.4107,35.8737],[-84.4103,35.8717]],[[-84.6158,35.767],[-84.6163,35.7681]],[[-84.4973,35.7871],[-84.499,35.7874]],[[-84.3544,35.8365],[-84.3514,35.8393]],[[-84.4097,35.7821],[-84.4083,35.7906]],[[-84.5186,35.8665],[-84.5186,35.8663]],[[-84.6647,35.7168],[-84.6644,35.7172]],[[-84.5689,35.7603],[-84.5671,35.7627]],[[-84.6152,35.7722],[-84.6153,35.7744]],[[-84.5037,35.78],[-84.5071,35.7796]],[[-84.6218,35.865],[-84.6147,35.8679],[-84.6065,35.8647]],[[-84.5468,35.9604],[-84.5467,35.9622]],[[-84.3543,35.9314],[-84.3523,35.9289]],[[-84.3562,35.9336],[-84.3556,35.9331]],[[-84.5349,35.8074],[-84.5548,35.789]],[[-84.3882,35.9103],[-84.3885,35.9112]],[[-84.4232,35.7875],[-84.427,35.7823]],[[-84.5802,35.8612],[-84.5778,35.8618]],[[-84.4926,35.7896],[-84.4988,35.781]],[[-84.6093,35.6662],[-84.6079,35.6652]],[[-84.6302,35.8622],[-84.6276,35.8651]],[[-84.3984,35.9755],[-84.3974,35.9756]],[[-84.5276,35.7576],[-84.5213,35.7569],[-84.5226,35.7524]],[[-86.4647,35.9669],[-86.4713,35.9796]],[[-86.5676,35.9041],[-86.5663,35.9049]],[[-86.5777,35.9051],[-86.5779,35.9049]],[[-86.4698,35.9721],[-86.476,35.9725]],[[-86.2238,35.702],[-86.2196,35.7062]],[[-86.2197,35.7151],[-86.2302,35.7133],[-86.2232,35.7037]],[[-86.3032,35.8555],[-86.2983,35.8609]],[[-84.3915,36.2445],[-84.3933,36.2481],[-84.3902,36.2449]],[[-84.4137,36.2322],[-84.4097,36.2289]],[[-84.4153,36.2248],[-84.4148,36.225]],[[-84.4132,36.2195],[-84.4084,36.2189]],[[-84.4132,36.1964],[-84.4184,36.2033]],[[-84.3915,36.2112],[-84.3932,36.2078]],[[-84.4142,36.1957],[-84.4129,36.1987]],[[-84.4146,36.1978],[-84.4142,36.1975]],[[-84.418,36.2126],[-84.4183,36.2108]],[[-84.488,36.4416],[-84.4896,36.4414]],[[-84.3979,36.5513],[-84.3903,36.5535],[-84.3786,36.548]],[[-84.3796,36.5005],[-84.3729,36.4919]],[[-84.3617,36.4974],[-84.3649,36.5016]],[[-84.3649,36.3041],[-84.3828,36.3055]],[[-84.4276,36.2585],[-84.4261,36.2567]],[[-84.4108,36.2303],[-84.4027,36.2235]],[[-84.4107,36.2208],[-84.4039,36.2209],[-84.4062,36.2181]],[[-84.4133,36.1953],[-84.4142,36.1974]],[[-84.3886,36.2062],[-84.3879,36.2072]],[[-84.4078,36.2276],[-84.4052,36.2255],[-84.409,36.2227]],[[-84.4109,36.1862],[-84.4144,36.1901],[-84.4031,36.1887],[-84.3949,36.1955]],[[-84.5281,36.3514],[-84.5323,36.3532]],[[-84.284,36.5277],[-84.2953,36.5214],[-84.3101,36.5239],[-84.3375,36.5163],[-84.3397,36.5094],[-84.3326,36.5024]],[[-84.3622,36.5217],[-84.357,36.5248],[-84.3579,36.532],[-84.3752,36.5314],[-84.3747,36.5251],[-84.368,36.521],[-84.3631,36.5231],[-84.3604,36.5142],[-84.3551,36.5126]],[[-84.3584,36.5111],[-84.3541,36.5113]],[[-84.3889,36.5527],[-84.3761,36.5554]],[[-84.3397,36.497],[-84.3376,36.4965]],[[-84.373,36.4909],[-84.3734,36.4929]],[[-84.3742,36.4993],[-84.3712,36.498],[-84.3729,36.5009]],[[-84.3396,36.4985],[-84.3454,36.4993],[-84.35,36.4948]],[[-84.5003,36.5092],[-84.4989,36.5088]],[[-84.4099,36.2287],[-84.4081,36.2278]],[[-84.3977,36.1969],[-84.4064,36.2025],[-84.4015,36.2054]],[[-84.3961,36.2071],[-84.3889,36.2059]],[[-84.4518,36.2746],[-84.4385,36.2702],[-84.438,36.2658],[-84.4302,36.261]],[[-84.4129,36.1981],[-84.4117,36.1979]],[[-84.445,36.1793],[-84.441,36.1818]],[[-84.4457,36.1795],[-84.4414,36.1813]],[[-84.3752,36.5329],[-84.3759,36.5338]],[[-84.3819,36.4306],[-84.3791,36.4402],[-84.3747,36.4418]],[[-84.3716,36.3057],[-84.3704,36.3059]],[[-84.3749,36.3044],[-84.3704,36.305]],[[-84.4047,36.2184],[-84.3996,36.2188]],[[-84.4171,36.2292],[-84.416,36.2341]],[[-84.3913,36.21],[-84.3898,36.2086]],[[-84.4142,36.2151],[-84.4139,36.2148]],[[-84.4068,36.2183],[-84.4059,36.2203]],[[-84.4038,36.2208],[-84.4035,36.2245]],[[-84.4064,36.2267],[-84.4033,36.2222]],[[-84.388,36.2064],[-84.3903,36.2079]],[[-84.4045,36.2209],[-84.4035,36.2217]],[[-84.415,36.2218],[-84.4082,36.2209]],[[-84.4477,36.3223],[-84.4509,36.3208]],[[-84.4896,36.3885],[-84.4964,36.3886],[-84.4985,36.3841]],[[-84.4269,36.5111],[-84.4301,36.5151],[-84.4179,36.5083],[-84.4077,36.5083],[-84.4011,36.4991],[-84.383,36.5043],[-84.3785,36.5004],[-84.368,36.5011],[-84.3581,36.512],[-84.3328,36.5025]],[[-84.3519,36.5125],[-84.3499,36.514]],[[-84.2563,36.5657],[-84.2616,36.5595],[-84.2603,36.5383]],[[-84.3543,36.5087],[-84.3587,36.511]],[[-84.3372,36.4965],[-84.3371,36.4954]],[[-84.3746,36.3063],[-84.3678,36.3087]],[[-84.4001,36.3271],[-84.3976,36.3323],[-84.3929,36.3327]],[[-84.415,36.2386],[-84.4227,36.2409]],[[-84.4214,36.2297],[-84.4208,36.2302]],[[-84.3921,36.2026],[-84.3943,36.2021]],[[-84.4723,36.366],[-84.4773,36.3718]],[[-84.4821,36.3759],[-84.4837,36.3751]],[[-84.476,36.3702],[-84.4714,36.3755]],[[-84.356,36.5076],[-84.35,36.5065]],[[-84.3791,36.5227],[-84.3686,36.5211]],[[-84.397,36.4387],[-84.3897,36.429]],[[-84.4738,36.3072],[-84.4712,36.3085]],[[-84.3931,36.2482],[-84.3954,36.253]],[[-84.4191,36.2322],[-84.4221,36.2334]],[[-84.4137,36.1968],[-84.4138,36.1981]],[[-84.4196,36.2295],[-84.419,36.2296]],[[-84.4187,36.2273],[-84.4174,36.2289]],[[-84.415,36.1972],[-84.4143,36.1975]],[[-84.4124,36.1965],[-84.4145,36.1962]],[[-84.4939,36.2735],[-84.4932,36.2772]],[[-84.3753,36.5329],[-84.3755,36.531]],[[-84.6189,36.5269],[-84.6233,36.5245]],[[-84.3638,36.3032],[-84.3719,36.3043]],[[-84.4108,36.2221],[-84.4122,36.2208]],[[-84.4075,36.2188],[-84.4065,36.2188]],[[-84.4089,36.2191],[-84.4097,36.2204]],[[-84.3435,36.4997],[-84.3484,36.5078],[-84.3328,36.5021]],[[-84.3578,36.5344],[-84.3596,36.533]],[[-84.3759,36.4909],[-84.3775,36.497]],[[-84.338,36.4952],[-84.3414,36.4951]],[[-84.4034,36.2244],[-84.4019,36.2189]],[[-84.4015,36.2052],[-84.3993,36.2025]],[[-84.4237,36.2303],[-84.4242,36.2296]],[[-84.4421,36.1805],[-84.4396,36.1811],[-84.4398,36.1663]],[[-84.4882,36.3885],[-84.4883,36.3885]],[[-84.3329,36.5022],[-84.3345,36.5015]],[[-84.3629,36.4982],[-84.3605,36.5005]],[[-85.4674,35.5402],[-85.4684,35.5402]],[[-85.5567,35.3088],[-85.5409,35.32],[-85.5175,35.3219],[-85.5184,35.3267],[-85.5048,35.3221],[-85.4993,35.3272],[-85.5032,35.3306],[-85.4983,35.3315],[-85.4952,35.3229],[-85.4846,35.3185],[-85.4934,35.3117],[-85.4893,35.3074]],[[-85.389,35.2655],[-85.3812,35.2652],[-85.3799,35.2607]],[[-85.5339,35.5465],[-85.5385,35.5417],[-85.5367,35.5336],[-85.5255,35.5386],[-85.5103,35.5347]],[[-85.5336,35.4937],[-85.5277,35.51],[-85.5363,35.5234],[-85.5424,35.5241]],[[-85.4077,35.4955],[-85.4076,35.4992]],[[-85.3662,35.4606],[-85.3717,35.4593],[-85.3843,35.4428],[-85.3869,35.427]],[[-85.5021,35.3089],[-85.5088,35.3096],[-85.5138,35.3209],[-85.542,35.321]],[[-85.4014,35.2236],[-85.3955,35.2276],[-85.3912,35.2156],[-85.3835,35.2154]],[[-85.444,35.378],[-85.4512,35.3807]],[[-85.4155,35.4524],[-85.4102,35.4517]],[[-85.3875,35.2276],[-85.3905,35.2354]],[[-85.3956,35.2276],[-85.3956,35.2289]],[[-85.4955,35.5342],[-85.4978,35.5256],[-85.5154,35.5256],[-85.5161,35.5161],[-85.5302,35.5139]],[[-85.5154,35.5256],[-85.5078,35.5315]],[[-85.5389,35.5244],[-85.5423,35.5301],[-85.5367,35.5336]],[[-85.3695,35.4535],[-85.3669,35.4605]],[[-85.4449,35.5151],[-85.4435,35.5223],[-85.4347,35.5263]],[[-85.4381,35.5224],[-85.4406,35.5251]],[[-85.3983,35.2495],[-85.4032,35.2524]],[[-85.527,35.4621],[-85.521,35.4747]],[[-85.5604,35.5014],[-85.5606,35.5016]],[[-85.3815,35.461],[-85.3847,35.4556],[-85.3726,35.4581]],[[-85.4053,35.4175],[-85.4172,35.4335]],[[-85.4686,35.5342],[-85.4589,35.5333]],[[-85.5524,35.5348],[-85.5505,35.5418],[-85.5381,35.5428]],[[-85.4785,35.4777],[-85.4784,35.4827],[-85.492,35.4843],[-85.4927,35.4979],[-85.4963,35.4985]],[[-85.5855,35.517],[-85.6073,35.5317]],[[-85.5308,35.297],[-85.5316,35.3075]],[[-85.4921,35.3206],[-85.4865,35.3282]],[[-85.4912,35.3286],[-85.4974,35.3309]],[[-85.392,35.2295],[-85.3905,35.2307]],[[-85.3547,35.2501],[-85.359,35.2582]],[[-85.41,35.478],[-85.4044,35.4788],[-85.4079,35.4926]],[[-85.3565,35.2512],[-85.3625,35.2528],[-85.3646,35.2595],[-85.3812,35.2652]],[[-85.4487,35.4451],[-85.4492,35.4488],[-85.4392,35.4501]],[[-85.4175,35.4087],[-85.4147,35.4076],[-85.4173,35.4011]],[[-85.5723,35.5085],[-85.5732,35.5093]],[[-85.4383,35.4566],[-85.4215,35.4602],[-85.4027,35.4579]],[[-85.419,35.4837],[-85.4166,35.4813]],[[-85.5336,35.3208],[-85.5327,35.3225]],[[-85.5702,35.5137],[-85.5651,35.5155]],[[-83.463,35.8051],[-83.4617,35.808]],[[-83.485,35.7919],[-83.4829,35.7908]],[[-83.4958,35.8177],[-83.4963,35.8167]],[[-83.4553,35.7916],[-83.4517,35.7928]],[[-83.4249,35.846],[-83.4306,35.8454]],[[-83.4381,35.8211],[-83.4385,35.8226]],[[-83.4457,35.8413],[-83.4446,35.8401]],[[-83.4959,35.8283],[-83.4941,35.8295]],[[-83.462,35.8053],[-83.4614,35.8031]],[[-83.4665,35.8051],[-83.4685,35.8046]],[[-83.4233,35.8025],[-83.4279,35.8038],[-83.4283,35.7986]],[[-83.4068,35.834],[-83.4054,35.8333]],[[-83.5817,35.7573],[-83.586,35.7542]],[[-83.6493,35.8048],[-83.6496,35.8049]],[[-83.6232,35.787],[-83.6246,35.7886]],[[-83.6433,35.8245],[-83.6426,35.8247]],[[-83.6158,35.8207],[-83.618,35.8215]],[[-83.602,35.8147],[-83.5995,35.8135]],[[-83.6533,35.8039],[-83.6533,35.8019]],[[-83.6675,35.738],[-83.6525,35.7403]],[[-83.6255,35.7999],[-83.627,35.8018]],[[-83.622,35.8056],[-83.6235,35.8066]],[[-83.6264,35.8083],[-83.6254,35.8083]],[[-83.6318,35.7918],[-83.6327,35.7923]],[[-83.6206,35.8027],[-83.6203,35.8022]],[[-83.6236,35.8037],[-83.6225,35.8034]],[[-83.4648,35.8844],[-83.4655,35.8869]],[[-83.5411,35.8085],[-83.5424,35.8107]],[[-83.5194,35.7884],[-83.52,35.7885]],[[-83.5173,35.8064],[-83.5214,35.8054]],[[-83.608,35.897],[-83.6078,35.8992]],[[-83.6045,35.893],[-83.6076,35.8942]],[[-83.6444,35.9212],[-83.6437,35.922]],[[-83.6411,36.0132],[-83.6436,36.0133]],[[-83.663,36.0209],[-83.6612,36.0209]],[[-83.646,36.013],[-83.6461,36.0123]],[[-83.6363,36.0105],[-83.6355,36.007]],[[-83.6763,35.9003],[-83.6749,35.9012]],[[-83.5345,35.7036],[-83.5375,35.7045]],[[-83.5362,35.7036],[-83.5364,35.7042]],[[-83.5655,35.7044],[-83.5658,35.7025]],[[-83.4686,35.8057],[-83.4679,35.8056]],[[-83.4919,35.7869],[-83.4932,35.79]],[[-83.4727,35.7919],[-83.4737,35.794]],[[-83.5011,35.7821],[-83.5,35.7823]],[[-83.4512,35.8085],[-83.4535,35.8085]],[[-83.4388,35.8232],[-83.4372,35.8225]],[[-83.577,35.7529],[-83.5781,35.7529]],[[-83.6463,35.8219],[-83.6426,35.8247]],[[-83.6354,35.8158],[-83.6352,35.8158]],[[-83.6381,35.8023],[-83.6386,35.8023]],[[-83.6401,35.8049],[-83.6397,35.8041]],[[-83.6257,35.8002],[-83.627,35.8005]],[[-83.6148,35.7955],[-83.6155,35.7949]],[[-83.4656,35.8871],[-83.4662,35.887]],[[-83.4618,35.8862],[-83.4619,35.8872]],[[-83.5047,35.8063],[-83.5059,35.807]],[[-83.5066,35.8324],[-83.5071,35.8333]],[[-83.5606,35.8288],[-83.5597,35.8291]],[[-83.5667,35.8289],[-83.5606,35.8289]],[[-83.6475,36.0178],[-83.6431,36.0165]],[[-83.6215,35.9697],[-83.6205,35.9711]],[[-83.6576,36.0315],[-83.6585,36.0322]],[[-83.6439,35.9696],[-83.6433,35.9675]],[[-83.6331,35.9816],[-83.6309,35.9807]],[[-83.6327,35.9978],[-83.6356,36.0003]],[[-83.6586,35.924],[-83.6539,35.9176]],[[-83.4998,35.7927],[-83.4992,35.792]],[[-83.4915,35.7888],[-83.4926,35.7887]],[[-83.473,35.7926],[-83.472,35.7915]],[[-83.4159,35.7871],[-83.415,35.7891]],[[-83.6248,35.791],[-83.6268,35.7892]],[[-83.6273,35.8181],[-83.6269,35.8173]],[[-83.6258,35.8041],[-83.6248,35.8023]],[[-83.6383,35.8018],[-83.639,35.8018]],[[-83.6262,35.7943],[-83.6251,35.7958]],[[-83.6258,35.7971],[-83.6247,35.7971]],[[-83.6178,35.8115],[-83.618,35.8122]],[[-83.6298,35.8012],[-83.6282,35.8012]],[[-83.6303,35.792],[-83.6315,35.791]],[[-83.6288,35.7942],[-83.6279,35.7935]],[[-83.6154,35.7977],[-83.614,35.7979]],[[-83.6132,35.7935],[-83.6144,35.7944]],[[-83.6174,35.8035],[-83.6182,35.8063]],[[-83.6223,35.8016],[-83.624,35.8019]],[[-83.5757,35.8402],[-83.5762,35.8391]],[[-83.5175,35.7755],[-83.5177,35.7689]],[[-83.5123,35.7705],[-83.513,35.7697]],[[-83.5135,35.7846],[-83.514,35.7842]],[[-83.6435,36.0202],[-83.644,36.0178]],[[-83.617,35.9689],[-83.6193,35.9673]],[[-83.6562,36.0222],[-83.6566,36.0231]],[[-83.608,36.0062],[-83.606,36.0063]],[[-83.6355,35.9936],[-83.6356,35.9934]],[[-83.6195,36.0008],[-83.6198,36.0038]],[[-83.5866,35.9969],[-83.5864,35.996]],[[-83.6571,35.904],[-83.6551,35.9051]],[[-83.674,35.8973],[-83.6748,35.8984]],[[-83.6762,35.8982],[-83.6747,35.898]],[[-83.6698,35.9111],[-83.6732,35.9158]],[[-83.6714,35.9025],[-83.6719,35.9029]],[[-83.7171,35.9267],[-83.7168,35.9257]],[[-83.5154,35.7629],[-83.5157,35.762]],[[-83.5073,35.7346],[-83.5155,35.7345]],[[-83.4342,35.7555],[-83.4319,35.7573],[-83.436,35.7547]],[[-83.4899,35.7875],[-83.4911,35.7895]],[[-83.4935,35.7878],[-83.4934,35.7865]],[[-83.4829,35.7861],[-83.4825,35.7864]],[[-83.4289,35.7973],[-83.4301,35.7976]],[[-83.4272,35.7973],[-83.4262,35.7957]],[[-83.493,35.8296],[-83.4944,35.8289]],[[-83.5696,35.7638],[-83.5728,35.7648]],[[-83.6352,35.791],[-83.6319,35.79]],[[-83.6273,35.8187],[-83.6263,35.8181]],[[-83.6496,35.8184],[-83.6482,35.8193]],[[-83.6493,35.8195],[-83.6487,35.8191]],[[-83.6299,35.8149],[-83.6314,35.8171]],[[-83.6454,35.816],[-83.6363,35.8195]],[[-83.6235,35.8061],[-83.6224,35.8064]],[[-83.6244,35.8068],[-83.626,35.8064]],[[-83.6371,35.8071],[-83.6377,35.8076]],[[-83.6405,35.7976],[-83.6408,35.796]],[[-83.5811,35.7568],[-83.5819,35.755]],[[-83.6151,35.8044],[-83.6164,35.8046]],[[-83.6233,35.7879],[-83.622,35.7882]],[[-83.6258,35.792],[-83.6257,35.7943]],[[-83.5446,35.8104],[-83.5431,35.8105]],[[-83.534,35.8365],[-83.5346,35.837]],[[-83.5136,35.7965],[-83.5156,35.7962]],[[-83.6091,35.892],[-83.6074,35.8933]],[[-83.6588,36.0184],[-83.6586,36.02]],[[-83.641,36.02],[-83.642,36.0189]],[[-83.64,36.02],[-83.6401,36.0182]],[[-83.6514,36.0133],[-83.6517,36.0117]],[[-83.659,36.0288],[-83.6574,36.0265]],[[-83.6387,36.0288],[-83.6357,36.0302]],[[-83.636,35.9976],[-83.6404,35.9979]],[[-83.6573,36.0324],[-83.6555,36.0319]],[[-83.6877,35.905],[-83.6869,35.9046]],[[-83.6274,35.8298],[-83.6282,35.828]],[[-83.6243,35.831],[-83.6244,35.8266]],[[-83.5027,35.7417],[-83.5057,35.7429]],[[-83.4352,35.7574],[-83.4375,35.7564]],[[-83.4103,35.7781],[-83.4085,35.777]],[[-83.414,35.768],[-83.4119,35.7687]],[[-83.4953,35.7861],[-83.4941,35.788]],[[-83.4216,35.8031],[-83.4212,35.803]],[[-83.4232,35.8043],[-83.4213,35.8052]],[[-83.4225,35.794],[-83.4222,35.7926]],[[-83.6295,35.7915],[-83.6307,35.7903]],[[-83.6347,35.8159],[-83.6342,35.8162]],[[-83.6472,35.8285],[-83.649,35.8284]],[[-83.6513,35.8275],[-83.6518,35.829]],[[-83.632,35.8121],[-83.6307,35.8113]],[[-83.643,35.7993],[-83.6417,35.8005]],[[-83.6408,35.8039],[-83.6402,35.8036]],[[-83.6386,35.8007],[-83.6381,35.801]],[[-83.4666,35.8913],[-83.4673,35.8924]],[[-83.5272,35.8197],[-83.5243,35.8188]],[[-83.5159,35.7952],[-83.5152,35.7961]],[[-83.5215,35.7877],[-83.5228,35.7876]],[[-83.7263,35.8974],[-83.726,35.898]],[[-83.6096,35.931],[-83.6088,35.9233]],[[-83.6019,35.9209],[-83.6021,35.922]],[[-83.6451,35.969],[-83.6449,35.9682]],[[-83.6436,36.0197],[-83.644,36.0178]],[[-83.6869,35.9024],[-83.6876,35.9046]],[[-83.7026,35.936],[-83.6984,35.9389]],[[-83.643,35.8962],[-83.6393,35.8965]],[[-83.6427,35.8392],[-83.6436,35.8424]],[[-83.533,35.7049],[-83.5351,35.7066]],[[-83.4159,35.7691],[-83.4163,35.7666]],[[-83.4771,35.8042],[-83.4776,35.803]],[[-83.4663,35.805],[-83.4663,35.8068]],[[-83.4095,35.7671],[-83.4121,35.7676]],[[-83.4135,35.8099],[-83.409,35.8073]],[[-83.4293,35.7975],[-83.429,35.7974]],[[-83.5804,35.7574],[-83.5815,35.7571]],[[-83.6383,35.8258],[-83.6412,35.8253]],[[-83.6353,35.8158],[-83.6346,35.8155]],[[-83.6481,35.8279],[-83.6485,35.8274]],[[-83.6437,35.8195],[-83.6386,35.8211]],[[-83.6312,35.8029],[-83.6318,35.8036]],[[-83.6522,35.8052],[-83.6524,35.8041]],[[-83.6292,35.7969],[-83.6287,35.7955]],[[-83.6281,35.7937],[-83.6289,35.7936]],[[-83.5231,35.7636],[-83.5224,35.7627]],[[-83.5107,35.7676],[-83.5116,35.7692]],[[-83.5305,35.8429],[-83.5298,35.8482]],[[-83.6029,35.816],[-83.6012,35.8174]],[[-83.5423,35.8423],[-83.5395,35.8428]],[[-83.5091,35.795],[-83.5104,35.7953]],[[-83.6194,35.9021],[-83.6136,35.9035]],[[-83.6429,35.9739],[-83.6439,35.9753]],[[-83.6496,35.9715],[-83.6476,35.9698]],[[-83.5199,35.7605],[-83.5199,35.7617]],[[-83.5002,35.7684],[-83.5056,35.771]],[[-83.4502,35.7663],[-83.4503,35.7663]],[[-83.4535,35.7477],[-83.4541,35.7495]],[[-83.4519,35.7494],[-83.4524,35.7509]],[[-83.4961,35.7883],[-83.4981,35.7853]],[[-83.4897,35.7867],[-83.4904,35.7873]],[[-83.4068,35.8334],[-83.4077,35.8333]],[[-83.4938,35.7979],[-83.4935,35.7962]],[[-83.4943,35.8282],[-83.4951,35.8275]],[[-83.6497,35.8386],[-83.6495,35.8368]],[[-83.655,35.7974],[-83.6539,35.7978]],[[-83.6232,35.8042],[-83.6254,35.8045]],[[-83.6256,35.8112],[-83.6265,35.8127]],[[-83.6167,35.8025],[-83.6169,35.801]],[[-83.6159,35.7991],[-83.6172,35.8001]],[[-83.6218,35.8018],[-83.6203,35.8048]],[[-83.5146,35.7846],[-83.5157,35.7853]],[[-83.6096,35.8154],[-83.6092,35.813]],[[-83.6048,35.9279],[-83.6028,35.9271]],[[-83.6477,36.0114],[-83.6483,36.0098]],[[-83.645,36.0135],[-83.6457,36.0139]],[[-83.6567,36.034],[-83.6585,36.0347]],[[-83.6656,36.0019],[-83.6587,36.002]],[[-83.6539,36.0254],[-83.6507,36.0261]],[[-83.5066,35.74],[-83.5065,35.7403]],[[-83.5038,35.771],[-83.5032,35.7698]],[[-83.4163,35.7668],[-83.4186,35.7695]],[[-83.4489,35.7568],[-83.4496,35.7562]],[[-83.468,35.8062],[-83.4689,35.8063]],[[-83.4617,35.8063],[-83.463,35.8067]],[[-83.3859,35.8213],[-83.3856,35.8174],[-83.385,35.8201]],[[-83.4228,35.8012],[-83.4213,35.7994]],[[-83.4265,35.8028],[-83.4266,35.803]],[[-83.49,35.8178],[-83.489,35.8183]],[[-83.6403,35.785],[-83.6416,35.7867]],[[-83.6333,35.7919],[-83.6337,35.7913]],[[-83.6315,35.8282],[-83.632,35.8299]],[[-83.6539,35.8301],[-83.6533,35.8316]],[[-83.6542,35.8375],[-83.6511,35.8365]],[[-83.6442,35.8038],[-83.6445,35.8028]],[[-83.6501,35.8293],[-83.652,35.8305]],[[-83.6513,35.819],[-83.6496,35.8205]],[[-83.6525,35.8004],[-83.6504,35.7981]],[[-83.6379,35.8008],[-83.6372,35.8009]],[[-83.6182,35.7616],[-83.6192,35.761]],[[-83.584,35.7571],[-83.5828,35.7563]],[[-83.6159,35.8057],[-83.6163,35.8046]],[[-83.619,35.8016],[-83.6203,35.8]],[[-83.4955,35.8328],[-83.4957,35.8325]],[[-83.5997,35.814],[-83.5987,35.8142]],[[-83.5709,35.8138],[-83.5677,35.8145]],[[-83.539,35.8306],[-83.5429,35.8306]],[[-83.645,36.012],[-83.6453,36.0119]],[[-83.6524,36.0134],[-83.6522,36.0117]],[[-83.6573,36.0244],[-83.6615,36.0243]],[[-83.6445,36.0193],[-83.6436,36.0197]],[[-83.6459,35.9673],[-83.6456,35.9688]],[[-83.6676,36.0186],[-83.6676,36.0179]],[[-83.645,36.0312],[-83.6474,36.0324],[-83.6478,36.0286]],[[-83.6545,36.0259],[-83.6508,36.0268]],[[-83.6217,35.9634],[-83.62,35.9636]],[[-83.64,35.9912],[-83.6424,35.9912]],[[-83.631,35.9985],[-83.6312,35.9995]],[[-83.659,36.0115],[-83.659,36.0102]],[[-83.6604,36.0099],[-83.6594,36.01]],[[-83.6324,35.9893],[-83.6299,35.9898]],[[-83.6727,35.9436],[-83.6703,35.945]],[[-83.5154,35.7633],[-83.5163,35.7632]],[[-83.5657,35.703],[-83.5673,35.7008]],[[-90.0439,35.2636],[-90.042,35.2656]],[[-85.8833,36.1743],[-85.8774,36.1796]],[[-86.0494,36.1924],[-86.0573,36.1915]],[[-85.9789,36.1114],[-85.9781,36.1098]],[[-85.9038,36.2824],[-85.9074,36.2803]],[[-85.9137,36.3519],[-85.9141,36.3544]],[[-85.9905,36.148],[-85.988,36.146]],[[-85.8505,36.1918],[-85.852,36.1923]],[[-85.9781,36.1259],[-85.978,36.1274]],[[-85.9572,36.1186],[-85.957,36.1211]],[[-85.9549,36.121],[-85.9567,36.1211]],[[-85.9593,36.1187],[-85.9589,36.12]],[[-85.9536,36.4162],[-85.9574,36.4214]],[[-85.9219,36.363],[-85.921,36.3621]],[[-85.9789,36.1263],[-85.9786,36.1266]],[[-85.9224,36.1518],[-85.9204,36.1502]],[[-85.9602,36.1188],[-85.96,36.121]],[[-85.9001,36.413],[-85.8987,36.417]],[[-85.86,36.4044],[-85.861,36.4052]],[[-86.0009,36.1155],[-86.0004,36.1141]],[[-86.0548,36.1897],[-86.0497,36.1867]],[[-85.9167,36.128],[-85.9149,36.13]],[[-87.6221,36.4506],[-87.6173,36.4533]],[[-87.607,36.44],[-87.61,36.4415],[-87.6091,36.439]],[[-87.7067,36.6369],[-87.6986,36.637]],[[-87.887,36.5808],[-87.8872,36.5808]],[[-87.8415,36.63],[-87.8424,36.6336]],[[-87.6678,36.3921],[-87.6736,36.3947]],[[-87.8795,36.578],[-87.8842,36.5776]],[[-87.8846,36.5775],[-87.8938,36.5759]],[[-87.6753,36.4869],[-87.6527,36.4924]],[[-87.7978,36.6035],[-87.7799,36.604]],[[-87.6939,36.4805],[-87.6922,36.4702],[-87.6864,36.4702],[-87.6825,36.4653]],[[-88.0193,36.4938],[-88.0131,36.4858]],[[-87.7141,36.3765],[-87.7252,36.3751]],[[-87.6014,36.3927],[-87.6011,36.3921]],[[-87.7047,36.6332],[-87.7062,36.6364]],[[-87.8842,36.3678],[-87.8796,36.3672]],[[-82.1037,36.5905],[-82.1038,36.5851],[-82.1113,36.5817]],[[-82.065,36.5215],[-82.0648,36.5215]],[[-82.324,36.5198],[-82.3205,36.5168],[-82.3227,36.5186]],[[-82.1759,36.4438],[-82.1812,36.4504],[-82.1814,36.46]],[[-82.477,36.5708],[-82.4741,36.5712]],[[-82.1255,36.4672],[-82.1176,36.4685],[-82.1226,36.4617],[-82.1198,36.4603],[-82.0832,36.4638]],[[-82.1113,36.5015],[-82.1149,36.5024]],[[-82.1081,36.5821],[-82.1059,36.5832]],[[-82.2574,36.4267],[-82.2566,36.4271]],[[-82.5013,36.464],[-82.5024,36.4637]],[[-82.697,36.4481],[-82.6904,36.4484]],[[-82.1032,36.5866],[-82.1005,36.585]],[[-82.4002,36.5614],[-82.3992,36.5615]],[[-82.4112,36.5807],[-82.4078,36.5821]],[[-82.4064,36.4547],[-82.4068,36.4543]],[[-82.1044,36.5842],[-82.1058,36.5839]],[[-82.1073,36.5825],[-82.1059,36.5832]],[[-82.2417,36.4456],[-82.2392,36.4441]],[[-82.1011,36.5213],[-82.1,36.5132]],[[-82.1176,36.4685],[-82.1149,36.4685]],[[-82.4596,36.4913],[-82.462,36.4897]],[[-82.6048,36.5734],[-82.6037,36.5717]],[[-82.3374,36.4789],[-82.3394,36.4808]],[[-82.1078,36.5301],[-82.1028,36.5305]],[[-82.1456,36.5701],[-82.1446,36.5696]],[[-82.3685,36.4857],[-82.3674,36.4856]],[[-82.4297,36.577],[-82.431,36.5811]],[[-86.3368,36.5289],[-86.3261,36.5268]],[[-86.4841,36.4202],[-86.4791,36.4214]],[[-86.4143,36.5158],[-86.4137,36.5195]],[[-86.268,36.5925],[-86.2755,36.5909]],[[-86.2893,36.5254],[-86.2925,36.526],[-86.2923,36.5314],[-86.3031,36.5202]],[[-86.2757,36.527],[-86.2753,36.5271]],[[-89.833,35.5282],[-89.8355,35.5282]],[[-89.6082,35.5244],[-89.6021,35.5311]],[[-89.8367,35.5225],[-89.8364,35.5235]],[[-89.5374,35.4978],[-89.5373,35.4996]],[[-89.8297,35.544],[-89.8287,35.5435]],[[-89.8846,35.4465],[-89.8861,35.447]],[[-89.8679,35.54],[-89.8726,35.5403]],[[-89.5284,35.433],[-89.5298,35.4331]],[[-89.5486,35.5221],[-89.5486,35.5237]],[[-89.7912,35.545],[-89.7871,35.5468]],[[-89.8385,35.5393],[-89.838,35.5371]],[[-89.8864,35.4442],[-89.8873,35.4448]],[[-82.3514,36.1357],[-82.3509,36.1377]],[[-82.3216,36.2013],[-82.3202,36.204]],[[-82.2527,36.185],[-82.2532,36.185]],[[-82.2374,36.1395],[-82.2363,36.1402]],[[-82.4234,36.0628],[-82.4308,36.0737],[-82.4409,36.0732],[-82.4319,36.0891],[-82.4377,36.0871]],[[-82.3694,36.2174],[-82.3695,36.2112]],[[-82.2355,36.1409],[-82.2341,36.1421]],[[-83.7743,36.3209],[-83.7755,36.3203]],[[-83.9166,36.2348],[-83.9084,36.2354]],[[-83.7629,36.3131],[-83.7652,36.3197]],[[-83.8308,36.2355],[-83.8316,36.2368]],[[-83.769,36.3226],[-83.7691,36.3226]],[[-83.951,36.2072],[-83.9508,36.2062]],[[-83.8573,36.2354],[-83.857,36.2367]],[[-85.449,35.773],[-85.4399,35.7756]],[[-85.5623,35.5441],[-85.5505,35.5418]],[[-85.4084,35.605],[-85.399,35.6031],[-85.3931,35.6065],[-85.4038,35.6185]],[[-85.4714,35.5668],[-85.4815,35.566],[-85.4908,35.5553],[-85.4962,35.5589]],[[-85.5548,35.5602],[-85.5652,35.5514],[-85.5853,35.551],[-85.5946,35.5571]],[[-85.4307,35.5945],[-85.4305,35.5961]],[[-85.49,35.7621],[-85.4921,35.7601]],[[-85.4802,35.7656],[-85.4842,35.7699],[-85.473,35.7732],[-85.4682,35.7793],[-85.4635,35.7735]],[[-85.4977,35.7851],[-85.4952,35.7814]],[[-85.5648,35.5515],[-85.5627,35.545]],[[-85.5644,35.7504],[-85.5672,35.7497],[-85.5643,35.75]],[[-85.3455,35.7462],[-85.3424,35.7515]],[[-85.4512,35.6518],[-85.4517,35.653]],[[-85.443,35.7764],[-85.4401,35.7784]],[[-85.5077,35.7587],[-85.5093,35.7609]],[[-85.3261,35.7294],[-85.3362,35.7312]],[[-85.6,35.6699],[-85.6037,35.6676]],[[-85.4539,35.6498],[-85.4509,35.6515],[-85.4539,35.6498]],[[-85.5893,35.6058],[-85.5842,35.6053],[-85.5799,35.5993],[-85.556,35.5993]],[[-85.5257,35.7126],[-85.5245,35.7125]],[[-85.5088,35.7615],[-85.4976,35.7633]],[[-85.4931,35.7984],[-85.4952,35.8]],[[-85.5571,35.5433],[-85.5564,35.5435]],[[-85.45,35.7474],[-85.4499,35.7484]],[[-85.3427,35.7602],[-85.344,35.7604]],[[-85.5005,35.7603],[-85.4977,35.7631]],[[-85.3426,35.7627],[-85.3416,35.7677]],[[-85.4871,35.5471],[-85.4921,35.5551]],[[-85.5828,35.678],[-85.5991,35.6702]],[[-85.7753,35.5543],[-85.7919,35.5496]],[[-85.7306,35.6592],[-85.7267,35.6574]],[[-85.7324,35.6573],[-85.7306,35.6569]],[[-85.7306,35.6565],[-85.7349,35.6535]],[[-85.73,35.652],[-85.7319,35.6547]],[[-85.7081,35.6043],[-85.7095,35.6044]],[[-85.7621,35.5905],[-85.7564,35.5921]],[[-85.9431,35.6606],[-85.9501,35.6627]],[[-85.8183,35.7803],[-85.8137,35.7817]],[[-85.8178,35.5529],[-85.8173,35.5455],[-85.8097,35.5439]],[[-85.7364,35.6546],[-85.7339,35.6574]],[[-85.6988,35.6103],[-85.6985,35.6144]],[[-85.6858,35.5312],[-85.6898,35.5372],[-85.6833,35.5472]],[[-85.8388,35.7357],[-85.8387,35.7437]],[[-85.6695,35.7944],[-85.6691,35.7944]],[[-85.7166,35.7185],[-85.7149,35.7169]],[[-85.627,35.6637],[-85.625,35.6729],[-85.6083,35.6836],[-85.6035,35.6935]],[[-85.7895,35.5502],[-85.7902,35.5487]],[[-85.7964,35.5322],[-85.7913,35.5179]],[[-85.7468,35.5537],[-85.7401,35.5533],[-85.7367,35.565]],[[-85.7158,35.5987],[-85.7182,35.6009]],[[-85.6238,35.6006],[-85.6229,35.6013]],[[-85.901,35.5991],[-85.8966,35.598],[-85.8965,35.6049]],[[-85.7451,35.6591],[-85.7441,35.6612]],[[-85.7476,35.6584],[-85.7476,35.6597]],[[-85.6693,35.5699],[-85.6663,35.5729]],[[-85.6184,35.5889],[-85.6208,35.5756],[-85.6138,35.5731],[-85.5995,35.5767],[-85.5898,35.5915]],[[-85.8421,35.5284],[-85.8432,35.5267]],[[-85.729,35.6573],[-85.7283,35.6583]],[[-85.7302,35.6573],[-85.7291,35.6587]],[[-85.7335,35.6554],[-85.7322,35.6571]],[[-85.678,35.6202],[-85.6788,35.6266]],[[-85.6,35.5648],[-85.6018,35.5679]],[[-85.8962,35.5992],[-85.8927,35.5992]],[[-85.8192,35.5726],[-85.8224,35.5735]],[[-85.7334,35.6522],[-85.7323,35.6538]],[[-85.6518,35.5984],[-85.6712,35.5999],[-85.6773,35.6043]],[[-85.6399,35.6262],[-85.6323,35.6326],[-85.6323,35.6397]],[[-85.9356,35.6441],[-85.9376,35.6448]],[[-85.913,35.6013],[-85.9138,35.6027]],[[-85.7589,35.6612],[-85.7606,35.6584]],[[-85.5806,35.5863],[-85.5812,35.5857]],[[-85.6263,35.6641],[-85.6272,35.6644]],[[-85.7476,35.6585],[-85.7454,35.6592]],[[-85.6448,35.6445],[-85.6396,35.6505]],[[-85.638,35.5984],[-85.6376,35.601]],[[-85.6341,35.5962],[-85.6378,35.5857],[-85.6377,35.5898]],[[-85.7307,35.6565],[-85.7309,35.6566]],[[-85.6914,35.5809],[-85.6807,35.587],[-85.6726,35.584]],[[-87.8306,35.1863],[-87.8309,35.1789]],[[-87.5774,35.401],[-87.5913,35.4095]],[[-87.9149,35.3779],[-87.9292,35.3879]],[[-87.7397,35.4461],[-87.7179,35.4566]],[[-87.6211,35.231],[-87.625,35.2303]],[[-87.6318,35.3969],[-87.6253,35.401]],[[-87.7782,35.3216],[-87.7784,35.3235]],[[-87.6977,35.2338],[-87.6784,35.2238],[-87.6661,35.2295],[-87.6568,35.226],[-87.6377,35.2311],[-87.6329,35.2282]],[[-87.735,35.4098],[-87.7427,35.4315],[-87.74,35.4345]],[[-87.5847,35.3954],[-87.5922,35.4054]],[[-87.5824,35.2337],[-87.5793,35.23]],[[-88.5279,36.2438],[-88.5432,36.2445]],[[-88.5463,36.3508],[-88.5476,36.3492]],[[-88.7375,36.1923],[-88.7335,36.1924]],[[-88.6509,36.1173],[-88.6584,36.1174]],[[-88.5244,36.2943],[-88.5254,36.288]],[[-85.3003,35.8564],[-85.3075,35.854]],[[-85.2913,35.8912],[-85.284,35.8893],[-85.2762,35.8999]],[[-85.3135,35.8709],[-85.2968,35.8769]],[[-85.2778,35.8983],[-85.2719,35.894],[-85.2739,35.8903]],[[-85.6078,35.8985],[-85.6218,35.8992]],[[-85.4051,35.931],[-85.4063,35.9265]],[[-85.2747,35.9485],[-85.2714,35.9519]],[[-85.2958,35.8759],[-85.2944,35.8764]],[[-85.3958,35.9726],[-85.3846,35.973]],[[-85.2753,35.8926],[-85.2803,35.8917]],[[-85.3274,35.8703],[-85.3294,35.8717]],[[-85.3193,35.8697],[-85.3268,35.87]],[[-85.39,35.917],[-85.3918,35.9186]],[[-85.3193,35.8696],[-85.3135,35.8709],[-85.3193,35.8696]],[[-85.2847,35.8884],[-85.2841,35.8893]],[[-85.2741,35.9503],[-85.2765,35.9562],[-85.2801,35.9554],[-85.2809,35.9621]],[[-87.1888,35.8633],[-87.1901,35.8501]],[[-87.1973,35.8711],[-87.1956,35.8676]],[[-87.1023,35.8257],[-87.1046,35.8171]],[[-86.9427,35.852],[-86.9367,35.8507]],[[-86.972,35.7726],[-86.9679,35.7756]],[[-87.2089,35.8656],[-87.2122,35.8674]],[[-86.9415,35.8506],[-86.9412,35.8508]],[[-86.9177,35.8169],[-86.9187,35.818]],[[-86.2322,36.2415],[-86.2221,36.2449]],[[-86.0929,36.0718],[-86.104,36.0791],[-86.1008,36.082]],[[-86.2244,36.2432],[-86.2235,36.2421]],[[-86.1712,36.3072],[-86.1718,36.3064]]]}},{"type":"Feature","properties":{"mtfcc":"S1820"},"geometry":{"type":"MultiLineString","coordinates":[[[-84.2194,35.8846],[-84.2187,35.8846]],[[-84.1245,35.952],[-84.1292,35.9541]],[[-83.9634,35.9487],[-83.9616,35.9472]],[[-84.345,35.9918],[-84.3454,35.9929]],[[-86.8301,35.9386],[-86.8287,35.94]],[[-86.8897,35.7636],[-86.8941,35.7639]]]}},{"type":"Feature","properties":{"mtfcc":"S1830"},"geometry":{"type":"LineString","coordinates":[[-86.9274,35.7186],[-86.9296,35.7218]]}},{"type":"Feature","properties":{"mtfcc":"S1500","name":"47065"},"geometry":{"type":"LineString","coordinates":[[-85.1357,35.4564],[-85.1344,35.4562]]}},{"type":"Feature","properties":{"mtfcc":"S1500","name":"4WD Rd"},"geometry":{"type":"MultiLineString","coordinates":[[[-86.0536,35.7904],[-86.0542,35.7891]],[[-87.0779,36.2272],[-87.0819,36.2196],[-87.0883,36.2193],[-87.0876,36.2112]],[[-87.0782,36.1526],[-87.0698,36.1583]],[[-87.072,36.1891],[-87.0765,36.1924]],[[-87.4263,35.9166],[-87.4176,35.9243]],[[-83.5752,35.8714],[-83.572,35.8655]]]}},{"type":"Feature","properties":{"mtfcc":"S1500","name":"Adams Rd"},"geometry":{"type":"LineString","coordinates":[[-87.41,36.2044],[-87.3913,36.2054]]}},{"type":"Feature","properties":{"mtfcc":"S1500","name":"Aires Trl"},"geometry":{"type":"LineString","coordinates":[[-88.8517,35.3132],[-88.8521,35.322]]}},{"type":"Feature","properties":{"mtfcc":"S1500","name":"Anderson Acre Ln"},"geometry":{"type":"LineString","coordinates":[[-84.9691,35.3224],[-84.9678,35.3232]]}},{"type":"Feature","properties":{"mtfcc":"S1500","name":"Anderson Acres Dr"},"geometry":{"type":"MultiLineString","coordinates":[[[-84.9704,35.3217],[-84.9678,35.3232]],[[-84.9763,35.323],[-84.9715,35.3209]]]}},{"type":"Feature","properties":{"mtfcc":"S1500","name":"Appalachian Trl"},"geometry":{"type":"MultiLineString","coordinates":[[[-82.0742,36.2372],[-82.0811,36.2406]],[[-82.1212,36.2388],[-82.1125,36.2292],[-82.0892,36.2191],[-82.0652,36.2153],[-82.0461,36.2176]],[[-82.0454,36.2259],[-82.0645,36.2365],[-82.0692,36.2314]],[[-82.0863,36.3435],[-82.1197,36.3252]],[[-82.3288,36.1175],[-82.3258,36.119]]]}},{"type":"Feature","properties":{"mtfcc":"S1500","name":"Apple Rd"},"geometry":{"type":"LineString","coordinates":[[-85.1719,35.7318],[-85.1613,35.737]]}},{"type":"Feature","properties":{"mtfcc":"S1500","name":"Arnold Rd"},"geometry":{"type":"LineString","coordinates":[[-87.5584,35.6394],[-87.5562,35.6434]]}},{"type":"Feature","properties":{"mtfcc":"S1500","name":"Ash Hopper Hollow Ln"},"geometry":{"type":"LineString","coordinates":[[-85.9262,36.3127],[-85.924,36.3105],[-85.9262,36.3127]]}},{"type":"Feature","properties":{"mtfcc":"S1500","name":"Austin Powder Rd"},"geometry":{"type":"LineString","coordinates":[[-84.0952,36.4468],[-84.0803,36.4543]]}},{"type":"Feature","properties":{"mtfcc":"S1500","name":"Aymett Ridge Rd"},"geometry":{"type":"LineString","coordinates":[[-86.9917,35.1923],[-86.9912,35.1907]]}},{"type":"Feature","properties":{"mtfcc":"S1500","name":"Bailey Ranch Rd"},"geometry":{"type":"LineString","coordinates":[[-82.6074,36.4814],[-82.6015,36.477]]}},{"type":"Feature","properties":{"mtfcc":"S1500","name":"Baird Creek Rd"},"geometry":{"type":"LineString","coordinates":[[-84.2381,36.573],[-84.2563,36.5657]]}},{"type":"Feature","properties":{"mtfcc":"S1500","name":"Baker Rd"},"geometry":{"type":"MultiLineString","coordinates":[[[-86.7713,36.3893],[-86.7713,36.3834]],[[-86.7683,36.3929],[-86.7676,36.3938]]]}},{"type":"Feature","properties":{"mtfcc":"S1500","name":"Barber Rd"},"geometry":{"type":"LineString","coordinates":[[-86.5492,35.6178],[-86.5559,35.6185]]}},{"type":"Feature","properties":{"mtfcc":"S1500","name":"Barnes Ln"},"geometry":{"type":"LineString","coordinates":[[-88.4799,35.2154],[-88.4754,35.2284],[-88.4806,35.2341]]}},{"type":"Feature","properties":{"mtfcc":"S1500","name":"Barrett Pkwy"},"geometry":{"type":"LineString","coordinates":[[-84.2837,35.3653],[-84.2843,35.3653]]}},{"type":"Feature","properties":{"mtfcc":"S1500","name":"Bear Branch Rd"},"geometry":{"type":"LineString","coordinates":[[-84.636,36.0687],[-84.6287,36.0697],[-84.6244,36.0752],[-84.6205,36.0734],[-84.6239,36.0702]]}},{"type":"Feature","properties":{"mtfcc":"S1500","name":"Beasley Hollow"},"geometry":{"type":"LineString","coordinates":[[-87.599,35.8595],[-87.62,35.8647]]}},{"type":"Feature","properties":{"mtfcc":"S1500","name":"Beasley Hollow Ln"},"geometry":{"type":"LineString","coordinates":[[-85.8926,36.3225],[-85.8919,36.3239]]}},{"type":"Feature","properties":{"mtfcc":"S1500","name":"Beauty Spot Gap Rd"},"geometry":{"type":"LineString","coordinates":[[-82.3489,36.1161],[-82.3258,36.119]]}},{"type":"Feature","properties":{"mtfcc":"S1500","name":"Beaver Dam Rd"},"geometry":{"type":"MultiLineString","coordinates":[[[-84.0953,35.2484],[-84.1096,35.2501]],[[-84.1249,35.2499],[-84.1211,35.2506]]]}},{"type":"Feature","properties":{"mtfcc":"S1500","name":"Big Bluff Creek Rd"},"geometry":{"type":"LineString","coordinates":[[-87.1169,36.2501],[-87.1064,36.2645],[-87.1031,36.2807]]}},{"type":"Feature","properties":{"mtfcc":"S1500","name":"Big Oak Creek Rd"},"geometry":{"type":"LineString","coordinates":[[-84.0843,35.2646],[-84.0874,35.2647],[-84.0891,35.2588]]}},{"type":"Feature","properties":{"mtfcc":"S1500","name":"Big Oak Creek Trl"},"geometry":{"type":"LineString","coordinates":[[-84.0891,35.2588],[-84.0829,35.2581]]}},{"type":"Feature","properties":{"mtfcc":"S1500","name":"Billslaven Rd"},"geometry":{"type":"LineString","coordinates":[[-84.5605,36.5952],[-84.5626,36.5971]]}},{"type":"Feature","properties":{"mtfcc":"S1500","name":"Birchlog Creek Rd"},"geometry":{"type":"LineString","coordinates":[[-82.2329,36.1447],[-82.2374,36.146],[-82.2371,36.1506],[-82.2411,36.15]]}},{"type":"Feature","properties":{"mtfcc":"S1500","name":"Bivens Rd"},"geometry":{"type":"LineString","coordinates":[[-84.2521,35.4187],[-84.2526,35.4196]]}},{"type":"Feature","properties":{"mtfcc":"S1500","name":"Bowater Rd"},"geometry":{"type":"MultiLineString","coordinates":[[[-85.1406,35.3593],[-85.1367,35.3659],[-85.1388,35.3699]],[[-84.8528,36.2412],[-84.8566,36.2443]],[[-85.4495,35.4843],[-85.4399,35.4756],[-85.4309,35.4758],[-85.4108,35.4882],[-85.4066,35.5003]]]}},{"type":"Feature","properties":{"mtfcc":"S1500","name":"Bowman Valley Rd"},"geometry":{"type":"LineString","coordinates":[[-83.8263,35.9357],[-83.8128,35.9394]]}},{"type":"Feature","properties":{"mtfcc":"S1500","name":"Boyd St"},"geometry":{"type":"LineString","coordinates":[[-85.5192,36.5578],[-85.5147,36.5558],[-85.5129,36.5585]]}},{"type":"Feature","properties":{"mtfcc":"S1500","name":"Breeden Way"},"geometry":{"type":"LineString","coordinates":[[-83.6098,36.011],[-83.6066,36.0106]]}},{"type":"Feature","properties":{"mtfcc":"S1500","name":"Buck Branch Rd"},"geometry":{"type":"LineString","coordinates":[[-87.3125,35.7313],[-87.3036,35.7354]]}},{"type":"Feature","properties":{"mtfcc":"S1500","name":"Buck Creek Rd"},"geometry":{"type":"LineString","coordinates":[[-84.4548,35.8345],[-84.4501,35.8293]]}},{"type":"Feature","properties":{"mtfcc":"S1500","name":"Buckridge Rd"},"geometry":{"type":"LineString","coordinates":[[-85.2335,35.8142],[-85.24,35.8142]]}},{"type":"Feature","properties":{"mtfcc":"S1500","name":"Bull Creek Rd"},"geometry":{"type":"LineString","coordinates":[[-84.4468,36.3197],[-84.4477,36.3256]]}},{"type":"Feature","properties":{"mtfcc":"S1500","name":"Burdick Hollow Rd"},"geometry":{"type":"LineString","coordinates":[[-86.1305,35.6987],[-86.1325,35.698]]}},{"type":"Feature","properties":{"mtfcc":"S1500","name":"C K Troxler Rd"},"geometry":{"type":"LineString","coordinates":[[-86.2519,35.4855],[-86.2438,35.4879]]}},{"type":"Feature","properties":{"mtfcc":"S1500","name":"Canary Dr"},"geometry":{"type":"LineString","coordinates":[[-83.0931,36.0095],[-83.0933,36.0088]]}},{"type":"Feature","properties":{"mtfcc":"S1500","name":"Cane Creek Ln"},"geometry":{"type":"LineString","coordinates":[[-88.3011,35.5137],[-88.2971,35.5084],[-88.3009,35.5032]]}},{"type":"Feature","properties":{"mtfcc":"S1500","name":"Carl Smith Rd"},"geometry":{"type":"LineString","coordinates":[[-82.1616,36.2879],[-82.1627,36.2893]]}},{"type":"Feature","properties":{"mtfcc":"S1500","name":"Carson Springs Rd"},"geometry":{"type":"MultiLineString","coordinates":[[[-83.2685,35.9221],[-83.2703,35.9187],[-83.2648,35.9194],[-83.2766,35.9121],[-83.2872,35.8958],[-83.3028,35.8944],[-83.2958,35.9052]],[[-83.2975,35.903],[-83.2966,35.9043]]]}},{"type":"Feature","properties":{"mtfcc":"S1500","name":"Carter Rd"},"geometry":{"type":"LineString","coordinates":[[-82.8394,36.5684],[-82.8378,36.5623]]}},{"type":"Feature","properties":{"mtfcc":"S1500","name":"Casto Ln"},"geometry":{"type":"LineString","coordinates":[[-84.9927,35.6784],[-84.9883,35.6767]]}},{"type":"Feature","properties":{"mtfcc":"S1500","name":"Cave Ridge Rd"},"geometry":{"type":"LineString","coordinates":[[-82.9775,36.4047],[-82.9759,36.407]]}},{"type":"Feature","properties":{"mtfcc":"S1500","name":"Champagne Dr"},"geometry":{"type":"LineString","coordinates":[[-83.2818,35.7936],[-83.2817,35.7841]]}},{"type":"Feature","properties":{"mtfcc":"S1500","name":"Chandler Rd"},"geometry":{"type":"LineString","coordinates":[[-87.7114,35.6767],[-87.7241,35.6832],[-87.7235,35.6891],[-87.7365,35.6893]]}},{"type":"Feature","properties":{"mtfcc":"S1500","name":"Chapman Rd"},"geometry":{"type":"LineString","coordinates":[[-86.7127,35.4582],[-86.7092,35.4717]]}},{"type":"Feature","properties":{"mtfcc":"S1500","name":"Chimney Way"},"geometry":{"type":"LineString","coordinates":[[-83.191,36.4147],[-83.1809,36.4154]]}},{"type":"Feature","properties":{"mtfcc":"S1500","name":"Chip Dr"},"geometry":{"type":"LineString","coordinates":[[-85.0441,35.6756],[-85.059,35.6817]]}},{"type":"Feature","properties":{"mtfcc":"S1500","name":"Chirt Pit Rd"},"geometry":{"type":"LineString","coordinates":[[-87.9708,35.7389],[-87.9742,35.7438]]}},{"type":"Feature","properties":{"mtfcc":"S1500","name":"Chitwood Mtn Rd"},"geometry":{"type":"MultiLineString","coordinates":[[[-84.4301,36.5284],[-84.4255,36.5261],[-84.4275,36.5192],[-84.4169,36.5237]],[[-84.4125,36.523],[-84.3969,36.5238],[-84.3879,36.5321],[-84.3759,36.5338]]]}},{"type":"Feature","properties":{"mtfcc":"S1500","name":"Claysville Ln"},"geometry":{"type":"MultiLineString","coordinates":[[[-85.1507,36.0031],[-85.139,36.0109]],[[-85.139,36.0109],[-85.1368,36.0127]]]}},{"type":"Feature","properties":{"mtfcc":"S1500","name":"Co Hwy 1775"},"geometry":{"type":"LineString","coordinates":[[-87.9767,35.5727],[-87.9739,35.5714],[-87.9732,35.5759],[-87.9664,35.5789]]}},{"type":"Feature","properties":{"mtfcc":"S1500","name":"Cold Springs Rd"},"geometry":{"type":"LineString","coordinates":[[-85.0205,36.106],[-85.0201,36.1133],[-85.0065,36.1297]]}},{"type":"Feature","properties":{"mtfcc":"S1500","name":"Collins Gulf Acc"},"geometry":{"type":"LineString","coordinates":[[-85.5935,35.4065],[-85.6141,35.4118]]}},{"type":"Feature","properties":{"mtfcc":"S1500","name":"Copper Ridge Rd"},"geometry":{"type":"MultiLineString","coordinates":[[[-83.0374,36.5088],[-83.0376,36.5122]],[[-83.0384,36.5138],[-83.0368,36.5159]]]}},{"type":"Feature","properties":{"mtfcc":"S1500","name":"Corum Rd"},"geometry":{"type":"LineString","coordinates":[[-83.6721,36.2664],[-83.6655,36.2683]]}},{"type":"Feature","properties":{"mtfcc":"S1500","name":"Cotton Forest Rd"},"geometry":{"type":"LineString","coordinates":[[-84.2444,35.2817],[-84.2403,35.2787]]}},{"type":"Feature","properties":{"mtfcc":"S1500","name":"Cove Valley Way"},"geometry":{"type":"LineString","coordinates":[[-83.2233,35.8536],[-83.2238,35.8538]]}},{"type":"Feature","properties":{"mtfcc":"S1500","name":"Craft Hollow Ln"},"geometry":{"type":"LineString","coordinates":[[-87.6701,36.0549],[-87.6705,36.065],[-87.6749,36.0667]]}},{"type":"Feature","properties":{"mtfcc":"S1500","name":"Crest of Ben Lomond Mountain"},"geometry":{"type":"LineString","coordinates":[[-85.8278,35.552],[-85.8054,35.5574],[-85.8005,35.5636],[-85.7963,35.5621],[-85.7949,35.5699],[-85.7898,35.5737]]}},{"type":"Feature","properties":{"mtfcc":"S1500","name":"Cross Creek Ln"},"geometry":{"type":"LineString","coordinates":[[-84.4548,35.8345],[-84.4501,35.8293]]}},{"type":"Feature","properties":{"mtfcc":"S1500","name":"Cumberland Trl"},"geometry":{"type":"MultiLineString","coordinates":[[[-84.1995,36.2687],[-84.1957,36.258]],[[-84.19,36.2555],[-84.1838,36.2398]]]}},{"type":"Feature","properties":{"mtfcc":"S1500","name":"Curry Rd"},"geometry":{"type":"LineString","coordinates":[[-87.7923,35.7912],[-87.7989,35.7929],[-87.8024,35.8096]]}},{"type":"Feature","properties":{"mtfcc":"S1500","name":"Dallas Rd"},"geometry":{"type":"LineString","coordinates":[[-87.2536,36.2978],[-87.256,36.2997]]}},{"type":"Feature","properties":{"mtfcc":"S1500","name":"Davis Ln"},"geometry":{"type":"LineString","coordinates":[[-88.7827,36.3048],[-88.7857,36.3046]]}},{"type":"Feature","properties":{"mtfcc":"S1500","name":"Dean Rd"},"geometry":{"type":"LineString","coordinates":[[-83.2556,36.3235],[-83.2538,36.3312],[-83.2402,36.3246]]}},{"type":"Feature","properties":{"mtfcc":"S1500","name":"Deer Path Way"},"geometry":{"type":"LineString","coordinates":[[-83.0588,36.0627],[-83.0679,36.0688]]}},{"type":"Feature","properties":{"mtfcc":"S1500","name":"Deer Ridge Rd"},"geometry":{"type":"LineString","coordinates":[[-84.6749,36.0714],[-84.683,36.075]]}},{"type":"Feature","properties":{"mtfcc":"S1500","name":"Delina Rd"},"geometry":{"type":"LineString","coordinates":[[-86.6983,35.2969],[-86.7057,35.2995]]}},{"type":"Feature","properties":{"mtfcc":"S1500","name":"Dicks Creek Rd"},"geometry":{"type":"LineString","coordinates":[[-82.3141,36.1748],[-82.3136,36.175]]}},{"type":"Feature","properties":{"mtfcc":"S1500","name":"Dorothy Dr"},"geometry":{"type":"LineString","coordinates":[[-83.3627,36.0901],[-83.3598,36.088]]}},{"type":"Feature","properties":{"mtfcc":"S1500","name":"Double Bridges Rd"},"geometry":{"type":"LineString","coordinates":[[-85.4486,35.8165],[-85.4392,35.8151]]}},{"type":"Feature","properties":{"mtfcc":"S1500","name":"Doughten Long Pickard Cemetery Rd"},"geometry":{"type":"LineString","coordinates":[[-87.706,36.0218],[-87.706,36.0226]]}},{"type":"Feature","properties":{"mtfcc":"S1500","name":"Dry Creek Ln"},"geometry":{"type":"LineString","coordinates":[[-88.734,35.4479],[-88.7323,35.448]]}},{"type":"Feature","properties":{"mtfcc":"S1500","name":"Duke Hollow"},"geometry":{"type":"LineString","coordinates":[[-87.6944,35.9062],[-87.6947,35.9105]]}},{"type":"Feature","properties":{"mtfcc":"S1500","name":"Dunlunkin Rd"},"geometry":{"type":"LineString","coordinates":[[-85.0097,35.7169],[-85.0124,35.7267]]}},{"type":"Feature","properties":{"mtfcc":"S1500","name":"Dyer Gulch Creek"},"geometry":{"type":"LineString","coordinates":[[-85.5991,35.6702],[-85.6,35.6699]]}},{"type":"Feature","properties":{"mtfcc":"S1500","name":"Dykes Mountain Rd"},"geometry":{"type":"LineString","coordinates":[[-85.6669,35.5111],[-85.6631,35.5135],[-85.6603,35.5088],[-85.6553,35.5191],[-85.6513,35.5144],[-85.6397,35.5188],[-85.6109,35.5119]]}},{"type":"Feature","properties":{"mtfcc":"S1500","name":"Ed Stout Rd"},"geometry":{"type":"LineString","coordinates":[[-82.1605,36.2883],[-82.1591,36.2912]]}},{"type":"Feature","properties":{"mtfcc":"S1500","name":"Ellis St"},"geometry":{"type":"LineString","coordinates":[[-82.2596,36.3338],[-82.2592,36.3343]]}},{"type":"Feature","properties":{"mtfcc":"S1500","name":"Ephiram Place Rd"},"geometry":{"type":"LineString","coordinates":[[-82.3965,36.0929],[-82.3708,36.1067]]}},{"type":"Feature","properties":{"mtfcc":"S1500","name":"Estep Rd"},"geometry":{"type":"LineString","coordinates":[[-82.145,36.23],[-82.143,36.2399],[-82.1464,36.2422],[-82.1427,36.2516]]}},{"type":"Feature","properties":{"mtfcc":"S1500","name":"Ett Brown Rd"},"geometry":{"type":"LineString","coordinates":[[-84.8233,36.2037],[-84.8279,36.2059]]}},{"type":"Feature","properties":{"mtfcc":"S1500","name":"Fall View Rd"},"geometry":{"type":"LineString","coordinates":[[-85.4798,35.7289],[-85.4779,35.7224]]}},{"type":"Feature","properties":{"mtfcc":"S1500","name":"Farm Rd"},"geometry":{"type":"LineString","coordinates":[[-82.9678,36.394],[-82.9709,36.401],[-82.9646,36.4038]]}},{"type":"Feature","properties":{"mtfcc":"S1500","name":"Flatwoods Rd"},"geometry":{"type":"MultiLineString","coordinates":[[[-84.2264,36.3623],[-84.2193,36.3585],[-84.2032,36.3728]],[[-84.1861,36.3681],[-84.1873,36.365],[-84.195,36.3736],[-84.2026,36.3735]]]}},{"type":"Feature","properties":{"mtfcc":"S1500","name":"Forest Rd 101"},"geometry":{"type":"LineString","coordinates":[[-84.5835,35.0806],[-84.5846,35.0848],[-84.5799,35.0891],[-84.5812,35.1044],[-84.5855,35.103],[-84.5863,35.0981],[-84.6,35.094]]}},{"type":"Feature","properties":{"mtfcc":"S1500","name":"Forest Rd 236"},"geometry":{"type":"LineString","coordinates":[[-84.4406,35.1822],[-84.4362,35.1777],[-84.4333,35.1825],[-84.427,35.1798],[-84.4208,35.1749],[-84.4227,35.1677],[-84.4099,35.1646],[-84.408,35.1575],[-84.3984,35.1673],[-84.3835,35.1736],[-84.3815,35.1644],[-84.3753,35.1632],[-84.3757,35.155],[-84.3648,35.1473],[-84.3658,35.1401]]}},{"type":"Feature","properties":{"mtfcc":"S1500","name":"Forest Rd 302"},"geometry":{"type":"MultiLineString","coordinates":[[[-84.5996,35.0341],[-84.5939,35.042],[-84.5976,35.0465],[-84.5933,35.0512],[-84.592,35.0648],[-84.5896,35.0635],[-84.5829,35.0776],[-84.586,35.0875],[-84.5916,35.0868],[-84.5909,35.0924],[-84.5942,35.0874],[-84.5949,35.0935],[-84.5993,35.0949],[-84.6028,35.0887],[-84.6084,35.0879],[-84.6055,35.0831],[-84.6074,35.0753],[-84.6144,35.0747],[-84.6165,35.0807],[-84.6212,35.0823],[-84.6222,35.0773],[-84.6268,35.0789],[-84.6261,35.0749],[-84.6326,35.0775],[-84.6268,35.0703],[-84.6334,35.0715],[-84.6331,35.0652],[-84.6426,35.0686]],[[-84.6426,35.0687],[-84.6428,35.0688]]]}},{"type":"Feature","properties":{"mtfcc":"S1500","name":"Fox Hill Rd"},"geometry":{"type":"LineString","coordinates":[[-85.6826,36.0574],[-85.6987,36.0574]]}},{"type":"Feature","properties":{"mtfcc":"S1820","name":"Fox Run Greenway"},"geometry":{"type":"LineString","coordinates":[[-84.212,35.8886],[-84.2202,35.8815]]}},{"type":"Feature","properties":{"mtfcc":"S1500","name":"George Creek Trl"},"geometry":{"type":"LineString","coordinates":[[-82.1369,36.1599],[-82.1187,36.1702],[-82.1168,36.1872]]}},{"type":"Feature","properties":{"mtfcc":"S1500","name":"Gibson Rd"},"geometry":{"type":"LineString","coordinates":[[-82.8831,36.4247],[-82.8841,36.4265]]}},{"type":"Feature","properties":{"mtfcc":"S1500","name":"Grand Valley Rd"},"geometry":{"type":"LineString","coordinates":[[-83.8263,35.9357],[-83.8128,35.9394]]}},{"type":"Feature","properties":{"mtfcc":"S1500","name":"Grays Creek Rd"},"geometry":{"type":"MultiLineString","coordinates":[[[-85.5609,35.2639],[-85.5705,35.2705],[-85.5772,35.2664],[-85.5709,35.2719]],[[-85.5776,35.2671],[-85.5791,35.2685]]]}},{"type":"Feature","properties":{"mtfcc":"S1500","name":"Griffin Ln"},"geometry":{"type":"LineString","coordinates":[[-83.6649,36.1679],[-83.6645,36.1703]]}},{"type":"Feature","properties":{"mtfcc":"S1500","name":"Gwyndalyn Dr"},"geometry":{"type":"LineString","coordinates":[[-85.8239,35.6813],[-85.8242,35.6807]]}},{"type":"Feature","properties":{"mtfcc":"S1500","name":"Hale Brook Rd"},"geometry":{"type":"LineString","coordinates":[[-83.2179,36.0023],[-83.2211,36.0069]]}},{"type":"Feature","properties":{"mtfcc":"S1820","name":"Halls Greenway"},"geometry":{"type":"LineString","coordinates":[[-83.9187,36.0788],[-83.9156,36.0786]]}},{"type":"Feature","properties":{"mtfcc":"S1500","name":"Harrison Ooltewah Rd"},"geometry":{"type":"LineString","coordinates":[[-85.1169,35.113],[-85.1169,35.1129]]}},{"type":"Feature","properties":{"mtfcc":"S1500","name":"Hart Leonard Rd"},"geometry":{"type":"LineString","coordinates":[[-86.9073,35.2891],[-86.9061,35.3038]]}},{"type":"Feature","properties":{"mtfcc":"S1500","name":"Henley Trl"},"geometry":{"type":"LineString","coordinates":[[-88.8521,35.322],[-88.8596,35.3343]]}},{"type":"Feature","properties":{"mtfcc":"S1500","name":"Hewitt Ridge Rd"},"geometry":{"type":"LineString","coordinates":[[-85.7099,36.187],[-85.7032,36.1953]]}},{"type":"Feature","properties":{"mtfcc":"S1500","name":"Hickory Creek Rd"},"geometry":{"type":"LineString","coordinates":[[-84.1157,36.4695],[-84.1131,36.4704]]}},{"type":"Feature","properties":{"mtfcc":"S1500","name":"Hidden Acres"},"geometry":{"type":"LineString","coordinates":[[-86.9817,35.1769],[-86.9807,35.1757]]}},{"type":"Feature","properties":{"mtfcc":"S1500","name":"High Point Trl"},"geometry":{"type":"LineString","coordinates":[[-84.0691,36.2242],[-84.0614,36.2325]]}},{"type":"Feature","properties":{"mtfcc":"S1500","name":"Highland Reserve Way"},"geometry":{"type":"LineString","coordinates":[[-84.5259,35.8181],[-84.5343,35.8122],[-84.5353,35.8071]]}},{"type":"Feature","properties":{"mtfcc":"S1500","name":"Hillside Dr"},"geometry":{"type":"LineString","coordinates":[[-84.9802,35.7132],[-84.9774,35.7139]]}},{"type":"Feature","properties":{"mtfcc":"S1500","name":"Hiwassee Land Company Rd"},"geometry":{"type":"LineString","coordinates":[[-84.3012,35.4393],[-84.2866,35.4426]]}},{"type":"Feature","properties":{"mtfcc":"S1500","name":"Holly Hill Rd"},"geometry":{"type":"LineString","coordinates":[[-82.1452,36.2303],[-82.1429,36.2384],[-82.146,36.24],[-82.1456,36.2475],[-82.1383,36.2514],[-82.1434,36.2544],[-82.1393,36.2651]]}},{"type":"Feature","properties":{"mtfcc":"S1500","name":"Hollyhill Rd"},"geometry":{"type":"LineString","coordinates":[[-82.1427,36.2516],[-82.1383,36.2514],[-82.1434,36.2544],[-82.1393,36.2651]]}},{"type":"Feature","properties":{"mtfcc":"S1500","name":"Hoodtown Rd"},"geometry":{"type":"LineString","coordinates":[[-85.0116,36.3135],[-85.0055,36.3047],[-84.984,36.3103]]}},{"type":"Feature","properties":{"mtfcc":"S1500","name":"Horseshoe Trl"},"geometry":{"type":"LineString","coordinates":[[-85.2854,35.713],[-85.2819,35.7123]]}},{"type":"Feature","properties":{"mtfcc":"S1500","name":"Howard Harrison Rd"},"geometry":{"type":"LineString","coordinates":[[-82.0391,36.2115],[-82.0378,36.2223],[-82.0454,36.2259]]}},{"type":"Feature","properties":{"mtfcc":"S1500","name":"Howard Trl"},"geometry":{"type":"LineString","coordinates":[[-88.8413,35.3657],[-88.8596,35.3747]]}},{"type":"Feature","properties":{"mtfcc":"S1500","name":"Hundley Rd"},"geometry":{"type":"MultiLineString","coordinates":[[[-89.0677,35.4669],[-89.0678,35.4749]],[[-89.0669,35.4703],[-89.0676,35.4706]]]}},{"type":"Feature","properties":{"mtfcc":"S1820","name":"Inverness Greenway"},"geometry":{"type":"LineString","coordinates":[[-84.1606,35.8644],[-84.1558,35.859]]}},{"type":"Feature","properties":{"mtfcc":"S1500","name":"Jackson Rd"},"geometry":{"type":"LineString","coordinates":[[-84.9238,35.6192],[-84.9244,35.6195]]}},{"type":"Feature","properties":{"mtfcc":"S1500","name":"Jarrett Rd"},"geometry":{"type":"LineString","coordinates":[[-82.1683,36.1603],[-82.1679,36.1567]]}},{"type":"Feature","properties":{"mtfcc":"S1500","name":"Jeep Trl"},"geometry":{"type":"MultiLineString","coordinates":[[[-85.6232,35.4224],[-85.6304,35.4214]],[[-88.6765,35.2667],[-88.6779,35.2707]],[[-88.3901,35.2858],[-88.3919,35.286]],[[-85.4956,35.7689],[-85.5111,35.7692]],[[-86.1509,36.0066],[-86.1548,36.0098]],[[-86.1583,36.0184],[-86.1647,36.015]]]}},{"type":"Feature","properties":{"mtfcc":"S1500","name":"Jess Morton Ln"},"geometry":{"type":"LineString","coordinates":[[-86.9117,35.7388],[-86.9152,35.7386]]}},{"type":"Feature","properties":{"mtfcc":"S1500","name":"Jim Bob Rd"},"geometry":{"type":"MultiLineString","coordinates":[[[-88.4365,35.5089],[-88.4368,35.5145],[-88.432,35.5145],[-88.4226,35.5303]],[[-88.4403,35.5065],[-88.4378,35.5077]]]}},{"type":"Feature","properties":{"mtfcc":"S1500","name":"Jim Cathey Rd"},"geometry":{"type":"LineString","coordinates":[[-86.9117,35.7388],[-86.9152,35.7386]]}},{"type":"Feature","properties":{"mtfcc":"S1500","name":"John Goodin Rd"},"geometry":{"type":"LineString","coordinates":[[-82.2341,36.1421],[-82.2332,36.1431]]}},{"type":"Feature","properties":{"mtfcc":"S1500","name":"John Teters Rd"},"geometry":{"type":"LineString","coordinates":[[-86.2494,35.2754],[-86.2495,35.2754]]}},{"type":"Feature","properties":{"mtfcc":"S1500","name":"Joplin Rd"},"geometry":{"type":"LineString","coordinates":[[-86.6178,35.3419],[-86.6162,35.3457]]}},{"type":"Feature","properties":{"mtfcc":"S1500","name":"Jump Off Rd"},"geometry":{"type":"LineString","coordinates":[[-85.8419,35.1408],[-85.8434,35.1422]]}},{"type":"Feature","properties":{"mtfcc":"S1500","name":"Jumpoff Mountain Rd"},"geometry":{"type":"LineString","coordinates":[[-85.835,35.1443],[-85.8305,35.1421],[-85.839,35.1384],[-85.8419,35.1408]]}},{"type":"Feature","properties":{"mtfcc":"S1500","name":"Kee Ln"},"geometry":{"type":"LineString","coordinates":[[-89.8929,35.4636],[-89.8889,35.4648]]}},{"type":"Feature","properties":{"mtfcc":"S1500","name":"Kelly Trl"},"geometry":{"type":"LineString","coordinates":[[-88.8421,35.3872],[-88.8384,35.3894]]}},{"type":"Feature","properties":{"mtfcc":"S1500","name":"Kenaum Estates Ln"},"geometry":{"type":"LineString","coordinates":[[-86.7085,35.9121],[-86.7021,35.9127]]}},{"type":"Feature","properties":{"mtfcc":"S1500","name":"Key Ridge Rd"},"geometry":{"type":"LineString","coordinates":[[-85.133,36.2387],[-85.1302,36.2436],[-85.1364,36.2392]]}},{"type":"Feature","properties":{"mtfcc":"S1500","name":"Lady Slipper Ln"},"geometry":{"type":"LineString","coordinates":[[-85.8976,35.2581],[-85.9002,35.26]]}},{"type":"Feature","properties":{"mtfcc":"S1500","name":"Lake Rd"},"geometry":{"type":"LineString","coordinates":[[-84.0583,36.2712],[-84.061,36.2582],[-84.0642,36.2577]]}},{"type":"Feature","properties":{"mtfcc":"S1500","name":"Laney Way"},"geometry":{"type":"LineString","coordinates":[[-83.4028,35.8003],[-83.4031,35.8044]]}},{"type":"Feature","properties":{"mtfcc":"S1500","name":"Lantana Firetower Rd"},"geometry":{"type":"LineString","coordinates":[[-85.112,35.8837],[-85.1101,35.8833]]}},{"type":"Feature","properties":{"mtfcc":"S1500","name":"Laurel Fork Rd"},"geometry":{"type":"LineString","coordinates":[[-82.0574,36.2636],[-82.0624,36.2619],[-82.0774,36.2688],[-82.0931,36.2627],[-82.0963,36.2691]]}},{"type":"Feature","properties":{"mtfcc":"S1500","name":"Laurel Rdg"},"geometry":{"type":"LineString","coordinates":[[-82.084,36.2436],[-82.0855,36.2443]]}},{"type":"Feature","properties":{"mtfcc":"S1500","name":"Ledgerwood Dr"},"geometry":{"type":"LineString","coordinates":[[-84.7118,35.7804],[-84.7126,35.7816]]}},{"type":"Feature","properties":{"mtfcc":"S1500","name":"Lee Vern Rd"},"geometry":{"type":"LineString","coordinates":[[-85.1899,35.4035],[-85.1883,35.412]]}},{"type":"Feature","properties":{"mtfcc":"S1500","name":"Lindsey Cemetery Rd"},"geometry":{"type":"LineString","coordinates":[[-84.2168,35.5143],[-84.2157,35.5174],[-84.22,35.5188]]}},{"type":"Feature","properties":{"mtfcc":"S1500","name":"Linville Rd"},"geometry":{"type":"LineString","coordinates":[[-87.4268,35.4055],[-87.4358,35.4118],[-87.4449,35.4276]]}},{"type":"Feature","properties":{"mtfcc":"S1500","name":"Little Grinders Rd"},"geometry":{"type":"LineString","coordinates":[[-87.4041,35.549],[-87.404,35.5491]]}},{"type":"Feature","properties":{"mtfcc":"S1500","name":"Little Mountain Rd"},"geometry":{"type":"LineString","coordinates":[[-82.3202,36.204],[-82.3208,36.2073],[-82.3109,36.2136],[-82.3105,36.2243],[-82.3029,36.2277]]}},{"type":"Feature","properties":{"mtfcc":"S1500","name":"Little Stony Creek Rd"},"geometry":{"type":"LineString","coordinates":[[-82.0574,36.2636],[-82.0537,36.272],[-82.0656,36.2779],[-82.0633,36.2836],[-82.0721,36.3014],[-82.0729,36.3139]]}},{"type":"Feature","properties":{"mtfcc":"S1500","name":"Lloyd Shockley Rd"},"geometry":{"type":"LineString","coordinates":[[-85.5663,35.7161],[-85.5626,35.7226]]}},{"type":"Feature","properties":{"mtfcc":"S1500","name":"Loan Rd"},"geometry":{"type":"LineString","coordinates":[[-84.581,35.7764],[-84.5736,35.7767]]}},{"type":"Feature","properties":{"mtfcc":"S1500","name":"Logging Rd"},"geometry":{"type":"MultiLineString","coordinates":[[[-85.1406,35.3593],[-85.1367,35.3659],[-85.1388,35.3699],[-85.1224,35.38]],[[-85.1388,35.3699],[-85.1399,35.3705]],[[-85.1355,35.3763],[-85.1351,35.3707],[-85.1343,35.3733]],[[-85.1322,35.3751],[-85.1241,35.381]]]}},{"type":"Feature","properties":{"mtfcc":"S1500","name":"Long Rock Rd"},"geometry":{"type":"LineString","coordinates":[[-85.3385,35.761],[-85.3284,35.7635]]}},{"type":"Feature","properties":{"mtfcc":"S1500","name":"Lost Cove Trl"},"geometry":{"type":"LineString","coordinates":[[-85.9105,35.1379],[-85.9128,35.142],[-85.9201,35.1429],[-85.9208,35.1386]]}},{"type":"Feature","properties":{"mtfcc":"S1500","name":"Lost Creek Rd"},"geometry":{"type":"LineString","coordinates":[[-85.0358,36.3803],[-85.0552,36.3849],[-85.0672,36.381],[-85.0726,36.385],[-85.0847,36.377],[-85.0843,36.3691],[-85.0912,36.3673],[-85.1,36.3743]]}},{"type":"Feature","properties":{"mtfcc":"S1500","name":"Lovell Cir"},"geometry":{"type":"MultiLineString","coordinates":[[[-85.8741,36.1878],[-85.8637,36.1944]],[[-85.8665,36.1926],[-85.8603,36.1923],[-85.8705,36.1891],[-85.8691,36.1857]]]}},{"type":"Feature","properties":{"mtfcc":"S1500","name":"Low Gap Rd"},"geometry":{"type":"LineString","coordinates":[[-87.2896,35.5499],[-87.2798,35.5683]]}},{"type":"Feature","properties":{"mtfcc":"S1500","name":"Magic Mountain Ln"},"geometry":{"type":"LineString","coordinates":[[-86.7103,35.9097],[-86.7049,35.9068],[-86.7005,35.9118]]}},{"type":"Feature","properties":{"mtfcc":"S1500","name":"Manning Rd"},"geometry":{"type":"LineString","coordinates":[[-84.8659,35.848],[-84.8654,35.8524],[-84.8562,35.8557],[-84.8573,35.863],[-84.853,35.8643]]}},{"type":"Feature","properties":{"mtfcc":"S1820","name":"Margaret Rd"},"geometry":{"type":"LineString","coordinates":[[-83.878,35.9283],[-83.8773,35.9328]]}},{"type":"Feature","properties":{"mtfcc":"S1500","name":"Marsh Rd"},"geometry":{"type":"LineString","coordinates":[[-87.4034,35.8356],[-87.406,35.8361]]}},{"type":"Feature","properties":{"mtfcc":"S1500","name":"Martin Ridge Rd"},"geometry":{"type":"LineString","coordinates":[[-84.7568,35.5858],[-84.768,35.5905],[-84.7701,35.5981]]}},{"type":"Feature","properties":{"mtfcc":"S1500","name":"Mason Rd"},"geometry":{"type":"LineString","coordinates":[[-84.286,35.3126],[-84.2829,35.3173]]}},{"type":"Feature","properties":{"mtfcc":"S1500","name":"McBride Rd"},"geometry":{"type":"LineString","coordinates":[[-86.7602,35.4962],[-86.7606,35.4935]]}},{"type":"Feature","properties":{"mtfcc":"S1500","name":"McClendon Ln"},"geometry":{"type":"LineString","coordinates":[[-88.903,35.3554],[-88.9083,35.3591]]}},{"type":"Feature","properties":{"mtfcc":"S1500","name":"McGee Rd"},"geometry":{"type":"LineString","coordinates":[[-87.8113,35.5877],[-87.8087,35.5943],[-87.8124,35.6052]]}},{"type":"Feature","properties":{"mtfcc":"S1500","name":"Milk Barn Rd"},"geometry":{"type":"LineString","coordinates":[[-85.3469,36.2137],[-85.3398,36.2188]]}},{"type":"Feature","properties":{"mtfcc":"S1500","name":"Mill Branch Rd"},"geometry":{"type":"LineString","coordinates":[[-84.3989,36.3412],[-84.4053,36.3429],[-84.4097,36.3393],[-84.4159,36.3426]]}},{"type":"Feature","properties":{"mtfcc":"S1500","name":"Mill Creek Ln"},"geometry":{"type":"LineString","coordinates":[[-87.367,35.8891],[-87.3611,35.8906]]}},{"type":"Feature","properties":{"mtfcc":"S1500","name":"Mill St"},"geometry":{"type":"LineString","coordinates":[[-87.352,35.9006],[-87.3511,35.8994]]}},{"type":"Feature","properties":{"mtfcc":"S1500","name":"Millsaps Rd"},"geometry":{"type":"LineString","coordinates":[[-84.1977,35.5627],[-84.2048,35.5602]]}},{"type":"Feature","properties":{"mtfcc":"S1500","name":"Mine Rd"},"geometry":{"type":"LineString","coordinates":[[-85.4461,35.5996],[-85.4531,35.5834]]}},{"type":"Feature","properties":{"mtfcc":"S1500","name":"Mj Moss Loop"},"geometry":{"type":"LineString","coordinates":[[-85.6161,35.0662],[-85.6173,35.0644]]}},{"type":"Feature","properties":{"mtfcc":"S1500","name":"Morton Rd"},"geometry":{"type":"LineString","coordinates":[[-82.1486,36.2926],[-82.1517,36.3013],[-82.1438,36.3123]]}},{"type":"Feature","properties":{"mtfcc":"S1500","name":"Moss Farm Rd"},"geometry":{"type":"LineString","coordinates":[[-85.6127,35.0707],[-85.62,35.0581]]}},{"type":"Feature","properties":{"mtfcc":"S1500","name":"Moss Rd"},"geometry":{"type":"LineString","coordinates":[[-85.6127,35.0707],[-85.62,35.0581]]}},{"type":"Feature","properties":{"mtfcc":"S1500","name":"Mountain Creek Rd"},"geometry":{"type":"LineString","coordinates":[[-85.1719,35.7318],[-85.1643,35.7332],[-85.1622,35.7408],[-85.1548,35.7415],[-85.139,35.7408],[-85.137,35.7337]]}},{"type":"Feature","properties":{"mtfcc":"S1500","name":"Myatt Creek Rd"},"geometry":{"type":"LineString","coordinates":[[-84.9491,36.0819],[-84.968,36.0937],[-84.9827,36.1345],[-84.9911,36.1443],[-84.99,36.1482],[-84.9644,36.1529]]}},{"type":"Feature","properties":{"mtfcc":"S1500","name":"Myers Cemetary Rd"},"geometry":{"type":"LineString","coordinates":[[-85.371,35.7216],[-85.3659,35.7239]]}},{"type":"Feature","properties":{"mtfcc":"S1500","name":"N Hawkins St"},"geometry":{"type":"LineString","coordinates":[[-83.0004,36.4149],[-83.0013,36.4161]]}},{"type":"Feature","properties":{"mtfcc":"S1500","name":"N Howard Ln"},"geometry":{"type":"LineString","coordinates":[[-84.7619,35.575],[-84.7651,35.5807]]}},{"type":"Feature","properties":{"mtfcc":"S1500","name":"Nashville Ave"},"geometry":{"type":"LineString","coordinates":[[-84.8125,36.1949],[-84.797,36.2019],[-84.7877,36.1983],[-84.7777,36.2059]]}},{"type":"Feature","properties":{"mtfcc":"S1500","name":"Nat Forest Hwy 198"},"geometry":{"type":"LineString","coordinates":[[-84.3287,35.2016],[-84.3237,35.2034]]}},{"type":"Feature","properties":{"mtfcc":"S1500","name":"Nick Weatherspoon Cem"},"geometry":{"type":"LineString","coordinates":[[-87.5665,35.8262],[-87.5675,35.8513]]}},{"type":"Feature","properties":{"mtfcc":"S1500","name":"Norris"},"geometry":{"type":"LineString","coordinates":[[-84.0693,36.2243],[-84.0886,36.2261]]}},{"type":"Feature","properties":{"mtfcc":"S1500","name":"Norsford Rd"},"geometry":{"type":"LineString","coordinates":[[-84.2669,35.4173],[-84.2669,35.4172]]}},{"type":"Feature","properties":{"mtfcc":"S1500","name":"Nydeck Rd"},"geometry":{"type":"LineString","coordinates":[[-84.643,36.3207],[-84.6441,36.3255],[-84.6405,36.3274]]}},{"type":"Feature","properties":{"mtfcc":"S1500","name":"Oil Well Rd"},"geometry":{"type":"LineString","coordinates":[[-84.5949,36.4677],[-84.5921,36.4788]]}},{"type":"Feature","properties":{"mtfcc":"S1500","name":"Old Center Trl"},"geometry":{"type":"LineString","coordinates":[[-88.8209,35.3713],[-88.8142,35.3655],[-88.8146,35.3576]]}},{"type":"Feature","properties":{"mtfcc":"S1500","name":"Old Chat-Mc Minnville Stage Rd"},"geometry":{"type":"LineString","coordinates":[[-85.5847,35.4414],[-85.5914,35.4447],[-85.5993,35.4421],[-85.6247,35.4578]]}},{"type":"Feature","properties":{"mtfcc":"S1500","name":"Old Farm Rd"},"geometry":{"type":"LineString","coordinates":[[-85.0365,35.2664],[-85.0283,35.2785],[-85.0218,35.2795]]}},{"type":"Feature","properties":{"mtfcc":"S1500","name":"Old Gunter Town Rd"},"geometry":{"type":"LineString","coordinates":[[-85.0908,36.4885],[-85.0922,36.4883]]}},{"type":"Feature","properties":{"mtfcc":"S1500","name":"Old Mill Creek Rd"},"geometry":{"type":"LineString","coordinates":[[-87.4187,35.8713],[-87.4142,35.8757],[-87.4018,35.8771],[-87.4007,35.8805],[-87.3906,35.8813]]}},{"type":"Feature","properties":{"mtfcc":"S1500","name":"Old Myers Hill Rd"},"geometry":{"type":"LineString","coordinates":[[-85.7007,35.2619],[-85.7029,35.2681]]}},{"type":"Feature","properties":{"mtfcc":"S1500","name":"Old Ross Rd"},"geometry":{"type":"MultiLineString","coordinates":[[[-85.1424,35.8921],[-85.1381,35.8929]],[[-85.1357,35.8937],[-85.1257,35.8895],[-85.1247,35.8856]]]}},{"type":"Feature","properties":{"mtfcc":"S1500","name":"Old Swan Rd"},"geometry":{"type":"MultiLineString","coordinates":[[[-87.4025,35.6341],[-87.4159,35.6338],[-87.4308,35.6258],[-87.4456,35.6333]],[[-87.4045,35.6361],[-87.4023,35.6384],[-87.4134,35.654],[-87.4049,35.6594]]]}},{"type":"Feature","properties":{"mtfcc":"S1500","name":"Ouchonder Rd"},"geometry":{"type":"LineString","coordinates":[[-85.8637,36.1944],[-85.8665,36.1926],[-85.8603,36.1923],[-85.8643,36.1908]]}},{"type":"Feature","properties":{"mtfcc":"S1500","name":"Overlook Rd"},"geometry":{"type":"LineString","coordinates":[[-85.0097,35.7169],[-85.0124,35.7267]]}},{"type":"Feature","properties":{"mtfcc":"S1500","name":"Overlook Trl"},"geometry":{"type":"LineString","coordinates":[[-85.0016,35.7355],[-84.9999,35.7357]]}},{"type":"Feature","properties":{"mtfcc":"S1500","name":"Parson Dr"},"geometry":{"type":"LineString","coordinates":[[-89.3324,35.2044],[-89.3278,35.2045]]}},{"type":"Feature","properties":{"mtfcc":"S1500","name":"Parsons Ln"},"geometry":{"type":"LineString","coordinates":[[-83.5672,36.5144],[-83.5612,36.5162]]}},{"type":"Feature","properties":{"mtfcc":"S1500","name":"Paul Holland Rd"},"geometry":{"type":"LineString","coordinates":[[-85.2319,35.705],[-85.2282,35.7082]]}},{"type":"Feature","properties":{"mtfcc":"S1500","name":"Payne Rd"},"geometry":{"type":"LineString","coordinates":[[-85.5999,35.6658],[-85.59,35.667]]}},{"type":"Feature","properties":{"mtfcc":"S1500","name":"Pecan Trl"},"geometry":{"type":"LineString","coordinates":[[-88.2302,35.8672],[-88.2187,35.8693],[-88.2119,35.8638]]}},{"type":"Feature","properties":{"mtfcc":"S1500","name":"Periwinkle Ln"},"geometry":{"type":"LineString","coordinates":[[-83.192,36.5545],[-83.19,36.5495]]}},{"type":"Feature","properties":{"mtfcc":"S1500","name":"Perkins Trl"},"geometry":{"type":"LineString","coordinates":[[-84.1835,36.3394],[-84.1817,36.3397]]}},{"type":"Feature","properties":{"mtfcc":"S1500","name":"Petty Dr"},"geometry":{"type":"LineString","coordinates":[[-87.7971,35.5581],[-87.8217,35.5631]]}},{"type":"Feature","properties":{"mtfcc":"S1500","name":"Pine Ridge Ln"},"geometry":{"type":"LineString","coordinates":[[-88.421,35.3038],[-88.415,35.309],[-88.4164,35.3175]]}},{"type":"Feature","properties":{"mtfcc":"S1500","name":"Plemel Ln"},"geometry":{"type":"LineString","coordinates":[[-86.7683,36.3929],[-86.7713,36.3893]]}},{"type":"Feature","properties":{"mtfcc":"S1500","name":"Poplar Springs Rd"},"geometry":{"type":"LineString","coordinates":[[-86.0276,34.9918],[-86.0314,34.9982],[-86.0249,35.0032],[-86.0238,35.0195],[-86.0324,35.0264]]}},{"type":"Feature","properties":{"mtfcc":"S1500","name":"Portabello"},"geometry":{"type":"LineString","coordinates":[[-83.0517,36.0489],[-83.0502,36.0512]]}},{"type":"Feature","properties":{"mtfcc":"S1500","name":"Portabello Way"},"geometry":{"type":"LineString","coordinates":[[-83.0502,36.0512],[-83.0505,36.0516]]}},{"type":"Feature","properties":{"mtfcc":"S1500","name":"Possum Trot Rd"},"geometry":{"type":"MultiLineString","coordinates":[[[-88.3576,35.0496],[-88.3525,35.0496],[-88.3451,35.0581],[-88.3405,35.0714]],[[-88.3479,35.0492],[-88.3525,35.0496]],[[-88.3559,35.0472],[-88.3562,35.0492]]]}},{"type":"Feature","properties":{"mtfcc":"S1500","name":"Powell Rd"},"geometry":{"type":"LineString","coordinates":[[-87.5546,35.0751],[-87.5618,35.0967],[-87.5656,35.0984]]}},{"type":"Feature","properties":{"mtfcc":"S1500","name":"Prospect Rd"},"geometry":{"type":"LineString","coordinates":[[-83.1959,36.5643],[-83.1932,36.5687],[-83.1887,36.5665]]}},{"type":"Feature","properties":{"mtfcc":"S1500","name":"Puncheon Camp Creek Rd"},"geometry":{"type":"LineString","coordinates":[[-85.2359,35.8285],[-85.227,35.8323],[-85.226,35.8369]]}},{"type":"Feature","properties":{"mtfcc":"S1500","name":"Quail Hollow"},"geometry":{"type":"LineString","coordinates":[[-83.419,35.7903],[-83.418,35.7866]]}},{"type":"Feature","properties":{"mtfcc":"S1500","name":"Raby Hollow Rd"},"geometry":{"type":"LineString","coordinates":[[-84.6163,35.7681],[-84.6152,35.7722]]}},{"type":"Feature","properties":{"mtfcc":"S1500","name":"Raccoon Valley Rd"},"geometry":{"type":"LineString","coordinates":[[-83.2236,36.0024],[-83.224,35.9997]]}},{"type":"Feature","properties":{"mtfcc":"S1500","name":"Randy Rd"},"geometry":{"type":"LineString","coordinates":[[-87.0311,36.3444],[-87.0294,36.3459]]}},{"type":"Feature","properties":{"mtfcc":"S1500","name":"Rattlesnake Branch Rd"},"geometry":{"type":"LineString","coordinates":[[-82.933,35.8349],[-82.94,35.835],[-82.9355,35.8281],[-82.9376,35.8257]]}},{"type":"Feature","properties":{"mtfcc":"S1500","name":"Rays Chapel Rd"},"geometry":{"type":"LineString","coordinates":[[-83.2193,36.0029],[-83.2104,36.006],[-83.1982,36.0041]]}},{"type":"Feature","properties":{"mtfcc":"S1500","name":"Red Fork Rd"},"geometry":{"type":"LineString","coordinates":[[-82.3068,36.1341],[-82.2925,36.1444],[-82.2833,36.1358],[-82.2839,36.1401],[-82.2782,36.137],[-82.2702,36.1406],[-82.2762,36.134],[-82.273,36.134],[-82.2501,36.154]]}},{"type":"Feature","properties":{"mtfcc":"S1500","name":"Red Hill Rd"},"geometry":{"type":"LineString","coordinates":[[-84.0501,36.2276],[-84.0544,36.2249],[-84.0613,36.229]]}},{"type":"Feature","properties":{"mtfcc":"S1500","name":"Red Hill Trl"},"geometry":{"type":"MultiLineString","coordinates":[[[-84.0596,36.2129],[-84.0657,36.2184],[-84.0594,36.2181],[-84.0691,36.2242]],[[-84.0503,36.2276],[-84.0544,36.2249],[-84.0613,36.229]]]}},{"type":"Feature","properties":{"mtfcc":"S1500","name":"Reservoir Rd"},"geometry":{"type":"LineString","coordinates":[[-84.1696,36.3685],[-84.131,36.3942]]}},{"type":"Feature","properties":{"mtfcc":"S1500","name":"Retreat Ln"},"geometry":{"type":"LineString","coordinates":[[-86.0462,35.2978],[-86.0466,35.2994]]}},{"type":"Feature","properties":{"mtfcc":"S1500","name":"Rice Branch Rd"},"geometry":{"type":"LineString","coordinates":[[-87.6515,35.9522],[-87.652,35.9518]]}},{"type":"Feature","properties":{"mtfcc":"S1500","name":"Ridge Rd W"},"geometry":{"type":"LineString","coordinates":[[-85.1428,35.739],[-85.1375,35.7396],[-85.137,35.7337]]}},{"type":"Feature","properties":{"mtfcc":"S1500","name":"Right Prong Blue Buck Rd"},"geometry":{"type":"LineString","coordinates":[[-87.3359,35.6719],[-87.3413,35.6942]]}},{"type":"Feature","properties":{"mtfcc":"S1500","name":"Riley Hill Rd"},"geometry":{"type":"LineString","coordinates":[[-86.9917,35.1923],[-86.9912,35.1907]]}},{"type":"Feature","properties":{"mtfcc":"S1500","name":"Rock Creek Park Rd"},"geometry":{"type":"LineString","coordinates":[[-82.3538,36.1371],[-82.3456,36.1393]]}},{"type":"Feature","properties":{"mtfcc":"S1500","name":"Rock House Hollow Ct"},"geometry":{"type":"LineString","coordinates":[[-86.2903,36.5356],[-86.2831,36.5285]]}},{"type":"Feature","properties":{"mtfcc":"S1500","name":"Rockwell Rd SE"},"geometry":{"type":"LineString","coordinates":[[-83.8592,35.9221],[-83.859,35.9216]]}},{"type":"Feature","properties":{"mtfcc":"S1500","name":"Rocky Top Rd"},"geometry":{"type":"LineString","coordinates":[[-83.1098,35.9288],[-83.1065,35.9316]]}},{"type":"Feature","properties":{"mtfcc":"S1500","name":"Roddy Rd"},"geometry":{"type":"MultiLineString","coordinates":[[[-84.8016,35.7697],[-84.7823,35.7823]],[[-84.7816,35.7818],[-84.7814,35.7818]]]}},{"type":"Feature","properties":{"mtfcc":"S1500","name":"Rolling Acres Rd"},"geometry":{"type":"LineString","coordinates":[[-85.7768,36.0049],[-85.774,36.0035],[-85.7756,36.0057]]}},{"type":"Feature","properties":{"mtfcc":"S1500","name":"Roses Creek Rd"},"geometry":{"type":"LineString","coordinates":[[-83.9997,36.573],[-83.9887,36.5873]]}},{"type":"Feature","properties":{"mtfcc":"S1500","name":"Rosewood Way"},"geometry":{"type":"LineString","coordinates":[[-83.4974,36],[-83.4952,36.0034]]}},{"type":"Feature","properties":{"mtfcc":"S1500","name":"Round Cove Rd"},"geometry":{"type":"LineString","coordinates":[[-86.006,35.0317],[-85.994,35.0248],[-85.9958,35.0182]]}},{"type":"Feature","properties":{"mtfcc":"S1500","name":"S Buchanan Rd"},"geometry":{"type":"LineString","coordinates":[[-87.7394,36.0344],[-87.7274,36.0449]]}},{"type":"Feature","properties":{"mtfcc":"S1500","name":"Sage Hill Rd"},"geometry":{"type":"LineString","coordinates":[[-84.5412,35.1395],[-84.5508,35.1422],[-84.5603,35.1388],[-84.5602,35.1429],[-84.5647,35.1445],[-84.5614,35.1486],[-84.5644,35.1525],[-84.5617,35.1525]]}},{"type":"Feature","properties":{"mtfcc":"S1500","name":"Scurlock Cemetery Ln"},"geometry":{"type":"LineString","coordinates":[[-87.7563,36.0325],[-87.7434,36.0393]]}},{"type":"Feature","properties":{"mtfcc":"S1500","name":"Secluded Ln"},"geometry":{"type":"LineString","coordinates":[[-86.236,35.2711],[-86.2393,35.2712]]}},{"type":"Feature","properties":{"mtfcc":"S1500","name":"Shiloh Rd"},"geometry":{"type":"LineString","coordinates":[[-86.1196,36.6078],[-86.116,36.6073]]}},{"type":"Feature","properties":{"mtfcc":"S1500","name":"Shipley Rd"},"geometry":{"type":"LineString","coordinates":[[-86.1198,35.3729],[-86.125,35.3725]]}},{"type":"Feature","properties":{"mtfcc":"S1500","name":"Sinking Cave Rd"},"geometry":{"type":"LineString","coordinates":[[-84.2669,35.4173],[-84.2669,35.4172]]}},{"type":"Feature","properties":{"mtfcc":"S1500","name":"Sircy Ridge Ln"},"geometry":{"type":"LineString","coordinates":[[-85.888,36.4042],[-85.8876,36.4103]]}},{"type":"Feature","properties":{"mtfcc":"S1500","name":"Sloan Branch Hill Ln"},"geometry":{"type":"LineString","coordinates":[[-85.9163,36.3736],[-85.9104,36.3762]]}},{"type":"Feature","properties":{"mtfcc":"S1500","name":"Snake Pond Rd"},"geometry":{"type":"MultiLineString","coordinates":[[[-85.84,35.1383],[-85.8399,35.1387]],[[-85.8419,35.1408],[-85.8434,35.1422]]]}},{"type":"Feature","properties":{"mtfcc":"S1500","name":"Snowbird Mountain Rd"},"geometry":{"type":"LineString","coordinates":[[-83.0518,35.7939],[-83.0453,35.7902],[-83.043,35.7937],[-83.039,35.7901],[-83.0314,35.7924],[-83.0278,35.7886]]}},{"type":"Feature","properties":{"mtfcc":"S1500","name":"Sourwood Lake Rd"},"geometry":{"type":"LineString","coordinates":[[-84.286,35.3126],[-84.2829,35.3173]]}},{"type":"Feature","properties":{"mtfcc":"S1500","name":"Sparks Ln"},"geometry":{"type":"LineString","coordinates":[[-84.1523,35.5855],[-84.1514,35.5915]]}},{"type":"Feature","properties":{"mtfcc":"S1500","name":"Spokelay Rd"},"geometry":{"type":"LineString","coordinates":[[-85.49,35.7621],[-85.4908,35.7696],[-85.4969,35.7679],[-85.4976,35.7633]]}},{"type":"Feature","properties":{"mtfcc":"S1500","name":"Spring Rd"},"geometry":{"type":"LineString","coordinates":[[-84.9774,35.7139],[-84.9758,35.7155]]}},{"type":"Feature","properties":{"mtfcc":"S1500","name":"Staggs Ln"},"geometry":{"type":"LineString","coordinates":[[-87.5194,35.5195],[-87.5199,35.5213]]}},{"type":"Feature","properties":{"mtfcc":"S1500","name":"Stanley Byers Rd"},"geometry":{"type":"LineString","coordinates":[[-85.7412,35.4771],[-85.7526,35.4942],[-85.7588,35.4959]]}},{"type":"Feature","properties":{"mtfcc":"S1500","name":"State Hwy 554"},"geometry":{"type":"LineString","coordinates":[[-85.2319,35.705],[-85.2282,35.7082]]}},{"type":"Feature","properties":{"mtfcc":"S1500","name":"Stiles Rd"},"geometry":{"type":"LineString","coordinates":[[-84.2848,35.4695],[-84.2816,35.4708]]}},{"type":"Feature","properties":{"mtfcc":"S1500","name":"Stinnett Trce"},"geometry":{"type":"LineString","coordinates":[[-84.5821,35.8537],[-84.5802,35.8612]]}},{"type":"Feature","properties":{"mtfcc":"S1500","name":"Stone Ridge Rd"},"geometry":{"type":"LineString","coordinates":[[-84.3412,35.4111],[-84.3406,35.4132]]}},{"type":"Feature","properties":{"mtfcc":"S1500","name":"Stoners Rd"},"geometry":{"type":"LineString","coordinates":[[-84.8191,36.1957],[-84.8186,36.2005]]}},{"type":"Feature","properties":{"mtfcc":"S1500","name":"Studler Rd"},"geometry":{"type":"LineString","coordinates":[[-87.4272,35.9275],[-87.4249,35.9306]]}},{"type":"Feature","properties":{"mtfcc":"S1500","name":"Sturmhaben Way"},"geometry":{"type":"LineString","coordinates":[[-83.2205,36.0287],[-83.2179,36.03]]}},{"type":"Feature","properties":{"mtfcc":"S1500","name":"Sugarland Rd"},"geometry":{"type":"LineString","coordinates":[[-87.2292,35.3231],[-87.2231,35.3198],[-87.2155,35.3254]]}},{"type":"Feature","properties":{"mtfcc":"S1500","name":"Sullivan St"},"geometry":{"type":"LineString","coordinates":[[-87.2232,36.1056],[-87.223,36.1068]]}},{"type":"Feature","properties":{"mtfcc":"S1500","name":"Summerfield Rd"},"geometry":{"type":"LineString","coordinates":[[-85.7946,35.2886],[-85.7894,35.2996],[-85.7924,35.3012]]}},{"type":"Feature","properties":{"mtfcc":"S1500","name":"Sunny Ct"},"geometry":{"type":"LineString","coordinates":[[-83.662,36.0195],[-83.6614,36.0196]]}},{"type":"Feature","properties":{"mtfcc":"S1500","name":"Susan Dr"},"geometry":{"type":"LineString","coordinates":[[-87.745,35.3375],[-87.747,35.3383]]}},{"type":"Feature","properties":{"mtfcc":"S1500","name":"Sycamore Trl"},"geometry":{"type":"LineString","coordinates":[[-84.0954,35.2876],[-84.0957,35.288]]}},{"type":"Feature","properties":{"mtfcc":"S1500","name":"T V A Rd"},"geometry":{"type":"LineString","coordinates":[[-82.9895,36.3728],[-82.9881,36.3713]]}},{"type":"Feature","properties":{"mtfcc":"S1500","name":"Talley Hollow Rd"},"geometry":{"type":"LineString","coordinates":[[-83.177,36.1127],[-83.1744,36.1149]]}},{"type":"Feature","properties":{"mtfcc":"S1500","name":"Tennessee Valley Divide Rd"},"geometry":{"type":"LineString","coordinates":[[-88.4413,35.4903],[-88.4406,35.4995]]}},{"type":"Feature","properties":{"mtfcc":"S1500","name":"Thompson Trl"},"geometry":{"type":"LineString","coordinates":[[-84.3942,36.5407],[-84.4195,36.5479],[-84.4149,36.551],[-84.4229,36.5568]]}},{"type":"Feature","properties":{"mtfcc":"S1500","name":"Timber Ln"},"geometry":{"type":"LineString","coordinates":[[-87.9438,35.8062],[-87.944,35.8]]}},{"type":"Feature","properties":{"mtfcc":"S1500","name":"Toad Hollow Rd"},"geometry":{"type":"LineString","coordinates":[[-87.8181,35.7437],[-87.8201,35.7446]]}},{"type":"Feature","properties":{"mtfcc":"S1500","name":"Tollett Rd"},"geometry":{"type":"LineString","coordinates":[[-85.0506,35.7685],[-85.0549,35.7698]]}},{"type":"Feature","properties":{"mtfcc":"S1500","name":"Toms Creek Rd"},"geometry":{"type":"MultiLineString","coordinates":[[[-87.9849,35.764],[-87.9852,35.7638]],[[-87.9352,35.7308],[-87.9546,35.7394],[-87.975,35.7592]]]}},{"type":"Feature","properties":{"mtfcc":"S1500","name":"Toomy Rd"},"geometry":{"type":"LineString","coordinates":[[-84.5949,36.4677],[-84.5921,36.4788]]}},{"type":"Feature","properties":{"mtfcc":"S1500","name":"Topland Way"},"geometry":{"type":"LineString","coordinates":[[-83.4272,35.7973],[-83.4283,35.7986]]}},{"type":"Feature","properties":{"mtfcc":"S1500","name":"Tower Rd"},"geometry":{"type":"LineString","coordinates":[[-82.1162,36.2327],[-82.1261,36.2309],[-82.1312,36.2183]]}},{"type":"Feature","properties":{"mtfcc":"S1500","name":"Tucker Ridge Rd"},"geometry":{"type":"LineString","coordinates":[[-85.7637,36.1209],[-85.7705,36.1244]]}},{"type":"Feature","properties":{"mtfcc":"S1500","name":"Turkey Blind"},"geometry":{"type":"LineString","coordinates":[[-84.6572,36.0766],[-84.6704,36.074]]}},{"type":"Feature","properties":{"mtfcc":"S1500","name":"Turkey Branch Rd"},"geometry":{"type":"MultiLineString","coordinates":[[[-85.9549,35.9058],[-85.9553,35.906]],[[-85.9679,35.91],[-85.9686,35.91]]]}},{"type":"Feature","properties":{"mtfcc":"S1500","name":"Ugly Creek Rd"},"geometry":{"type":"LineString","coordinates":[[-87.3745,35.6579],[-87.375,35.6598]]}},{"type":"Feature","properties":{"mtfcc":"S1500","name":"Unaka Mountain Overlook"},"geometry":{"type":"LineString","coordinates":[[-82.3107,36.1342],[-82.3068,36.1341]]}},{"type":"Feature","properties":{"mtfcc":"S1500","name":"Unaka Mountain Rd"},"geometry":{"type":"LineString","coordinates":[[-82.3258,36.119],[-82.3115,36.1255],[-82.3081,36.1313],[-82.3085,36.1276],[-82.3043,36.1331],[-82.3068,36.1341]]}},{"type":"Feature","properties":{"mtfcc":"S1500","name":"Unaka Mtn Rd"},"geometry":{"type":"LineString","coordinates":[[-82.3068,36.1341],[-82.2925,36.1444],[-82.2833,36.1358],[-82.2839,36.1401],[-82.2782,36.137],[-82.2702,36.1406],[-82.2762,36.134],[-82.273,36.134],[-82.2501,36.154]]}},{"type":"Feature","properties":{"mtfcc":"S1500","name":"Unicorn Ln"},"geometry":{"type":"LineString","coordinates":[[-83.1964,36.5635],[-83.192,36.5545]]}},{"type":"Feature","properties":{"mtfcc":"S1500","name":"US Forrest Rd"},"geometry":{"type":"LineString","coordinates":[[-84.4871,34.9912],[-84.4884,34.9885]]}},{"type":"Feature","properties":{"mtfcc":"S1500","name":"Van Bremen Dr"},"geometry":{"type":"LineString","coordinates":[[-83.3151,36.5222],[-83.3175,36.5214]]}},{"type":"Feature","properties":{"mtfcc":"S1500","name":"Vandergriff Rd"},"geometry":{"type":"LineString","coordinates":[[-85.3112,35.22],[-85.3137,35.2229]]}},{"type":"Feature","properties":{"mtfcc":"S1500","name":"Victory View Dr"},"geometry":{"type":"LineString","coordinates":[[-85.4105,36.1205],[-85.4136,36.1216]]}},{"type":"Feature","properties":{"mtfcc":"S1500","name":"W Gill Rd"},"geometry":{"type":"LineString","coordinates":[[-87.3314,36.2097],[-87.3263,36.209]]}},{"type":"Feature","properties":{"mtfcc":"S1500","name":"Walker Ln"},"geometry":{"type":"LineString","coordinates":[[-83.4365,36.2916],[-83.4324,36.2913]]}},{"type":"Feature","properties":{"mtfcc":"S1500","name":"Walker Rd"},"geometry":{"type":"LineString","coordinates":[[-87.3192,35.5113],[-87.3304,35.5183],[-87.3308,35.5264]]}},{"type":"Feature","properties":{"mtfcc":"S1500","name":"Wallop Hollow Ln"},"geometry":{"type":"LineString","coordinates":[[-83.611,36.3333],[-83.6077,36.3403],[-83.6108,36.344]]}},{"type":"Feature","properties":{"mtfcc":"S1500","name":"Walton Rd"},"geometry":{"type":"MultiLineString","coordinates":[[[-88.903,35.3554],[-88.9004,35.3587]],[[-88.9027,35.3615],[-88.9057,35.3626]]]}},{"type":"Feature","properties":{"mtfcc":"S1500","name":"Wells Hollow Rd"},"geometry":{"type":"LineString","coordinates":[[-86.599,35.33],[-86.5955,35.339]]}},{"type":"Feature","properties":{"mtfcc":"S1500","name":"Westlake Ave"},"geometry":{"type":"LineString","coordinates":[[-85.8678,35.1885],[-85.8639,35.1968],[-85.8694,35.2011]]}},{"type":"Feature","properties":{"mtfcc":"S1500","name":"Wet Mill Creek Rd"},"geometry":{"type":"MultiLineString","coordinates":[[[-85.4497,36.491],[-85.4492,36.4916]],[[-85.446,36.4964],[-85.4465,36.4979]]]}},{"type":"Feature","properties":{"mtfcc":"S1500","name":"Wildcat Trl"},"geometry":{"type":"LineString","coordinates":[[-85.0987,35.4659],[-85.0963,35.4711],[-85.1026,35.4686],[-85.0973,35.4766],[-85.1071,35.4772],[-85.1012,35.4807],[-85.0986,35.4884]]}},{"type":"Feature","properties":{"mtfcc":"S1500","name":"Williams Ln"},"geometry":{"type":"LineString","coordinates":[[-82.8774,36.4381],[-82.8896,36.4406]]}},{"type":"Feature","properties":{"mtfcc":"S1500","name":"Wilson Rd"},"geometry":{"type":"MultiLineString","coordinates":[[[-84.1799,36.3931],[-84.1703,36.4035]],[[-84.1809,36.3871],[-84.1848,36.3911]]]}},{"type":"Feature","properties":{"mtfcc":"S1500","name":"Winding Way Rd"},"geometry":{"type":"LineString","coordinates":[[-87.8511,36.5432],[-87.8552,36.5451]]}},{"type":"Feature","properties":{"mtfcc":"S1500","name":"Windrock Park Ln"},"geometry":{"type":"LineString","coordinates":[[-84.3299,36.053],[-84.3283,36.0614]]}},{"type":"Feature","properties":{"mtfcc":"S1500","name":"Yeller Hammer Rd"},"geometry":{"type":"LineString","coordinates":[[-87.4544,35.8521],[-87.4533,35.8532]]}},{"type":"Feature","properties":{"mtfcc":"S1500","name":"Yoakum Cir"},"geometry":{"type":"LineString","coordinates":[[-84.2011,36.304],[-84.2009,36.3044]]}},{"type":"Feature","properties":{"mtfcc":"S1500","name":"Young Rd"},"geometry":{"type":"LineString","coordinates":[[-85.2229,35.3367],[-85.2173,35.3398]]}},{"type":"Feature","properties":{"mtfcc":"S1500","name":"Yuma (Jeep and Off Road Vechiles Only)"},"geometry":{"type":"LineString","coordinates":[[-88.2659,35.8521],[-88.2716,35.8504]]}}]}
