{"type":"FeatureCollection","features":[{"type":"Feature","geometry":{"type":"Point","coordinates":[-87.512719,35.400074]},"properties":{"site":"Little Buffalo River","stream":"Little Buffalo River","county":"Lawrence","region":"2","program":"Spring","class":"stream","species":"rainbow","permit":"No","hours":"24 Hours"}},{"type":"Feature","geometry":{"type":"Point","coordinates":[-87.511497,35.377254]},"properties":{"site":"Little Buffalo River","stream":"Little Buffalo River","county":"Lawrence","region":"2","program":"Spring","class":"stream","species":"rainbow","permit":"No","hours":"24 Hours"}},{"type":"Feature","geometry":{"type":"Point","coordinates":[-87.511228,35.363072]},"properties":{"site":"Little Buffalo River","stream":"Little Buffalo River","county":"Lawrence","region":"2","program":"Spring","class":"stream","species":"rainbow","permit":"No","hours":"24 Hours"}},{"type":"Feature","geometry":{"type":"Point","coordinates":[-87.503633,35.35236]},"properties":{"site":"Little Buffalo River","stream":"Little Buffalo River","county":"Lawrence","region":"2","program":"Spring","class":"stream","species":"rainbow","permit":"No","hours":"24 Hours"}},{"type":"Feature","geometry":{"type":"Point","coordinates":[-87.454702,35.875582]},"properties":{"site":"Mill Creek","stream":"Mill Creek","county":"Hickman","region":"2","program":"Spring","class":"stream","species":"rainbow","permit":"No","hours":"24 Hours"}},{"type":"Feature","geometry":{"type":"Point","coordinates":[-85.880472,36.590904]},"properties":{"site":"Salt Lick Creek","stream":"Salt Lick Creek","county":"Macon","region":"2","program":"Spring","class":"stream","species":"rainbow","permit":"No","hours":"24 Hours"}},{"type":"Feature","geometry":{"type":"Point","coordinates":[-85.885596,36.613531]},"properties":{"site":"Salt Lick Creek","stream":"Salt Lick Creek","county":"Macon","region":"2","program":"Spring","class":"stream","species":"rainbow","permit":"No","hours":"24 Hours"}},{"type":"Feature","geometry":{"type":"Point","coordinates":[-87.506167,36.620128]},"properties":{"site":"Pumphouse","stream":"Little West Fork Creek","county":"Montgomery","region":"2","program":"Spring","class":"stream","species":"rainbow","permit":"No","hours":"Contact Region 2"}},{"type":"Feature","geometry":{"type":"Point","coordinates":[-87.449716,36.607841]},"properties":{"site":"Patrol Fence Road","stream":"Little West Fork Creek","county":"Montgomery","region":"2","program":"Spring","class":"stream","species":"rainbow","permit":"No","hours":"Contact Region 2"}},{"type":"Feature","geometry":{"type":"Point","coordinates":[-87.51312,36.622217]},"properties":{"site":"Mabry Rd","stream":"Little West Fork Creek","county":"Montgomery","region":"2","program":"Spring","class":"stream","species":"rainbow","permit":"No","hours":"Contact Region 2"}},{"type":"Feature","geometry":{"type":"Point","coordinates":[-87.623093,35.6331]},"properties":{"site":"Cane Creek","stream":"Cane Creek","county":"Hickman","region":"2","program":"Spring","class":"stream","species":"rainbow","permit":"No","hours":"24 Hours"}},{"type":"Feature","geometry":{"type":"Point","coordinates":[-87.51181,36.574112]},"properties":{"site":"Fletchers Fork","stream":"Fletchers Fork","county":"Montgomery","region":"2","program":"Spring","class":"stream","species":"rainbow","permit":"No","hours":"Contact Region 2"}},{"type":"Feature","geometry":{"type":"Point","coordinates":[-87.49584,36.61311]},"properties":{"site":"McNair Rd.","stream":"Little West Fork Creek","county":"Montgomery","region":"2","program":"Spring","class":"stream","species":"rainbow","permit":"No","hours":"Contact Region 2"}},{"type":"Feature","geometry":{"type":"Point","coordinates":[-87.49483,36.60979]},"properties":{"site":"Kinzer Pond","stream":"Kinzer Pond","county":"Montgomery","region":"2","program":"Spring","class":"stream","species":"rainbow","permit":"No","hours":"Contact Region 2"}},{"type":"Feature","geometry":{"type":"Point","coordinates":[-87.660406,35.648177]},"properties":{"site":"Cane Creek","stream":"Cane Creek","county":"Hickman","region":"2","program":"Spring","class":"stream","species":"rainbow","permit":"No","hours":"24 Hours"}},{"type":"Feature","geometry":{"type":"Point","coordinates":[-82.529389,36.143722]},"properties":{"site":"SITE # 1","stream":"Clark Creek","county":"Unicoi","region":"4","program":"Spring","class":"stream","species":"rainbow","permit":"No","hours":"24 Hours"}},{"type":"Feature","geometry":{"type":"Point","coordinates":[-82.529556,36.141361]},"properties":{"site":"Site # 2","stream":"Clark Creek","county":"Unicoi","region":"4","program":"Spring","class":"stream","species":"rainbow","permit":"No","hours":"24 Hours"}},{"type":"Feature","geometry":{"type":"Point","coordinates":[-82.530083,36.138806]},"properties":{"site":"Site # 3","stream":"Clark Creek","county":"Unicoi","region":"4","program":"Spring","class":"stream","species":"rainbow","permit":"No","hours":"24 Hours"}},{"type":"Feature","geometry":{"type":"Point","coordinates":[-82.53125,36.135861]},"properties":{"site":"Bridge # 1 S4","stream":"Clark Creek","county":"Unicoi","region":"4","program":"Spring","class":"stream","species":"rainbow","permit":"No","hours":"24 Hours"}},{"type":"Feature","geometry":{"type":"Point","coordinates":[-82.533583,36.132861]},"properties":{"site":"Tree Fall S5","stream":"Clark Creek","county":"Unicoi","region":"4","program":"Spring","class":"stream","species":"rainbow","permit":"No","hours":"24 Hours"}},{"type":"Feature","geometry":{"type":"Point","coordinates":[-82.533583,36.129778]},"properties":{"site":"Bridge # 2 S6","stream":"Clark Creek","county":"Unicoi","region":"4","program":"Spring","class":"stream","species":"rainbow","permit":"No","hours":"24 Hours"}},{"type":"Feature","geometry":{"type":"Point","coordinates":[-82.535,36.127639]},"properties":{"site":"Rock Wall # 1 S7","stream":"Clark Creek","county":"Unicoi","region":"4","program":"Spring","class":"stream","species":"rainbow","permit":"No","hours":"24 Hours"}},{"type":"Feature","geometry":{"type":"Point","coordinates":[-82.541694,36.123722]},"properties":{"site":"Rock Wall # 2 S8","stream":"Clark Creek","county":"Unicoi","region":"4","program":"Spring","class":"stream","species":"rainbow","permit":"No","hours":"24 Hours"}},{"type":"Feature","geometry":{"type":"Point","coordinates":[-82.543111,36.123889]},"properties":{"site":"Site # 9","stream":"Clark Creek","county":"Unicoi","region":"4","program":"Spring","class":"stream","species":"rainbow","permit":"No","hours":"24 Hours"}},{"type":"Feature","geometry":{"type":"Point","coordinates":[-82.545972,36.122889]},"properties":{"site":"End Of Road S9 S10","stream":"Clark Creek","county":"Unicoi","region":"4","program":"Spring","class":"stream","species":"rainbow","permit":"No","hours":"24 Hours"}},{"type":"Feature","geometry":{"type":"Point","coordinates":[-82.449028,36.12]},"properties":{"site":"Sandy Bottom S1","stream":"S Indian Creek","county":"Unicoi","region":"4","program":"Spring","class":"stream","species":"rainbow","permit":"No","hours":"Other"}},{"type":"Feature","geometry":{"type":"Point","coordinates":[-82.456111,36.115694]},"properties":{"site":"Bridge # 1 S2","stream":"S Indian Creek","county":"Unicoi","region":"4","program":"Spring","class":"stream","species":"rainbow","permit":"No","hours":"Sunrise to Sunset"}},{"type":"Feature","geometry":{"type":"Point","coordinates":[-82.472194,36.099778]},"properties":{"site":"Mill Cr. Bridge S3","stream":"S Indian Creek","county":"Unicoi","region":"4","program":"Spring","class":"stream","species":"rainbow","permit":"No","hours":"Sunrise to Sunset"}},{"type":"Feature","geometry":{"type":"Point","coordinates":[-82.48,36.09425]},"properties":{"site":"Guy Erwin Bridge S4","stream":"S Indian Creek","county":"Unicoi","region":"4","program":"Spring","class":"stream","species":"rainbow","permit":"No","hours":"Other"}},{"type":"Feature","geometry":{"type":"Point","coordinates":[-82.484917,36.088306]},"properties":{"site":"Double D Campground S5","stream":"S Indian Creek","county":"Unicoi","region":"4","program":"Spring","class":"stream","species":"rainbow","permit":"No","hours":"Other"}},{"type":"Feature","geometry":{"type":"Point","coordinates":[-82.496727,36.07775]},"properties":{"site":"Lower Higgins Cr. S6","stream":"S Indian Creek","county":"Unicoi","region":"4","program":"Spring","class":"stream","species":"rainbow","permit":"No","hours":"Other"}},{"type":"Feature","geometry":{"type":"Point","coordinates":[-82.508083,36.068556]},"properties":{"site":"Hensley Rd Bridge S7","stream":"S Indian Creek","county":"Unicoi","region":"4","program":"Spring","class":"stream","species":"rainbow","permit":"No","hours":"Other"}},{"type":"Feature","geometry":{"type":"Point","coordinates":[-82.51547,36.068897]},"properties":{"site":"Guy Lloyd Bridge S8","stream":"S Indian Creek","county":"Unicoi","region":"4","program":"Spring","class":"stream","species":"rainbow","permit":"No","hours":"Other"}},{"type":"Feature","geometry":{"type":"Point","coordinates":[-82.521833,36.065611]},"properties":{"site":"Giles Shelton Bridge S9","stream":"S Indian Creek","county":"Unicoi","region":"4","program":"Spring","class":"stream","species":"rainbow","permit":"No","hours":"Other"}},{"type":"Feature","geometry":{"type":"Point","coordinates":[-82.521722,36.059361]},"properties":{"site":"Clear Branch Bridge S10","stream":"S Indian Creek","county":"Unicoi","region":"4","program":"Spring","class":"stream","species":"rainbow","permit":"No","hours":"Other"}},{"type":"Feature","geometry":{"type":"Point","coordinates":[-82.531417,36.049806]},"properties":{"site":"Locust Ln Bridge S11","stream":"S Indian Creek","county":"Unicoi","region":"4","program":"Spring","class":"stream","species":"rainbow","permit":"No","hours":"Other"}},{"type":"Feature","geometry":{"type":"Point","coordinates":[-82.532667,36.046028]},"properties":{"site":"Haynes Rd Bridge S12","stream":"S Indian Creek","county":"Unicoi","region":"4","program":"Spring","class":"stream","species":"rainbow","permit":"No","hours":"Other"}},{"type":"Feature","geometry":{"type":"Point","coordinates":[-82.542694,36.045472]},"properties":{"site":"Edwards Rd Bridge S13","stream":"S Indian Creek","county":"Unicoi","region":"4","program":"Spring","class":"stream","species":"rainbow","permit":"No","hours":"Other"}},{"type":"Feature","geometry":{"type":"Point","coordinates":[-82.542144,36.042611]},"properties":{"site":"Treadway Ln Bridge S14","stream":"S Indian Creek","county":"Unicoi","region":"4","program":"Spring","class":"stream","species":"rainbow","permit":"No","hours":"Other"}},{"type":"Feature","geometry":{"type":"Point","coordinates":[-82.547472,36.039556]},"properties":{"site":"Gillis Rd Bridge S15","stream":"S Indian Creek","county":"Unicoi","region":"4","program":"Spring","class":"stream","species":"rainbow","permit":"No","hours":"Other"}},{"type":"Feature","geometry":{"type":"Point","coordinates":[-82.551139,36.036]},"properties":{"site":"Morrill Elec Bridge S16","stream":"S Indian Creek","county":"Unicoi","region":"4","program":"Spring","class":"stream","species":"rainbow","permit":"No","hours":"Other"}},{"type":"Feature","geometry":{"type":"Point","coordinates":[-82.549694,36.031806]},"properties":{"site":"Covered Bridge S17","stream":"S Indian Creek","county":"Unicoi","region":"4","program":"Spring","class":"stream","species":"rainbow","permit":"No","hours":"Other"}},{"type":"Feature","geometry":{"type":"Point","coordinates":[-82.548111,36.028083]},"properties":{"site":"Red Oak Ln Bridge S18","stream":"S Indian Creek","county":"Unicoi","region":"4","program":"Spring","class":"stream","species":"rainbow","permit":"No","hours":"Other"}},{"type":"Feature","geometry":{"type":"Point","coordinates":[-82.549944,36.026278]},"properties":{"site":"T Harris Rd Bridge S19","stream":"S Indian Creek","county":"Unicoi","region":"4","program":"Spring","class":"stream","species":"rainbow","permit":"No","hours":"Other"}},{"type":"Feature","geometry":{"type":"Point","coordinates":[-82.553944,36.021944]},"properties":{"site":"Concrete Bridge S20","stream":"S Indian Creek","county":"Unicoi","region":"4","program":"Spring","class":"stream","species":"rainbow","permit":"No","hours":"Other"}},{"type":"Feature","geometry":{"type":"Point","coordinates":[-82.556861,36.019899]},"properties":{"site":"Flag Pond Inc Sign 21","stream":"S Indian Creek","county":"Unicoi","region":"4","program":"Spring","class":"stream","species":"rainbow","permit":"No","hours":"Other"}},{"type":"Feature","geometry":{"type":"Point","coordinates":[-82.55825,36.016111]},"properties":{"site":"Rice Cr Rd Bridge S22","stream":"S Indian Creek","county":"Unicoi","region":"4","program":"Spring","class":"stream","species":"rainbow","permit":"No","hours":"Other"}},{"type":"Feature","geometry":{"type":"Point","coordinates":[-82.551,36.040389]},"properties":{"site":"Small 5 Ton Bridge S1","stream":"Rocky Fork","county":"Unicoi","region":"4","program":"Spring","class":"stream","species":"rainbow","permit":"No","hours":"Sunrise to Sunset"}},{"type":"Feature","geometry":{"type":"Point","coordinates":[-82.552694,36.041861]},"properties":{"site":"Rainbow Hole S2","stream":"Rocky Fork","county":"Unicoi","region":"4","program":"Spring","class":"stream","species":"rainbow","permit":"No","hours":"Sunrise to Sunset"}},{"type":"Feature","geometry":{"type":"Point","coordinates":[-82.553778,36.042361]},"properties":{"site":"Rocky Shoals S3","stream":"Rocky Fork","county":"Unicoi","region":"4","program":"Spring","class":"stream","species":"rainbow","permit":"No","hours":"Sunrise to Sunset"}},{"type":"Feature","geometry":{"type":"Point","coordinates":[-82.554919,36.043917]},"properties":{"site":"Brigde At The Bend S4","stream":"Rocky Fork","county":"Unicoi","region":"4","program":"Spring","class":"stream","species":"rainbow","permit":"No","hours":"Sunrise to Sunset"}},{"type":"Feature","geometry":{"type":"Point","coordinates":[-82.556139,36.045833]},"properties":{"site":"Dry Hole S5","stream":"Rocky Fork","county":"Unicoi","region":"4","program":"Spring","class":"stream","species":"rainbow","permit":"No","hours":"Sunrise to Sunset"}},{"type":"Feature","geometry":{"type":"Point","coordinates":[-82.556472,36.0465]},"properties":{"site":"Site # 6","stream":"Rocky Fork","region":"4","program":"Spring","class":"stream","species":"rainbow","permit":"No","hours":"Contact Region 4"}},{"type":"Feature","geometry":{"type":"Point","coordinates":[-82.5565,36.047278]},"properties":{"site":"Fly Fishing Run S7","stream":"Rocky Fork","county":"Unicoi","region":"4","program":"Spring","class":"stream","species":"rainbow","permit":"No","hours":"Sunrise to Sunset"}},{"type":"Feature","geometry":{"type":"Point","coordinates":[-82.557083,36.048583]},"properties":{"site":"Below Gate S8","stream":"Rocky Fork","county":"Unicoi","region":"4","program":"Spring","class":"stream","species":"rainbow","permit":"No","hours":"24 Hours"}},{"type":"Feature","geometry":{"type":"Point","coordinates":[-82.503265,36.063024]},"properties":{"site":"First Sharp Curve At Gravel Pull Off S1","stream":"Spivey Creek","county":"Unicoi","region":"4","program":"Spring","class":"stream","species":"rainbow","permit":"No","hours":"Sunrise to Sunset"}},{"type":"Feature","geometry":{"type":"Point","coordinates":[-82.503444,36.058972]},"properties":{"site":"Chase Dr Bridge S2","stream":"Spivey Creek","county":"Unicoi","region":"4","program":"Spring","class":"stream","species":"rainbow","permit":"No","hours":"Sunrise to Sunset"}},{"type":"Feature","geometry":{"type":"Point","coordinates":[-82.5025,36.054083]},"properties":{"site":"Tilson Mtn Rd Bridge S3","stream":"Spivey Creek","county":"Unicoi","region":"4","program":"Spring","class":"stream","species":"rainbow","permit":"No","hours":"Sunrise to Sunset"}},{"type":"Feature","geometry":{"type":"Point","coordinates":[-82.500139,36.0515]},"properties":{"site":"Sunshine Ridge Bridge S4","stream":"Spivey Creek","county":"Unicoi","region":"4","program":"Spring","class":"stream","species":"rainbow","permit":"No","hours":"Sunrise to Sunset"}},{"type":"Feature","geometry":{"type":"Point","coordinates":[-82.500889,36.046889]},"properties":{"site":"Dale Hensley Rd Bridge S5","stream":"Spivey Creek","county":"Unicoi","region":"4","program":"Spring","class":"stream","species":"rainbow","permit":"No","hours":"Sunrise to Sunset"}},{"type":"Feature","geometry":{"type":"Point","coordinates":[-82.497389,36.043306]},"properties":{"site":"Above Watt Branch S6","stream":"Spivey Creek","county":"Unicoi","region":"4","program":"Spring","class":"stream","species":"rainbow","permit":"No","hours":"Sunrise to Sunset"}},{"type":"Feature","geometry":{"type":"Point","coordinates":[-82.461583,36.042222]},"properties":{"site":"Waterfall S8","stream":"Spivey Creek","county":"Unicoi","region":"4","program":"Spring","class":"stream","species":"rainbow","permit":"No","hours":"Sunrise to Sunset"}},{"type":"Feature","geometry":{"type":"Point","coordinates":[-82.458056,36.041694]},"properties":{"site":"Big Ridge Rd Bridge S9","stream":"Spivey Creek","county":"Unicoi","region":"4","program":"Spring","class":"stream","species":"rainbow","permit":"No","hours":"Contact Region 4"}},{"type":"Feature","geometry":{"type":"Point","coordinates":[-82.401428,36.164313]},"properties":{"site":"Wilson Rd Bridge S1","stream":"N Indian Creek","county":"Unicoi","region":"4","program":"Spring","class":"stream","species":"rainbow","permit":"No","hours":"Other"}},{"type":"Feature","geometry":{"type":"Point","coordinates":[-82.394833,36.170639]},"properties":{"site":"Pippin Hollow Bridge S2","stream":"N Indian Creek","county":"Unicoi","region":"4","program":"Spring","class":"stream","species":"rainbow","permit":"No","hours":"Other"}},{"type":"Feature","geometry":{"type":"Point","coordinates":[-82.380142,36.185974]},"properties":{"site":"Tinker Hollow Rd S3","stream":"N Indian Creek","county":"Unicoi","region":"4","program":"Spring","class":"stream","species":"rainbow","permit":"No","hours":"Other"}},{"type":"Feature","geometry":{"type":"Point","coordinates":[-82.376972,36.188861]},"properties":{"site":"Tinker Hollow Rd Bridge S4","stream":"N Indian Creek","county":"Unicoi","region":"4","program":"Spring","class":"stream","species":"rainbow","permit":"No","hours":"Other"}},{"type":"Feature","geometry":{"type":"Point","coordinates":[-82.351778,36.193972]},"properties":{"site":"Zane Whitson Rd Bridge S8","stream":"N Indian Creek","county":"Unicoi","region":"4","program":"Spring","class":"stream","species":"rainbow","permit":"No","hours":"Other"}},{"type":"Feature","geometry":{"type":"Point","coordinates":[-82.37,36.1925]},"properties":{"site":"Massachusetts Ave S6","stream":"N Indian Creek","county":"Unicoi","region":"4","program":"Spring","class":"stream","species":"rainbow","permit":"No","hours":"Other"}},{"type":"Feature","geometry":{"type":"Point","coordinates":[-82.372639,36.192056]},"properties":{"site":"Massachusetts Ave Bridge S5","stream":"N Indian Creek","county":"Unicoi","region":"4","program":"Spring","class":"stream","species":"rainbow","permit":"No","hours":"Other"}},{"type":"Feature","geometry":{"type":"Point","coordinates":[-82.336806,36.186611]},"properties":{"site":"Scott Doty Ln S11","stream":"N Indian Creek","county":"Unicoi","region":"4","program":"Spring","class":"stream","species":"rainbow","permit":"No","hours":"Other"}},{"type":"Feature","geometry":{"type":"Point","coordinates":[-82.339056,36.187778]},"properties":{"site":"Scott Ln Bridge S10","stream":"N Indian Creek","county":"Unicoi","region":"4","program":"Spring","class":"stream","species":"rainbow","permit":"No","hours":"Other"}},{"type":"Feature","geometry":{"type":"Point","coordinates":[-82.321471,36.177282]},"properties":{"site":"George Stanley Bridge S13","stream":"N Indian Creek","county":"Unicoi","region":"4","program":"Spring","class":"stream","species":"rainbow","permit":"No","hours":"Other"}},{"type":"Feature","geometry":{"type":"Point","coordinates":[-82.315722,36.176611]},"properties":{"site":"Pitman Rd Bridge S14","stream":"N Indian Creek","county":"Unicoi","region":"4","program":"Spring","class":"stream","species":"rainbow","permit":"No","hours":"Other"}},{"type":"Feature","geometry":{"type":"Point","coordinates":[-82.301807,36.174415]},"properties":{"site":"Below Usfs Picnic Area S15","stream":"N Indian Creek","county":"Unicoi","region":"4","program":"Spring","class":"stream","species":"rainbow","permit":"No","hours":"Other"}},{"type":"Feature","geometry":{"type":"Point","coordinates":[-82.295949,36.176555]},"properties":{"site":"USFS  Limestone Cove Picnic Area S16","stream":"N Indian Creek","county":"Unicoi","region":"4","program":"Spring","class":"stream","species":"rainbow","permit":"No","hours":"Other"}},{"type":"Feature","geometry":{"type":"Point","coordinates":[-82.290889,36.176347]},"properties":{"site":"Site # 17","stream":"N Indian Creek","county":"Unicoi","region":"4","program":"Spring","class":"stream","species":"rainbow","permit":"No","hours":"Other"}},{"type":"Feature","geometry":{"type":"Point","coordinates":[-82.288424,36.176637]},"properties":{"site":"Site # 18","stream":"N Indian Creek","county":"Unicoi","region":"4","program":"Spring","class":"stream","species":"rainbow","permit":"No","hours":"Other"}},{"type":"Feature","geometry":{"type":"Point","coordinates":[-82.285593,36.177915]},"properties":{"site":"Belcher Ln Bridge S19","stream":"N Indian Creek","county":"Unicoi","region":"4","program":"Spring","class":"stream","species":"rainbow","permit":"No","hours":"Other"}},{"type":"Feature","geometry":{"type":"Point","coordinates":[-82.282989,36.178106]},"properties":{"site":"Francis Rd S20","stream":"N Indian Creek","county":"Unicoi","region":"4","program":"Spring","class":"stream","species":"rainbow","permit":"No","hours":"Other"}},{"type":"Feature","geometry":{"type":"Point","coordinates":[-82.278556,36.177028]},"properties":{"site":"Site # 21","stream":"N Indian Creek","county":"Unicoi","region":"4","program":"Spring","class":"stream","species":"rainbow","permit":"No","hours":"Other"}},{"type":"Feature","geometry":{"type":"Point","coordinates":[-82.264361,36.18]},"properties":{"site":"Limestone Cove Meth Church S22","stream":"N Indian Creek","county":"Unicoi","region":"4","program":"Spring","class":"stream","species":"rainbow","permit":"No","hours":"Other"}},{"type":"Feature","geometry":{"type":"Point","coordinates":[-82.259056,36.178167]},"properties":{"site":"Grandview Ranch Bridge S23","stream":"N Indian Creek","county":"Unicoi","region":"4","program":"Spring","class":"stream","species":"rainbow","permit":"No","hours":"Other"}},{"type":"Feature","geometry":{"type":"Point","coordinates":[-82.251944,36.1725]},"properties":{"site":"Old Iron Mtn Rd S24","stream":"N Indian Creek","county":"Unicoi","region":"4","program":"Spring","class":"stream","species":"rainbow","permit":"No","hours":"Sunrise to Sunset"}},{"type":"Feature","geometry":{"type":"Point","coordinates":[-82.842521,35.977514]},"properties":{"site":"Above Usfs Campground S25","stream":"Paint Creek","county":"Greene","region":"4","program":"Spring","class":"stream","species":"rainbow","permit":"No","hours":"Sunrise to Sunset"}},{"type":"Feature","geometry":{"type":"Point","coordinates":[-82.843694,35.978201]},"properties":{"site":"USFS  Campsite # 7 S24","stream":"Paint Creek","county":"Greene","region":"4","program":"Spring","class":"stream","species":"rainbow","permit":"No","hours":"Contact Region 4"}},{"type":"Feature","geometry":{"type":"Point","coordinates":[-82.845111,35.978278]},"properties":{"site":"USFS  Campsite # 12 S23","stream":"Paint Creek","county":"Greene","region":"4","program":"Spring","class":"stream","species":"rainbow","permit":"No","hours":"Sunrise to Sunset"}},{"type":"Feature","geometry":{"type":"Point","coordinates":[-82.844389,35.976854]},"properties":{"site":"USFS  Gate Upper End Of Road S21","stream":"Paint Creek","county":"Greene","region":"4","program":"Spring","class":"stream","species":"rainbow","dh":"Oct 1 to last day of Feb","permit":"No","hours":"Sunrise to Sunset"}},{"type":"Feature","geometry":{"type":"Point","coordinates":[-82.847964,35.978054]},"properties":{"site":"Bridge # 1 S20","stream":"Paint Creek","county":"Greene","region":"4","program":"Spring","class":"stream","species":"rainbow","dh":"Oct 1 to last day of Feb","permit":"No","hours":"Sunrise to Sunset"}},{"type":"Feature","geometry":{"type":"Point","coordinates":[-82.849451,35.977278]},"properties":{"site":"Rock Wall S19","stream":"Paint Creek","county":"Greene","region":"4","program":"Spring","class":"stream","species":"rainbow","dh":"Oct 1 to last day of Feb","permit":"No","hours":"Sunrise to Sunset"}},{"type":"Feature","geometry":{"type":"Point","coordinates":[-82.848505,35.975465]},"properties":{"site":"Second Bridge S18","stream":"Paint Creek","county":"Greene","region":"4","program":"Spring","class":"stream","species":"rainbow","dh":"Oct 1 to last day of Feb","permit":"No","hours":"Sunrise to Sunset"}},{"type":"Feature","geometry":{"type":"Point","coordinates":[-82.849061,35.973884]},"properties":{"site":"Second Rock Wall S17","stream":"Paint Creek","county":"Greene","region":"4","program":"Spring","class":"stream","species":"rainbow","dh":"Oct 1 to last day of Feb","permit":"No","hours":"Sunrise to Sunset"}},{"type":"Feature","geometry":{"type":"Point","coordinates":[-82.85014,35.971472]},"properties":{"site":"Pull Off On Right Below Rock Wall W Shoals S15","stream":"Paint Creek","county":"Greene","region":"4","program":"Spring","class":"stream","species":"rainbow","dh":"Oct 1 to last day of Feb","permit":"No","hours":"Sunrise to Sunset"}},{"type":"Feature","geometry":{"type":"Point","coordinates":[-82.851085,35.970962]},"properties":{"site":"Bridge # 3 S14","stream":"Paint Creek","county":"Greene","region":"4","program":"Spring","class":"stream","species":"rainbow","dh":"Oct 1 to last day of Feb","permit":"No","hours":"Sunrise to Sunset"}},{"type":"Feature","geometry":{"type":"Point","coordinates":[-82.853575,35.973234]},"properties":{"site":"Number 41 Sign S13","stream":"Paint Creek","county":"Greene","region":"4","program":"Spring","class":"stream","species":"rainbow","dh":"Oct 1 to last day of Feb","permit":"No","hours":"Sunrise to Sunset"}},{"type":"Feature","geometry":{"type":"Point","coordinates":[-82.857648,35.973533]},"properties":{"site":"First Concrete Wall S12","stream":"Paint Creek","county":"Greene","region":"4","program":"Spring","class":"stream","species":"rainbow","dh":"Oct 1 to last day of Feb","permit":"No","hours":"Sunrise to Sunset"}},{"type":"Feature","geometry":{"type":"Point","coordinates":[-82.859926,35.970585]},"properties":{"site":"Second Concrete Wall S10","stream":"Paint Creek","county":"Greene","region":"4","program":"Spring","class":"stream","species":"rainbow","dh":"Oct 1 to last day of Feb","permit":"No","hours":"Sunrise to Sunset"}},{"type":"Feature","geometry":{"type":"Point","coordinates":[-82.861998,35.968313]},"properties":{"site":"Bridge 4 S9","stream":"Paint Creek","county":"Greene","region":"4","program":"Spring","class":"stream","species":"rainbow","dh":"Oct 1 to last day of Feb","permit":"No","hours":"Sunrise to Sunset"}},{"type":"Feature","geometry":{"type":"Point","coordinates":[-82.866111,35.964361]},"properties":{"site":"Black Pipe Hole S8","stream":"Paint Creek","county":"Greene","region":"4","program":"Spring","class":"stream","species":"rainbow","dh":"Oct 1 to last day of Feb","permit":"No","hours":"Sunrise to Sunset"}},{"type":"Feature","geometry":{"type":"Point","coordinates":[-82.866806,35.962778]},"properties":{"site":"Waders Area Sign S7","stream":"Paint Creek","county":"Greene","region":"4","program":"Spring","class":"stream","species":"rainbow","dh":"Oct 1 to last day of Feb","permit":"No","hours":"Sunrise to Sunset"}},{"type":"Feature","geometry":{"type":"Point","coordinates":[-82.868056,35.962111]},"properties":{"site":"Dudley Falls S6","stream":"Paint Creek","county":"Greene","region":"4","program":"Spring","class":"stream","species":"rainbow","dh":"Oct 1 to last day of Feb","permit":"No","hours":"Sunrise to Sunset"}},{"type":"Feature","geometry":{"type":"Point","coordinates":[-82.872563,35.962844]},"properties":{"site":"Fishing Pier S5","stream":"Paint Creek","county":"Greene","region":"4","program":"Spring","class":"stream","species":"rainbow","dh":"Oct 1 to last day of Feb","permit":"No","hours":"Sunrise to Sunset"}},{"type":"Feature","geometry":{"type":"Point","coordinates":[-82.875556,35.961361]},"properties":{"site":"Falls Area Sign S4","stream":"Paint Creek","county":"Greene","region":"4","program":"Spring","class":"stream","species":"rainbow","dh":"Oct 1 to last day of Feb","permit":"No","hours":"Sunrise to Sunset"}},{"type":"Feature","geometry":{"type":"Point","coordinates":[-82.878778,35.959056]},"properties":{"site":"Bridge Six S3","stream":"Paint Creek","county":"Greene","region":"4","program":"Spring","class":"stream","species":"rainbow","dh":"Oct 1 to last day of Feb","permit":"No","hours":"Sunrise to Sunset"}},{"type":"Feature","geometry":{"type":"Point","coordinates":[-82.880333,35.956556]},"properties":{"site":"Lower Usfs Gate S2","stream":"Paint Creek","county":"Greene","region":"4","program":"Spring","class":"stream","dh":"Oct 1 to last day of Feb","permit":"No","hours":"Sunrise to Sunset"}},{"type":"Feature","geometry":{"type":"Point","coordinates":[-82.891681,35.952668]},"properties":{"site":"Last Bridge S1","stream":"Paint Creek","county":"Greene","region":"4","program":"Spring","class":"stream","species":"rainbow","dh":"Oct 1 to last day of Feb","permit":"No","hours":"Sunrise to Sunset"}},{"type":"Feature","geometry":{"type":"Point","coordinates":[-82.653389,36.104083]},"properties":{"site":"Below Squib Creek - Usfs Road S17","stream":"Horse Creek","county":"Greene","region":"4","program":"Spring","class":"stream","species":"rainbow","permit":"No","hours":"Sunrise to Sunset"}},{"type":"Feature","geometry":{"type":"Point","coordinates":[-82.653472,36.105056]},"properties":{"site":"Fishing Pier - Usfs Road S16","stream":"Horse Creek","county":"Greene","region":"4","program":"Spring","class":"stream","species":"rainbow","permit":"No","hours":"Sunrise to Sunset"}},{"type":"Feature","geometry":{"type":"Point","coordinates":[-82.654972,36.105556]},"properties":{"site":"Picnic Pavillion - Usfs Park S15","stream":"Horse Creek","county":"Greene","region":"4","program":"Spring","class":"stream","species":"rainbow","permit":"No","hours":"Sunrise to Sunset"}},{"type":"Feature","geometry":{"type":"Point","coordinates":[-82.657222,36.108194]},"properties":{"site":"USFS  Campground Gate Bridge S14","stream":"Horse Creek","county":"Greene","region":"4","program":"Spring","class":"stream","species":"rainbow","permit":"No","hours":"Sunrise to Sunset"}},{"type":"Feature","geometry":{"type":"Point","coordinates":[-82.64695,36.132717]},"properties":{"site":"SITE # 13","stream":"Horse Creek","county":"Greene","region":"4","program":"Spring","class":"stream","species":"rainbow","permit":"No","hours":"Other"}},{"type":"Feature","geometry":{"type":"Point","coordinates":[-82.644194,36.13625]},"properties":{"site":"Silverleaf Rd Bridge 12","stream":"Horse Creek","county":"Greene","region":"4","program":"Spring","class":"stream","species":"rainbow","permit":"No","hours":"Other"}},{"type":"Feature","geometry":{"type":"Point","coordinates":[-82.649462,36.145028]},"properties":{"site":"Juanita Broyles Bridge S11","stream":"Horse Creek","county":"Greene","region":"4","program":"Spring","class":"stream","species":"rainbow","permit":"No","hours":"Sunrise to Sunset"}},{"type":"Feature","geometry":{"type":"Point","coordinates":[-82.650639,36.148333]},"properties":{"site":"Mailbox 464 & 476 Bridge S10","stream":"Horse Creek","county":"Greene","region":"4","program":"Spring","class":"stream","species":"rainbow","permit":"No","hours":"Sunrise to Sunset"}},{"type":"Feature","geometry":{"type":"Point","coordinates":[-82.652361,36.154358]},"properties":{"site":"Above Hwy 107 Bridge S8","stream":"Horse Creek","county":"Greene","region":"4","program":"Spring","class":"stream","species":"rainbow","permit":"No","hours":"Other"}},{"type":"Feature","geometry":{"type":"Point","coordinates":[-82.655083,36.157028]},"properties":{"site":"Above Mailbox 209 Bridge S6","stream":"Horse Creek","county":"Greene","region":"4","program":"Spring","class":"stream","species":"rainbow","permit":"No","hours":"Other"}},{"type":"Feature","geometry":{"type":"Point","coordinates":[-82.65675,36.158528]},"properties":{"site":"Mailbox 389 Bridge S5","stream":"Horse Creek","county":"Greene","region":"4","program":"Spring","class":"stream","species":"rainbow","permit":"No","hours":"Other"}},{"type":"Feature","geometry":{"type":"Point","coordinates":[-82.679429,36.160035]},"properties":{"site":"Hwy 351 Bridge S4","stream":"Horse Creek","county":"Greene","region":"4","program":"Spring","class":"stream","species":"rainbow","permit":"No","hours":"Other"}},{"type":"Feature","geometry":{"type":"Point","coordinates":[-82.687333,36.160556]},"properties":{"site":"Old Man Kelsey'S Bridge S3","stream":"Horse Creek","county":"Greene","region":"4","program":"Spring","class":"stream","species":"rainbow","permit":"No","hours":"Other"}},{"type":"Feature","geometry":{"type":"Point","coordinates":[-82.701028,36.162194]},"properties":{"site":"Love Hollow Rd Bridge S2","stream":"Horse Creek","county":"Greene","region":"4","program":"Spring","class":"stream","species":"rainbow","permit":"No","hours":"Other"}},{"type":"Feature","geometry":{"type":"Point","coordinates":[-82.704056,36.162743]},"properties":{"site":"G'Fellers Rd Bridge S1","stream":"Horse Creek","county":"Greene","region":"4","program":"Spring","class":"stream","species":"rainbow","permit":"No","hours":"Other"}},{"type":"Feature","geometry":{"type":"Point","coordinates":[-82.935528,35.960056]},"properties":{"site":"First Pull Off On Left S12","stream":"Brush Creek","county":"Cocke","region":"4","program":"Spring","class":"stream","species":"rainbow","permit":"No","hours":"Sunrise to Sunset"}},{"type":"Feature","geometry":{"type":"Point","coordinates":[-82.934917,35.959111]},"properties":{"site":"Third Pull Off S10","stream":"Brush Creek","county":"Cocke","region":"4","program":"Spring","class":"stream","species":"rainbow","permit":"No","hours":"Sunrise to Sunset"}},{"type":"Feature","geometry":{"type":"Point","coordinates":[-82.934417,35.958167]},"properties":{"site":"First Bridge S9","stream":"Brush Creek","county":"Cocke","region":"4","program":"Spring","class":"stream","species":"rainbow","permit":"No","hours":"Sunrise to Sunset"}},{"type":"Feature","geometry":{"type":"Point","coordinates":[-82.933889,35.957528]},"properties":{"site":"Second Bridge S8","stream":"Brush Creek","region":"4","program":"Spring","class":"stream","species":"rainbow","permit":"No","hours":"Sunrise to Sunset"}},{"type":"Feature","geometry":{"type":"Point","coordinates":[-82.934056,35.955028]},"properties":{"site":"Fourth Pull Off On Right S7","stream":"Brush Creek","county":"Cocke","region":"4","program":"Spring","class":"stream","species":"rainbow","permit":"No","hours":"Sunrise to Sunset"}},{"type":"Feature","geometry":{"type":"Point","coordinates":[-82.935056,35.953972]},"properties":{"site":"Below Bridge S6","stream":"Brush Creek","county":"Cocke","region":"4","program":"Spring","class":"stream","species":"rainbow","permit":"No","hours":"Sunrise to Sunset"}},{"type":"Feature","geometry":{"type":"Point","coordinates":[-82.934528,35.951472]},"properties":{"site":"Fourth Bridge S5","stream":"Brush Creek","county":"Cocke","region":"4","program":"Spring","class":"stream","species":"rainbow","permit":"No","hours":"Sunrise to Sunset"}},{"type":"Feature","geometry":{"type":"Point","coordinates":[-82.934722,35.951]},"properties":{"site":"Fifth Pull Off On Left S4","stream":"Brush Creek","county":"Cocke","region":"4","program":"Spring","class":"stream","species":"rainbow","permit":"No","hours":"Sunrise to Sunset"}},{"type":"Feature","geometry":{"type":"Point","coordinates":[-82.934389,35.949694]},"properties":{"site":"Below Fourth Bridge S3","stream":"Brush Creek","county":"Cocke","region":"4","program":"Spring","class":"stream","species":"rainbow","permit":"No","hours":"Sunrise to Sunset"}},{"type":"Feature","geometry":{"type":"Point","coordinates":[-82.9335,35.948167]},"properties":{"site":"Fifth Bridge S2","stream":"Brush Creek","county":"Cocke","region":"4","program":"Spring","class":"stream","species":"rainbow","permit":"No","hours":"Sunrise to Sunset"}},{"type":"Feature","geometry":{"type":"Point","coordinates":[-82.9335,35.944361]},"properties":{"site":"Lower Bridge S1","stream":"Brush Creek","county":"Cocke","region":"4","program":"Spring","class":"stream","species":"rainbow","permit":"No","hours":"Sunrise to Sunset"}},{"type":"Feature","geometry":{"type":"Point","coordinates":[-83.101147,35.850549]},"properties":{"site":"Gulf Fork Big Creek #6","stream":"Gulf Fork Big Creek","county":"Cocke","region":"4","program":"Spring","class":"stream","species":"rainbow","permit":"No","hours":"Contact Region 4"}},{"type":"Feature","geometry":{"type":"Point","coordinates":[-83.009369,35.877434]},"properties":{"site":"Trail Fork Big Creek #2 [Toms Cr Rd Bridge]","stream":"Trail Fork Big Creek","county":"Cocke","region":"4","program":"Spring","class":"stream","species":"rainbow","permit":"No","hours":"Contact Region 4"}},{"type":"Feature","geometry":{"type":"Point","coordinates":[-83.009267,35.883162]},"properties":{"site":"Trail Fork Big Creek #3 [Bell Carrie Way Bridge]","stream":"Trail Fork Big Creek","county":"Cocke","region":"4","program":"Spring","class":"stream","species":"rainbow","permit":"No","hours":"Contact Region 4"}},{"type":"Feature","geometry":{"type":"Point","coordinates":[-83.007038,35.884961]},"properties":{"site":"Trail Fork Big Creek #4 [Shelley Rock Farm Bridge]","stream":"Trail Fork Big Creek","county":"Cocke","region":"4","program":"Spring","class":"stream","species":"rainbow","permit":"No","hours":"Contact Region 4"}},{"type":"Feature","geometry":{"type":"Point","coordinates":[-81.958083,36.383139]},"properties":{"site":"Doe Cr Fishing Access Area S1","stream":"Doe Creek","county":"Johnson","region":"4","program":"Spring","class":"stream","species":"rainbow","permit":"No","hours":"Sunrise to Sunset"}},{"type":"Feature","geometry":{"type":"Point","coordinates":[-81.961361,36.383722]},"properties":{"site":"Richard Lacy Rd S2","stream":"Doe Creek","county":"Johnson","region":"4","program":"Spring","class":"stream","species":"rainbow","permit":"No","hours":"Sunrise to Sunset"}},{"type":"Feature","geometry":{"type":"Point","coordinates":[-81.966273,36.386152]},"properties":{"site":"Br Below Little Doe Baptist Ch S3","stream":"Doe Creek","county":"Johnson","region":"4","program":"Spring","class":"stream","species":"rainbow","permit":"No","hours":"Sunrise to Sunset"}},{"type":"Feature","geometry":{"type":"Point","coordinates":[-81.968333,36.389389]},"properties":{"site":"Doeville Rd Mailbox # 330 S5","stream":"Doe Creek","county":"Johnson","region":"4","program":"Spring","class":"stream","species":"rainbow","permit":"No","hours":"Sunrise to Sunset"}},{"type":"Feature","geometry":{"type":"Point","coordinates":[-81.967917,36.399917]},"properties":{"site":"Old Hwy 67 Bridge S6","stream":"Doe Creek","county":"Johnson","region":"4","program":"Spring","class":"stream","species":"rainbow","permit":"No","hours":"Sunrise to Sunset"}},{"type":"Feature","geometry":{"type":"Point","coordinates":[-81.9625,36.407861]},"properties":{"site":"Old Hwy 67 Barn S7","stream":"Doe Creek","county":"Johnson","region":"4","program":"Spring","class":"stream","species":"rainbow","permit":"No","hours":"Sunrise to Sunset"}},{"type":"Feature","geometry":{"type":"Point","coordinates":[-81.958465,36.412672]},"properties":{"site":"Gravel Rd S8","stream":"Doe Creek","county":"Johnson","region":"4","program":"Spring","class":"stream","species":"rainbow","permit":"No","hours":"Sunrise to Sunset"}},{"type":"Feature","geometry":{"type":"Point","coordinates":[-81.951222,36.418917]},"properties":{"site":"Timothy Branch Rd - 3 Ton Br S10","stream":"Doe Creek","county":"Johnson","region":"4","program":"Spring","class":"stream","species":"rainbow","permit":"No","hours":"Sunrise to Sunset"}},{"type":"Feature","geometry":{"type":"Point","coordinates":[-81.945389,36.423444]},"properties":{"site":"Old Stage Rd S11","stream":"Doe Creek","county":"Johnson","region":"4","program":"Spring","class":"stream","species":"rainbow","permit":"No","hours":"Sunrise to Sunset"}},{"type":"Feature","geometry":{"type":"Point","coordinates":[-81.907139,36.440861]},"properties":{"site":"Lunceford Ln S15","stream":"Doe Creek","county":"Johnson","region":"4","program":"Spring","class":"stream","species":"rainbow","permit":"No","hours":"Sunrise to Sunset"}},{"type":"Feature","geometry":{"type":"Point","coordinates":[-81.899222,36.449194]},"properties":{"site":"Bethany Baptist Church Bridge S16","stream":"Doe Creek","county":"Johnson","region":"4","program":"Spring","class":"stream","species":"rainbow","permit":"No","hours":"Sunrise to Sunset"}},{"type":"Feature","geometry":{"type":"Point","coordinates":[-81.780278,36.428583]},"properties":{"site":"Golf Course - Triplett Rd S1","stream":"Upper Roan Creek","county":"Johnson","region":"4","program":"Spring","class":"stream","species":"rainbow","permit":"No","hours":"Sunrise to Sunset"}},{"type":"Feature","geometry":{"type":"Point","coordinates":[-81.769361,36.420472]},"properties":{"site":"Antioch Baptist Church S2","stream":"Upper Roan Creek","county":"Johnson","region":"4","program":"Spring","class":"stream","species":"rainbow","permit":"No","hours":"Sunrise to Sunset"}},{"type":"Feature","geometry":{"type":"Point","coordinates":[-81.766611,36.412694]},"properties":{"site":"Culbertson Ln S3","stream":"Upper Roan Creek","county":"Johnson","region":"4","program":"Spring","class":"stream","species":"rainbow","permit":"No","hours":"Sunrise to Sunset"}},{"type":"Feature","geometry":{"type":"Point","coordinates":[-81.758333,36.384028]},"properties":{"site":"Wallace Rd S4","stream":"Upper Roan Creek","county":"Johnson","region":"4","program":"Spring","class":"stream","species":"rainbow","permit":"No","hours":"Sunrise to Sunset"}},{"type":"Feature","geometry":{"type":"Point","coordinates":[-81.76125,36.382667]},"properties":{"site":"Snyder Mill Rd S5","stream":"Upper Roan Creek","county":"Johnson","region":"4","program":"Spring","class":"stream","species":"rainbow","permit":"No","hours":"Sunrise to Sunset"}},{"type":"Feature","geometry":{"type":"Point","coordinates":[-81.759972,36.379889]},"properties":{"site":"Fred Wallace Rd Bridge S6","stream":"Upper Roan Creek","county":"Johnson","region":"4","program":"Spring","class":"stream","species":"rainbow","permit":"No","hours":"Sunrise to Sunset"}},{"type":"Feature","geometry":{"type":"Point","coordinates":[-81.7605,36.37675]},"properties":{"site":"Evergreen Baptist Church S7","stream":"Upper Roan Creek","county":"Johnson","region":"4","program":"Spring","class":"stream","species":"rainbow","permit":"No","hours":"Sunrise to Sunset"}},{"type":"Feature","geometry":{"type":"Point","coordinates":[-81.756944,36.371722]},"properties":{"site":"Bulldog Rd Bridge S8","stream":"Upper Roan Creek","county":"Johnson","region":"4","program":"Spring","class":"stream","species":"rainbow","permit":"No","hours":"Sunrise to Sunset"}},{"type":"Feature","geometry":{"type":"Point","coordinates":[-81.756417,36.361667]},"properties":{"site":"Volna Osborne Rd Bridge S9","stream":"Upper Roan Creek","county":"Johnson","region":"4","program":"Spring","class":"stream","species":"rainbow","permit":"No","hours":"Sunrise to Sunset"}},{"type":"Feature","geometry":{"type":"Point","coordinates":[-81.770222,36.442167]},"properties":{"site":"Forge Rd - 5 Ton Bridge S1","stream":"Forge Creek","county":"Johnson","region":"4","program":"Spring","class":"stream","species":"rainbow","permit":"No","hours":"Sunrise to Sunset"}},{"type":"Feature","geometry":{"type":"Point","coordinates":[-81.764,36.447722]},"properties":{"site":"Site # 2","stream":"Forge Creek","county":"Johnson","region":"4","program":"Spring","class":"stream","species":"rainbow","permit":"No","hours":"Sunrise to Sunset"}},{"type":"Feature","geometry":{"type":"Point","coordinates":[-81.76325,36.450556]},"properties":{"site":"Brown Rd - Mailbox # 324 S3","stream":"Forge Creek","county":"Johnson","region":"4","program":"Spring","class":"stream","species":"rainbow","permit":"No","hours":"Sunrise to Sunset"}},{"type":"Feature","geometry":{"type":"Point","coordinates":[-81.760361,36.452083]},"properties":{"site":"Brown Rd - Mailbox # 118 S4","stream":"Forge Creek","county":"Johnson","region":"4","program":"Spring","class":"stream","species":"rainbow","permit":"No","hours":"Sunrise to Sunset"}},{"type":"Feature","geometry":{"type":"Point","coordinates":[-81.758333,36.452417]},"properties":{"site":"Nelson Chapel Baptist Church S5","stream":"Forge Creek","county":"Johnson","region":"4","program":"Spring","class":"stream","species":"rainbow","permit":"No","hours":"Sunrise to Sunset"}},{"type":"Feature","geometry":{"type":"Point","coordinates":[-81.758333,36.454639]},"properties":{"site":"Forge Rd - # 315 Mailbox S6","stream":"Forge Creek","county":"Johnson","region":"4","program":"Spring","class":"stream","species":"rainbow","permit":"No","hours":"Sunrise to Sunset"}},{"type":"Feature","geometry":{"type":"Point","coordinates":[-81.742111,36.464917]},"properties":{"site":"Forge Cr Circle - #152 Mailbox S7","stream":"Forge Creek","county":"Johnson","region":"4","program":"Spring","class":"stream","species":"rainbow","permit":"No","hours":"Sunrise to Sunset"}},{"type":"Feature","geometry":{"type":"Point","coordinates":[-81.738444,36.464111]},"properties":{"site":"Forge Cr Circle S8","stream":"Forge Creek","county":"Johnson","region":"4","program":"Spring","class":"stream","species":"rainbow","permit":"No","hours":"Sunrise to Sunset"}},{"type":"Feature","geometry":{"type":"Point","coordinates":[-81.734833,36.4645]},"properties":{"site":"Forge Cr Circle - Concrete Bridge S9","stream":"Forge Creek","county":"Johnson","region":"4","program":"Spring","class":"stream","species":"rainbow","permit":"No","hours":"Sunrise to Sunset"}},{"type":"Feature","geometry":{"type":"Point","coordinates":[-81.733167,36.467278]},"properties":{"site":"Forge Cr Circle & Hwy 167 Int. S10","stream":"Forge Creek","county":"Johnson","region":"4","program":"Spring","class":"stream","species":"rainbow","permit":"No","hours":"Sunrise to Sunset"}},{"type":"Feature","geometry":{"type":"Point","coordinates":[-81.769667,36.556361]},"properties":{"site":"Laurel Cr Sign - Laurel Bloomery S12","stream":"Laurel Creek","county":"Johnson","region":"4","program":"Spring","class":"stream","species":"rainbow","permit":"No","hours":"Sunrise to Sunset"}},{"type":"Feature","geometry":{"type":"Point","coordinates":[-81.76087,36.56492]},"properties":{"site":"Site # 11","stream":"Laurel Creek","county":"Johnson","region":"4","program":"Spring","class":"stream","species":"rainbow","permit":"No","hours":"Sunrise to Sunset"}},{"type":"Feature","geometry":{"type":"Point","coordinates":[-81.757307,36.576884]},"properties":{"site":"Waters Rd Bridge S10","stream":"Laurel Creek","county":"Johnson","region":"4","program":"Spring","class":"stream","species":"rainbow","permit":"No","hours":"Sunrise to Sunset"}},{"type":"Feature","geometry":{"type":"Point","coordinates":[-81.75238,36.582103]},"properties":{"site":"Mailbox # 8485 S9","stream":"Laurel Creek","county":"Johnson","region":"4","program":"Spring","class":"stream","species":"rainbow","permit":"No","hours":"Sunrise to Sunset"}},{"type":"Feature","geometry":{"type":"Point","coordinates":[-81.753348,36.587329]},"properties":{"site":"Site # 8","stream":"Laurel Creek","county":"Johnson","region":"4","program":"Spring","class":"stream","species":"rainbow","permit":"No","hours":"Sunrise to Sunset"}},{"type":"Feature","geometry":{"type":"Point","coordinates":[-81.755106,36.589947]},"properties":{"site":"Wooden Bridge S7","stream":"Laurel Creek","county":"Johnson","region":"4","program":"Spring","class":"stream","species":"rainbow","permit":"No","hours":"Sunrise to Sunset"}},{"type":"Feature","geometry":{"type":"Point","coordinates":[-81.754803,36.592418]},"properties":{"site":"Robert Roark Rd S6","stream":"Laurel Creek","county":"Johnson","region":"4","program":"Spring","class":"stream","species":"rainbow","permit":"No","hours":"Sunrise to Sunset"}},{"type":"Feature","geometry":{"type":"Point","coordinates":[-81.754717,36.595958]},"properties":{"site":"Site # 4","stream":"Laurel Creek","county":"Johnson","region":"4","program":"Spring","class":"stream","species":"rainbow","permit":"No","hours":"Sunrise to Sunset"}},{"type":"Feature","geometry":{"type":"Point","coordinates":[-81.750667,36.601389]},"properties":{"site":"SITE #3","stream":"Laurel Creek","county":"Johnson","region":"4","program":"Spring","class":"stream","species":"rainbow","permit":"No","hours":"Sunrise to Sunset"}},{"type":"Feature","geometry":{"type":"Point","coordinates":[-81.753389,36.608389]},"properties":{"site":"SITE # 2","stream":"Laurel Creek","county":"Johnson","region":"4","program":"Spring","class":"stream","species":"rainbow","permit":"No","hours":"Sunrise to Sunset"}},{"type":"Feature","geometry":{"type":"Point","coordinates":[-81.75375,36.611139]},"properties":{"site":"Above Jefferson Nat Forest Sign S1","stream":"Laurel Creek","county":"Johnson","region":"4","program":"Spring","class":"stream","species":"rainbow","permit":"No","hours":"Sunrise to Sunset"}},{"type":"Feature","geometry":{"type":"Point","coordinates":[-81.818358,36.599218]},"properties":{"site":"USFS Campground S1","stream":"Beaverdam Creek","county":"Johnson","region":"4","program":"Spring","class":"stream","species":"rainbow","permit":"No","hours":"Sunrise to Sunset"}},{"type":"Feature","geometry":{"type":"Point","coordinates":[-81.814927,36.594371]},"properties":{"site":"Backbone Rock Parking Lot S2","stream":"Beaverdam Creek","county":"Johnson","region":"4","program":"Spring","class":"stream","species":"rainbow","permit":"No","hours":"Sunrise to Sunset"}},{"type":"Feature","geometry":{"type":"Point","coordinates":[-81.818417,36.592166]},"properties":{"site":"Below Tank Hollow Rd S3","stream":"Beaverdam Creek","county":"Johnson","region":"4","program":"Spring","class":"stream","species":"rainbow","permit":"No","hours":"Sunrise to Sunset"}},{"type":"Feature","geometry":{"type":"Point","coordinates":[-81.888531,36.557729]},"properties":{"site":"Acra Cretsinger Rd S4","stream":"Beaverdam Creek","county":"Johnson","region":"4","program":"Spring","class":"stream","species":"rainbow","permit":"No","hours":"Sunrise to Sunset"}},{"type":"Feature","geometry":{"type":"Point","coordinates":[-81.891028,36.554667]},"properties":{"site":"Osie Rd Bridge S5","stream":"Beaverdam Creek","county":"Johnson","region":"4","program":"Spring","class":"stream","species":"rainbow","permit":"No","hours":"Sunrise to Sunset"}},{"type":"Feature","geometry":{"type":"Point","coordinates":[-81.894361,36.551444]},"properties":{"site":"Mcqueen Gap Rd S6","stream":"Beaverdam Creek","county":"Johnson","region":"4","program":"Spring","class":"stream","species":"rainbow","permit":"No","hours":"Sunrise to Sunset"}},{"type":"Feature","geometry":{"type":"Point","coordinates":[-81.897556,36.543694]},"properties":{"site":"Winchester Rd S7","stream":"Beaverdam Creek","county":"Johnson","region":"4","program":"Spring","class":"stream","species":"rainbow","permit":"No","hours":"Sunrise to Sunset"}},{"type":"Feature","geometry":{"type":"Point","coordinates":[-81.93175,36.520861]},"properties":{"site":"Hwy 421 - Shady Valley S9","stream":"Beaverdam Creek","county":"Johnson","region":"4","program":"Spring","class":"stream","species":"rainbow","permit":"No","hours":"Sunrise to Sunset"}},{"type":"Feature","geometry":{"type":"Point","coordinates":[-82.023,36.457028]},"properties":{"site":"Big Sandy Rd Bridge S24","stream":"Stoney Creek","county":"Carter","region":"4","program":"Spring","class":"stream","species":"rainbow","permit":"No","hours":"Sunrise to Sunset"}},{"type":"Feature","geometry":{"type":"Point","coordinates":[-82.03,36.454833]},"properties":{"site":"Old Man Kelseys Pond S23","stream":"Stoney Creek","county":"Carter","region":"4","program":"Spring","class":"stream","species":"rainbow","permit":"No","hours":"Sunrise to Sunset"}},{"type":"Feature","geometry":{"type":"Point","coordinates":[-82.042028,36.449056]},"properties":{"site":"Gordon Lewis Rd S22","stream":"Stoney Creek","county":"Carter","region":"4","program":"Spring","class":"stream","species":"rainbow","permit":"No","hours":"Sunrise to Sunset"}},{"type":"Feature","geometry":{"type":"Point","coordinates":[-82.044,36.446]},"properties":{"site":"Hodge Branch Rd Bridge S21","stream":"Stoney Creek","county":"Carter","region":"4","program":"Spring","class":"stream","species":"rainbow","permit":"No","hours":"Sunrise to Sunset"}},{"type":"Feature","geometry":{"type":"Point","coordinates":[-82.045889,36.441444]},"properties":{"site":"Estep Hollow Rd Bridge S20","stream":"Stoney Creek","county":"Carter","region":"4","program":"Spring","class":"stream","species":"rainbow","permit":"No","hours":"Sunrise to Sunset"}},{"type":"Feature","geometry":{"type":"Point","coordinates":[-82.050306,36.437417]},"properties":{"site":"Hurley Hollow Rd S19","stream":"Stoney Creek","county":"Carter","region":"4","program":"Spring","class":"stream","species":"rainbow","permit":"No","hours":"Sunrise to Sunset"}},{"type":"Feature","geometry":{"type":"Point","coordinates":[-82.053361,36.434139]},"properties":{"site":"Blevins Hollow Rd Bridge S18","stream":"Stoney Creek","county":"Carter","region":"4","program":"Spring","class":"stream","species":"rainbow","permit":"No","hours":"Sunrise to Sunset"}},{"type":"Feature","geometry":{"type":"Point","coordinates":[-82.058556,36.427917]},"properties":{"site":"Freezeland Circle Bridge S17","stream":"Stoney Creek","county":"Carter","region":"4","program":"Spring","class":"stream","species":"rainbow","permit":"No","hours":"Sunrise to Sunset"}},{"type":"Feature","geometry":{"type":"Point","coordinates":[-82.066639,36.420944]},"properties":{"site":"Grindstaff Hollow Bridge S16","stream":"Stoney Creek","county":"Carter","region":"4","program":"Spring","class":"stream","species":"rainbow","permit":"No","hours":"Sunrise to Sunset"}},{"type":"Feature","geometry":{"type":"Point","coordinates":[-82.072444,36.418083]},"properties":{"site":"Creekbank Rd S15","stream":"Stoney Creek","county":"Carter","region":"4","program":"Spring","class":"stream","species":"rainbow","permit":"No","hours":"Sunrise to Sunset"}},{"type":"Feature","geometry":{"type":"Point","coordinates":[-82.079056,36.4135]},"properties":{"site":"Liberty Hollow Bridge S14","stream":"Stoney Creek","county":"Carter","region":"4","program":"Spring","class":"stream","species":"rainbow","permit":"No","hours":"Sunrise to Sunset"}},{"type":"Feature","geometry":{"type":"Point","coordinates":[-82.081639,36.411111]},"properties":{"site":"Peters Hollow Bridge S13","stream":"Stoney Creek","county":"Carter","region":"4","program":"Spring","class":"stream","species":"rainbow","permit":"No","hours":"Sunrise to Sunset"}},{"type":"Feature","geometry":{"type":"Point","coordinates":[-82.084833,36.411806]},"properties":{"site":"Homer Hardin Bridge S12","stream":"Stoney Creek","county":"Carter","region":"4","program":"Spring","class":"stream","species":"rainbow","permit":"No","hours":"Sunrise to Sunset"}},{"type":"Feature","geometry":{"type":"Point","coordinates":[-82.091806,36.404028]},"properties":{"site":"Muddy Branch Rd Bridge S10","stream":"Stoney Creek","county":"Carter","region":"4","program":"Spring","class":"stream","species":"rainbow","permit":"No","hours":"Sunrise to Sunset"}},{"type":"Feature","geometry":{"type":"Point","coordinates":[-82.098194,36.402083]},"properties":{"site":"Rex Harrell Rd Bridge S9","stream":"Stoney Creek","county":"Carter","region":"4","program":"Spring","class":"stream","species":"rainbow","permit":"No","hours":"Sunrise to Sunset"}},{"type":"Feature","geometry":{"type":"Point","coordinates":[-82.103111,36.399667]},"properties":{"site":"Dry Hollow Rd Bridge S8","stream":"Stoney Creek","county":"Carter","region":"4","program":"Spring","class":"stream","species":"rainbow","permit":"No","hours":"Sunrise to Sunset"}},{"type":"Feature","geometry":{"type":"Point","coordinates":[-82.109611,36.397944]},"properties":{"site":"Blue Springs Rd Bridge S7","stream":"Stoney Creek","county":"Carter","region":"4","program":"Spring","class":"stream","species":"rainbow","permit":"No","hours":"Sunrise to Sunset"}},{"type":"Feature","geometry":{"type":"Point","coordinates":[-82.119444,36.394167]},"properties":{"site":"Earl Williams Rd Bridge S6","stream":"Stoney Creek","county":"Carter","region":"4","program":"Spring","class":"stream","species":"rainbow","permit":"No","hours":"Sunrise to Sunset"}},{"type":"Feature","geometry":{"type":"Point","coordinates":[-82.128333,36.388]},"properties":{"site":"Price Rd - 10 Ton Bridge S5","stream":"Stoney Creek","county":"Carter","region":"4","program":"Spring","class":"stream","species":"rainbow","permit":"No","hours":"Sunrise to Sunset"}},{"type":"Feature","geometry":{"type":"Point","coordinates":[-82.135389,36.383194]},"properties":{"site":"Danner Rd - Holston View Bridge S4","stream":"Stoney Creek","county":"Carter","region":"4","program":"Spring","class":"stream","species":"rainbow","permit":"No","hours":"Sunrise to Sunset"}},{"type":"Feature","geometry":{"type":"Point","coordinates":[-82.141694,36.380306]},"properties":{"site":"Bill Lewis Rd Bridge S3","stream":"Stoney Creek","county":"Carter","region":"4","program":"Spring","class":"stream","species":"rainbow","permit":"No","hours":"Sunrise to Sunset"}},{"type":"Feature","geometry":{"type":"Point","coordinates":[-82.154583,36.375972]},"properties":{"site":"Iron Mtn Sporting Goods S2","stream":"Stoney Creek","county":"Carter","region":"4","program":"Spring","class":"stream","species":"rainbow","permit":"No","hours":"Sunrise to Sunset"}},{"type":"Feature","geometry":{"type":"Point","coordinates":[-82.155639,36.370528]},"properties":{"site":"Blue Springs Rd Bridge S1","stream":"Stoney Creek","county":"Carter","region":"4","program":"Spring","class":"stream","species":"rainbow","permit":"No","hours":"Sunrise to Sunset"}},{"type":"Feature","geometry":{"type":"Point","coordinates":[-82.207417,36.3435]},"properties":{"site":"Hwy 19 E Bridge - Above City Park S1","stream":"Doe River (Lw)","county":"Carter","region":"4","program":"Spring","class":"stream","species":"rainbow","permit":"No","hours":"Sunrise to Sunset"}},{"type":"Feature","geometry":{"type":"Point","coordinates":[-82.201778,36.332278]},"properties":{"site":"Hwy 19 E - Doe R Auto Sales S2","stream":"Doe River (Lw)","county":"Carter","region":"4","program":"Spring","class":"stream","species":"rainbow","permit":"No","hours":"Sunrise to Sunset"}},{"type":"Feature","geometry":{"type":"Point","coordinates":[-82.19475,36.300528]},"properties":{"site":"Valley Forge - Edge Water Bridge S3","stream":"Doe River (Lw)","county":"Carter","region":"4","program":"Spring","class":"stream","species":"rainbow","permit":"No","hours":"Sunrise to Sunset"}},{"type":"Feature","geometry":{"type":"Point","coordinates":[-82.177833,36.282389]},"properties":{"site":"Hampton - Ralph Hathaway S5","stream":"Doe River (Lw)","county":"Carter","region":"4","program":"Spring","class":"stream","species":"rainbow","permit":"No","hours":"Sunrise to Sunset"}},{"type":"Feature","geometry":{"type":"Point","coordinates":[-82.174972,36.284444]},"properties":{"site":"Hampton - J.W. Street Bridge S4","stream":"Doe River (Lw)","county":"Carter","region":"4","program":"Spring","class":"stream","species":"rainbow","permit":"No","hours":"Sunrise to Sunset"}},{"type":"Feature","geometry":{"type":"Point","coordinates":[-82.102889,36.202722]},"properties":{"site":"Roan Mtn - Elige F Street Bridge S6","stream":"Doe River (Up)","county":"Carter","region":"4","program":"Spring","class":"stream","species":"rainbow","permit":"No","hours":"Sunrise to Sunset"}},{"type":"Feature","geometry":{"type":"Point","coordinates":[-82.0895,36.203083]},"properties":{"site":"Roan Mtn - Crabtree Rd Bridge S7","stream":"Doe River (Up)","county":"Carter","region":"4","program":"Spring","class":"stream","species":"rainbow","permit":"No","hours":"Sunrise to Sunset"}},{"type":"Feature","geometry":{"type":"Point","coordinates":[-82.080778,36.202583]},"properties":{"site":"Roan Mtn - Freeman Rd Bridge S8","stream":"Doe River (Up)","county":"Carter","region":"4","program":"Spring","class":"stream","species":"rainbow","permit":"No","hours":"Sunrise to Sunset"}},{"type":"Feature","geometry":{"type":"Point","coordinates":[-82.070222,36.198722]},"properties":{"site":"Roan Mtn - Cloudland Market S9","stream":"Doe River (Up)","county":"Carter","region":"4","program":"Spring","class":"stream","species":"rainbow","permit":"No","hours":"Sunrise to Sunset"}},{"type":"Feature","geometry":{"type":"Point","coordinates":[-82.069361,36.192167]},"properties":{"site":"Roan Mtn - Hampton Cr Bridge S10","stream":"Doe River (Up)","county":"Carter","region":"4","program":"Spring","class":"stream","species":"rainbow","permit":"No","hours":"Sunrise to Sunset"}},{"type":"Feature","geometry":{"type":"Point","coordinates":[-82.070556,36.189361]},"properties":{"site":"Roan Mtn - Jim Archer Bridge S11","stream":"Doe River (Up)","county":"Carter","region":"4","program":"Spring","class":"stream","species":"rainbow","permit":"No","hours":"Sunrise to Sunset"}},{"type":"Feature","geometry":{"type":"Point","coordinates":[-82.0715,36.186361]},"properties":{"site":"Roan Mtn - Hwy 143 S12","stream":"Doe River (Up)","county":"Carter","region":"4","program":"Spring","class":"stream","species":"rainbow","permit":"No","hours":"Sunrise to Sunset"}},{"type":"Feature","geometry":{"type":"Point","coordinates":[-82.079139,36.178583]},"properties":{"site":"Roan Mtn Sp - Below Welcome Cen S13","stream":"Doe River (Up)","county":"Carter","region":"4","program":"Spring","class":"stream","species":"rainbow","permit":"No","hours":"Sunrise to Sunset"}},{"type":"Feature","geometry":{"type":"Point","coordinates":[-82.079528,36.176]},"properties":{"site":"Roan Mtn Sp Welcome Center S14","stream":"Doe River (Up)","county":"Carter","region":"4","program":"Spring","class":"stream","species":"rainbow","permit":"No","hours":"Sunrise to Sunset"}},{"type":"Feature","geometry":{"type":"Point","coordinates":[-82.080861,36.170917]},"properties":{"site":"Roan Mtn Sp Heaton Cr Bridge S15","stream":"Doe River (Up)","county":"Carter","region":"4","program":"Spring","class":"stream","species":"rainbow","permit":"No","hours":"Sunrise to Sunset"}},{"type":"Feature","geometry":{"type":"Point","coordinates":[-82.092111,36.173083]},"properties":{"site":"Roan Mtn Sp - Hwy 143 S16","stream":"Doe River (Up)","county":"Carter","region":"4","program":"Spring","class":"stream","species":"rainbow","permit":"No","hours":"Sunrise to Sunset"}},{"type":"Feature","geometry":{"type":"Point","coordinates":[-82.098306,36.1715]},"properties":{"site":"Roan Mtn Sp Picnic Shelter # 1 S17","stream":"Doe River (Up)","county":"Carter","region":"4","program":"Spring","class":"stream","species":"rainbow","permit":"No","hours":"Sunrise to Sunset"}},{"type":"Feature","geometry":{"type":"Point","coordinates":[-82.097111,36.168833]},"properties":{"site":"Roan Mtn Sp Picnic Shelter # 2 S18","stream":"Doe River (Up)","county":"Carter","region":"4","program":"Spring","class":"stream","species":"rainbow","permit":"No","hours":"Sunrise to Sunset"}},{"type":"Feature","geometry":{"type":"Point","coordinates":[-82.09575,36.166889]},"properties":{"site":"Roan Mtn Sp - Hwy 143 S19","stream":"Doe River (Up)","county":"Carter","region":"4","program":"Spring","class":"stream","species":"rainbow","permit":"No","hours":"Sunrise to Sunset"}},{"type":"Feature","geometry":{"type":"Point","coordinates":[-82.097806,36.164167]},"properties":{"site":"Roan Mtn Sp S20","stream":"Doe River (Up)","county":"Carter","region":"4","program":"Spring","class":"stream","species":"rainbow","permit":"No","hours":"Contact Region 4"}},{"type":"Feature","geometry":{"type":"Point","coordinates":[-82.099694,36.162361]},"properties":{"site":"Roan Mtn Sp - Campsite 35 S21","stream":"Doe River (Up)","county":"Carter","region":"4","program":"Spring","class":"stream","species":"rainbow","permit":"No","hours":"Sunrise to Sunset"}},{"type":"Feature","geometry":{"type":"Point","coordinates":[-82.100472,36.161278]},"properties":{"site":"Roan Mtn Sp - Campsite 18 S22","stream":"Doe River (Up)","county":"Carter","region":"4","program":"Spring","class":"stream","species":"rainbow","permit":"No","hours":"Sunrise to Sunset"}},{"type":"Feature","geometry":{"type":"Point","coordinates":[-82.100194,36.159333]},"properties":{"site":"Roan Mtn Sp - Ray Booth Bridge S23","stream":"Doe River (Up)","county":"Carter","region":"4","program":"Spring","class":"stream","species":"rainbow","permit":"No","hours":"Sunrise to Sunset"}},{"type":"Feature","geometry":{"type":"Point","coordinates":[-82.101083,36.152583]},"properties":{"site":"Roan Mtn Sp - Herm Barnett Rd S24","stream":"Doe River (Up)","county":"Carter","region":"4","program":"Spring","class":"stream","species":"rainbow","permit":"No","hours":"Sunrise to Sunset"}},{"type":"Feature","geometry":{"type":"Point","coordinates":[-82.122639,36.263778]},"properties":{"site":"Bridge At App Trail Parking Lot S1","stream":"Laurel Fork","county":"Carter","region":"4","program":"Spring","class":"stream","species":"rainbow","permit":"No","hours":"Sunrise to Sunset"}},{"type":"Feature","geometry":{"type":"Point","coordinates":[-82.119833,36.263194]},"properties":{"site":"Bear Camp S2","stream":"Laurel Fork","county":"Carter","region":"4","program":"Spring","class":"stream","species":"rainbow","permit":"No","hours":"Sunrise to Sunset"}},{"type":"Feature","geometry":{"type":"Point","coordinates":[-82.116306,36.261]},"properties":{"site":"Laurel Fork Cabins & Lodge S3","stream":"Laurel Fork","county":"Carter","region":"4","program":"Spring","class":"stream","species":"rainbow","permit":"No","hours":"Sunrise to Sunset"}},{"type":"Feature","geometry":{"type":"Point","coordinates":[-82.116028,36.257611]},"properties":{"site":"Above Cabins S4","stream":"Laurel Fork","county":"Carter","region":"4","program":"Spring","class":"stream","species":"rainbow","permit":"No","hours":"Sunrise to Sunset"}},{"type":"Feature","geometry":{"type":"Point","coordinates":[-82.111139,36.256889]},"properties":{"site":"Bridge Below Campground S5","stream":"Laurel Fork","county":"Carter","region":"4","program":"Spring","class":"stream","species":"rainbow","permit":"No","hours":"Sunrise to Sunset"}},{"type":"Feature","geometry":{"type":"Point","coordinates":[-82.844828,35.97768]},"properties":{"site":"Last Campsite S22","stream":"Paint Creek","county":"Greene","region":"4","program":"Spring","class":"stream","species":"rainbow","permit":"No","hours":"Sunrise to Sunset"}},{"type":"Feature","geometry":{"type":"Point","coordinates":[-82.934528,35.959806]},"properties":{"site":"Second Pull Off On Left S11","stream":"Brush Creek","county":"Cocke","region":"4","program":"Spring","class":"stream","species":"rainbow","permit":"No","hours":"Sunrise to Sunset"}},{"type":"Feature","geometry":{"type":"Point","coordinates":[-81.753385,36.594196]},"properties":{"site":"Site # 5","stream":"Laurel Creek","county":"Johnson","region":"4","program":"Spring","class":"stream","species":"rainbow","permit":"No","hours":"Sunrise to Sunset"}},{"type":"Feature","geometry":{"type":"Point","coordinates":[-83.098489,35.843055]},"properties":{"site":"Gulf Fork Big Creek #5","stream":"Gulf Fork Big Creek","county":"Cocke","region":"4","program":"Spring","class":"stream","species":"rainbow","permit":"No","hours":"Contact Region 4"}},{"type":"Feature","geometry":{"type":"Point","coordinates":[-82.72025,36.532436]},"properties":{"site":"Alexander Creek #1","stream":"Alexander Creek","county":"Hawkins","region":"4","program":"Spring","class":"stream","species":"rainbow","permit":"No","hours":"Contact Region 4"}},{"type":"Feature","geometry":{"type":"Point","coordinates":[-82.71912,36.531092]},"properties":{"site":"Alexander Creek #2","stream":"Alexander Creek","county":"Hawkins","region":"4","program":"Spring","class":"stream","species":"rainbow","permit":"No","hours":"Contact Region 4"}},{"type":"Feature","geometry":{"type":"Point","coordinates":[-82.718228,36.52954]},"properties":{"site":"Alexander Creek #6","stream":"Alexander Creek","county":"Hawkins","region":"4","program":"Spring","class":"stream","species":"rainbow","permit":"No","hours":"Contact Region 4"}},{"type":"Feature","geometry":{"type":"Point","coordinates":[-82.717825,36.528855]},"properties":{"site":"Alexander Creek #8","stream":"Alexander Creek","county":"Hawkins","region":"4","program":"Spring","class":"stream","species":"rainbow","permit":"No","hours":"Contact Region 4"}},{"type":"Feature","geometry":{"type":"Point","coordinates":[-82.95365,36.421934]},"properties":{"site":"Big Creek #2","stream":"Big Creek","county":"Hawkins","region":"4","program":"Spring","class":"stream","species":"rainbow","permit":"No","hours":"Contact Region 4"}},{"type":"Feature","geometry":{"type":"Point","coordinates":[-82.936894,36.461887]},"properties":{"site":"Big Creek #1","stream":"Big Creek","county":"Hawkins","region":"4","program":"Spring","class":"stream","species":"rainbow","permit":"No","hours":"Contact Region 4"}},{"type":"Feature","geometry":{"type":"Point","coordinates":[-83.558552,36.199196]},"properties":{"stream":"Buffalo Creek","county":"Grainger","region":"4","program":"Spring","class":"stream","species":"rainbow","permit":"No","hours":"Contact Region 4"}},{"type":"Feature","geometry":{"type":"Point","coordinates":[-83.559079,36.200433]},"properties":{"stream":"Buffalo Creek","county":"Grainger","region":"4","program":"Spring","class":"stream","species":"rainbow","permit":"No","hours":"Contact Region 4"}},{"type":"Feature","geometry":{"type":"Point","coordinates":[-83.559254,36.201661]},"properties":{"stream":"Buffalo Creek","county":"Grainger","region":"4","program":"Spring","class":"stream","species":"rainbow","permit":"No","hours":"Contact Region 4"}},{"type":"Feature","geometry":{"type":"Point","coordinates":[-83.557765,36.201664]},"properties":{"stream":"Buffalo Creek","county":"Grainger","region":"4","program":"Spring","class":"stream","species":"rainbow","permit":"No","hours":"Contact Region 4"}},{"type":"Feature","geometry":{"type":"Point","coordinates":[-83.556217,36.201408]},"properties":{"stream":"Buffalo Creek","county":"Grainger","region":"4","program":"Spring","class":"stream","species":"rainbow","permit":"No","hours":"Contact Region 4"}},{"type":"Feature","geometry":{"type":"Point","coordinates":[-83.555899,36.203038]},"properties":{"stream":"Buffalo Creek","county":"Grainger","region":"4","program":"Spring","class":"stream","species":"rainbow","permit":"No","hours":"Contact Region 4"}},{"type":"Feature","geometry":{"type":"Point","coordinates":[-83.5556,36.204478]},"properties":{"stream":"Buffalo Creek","county":"Grainger","region":"4","program":"Spring","class":"stream","species":"rainbow","permit":"No","hours":"Sunrise to Sunset"}},{"type":"Feature","geometry":{"type":"Point","coordinates":[-83.227557,35.787918]},"properties":{"site":"Cosby Creek #1","stream":"Cosby Creek","county":"Cocke","region":"4","program":"Spring","class":"stream","species":"rainbow","permit":"No","hours":"Contact Region 4"}},{"type":"Feature","geometry":{"type":"Point","coordinates":[-83.232792,35.792003]},"properties":{"site":"Cosby Creek #2","stream":"Cosby Creek","county":"Cocke","region":"4","program":"Spring","class":"stream","species":"rainbow","permit":"No","hours":"Contact Region 4"}},{"type":"Feature","geometry":{"type":"Point","coordinates":[-83.239836,35.801512]},"properties":{"site":"Cosby Creek #3","stream":"Cosby Creek","county":"Cocke","region":"4","program":"Spring","class":"stream","species":"rainbow","permit":"No","hours":"Contact Region 4"}},{"type":"Feature","geometry":{"type":"Point","coordinates":[-83.248605,35.803973]},"properties":{"site":"Cosby Creek #4","stream":"Cosby Creek","county":"Cocke","region":"4","program":"Spring","class":"stream","species":"rainbow","permit":"No","hours":"Contact Region 4"}},{"type":"Feature","geometry":{"type":"Point","coordinates":[-83.248357,35.815459]},"properties":{"site":"Cosby Creek #5","stream":"Cosby Creek","county":"Cocke","region":"4","program":"Spring","class":"stream","species":"rainbow","permit":"No","hours":"Contact Region 4"}},{"type":"Feature","geometry":{"type":"Point","coordinates":[-83.246143,35.823878]},"properties":{"site":"Cosby Creek #6","stream":"Cosby Creek","county":"Cocke","region":"4","program":"Spring","class":"stream","species":"rainbow","permit":"No","hours":"Contact Region 4"}},{"type":"Feature","geometry":{"type":"Point","coordinates":[-83.234122,35.842758]},"properties":{"site":"Cosby Creek #7","stream":"Cosby Creek","county":"Cocke","region":"4","program":"Spring","class":"stream","species":"rainbow","permit":"No","hours":"Contact Region 4"}},{"type":"Feature","geometry":{"type":"Point","coordinates":[-83.232638,35.843512]},"properties":{"site":"Cosby Creek #8","stream":"Cosby Creek","county":"Cocke","region":"4","program":"Spring","class":"stream","species":"rainbow","permit":"No","hours":"Contact Region 4"}},{"type":"Feature","geometry":{"type":"Point","coordinates":[-83.22803,35.845174]},"properties":{"site":"Cosby Creek #9","stream":"Cosby Creek","county":"Cocke","region":"4","program":"Spring","class":"stream","species":"rainbow","permit":"No","hours":"Contact Region 4"}},{"type":"Feature","geometry":{"type":"Point","coordinates":[-83.22523,35.845672]},"properties":{"site":"Cosby Creek #10","stream":"Cosby Creek","county":"Cocke","region":"4","program":"Spring","class":"stream","species":"rainbow","permit":"No","hours":"Contact Region 4"}},{"type":"Feature","geometry":{"type":"Point","coordinates":[-83.224208,35.864748]},"properties":{"site":"Cosby Creek #11","stream":"Cosby Creek","county":"Cocke","region":"4","program":"Spring","class":"stream","species":"rainbow","permit":"No","hours":"Contact Region 4"}},{"type":"Feature","geometry":{"type":"Point","coordinates":[-83.223402,35.873312]},"properties":{"site":"Cosby Creek #12","stream":"Cosby Creek","county":"Cocke","region":"4","program":"Spring","class":"stream","species":"rainbow","permit":"No","hours":"Contact Region 4"}},{"type":"Feature","geometry":{"type":"Point","coordinates":[-83.686921,36.518788]},"properties":{"stream":"Gap Creek","county":"Claiborne","region":"4","program":"Spring","class":"stream","species":"rainbow","permit":"No","hours":"Contact Region 4"}},{"type":"Feature","geometry":{"type":"Point","coordinates":[-83.687542,36.520815]},"properties":{"stream":"Gap Creek","county":"Claiborne","region":"4","program":"Spring","class":"stream","species":"rainbow","permit":"No","hours":"Contact Region 4"}},{"type":"Feature","geometry":{"type":"Point","coordinates":[-83.687133,36.525207]},"properties":{"stream":"Gap Creek","county":"Claiborne","region":"4","program":"Spring","class":"stream","species":"rainbow","permit":"No","hours":"Contact Region 4"}},{"type":"Feature","geometry":{"type":"Point","coordinates":[-83.68895,36.52612]},"properties":{"stream":"Gap Creek","county":"Claiborne","region":"4","program":"Spring","class":"stream","species":"rainbow","permit":"No","hours":"Contact Region 4"}},{"type":"Feature","geometry":{"type":"Point","coordinates":[-83.68942,36.530265]},"properties":{"stream":"Gap Creek","county":"Claiborne","region":"4","program":"Spring","class":"stream","species":"rainbow","permit":"No","hours":"Contact Region 4"}},{"type":"Feature","geometry":{"type":"Point","coordinates":[-83.667519,36.552517]},"properties":{"stream":"Gap Creek","county":"Claiborne","region":"4","program":"Spring","class":"stream","species":"rainbow","permit":"No","hours":"Contact Region 4"}},{"type":"Feature","geometry":{"type":"Point","coordinates":[-83.680427,36.576722]},"properties":{"stream":"Gap Creek","county":"Claiborne","region":"4","program":"Spring","class":"stream","species":"rainbow","permit":"No","hours":"Contact Region 4"}},{"type":"Feature","geometry":{"type":"Point","coordinates":[-83.679462,36.58246]},"properties":{"stream":"Gap Creek","county":"Claiborne","region":"4","program":"Spring","class":"stream","species":"rainbow","permit":"No","hours":"Contact Region 4"}},{"type":"Feature","geometry":{"type":"Point","coordinates":[-83.624138,36.594747]},"properties":{"stream":"Station Creek","county":"Claiborne","region":"4","program":"Spring","class":"stream","species":"rainbow","permit":"No","hours":"Contact Region 4"}},{"type":"Feature","geometry":{"type":"Point","coordinates":[-83.612381,36.586618]},"properties":{"stream":"Station Creek","county":"Claiborne","region":"4","program":"Spring","class":"stream","species":"rainbow","permit":"No","hours":"Contact Region 4"}},{"type":"Feature","geometry":{"type":"Point","coordinates":[-83.61117,36.587031]},"properties":{"stream":"Station Creek","county":"Claiborne","region":"4","program":"Spring","class":"stream","species":"rainbow","permit":"No","hours":"Contact Region 4"}},{"type":"Feature","geometry":{"type":"Point","coordinates":[-83.607461,36.587804]},"properties":{"stream":"Station Creek","county":"Claiborne","region":"4","program":"Spring","class":"stream","species":"rainbow","permit":"No","hours":"Contact Region 4"}},{"type":"Feature","geometry":{"type":"Point","coordinates":[-83.606128,36.589039]},"properties":{"stream":"Station Creek","county":"Claiborne","region":"4","program":"Spring","class":"stream","species":"rainbow","permit":"No","hours":"Contact Region 4"}},{"type":"Feature","geometry":{"type":"Point","coordinates":[-83.596749,36.58188]},"properties":{"stream":"Indian Creek","county":"Claiborne","region":"4","program":"Spring","class":"stream","species":"rainbow","permit":"No","hours":"Contact Region 4"}},{"type":"Feature","geometry":{"type":"Point","coordinates":[-83.596448,36.577542]},"properties":{"stream":"Indian Creek","county":"Claiborne","region":"4","program":"Spring","class":"stream","species":"rainbow","permit":"No","hours":"Contact Region 4"}},{"type":"Feature","geometry":{"type":"Point","coordinates":[-83.596174,36.576508]},"properties":{"stream":"Indian Creek","county":"Claiborne","region":"4","program":"Spring","class":"stream","species":"rainbow","permit":"No","hours":"Contact Region 4"}},{"type":"Feature","geometry":{"type":"Point","coordinates":[-84.011977,36.573124]},"properties":{"stream":"Laurel Fork","county":"Campbell","region":"4","program":"Spring","class":"stream","species":"rainbow","permit":"No","hours":"Contact Region 4"}},{"type":"Feature","geometry":{"type":"Point","coordinates":[-84.005786,36.540016]},"properties":{"stream":"Tackett Creek","county":"Campbell","region":"4","program":"Spring","class":"stream","species":"rainbow","permit":"No","hours":"Contact Region 4"}},{"type":"Feature","geometry":{"type":"Point","coordinates":[-83.717012,35.670536]},"properties":{"stream":"Little River","county":"Blount","region":"4","program":"Spring","class":"stream","species":"rainbow","permit":"No","hours":"Contact Region 4"}},{"type":"Feature","geometry":{"type":"Point","coordinates":[-83.732531,35.680739]},"properties":{"stream":"Little River","county":"Blount","region":"4","program":"Spring","class":"stream","species":"rainbow","permit":"No","hours":"Contact Region 4"}},{"type":"Feature","geometry":{"type":"Point","coordinates":[-83.735578,35.682055]},"properties":{"stream":"Little River","county":"Blount","region":"4","program":"Spring","class":"stream","species":"rainbow","permit":"No","hours":"Contact Region 4"}},{"type":"Feature","geometry":{"type":"Point","coordinates":[-83.744461,35.683295]},"properties":{"stream":"Little River","county":"Blount","region":"4","program":"Spring","class":"stream","species":"rainbow","permit":"No","hours":"Contact Region 4"}},{"type":"Feature","geometry":{"type":"Point","coordinates":[-83.746992,35.680804]},"properties":{"stream":"Little River","county":"Blount","region":"4","program":"Spring","class":"stream","species":"rainbow","permit":"No","hours":"Contact Region 4"}},{"type":"Feature","geometry":{"type":"Point","coordinates":[-83.756624,35.677168]},"properties":{"stream":"Little River","county":"Blount","region":"4","program":"Spring","class":"stream","species":"rainbow","permit":"No","hours":"Contact Region 4"}},{"type":"Feature","geometry":{"type":"Point","coordinates":[-83.77328,35.681458]},"properties":{"stream":"Little River","county":"Blount","region":"4","program":"Spring","class":"stream","species":"rainbow","permit":"No","hours":"Contact Region 4"}},{"type":"Feature","geometry":{"type":"Point","coordinates":[-83.790668,35.684199]},"properties":{"stream":"Little River","county":"Blount","region":"4","program":"Spring","class":"stream","species":"rainbow","permit":"No","hours":"Contact Region 4"}},{"type":"Feature","geometry":{"type":"Point","coordinates":[-83.798952,35.694751]},"properties":{"stream":"Little River","county":"Blount","region":"4","program":"Spring","class":"stream","species":"rainbow","permit":"No","hours":"Contact Region 4"}},{"type":"Feature","geometry":{"type":"Point","coordinates":[-83.798327,35.699017]},"properties":{"stream":"Little River","county":"Blount","region":"4","program":"Spring","class":"stream","species":"rainbow","permit":"No","hours":"Contact Region 4"}},{"type":"Feature","geometry":{"type":"Point","coordinates":[-83.414279,35.742327]},"properties":{"stream":"Middle Prong Little Pigeon River","county":"Sevier","region":"4","program":"Spring","class":"stream","species":"rainbow","permit":"No","hours":"Contact Region 4"}},{"type":"Feature","geometry":{"type":"Point","coordinates":[-83.416264,35.74802]},"properties":{"stream":"Middle Prong Little Pigeon River","county":"Sevier","region":"4","program":"Spring","class":"stream","species":"rainbow","permit":"No","hours":"Contact Region 4"}},{"type":"Feature","geometry":{"type":"Point","coordinates":[-83.413952,35.753834]},"properties":{"stream":"Middle Prong Little Pigeon River","county":"Sevier","region":"4","program":"Spring","class":"stream","species":"rainbow","permit":"No","hours":"Contact Region 4"}},{"type":"Feature","geometry":{"type":"Point","coordinates":[-83.409466,35.757102]},"properties":{"stream":"Middle Prong Little Pigeon River","county":"Sevier","region":"4","program":"Spring","class":"stream","species":"rainbow","permit":"No","hours":"Contact Region 4"}},{"type":"Feature","geometry":{"type":"Point","coordinates":[-83.397876,35.759485]},"properties":{"stream":"Middle Prong Little Pigeon River","county":"Sevier","region":"4","program":"Spring","class":"stream","species":"rainbow","permit":"No","hours":"Contact Region 4"}},{"type":"Feature","geometry":{"type":"Point","coordinates":[-83.399682,35.762211]},"properties":{"stream":"Middle Prong Little Pigeon River","county":"Sevier","region":"4","program":"Spring","class":"stream","species":"rainbow","permit":"No","hours":"Contact Region 4"}},{"type":"Feature","geometry":{"type":"Point","coordinates":[-83.402803,35.769485]},"properties":{"stream":"Middle Prong Little Pigeon River","county":"Sevier","region":"4","program":"Spring","class":"stream","species":"rainbow","permit":"No","hours":"Contact Region 4"}},{"type":"Feature","geometry":{"type":"Point","coordinates":[-83.405598,35.776802]},"properties":{"stream":"Middle Prong Little Pigeon River","county":"Sevier","region":"4","program":"Spring","class":"stream","species":"rainbow","permit":"No","hours":"Contact Region 4"}},{"type":"Feature","geometry":{"type":"Point","coordinates":[-83.403963,35.784375]},"properties":{"stream":"Middle Prong Little Pigeon River","county":"Sevier","region":"4","program":"Spring","class":"stream","species":"rainbow","permit":"No","hours":"Contact Region 4"}},{"type":"Feature","geometry":{"type":"Point","coordinates":[-83.420538,35.795624]},"properties":{"stream":"Middle Prong Little Pigeon River","county":"Sevier","region":"4","program":"Spring","class":"stream","species":"rainbow","permit":"No","hours":"Contact Region 4"}},{"type":"Feature","geometry":{"type":"Point","coordinates":[-83.428587,35.797398]},"properties":{"stream":"Middle Prong Little Pigeon River","county":"Sevier","region":"4","program":"Spring","class":"stream","species":"rainbow","permit":"No","hours":"Contact Region 4"}},{"type":"Feature","geometry":{"type":"Point","coordinates":[-83.438196,35.8157]},"properties":{"stream":"Middle Prong Little Pigeon River","county":"Sevier","region":"4","program":"Spring","class":"stream","species":"rainbow","permit":"No","hours":"Contact Region 4"}},{"type":"Feature","geometry":{"type":"Point","coordinates":[-83.4426,35.818309]},"properties":{"stream":"Middle Prong Little Pigeon River","county":"Sevier","region":"4","program":"Spring","class":"stream","species":"rainbow","permit":"No","hours":"Contact Region 4"}},{"type":"Feature","geometry":{"type":"Point","coordinates":[-83.506393,36.339682]},"properties":{"site":"Puncheon Camp Creek #1","stream":"Puncheon Camp Creek","county":"Grainger","region":"4","program":"Spring","class":"stream","species":"rainbow","permit":"No","hours":"Contact Region 4"}},{"type":"Feature","geometry":{"type":"Point","coordinates":[-83.507388,36.340978]},"properties":{"site":"Puncheon Camp Creek #3","stream":"Puncheon Camp Creek","county":"Grainger","region":"4","program":"Spring","class":"stream","species":"rainbow","permit":"No","hours":"Contact Region 4"}},{"type":"Feature","geometry":{"type":"Point","coordinates":[-83.509625,36.343028]},"properties":{"site":"Puncheon Camp Creek #5","stream":"Puncheon Camp Creek","county":"Grainger","region":"4","program":"Spring","class":"stream","species":"rainbow","permit":"No","hours":"Contact Region 4"}},{"type":"Feature","geometry":{"type":"Point","coordinates":[-83.517459,36.348199]},"properties":{"site":"Puncheon Camp Creek #7 - End","stream":"Puncheon Camp Creek","county":"Grainger","region":"4","program":"Spring","class":"stream","species":"rainbow","permit":"No","hours":"Contact Region 4"}},{"type":"Feature","geometry":{"type":"Point","coordinates":[-83.12703,36.524805]},"properties":{"site":"Richardson \"Byrd\" Creek #4","stream":"Richardson \"Byrd\" Creek","county":"Hancock","region":"4","program":"Spring","class":"stream","species":"rainbow","permit":"No","hours":"Contact Region 4"}},{"type":"Feature","geometry":{"type":"Point","coordinates":[-83.489077,35.839801]},"properties":{"stream":"Middle Prong Little Pigeon River","county":"Sevier","region":"4","program":"Spring","class":"stream","species":"rainbow","permit":"No","hours":"Contact Region 4"}},{"type":"Feature","geometry":{"type":"Point","coordinates":[-84.006404,36.536133]},"properties":{"stream":"Tackett Creek","county":"Campbell","region":"4","program":"Spring","class":"stream","species":"rainbow","permit":"No","hours":"Contact Region 4"}},{"type":"Feature","geometry":{"type":"Point","coordinates":[-83.997992,36.534691]},"properties":{"stream":"Tackett Creek","county":"Campbell","region":"4","program":"Spring","class":"stream","species":"rainbow","permit":"No","hours":"Contact Region 4"}},{"type":"Feature","geometry":{"type":"Point","coordinates":[-83.953493,36.503052]},"properties":{"stream":"Tackett Creek","county":"Claiborne","region":"4","program":"Spring","class":"stream","species":"rainbow","permit":"No","hours":"Contact Region 4"}},{"type":"Feature","geometry":{"type":"Point","coordinates":[-82.651383,36.151417]},"properties":{"site":"Lawn Mower Shop S9","stream":"Horse Creek","county":"Greene","region":"4","program":"Spring","class":"stream","species":"rainbow","permit":"No","hours":"Other"}},{"type":"Feature","geometry":{"type":"Point","coordinates":[-82.653333,36.155383]},"properties":{"site":"Below Hwy 107 S7","stream":"Horse Creek","county":"Greene","region":"4","program":"Spring","class":"stream","species":"rainbow","permit":"No","hours":"Other"}},{"type":"Feature","geometry":{"type":"Point","coordinates":[-82.849861,35.973431]},"properties":{"site":"Third Rock Wall S16","stream":"Paint Creek","county":"Greene","region":"4","program":"Spring","class":"stream","species":"rainbow","dh":"Oct 1 to last day of Feb","permit":"No","hours":"Sunrise to Sunset"}},{"type":"Feature","geometry":{"type":"Point","coordinates":[-82.088783,36.40783]},"properties":{"site":"SITE #11","stream":"Stony Creek","county":"Carter","region":"4","program":"Spring","class":"stream","species":"rainbow","permit":"No","hours":"Contact Region 4"}},{"type":"Feature","geometry":{"type":"Point","coordinates":[-81.921487,36.534375]},"properties":{"site":"Blackwell Farm S8","stream":"Beaverdam Creek","county":"Johnson","region":"4","program":"Spring","class":"stream","species":"rainbow","permit":"No","hours":"Sunrise to Sunset"}},{"type":"Feature","geometry":{"type":"Point","coordinates":[-81.842692,36.607826]},"properties":{"site":"Sportsman Club- Reedy Creek- Kid'S Event","stream":"Reedy Creek","county":"Sullivan","region":"4","program":"Spring","class":"stream","species":"rainbow","permit":"No","hours":"Other"}},{"type":"Feature","geometry":{"type":"Point","coordinates":[-82.76146,36.013956]},"properties":{"site":"Pond #1 S1","stream":"Dillard Ponds (Horse Creek)","county":"Greene","region":"4","program":"Spring","class":"stream","species":"rainbow","permit":"No","hours":"Sunrise to Sunset"}},{"type":"Feature","geometry":{"type":"Point","coordinates":[-82.76102,36.014079]},"properties":{"site":"Pond #2 S2","stream":"Dillard Ponds (Horse Creek)","county":"Greene","region":"4","program":"Spring","class":"pond","species":"rainbow","permit":"No","hours":"24 Hours"}},{"type":"Feature","geometry":{"type":"Point","coordinates":[-82.760579,36.014149]},"properties":{"site":"Pond #3 S3","stream":"Dillard Ponds (Horse Creek)","county":"Greene","region":"4","program":"Spring","class":"pond","species":"rainbow","permit":"No","hours":"24 Hours"}},{"type":"Feature","geometry":{"type":"Point","coordinates":[-82.760226,36.014062]},"properties":{"site":"Pond #4 S4","stream":"Dillard Ponds (Horse Creek)","county":"Greene","region":"4","program":"Spring","class":"pond","species":"rainbow","permit":"No","hours":"24 Hours"}},{"type":"Feature","geometry":{"type":"Point","coordinates":[-82.85986,35.973123]},"properties":{"site":"Fourth Bridge S11","stream":"Paint Creek","county":"Greene","region":"4","program":"Spring","class":"stream","species":"rainbow","dh":"Oct 1 to last day of Feb","permit":"No","hours":"Sunrise to Sunset"}},{"type":"Feature","geometry":{"type":"Point","coordinates":[-83.992894,36.534841]},"properties":{"stream":"Tackett Creek","county":"Campbell","region":"4","program":"Spring","class":"stream","species":"rainbow","permit":"No","hours":"Contact Region 4"}},{"type":"Feature","geometry":{"type":"Point","coordinates":[-83.692622,36.533091]},"properties":{"stream":"Gap Creek","county":"Claiborne","region":"4","program":"Spring","class":"stream","species":"rainbow","permit":"No","hours":"Contact Region 4"}},{"type":"Feature","geometry":{"type":"Point","coordinates":[-83.686004,36.52325]},"properties":{"stream":"Gap Creek","county":"Claiborne","region":"4","program":"Spring","class":"stream","species":"rainbow","permit":"No","hours":"Contact Region 4"}},{"type":"Feature","geometry":{"type":"Point","coordinates":[-83.60506,36.588454]},"properties":{"stream":"Station Creek","county":"Claiborne","region":"4","program":"Spring","class":"stream","species":"rainbow","permit":"No","hours":"Contact Region 4"}},{"type":"Feature","geometry":{"type":"Point","coordinates":[-83.132773,36.53064]},"properties":{"site":"Richardson \"Byrd \" Creek (removed)","stream":"Richardson \"Byrd\" Creek","county":"Hancock","region":"4","program":"Spring","class":"stream","species":"rainbow","permit":"No","hours":"Contact Region 4"}},{"type":"Feature","geometry":{"type":"Point","coordinates":[-83.508817,36.342284]},"properties":{"site":"Puncheon Camp Creek #4","stream":"Puncheon Camp Creek","county":"Grainger","region":"4","program":"Spring","class":"stream","species":"rainbow","permit":"No","hours":"Contact Region 4"}},{"type":"Feature","geometry":{"type":"Point","coordinates":[-82.71912,36.531092]},"properties":{"site":"Alexander Creek #3","stream":"Alexander Creek","county":"Hawkins","region":"4","program":"Spring","class":"stream","species":"rainbow","permit":"No","hours":"Contact Region 4"}},{"type":"Feature","geometry":{"type":"Point","coordinates":[-82.718744,36.530148]},"properties":{"site":"Alexander Creek #4","stream":"Alexander Creek","county":"Hawkins","region":"4","program":"Spring","class":"stream","species":"rainbow","permit":"No","hours":"Contact Region 4"}},{"type":"Feature","geometry":{"type":"Point","coordinates":[-82.718631,36.529902]},"properties":{"site":"Alexander Creek #5","stream":"Alexander Creek","county":"Hawkins","region":"4","program":"Spring","class":"stream","species":"rainbow","permit":"No","hours":"Contact Region 4"}},{"type":"Feature","geometry":{"type":"Point","coordinates":[-82.718106,36.529251]},"properties":{"site":"Alexander Creek #7","stream":"Alexander Creek","county":"Hawkins","region":"4","program":"Spring","class":"stream","species":"rainbow","permit":"No","hours":"Contact Region 4"}},{"type":"Feature","geometry":{"type":"Point","coordinates":[-83.405332,36.214319]},"properties":{"site":"Panther Creek #6 - End","stream":"Panther Creek","county":"Hamblen","region":"4","program":"Spring","class":"stream","species":"rainbow","permit":"No","hours":"7:00 AM to dusk"}},{"type":"Feature","geometry":{"type":"Point","coordinates":[-83.404212,36.213952]},"properties":{"site":"Panther Creek #5","stream":"Panther Creek","county":"Hamblen","region":"4","program":"Spring","class":"stream","species":"rainbow","permit":"No","hours":"7:00 AM to dusk"}},{"type":"Feature","geometry":{"type":"Point","coordinates":[-83.403574,36.21314]},"properties":{"site":"Panther Creek #3","stream":"Panther Creek","county":"Hamblen","region":"4","program":"Spring","class":"stream","species":"rainbow","permit":"No","hours":"7:00 AM to dusk"}},{"type":"Feature","geometry":{"type":"Point","coordinates":[-83.003629,35.895541]},"properties":{"site":"Trail Fork Big Creek #6 - End","stream":"Trail Fork","county":"Cocke","region":"4","program":"Spring","class":"stream","species":"rainbow","permit":"No","hours":"Contact Region 4"}},{"type":"Feature","geometry":{"type":"Point","coordinates":[-83.004458,35.886041]},"properties":{"site":"Trail Fork Big Creek #5","stream":"Trail Fork Big Creek","county":"Cocke","region":"4","program":"Spring","class":"stream","species":"rainbow","permit":"No","hours":"Contact Region 4"}},{"type":"Feature","geometry":{"type":"Point","coordinates":[-83.749021,35.680551]},"properties":{"stream":"Little River","county":"Blount","region":"4","program":"Spring","class":"stream","species":"rainbow","permit":"No","hours":"Contact Region 4"}},{"type":"Feature","geometry":{"type":"Point","coordinates":[-83.057201,35.830534]},"properties":{"site":"Gulf Fork Big Creek #3","stream":"Gulf Fork Big Creek","county":"Cocke","region":"4","program":"Spring","class":"stream","species":"rainbow","permit":"No","hours":"Contact Region 4"}},{"type":"Feature","geometry":{"type":"Point","coordinates":[-83.041022,35.814154]},"properties":{"site":"Gulf Fork Big Creek #2","stream":"Gulf Fork Big Creek","county":"Cocke","region":"4","program":"Spring","class":"stream","species":"rainbow","permit":"No","hours":"Contact Region 4"}},{"type":"Feature","geometry":{"type":"Point","coordinates":[-83.040081,35.81266]},"properties":{"site":"Gulf Fork Big Creek #1","stream":"Gulf Fork Big Creek","county":"Cocke","region":"4","program":"Spring","class":"stream","species":"rainbow","permit":"No","hours":"Contact Region 4"}},{"type":"Feature","geometry":{"type":"Point","coordinates":[-83.107566,35.854892]},"properties":{"site":"Gulf Fork Big Creek #7 - End","stream":"Gulf Fork Big Creek","county":"Cocke","region":"4","program":"Spring","class":"stream","species":"rainbow","permit":"No","hours":"Contact Region 4"}},{"type":"Feature","geometry":{"type":"Point","coordinates":[-84.085678,35.408943]},"properties":{"stream":"Citico Creek","region":"4","program":"Spring","class":"stream","species":"rainbow","hours":"Contact Region 4"}},{"type":"Feature","geometry":{"type":"Point","coordinates":[-87.755824,35.70411]},"properties":{"site":"Cane Creek Middle","stream":"Cane Creek","county":"Perry","region":"1","program":"Spring","class":"stream","species":"rainbow","hours":"Contact Region 1"}},{"type":"Feature","geometry":{"type":"Point","coordinates":[-87.774531,35.708305]},"properties":{"site":"Cane Creek Downstream","stream":"Cane Creek","county":"Perry","region":"1","program":"Spring","class":"stream","species":"rainbow","hours":"Contact Region 1"}},{"type":"Feature","geometry":{"type":"Point","coordinates":[-87.903451,36.336521]},"properties":{"site":"Hurricane Creek Trout Stocking Site","stream":"Hurricane Creek","county":"Houston","region":"1","program":"Spring","class":"stream","species":"rainbow","hours":"Contact Region 1"}},{"type":"Feature","geometry":{"type":"Point","coordinates":[-87.772734,35.976536]},"properties":{"site":"Hurricane Creek (Optional - Limited Access)","stream":"Hurricane Creek","county":"Humphreys","region":"1","program":"Spring","class":"stream","species":"rainbow","hours":"Contact Region 1"}},{"type":"Feature","geometry":{"type":"Point","coordinates":[-87.733116,35.999574]},"properties":{"site":"Hurricane Creek Upstream Spring Trout Site","stream":"Hurricane Creek","county":"Humphreys","region":"1","program":"Spring","class":"stream","species":"rainbow","hours":"Contact Region 1"}},{"type":"Feature","geometry":{"type":"Point","coordinates":[-87.998485,36.436759]},"properties":{"site":"Standing Rock Creek Spring Trout Site","stream":"Standing Rock Creek","county":"Stewart","region":"1","program":"Spring","class":"stream","species":"rainbow","hours":"Contact Region 1"}},{"type":"Feature","geometry":{"type":"Point","coordinates":[-87.87155,36.259046]},"properties":{"site":"White Oak Creek Spring Trout Site","stream":"White Oak Creek","county":"Houston","region":"1","program":"Spring","class":"stream","species":"rainbow","hours":"Contact Region 1"}},{"type":"Feature","geometry":{"type":"Point","coordinates":[-87.780772,35.971309]},"properties":{"site":"Hurricane Creek Downstream Loretta Lynn'S","stream":"Hurricane Creek","county":"Humphreys","region":"1","program":"Spring","class":"stream","species":"rainbow","hours":"Contact Region 1"}},{"type":"Feature","geometry":{"type":"Point","coordinates":[-85.215119,35.211151]},"properties":{"site":"Thrasher Pike Bridge Crossing (S1)","stream":"North Chickamauga Creek","county":"Hamilton","region":"3","program":"Spring","class":"stream","species":"rainbow","hours":"Contact Region 3"}},{"type":"Feature","geometry":{"type":"Point","coordinates":[-85.674051,35.518093]},"properties":{"site":"Hwy 56 Bridge Crossing (S2)","stream":"Collins River","county":"Grundy","region":"3","program":"Spring","class":"stream","species":"rainbow","hours":"Contact Region 3"}},{"type":"Feature","geometry":{"type":"Point","coordinates":[-85.655706,35.563601]},"properties":{"site":"S1","stream":"Upper Hills Creek","county":"Warren","region":"3","program":"Spring","class":"stream","species":"rainbow","hours":"Contact Region 3"}},{"type":"Feature","geometry":{"type":"Point","coordinates":[-85.396469,35.766098]},"properties":{"site":"Cane Creek Church (S2)","stream":"Cane Creek","county":"Vanburen","region":"3","program":"Spring","class":"stream","species":"rainbow","hours":"Contact Region 3"}},{"type":"Feature","geometry":{"type":"Point","coordinates":[-85.393377,35.753222]},"properties":{"site":"Hwy 285 Bridge Crossing (S1)","stream":"Cane Creek","county":"Vanburen","region":"3","program":"Spring","class":"stream","species":"rainbow","hours":"Contact Region 3"}},{"type":"Feature","geometry":{"type":"Point","coordinates":[-85.577854,35.701028]},"properties":{"site":"Rocky River Rd. Bridge Crossing (S1)","stream":"Rocky River","county":"Vanburen","region":"3","program":"Spring","class":"stream","species":"rainbow","hours":"Contact Region 3"}},{"type":"Feature","geometry":{"type":"Point","coordinates":[-85.776703,35.67399]},"properties":{"site":"Pepper Branch Park (S1)","stream":"Barren Fork River","county":"Warren","region":"3","program":"Spring","class":"stream","species":"rainbow","hours":"Contact Region 3"}},{"type":"Feature","geometry":{"type":"Point","coordinates":[-85.955956,35.697655]},"properties":{"site":"Petigap Rd. Bridge Crossing (S1)","stream":"North Prong Barren Fork River","county":"Warren","region":"3","program":"Spring","class":"stream","species":"rainbow","hours":"Contact Region 3"}},{"type":"Feature","geometry":{"type":"Point","coordinates":[-85.783957,35.904813]},"properties":{"site":"Student Home Rd. Bridge Crossing (S2)","stream":"Pine Creek","county":"Dekalb","region":"3","program":"Spring","class":"stream","species":"rainbow","hours":"Contact Region 3"}},{"type":"Feature","geometry":{"type":"Point","coordinates":[-85.771462,35.90799]},"properties":{"site":"Big Rock Rd. Bridge Crossing (S1)","stream":"Pine Creek","county":"Dekalb","region":"3","program":"Spring","class":"stream","species":"rainbow","hours":"Contact Region 3"}},{"type":"Feature","geometry":{"type":"Point","coordinates":[-84.8796,35.715065]},"properties":{"site":"Piney Falls State Natural Area (S1)","stream":"Piney River","county":"Rhea","region":"3","program":"Spring","class":"stream","species":"rainbow","hours":"Contact Region 3"}},{"type":"Feature","geometry":{"type":"Point","coordinates":[-85.014921,35.785855]},"properties":{"site":"2Nd Old Highway 28 Bridge Crossing (S5)","stream":"Sequatchie River","county":"Cumberland","region":"3","program":"Spring","class":"stream","species":"rainbow","hours":"Contact Region 3"}},{"type":"Feature","geometry":{"type":"Point","coordinates":[-84.497824,36.131066]},"properties":{"site":"Wooden Bridge (S2)","stream":"Flat Fork Creek","county":"Morgan","region":"3","program":"Spring","class":"stream","species":"rainbow","hours":"Sunrise to Sunset"}},{"type":"Feature","geometry":{"type":"Point","coordinates":[-84.508435,35.09144]},"properties":{"site":"Goforth Creek Trail (S3)","stream":"Goforth Creek","county":"Polk","region":"3","program":"Spring","class":"stream","species":"rainbow","hours":"Contact Region 3"}},{"type":"Feature","geometry":{"type":"Point","coordinates":[-84.513153,35.089447]},"properties":{"site":"Goforth Creek Trail (S2)","stream":"Goforth Creek","county":"Polk","region":"3","program":"Spring","class":"stream","species":"rainbow","hours":"Contact Region 3"}},{"type":"Feature","geometry":{"type":"Point","coordinates":[-84.466222,35.01683]},"properties":{"site":"Tumbling Creek Campground (S3)","stream":"Tumbling Creek","county":"Polk","region":"3","program":"Spring","class":"stream","species":"rainbow","hours":"Contact Region 3"}},{"type":"Feature","geometry":{"type":"Point","coordinates":[-84.952178,36.535476]},"properties":{"site":"Wolf River Loop Bridge Crossing (S2)","stream":"Wolf River","county":"Fentress","region":"3","program":"Spring","class":"stream","species":"rainbow","hours":"Contact Region 3"}},{"type":"Feature","geometry":{"type":"Point","coordinates":[-85.016978,35.7758]},"properties":{"site":"Old Hwy 28 Pull-Off (S3)","stream":"Sequatchie River","county":"Cumberland","region":"3","program":"Spring","class":"stream","species":"rainbow","hours":"Contact Region 3"}},{"type":"Feature","geometry":{"type":"Point","coordinates":[-85.018236,35.77139]},"properties":{"site":"1St Old Hwy 28 Bridge Crossing (S1)","stream":"Sequatchie River","county":"Cumberland","region":"3","program":"Spring","class":"stream","species":"rainbow","hours":"Contact Region 3"}},{"type":"Feature","geometry":{"type":"Point","coordinates":[-85.564654,35.750652]},"properties":{"site":"Bone Cave Rd. Bridge Crossing (S1)","stream":"Laurel Creek","county":"Vanburen","region":"3","program":"Spring","class":"stream","species":"rainbow","hours":"Contact Region 3"}},{"type":"Feature","geometry":{"type":"Point","coordinates":[-84.800541,36.550754]},"properties":{"site":"Pickett State Park","stream":"Pickett Lake","county":"Pickett","region":"3","program":"Spring","class":"reservoir","species":"rainbow","hours":"Sunrise to Sunset"}},{"type":"Feature","geometry":{"type":"Point","coordinates":[-84.495968,35.230247]},"properties":{"site":"Spring Creek Campground #3 (S5)","stream":"Spring Creek","county":"Polk","region":"3","program":"Spring","class":"stream","species":"rainbow","hours":"Contact Region 3"}},{"type":"Feature","geometry":{"type":"Point","coordinates":[-84.1253,35.292673]},"properties":{"site":"Green Cove Pond","stream":"Green Cove Pond","county":"Monroe","region":"3","program":"Spring","class":"pond","species":"rainbow","hours":"Contact Region 3"}},{"type":"Feature","geometry":{"type":"Point","coordinates":[-84.088446,35.418396]},"properties":{"region":"3","program":"Spring","class":"stream","species":"rainbow","hours":"Contact Region 3"}},{"type":"Feature","geometry":{"type":"Point","coordinates":[-84.097462,35.287898]},"properties":{"site":"Tellico Hatchery Visitor Parking Lot","stream":"Tellico River","county":"Monroe","region":"3","program":"Spring","class":"stream","species":"rainbow_brown","dh":"Catch-and-release season is Oct. 1 - Feb. 28","permit":"Tellico-Citico Permit required Mar 1- Aug 15","hours":"Contact Region 3"}},{"type":"Feature","geometry":{"type":"Point","coordinates":[-84.608673,35.150082]},"properties":{"site":"Chilhowee Recreation Area","stream":"Mccamy Lake","county":"Polk","region":"3","program":"Spring","class":"pond","species":"rainbow","hours":"Contact Region 3"}},{"type":"Feature","geometry":{"type":"Point","coordinates":[-85.598496,35.138249]},"properties":{"site":"Camp Glancey (S2)","stream":"Little Sequatchie River","county":"Marion","region":"3","program":"Spring","class":"stream","species":"rainbow","hours":"24 Hours"}},{"type":"Feature","geometry":{"type":"Point","coordinates":[-84.078568,35.404971]},"properties":{"stream":"Citico Creek","county":"Monroe","region":"3","program":"Spring","class":"stream","species":"rainbow","hours":"Contact Region 3"}},{"type":"Feature","geometry":{"type":"Point","coordinates":[-84.514885,35.08649]},"properties":{"site":"Goforth Creek Trail (S1)","stream":"Goforth Creek","county":"Polk","region":"3","program":"Spring","class":"stream","species":"rainbow","hours":"Contact Region 3"}},{"type":"Feature","geometry":{"type":"Point","coordinates":[-84.961641,36.542274]},"properties":{"site":"York Farm And Mill State Park (S1)","stream":"Wolf River","county":"Fentress","region":"3","program":"Spring","class":"stream","species":"rainbow","hours":"Sunrise to Sunset"}},{"type":"Feature","geometry":{"type":"Point","coordinates":[-84.942535,36.532535]},"properties":{"site":"Delk Creek Rd. Bridge Crossing (S3)","stream":"Wolf River","county":"Fentress","region":"3","program":"Spring","class":"stream","species":"rainbow","hours":"Contact Region 3"}},{"type":"Feature","geometry":{"type":"Point","coordinates":[-84.484261,35.23673]},"properties":{"site":"Spring Creek Rd. Bridge Crossing (S6)","stream":"Spring Creek","county":"Polk","region":"3","program":"Spring","class":"stream","species":"rainbow","hours":"Contact Region 3"}},{"type":"Feature","geometry":{"type":"Point","coordinates":[-84.513666,35.220439]},"properties":{"site":"Spring Creek Campground #1 (S1)","stream":"Spring Creek","county":"Polk","region":"3","program":"Spring","class":"stream","species":"rainbow","hours":"Contact Region 3"}},{"type":"Feature","geometry":{"type":"Point","coordinates":[-84.512976,35.224007]},"properties":{"site":"Spring Creek Rd. Pull-Off (S2)","stream":"Spring Creek","county":"Polk","region":"3","program":"Spring","class":"stream","species":"rainbow","hours":"Contact Region 3"}},{"type":"Feature","geometry":{"type":"Point","coordinates":[-84.498914,35.223417]},"properties":{"site":"Spring Creek Rd. Pull-Off (S4)","stream":"Spring Creek","county":"Polk","region":"3","program":"Spring","class":"stream","species":"rainbow","hours":"Contact Region 3"}},{"type":"Feature","geometry":{"type":"Point","coordinates":[-84.507991,35.223627]},"properties":{"site":"Spring Creek Rd. Pull-Off (S3)","stream":"Spring Creek","county":"Polk","region":"3","program":"Spring","class":"stream","species":"rainbow","hours":"Contact Region 3"}},{"type":"Feature","geometry":{"type":"Point","coordinates":[-84.465292,35.020159]},"properties":{"site":"Tumbling Creek Trail (S2)","stream":"Tumbling Creek","county":"Polk","region":"3","program":"Spring","class":"stream","species":"rainbow","hours":"Contact Region 3"}},{"type":"Feature","geometry":{"type":"Point","coordinates":[-84.464949,35.022268]},"properties":{"site":"Tumbling Creek Trail (S1)","stream":"Tumbling Creek","county":"Polk","region":"3","program":"Spring","class":"stream","species":"rainbow","hours":"Contact Region 3"}},{"type":"Feature","geometry":{"type":"Point","coordinates":[-84.143843,35.321964]},"properties":{"site":"Panther Branch","stream":"Tellico River","county":"Monroe","region":"3","program":"Spring","class":"stream","species":"rainbow_brown","dh":"Catch-and-release season is Oct. 1 - Feb. 28","permit":"Tellico-Citico Permit required Mar 1- Aug 15","hours":"Sunrise to Sunset"}},{"type":"Feature","geometry":{"type":"Point","coordinates":[-84.145509,35.328524]},"properties":{"site":"North River","stream":"Tellico River","county":"Monroe","region":"3","program":"Spring","class":"stream","species":"rainbow_brown","dh":"Catch-and-release season is Oct. 1 - Feb. 28","permit":"Tellico-Citico Permit required Mar 1- Aug 15","hours":"Sunrise to Sunset"}},{"type":"Feature","geometry":{"type":"Point","coordinates":[-84.168168,35.322291]},"properties":{"site":"Cow Camp Bridge","stream":"Tellico River","county":"Monroe","region":"3","program":"Spring","class":"stream","species":"rainbow_brown","dh":"Catch-and-release season is Oct. 1 - Feb. 28","permit":"Tellico-Citico Permit required Mar 1- Aug 15","hours":"Sunrise to Sunset"}},{"type":"Feature","geometry":{"type":"Point","coordinates":[-84.176384,35.326647]},"properties":{"site":"Baby Falls","stream":"Tellico River","county":"Monroe","region":"3","program":"Spring","class":"stream","species":"rainbow_brown","dh":"Catch-and-release season is Oct. 1 - Feb. 28","permit":"Tellico-Citico Permit required Mar 1- Aug 15","hours":"Sunrise to Sunset"}},{"type":"Feature","geometry":{"type":"Point","coordinates":[-84.177677,35.324708]},"properties":{"site":"Bald River","stream":"Tellico River","county":"Monroe","region":"3","program":"Spring","class":"stream","species":"rainbow","dh":"Catch-and-release season is Oct. 1 - Feb. 28","permit":"Tellico-Citico Permit required Mar 1- Aug 15","hours":"Sunrise to Sunset"}},{"type":"Feature","geometry":{"type":"Point","coordinates":[-84.082429,35.261378]},"properties":{"site":"Governor's Hole","stream":"Tellico River","county":"Monroe","region":"3","program":"Spring","class":"stream","species":"rainbow_brown","dh":"Catch-and-release season is Oct. 1 - Feb. 28","permit":"Tellico-Citico Permit required Mar 1- Aug 15","hours":"Contact Region 3"}},{"type":"Feature","geometry":{"type":"Point","coordinates":[-84.111253,35.292802]},"properties":{"site":"Sourwood Bridge","stream":"Tellico River","county":"Monroe","region":"3","program":"Spring","class":"stream","species":"rainbow_brown","dh":"Catch-and-release season is Oct. 1 - Feb. 28","permit":"Tellico-Citico Permit required Mar 1- Aug 15","hours":"Contact Region 3"}},{"type":"Feature","geometry":{"type":"Point","coordinates":[-84.114834,35.297275]},"properties":{"site":"Green Cove Store","stream":"Tellico River","county":"Monroe","region":"3","program":"Spring","class":"stream","species":"rainbow_brown","dh":"Catch-and-release season is Oct. 1 - Feb. 28","permit":"Tellico-Citico Permit required Mar 1- Aug 15","hours":"Contact Region 3"}},{"type":"Feature","geometry":{"type":"Point","coordinates":[-84.121494,35.308351]},"properties":{"site":"Long Hole","stream":"Tellico River","county":"Monroe","region":"3","program":"Spring","class":"stream","species":"rainbow_brown","dh":"Catch-and-release season is Oct. 1 - Feb. 28","permit":"Tellico-Citico Permit required Mar 1- Aug 15","hours":"Contact Region 3"}},{"type":"Feature","geometry":{"type":"Point","coordinates":[-84.191537,35.340446]},"properties":{"site":"Turkey Creek","stream":"Tellico River","county":"Monroe","region":"3","program":"Spring","class":"stream","species":"rainbow","dh":"Catch-and-release season is Oct. 1 - Feb. 28","permit":"Tellico-Citico Permit required Mar 1- Aug 15","hours":"Contact Region 3"}},{"type":"Feature","geometry":{"type":"Point","coordinates":[-84.184587,35.331457]},"properties":{"site":"Kayak Bridge","stream":"Tellico River","county":"Monroe","region":"3","program":"Spring","class":"stream","species":"rainbow","dh":"Catch-and-release season is Oct. 1 - Feb. 28","permit":"Tellico-Citico Permit required Mar 1- Aug 15","hours":"Contact Region 3"}},{"type":"Feature","geometry":{"type":"Point","coordinates":[-84.095673,35.287754]},"properties":{"stream":"Tellico River","county":"Monroe","region":"3","program":"Spring","class":"stream","species":"rainbow_brown","dh":"Catch-and-release season is Oct. 1 - Feb. 28","permit":"Tellico-Citico Permit required Mar 1- Aug 15","hours":"Contact Region 3"}},{"type":"Feature","geometry":{"type":"Point","coordinates":[-84.103433,35.289008]},"properties":{"stream":"Tellico River","county":"Monroe","region":"3","program":"Spring","class":"stream","species":"rainbow_brown","dh":"Catch-and-release season is Oct. 1 - Feb. 28","permit":"Tellico-Citico Permit required Mar 1- Aug 15","hours":"Contact Region 3"}},{"type":"Feature","geometry":{"type":"Point","coordinates":[-84.112172,35.296651]},"properties":{"stream":"Tellico River","county":"Monroe","region":"3","program":"Spring","class":"stream","species":"rainbow_brown","dh":"Catch-and-release season is Oct. 1 - Feb. 28","permit":"Tellico-Citico Permit required Mar 1- Aug 15","hours":"Contact Region 3"}},{"type":"Feature","geometry":{"type":"Point","coordinates":[-84.120942,35.304479]},"properties":{"stream":"Tellico River","county":"Monroe","region":"3","program":"Spring","class":"stream","species":"rainbow_brown","dh":"Catch-and-release season is Oct. 1 - Feb. 28","permit":"Tellico-Citico Permit required Mar 1- Aug 15","hours":"Contact Region 3"}},{"type":"Feature","geometry":{"type":"Point","coordinates":[-84.12856,35.315414]},"properties":{"stream":"Tellico River","county":"Monroe","region":"3","program":"Spring","class":"stream","species":"rainbow_brown","dh":"Catch-and-release season is Oct. 1 - Feb. 28","permit":"Tellico-Citico Permit required Mar 1- Aug 15","hours":"Contact Region 3"}},{"type":"Feature","geometry":{"type":"Point","coordinates":[-84.139796,35.320399]},"properties":{"stream":"Tellico River","county":"Monroe","region":"3","program":"Spring","class":"stream","species":"rainbow_brown","dh":"Catch-and-release season is Oct. 1 - Feb. 28","permit":"Tellico-Citico Permit required Mar 1- Aug 15","hours":"Contact Region 3"}},{"type":"Feature","geometry":{"type":"Point","coordinates":[-84.136298,35.317966]},"properties":{"stream":"Tellico River","county":"Monroe","region":"3","program":"Spring","class":"stream","species":"rainbow_brown","dh":"Catch-and-release season is Oct. 1 - Feb. 28","permit":"Tellico-Citico Permit required Mar 1- Aug 15","hours":"Contact Region 3"}},{"type":"Feature","geometry":{"type":"Point","coordinates":[-84.099158,35.423996]},"properties":{"site":"Iron Bridge","stream":"Citico Creek","county":"Monroe","region":"3","program":"Spring","class":"stream","species":"rainbow","hours":"Contact Region 3"}},{"type":"Feature","geometry":{"type":"Point","coordinates":[-84.104667,35.431202]},"properties":{"stream":"Citico Creek","county":"Monroe","region":"3","program":"Spring","class":"stream","species":"rainbow","hours":"Contact Region 3"}},{"type":"Feature","geometry":{"type":"Point","coordinates":[-84.103616,35.432658]},"properties":{"stream":"Citico Creek","county":"Monroe","region":"3","program":"Spring","class":"stream","species":"rainbow","hours":"Contact Region 3"}},{"type":"Feature","geometry":{"type":"Point","coordinates":[-84.107685,35.435494]},"properties":{"stream":"Citico Creek","county":"Monroe","region":"3","program":"Spring","class":"stream","species":"rainbow","hours":"Contact Region 3"}},{"type":"Feature","geometry":{"type":"Point","coordinates":[-84.107194,35.439247]},"properties":{"stream":"Citico Creek","county":"Monroe","region":"3","program":"Spring","class":"stream","species":"rainbow","hours":"Contact Region 3"}},{"type":"Feature","geometry":{"type":"Point","coordinates":[-84.110608,35.446069]},"properties":{"stream":"Citico Creek","county":"Monroe","region":"3","program":"Spring","class":"stream","species":"rainbow","hours":"Contact Region 3"}},{"type":"Feature","geometry":{"type":"Point","coordinates":[-84.108664,35.42755]},"properties":{"stream":"Citico Creek","county":"Monroe","region":"3","program":"Spring","class":"stream","species":"rainbow","hours":"Contact Region 3"}},{"type":"Feature","geometry":{"type":"Point","coordinates":[-84.078856,35.405831]},"properties":{"stream":"Citico Creek","county":"Monroe","region":"3","program":"Spring","class":"stream","species":"rainbow","hours":"Contact Region 3"}},{"type":"Feature","geometry":{"type":"Point","coordinates":[-84.080144,35.406568]},"properties":{"stream":"Citico Creek","county":"Monroe","region":"3","program":"Spring","class":"stream","species":"rainbow","hours":"Contact Region 3"}},{"type":"Feature","geometry":{"type":"Point","coordinates":[-84.106904,35.291581]},"properties":{"stream":"Tellico River","county":"Monroe","region":"3","program":"Spring","class":"stream","species":"rainbow_brown","dh":"Catch-and-release season is Oct. 1 - Feb. 28","permit":"Tellico-Citico Permit required Mar 1- Aug 15","hours":"Contact Region 3"}},{"type":"Feature","geometry":{"type":"Point","coordinates":[-84.18981,35.339342]},"properties":{"stream":"Tellico River","county":"Monroe","region":"3","program":"Spring","class":"stream","species":"rainbow","dh":"Catch-and-release season is Oct. 1 - Feb. 28","permit":"Tellico-Citico Permit required Mar 1- Aug 15","hours":"Contact Region 3"}},{"type":"Feature","geometry":{"type":"Point","coordinates":[-84.189295,35.33859]},"properties":{"stream":"Tellico River","county":"Monroe","region":"3","program":"Spring","class":"stream","species":"rainbow","dh":"Catch-and-release season is Oct. 1 - Feb. 28","permit":"Tellico-Citico Permit required Mar 1- Aug 15","hours":"Contact Region 3"}},{"type":"Feature","geometry":{"type":"Point","coordinates":[-84.189097,35.337697]},"properties":{"stream":"Tellico River","county":"Monroe","region":"3","program":"Spring","class":"stream","species":"rainbow","dh":"Catch-and-release season is Oct. 1 - Feb. 28","permit":"Tellico-Citico Permit required Mar 1- Aug 15","hours":"Contact Region 3"}},{"type":"Feature","geometry":{"type":"Point","coordinates":[-84.188539,35.336279]},"properties":{"stream":"Tellico River","county":"Monroe","region":"3","program":"Spring","class":"stream","species":"rainbow","dh":"Catch-and-release season is Oct. 1 - Feb. 28","permit":"Tellico-Citico Permit required Mar 1- Aug 15","hours":"Contact Region 3"}},{"type":"Feature","geometry":{"type":"Point","coordinates":[-84.18753,35.335216]},"properties":{"stream":"Tellico River","county":"Monroe","region":"3","program":"Spring","class":"stream","species":"rainbow","dh":"Catch-and-release season is Oct. 1 - Feb. 28","permit":"Tellico-Citico Permit required Mar 1- Aug 15","hours":"Contact Region 3"}},{"type":"Feature","geometry":{"type":"Point","coordinates":[-84.186074,35.334186]},"properties":{"stream":"Tellico River","county":"Monroe","region":"3","program":"Spring","class":"stream","species":"rainbow","dh":"Catch-and-release season is Oct. 1 - Feb. 28","permit":"Tellico-Citico Permit required Mar 1- Aug 15","hours":"Contact Region 3"}},{"type":"Feature","geometry":{"type":"Point","coordinates":[-84.185291,35.332762]},"properties":{"stream":"Tellico River","county":"Monroe","region":"3","program":"Spring","class":"stream","species":"rainbow","dh":"Catch-and-release season is Oct. 1 - Feb. 28","permit":"Tellico-Citico Permit required Mar 1- Aug 15","hours":"Contact Region 3"}},{"type":"Feature","geometry":{"type":"Point","coordinates":[-84.18314,35.330812]},"properties":{"stream":"Tellico River","county":"Monroe","region":"3","program":"Spring","class":"stream","species":"rainbow","dh":"Catch-and-release season is Oct. 1 - Feb. 28","permit":"Tellico-Citico Permit required Mar 1- Aug 15","hours":"Contact Region 3"}},{"type":"Feature","geometry":{"type":"Point","coordinates":[-84.181436,35.330507]},"properties":{"stream":"Tellico River","county":"Monroe","region":"3","program":"Spring","class":"stream","species":"rainbow","dh":"Catch-and-release season is Oct. 1 - Feb. 28","permit":"Tellico-Citico Permit required Mar 1- Aug 15","hours":"Contact Region 3"}},{"type":"Feature","geometry":{"type":"Point","coordinates":[-84.180744,35.330568]},"properties":{"stream":"Tellico River","county":"Monroe","region":"3","program":"Spring","class":"stream","species":"rainbow","dh":"Catch-and-release season is Oct. 1 - Feb. 28","permit":"Tellico-Citico Permit required Mar 1- Aug 15","hours":"Contact Region 3"}},{"type":"Feature","geometry":{"type":"Point","coordinates":[-84.176896,35.327056]},"properties":{"stream":"Tellico River","county":"Monroe","region":"3","program":"Spring","class":"stream","species":"rainbow_brown","dh":"Catch-and-release season is Oct. 1 - Feb. 28","permit":"Tellico-Citico Permit required Mar 1- Aug 15","hours":"Contact Region 3"}},{"type":"Feature","geometry":{"type":"Point","coordinates":[-84.175817,35.327857]},"properties":{"stream":"Tellico River","county":"Monroe","region":"3","program":"Spring","class":"stream","species":"rainbow_brown","dh":"Catch-and-release season is Oct. 1 - Feb. 28","permit":"Tellico-Citico Permit required Mar 1- Aug 15","hours":"Contact Region 3"}},{"type":"Feature","geometry":{"type":"Point","coordinates":[-84.174557,35.327572]},"properties":{"stream":"Tellico River","county":"Monroe","region":"3","program":"Spring","class":"stream","species":"rainbow_brown","dh":"Catch-and-release season is Oct. 1 - Feb. 28","permit":"Tellico-Citico Permit required Mar 1- Aug 15","hours":"Contact Region 3"}},{"type":"Feature","geometry":{"type":"Point","coordinates":[-84.173736,35.327183]},"properties":{"stream":"Tellico River","county":"Monroe","region":"3","program":"Spring","class":"stream","species":"rainbow_brown","dh":"Catch-and-release season is Oct. 1 - Feb. 28","permit":"Tellico-Citico Permit required Mar 1- Aug 15","hours":"Contact Region 3"}},{"type":"Feature","geometry":{"type":"Point","coordinates":[-84.173344,35.326986]},"properties":{"stream":"Tellico River","county":"Monroe","region":"3","program":"Spring","class":"stream","species":"rainbow_brown","dh":"Catch-and-release season is Oct. 1 - Feb. 28","permit":"Tellico-Citico Permit required Mar 1- Aug 15","hours":"Contact Region 3"}},{"type":"Feature","geometry":{"type":"Point","coordinates":[-84.171483,35.325463]},"properties":{"stream":"Tellico River","county":"Monroe","region":"3","program":"Spring","class":"stream","species":"rainbow_brown","dh":"Catch-and-release season is Oct. 1 - Feb. 28","permit":"Tellico-Citico Permit required Mar 1- Aug 15","hours":"Contact Region 3"}},{"type":"Feature","geometry":{"type":"Point","coordinates":[-84.165673,35.322141]},"properties":{"stream":"Tellico River","county":"Monroe","region":"3","program":"Spring","class":"stream","species":"rainbow_brown","dh":"Catch-and-release season is Oct. 1 - Feb. 28","permit":"Tellico-Citico Permit required Mar 1- Aug 15","hours":"Contact Region 3"}},{"type":"Feature","geometry":{"type":"Point","coordinates":[-84.165512,35.323226]},"properties":{"stream":"Tellico River","county":"Monroe","region":"3","program":"Spring","class":"stream","species":"rainbow_brown","dh":"Catch-and-release season is Oct. 1 - Feb. 28","permit":"Tellico-Citico Permit required Mar 1- Aug 15","hours":"Contact Region 3"}},{"type":"Feature","geometry":{"type":"Point","coordinates":[-84.16378,35.325507]},"properties":{"stream":"Tellico River","county":"Monroe","region":"3","program":"Spring","class":"stream","species":"rainbow_brown","dh":"Catch-and-release season is Oct. 1 - Feb. 28","permit":"Tellico-Citico Permit required Mar 1- Aug 15","hours":"Contact Region 3"}},{"type":"Feature","geometry":{"type":"Point","coordinates":[-84.162943,35.326255]},"properties":{"stream":"Tellico River","county":"Monroe","region":"3","program":"Spring","class":"stream","species":"rainbow_brown","dh":"Catch-and-release season is Oct. 1 - Feb. 28","permit":"Tellico-Citico Permit required Mar 1- Aug 15","hours":"Contact Region 3"}},{"type":"Feature","geometry":{"type":"Point","coordinates":[-84.162428,35.326483]},"properties":{"stream":"Tellico River","county":"Monroe","region":"3","program":"Spring","class":"stream","species":"rainbow_brown","dh":"Catch-and-release season is Oct. 1 - Feb. 28","permit":"Tellico-Citico Permit required Mar 1- Aug 15","hours":"Contact Region 3"}},{"type":"Feature","geometry":{"type":"Point","coordinates":[-84.161559,35.329227]},"properties":{"stream":"Tellico River","county":"Monroe","region":"3","program":"Spring","class":"stream","species":"rainbow_brown","dh":"Catch-and-release season is Oct. 1 - Feb. 28","permit":"Tellico-Citico Permit required Mar 1- Aug 15","hours":"Contact Region 3"}},{"type":"Feature","geometry":{"type":"Point","coordinates":[-84.161301,35.330176]},"properties":{"stream":"Tellico River","county":"Monroe","region":"3","program":"Spring","class":"stream","species":"rainbow_brown","dh":"Catch-and-release season is Oct. 1 - Feb. 28","permit":"Tellico-Citico Permit required Mar 1- Aug 15","hours":"Contact Region 3"}},{"type":"Feature","geometry":{"type":"Point","coordinates":[-84.160078,35.330955]},"properties":{"stream":"Tellico River","county":"Monroe","region":"3","program":"Spring","class":"stream","species":"rainbow_brown","dh":"Catch-and-release season is Oct. 1 - Feb. 28","permit":"Tellico-Citico Permit required Mar 1- Aug 15","hours":"Contact Region 3"}},{"type":"Feature","geometry":{"type":"Point","coordinates":[-84.156875,35.331122]},"properties":{"stream":"Tellico River","county":"Monroe","region":"3","program":"Spring","class":"stream","species":"rainbow_brown","dh":"Catch-and-release season is Oct. 1 - Feb. 28","permit":"Tellico-Citico Permit required Mar 1- Aug 15","hours":"Contact Region 3"}},{"type":"Feature","geometry":{"type":"Point","coordinates":[-84.155942,35.330487]},"properties":{"stream":"Tellico River","county":"Monroe","region":"3","program":"Spring","class":"stream","species":"rainbow_brown","dh":"Catch-and-release season is Oct. 1 - Feb. 28","permit":"Tellico-Citico Permit required Mar 1- Aug 15","hours":"Contact Region 3"}},{"type":"Feature","geometry":{"type":"Point","coordinates":[-84.155674,35.328701]},"properties":{"stream":"Tellico River","county":"Monroe","region":"3","program":"Spring","class":"stream","species":"rainbow_brown","dh":"Catch-and-release season is Oct. 1 - Feb. 28","permit":"Tellico-Citico Permit required Mar 1- Aug 15","hours":"Contact Region 3"}},{"type":"Feature","geometry":{"type":"Point","coordinates":[-84.151983,35.324806]},"properties":{"stream":"Tellico River","county":"Monroe","region":"3","program":"Spring","class":"stream","species":"rainbow_brown","dh":"Catch-and-release season is Oct. 1 - Feb. 28","permit":"Tellico-Citico Permit required Mar 1- Aug 15","hours":"Contact Region 3"}},{"type":"Feature","geometry":{"type":"Point","coordinates":[-84.150352,35.324868]},"properties":{"stream":"Tellico River","county":"Monroe","region":"3","program":"Spring","class":"stream","species":"rainbow_brown","dh":"Catch-and-release season is Oct. 1 - Feb. 28","permit":"Tellico-Citico Permit required Mar 1- Aug 15","hours":"Contact Region 3"}},{"type":"Feature","geometry":{"type":"Point","coordinates":[-84.14951,35.327122]},"properties":{"stream":"Tellico River","county":"Monroe","region":"3","program":"Spring","class":"stream","species":"rainbow_brown","dh":"Catch-and-release season is Oct. 1 - Feb. 28","permit":"Tellico-Citico Permit required Mar 1- Aug 15","hours":"Contact Region 3"}},{"type":"Feature","geometry":{"type":"Point","coordinates":[-84.148791,35.328592]},"properties":{"stream":"Tellico River","county":"Monroe","region":"3","program":"Spring","class":"stream","species":"rainbow_brown","dh":"Catch-and-release season is Oct. 1 - Feb. 28","permit":"Tellico-Citico Permit required Mar 1- Aug 15","hours":"Contact Region 3"}},{"type":"Feature","geometry":{"type":"Point","coordinates":[-84.146308,35.328166]},"properties":{"stream":"Tellico River","county":"Monroe","region":"3","program":"Spring","class":"stream","species":"rainbow_brown","dh":"Catch-and-release season is Oct. 1 - Feb. 28","permit":"Tellico-Citico Permit required Mar 1- Aug 15","hours":"Contact Region 3"}},{"type":"Feature","geometry":{"type":"Point","coordinates":[-84.144274,35.328254]},"properties":{"stream":"Tellico River","county":"Monroe","region":"3","program":"Spring","class":"stream","species":"rainbow_brown","dh":"Catch-and-release season is Oct. 1 - Feb. 28","permit":"Tellico-Citico Permit required Mar 1- Aug 15","hours":"Contact Region 3"}},{"type":"Feature","geometry":{"type":"Point","coordinates":[-84.143341,35.327681]},"properties":{"stream":"Tellico River","county":"Monroe","region":"3","program":"Spring","class":"stream","species":"rainbow_brown","dh":"Catch-and-release season is Oct. 1 - Feb. 28","permit":"Tellico-Citico Permit required Mar 1- Aug 15","hours":"Contact Region 3"}},{"type":"Feature","geometry":{"type":"Point","coordinates":[-84.141362,35.326722]},"properties":{"stream":"Tellico River","county":"Monroe","region":"3","program":"Spring","class":"stream","species":"rainbow_brown","dh":"Catch-and-release season is Oct. 1 - Feb. 28","permit":"Tellico-Citico Permit required Mar 1- Aug 15","hours":"Contact Region 3"}},{"type":"Feature","geometry":{"type":"Point","coordinates":[-84.14045,35.326118]},"properties":{"stream":"Tellico River","county":"Monroe","region":"3","program":"Spring","class":"stream","species":"rainbow_brown","dh":"Catch-and-release season is Oct. 1 - Feb. 28","permit":"Tellico-Citico Permit required Mar 1- Aug 15","hours":"Contact Region 3"}},{"type":"Feature","geometry":{"type":"Point","coordinates":[-84.140299,35.324271]},"properties":{"stream":"Tellico River","county":"Monroe","region":"3","program":"Spring","class":"stream","species":"rainbow_brown","dh":"Catch-and-release season is Oct. 1 - Feb. 28","permit":"Tellico-Citico Permit required Mar 1- Aug 15","hours":"Contact Region 3"}},{"type":"Feature","geometry":{"type":"Point","coordinates":[-84.140578,35.323615]},"properties":{"stream":"Tellico River","county":"Monroe","region":"3","program":"Spring","class":"stream","species":"rainbow_brown","dh":"Catch-and-release season is Oct. 1 - Feb. 28","permit":"Tellico-Citico Permit required Mar 1- Aug 15","hours":"Contact Region 3"}},{"type":"Feature","geometry":{"type":"Point","coordinates":[-84.141093,35.32382]},"properties":{"stream":"Tellico River","county":"Monroe","region":"3","program":"Spring","class":"stream","species":"rainbow_brown","dh":"Catch-and-release season is Oct. 1 - Feb. 28","permit":"Tellico-Citico Permit required Mar 1- Aug 15","hours":"Contact Region 3"}},{"type":"Feature","geometry":{"type":"Point","coordinates":[-84.143438,35.323672]},"properties":{"stream":"Tellico River","county":"Monroe","region":"3","program":"Spring","class":"stream","species":"rainbow_brown","dh":"Catch-and-release season is Oct. 1 - Feb. 28","permit":"Tellico-Citico Permit required Mar 1- Aug 15","hours":"Contact Region 3"}},{"type":"Feature","geometry":{"type":"Point","coordinates":[-84.143153,35.323208]},"properties":{"stream":"Tellico River","county":"Monroe","region":"3","program":"Spring","class":"stream","species":"rainbow_brown","dh":"Catch-and-release season is Oct. 1 - Feb. 28","permit":"Tellico-Citico Permit required Mar 1- Aug 15","hours":"Contact Region 3"}},{"type":"Feature","geometry":{"type":"Point","coordinates":[-84.142145,35.321216]},"properties":{"stream":"Tellico River","county":"Monroe","region":"3","program":"Spring","class":"stream","species":"brook_brown_rainbow","dh":"Catch-and-release season is Oct. 1 - Feb. 28","permit":"Tellico-Citico Permit required Mar 1- Aug 15","hours":"Contact Region 3"}},{"type":"Feature","geometry":{"type":"Point","coordinates":[-84.137483,35.318656]},"properties":{"stream":"Tellico River","county":"Monroe","region":"3","program":"Spring","class":"stream","species":"rainbow_brown","dh":"Catch-and-release season is Oct. 1 - Feb. 28","permit":"Tellico-Citico Permit required Mar 1- Aug 15","hours":"Contact Region 3"}},{"type":"Feature","geometry":{"type":"Point","coordinates":[-84.129742,35.315583]},"properties":{"stream":"Tellico River","county":"Monroe","region":"3","program":"Spring","class":"stream","species":"rainbow_brown","dh":"Catch-and-release season is Oct. 1 - Feb. 28","permit":"Tellico-Citico Permit required Mar 1- Aug 15","hours":"Contact Region 3"}},{"type":"Feature","geometry":{"type":"Point","coordinates":[-84.124592,35.311871]},"properties":{"stream":"Tellico River","county":"Monroe","region":"3","program":"Spring","class":"stream","species":"rainbow_brown","dh":"Catch-and-release season is Oct. 1 - Feb. 28","permit":"Tellico-Citico Permit required Mar 1- Aug 15","hours":"Contact Region 3"}},{"type":"Feature","geometry":{"type":"Point","coordinates":[-84.12404,35.311521]},"properties":{"stream":"Tellico River","county":"Monroe","region":"3","program":"Spring","class":"stream","species":"rainbow_brown","dh":"Catch-and-release season is Oct. 1 - Feb. 28","permit":"Tellico-Citico Permit required Mar 1- Aug 15","hours":"Contact Region 3"}},{"type":"Feature","geometry":{"type":"Point","coordinates":[-84.12227,35.309629]},"properties":{"stream":"Tellico River","county":"Monroe","region":"3","program":"Spring","class":"stream","species":"rainbow_brown","dh":"Catch-and-release season is Oct. 1 - Feb. 28","permit":"Tellico-Citico Permit required Mar 1- Aug 15","hours":"Contact Region 3"}},{"type":"Feature","geometry":{"type":"Point","coordinates":[-84.119995,35.30386]},"properties":{"stream":"Tellico River","county":"Monroe","region":"3","program":"Spring","class":"stream","species":"rainbow_brown","dh":"Catch-and-release season is Oct. 1 - Feb. 28","permit":"Tellico-Citico Permit required Mar 1- Aug 15","hours":"Contact Region 3"}},{"type":"Feature","geometry":{"type":"Point","coordinates":[-84.108558,35.292524]},"properties":{"stream":"Tellico River","county":"Monroe","region":"3","program":"Spring","class":"stream","species":"rainbow_brown","dh":"Catch-and-release season is Oct. 1 - Feb. 28","permit":"Tellico-Citico Permit required Mar 1- Aug 15","hours":"Contact Region 3"}},{"type":"Feature","geometry":{"type":"Point","coordinates":[-84.106922,35.291005]},"properties":{"stream":"Tellico River","county":"Monroe","region":"3","program":"Spring","class":"stream","species":"rainbow_brown","dh":"Catch-and-release season is Oct. 1 - Feb. 28","permit":"Tellico-Citico Permit required Mar 1- Aug 15","hours":"Contact Region 3"}},{"type":"Feature","geometry":{"type":"Point","coordinates":[-84.104621,35.289127]},"properties":{"stream":"Tellico River","county":"Monroe","region":"3","program":"Spring","class":"stream","species":"rainbow_brown","dh":"Catch-and-release season is Oct. 1 - Feb. 28","permit":"Tellico-Citico Permit required Mar 1- Aug 15","hours":"Contact Region 3"}},{"type":"Feature","geometry":{"type":"Point","coordinates":[-84.096497,35.287719]},"properties":{"stream":"Tellico River","county":"Monroe","region":"3","program":"Spring","class":"stream","species":"rainbow_brown","dh":"Catch-and-release season is Oct. 1 - Feb. 28","permit":"Tellico-Citico Permit required Mar 1- Aug 15","hours":"Contact Region 3"}},{"type":"Feature","geometry":{"type":"Point","coordinates":[-84.093826,35.286616]},"properties":{"stream":"Tellico River","county":"Monroe","region":"3","program":"Spring","class":"stream","species":"rainbow_brown","dh":"Catch-and-release season is Oct. 1 - Feb. 28","permit":"Tellico-Citico Permit required Mar 1- Aug 15","hours":"Contact Region 3"}},{"type":"Feature","geometry":{"type":"Point","coordinates":[-84.094185,35.285438]},"properties":{"stream":"Tellico River","county":"Monroe","region":"3","program":"Spring","class":"stream","species":"rainbow_brown","dh":"Catch-and-release season is Oct. 1 - Feb. 28","permit":"Tellico-Citico Permit required Mar 1- Aug 15","hours":"Contact Region 3"}},{"type":"Feature","geometry":{"type":"Point","coordinates":[-84.095966,35.284028]},"properties":{"stream":"Tellico River","county":"Monroe","region":"3","program":"Spring","class":"stream","species":"rainbow_brown","dh":"Catch-and-release season is Oct. 1 - Feb. 28","permit":"Tellico-Citico Permit required Mar 1- Aug 15","hours":"Contact Region 3"}},{"type":"Feature","geometry":{"type":"Point","coordinates":[-84.096465,35.283494]},"properties":{"stream":"Tellico River","county":"Monroe","region":"3","program":"Spring","class":"stream","species":"rainbow_brown","dh":"Catch-and-release season is Oct. 1 - Feb. 28","permit":"Tellico-Citico Permit required Mar 1- Aug 15","hours":"Contact Region 3"}},{"type":"Feature","geometry":{"type":"Point","coordinates":[-84.098192,35.281799]},"properties":{"stream":"Tellico River","county":"Monroe","region":"3","program":"Spring","class":"stream","species":"rainbow_brown","dh":"Catch-and-release season is Oct. 1 - Feb. 28","permit":"Tellico-Citico Permit required Mar 1- Aug 15","hours":"Contact Region 3"}},{"type":"Feature","geometry":{"type":"Point","coordinates":[-84.094979,35.278033]},"properties":{"stream":"Tellico River","county":"Monroe","region":"3","program":"Spring","class":"stream","species":"rainbow_brown","dh":"Catch-and-release season is Oct. 1 - Feb. 28","permit":"Tellico-Citico Permit required Mar 1- Aug 15","hours":"Contact Region 3"}},{"type":"Feature","geometry":{"type":"Point","coordinates":[-84.094534,35.277534]},"properties":{"stream":"Tellico River","county":"Monroe","region":"3","program":"Spring","class":"stream","species":"rainbow_brown","dh":"Catch-and-release season is Oct. 1 - Feb. 28","permit":"Tellico-Citico Permit required Mar 1- Aug 15","hours":"Contact Region 3"}},{"type":"Feature","geometry":{"type":"Point","coordinates":[-84.093729,35.276745]},"properties":{"stream":"Tellico River","county":"Monroe","region":"3","program":"Spring","class":"stream","species":"rainbow_brown","dh":"Catch-and-release season is Oct. 1 - Feb. 28","permit":"Tellico-Citico Permit required Mar 1- Aug 15","hours":"Contact Region 3"}},{"type":"Feature","geometry":{"type":"Point","coordinates":[-84.093273,35.276277]},"properties":{"stream":"Tellico River","county":"Monroe","region":"3","program":"Spring","class":"stream","species":"rainbow_brown","dh":"Catch-and-release season is Oct. 1 - Feb. 28","permit":"Tellico-Citico Permit required Mar 1- Aug 15","hours":"Contact Region 3"}},{"type":"Feature","geometry":{"type":"Point","coordinates":[-84.092313,35.275681]},"properties":{"stream":"Tellico River","county":"Monroe","region":"3","program":"Spring","class":"stream","species":"rainbow_brown","dh":"Catch-and-release season is Oct. 1 - Feb. 28","permit":"Tellico-Citico Permit required Mar 1- Aug 15","hours":"Contact Region 3"}},{"type":"Feature","geometry":{"type":"Point","coordinates":[-84.091455,35.275563]},"properties":{"stream":"Tellico River","county":"Monroe","region":"3","program":"Spring","class":"stream","species":"rainbow_brown","dh":"Catch-and-release season is Oct. 1 - Feb. 28","permit":"Tellico-Citico Permit required Mar 1- Aug 15","hours":"Contact Region 3"}},{"type":"Feature","geometry":{"type":"Point","coordinates":[-84.090226,35.27509]},"properties":{"stream":"Tellico River","county":"Monroe","region":"3","program":"Spring","class":"stream","species":"rainbow_brown","dh":"Catch-and-release season is Oct. 1 - Feb. 28","permit":"Tellico-Citico Permit required Mar 1- Aug 15","hours":"Contact Region 3"}},{"type":"Feature","geometry":{"type":"Point","coordinates":[-84.089186,35.274437]},"properties":{"stream":"Tellico River","county":"Monroe","region":"3","program":"Spring","class":"stream","species":"rainbow_brown","dh":"Catch-and-release season is Oct. 1 - Feb. 28","permit":"Tellico-Citico Permit required Mar 1- Aug 15","hours":"Contact Region 3"}},{"type":"Feature","geometry":{"type":"Point","coordinates":[-84.088,35.273929]},"properties":{"stream":"Tellico River","county":"Monroe","region":"3","program":"Spring","class":"stream","species":"rainbow_brown","dh":"Catch-and-release season is Oct. 1 - Feb. 28","permit":"Tellico-Citico Permit required Mar 1- Aug 15","hours":"Contact Region 3"}},{"type":"Feature","geometry":{"type":"Point","coordinates":[-84.087367,35.273531]},"properties":{"stream":"Tellico River","county":"Monroe","region":"3","program":"Spring","class":"stream","species":"rainbow_brown","dh":"Catch-and-release season is Oct. 1 - Feb. 28","permit":"Tellico-Citico Permit required Mar 1- Aug 15","hours":"Contact Region 3"}},{"type":"Feature","geometry":{"type":"Point","coordinates":[-84.086434,35.273448]},"properties":{"stream":"Tellico River","county":"Monroe","region":"3","program":"Spring","class":"stream","species":"rainbow_brown","dh":"Catch-and-release season is Oct. 1 - Feb. 28","permit":"Tellico-Citico Permit required Mar 1- Aug 15","hours":"Contact Region 3"}},{"type":"Feature","geometry":{"type":"Point","coordinates":[-84.085613,35.272392]},"properties":{"stream":"Tellico River","county":"Monroe","region":"3","program":"Spring","class":"stream","species":"rainbow_brown","dh":"Catch-and-release season is Oct. 1 - Feb. 28","permit":"Tellico-Citico Permit required Mar 1- Aug 15","hours":"Contact Region 3"}},{"type":"Feature","geometry":{"type":"Point","coordinates":[-84.086359,35.271026]},"properties":{"stream":"Tellico River","county":"Monroe","region":"3","program":"Spring","class":"stream","species":"rainbow_brown","dh":"Catch-and-release season is Oct. 1 - Feb. 28","permit":"Tellico-Citico Permit required Mar 1- Aug 15","hours":"Contact Region 3"}},{"type":"Feature","geometry":{"type":"Point","coordinates":[-84.087544,35.269269]},"properties":{"stream":"Tellico River","county":"Monroe","region":"3","program":"Spring","class":"stream","species":"rainbow_brown","dh":"Catch-and-release season is Oct. 1 - Feb. 28","permit":"Tellico-Citico Permit required Mar 1- Aug 15","hours":"Contact Region 3"}},{"type":"Feature","geometry":{"type":"Point","coordinates":[-84.08425,35.266655]},"properties":{"stream":"Tellico River","county":"Monroe","region":"3","program":"Spring","class":"stream","species":"rainbow_brown","dh":"Catch-and-release season is Oct. 1 - Feb. 28","permit":"Tellico-Citico Permit required Mar 1- Aug 15","hours":"Contact Region 3"}},{"type":"Feature","geometry":{"type":"Point","coordinates":[-84.084406,35.264395]},"properties":{"stream":"Tellico River","county":"Monroe","region":"3","program":"Spring","class":"stream","species":"rainbow_brown","dh":"Catch-and-release season is Oct. 1 - Feb. 28","permit":"Tellico-Citico Permit required Mar 1- Aug 15","hours":"Contact Region 3"}},{"type":"Feature","geometry":{"type":"Point","coordinates":[-84.086579,35.263488]},"properties":{"stream":"Tellico River","county":"Monroe","region":"3","program":"Spring","class":"stream","species":"brook_brown_rainbow","dh":"Catch-and-release season is Oct. 1 - Feb. 28","permit":"Tellico-Citico Permit required Mar 1- Aug 15","hours":"Contact Region 3"}},{"type":"Feature","geometry":{"type":"Point","coordinates":[-84.085173,35.261972]},"properties":{"stream":"Tellico River","county":"Monroe","region":"3","program":"Spring","class":"stream","species":"rainbow_brown","dh":"Catch-and-release season is Oct. 1 - Feb. 28","permit":"Tellico-Citico Permit required Mar 1- Aug 15","hours":"Contact Region 3"}},{"type":"Feature","geometry":{"type":"Point","coordinates":[-84.080764,35.407098]},"properties":{"stream":"Citico Creek","county":"Monroe","region":"3","program":"Spring","class":"stream","species":"rainbow","hours":"Contact Region 3"}},{"type":"Feature","geometry":{"type":"Point","coordinates":[-84.08247,35.407479]},"properties":{"stream":"Citico Creek","county":"Monroe","region":"3","program":"Spring","class":"stream","species":"rainbow","hours":"Contact Region 3"}},{"type":"Feature","geometry":{"type":"Point","coordinates":[-84.082395,35.407973]},"properties":{"stream":"Citico Creek","county":"Monroe","region":"3","program":"Spring","class":"stream","species":"rainbow","hours":"Contact Region 3"}},{"type":"Feature","geometry":{"type":"Point","coordinates":[-84.082336,35.409197]},"properties":{"stream":"Citico Creek","county":"Monroe","region":"3","program":"Spring","class":"stream","species":"rainbow","hours":"Contact Region 3"}},{"type":"Feature","geometry":{"type":"Point","coordinates":[-85.759585,35.717726]},"properties":{"site":"Frances Ferry (S1)","stream":"Charles Creek","county":"Warren","region":"3","program":"Spring","class":"stream","species":"rainbow","hours":"Contact Region 3"}},{"type":"Feature","geometry":{"type":"Point","coordinates":[-85.694588,35.52861]},"properties":{"stream":"Collins River","county":"Grundy","region":"3","program":"Spring","class":"stream","species":"rainbow","hours":"Contact Region 3"}},{"type":"Feature","geometry":{"type":"Point","coordinates":[-85.335824,36.031532]},"properties":{"site":"S2","stream":"Calfkiller River","county":"White","region":"3","program":"Spring","class":"stream","species":"rainbow","hours":"Contact Region 3"}},{"type":"Feature","geometry":{"type":"Point","coordinates":[-85.656824,35.564238]},"properties":{"site":"S2","stream":"Upper Hills Creek","county":"Warren","region":"3","program":"Spring","class":"stream","species":"rainbow","hours":"Contact Region 3"}},{"type":"Feature","geometry":{"type":"Point","coordinates":[-85.017431,35.773259]},"properties":{"site":"Old Hwy 28 Pull-Off (S2)","stream":"Sequatchie River","county":"Cumberland","region":"3","program":"Spring","class":"stream","species":"rainbow","hours":"Contact Region 3"}},{"type":"Feature","geometry":{"type":"Point","coordinates":[-85.404099,35.782771]},"properties":{"site":"Haston Farm (S3)","stream":"Cane Creek","county":"Vanburen","region":"3","program":"Spring","class":"stream","species":"rainbow","hours":"Contact Region 3"}},{"type":"Feature","geometry":{"type":"Point","coordinates":[-85.333239,35.640811]},"properties":{"site":"Hwy 284 Bridge Crossing","stream":"Upper Cane Creek","county":"Bledsoe","region":"3","program":"Spring","class":"stream","species":"Rainbow","hours":"Contact Region 3"}},{"type":"Feature","geometry":{"type":"Point","coordinates":[-85.388564,35.369745]},"properties":{"site":"Walking Trail","stream":"Coops Creek","county":"Sequatchie","region":"3","program":"Spring","class":"stream","species":"rainbow","hours":"Contact Region 3"}},{"type":"Feature","geometry":{"type":"Point","coordinates":[-83.550449,35.784787]},"properties":{"stream":"W. Prong Little Pigeon","county":"Sevier","region":"4","program":"Spring","class":"stream","species":"rainbow","permit":"No","hours":"24 Hours"}},{"type":"Feature","geometry":{"type":"Point","coordinates":[-83.554274,35.788471]},"properties":{"site":"Old Mill Bridge","stream":"W. Prong Little Pigeon","county":"Sevier","region":"4","program":"Spring","class":"stream","species":"rainbow","permit":"No","hours":"24 Hours"}},{"type":"Feature","geometry":{"type":"Point","coordinates":[-83.553144,35.787231]},"properties":{"stream":"W. Prong Little Pigeon","county":"Sevier","region":"4","program":"Spring","class":"stream","species":"rainbow","permit":"No","hours":"24 Hours"}},{"type":"Feature","geometry":{"type":"Point","coordinates":[-83.552393,35.786483]},"properties":{"stream":"W. Prong Little Pigeon River","county":"Sevier","region":"4","program":"Spring","class":"stream","species":"rainbow","permit":"No","hours":"24 Hours"}},{"type":"Feature","geometry":{"type":"Point","coordinates":[-83.560871,35.795945]},"properties":{"site":"Jake Thomas Bridge","stream":"W. Prong Little Pigeon","county":"Sevier","region":"4","program":"Spring","class":"stream","species":"rainbow","permit":"No","hours":"24 Hours"}},{"type":"Feature","geometry":{"type":"Point","coordinates":[-83.565964,35.798941]},"properties":{"site":"Behind Blake Jones Go-Kart track","stream":"W. Prong Little Pigeon","county":"Sevier","region":"4","program":"Spring","class":"stream","species":"rainbow","permit":"No","hours":"24 Hours"}},{"type":"Feature","geometry":{"type":"Point","coordinates":[-83.574198,35.805675]},"properties":{"site":"Wears Valley Rd. Bridge","stream":"W. Prong Little Pigeon","county":"Sevier","region":"4","program":"Spring","class":"stream","species":"rainbow","permit":"No","hours":"24 Hours"}},{"type":"Feature","geometry":{"type":"Point","coordinates":[-82.392421,36.166097]},"properties":{"site":"Fishery Park Pond","county":"Unicoi","region":"4","program":"Spring","class":"pond","species":"rainbow","hours":"Contact Region 4"}},{"type":"Feature","geometry":{"type":"Point","coordinates":[-84.633643,35.102402]},"properties":{"site":"Parksville Reservoir (Ocoee Lake #1)","stream":"Parksville Reservoir","county":"Polk","region":"3","program":"Spring","class":"reservoir","species":"rainbow","hours":"24 Hours"}},{"type":"Feature","geometry":{"type":"Point","coordinates":[-84.588315,35.112478]},"properties":{"stream":"Parksville Reservoir","county":"Polk","region":"3","program":"Spring","class":"reservoir","species":"rainbow","hours":"Contact Region 3"}},{"type":"Feature","geometry":{"type":"Point","coordinates":[-84.555102,35.122326]},"properties":{"site":"Camp Mcroy Ford (S5)","stream":"Greasy Creek","county":"Polk","region":"3","program":"Spring","class":"stream","species":"rainbow","hours":"24 Hours"}},{"type":"Feature","geometry":{"type":"Point","coordinates":[-84.564564,35.123033]},"properties":{"site":"Hwy 30 S2","stream":"Greasy Creek","county":"Polk","region":"3","program":"Spring","class":"stream","species":"rainbow","hours":"24 Hours"}},{"type":"Feature","geometry":{"type":"Point","coordinates":[-84.563675,35.122049]},"properties":{"site":"Hwy 30","stream":"Greasy Creek","county":"Polk","region":"3","program":"Spring","class":"stream","species":"rainbow","hours":"Sunrise to Sunset"}},{"type":"Feature","geometry":{"type":"Point","coordinates":[-84.562291,35.123909]},"properties":{"site":"Hwy 30","stream":"Greasy Creek","county":"Polk","region":"3","program":"Spring","class":"stream","species":"rainbow","hours":"Sunrise to Sunset"}},{"type":"Feature","geometry":{"type":"Point","coordinates":[-85.346869,35.660839]},"properties":{"site":"Village Camp Rd. Bridge","stream":"Upper Cane Creek","county":"Vanburen","region":"3","program":"Spring","class":"stream","species":"rainbow","hours":"Contact Region 3"}},{"type":"Feature","geometry":{"type":"Point","coordinates":[-87.356565,35.263634]},"properties":{"site":"Davy Crockett State Park","stream":"Shoal Creek","county":"Lawrence","region":"2","program":"Spring","class":"stream","species":"rainbow","hours":"Contact Region 2"}},{"type":"Feature","geometry":{"type":"Point","coordinates":[-87.329459,35.230797]},"properties":{"site":"Park","stream":"East Fork Shoal Creek","county":"Lawrence","region":"2","program":"Spring","class":"stream","species":"rainbow","permit":"No","hours":"Contact Region 2"}},{"type":"Feature","geometry":{"type":"Point","coordinates":[-87.346371,35.243482]},"properties":{"site":"Water Plant","stream":"East Fork Shoal Creek","county":"Lawrence","region":"2","program":"Spring","class":"stream","species":"rainbow","permit":"No","hours":"Contact Region 2"}},{"type":"Feature","geometry":{"type":"Point","coordinates":[-85.418365,36.471366]},"properties":{"site":"Mill Creek (Standing Stone State Park)","stream":"Mill Creek","county":"Overton","region":"3","program":"Spring","class":"stream","species":"rainbow","hours":"Sunrise to Sunset"}},{"type":"Feature","geometry":{"type":"Point","coordinates":[-85.418222,36.47094]},"properties":{"site":"Mill Creek (Standing Stone State Park)","stream":"Mill Creek","county":"Overton","region":"3","program":"Spring","class":"stream","species":"rainbow","permit":"No","hours":"Sunrise to Sunset"}},{"type":"Feature","geometry":{"type":"Point","coordinates":[-85.420847,36.472701]},"properties":{"site":"Mill Creek (Standing Stone State Park)","stream":"Mill Creek","county":"Overton","region":"3","program":"Spring","class":"stream","species":"rainbow","permit":"No","hours":"Sunrise to Sunset"}},{"type":"Feature","geometry":{"type":"Point","coordinates":[-83.207479,36.449817]},"properties":{"site":"Mantooth Pond","stream":"Mantooth Pond","county":"Hancock","region":"4","program":"Spring","class":"pond","species":"rainbow","hours":"Contact Region 4"}},{"type":"Feature","geometry":{"type":"Point","coordinates":[-83.523794,35.762268]},"properties":{"stream":"W. Prong Little Pigeon","county":"Sevier","region":"4","program":"Spring","class":"stream","species":"rainbow","permit":"Yes","hours":"Contact Region 4"}},{"type":"Feature","geometry":{"type":"Point","coordinates":[-83.522641,35.751563]},"properties":{"stream":"W. Prong Little Pigeon","county":"Sevier","region":"4","program":"Spring","class":"stream","species":"rainbow","permit":"Yes","hours":"Contact Region 4"}},{"type":"Feature","geometry":{"type":"Point","coordinates":[-83.520425,35.747344]},"properties":{"stream":"W. Prong Little Pigeon","county":"Sevier","region":"4","program":"Spring","class":"stream","species":"rainbow","permit":"Yes","hours":"Contact Region 4"}},{"type":"Feature","geometry":{"type":"Point","coordinates":[-83.519803,35.744381]},"properties":{"stream":"W. Prong Little Pigeon","county":"Sevier","region":"4","program":"Spring","class":"stream","species":"rainbow","permit":"Yes","hours":"Contact Region 4"}},{"type":"Feature","geometry":{"type":"Point","coordinates":[-83.5227,35.740173]},"properties":{"stream":"W. Prong Little Pigeon","county":"Sevier","region":"4","program":"Spring","class":"stream","species":"rainbow","permit":"Yes","hours":"Contact Region 4"}},{"type":"Feature","geometry":{"type":"Point","coordinates":[-83.522376,35.737396]},"properties":{"stream":"W. Prong Little Pigeon","county":"Sevier","region":"4","program":"Spring","class":"stream","species":"rainbow","permit":"Yes","hours":"Contact Region 4"}},{"type":"Feature","geometry":{"type":"Point","coordinates":[-83.521148,35.73592]},"properties":{"stream":"W. Prong Little Pigeon","county":"Sevier","region":"4","program":"Spring","class":"stream","species":"rainbow","permit":"Yes","hours":"Contact Region 4"}},{"type":"Feature","geometry":{"type":"Point","coordinates":[-83.520386,35.733982]},"properties":{"stream":"W. Prong Little Pigeon","county":"Sevier","region":"4","program":"Spring","class":"stream","species":"rainbow","permit":"Yes","hours":"Contact Region 4"}},{"type":"Feature","geometry":{"type":"Point","coordinates":[-83.514661,35.7246]},"properties":{"stream":"W. Prong Little Pigeon","county":"Sevier","region":"4","program":"Spring","class":"stream","species":"rainbow","permit":"Yes","hours":"Contact Region 4"}},{"type":"Feature","geometry":{"type":"Point","coordinates":[-83.513626,35.701608]},"properties":{"stream":"Leconte Creek","county":"Sevier","region":"4","program":"Spring","class":"stream","species":"rainbow","permit":"Yes","hours":"Contact Region 4"}},{"type":"Feature","geometry":{"type":"Point","coordinates":[-83.498268,35.716875]},"properties":{"stream":"Roaring Fork","county":"Sevier","region":"4","program":"Spring","class":"stream","species":"rainbow","permit":"Yes","hours":"Contact Region 4"}},{"type":"Feature","geometry":{"type":"Point","coordinates":[-83.51467,35.713661]},"properties":{"stream":"W. Prong Little Pigeon","county":"Sevier","region":"4","program":"Spring","class":"stream","species":"rainbow","permit":"Yes","hours":"Contact Region 4"}},{"type":"Feature","geometry":{"type":"Point","coordinates":[-83.51048,35.720451]},"properties":{"stream":"W. Prong Little Pigeon","county":"Sevier","region":"4","program":"Spring","class":"stream","species":"rainbow","permit":"Yes","hours":"Contact Region 4"}},{"type":"Feature","geometry":{"type":"Point","coordinates":[-83.512744,35.726241]},"properties":{"stream":"W. Prong Little Pigeon","county":"Sevier","region":"4","program":"Spring","class":"stream","species":"rainbow","permit":"Yes","hours":"Contact Region 4"}},{"type":"Feature","geometry":{"type":"Point","coordinates":[-83.905738,36.490845]},"properties":{"stream":"Tackett Creek","region":"4","program":"Spring","class":"stream","species":"rainbow","hours":"Contact Region 4"}},{"type":"Feature","geometry":{"type":"Point","coordinates":[-83.841867,36.517616]},"properties":{"stream":"Tackett Creek","region":"4","program":"Spring","class":"stream","species":"rainbow","hours":"Contact Region 4"}},{"type":"Feature","geometry":{"type":"Point","coordinates":[-83.571296,36.166813]},"properties":{"stream":"Cherokee TW","region":"4","program":"Spring","class":"stream","hours":"Contact Region 4"}},{"type":"Feature","geometry":{"type":"Point","coordinates":[-83.600033,36.156545]},"properties":{"stream":"Cherokee TW","region":"4","program":"Spring","hours":"Contact Region 4"}},{"type":"Feature","geometry":{"type":"Point","coordinates":[-82.95198,36.418818]},"properties":{"site":"Big Creek #4 - End","stream":"Big Creek","county":"Hawkins","region":"4","program":"Spring","class":"stream","species":"rainbow","hours":"Contact Region 4"}},{"type":"Feature","geometry":{"type":"Point","coordinates":[-82.952929,36.420221]},"properties":{"site":"Big Creek #3","stream":"Big Creek","county":"Hawkins","region":"4","program":"Spring","class":"stream","species":"rainbow","hours":"Contact Region 4"}},{"type":"Feature","geometry":{"type":"Point","coordinates":[-83.416302,35.746331]},"properties":{"stream":"Middle Prong Little Pigeon River","region":"4","program":"Spring","class":"stream","species":"rainbow","hours":"Contact Region 4"}},{"type":"Feature","geometry":{"type":"Point","coordinates":[-83.548146,35.78303]},"properties":{"stream":"W. Prong Little Pigeon River","region":"4","program":"Spring","class":"stream","species":"rainbow","hours":"Contact Region 4"}},{"type":"Feature","geometry":{"type":"Point","coordinates":[-83.577109,35.807235]},"properties":{"stream":"W. Prong Little Pigeon River","region":"4","program":"Spring","class":"stream","species":"rainbow","hours":"Contact Region 4"}},{"type":"Feature","geometry":{"type":"Point","coordinates":[-83.782588,35.680082]},"properties":{"stream":"Little River","region":"4","program":"Spring","class":"stream","species":"rainbow","hours":"Contact Region 4"}},{"type":"Feature","geometry":{"type":"Point","coordinates":[-84.508996,36.124463]},"properties":{"stream":"Flat Fork","region":"3","program":"Spring","class":"stream","species":"rainbow","hours":"Contact Region 3"}},{"type":"Feature","geometry":{"type":"Point","coordinates":[-84.503307,36.126097]},"properties":{"stream":"Flat Fork","region":"3","program":"Spring","class":"stream","species":"rainbow","hours":"Contact Region 3"}},{"type":"Feature","geometry":{"type":"Point","coordinates":[-83.690179,36.532149]},"properties":{"stream":"Gap Creek","region":"4","program":"Spring","class":"stream","species":"rainbow","hours":"Contact Region 4"}},{"type":"Feature","geometry":{"type":"Point","coordinates":[-85.172101,35.300298]},"properties":{"site":"Site 1","stream":"Big Soddy Creek","county":"Hamilton","region":"3","program":"Spring","class":"stream","species":"rainbow","dh":"Oct 1 to last day of Feb","permit":"No","hours":"Sunrise to Sunset"}},{"type":"Feature","geometry":{"type":"Point","coordinates":[-85.17665,35.300184]},"properties":{"site":"Site 2","stream":"Big Soddy Creek","county":"Hamilton","region":"3","program":"Spring","class":"stream","species":"rainbow","dh":"Oct 1 to last day of Feb","permit":"No","hours":"Sunrise to Sunset"}},{"type":"Feature","geometry":{"type":"Point","coordinates":[-85.182068,35.303292]},"properties":{"site":"Site 3","stream":"Big Soddy Creek","county":"Hamilton","region":"3","program":"Spring","class":"stream","species":"rainbow","dh":"Oct 1 to last day of Feb","permit":"No","hours":"Sunrise to Sunset"}},{"type":"Feature","geometry":{"type":"Point","coordinates":[-87.27258,36.100835]},"properties":{"site":"Acorn Lake","stream":"Acorn Lake","county":"Dickson","region":"2","program":"Spring","class":"pond","species":"rainbow","hours":"Contact Region 2"}},{"type":"Feature","geometry":{"type":"Point","coordinates":[-81.808974,36.482143]},"properties":{"site":"Goose Creek/ Town Creek","stream":"Goose Creek/ Town Creek","county":"Johnson","region":"4","program":"Spring","class":"stream","species":"rainbow","hours":"Contact Region 4"}},{"type":"Feature","geometry":{"type":"Point","coordinates":[-81.80963,36.481299]},"properties":{"site":"Goose Creek/ Town Creek","stream":"Goose Creek/ Town Creek","county":"Johnson","region":"4","program":"Spring","class":"stream","species":"rainbow","hours":"Contact Region 4"}},{"type":"Feature","geometry":{"type":"Point","coordinates":[-81.81005,36.479273]},"properties":{"site":"Goose Creek/ Town Creek","stream":"Goose Creek/ Town Creek","county":"Johnson","region":"4","program":"Spring","class":"stream","species":"rainbow","hours":"Contact Region 4"}},{"type":"Feature","geometry":{"type":"Point","coordinates":[-81.80977,36.475662]},"properties":{"site":"Goose Creek/ Town Creek","stream":"Goose Creek/ Town Creek","county":"Johnson","region":"4","program":"Spring","class":"stream","species":"rainbow","hours":"Contact Region 4"}},{"type":"Feature","geometry":{"type":"Point","coordinates":[-81.8097,36.472313]},"properties":{"site":"Goose Creek/ Town Creek","stream":"Goose Creek/ Town Creek","county":"Johnson","region":"4","program":"Spring","class":"stream","species":"rainbow","hours":"Contact Region 4"}},{"type":"Feature","geometry":{"type":"Point","coordinates":[-81.804378,36.467115]},"properties":{"site":"Welcome Center Goose Creek/ Town Creek","stream":"Goose Creek/ Town Creek","county":"Johnson","region":"4","program":"Spring","class":"stream","species":"rainbow","hours":"Contact Region 4"}},{"type":"Feature","geometry":{"type":"Point","coordinates":[-81.801948,36.465417]},"properties":{"site":"Goose Creek/ Town Creek","stream":"Goose Creek/ Town Creek","county":"Johnson","region":"4","program":"Spring","class":"stream","species":"rainbow","hours":"Contact Region 4"}},{"type":"Feature","geometry":{"type":"Point","coordinates":[-81.800595,36.462511]},"properties":{"site":"Goose Creek/ Town Creek","stream":"Goose Creek/ Town Creek","county":"Johnson","region":"4","program":"Spring","class":"stream","species":"rainbow","hours":"Contact Region 4"}},{"type":"Feature","geometry":{"type":"Point","coordinates":[-81.799053,36.454781]},"properties":{"site":"Goose Creek/ Town Creek","stream":"Goose Creek/ Town Creek","county":"Johnson","region":"4","program":"Spring","class":"stream","species":"rainbow","hours":"Contact Region 4"}},{"type":"Feature","geometry":{"type":"Point","coordinates":[-81.798312,36.445994]},"properties":{"site":"Goose Creek/ Town Creek","stream":"Goose Creek/ Town Creek","county":"Johnson","region":"4","program":"Spring","class":"stream","species":"rainbow","hours":"Contact Region 4"}},{"type":"Feature","geometry":{"type":"Point","coordinates":[-81.800228,36.443242]},"properties":{"site":"Goose Creek/ Town Creek","stream":"Goose Creek/ Town Creek","county":"Johnson","region":"4","program":"Spring","class":"stream","species":"rainbow","hours":"Contact Region 4"}},{"type":"Feature","geometry":{"type":"Point","coordinates":[-85.5559,35.242977]},"properties":{"site":"Bridge Creek Rd","stream":"Pocket Creek","county":"Marion","region":"3","program":"Spring","species":"stream","hours":"Contact Region 3"}},{"type":"Feature","geometry":{"type":"Point","coordinates":[-85.392858,35.367167]},"properties":{"site":"Coops Creek","stream":"Coops Creek","county":"Sequatchie","region":"3","program":"Spring","class":"stream","species":"rainbow","hours":"Contact Region 3"}},{"type":"Feature","geometry":{"type":"Point","coordinates":[-85.345603,35.661887]},"properties":{"site":"The George Hole","stream":"The George Hole","county":"Vanburen","region":"3","program":"Spring","class":"pond","species":"rainbow","hours":"Contact Region 3"}},{"type":"Feature","geometry":{"type":"Point","coordinates":[-85.169464,35.301924]},"properties":{"region":"3","program":"Spring","hours":"Contact Region 3"}},{"type":"Feature","geometry":{"type":"Point","coordinates":[-85.172101,35.300298]},"properties":{"site":"Site 4","stream":"Big Soddy Creek","county":"Hamilton","region":"3","program":"Spring","class":"stream","species":"rainbow","dh":"Oct 1 to last day of Feb","permit":"No","hours":"Sunrise to Sunset"}},{"type":"Feature","geometry":{"type":"Point","coordinates":[-85.166618,35.301611]},"properties":{"site":"Site 5","stream":"Big Soddy Creek","county":"Hamilton","region":"3","program":"Spring","class":"stream","species":"rainbow","dh":"Oct 1 to last day of Feb","permit":"No","hours":"Sunrise to Sunset"}},{"type":"Feature","geometry":{"type":"Point","coordinates":[-84.88116,35.71224]},"properties":{"site":"Piney Falls State Natural Area (S2)","stream":"Piney River","county":"Rhea","region":"3","program":"Spring","class":"stream","species":"rainbow","hours":"Contact Region 3"}},{"type":"Feature","geometry":{"type":"Point","coordinates":[-85.39386,35.36737]},"properties":{"site":"Coops Creek","stream":"Coops Creek","county":"Sequatchie","region":"3","program":"Spring","class":"stream","species":"rainbow","hours":"Contact Region 3"}},{"type":"Feature","geometry":{"type":"Point","coordinates":[-85.395,35.36749]},"properties":{"site":"Coops Creek","stream":"Coops Creek","county":"Sequatchie","region":"3","program":"Spring","class":"stream","species":"rainbow","hours":"Contact Region 3"}},{"type":"Feature","geometry":{"type":"Point","coordinates":[-86.786002,35.454895]},"properties":{"site":"Big Rock Creek Greenway","stream":"Big Rock Creek","county":"Marshall","region":"2","program":"Winter","class":"stream","species":"rainbow","permit":"No","hours":"Sunrise to Sunset"}},{"type":"Feature","geometry":{"type":"Point","coordinates":[-86.016187,35.157701]},"properties":{"site":"Cowan City Park","stream":"Boiling Fork Creek","county":"Franklin","region":"2","program":"Winter","class":"stream","species":"rainbow","permit":"No","hours":"Sunrise to Sunset"}},{"type":"Feature","geometry":{"type":"Point","coordinates":[-86.924202,35.732254]},"properties":{"site":"Mccutcheon Creek","stream":"Mccutcheon Creek","county":"Maury","region":"2","program":"Winter","class":"stream","species":"rainbow","permit":"No","hours":"24 Hours"}},{"type":"Feature","geometry":{"type":"Point","coordinates":[-86.332387,35.123939]},"properties":{"site":"Old Dam Ford","stream":"Elk River","county":"Lincoln","region":"2","program":"Winter","class":"stream","species":"rainbow","permit":"No","hours":"24 Hours"}},{"type":"Feature","geometry":{"type":"Point","coordinates":[-86.464117,35.94106]},"properties":{"site":"Nice Mill","stream":"West Fork Stones River","county":"Rutherford","region":"2","program":"Winter","class":"stream","species":"rainbow","permit":"No","hours":"Sunrise to Sunset"}},{"type":"Feature","geometry":{"type":"Point","coordinates":[-86.731486,36.167839]},"properties":{"site":"Shelby Bottoms Park","stream":"Sevier Lake","county":"Davidson","region":"2","program":"Winter","class":"pond","species":"rainbow","permit":"No","hours":"Contact Region 2"}},{"type":"Feature","geometry":{"type":"Point","coordinates":[-86.881988,36.518529]},"properties":{"site":"Springfield City Greenway","stream":"Sulfur Fork Creek","county":"Robertson","region":"2","program":"Winter","class":"stream","species":"rainbow","permit":"No","hours":"Sunrise to Sunset"}},{"type":"Feature","geometry":{"type":"Point","coordinates":[-86.881615,36.518732]},"properties":{"site":"Springfield City Greenway","stream":"Sulfur Fork Creek","county":"Robertson","region":"2","program":"Winter","class":"stream","species":"rainbow","permit":"No","hours":"Sunrise to Sunset"}},{"type":"Feature","geometry":{"type":"Point","coordinates":[-86.917317,36.303584]},"properties":{"site":"Marrowbone Lake","stream":"Marrowbone Lake","county":"Davidson","region":"2","program":"Winter","class":"pond","species":"rainbow","permit":"No","hours":"Sunrise to Sunset"}},{"type":"Feature","geometry":{"type":"Point","coordinates":[-87.408123,36.0868]},"properties":{"site":"J.D. Buckner Park","stream":"New City Lake","county":"Dickson","region":"2","program":"Winter","class":"pond","species":"rainbow","permit":"No","hours":"Sunrise to Sunset"}},{"type":"Feature","geometry":{"type":"Point","coordinates":[-86.619378,36.158575]},"properties":{"site":"J. Percy Priest Tailwater","stream":"Stones River","county":"Davidson","region":"2","program":"Winter","class":"stream","species":"rainbow","permit":"No","hours":"24 Hours"}},{"type":"Feature","geometry":{"type":"Point","coordinates":[-86.855798,35.909393]},"properties":{"site":"Eastern Flank","stream":"Harpeth River","county":"Williamson","region":"2","program":"Winter","class":"stream","species":"rainbow","permit":"No","hours":"Contact Region 2"}},{"type":"Feature","geometry":{"type":"Point","coordinates":[-87.107789,36.102135]},"properties":{"site":"L.L. Burns Park","stream":"L.L. Burns Park Pond","county":"Cheatham","region":"2","program":"Winter","class":"pond","species":"rainbow","permit":"No","hours":"Sunrise to Sunset"}},{"type":"Feature","geometry":{"type":"Point","coordinates":[-86.569066,35.144749]},"properties":{"site":"Stone Bridge Park","stream":"Stone Bridge Park Pond","county":"Lincoln","region":"2","program":"Winter","class":"pond","species":"rainbow","permit":"No","hours":"Contact Region 2"}},{"type":"Feature","geometry":{"type":"Point","coordinates":[-86.036937,36.527334]},"properties":{"site":"Lafayette City Park","stream":"Lafayette City Park Lake","county":"Macon","region":"2","program":"Winter","class":"pond","species":"rainbow","permit":"No","hours":"Sunrise to Sunset"}},{"type":"Feature","geometry":{"type":"Point","coordinates":[-86.412307,35.856515]},"properties":{"site":"West Fork Stones River-Manson Pike Trailhead","stream":"West Fork Stones River","county":"Rutherford","region":"2","program":"Winter","class":"stream","species":"rainbow","permit":"No","hours":"Sunrise to Sunset"}},{"type":"Feature","geometry":{"type":"Point","coordinates":[-87.367662,36.608676]},"properties":{"site":"Billy Dunlop Park","stream":"Red River","county":"Montgomery","region":"2","program":"Winter","class":"stream","species":"rainbow","permit":"No","hours":"Sunrise to Sunset"}},{"type":"Feature","geometry":{"type":"Point","coordinates":[-84.504061,36.498859]},"properties":{"site":"Oneida City Park","stream":"Oneida City Park Lake","county":"Scott","region":"4","program":"Winter","class":"pond","species":"rainbow","permit":"No","hours":"Contact Region 4"}},{"type":"Feature","geometry":{"type":"Point","coordinates":[-88.725066,35.629943]},"properties":{"site":"Lake Graham","stream":"Lake Graham","county":"Madison","region":"1","program":"Winter","class":"reservoir","species":"rainbow","hours":"Contact Region 1"}},{"type":"Feature","geometry":{"type":"Point","coordinates":[-89.804963,35.464803]},"properties":{"site":"Munford City Park","stream":"Mundford City Park Pond","county":"Tipton","region":"1","program":"Winter","class":"pond","species":"rainbow","hours":"Contact Region 1"}},{"type":"Feature","geometry":{"type":"Point","coordinates":[-89.773986,35.100164]},"properties":{"site":"Cameron Brown Park","stream":"Cameron Brown Park Lake","county":"Shelby","region":"1","program":"Winter","class":"pond","species":"rainbow","hours":"Contact Region 1"}},{"type":"Feature","geometry":{"type":"Point","coordinates":[-89.855593,35.216861]},"properties":{"site":"Yale Road Park","stream":"Yale Road Park Lake","county":"Shelby","region":"1","program":"Winter","class":"pond","species":"rainbow","hours":"Contact Region 1"}},{"type":"Feature","geometry":{"type":"Point","coordinates":[-89.670482,35.082521]},"properties":{"site":"Wc Johnson Park","stream":"Wc Johnson Park Lake","county":"Shelby","region":"1","program":"Winter","class":"pond","species":"rainbow","hours":"Contact Region 1"}},{"type":"Feature","geometry":{"type":"Point","coordinates":[-88.515427,36.149792]},"properties":{"site":"Mckenzie City Park","stream":"Mckenzie City Park Lake","county":"Carroll","region":"1","program":"Winter","class":"pond","species":"rainbow","hours":"Contact Region 1"}},{"type":"Feature","geometry":{"type":"Point","coordinates":[-88.852402,36.308976]},"properties":{"site":"Martin City Park","stream":"Martin City Park Pond","county":"Weakley","region":"1","program":"Winter","class":"pond","species":"rainbow","hours":"Contact Region 1"}},{"type":"Feature","geometry":{"type":"Point","coordinates":[-89.062524,36.41471]},"properties":{"site":"Union City Reelfoot Packing Site","stream":"Union City Reelfoot Packing Site","county":"Obion","region":"1","program":"Winter","class":"pond","species":"rainbow","hours":"Contact Region 1"}},{"type":"Feature","geometry":{"type":"Point","coordinates":[-89.832517,35.372389]},"properties":{"site":"Edmund-Orgill Park","stream":"Edmund-Orgill Park Pond","county":"Shelby","region":"1","program":"Winter","class":"pond","species":"rainbow","hours":"Contact Region 1"}},{"type":"Feature","geometry":{"type":"Point","coordinates":[-89.833708,35.139206]},"properties":{"site":"Shelby Farms","stream":"Shelby Farms Lake","county":"Shelby","region":"1","program":"Winter","class":"pond","species":"rainbow","hours":"Contact Region 1"}},{"type":"Feature","geometry":{"type":"Point","coordinates":[-88.305124,36.28656]},"properties":{"site":"Paris City Park","stream":"Paris City Park Lake","county":"Henry","region":"1","program":"Winter","class":"pond","species":"rainbow","hours":"Contact Region 1"}},{"type":"Feature","geometry":{"type":"Point","coordinates":[-88.412247,35.661387]},"properties":{"site":"Beech Lake","stream":"Beech Lake","county":"Henderson","region":"1","program":"Winter","class":"pond","species":"rainbow","hours":"Contact Region 1"}},{"type":"Feature","geometry":{"type":"Point","coordinates":[-89.761447,35.222527]},"properties":{"site":"Davies Plantation Park","stream":"Davies Plantation Park Lake","county":"Shelby","region":"1","program":"Winter","class":"pond","species":"rainbow","hours":"Contact Region 1"}},{"type":"Feature","geometry":{"type":"Point","coordinates":[-88.728965,35.923819]},"properties":{"site":"Milan City Park","county":"Gibson","region":"1","program":"Winter","class":"pond","species":"rainbow","hours":"Contact Region 1"}},{"type":"Feature","geometry":{"type":"Point","coordinates":[-85.541906,36.162331]},"properties":{"site":"Cane Creek Park","stream":"Cane Creek Lake","county":"Putnam","region":"3","program":"Winter","class":"pond","species":"rainbow","hours":"Sunrise to Sunset"}},{"type":"Feature","geometry":{"type":"Point","coordinates":[-84.998835,35.9005]},"properties":{"site":"Cumberland Mountain State Park","stream":"Byrd Lake","county":"Cumberland","region":"3","program":"Winter","class":"pond","species":"rainbow","hours":"Sunrise to Sunset"}},{"type":"Feature","geometry":{"type":"Point","coordinates":[-84.639304,35.459301]},"properties":{"site":"Athens Rec. Park","stream":"Athens Rec. Park Lake","county":"Mcminn","region":"3","program":"Winter","class":"pond","species":"rainbow","hours":"Contact Region 3"}},{"type":"Feature","geometry":{"type":"Point","coordinates":[-85.222492,35.090655]},"properties":{"site":"Lake Junior","stream":"Lake Junior","county":"Hamilton","region":"3","program":"Winter","class":"pond","species":"rainbow","hours":"Sunrise to Sunset"}},{"type":"Feature","geometry":{"type":"Point","coordinates":[-83.93296,36.035235]},"properties":{"site":"Fountain City Park","county":"Knox","region":"4","program":"Winter","class":"pond","species":"rainbow","permit":"No","hours":"Sunrise to Sunset"}},{"type":"Feature","geometry":{"type":"Point","coordinates":[-83.971616,35.758446]},"properties":{"site":"Greenbelt Lake","stream":"Pistol Creek","county":"Blount","region":"4","program":"Winter","class":"pond","species":"rainbow","hours":"Contact Region 4"}},{"type":"Feature","geometry":{"type":"Point","coordinates":[-83.967853,35.756972]},"properties":{"site":"Pistol Creek","stream":"Pistol Creek","county":"Blount","region":"4","program":"Winter","class":"stream","species":"rainbow","hours":"Contact Region 4"}},{"type":"Feature","geometry":{"type":"Point","coordinates":[-83.968271,35.756662]},"properties":{"site":"Pistol Creek","stream":"Pistol Creek","region":"4","program":"Winter","hours":"Contact Region 4"}},{"type":"Feature","geometry":{"type":"Point","coordinates":[-83.96889,35.756157]},"properties":{"site":"Pistol Creek","stream":"Pistol Creek","county":"Blount","region":"4","program":"Winter","class":"stream","species":"rainbow","hours":"Contact Region 4"}},{"type":"Feature","geometry":{"type":"Point","coordinates":[-83.969582,35.755722]},"properties":{"site":"Pistol Creek","stream":"Pistol Creek","county":"Blount","region":"4","program":"Winter","class":"stream","species":"rainbow","hours":"Contact Region 4"}},{"type":"Feature","geometry":{"type":"Point","coordinates":[-83.970178,35.755216]},"properties":{"site":"Pistol Creek","stream":"Pistol Creek","region":"4","program":"Winter","hours":"Contact Region 4"}},{"type":"Feature","geometry":{"type":"Point","coordinates":[-83.971173,35.754251]},"properties":{"site":"Pistol Creek","stream":"Pistol Creek","county":"Blount","region":"4","program":"Winter","class":"stream","species":"rainbow","hours":"Contact Region 4"}},{"type":"Feature","geometry":{"type":"Point","coordinates":[-83.971018,35.753581]},"properties":{"site":"Pistol Creek","stream":"Pistol Creek","county":"Blount","region":"4","program":"Winter","class":"stream","hours":"Contact Region 4"}},{"type":"Feature","geometry":{"type":"Point","coordinates":[-85.196951,34.999013]},"properties":{"site":"Camp Jordan Park","stream":"Jack Dickert Pond","county":"Hamilton","region":"3","program":"Winter","class":"pond","species":"rainbow","hours":"Contact Region 3"}},{"type":"Feature","geometry":{"type":"Point","coordinates":[-86.308407,36.21886]},"properties":{"site":"Don Fox Community Park","stream":"Sinking Creek","county":"Wilson","region":"2","program":"Winter","class":"stream","species":"rainbow","permit":"No","hours":"Contact Region 2"}},{"type":"Feature","geometry":{"type":"Point","coordinates":[-86.744866,36.271338]},"properties":{"site":"Cedar Hill Park","stream":"Cedar Hill Park Pond","county":"Davidson","region":"2","program":"Winter","class":"pond","species":"rainbow","hours":"Contact Region 2"}},{"type":"Feature","geometry":{"type":"Point","coordinates":[-81.809661,36.477809]},"properties":{"site":"Ralph Stout Park","county":"Johnson","region":"4","program":"Winter","class":"pond","species":"rainbow","hours":"Contact Region 4"}},{"type":"Feature","geometry":{"type":"Point","coordinates":[-85.712877,35.270882]},"properties":{"site":"Grundy Lake #4","stream":"Grundy Lakes","county":"Grundy","region":"3","program":"Winter","class":"pond","species":"rainbow","dh":"No","permit":"No","hours":"8am to 6pm"}},{"type":"Feature","geometry":{"type":"Point","coordinates":[-89.635004,35.536168]},"properties":{"site":"First Baptist Church Covington","stream":"First Baptist Church Covington Pond","county":"Tipton","region":"1","program":"Winter","class":"pond","species":"rainbow","hours":"Contact Region 1"}},{"type":"Feature","geometry":{"type":"Point","coordinates":[-83.486155,36.127183]},"properties":{"site":"Mossy Creek – Old Andrew Johnson Hwy","stream":"Mossy Creek","county":"Jefferson","region":"4","program":"Winter","class":"stream","species":"rainbow","hours":"Contact Region 4"}},{"type":"Feature","geometry":{"type":"Point","coordinates":[-83.48369,36.123015]},"properties":{"site":"Mossy Creek – Walnut Ave","stream":"Mossy Creek","county":"Jefferson","region":"4","program":"Winter","class":"stream","species":"rainbow","hours":"Contact Region 4"}},{"type":"Feature","geometry":{"type":"Point","coordinates":[-83.481525,36.121776]},"properties":{"site":"Mossy Creek – Greenway","stream":"Mossy Creek","county":"Jefferson","region":"4","program":"Winter","class":"stream","species":"rainbow","hours":"Contact Region 4"}},{"type":"Feature","geometry":{"type":"Point","coordinates":[-86.28074,35.191653]},"properties":{"site":"HWY 50","stream":"Elk River","county":"Lincoln","region":"2","program":"Tailwater","class":"stream","species":"brook_brown_rainbow","permit":"No","hours":"24 Hours"}},{"type":"Feature","geometry":{"type":"Point","coordinates":[-86.318785,35.163477]},"properties":{"site":"Farris Creek","stream":"Elk River","county":"Lincoln","region":"2","program":"Tailwater","class":"stream","species":"brook_brown_rainbow","permit":"No","hours":"24 Hours"}},{"type":"Feature","geometry":{"type":"Point","coordinates":[-86.294707,35.466475]},"properties":{"site":"Dement Bridge","stream":"Duck River","county":"Bedford","region":"2","program":"Tailwater","class":"stream","species":"rainbow","permit":"No","hours":"24 Hours"}},{"type":"Feature","geometry":{"type":"Point","coordinates":[-86.257463,35.457668]},"properties":{"site":"Second Bridge","stream":"Duck River","county":"Bedford","region":"2","program":"Tailwater","class":"stream","species":"rainbow","permit":"No","hours":"24 Hours"}},{"type":"Feature","geometry":{"type":"Point","coordinates":[-86.246469,35.463824]},"properties":{"site":"Normandy Dam","stream":"Duck River","county":"Bedford","region":"2","program":"Tailwater","class":"stream","species":"rainbow","permit":"No","hours":"24 Hours"}},{"type":"Feature","geometry":{"type":"Point","coordinates":[-86.325042,35.479953]},"properties":{"site":"Three Forks Bridge","stream":"Duck River","county":"Bedford","region":"2","program":"Tailwater","class":"stream","species":"rainbow","permit":"No","hours":"24 Hours"}},{"type":"Feature","geometry":{"type":"Point","coordinates":[-85.839226,36.147737]},"properties":{"site":"Betty'S Island","stream":"Caney Fork River","county":"Smith","region":"2","program":"Tailwater","class":"stream","species":"rainbow","permit":"No","hours":"24 Hours"}},{"type":"Feature","geometry":{"type":"Point","coordinates":[-85.906543,36.185064]},"properties":{"site":"Gordonsville Boat Ramp","stream":"Caney Fork River","county":"Smith","region":"2","program":"Tailwater","class":"stream","species":"rainbow","permit":"No","hours":"24 Hours"}},{"type":"Feature","geometry":{"type":"Point","coordinates":[-82.126417,36.341222]},"properties":{"site":"Wilbur Dam","stream":"Wilbur Reservoir","county":"Carter","region":"4","program":"Tailwater","class":"reservoir","species":"rainbow","permit":"No","hours":"Sunrise to Sunset"}},{"type":"Feature","geometry":{"type":"Point","coordinates":[-82.1215,36.337583]},"properties":{"site":"Access Area / Picnic Area","stream":"Wilbur Reservoir","county":"Carter","region":"4","program":"Tailwater","class":"reservoir","species":"rainbow","permit":"No","hours":"Sunrise to Sunset"}},{"type":"Feature","geometry":{"type":"Point","coordinates":[-82.126472,36.333556]},"properties":{"site":"Campground Area 3","stream":"Wilbur Reservoir","county":"Carter","region":"4","program":"Tailwater","class":"reservoir","species":"rainbow","permit":"No","hours":"Sunrise to Sunset"}},{"type":"Feature","geometry":{"type":"Point","coordinates":[-83.638244,36.127305]},"properties":{"site":"Nance Ferry","stream":"Cherokee Tailwater","county":"Grainger","region":"4","program":"Tailwater","class":"stream","species":"rainbow_brown","permit":"No","hours":"24 Hours"}},{"type":"Feature","geometry":{"type":"Point","coordinates":[-83.632245,36.144688]},"properties":{"stream":"Cherokee Tailwater","county":"Grainger","region":"4","program":"Tailwater","class":"stream","species":"rainbow_brown","permit":"No","hours":"Contact Region 4"}},{"type":"Feature","geometry":{"type":"Point","coordinates":[-83.589343,36.157024]},"properties":{"stream":"Cherokee Tailwater","county":"Grainger","region":"4","program":"Tailwater","class":"stream","species":"rainbow_brown","permit":"No","hours":"Contact Region 4"}},{"type":"Feature","geometry":{"type":"Point","coordinates":[-83.503911,36.167922]},"properties":{"site":"Hwy. 92 / Cherokee Dam","stream":"Cherokee Tailwater","county":"Jefferson","region":"4","program":"Tailwater","class":"stream","species":"rainbow_brown","permit":"No","hours":"Sunrise to Sunset"}},{"type":"Feature","geometry":{"type":"Point","coordinates":[-82.515845,36.50215]},"properties":{"stream":"Ft. Patrick Henry Tailwater","county":"Sullivan","region":"4","program":"Tailwater","class":"stream","species":"rainbow_brown","permit":"No","hours":"24 Hours"}},{"type":"Feature","geometry":{"type":"Point","coordinates":[-82.536742,36.510775]},"properties":{"stream":"Ft. Patrick Henry Tailwater","county":"Sullivan","region":"4","program":"Tailwater","class":"stream","species":"rainbow_brown","permit":"No","hours":"24 Hours"}},{"type":"Feature","geometry":{"type":"Point","coordinates":[-82.554464,36.529886]},"properties":{"stream":"Ft. Patrick Henry Tailwater","county":"Sullivan","region":"4","program":"Tailwater","class":"stream","species":"rainbow","permit":"No","hours":"Contact Region 4"}},{"type":"Feature","geometry":{"type":"Point","coordinates":[-84.109016,36.207287]},"properties":{"site":"Massengill Bridge","stream":"Norris Tailwater","county":"Anderson","region":"4","program":"Tailwater","class":"stream","species":"brook_brown_rainbow","permit":"No","hours":"Contact Region 4"}},{"type":"Feature","geometry":{"type":"Point","coordinates":[-84.088536,36.204221]},"properties":{"site":"Miller's Island","stream":"Norris Tailwater","county":"Anderson","region":"4","program":"Tailwater","class":"stream","species":"brook_brown_rainbow","permit":"No","hours":"24 Hours"}},{"type":"Feature","geometry":{"type":"Point","coordinates":[-82.090609,36.523072]},"properties":{"site":"South Holston Dam","stream":"South Holston Tailwater","county":"Sullivan","region":"4","program":"Tailwater","class":"stream","species":"rainbow","permit":"No","hours":"Contact Region 4"}},{"type":"Feature","geometry":{"type":"Point","coordinates":[-82.101979,36.522552]},"properties":{"site":"S, Holston Dam Rd.","stream":"South Holston Tailwater","county":"Sullivan","region":"4","program":"Tailwater","class":"stream","species":"rainbow","permit":"No","hours":"Contact Region 4"}},{"type":"Feature","geometry":{"type":"Point","coordinates":[-82.112695,36.526625]},"properties":{"site":"Emmett Bridge","stream":"South Holston Tailwater","county":"Sullivan","region":"4","program":"Tailwater","class":"stream","species":"rainbow","permit":"No","hours":"24 Hours"}},{"type":"Feature","geometry":{"type":"Point","coordinates":[-82.136144,36.515843]},"properties":{"site":"Hickory Tree Bridge","stream":"South Holston Tailwater","county":"Sullivan","region":"4","program":"Tailwater","class":"stream","species":"rainbow","permit":"No","hours":"Contact Region 4"}},{"type":"Feature","geometry":{"type":"Point","coordinates":[-82.161392,36.497652]},"properties":{"stream":"S. Fork Holston River","county":"Sullivan","region":"4","program":"Tailwater","class":"stream","species":"rainbow","permit":"No","hours":"24 Hours"}},{"type":"Feature","geometry":{"type":"Point","coordinates":[-82.234588,36.4659]},"properties":{"stream":"South Holston Tailwater","county":"Sullivan","region":"4","program":"Tailwater","class":"stream","species":"rainbow","permit":"No","hours":"Contact Region 4"}},{"type":"Feature","geometry":{"type":"Point","coordinates":[-84.119316,36.190603]},"properties":{"site":"Peach Orchard access","stream":"Norris Tailwater","county":"Anderson","region":"4","program":"Tailwater","class":"stream","species":"brook_brown_rainbow","permit":"No","hours":"Contact Region 4"}},{"type":"Feature","geometry":{"type":"Point","coordinates":[-82.109546,36.524341]},"properties":{"site":"Osceola Island weir","stream":"South Holston Tailwater","county":"Sullivan","region":"4","program":"Tailwater","class":"stream","species":"rainbow","permit":"No","hours":"24 Hours"}},{"type":"Feature","geometry":{"type":"Point","coordinates":[-82.190939,36.494772]},"properties":{"site":"Riverside Rd.","stream":"South Holston Tailwater","county":"Sullivan","region":"4","program":"Tailwater","class":"stream","species":"rainbow","permit":"No","hours":"Contact Region 4"}},{"type":"Feature","geometry":{"type":"Point","coordinates":[-82.194484,36.49168]},"properties":{"site":"Big Springs Rd.","stream":"South Holston Tailwater","county":"Sullivan","region":"4","program":"Tailwater","class":"stream","species":"rainbow","permit":"No","hours":"Contact Region 4"}},{"type":"Feature","geometry":{"type":"Point","coordinates":[-82.195399,36.486668]},"properties":{"site":"Webb Bridge","stream":"South Holston Tailwater","county":"Sullivan","region":"4","program":"Tailwater","class":"stream","species":"rainbow","permit":"No","hours":"Contact Region 4"}},{"type":"Feature","geometry":{"type":"Point","coordinates":[-82.20011,36.485463]},"properties":{"site":"Weaver Pike Bridge","stream":"South Holston Tailwater","county":"Sullivan","region":"4","program":"Tailwater","class":"stream","species":"rainbow","permit":"No","hours":"Contact Region 4"}},{"type":"Feature","geometry":{"type":"Point","coordinates":[-82.154622,36.351073]},"properties":{"site":"Siam Bridge","stream":"Wilbur Tailwater","county":"Carter","region":"4","program":"Tailwater","class":"stream","species":"rainbow","permit":"No","hours":"24 Hours"}},{"type":"Feature","geometry":{"type":"Point","coordinates":[-82.153201,36.36601]},"properties":{"stream":"Wilbur Tailwater","county":"Carter","region":"4","program":"Tailwater","class":"stream","species":"rainbow","permit":"No","hours":"Contact Region 4"}},{"type":"Feature","geometry":{"type":"Point","coordinates":[-82.168387,36.368061]},"properties":{"site":"Hunter Bridge","stream":"Wilbur Tailwater","county":"Carter","region":"4","program":"Tailwater","class":"stream","species":"rainbow","permit":"No","hours":"24 Hours"}},{"type":"Feature","geometry":{"type":"Point","coordinates":[-82.174702,36.36431]},"properties":{"stream":"Wilbur Tailwater","county":"Carter","region":"4","program":"Tailwater","class":"stream","species":"rainbow","permit":"No","hours":"Contact Region 4"}},{"type":"Feature","geometry":{"type":"Point","coordinates":[-82.207116,36.35486]},"properties":{"site":"New Hwy. 19E bridge","stream":"Wilbur Tailwater","county":"Carter","region":"4","program":"Tailwater","class":"stream","species":"rainbow","permit":"No","hours":"24 Hours"}},{"type":"Feature","geometry":{"type":"Point","coordinates":[-82.223312,36.356372]},"properties":{"site":"Old Hwy. 19E bridge","stream":"Wilbur Tailwater","county":"Carter","region":"4","program":"Tailwater","class":"stream","species":"rainbow","permit":"No","hours":"24 Hours"}},{"type":"Feature","geometry":{"type":"Point","coordinates":[-82.255066,36.346895]},"properties":{"stream":"Wilbur Tailwater","county":"Carter","region":"4","program":"Tailwater","class":"stream","species":"rainbow","permit":"No","hours":"Contact Region 4"}},{"type":"Feature","geometry":{"type":"Point","coordinates":[-82.270437,36.334058]},"properties":{"site":"Blevins Bend","stream":"Wilbur Tailwater","county":"Carter","region":"4","program":"Tailwater","class":"stream","species":"rainbow","permit":"No","hours":"24 Hours"}},{"type":"Feature","geometry":{"type":"Point","coordinates":[-82.286851,36.345935]},"properties":{"stream":"Wilbur Tailwater","county":"Carter","region":"4","program":"Tailwater","class":"stream","species":"rainbow","permit":"No","hours":"Contact Region 4"}},{"type":"Feature","geometry":{"type":"Point","coordinates":[-82.293866,36.360826]},"properties":{"stream":"Wilbur Tailwater","county":"Carter","region":"4","program":"Tailwater","class":"stream","species":"rainbow","permit":"No","hours":"Contact Region 4"}},{"type":"Feature","geometry":{"type":"Point","coordinates":[-82.298131,36.369566]},"properties":{"site":"Hwy. 400 bridge","stream":"Wilbur Tailwater","county":"Carter","region":"4","program":"Tailwater","class":"stream","species":"rainbow","permit":"No","hours":"24 Hours"}},{"type":"Feature","geometry":{"type":"Point","coordinates":[-82.319792,36.384118]},"properties":{"site":"Herb Hodge Rd. bridge","stream":"Wilbur Tailwater","county":"Carter","region":"4","program":"Tailwater","class":"stream","species":"rainbow","permit":"No","hours":"Contact Region 4"}},{"type":"Feature","geometry":{"type":"Point","coordinates":[-82.460535,36.461146]},"properties":{"stream":"Boone Tailwater","county":"Sullivan","region":"4","program":"Tailwater","class":"stream","species":"rainbow_brown","permit":"No","hours":"Contact Region 4"}},{"type":"Feature","geometry":{"type":"Point","coordinates":[-84.074413,36.212053]},"properties":{"site":"Clear Creek","stream":"Norris Tailwater","county":"Anderson","region":"4","program":"Tailwater","class":"stream","species":"brook_brown_rainbow","permit":"No","hours":"24 Hours"}},{"type":"Feature","geometry":{"type":"Point","coordinates":[-85.831847,36.100199]},"properties":{"site":"Long Branch Recreation Area","stream":"Caney Fork River","county":"Dekalb","region":"3","program":"Tailwater","class":"stream","species":"rainbow","hours":"Contact Region 3"}},{"type":"Feature","geometry":{"type":"Point","coordinates":[-85.807255,36.13161]},"properties":{"site":"Happy Hollow","stream":"Caney Fork River","county":"Putnam","region":"3","program":"Tailwater","class":"stream","species":"brook_brown_rainbow","hours":"Contact Region 3"}},{"type":"Feature","geometry":{"type":"Point","coordinates":[-85.457333,36.5368]},"properties":{"site":"Dale Hollow Dam Recreation Area","stream":"Obey River","county":"Clay","region":"3","program":"Tailwater","class":"stream","species":"brook_brown_rainbow","hours":"Contact Region 3"}},{"type":"Feature","geometry":{"type":"Point","coordinates":[-84.651444,35.09573]},"properties":{"site":"Parksville Dam","stream":"Parksville Lake Tailwater","county":"Polk","region":"3","program":"Tailwater","class":"stream","species":"rainbow","hours":"Sunrise to Sunset"}},{"type":"Feature","geometry":{"type":"Point","coordinates":[-85.829074,36.100324]},"properties":{"site":"Buffalo Valley Recreation Area","stream":"Caney Fork River","county":"Dekalb","region":"3","program":"Tailwater","class":"stream","species":"brook_brown_rainbow","hours":"Contact Region 3"}},{"type":"Feature","geometry":{"type":"Point","coordinates":[-84.444787,35.181106]},"properties":{"site":"Powerhouse Boat Ramp","stream":"Hiwassee River","county":"Polk","region":"3","program":"Tailwater","class":"stream","species":"brook_brown_rainbow","hours":"Contact Region 3"}},{"type":"Feature","geometry":{"type":"Point","coordinates":[-84.466899,35.200366]},"properties":{"site":"Big Bend Recreation Area","stream":"Hiwassee River","county":"Polk","region":"3","program":"Tailwater","class":"stream","species":"brook_brown_rainbow","hours":"Contact Region 3"}},{"type":"Feature","geometry":{"type":"Point","coordinates":[-84.447498,35.191507]},"properties":{"site":"Fox'S Cabin","stream":"Hiwassee River","county":"Polk","region":"3","program":"Tailwater","class":"stream","species":"brook_brown_rainbow","hours":"Contact Region 3"}},{"type":"Feature","geometry":{"type":"Point","coordinates":[-84.497151,35.187838]},"properties":{"site":"Railroad Trestle","stream":"Hiwassee River","county":"Polk","region":"3","program":"Tailwater","class":"stream","species":"brook_brown_rainbow","hours":"Contact Region 3"}},{"type":"Feature","geometry":{"type":"Point","coordinates":[-84.563519,35.239807]},"properties":{"site":"Hwy 411 Bridge","stream":"Hiwassee River","county":"Polk","region":"3","program":"Tailwater","class":"stream","species":"rainbow","hours":"Contact Region 3"}},{"type":"Feature","geometry":{"type":"Point","coordinates":[-84.46114,35.197614]},"properties":{"stream":"Hiwassee River","county":"Polk","region":"3","program":"Tailwater","class":"stream","species":"brook_brown_rainbow","hours":"Contact Region 3"}},{"type":"Feature","geometry":{"type":"Point","coordinates":[-84.550144,35.233136]},"properties":{"site":"Hiwassee State Park","stream":"Hiwassee River","county":"Polk","region":"3","program":"Tailwater","class":"stream","species":"rainbow","hours":"Contact Region 3"}},{"type":"Feature","geometry":{"type":"Point","coordinates":[-84.011387,35.556711]},"properties":{"stream":"Chilhowee Reservoir","county":"Blount","region":"4","program":"Reservoir","class":"reservoir","species":"rainbow","permit":"No","hours":"24 Hours"}},{"type":"Feature","geometry":{"type":"Point","coordinates":[-82.066113,36.321076]},"properties":{"site":"Lakeshore Marina","stream":"Watauga Reservoir","county":"Carter","region":"4","program":"Reservoir","class":"reservoir","species":"rainbow_brown","permit":"No","hours":"Other"}},{"type":"Feature","geometry":{"type":"Point","coordinates":[-81.995969,36.31488]},"properties":{"site":"Campbell Rd.","stream":"Watauga Reservoir","county":"Carter","region":"4","program":"Reservoir","class":"reservoir","species":"rainbow_brown","permit":"No","hours":"Contact Region 4"}},{"type":"Feature","geometry":{"type":"Point","coordinates":[-82.484711,36.501251]},"properties":{"stream":"Ft. Patrick Henry Reservoir","county":"Sullivan","region":"4","program":"Reservoir","class":"reservoir","species":"rainbow_brown","permit":"No","hours":"Contact Region 4"}},{"type":"Feature","geometry":{"type":"Point","coordinates":[-82.042155,36.559151]},"properties":{"site":"Hwy. 421 boat ramp","stream":"South Holston Reservoir","county":"Sullivan","region":"4","program":"Reservoir","class":"reservoir","species":"rainbow_brown","permit":"No","hours":"24 Hours"}},{"type":"Feature","geometry":{"type":"Point","coordinates":[-83.980615,35.493651]},"properties":{"stream":"Calderwood Reservoir","county":"Blount","region":"4","program":"Reservoir","class":"reservoir","species":"rainbow","permit":"No","hours":"Contact Region 4"}},{"type":"Feature","geometry":{"type":"Point","coordinates":[-82.080891,36.530123]},"properties":{"site":"Lakeview Marina","stream":"South Holston Reservoir","county":"Sullivan","region":"4","program":"Reservoir","class":"reservoir","species":"rainbow_brown","permit":"No","hours":"Contact Region 4"}},{"type":"Feature","geometry":{"type":"Point","coordinates":[-82.014984,36.599315]},"properties":{"stream":"South Holston Reservoir","county":"Washington","region":"4","program":"Reservoir","class":"reservoir","species":"rainbow_brown","permit":"No","hours":"Contact Region 4"}},{"type":"Feature","geometry":{"type":"Point","coordinates":[-82.118944,36.304708]},"properties":{"site":"Rat Branch boat ramp","stream":"Watauga Reservoir","county":"Carter","region":"4","program":"Reservoir","class":"reservoir","species":"rainbow_brown","permit":"No","hours":"24 Hours"}},{"type":"Feature","geometry":{"type":"Point","coordinates":[-82.117054,36.320912]},"properties":{"stream":"Watauga Reservoir","county":"Carter","region":"4","program":"Reservoir","class":"reservoir","species":"rainbow_brown","permit":"No","hours":"Contact Region 4"}},{"type":"Feature","geometry":{"type":"Point","coordinates":[-82.480967,36.491231]},"properties":{"site":"Warrior's Path State Park","stream":"Ft. Patrick Henry Reservoir","county":"Sullivan","region":"4","program":"Reservoir","class":"reservoir","species":"rainbow_brown","permit":"No","hours":"Contact Region 4"}},{"type":"Feature","geometry":{"type":"Point","coordinates":[-83.946822,35.455391]},"properties":{"stream":"Calderwood Reservoir","county":"Blount","region":"4","program":"Reservoir","class":"reservoir","species":"rainbow","permit":"No","hours":"Contact Region 4"}},{"type":"Feature","geometry":{"type":"Point","coordinates":[-84.005213,35.508584]},"properties":{"stream":"Chilhowee Reservoir","county":"Blount","region":"4","program":"Reservoir","class":"reservoir","species":"rainbow","permit":"No","hours":"Contact Region 4"}},{"type":"Feature","geometry":{"type":"Point","coordinates":[-84.06598,35.547122]},"properties":{"stream":"Tellico Reservoir","county":"Blount","region":"4","program":"Reservoir","class":"reservoir","species":"rainbow","permit":"No","hours":"24 Hours"}},{"type":"Feature","geometry":{"type":"Point","coordinates":[-83.993622,35.524518]},"properties":{"stream":"Chilhowee Reservoir","county":"Blount","region":"4","program":"Reservoir","class":"reservoir","permit":"No","hours":"24 Hours"}},{"type":"Feature","geometry":{"type":"Point","coordinates":[-83.998611,35.555501]},"properties":{"stream":"Chilhowee Reservoir","county":"Blount","region":"4","program":"Reservoir","class":"reservoir","species":"rainbow","permit":"No","hours":"Contact Region 4"}},{"type":"Feature","geometry":{"type":"Point","coordinates":[-84.091945,35.552035]},"properties":{"stream":"Tellico Reservoir","county":"Blount","region":"4","program":"Reservoir","class":"reservoir","species":"rainbow","permit":"No","hours":"24 Hours"}},{"type":"Feature","geometry":{"type":"Point","coordinates":[-84.109894,35.556346]},"properties":{"site":"Tellico (upper)","stream":"Tellico","region":"3","program":"Reservoir","class":"reservoir","species":"rainbow","hours":"Contact Region 3"}},{"type":"Feature","geometry":{"type":"Point","coordinates":[-83.403053,36.21218]},"properties":{"site":"Panther Creek #1","stream":"Panther Creek","county":"Hamblen","region":"4","program":"Spring","class":"stream","species":"rainbow","permit":"No","hours":"7:00 AM to dusk"}},{"type":"Feature","geometry":{"type":"Point","coordinates":[-83.403276,36.212884]},"properties":{"site":"Panther Creek #2","stream":"Panther Creek","county":"Hamblen","region":"4","program":"Spring","class":"stream","species":"rainbow","permit":"No","hours":"7:00 AM to dusk"}},{"type":"Feature","geometry":{"type":"Point","coordinates":[-83.403849,36.213481]},"properties":{"site":"Panther Creek #4","stream":"Panther Creek","county":"Hamblen","region":"4","program":"Spring","class":"stream","species":"rainbow","permit":"No","hours":"7:00 AM to dusk"}},{"type":"Feature","geometry":{"type":"Point","coordinates":[-83.506695,36.339997]},"properties":{"site":"Puncheon Camp Creek #2","stream":"Puncheon Camp Creek","county":"Grainger","region":"4","program":"Spring","class":"stream","species":"rainbow","permit":"No","hours":"Contact Region 4"}},{"type":"Feature","geometry":{"type":"Point","coordinates":[-83.510858,36.344085]},"properties":{"site":"Puncheon Camp Creek #6","stream":"Puncheon Camp Creek","county":"Grainger","region":"4","program":"Spring","class":"stream","species":"rainbow","permit":"No","hours":"Contact Region 4"}},{"type":"Feature","geometry":{"type":"Point","coordinates":[-83.125926,36.51916]},"properties":{"site":"Richardson \"Byrd\" Creek #1","stream":"Richardson \"Byrd\" Creek","county":"Hancock","region":"4","program":"Spring","class":"stream","species":"rainbow","permit":"No","hours":"Contact Region 4"}},{"type":"Feature","geometry":{"type":"Point","coordinates":[-83.12647,36.520604]},"properties":{"site":"Richardson \"Byrd\" Creek #2","stream":"Richardson \"Byrd\" Creek","county":"Hancock","region":"4","program":"Spring","class":"stream","species":"rainbow","permit":"No","hours":"Contact Region 4"}},{"type":"Feature","geometry":{"type":"Point","coordinates":[-83.126511,36.521052]},"properties":{"site":"Richardson \"Byrd\" Creek #3","stream":"Richardson \"Byrd\" Creek","county":"Hancock","region":"4","program":"Spring","class":"stream","species":"rainbow","permit":"No","hours":"Contact Region 4"}},{"type":"Feature","geometry":{"type":"Point","coordinates":[-83.130011,36.527501]},"properties":{"site":"Richardson \"Byrd\" Creek #5","stream":"Richardson \"Byrd\" Creek","county":"Hancock","region":"4","program":"Spring","class":"stream","species":"rainbow","permit":"No","hours":"Contact Region 4"}},{"type":"Feature","geometry":{"type":"Point","coordinates":[-83.133196,36.529412]},"properties":{"site":"Richardson \"Byrd\" Creek #6","stream":"Richardson \"Byrd\" Creek","county":"Hancock","region":"4","program":"Spring","class":"stream","species":"rainbow","permit":"No","hours":"Contact Region 4"}},{"type":"Feature","geometry":{"type":"Point","coordinates":[-83.132132,36.53096]},"properties":{"site":"Richardson \"Byrd\" Creek #7 - End","stream":"Richardson \"Byrd\" Creek","county":"Hancock","region":"4","program":"Spring","class":"stream","species":"rainbow","permit":"No","hours":"Contact Region 4"}},{"type":"Feature","geometry":{"type":"Point","coordinates":[-83.083437,35.821166]},"properties":{"site":"Gulf Fork Big Creek #4","stream":"Gulf Fork Big Creek","county":"Cocke","region":"4","program":"Spring","class":"stream","species":"rainbow","permit":"No","hours":"Contact Region 4"}},{"type":"Feature","geometry":{"type":"Point","coordinates":[-83.002175,35.870283]},"properties":{"site":"Trail Fork Big Creek #1","stream":"Trail Fork Big Creek","county":"Cocke","region":"4","program":"Spring","class":"stream","species":"rainbow","permit":"No","hours":"Contact Region 4"}}]}
